low,high,open,close,volume,year,month,day,weekday,days
4.5,4.9375,4.8125,4.5,16082400,1997,6,13,5,10025
4.5,4.59375,4.5625,4.5,1424000,1997,6,16,1,10028
4.40625,4.53125,4.5,4.53125,1881600,1997,6,17,2,10029
4.40625,4.53125,4.5,4.5,636800,1997,6,18,3,10030
4.3125,4.4375,4.4375,4.34375,927600,1997,6,19,4,10031
4.375,4.53125,4.40625,4.53125,598000,1997,6,20,5,10032
4.40625,4.5,4.5,4.40625,293600,1997,6,23,1,10035
4.34375,4.4375,4.4375,4.34375,184000,1997,6,24,2,10036
4.34375,4.46875,4.375,4.4375,531200,1997,6,25,3,10037
4.375,4.46875,4.4375,4.40625,118400,1997,6,26,4,10038
4.375,4.46875,4.40625,4.46875,388400,1997,6,27,5,10039
4.25,4.5,4.40625,4.46875,455600,1997,6,30,1,10042
4.46875,4.640625,4.46875,4.59375,117600,1997,7,1,2,10043
4.65625,4.8125,4.65625,4.8125,576800,1997,7,2,3,10044
4.75,4.78125,4.78125,4.78125,500000,1997,7,3,4,10045
4.765625,4.8125,4.78125,4.78125,174400,1997,7,7,1,10049
4.875,4.9375,4.875,4.90625,392000,1997,7,8,2,10050
4.96875,5.15625,4.96875,5.15625,470000,1997,7,9,3,10051
5.1875,5.8125,5.1875,5.5,925600,1997,7,10,4,10052
5.375,5.5,5.5,5.375,140800,1997,7,11,5,10053
5.40625,5.5,5.4375,5.5,589600,1997,7,14,1,10056
5.5,5.625,5.5,5.59375,124400,1997,7,15,2,10057
5.5625,5.65625,5.640625,5.625,773600,1997,7,16,3,10058
5.625,5.9375,5.65625,5.875,556800,1997,7,17,4,10059
5.71875,5.8125,5.8125,5.78125,180400,1997,7,18,5,10060
5.75,5.8125,5.78125,5.78125,132800,1997,7,21,1,10063
5.703125,5.765625,5.765625,5.734375,262400,1997,7,22,2,10064
5.703125,6.125,5.71875,6.0,252000,1997,7,23,3,10065
6.015625,6.09375,6.0625,6.015625,96000,1997,7,24,4,10066
5.9375,6.046875,6.015625,6.046875,49600,1997,7,25,5,10067
5.9375,6.0625,6.0625,5.9375,14400,1997,7,28,1,10070
5.84375,5.90625,5.90625,5.84375,8400,1997,7,29,2,10071
5.734375,5.828125,5.8125,5.734375,27200,1997,7,30,3,10072
5.65625,5.78125,5.71875,5.78125,432400,1997,7,31,4,10073
5.6875,5.8125,5.8125,5.78125,160000,1997,8,1,5,10074
5.75,5.84375,5.75,5.84375,78800,1997,8,4,1,10077
5.84375,5.90625,5.859375,5.90625,22000,1997,8,5,2,10078
5.9375,6.0625,5.9375,6.0625,277600,1997,8,6,3,10079
5.859375,6.0,6.0,5.9375,281600,1997,8,7,4,10080
5.6875,5.90625,5.90625,5.8125,116800,1997,8,8,5,10081
5.78125,5.8125,5.796875,5.78125,12400,1997,8,11,1,10084
5.75,5.8125,5.8125,5.75,29200,1997,8,12,2,10085
5.65625,5.75,5.75,5.65625,15600,1997,8,13,3,10086
5.59375,5.640625,5.640625,5.59375,87200,1997,8,14,4,10087
5.375,5.578125,5.578125,5.375,59600,1997,8,15,5,10088
5.0625,5.5,5.4375,5.25,210000,1997,8,18,1,10091
5.15625,5.21875,5.21875,5.1875,136400,1997,8,19,2,10092
5.1875,5.21875,5.1875,5.1875,32800,1997,8,20,3,10093
5.171875,5.375,5.1875,5.375,152000,1997,8,21,4,10094
5.375,5.53125,5.375,5.46875,339600,1997,8,22,5,10095
5.5,5.59375,5.5,5.59375,46000,1997,8,25,1,10098
5.5625,5.75,5.5625,5.734375,70800,1997,8,26,2,10099
5.71875,5.78125,5.75,5.78125,47200,1997,8,27,3,10100
5.6875,5.75,5.75,5.734375,20000,1997,8,28,4,10101
5.71875,5.75,5.75,5.71875,17600,1997,8,29,5,10102
5.75,5.75,5.75,5.75,2800,1997,9,2,2,10106
5.71875,5.875,5.71875,5.875,32800,1997,9,3,3,10107
5.84375,5.890625,5.84375,5.890625,11200,1997,9,4,4,10108
5.890625,5.9375,5.921875,5.921875,16800,1997,9,5,5,10109
6.0,6.375,6.0,6.3125,133600,1997,9,8,1,10112
6.25,6.5625,6.28125,6.5625,265200,1997,9,9,2,10113
6.5,6.671875,6.5625,6.671875,73200,1997,9,10,3,10114
6.53125,6.703125,6.703125,6.5625,62000,1997,9,11,4,10115
6.5625,7.0,6.5625,6.984375,200000,1997,9,12,5,10116
6.78125,7.015625,7.015625,6.8125,425200,1997,9,15,1,10119
6.65625,6.8125,6.8125,6.65625,39600,1997,9,16,2,10120
6.71875,6.78125,6.75,6.75,120000,1997,9,17,3,10121
6.75,6.828125,6.78125,6.8125,306800,1997,9,18,4,10122
6.78125,6.96875,6.78125,6.96875,109600,1997,9,19,5,10123
7.0625,7.28125,7.0625,7.28125,80800,1997,9,22,1,10126
7.34375,7.625,7.34375,7.625,111600,1997,9,23,2,10127
7.625,8.21875,7.625,8.109375,306000,1997,9,24,3,10128
7.609375,7.8125,7.75,7.734375,427600,1997,9,25,4,10129
7.3125,7.734375,7.734375,7.3125,263600,1997,9,26,5,10130
7.15625,7.3125,7.28125,7.234375,110800,1997,9,29,1,10133
7.21875,7.25,7.234375,7.234375,451600,1997,9,30,2,10134
6.875,7.25,7.25,6.875,298400,1997,10,1,3,10135
6.859375,7.0625,6.859375,7.0625,70000,1997,10,2,4,10136
7.09375,7.25,7.09375,7.25,173600,1997,10,3,5,10137
7.28125,7.421875,7.28125,7.421875,278000,1997,10,6,1,10140
7.40625,7.59375,7.40625,7.59375,410400,1997,10,7,2,10141
7.5625,7.59375,7.578125,7.578125,50800,1997,10,8,3,10142
7.46875,7.546875,7.546875,7.46875,144800,1997,10,9,4,10143
7.4375,7.546875,7.4375,7.546875,9600,1997,10,10,5,10144
7.609375,7.625,7.609375,7.609375,3600,1997,10,13,1,10147
7.625,7.640625,7.625,7.640625,4800,1997,10,14,2,10148
7.640625,7.890625,7.640625,7.890625,39200,1997,10,15,3,10149
7.75,7.96875,7.90625,7.75,46400,1997,10,16,4,10150
7.4375,7.71875,7.71875,7.4375,54400,1997,10,17,5,10151
7.453125,7.5,7.5,7.484375,49200,1997,10,20,1,10154
7.4375,7.5,7.4375,7.5,66000,1997,10,21,2,10155
7.46875,7.484375,7.46875,7.484375,17600,1997,10,22,3,10156
7.375,7.4375,7.4375,7.390625,16800,1997,10,23,4,10157
7.34375,7.40625,7.40625,7.34375,6400,1997,10,24,5,10158
6.71875,7.3125,7.3125,6.71875,124400,1997,10,27,1,10161
6.53125,6.625,6.59375,6.625,86000,1997,10,28,2,10162
6.625,7.125,6.625,7.125,86000,1997,10,29,3,10163
6.984375,7.03125,7.0,6.984375,82400,1997,10,30,4,10164
6.984375,7.0,6.984375,7.0,4400,1997,10,31,5,10165
6.96875,7.0625,7.0,6.96875,183200,1997,11,3,1,10168
6.9375,7.0,6.984375,6.984375,104000,1997,11,4,2,10169
6.9375,6.984375,6.96875,6.9375,9200,1997,11,5,3,10170
6.9375,6.9375,6.9375,6.9375,400,1997,11,6,4,10171
6.875,6.890625,6.875,6.890625,55600,1997,11,7,5,10172
6.84375,6.875,6.859375,6.859375,8800,1997,11,10,1,10175
6.46875,6.75,6.75,6.5,184000,1997,11,11,2,10176
6.46875,6.8125,6.46875,6.75,97600,1997,11,12,3,10177
6.625,6.78125,6.765625,6.6875,59600,1997,11,13,4,10178
6.65625,6.71875,6.71875,6.65625,113600,1997,11,14,5,10179
6.71875,6.75,6.75,6.75,218400,1997,11,17,1,10182
6.6875,6.734375,6.734375,6.703125,667200,1997,11,18,2,10183
6.625,6.703125,6.703125,6.671875,110800,1997,11,19,3,10184
6.5,6.671875,6.671875,6.5625,34800,1997,11,20,4,10185
6.53125,6.734375,6.6875,6.5625,199600,1997,11,21,5,10186
6.40625,6.5,6.5,6.46875,39200,1997,11,24,1,10189
5.875,6.34375,6.34375,6.0,294800,1997,11,25,2,10190
5.921875,6.0,5.96875,5.96875,53200,1997,11,26,3,10191
6.0,6.0625,6.0,6.03125,20800,1997,11,28,5,10193
5.640625,5.96875,5.96875,5.875,186800,1997,12,1,1,10196
5.859375,5.921875,5.90625,5.859375,30400,1997,12,2,2,10197
5.921875,6.09375,5.921875,6.078125,880400,1997,12,3,3,10198
6.046875,6.109375,6.109375,6.046875,38000,1997,12,4,4,10199
6.03125,6.1875,6.03125,6.171875,148000,1997,12,5,5,10200
6.09375,6.140625,6.125,6.125,382000,1997,12,8,1,10203
6.0625,6.125,6.125,6.0625,118000,1997,12,9,2,10204
5.953125,6.03125,6.03125,5.953125,6400,1997,12,10,3,10205
5.84375,5.953125,5.953125,5.84375,74400,1997,12,11,4,10206
5.625,5.78125,5.78125,5.65625,69600,1997,12,12,5,10207
5.640625,5.65625,5.65625,5.640625,4800,1997,12,15,1,10210
5.5625,6.0,5.6875,6.0,142000,1997,12,16,2,10211
6.03125,6.125,6.046875,6.0625,43200,1997,12,17,3,10212
6.0,6.09375,6.0625,6.09375,87600,1997,12,18,4,10213
5.9375,6.03125,6.03125,5.9375,21600,1997,12,19,5,10214
5.9375,5.9375,5.9375,5.9375,20400,1997,12,22,1,10217
5.78125,5.875,5.875,5.78125,14400,1997,12,23,2,10218
5.78125,5.78125,5.78125,5.78125,1600,1997,12,24,3,10219
5.8125,5.828125,5.8125,5.828125,8000,1997,12,26,5,10221
5.8125,5.84375,5.8125,5.84375,4000,1997,12,29,1,10224
5.828125,5.90625,5.84375,5.90625,32400,1997,12,30,2,10225
5.9375,6.0625,5.96875,6.046875,161600,1997,12,31,3,10226
6.046875,6.25,6.046875,6.21875,33600,1998,1,2,5,10228
6.25,6.28125,6.25,6.28125,21600,1998,1,5,1,10231
6.375,6.65625,6.375,6.65625,106000,1998,1,6,2,10232
6.25,6.625,6.625,6.28125,101600,1998,1,7,3,10233
6.25,6.25,6.25,6.25,145200,1998,1,8,4,10234
6.265625,6.265625,6.265625,6.265625,4000,1998,1,9,5,10235
6.125,6.171875,6.171875,6.125,32800,1998,1,12,1,10238
6.125,6.140625,6.125,6.125,48800,1998,1,13,2,10239
6.0625,6.125,6.125,6.125,333200,1998,1,14,3,10240
5.9375,6.015625,5.96875,6.015625,88800,1998,1,15,4,10241
6.015625,6.0625,6.015625,6.03125,261600,1998,1,16,5,10242
6.09375,6.1875,6.09375,6.1875,20000,1998,1,20,2,10246
6.140625,6.15625,6.15625,6.140625,14800,1998,1,21,3,10247
6.15625,6.15625,6.15625,6.15625,4800,1998,1,22,4,10248
6.0625,6.125,6.125,6.0625,14000,1998,1,23,5,10249
6.09375,6.375,6.09375,6.25,74000,1998,1,26,1,10252
6.296875,6.34375,6.296875,6.34375,6400,1998,1,27,2,10253
6.28125,6.421875,6.3125,6.375,48400,1998,1,28,3,10254
6.375,6.375,6.375,6.375,7600,1998,1,29,4,10255
6.375,6.484375,6.375,6.484375,23200,1998,1,30,5,10256
6.5,6.84375,6.5,6.8125,240400,1998,2,2,1,10259
6.65625,6.875,6.8125,6.65625,94400,1998,2,3,2,10260
6.46875,6.671875,6.65625,6.46875,334800,1998,2,4,3,10261
6.4375,6.5625,6.46875,6.4375,78000,1998,2,5,4,10262
6.4375,6.5,6.5,6.4375,18800,1998,2,6,5,10263
6.40625,6.40625,6.40625,6.40625,6000,1998,2,9,1,10266
6.40625,6.4375,6.40625,6.4375,87600,1998,2,10,2,10267
6.421875,6.5,6.453125,6.421875,50400,1998,2,11,3,10268
6.25,6.375,6.328125,6.375,385200,1998,2,12,4,10269
6.375,6.40625,6.40625,6.375,10400,1998,2,13,5,10270
6.34375,6.375,6.375,6.34375,89600,1998,2,17,2,10274
6.328125,6.328125,6.328125,6.328125,1200,1998,2,18,3,10275
6.3125,6.328125,6.328125,6.328125,66000,1998,2,19,4,10276
6.265625,6.34375,6.296875,6.265625,28000,1998,2,20,5,10277
6.234375,6.28125,6.234375,6.28125,12400,1998,2,23,1,10280
6.25,6.296875,6.296875,6.25,16800,1998,2,24,2,10281
6.1875,6.28125,6.25,6.25,38800,1998,2,25,3,10282
6.15625,6.265625,6.265625,6.15625,9200,1998,2,26,4,10283
6.125,6.15625,6.15625,6.125,33600,1998,2,27,5,10284
5.875,6.125,6.125,5.875,27600,1998,3,2,1,10287
5.75,5.875,5.875,5.75,132800,1998,3,3,2,10288
5.875,6.25,5.875,6.1875,944400,1998,3,4,3,10289
6.1875,6.453125,6.1875,6.40625,85600,1998,3,5,4,10290
6.4375,6.5,6.4375,6.5,44000,1998,3,6,5,10291
6.53125,6.75,6.53125,6.75,137600,1998,3,9,1,10294
6.75,7.078125,6.75,6.875,226000,1998,3,10,2,10295
6.65625,6.9375,6.921875,6.703125,114800,1998,3,11,3,10296
6.625,6.671875,6.65625,6.625,105200,1998,3,12,4,10297
6.6875,6.8125,6.6875,6.78125,63600,1998,3,13,5,10298
6.875,7.125,6.875,7.125,164800,1998,3,16,1,10301
7.0625,7.15625,7.125,7.125,47600,1998,3,17,2,10302
7.09375,7.28125,7.09375,7.25,121600,1998,3,18,3,10303
7.296875,7.40625,7.3125,7.40625,309600,1998,3,19,4,10304
7.375,7.734375,7.375,7.671875,53200,1998,3,20,5,10305
7.5,7.640625,7.640625,7.5,106400,1998,3,23,1,10308
7.5,7.546875,7.53125,7.5,22000,1998,3,24,2,10309
7.625,7.71875,7.625,7.71875,36400,1998,3,25,3,10310
7.609375,7.75,7.734375,7.609375,51600,1998,3,26,4,10311
7.5,7.59375,7.59375,7.5,19200,1998,3,27,5,10312
7.46875,7.515625,7.5,7.46875,14800,1998,3,30,1,10315
7.46875,7.5,7.5,7.484375,12800,1998,3,31,2,10316
7.421875,7.515625,7.515625,7.421875,22000,1998,4,1,3,10317
7.28125,7.40625,7.375,7.40625,33200,1998,4,2,4,10318
7.265625,7.375,7.375,7.296875,40800,1998,4,3,5,10319
7.34375,7.390625,7.34375,7.34375,35200,1998,4,6,1,10322
7.25,7.296875,7.28125,7.296875,226800,1998,4,7,2,10323
7.15625,7.28125,7.265625,7.15625,82800,1998,4,8,3,10324
7.0625,7.125,7.125,7.0625,12000,1998,4,9,4,10325
6.96875,7.0625,7.0625,7.0,14000,1998,4,13,1,10329
7.03125,7.125,7.03125,7.09375,24000,1998,4,14,2,10330
7.15625,7.359375,7.15625,7.359375,37200,1998,4,15,3,10331
7.21875,7.28125,7.21875,7.28125,30400,1998,4,16,4,10332
7.3125,7.328125,7.3125,7.3125,23600,1998,4,17,5,10333
7.3125,7.375,7.328125,7.375,10000,1998,4,20,1,10336
7.3125,7.4375,7.34375,7.375,27200,1998,4,21,2,10337
7.3125,7.375,7.359375,7.3125,5200,1998,4,22,3,10338
7.28125,7.34375,7.34375,7.296875,3200,1998,4,23,4,10339
7.125,7.265625,7.25,7.15625,19600,1998,4,24,5,10340
6.921875,7.09375,7.09375,6.921875,25600,1998,4,27,1,10343
6.90625,6.953125,6.921875,6.90625,2800,1998,4,28,2,10344
6.90625,6.96875,6.90625,6.96875,8400,1998,4,29,3,10345
7.0,8.0,7.0,7.875,367600,1998,4,30,4,10346
7.5,8.140625,7.8125,7.5,273200,1998,5,1,5,10347
7.3125,7.5625,7.546875,7.3125,132400,1998,5,4,1,10350
7.34375,7.421875,7.34375,7.421875,115200,1998,5,5,2,10351
7.421875,7.453125,7.453125,7.4375,12800,1998,5,6,3,10352
7.375,7.40625,7.40625,7.375,8800,1998,5,7,4,10353
7.109375,7.34375,7.34375,7.125,105600,1998,5,8,5,10354
7.09375,7.125,7.09375,7.09375,37200,1998,5,11,1,10357
6.953125,7.078125,7.078125,6.953125,93200,1998,5,12,2,10358
6.78125,6.90625,6.90625,6.78125,36800,1998,5,13,3,10359
6.71875,6.78125,6.75,6.78125,24000,1998,5,14,4,10360
6.765625,6.78125,6.78125,6.765625,2000,1998,5,15,5,10361
6.6875,6.765625,6.765625,6.71875,15600,1998,5,18,1,10364
6.71875,6.75,6.734375,6.75,52000,1998,5,19,2,10365
6.71875,6.78125,6.71875,6.765625,7600,1998,5,20,3,10366
6.6875,6.734375,6.734375,6.71875,9600,1998,5,21,4,10367
6.40625,6.65625,6.65625,6.40625,95200,1998,5,22,5,10368
6.40625,6.453125,6.4375,6.4375,10000,1998,5,26,2,10372
6.34375,6.375,6.375,6.375,18400,1998,5,27,3,10373
6.28125,6.609375,6.375,6.609375,57200,1998,5,28,4,10374
6.59375,6.65625,6.59375,6.625,16800,1998,5,29,5,10375
6.625,6.734375,6.6875,6.65625,58000,1998,6,1,1,10378
6.65625,6.96875,6.65625,6.96875,87200,1998,6,2,2,10379
6.875,7.09375,6.9375,7.0625,64000,1998,6,3,3,10380
7.03125,7.40625,7.03125,7.40625,45600,1998,6,4,4,10381
7.421875,7.609375,7.453125,7.546875,72800,1998,6,5,5,10382
7.5,7.5625,7.5625,7.515625,23600,1998,6,8,1,10385
7.453125,7.515625,7.5,7.5,14800,1998,6,9,2,10386
7.4375,7.484375,7.46875,7.4375,16400,1998,6,10,3,10387
7.140625,7.40625,7.40625,7.140625,26400,1998,6,11,4,10388
7.078125,7.125,7.125,7.09375,16800,1998,6,12,5,10389
6.96875,7.109375,7.109375,6.96875,23600,1998,6,15,1,10392
6.96875,7.125,7.0,7.125,57600,1998,6,16,2,10393
7.1875,7.34375,7.1875,7.34375,24800,1998,6,17,3,10394
7.28125,7.328125,7.3125,7.328125,8400,1998,6,18,4,10395
7.25,7.3125,7.3125,7.28125,19200,1998,6,19,5,10396
7.203125,7.28125,7.28125,7.21875,16000,1998,6,22,1,10399
7.21875,7.234375,7.21875,7.234375,22000,1998,6,23,2,10400
7.1875,7.25,7.234375,7.1875,24800,1998,6,24,3,10401
7.125,7.21875,7.21875,7.171875,18000,1998,6,25,4,10402
7.171875,7.25,7.171875,7.25,62400,1998,6,26,5,10403
7.203125,7.375,7.203125,7.375,50800,1998,6,29,1,10406
7.1875,7.421875,7.40625,7.1875,136800,1998,6,30,2,10407
7.171875,7.234375,7.203125,7.21875,12000,1998,7,1,3,10408
7.140625,7.25,7.234375,7.140625,29200,1998,7,2,4,10409
7.140625,7.1875,7.140625,7.1875,3600,1998,7,6,1,10413
7.1875,7.21875,7.1875,7.21875,3600,1998,7,7,2,10414
7.265625,7.265625,7.265625,7.265625,107600,1998,7,8,3,10415
7.265625,7.375,7.265625,7.28125,479600,1998,7,9,4,10416
7.28125,7.3125,7.3125,7.3125,56400,1998,7,10,5,10417
7.109375,7.34375,7.34375,7.15625,59200,1998,7,13,1,10420
7.023437976837158,7.15625,7.125,7.09375,72400,1998,7,14,2,10421
7.09375,7.125,7.125,7.09375,263600,1998,7,15,3,10422
6.828125,7.125,7.125,6.828125,33600,1998,7,16,4,10423
6.5625,6.859375,6.84375,6.5625,202000,1998,7,17,5,10424
6.5625,6.6875,6.59375,6.5625,26800,1998,7,20,1,10427
6.59375,6.6875,6.59375,6.671875,77200,1998,7,21,2,10428
6.640625,6.75,6.671875,6.75,133600,1998,7,22,3,10429
6.75,6.796875,6.78125,6.75,27600,1998,7,23,4,10430
6.75,6.75,6.75,6.75,10800,1998,7,24,5,10431
6.59375,6.71875,6.71875,6.65625,117200,1998,7,27,1,10434
6.625,6.71875,6.65625,6.71875,353200,1998,7,28,2,10435
6.609375,6.6875,6.6875,6.625,32800,1998,7,29,3,10436
6.59375,6.75,6.65625,6.75,186400,1998,7,30,4,10437
6.5625,6.71875,6.71875,6.5625,20400,1998,7,31,5,10438
6.390625,6.59375,6.59375,6.390625,19200,1998,8,3,1,10441
6.140625,6.359375,6.359375,6.140625,43600,1998,8,4,2,10442
6.03125,6.15625,6.109375,6.15625,68000,1998,8,5,3,10443
6.125,6.34375,6.125,6.34375,27200,1998,8,6,4,10444
6.28125,6.4375,6.3125,6.3125,142000,1998,8,7,5,10445
6.15625,6.296875,6.296875,6.15625,103600,1998,8,10,1,10448
5.984375,6.125,6.125,6.0,106400,1998,8,11,2,10449
5.96875,6.1875,6.0,6.15625,99600,1998,8,12,3,10450
6.171875,6.1875,6.171875,6.1875,85200,1998,8,13,4,10451
5.96875,6.15625,6.15625,5.96875,14400,1998,8,14,5,10452
5.71875,5.96875,5.96875,5.71875,118000,1998,8,17,1,10455
5.75,5.84375,5.75,5.84375,47600,1998,8,18,2,10456
5.84375,5.875,5.84375,5.875,120000,1998,8,19,3,10457
5.90625,6.15625,5.90625,6.15625,52800,1998,8,20,4,10458
6.03125,6.140625,6.125,6.09375,227600,1998,8,21,5,10459
6.125,6.140625,6.125,6.140625,4400,1998,8,24,1,10462
6.15625,6.25,6.15625,6.203125,17200,1998,8,25,2,10463
6.125,6.25,6.1875,6.25,34400,1998,8,26,3,10464
5.8125,6.203125,6.203125,5.828125,46000,1998,8,27,4,10465
5.625,5.8125,5.796875,5.65625,46800,1998,8,28,5,10466
5.46875,5.625,5.625,5.484375,50000,1998,8,31,1,10469
5.109375,5.59375,5.5,5.125,58400,1998,9,1,2,10470
5.21875,5.53125,5.21875,5.53125,62000,1998,9,2,3,10471
5.5,5.515625,5.5,5.5,32400,1998,9,3,4,10472
5.53125,5.546875,5.53125,5.546875,1600,1998,9,4,5,10473
5.59375,6.125,5.59375,6.125,46800,1998,9,8,2,10477
6.125,6.25,6.140625,6.203125,34400,1998,9,9,3,10478
6.09375,6.25,6.109375,6.25,66800,1998,9,10,4,10479
6.25,6.5625,6.25,6.53125,48400,1998,9,11,5,10480
6.5,6.625,6.5,6.625,70400,1998,9,14,1,10483
6.625,6.703125,6.625,6.703125,8400,1998,9,15,2,10484
6.78125,6.8125,6.78125,6.8125,80000,1998,9,16,3,10485
6.765625,6.8125,6.78125,6.8125,9600,1998,9,17,4,10486
6.8125,7.09375,6.8125,7.078125,112000,1998,9,18,5,10487
7.078125,7.5,7.125,7.46875,50400,1998,9,21,1,10490
7.5,7.75,7.5,7.609375,323600,1998,9,22,2,10491
7.125,7.59375,7.5625,7.125,44400,1998,9,23,3,10492
7.0625,7.1875,7.140625,7.1875,83200,1998,9,24,4,10493
7.1875,7.46875,7.1875,7.375,67200,1998,9,25,5,10494
7.359375,7.625,7.359375,7.5,231600,1998,9,28,1,10497
7.4375,7.484375,7.484375,7.46875,40400,1998,9,29,2,10498
7.40625,7.625,7.46875,7.625,50800,1998,9,30,3,10499
7.15625,7.578125,7.578125,7.15625,49200,1998,10,1,4,10500
6.96875,7.125,7.125,7.015625,106400,1998,10,2,5,10501
6.90625,7.046875,7.046875,6.96875,61200,1998,10,5,1,10504
6.84375,6.9375,6.9375,6.84375,123600,1998,10,6,2,10505
6.75,6.9375,6.84375,6.796875,18800,1998,10,7,3,10506
6.46875,6.734375,6.734375,6.625,90400,1998,10,8,4,10507
6.5625,6.875,6.65625,6.875,42400,1998,10,9,5,10508
6.90625,6.96875,6.90625,6.90625,7200,1998,10,12,1,10511
6.9375,7.28125,6.9375,7.28125,36400,1998,10,13,2,10512
7.34375,7.5,7.34375,7.4375,71600,1998,10,14,3,10513
7.421875,7.5,7.421875,7.5,10000,1998,10,15,4,10514
7.53125,7.703125,7.53125,7.703125,57200,1998,10,16,5,10515
7.75,8.0,7.75,8.0,160400,1998,10,19,1,10518
7.640625,8.0,8.0,7.65625,139600,1998,10,20,2,10519
7.359375,7.65625,7.65625,7.4375,167600,1998,10,21,3,10520
7.34375,7.40625,7.390625,7.40625,20000,1998,10,22,4,10521
7.28125,7.375,7.375,7.3125,11200,1998,10,23,5,10522
7.328125,7.53125,7.328125,7.484375,92400,1998,10,26,1,10525
7.21875,7.53125,7.53125,7.21875,58400,1998,10,27,2,10526
7.21875,7.25,7.25,7.234375,3600,1998,10,28,3,10527
7.25,7.28125,7.25,7.265625,34800,1998,10,29,4,10528
7.234375,7.265625,7.265625,7.25,5200,1998,10,30,5,10529
7.203125,7.25,7.25,7.21875,15200,1998,11,2,1,10532
7.21875,7.25,7.25,7.21875,4000,1998,11,3,2,10533
7.125,7.234375,7.234375,7.15625,15200,1998,11,4,3,10534
7.046875,7.171875,7.15625,7.046875,16400,1998,11,5,4,10535
7.171875,7.25,7.171875,7.234375,48000,1998,11,6,5,10536
7.234375,7.25,7.25,7.25,24800,1998,11,9,1,10539
7.171875,7.21875,7.21875,7.1875,8400,1998,11,10,2,10540
7.125,7.15625,7.15625,7.125,7200,1998,11,11,3,10541
7.15625,7.25,7.15625,7.25,33600,1998,11,12,4,10542
7.1875,7.25,7.25,7.1875,12800,1998,11,13,5,10543
7.15625,7.25,7.21875,7.25,24000,1998,11,16,1,10546
7.1875,7.265625,7.25,7.1875,259600,1998,11,17,2,10547
7.25,7.4375,7.25,7.359375,143200,1998,11,18,3,10548
7.296875,7.46875,7.34375,7.4375,22000,1998,11,19,4,10549
7.3125,7.4375,7.421875,7.34375,18400,1998,11,20,5,10550
7.3125,7.4375,7.3125,7.4375,164800,1998,11,23,1,10553
7.4375,7.875,7.46875,7.75,123200,1998,11,24,2,10554
7.625,7.84375,7.78125,7.640625,45600,1998,11,25,3,10555
7.53125,7.65625,7.65625,7.546875,39200,1998,11,27,5,10557
7.515625,7.625,7.515625,7.625,15600,1998,11,30,1,10560
7.578125,7.71875,7.625,7.59375,90000,1998,12,1,2,10561
7.5625,7.65625,7.609375,7.625,55200,1998,12,2,3,10562
7.65625,7.875,7.65625,7.875,27600,1998,12,3,4,10563
7.90625,8.203125,7.90625,8.171875,74400,1998,12,4,5,10564
8.1875,8.375,8.21875,8.3125,112000,1998,12,7,1,10567
8.3125,8.546875,8.3125,8.5,163600,1998,12,8,2,10568
8.421875,8.53125,8.53125,8.421875,40800,1998,12,9,3,10569
8.1875,8.4375,8.4375,8.1875,256400,1998,12,10,4,10570
8.125,8.140625,8.125,8.125,12338000,1998,12,11,5,10571
7.125,8.0,8.0,7.125,1952400,1998,12,14,1,10574
7.25,7.65625,7.4375,7.59375,1146400,1998,12,15,2,10575
7.59375,7.84375,7.625,7.78125,259200,1998,12,16,3,10576
7.875,8.09375,7.875,8.0,538000,1998,12,17,4,10577
8.0,8.140625,8.03125,8.078125,195200,1998,12,18,5,10578
7.546875,8.109375,8.109375,7.8125,592000,1998,12,21,1,10581
7.734375,8.0,7.765625,8.0,337600,1998,12,22,2,10582
8.0,8.109375,8.0,8.078125,89600,1998,12,23,3,10583
8.046875,8.09375,8.0625,8.0625,23200,1998,12,24,4,10584
8.03125,8.125,8.03125,8.09375,68800,1998,12,28,1,10588
8.09375,8.28125,8.09375,8.234375,354000,1998,12,29,2,10589
8.296875,8.96875,8.296875,8.828125,349200,1998,12,30,3,10590
8.96875,9.25,9.0,9.25,266000,1998,12,31,4,10591
8.84375,9.28125,9.28125,8.875,141200,1999,1,4,1,10595
8.53125,8.875,8.875,8.734375,311200,1999,1,5,2,10596
8.46875,8.78125,8.71875,8.484375,117600,1999,1,6,3,10597
8.25,8.421875,8.421875,8.421875,189200,1999,1,7,4,10598
9.0625,9.375,9.125,9.375,446000,1999,1,8,5,10599
9.3125,9.4375,9.375,9.4375,170000,1999,1,11,1,10602
9.375,9.46875,9.421875,9.375,67200,1999,1,12,2,10603
9.140625,9.40625,9.375,9.375,54800,1999,1,13,3,10604
9.15625,9.34375,9.34375,9.34375,146400,1999,1,14,4,10605
9.3125,9.375,9.3125,9.375,133600,1999,1,15,5,10606
9.375,9.5625,9.375,9.46875,85600,1999,1,19,2,10610
9.421875,9.5625,9.5,9.421875,82000,1999,1,20,3,10611
9.40625,9.515625,9.453125,9.421875,77200,1999,1,21,4,10612
9.3125,9.59375,9.40625,9.59375,100400,1999,1,22,5,10613
9.4375,9.796875,9.59375,9.78125,188000,1999,1,25,1,10616
9.78125,9.9375,9.78125,9.875,74800,1999,1,26,2,10617
9.75,10.375,9.859375,9.78125,246400,1999,1,27,3,10618
8.25,9.78125,9.78125,8.453125,1681600,1999,1,28,4,10619
8.625,8.71875,8.6875,8.6875,891200,1999,1,29,5,10620
8.84375,9.15625,8.875,9.109375,377200,1999,2,1,1,10623
8.96875,9.375,9.09375,9.25,141600,1999,2,2,2,10624
9.0625,9.28125,9.265625,9.125,104000,1999,2,3,3,10625
9.0,9.125,9.09375,9.09375,87600,1999,2,4,4,10626
8.96875,9.0625,9.03125,9.0,83200,1999,2,5,5,10627
8.875,9.0,9.0,8.875,64800,1999,2,8,1,10630
8.75,8.875,8.8125,8.8125,110000,1999,2,9,2,10631
8.71875,8.75,8.75,8.75,48800,1999,2,10,3,10632
8.8125,9.140625,8.8125,9.125,87200,1999,2,11,4,10633
9.03125,9.25,9.140625,9.03125,42400,1999,2,12,5,10634
8.84375,9.03125,9.0,8.859375,38400,1999,2,16,2,10638
8.828125,9.0625,8.828125,8.96875,166800,1999,2,17,3,10639
8.875,9.0,8.96875,9.0,121200,1999,2,18,4,10640
8.75,9.0,9.0,8.75,77200,1999,2,19,5,10641
8.75,8.8125,8.78125,8.796875,19200,1999,2,22,1,10644
7.375,8.0,7.875,7.765625,3526000,1999,2,23,2,10645
7.765625,8.125,8.0,7.8125,1035200,1999,2,24,3,10646
7.5625,7.8125,7.8125,7.671875,282400,1999,2,25,4,10647
6.96875,7.640625,7.640625,6.984375,1012000,1999,2,26,5,10648
6.3125,6.984375,6.984375,6.46875,1136000,1999,3,1,1,10651
6.46875,6.8125,6.5,6.484375,692800,1999,3,2,2,10652
6.34375,6.5625,6.53125,6.40625,207200,1999,3,3,3,10653
6.390625,6.65625,6.390625,6.625,240400,1999,3,4,4,10654
6.34375,6.75,6.703125,6.359375,185600,1999,3,5,5,10655
5.453125,6.359375,6.359375,5.5,1901200,1999,3,8,1,10658
5.5,5.90625,5.75,5.875,1673600,1999,3,9,2,10659
6.109375,6.40625,6.25,6.28125,666800,1999,3,10,3,10660
6.5,6.6875,6.5,6.625,367600,1999,3,11,4,10661
6.6875,6.921875,6.75,6.875,190800,1999,3,12,5,10662
6.875,6.96875,6.875,6.96875,198400,1999,3,15,1,10665
7.0625,7.34375,7.0625,7.25,307600,1999,3,16,2,10666
7.1875,7.296875,7.28125,7.265625,192000,1999,3,17,3,10667
7.25,7.3125,7.28125,7.25,171200,1999,3,18,4,10668
6.96875,7.1875,7.1875,7.0,324800,1999,3,19,5,10669
6.84375,7.015625,7.015625,6.953125,422000,1999,3,22,1,10672
6.875,7.125,6.921875,7.125,397600,1999,3,23,2,10673
7.0,7.46875,7.125,7.351562976837158,239600,1999,3,24,3,10674
7.15625,7.5625,7.390625,7.164062976837158,242000,1999,3,25,4,10675
7.0625,7.3125,7.140625,7.296875,82000,1999,3,26,5,10676
7.25,7.40625,7.25,7.40625,92800,1999,3,29,1,10679
7.3125,7.65625,7.40625,7.3125,139200,1999,3,30,2,10680
7.25,7.34375,7.34375,7.28125,189200,1999,3,31,3,10681
6.34375,7.28125,7.28125,6.46875,558800,1999,4,1,4,10682
6.375,6.78125,6.46875,6.59375,452400,1999,4,5,1,10686
6.265625,6.625,6.625,6.28125,274000,1999,4,6,2,10687
5.765625,6.234375,6.21875,5.796875,327200,1999,4,7,3,10688
5.75,6.0,5.78125,5.90625,405200,1999,4,8,4,10689
5.734375,5.9375,5.9375,5.8125,220000,1999,4,9,5,10690
5.5625,5.9375,5.765625,5.875,242000,1999,4,12,1,10693
5.84375,5.984375,5.875,5.921875,332400,1999,4,13,2,10694
5.890625,6.53125,5.890625,6.375,520400,1999,4,14,3,10695
6.375,7.375,6.375,6.6875,931600,1999,4,15,4,10696
6.671875,7.015625,6.671875,6.765625,334800,1999,4,16,5,10697
6.109375,6.8125,6.78125,6.40625,441200,1999,4,19,1,10700
6.375,6.5625,6.375,6.40625,333600,1999,4,20,2,10701
6.4375,6.5,6.4375,6.46875,20000,1999,4,21,3,10702
6.5,6.875,6.5,6.875,256000,1999,4,22,4,10703
6.9375,7.3125,6.9375,7.234375,212000,1999,4,23,5,10704
7.125,7.203125,7.203125,7.125,98800,1999,4,26,1,10707
7.015625,7.125,7.125,7.03125,70000,1999,4,27,2,10708
6.578125,7.03125,7.03125,6.75,532000,1999,4,28,3,10709
6.65625,6.84375,6.78125,6.65625,572800,1999,4,29,4,10710
6.5,6.8125,6.75,6.5,313600,1999,4,30,5,10711
6.46875,6.515625,6.515625,6.5,60000,1999,5,3,1,10714
6.375,6.5,6.453125,6.4375,141200,1999,5,4,2,10715
6.375,6.46875,6.46875,6.453125,57200,1999,5,5,3,10716
5.9375,6.421875,6.421875,6.046875,262000,1999,5,6,4,10717
5.921875,6.0,6.0,6.0,111600,1999,5,7,5,10718
5.75,6.0625,6.015625,5.75,1477200,1999,5,10,1,10721
5.796875,5.9375,5.796875,5.875,177200,1999,5,11,2,10722
5.875,6.3125,5.90625,6.3125,752800,1999,5,12,3,10723
6.28125,6.59375,6.28125,6.5625,600800,1999,5,13,4,10724
6.28125,6.609375,6.609375,6.390625,212800,1999,5,14,5,10725
6.359375,6.6875,6.375,6.6875,124400,1999,5,17,1,10728
6.6875,7.1875,6.6875,7.1875,236000,1999,5,18,2,10729
6.84375,7.171875,7.171875,6.984375,159200,1999,5,19,3,10730
6.953125,7.171875,6.953125,7.078125,62800,1999,5,20,4,10731
7.109375,7.453125,7.109375,7.40625,164400,1999,5,21,5,10732
7.171875,7.9375,7.40625,7.890625,409200,1999,5,24,1,10735
7.46875,7.796875,7.796875,7.640625,236000,1999,5,25,2,10736
7.328125,7.609375,7.609375,7.421875,189600,1999,5,26,3,10737
7.234375,7.453125,7.390625,7.390625,143600,1999,5,27,4,10738
7.390625,7.5,7.390625,7.4375,97200,1999,5,28,5,10739
6.9375,7.46875,7.46875,6.9375,182800,1999,6,1,2,10743
6.890625,7.09375,6.96875,6.96875,297200,1999,6,2,3,10744
7.0,7.25,7.0,7.078125,120000,1999,6,3,4,10745
6.96875,7.21875,7.0625,7.1875,152400,1999,6,4,5,10746
7.125,7.25,7.21875,7.1875,99200,1999,6,7,1,10749
7.1875,7.28125,7.1875,7.25,85200,1999,6,8,2,10750
7.203125,7.28125,7.21875,7.25,42800,1999,6,9,3,10751
7.1875,7.28125,7.28125,7.28125,28400,1999,6,10,4,10752
7.1875,7.296875,7.25,7.28125,65200,1999,6,11,5,10753
7.28125,7.359375,7.28125,7.296875,364800,1999,6,14,1,10756
7.21875,7.40625,7.25,7.375,156000,1999,6,15,2,10757
7.34375,7.53125,7.375,7.453125,123600,1999,6,16,3,10758
7.390625,7.484375,7.390625,7.4375,26800,1999,6,17,4,10759
7.3125,7.4375,7.4375,7.34375,86400,1999,6,18,5,10760
7.3125,7.4375,7.3125,7.4375,95200,1999,6,21,1,10763
7.40625,7.484375,7.46875,7.484375,10400,1999,6,22,2,10764
7.546875,7.875,7.546875,7.78125,255200,1999,6,23,3,10765
7.4375,7.78125,7.75,7.4375,146000,1999,6,24,4,10766
7.375,7.515625,7.375,7.40625,58400,1999,6,25,5,10767
7.40625,7.5,7.421875,7.46875,112000,1999,6,28,1,10770
7.296875,7.484375,7.46875,7.296875,102000,1999,6,29,2,10771
7.1875,7.328125,7.328125,7.1875,558400,1999,6,30,3,10772
7.21875,7.296875,7.21875,7.28125,119600,1999,7,1,4,10773
7.34375,7.53125,7.34375,7.53125,90000,1999,7,2,5,10774
8.0,8.53125,8.0,8.53125,700400,1999,7,6,2,10778
8.734375,9.0,8.875,9.0,436000,1999,7,7,3,10779
8.8125,8.96875,8.9375,8.84375,192800,1999,7,8,4,10780
8.5,8.859375,8.859375,8.5,157200,1999,7,9,5,10781
8.390625,8.53125,8.515625,8.40625,51600,1999,7,12,1,10784
8.3125,8.5,8.40625,8.5,84000,1999,7,13,2,10785
8.4375,8.5625,8.515625,8.5625,178400,1999,7,14,3,10786
8.484375,8.8125,8.609375,8.8125,109200,1999,7,15,4,10787
8.5,8.78125,8.78125,8.515625,51600,1999,7,16,5,10788
8.5,8.625,8.515625,8.625,48800,1999,7,19,1,10791
8.5,8.65625,8.65625,8.640625,63600,1999,7,20,2,10792
8.46875,8.59375,8.546875,8.59375,103200,1999,7,21,3,10793
8.414063453674316,8.578125,8.578125,8.4375,35600,1999,7,22,4,10794
8.078125,8.4375,8.4375,8.078125,145600,1999,7,23,5,10795
7.96875,8.0625,8.03125,8.0625,288800,1999,7,26,1,10798
8.078125,8.28125,8.09375,8.28125,51200,1999,7,27,2,10799
8.125,8.28125,8.25,8.28125,92000,1999,7,28,3,10800
7.9375,8.34375,8.28125,8.09375,190400,1999,7,29,4,10801
8.125,8.84375,8.125,8.84375,250800,1999,7,30,5,10802
8.578125,8.84375,8.8125,8.578125,192800,1999,8,2,1,10805
8.5,8.703125,8.609375,8.5,540800,1999,8,3,2,10806
8.25,8.46875,8.46875,8.28125,71600,1999,8,4,3,10807
8.09375,8.25,8.25,8.21875,98400,1999,8,5,4,10808
8.203125,8.5625,8.234375,8.5,350000,1999,8,6,5,10809
8.421875,8.609375,8.53125,8.421875,299200,1999,8,9,1,10812
8.40625,8.46875,8.4375,8.421875,218800,1999,8,10,2,10813
8.34375,8.421875,8.421875,8.359375,44000,1999,8,11,3,10814
8.25,8.359375,8.34375,8.359375,260800,1999,8,12,4,10815
8.328125,8.515625,8.359375,8.484375,211600,1999,8,13,5,10816
8.453125,8.5,8.5,8.5,14800,1999,8,16,1,10819
8.265625,8.484375,8.46875,8.3125,130800,1999,8,17,2,10820
8.3125,8.40625,8.34375,8.390625,239600,1999,8,18,3,10821
8.3125,8.4375,8.34375,8.4375,127600,1999,8,19,4,10822
8.359375,8.40625,8.40625,8.375,36800,1999,8,20,5,10823
8.265625,8.46875,8.3125,8.375,270800,1999,8,23,1,10826
8.375,8.46875,8.375,8.46875,539200,1999,8,24,2,10827
8.4375,8.46875,8.46875,8.453125,242800,1999,8,25,3,10828
8.4375,8.5,8.4375,8.5,139600,1999,8,26,4,10829
8.453125,8.515625,8.5,8.5,174400,1999,8,27,5,10830
8.5,8.625,8.5,8.609375,130800,1999,8,30,1,10833
8.578125,8.65625,8.625,8.65625,89200,1999,8,31,2,10834
8.59375,8.65625,8.65625,8.59375,45200,1999,9,1,3,10835
8.546875,8.59375,8.59375,8.59375,65200,1999,9,2,4,10836
8.546875,8.59375,8.59375,8.59375,45600,1999,9,3,5,10837
8.125,8.59375,8.59375,8.484375,174400,1999,9,7,2,10841
8.421875,8.5,8.421875,8.484375,98400,1999,9,8,3,10842
8.054688453674316,8.4375,8.421875,8.09375,548000,1999,9,9,4,10843
7.921875,8.15625,8.125,7.96875,191600,1999,9,10,5,10844
7.8125,7.921875,7.90625,7.921875,162800,1999,9,13,1,10847
7.90625,7.96875,7.90625,7.9375,66000,1999,9,14,2,10848
7.578125,7.9375,7.9375,7.609375,132400,1999,9,15,3,10849
7.09375,7.609375,7.609375,7.09375,308000,1999,9,16,4,10850
6.96875,7.046875,7.03125,6.984375,54400,1999,9,17,5,10851
6.84375,7.03125,6.984375,6.84375,78000,1999,9,20,1,10854
6.90625,7.0625,6.90625,7.015625,490000,1999,9,21,2,10855
7.0,7.09375,7.0625,7.015625,482400,1999,9,22,3,10856
6.984375,7.046875,7.03125,7.015625,82000,1999,9,23,4,10857
7.0,7.078125,7.046875,7.078125,28400,1999,9,24,5,10858
7.078125,7.25,7.078125,7.125,231600,1999,9,27,1,10861
7.21875,7.375,7.375,7.25,1067200,1999,9,28,2,10862
7.1875,7.421875,7.25,7.40625,498800,1999,9,29,3,10863
7.40625,7.5,7.4375,7.484375,454400,1999,9,30,4,10864
7.15625,7.53125,7.46875,7.25,1868800,1999,10,1,5,10865
7.15625,7.375,7.21875,7.359375,281600,1999,10,4,1,10868
7.328125,7.4375,7.390625,7.375,179600,1999,10,5,2,10869
7.375,7.46875,7.40625,7.4375,250000,1999,10,6,3,10870
7.40625,7.46875,7.46875,7.421875,101600,1999,10,7,4,10871
7.375,7.421875,7.421875,7.375,179200,1999,10,8,5,10872
7.375,7.4375,7.390625,7.375,228800,1999,10,11,1,10875
7.03125,7.390625,7.390625,7.046875,448800,1999,10,12,2,10876
6.71875,7.046875,7.03125,6.765625,218400,1999,10,13,3,10877
6.515625,6.78125,6.765625,6.578125,446000,1999,10,14,4,10878
6.5,6.59375,6.59375,6.5625,270000,1999,10,15,5,10879
6.109375,6.5625,6.5625,6.25,512400,1999,10,18,1,10882
6.265625,6.46875,6.265625,6.359375,446800,1999,10,19,2,10883
6.296875,6.4375,6.390625,6.375,216800,1999,10,20,3,10884
6.234375,6.328125,6.328125,6.234375,145200,1999,10,21,4,10885
6.25,6.3125,6.265625,6.28125,111200,1999,10,22,5,10886
6.109375,6.28125,6.28125,6.125,559600,1999,10,25,1,10889
5.25,6.0,6.0,5.3125,919200,1999,10,26,2,10890
5.53125,5.828125,5.53125,5.640625,1756000,1999,10,27,3,10891
5.671875,5.90625,5.671875,5.8125,336400,1999,10,28,4,10892
5.75,5.875,5.8125,5.796875,651600,1999,10,29,5,10893
5.734375,5.8125,5.8125,5.75,294000,1999,11,1,1,10896
5.1875,5.75,5.75,5.3125,993200,1999,11,2,2,10897
5.4375,5.78125,5.4375,5.734375,556400,1999,11,3,3,10898
5.671875,5.765625,5.75,5.6875,254000,1999,11,4,4,10899
5.46875,5.859375,5.75,5.75,474400,1999,11,5,5,10900
5.734375,5.84375,5.8125,5.75,303600,1999,11,8,1,10903
5.6875,5.828125,5.796875,5.734375,233600,1999,11,9,2,10904
5.703125,5.828125,5.828125,5.75,162800,1999,11,10,3,10905
5.9375,6.359375,5.9375,6.265625,1299200,1999,11,11,4,10906
6.328125,6.578125,6.328125,6.53125,590800,1999,11,12,5,10907
6.546875,6.875,6.546875,6.859375,136800,1999,11,15,1,10910
6.8125,7.15625,6.8125,7.15625,291600,1999,11,16,2,10911
6.953125,7.84375,7.15625,7.734375,481600,1999,11,17,3,10912
7.453125,7.90625,7.703125,7.640625,297200,1999,11,18,4,10913
7.3125,7.640625,7.640625,7.390625,164000,1999,11,19,5,10914
6.96875,7.34375,7.328125,7.15625,424800,1999,11,22,1,10917
6.984375,7.171875,7.15625,7.0625,519600,1999,11,23,2,10918
6.890625,7.0625,7.0625,7.03125,270800,1999,11,24,3,10919
6.875,7.0,7.0,6.9375,71600,1999,11,26,5,10921
6.75,6.96875,6.96875,6.875,266800,1999,11,29,1,10924
6.8125,7.0,6.875,7.0,181600,1999,11,30,2,10925
6.9375,7.40625,6.9375,7.328125,294000,1999,12,1,3,10926
7.46875,7.6875,7.625,7.484375,253200,1999,12,2,4,10927
7.5,7.78125,7.5,7.703125,363600,1999,12,3,5,10928
7.734375,8.0625,7.765625,8.0,349200,1999,12,6,1,10931
7.96875,8.1875,8.0,8.125,208000,1999,12,7,2,10932
7.9375,8.125,8.125,8.09375,272400,1999,12,8,3,10933
7.921875,8.109375,8.078125,8.109375,128400,1999,12,9,4,10934
8.0,8.3125,8.09375,8.3125,196400,1999,12,10,5,10935
8.296875,8.484375,8.3125,8.390625,118400,1999,12,13,1,10938
8.25,8.40625,8.40625,8.28125,84400,1999,12,14,2,10939
8.15625,8.375,8.25,8.375,147200,1999,12,15,3,10940
8.359375,8.4375,8.4375,8.40625,48000,1999,12,16,4,10941
8.421875,8.859375,8.4375,8.765625,225600,1999,12,17,5,10942
8.75,8.84375,8.765625,8.828125,177200,1999,12,20,1,10945
8.6875,9.234375,8.84375,8.8125,254000,1999,12,21,2,10946
8.75,8.9375,8.8125,8.78125,178000,1999,12,22,3,10947
8.71875,8.84375,8.75,8.84375,136800,1999,12,23,4,10948
8.59375,8.84375,8.84375,8.65625,250400,1999,12,27,1,10952
8.625,8.703125,8.625,8.6875,82800,1999,12,28,2,10953
8.421875,8.6875,8.6875,8.5625,92000,1999,12,29,3,10954
8.4375,8.53125,8.5,8.4375,243600,1999,12,30,4,10955
8.453125,8.484375,8.46875,8.484375,102000,1999,12,31,5,10956
8.046875,8.421875,8.421875,8.125,588000,2000,1,3,1,10959
7.84375,7.96875,7.96875,7.84375,368400,2000,1,4,2,10960
7.5,7.75,7.6875,7.75,213200,2000,1,5,3,10961
7.53125,7.75,7.75,7.59375,147200,2000,1,6,4,10962
7.46875,7.625,7.59375,7.5625,194800,2000,1,7,5,10963
7.625,7.75,7.625,7.71875,161200,2000,1,10,1,10966
7.78125,8.125,7.78125,8.125,222000,2000,1,11,2,10967
8.0,8.1875,8.15625,8.0625,72400,2000,1,12,3,10968
7.9375,8.03125,8.03125,7.984375,75200,2000,1,13,4,10969
7.921875,8.125,7.984375,7.96875,68800,2000,1,14,5,10970
7.75,7.90625,7.875,7.765625,154800,2000,1,18,2,10974
7.75,8.0,7.75,8.0,1666400,2000,1,19,3,10975
8.0,8.578125,8.0,8.5,234400,2000,1,20,4,10976
8.40625,8.625,8.453125,8.4375,78400,2000,1,21,5,10977
8.46875,9.0,8.46875,8.921875,290400,2000,1,24,1,10980
8.921875,9.484375,8.921875,9.375,559600,2000,1,25,2,10981
9.3125,9.734375,9.3125,9.546875,286800,2000,1,26,3,10982
9.125,9.546875,9.546875,9.3125,467600,2000,1,27,4,10983
9.1875,9.3125,9.3125,9.203125,218000,2000,1,28,5,10984
9.140625,9.28125,9.1875,9.265625,196400,2000,1,31,1,10987
9.140625,9.25,9.25,9.1875,230000,2000,2,1,2,10988
9.203125,9.375,9.21875,9.34375,51200,2000,2,2,3,10989
9.1875,9.453125,9.3125,9.453125,195200,2000,2,3,4,10990
9.3125,9.5625,9.484375,9.484375,256800,2000,2,4,5,10991
9.125,9.546875,9.515625,9.1875,210400,2000,2,7,1,10994
9.09375,9.546875,9.15625,9.53125,289200,2000,2,8,2,10995
9.09375,9.46875,9.46875,9.21875,143200,2000,2,9,3,10996
9.15625,9.296875,9.25,9.296875,85200,2000,2,10,4,10997
9.265625,9.375,9.265625,9.375,100000,2000,2,11,5,10998
9.140625,9.46875,9.375,9.15625,194800,2000,2,14,1,11001
9.03125,9.1875,9.15625,9.03125,190800,2000,2,15,2,11002
8.921875,9.03125,9.0,8.96875,70400,2000,2,16,3,11003
8.9375,9.0625,8.9375,9.015625,356400,2000,2,17,4,11004
8.765625,9.015625,9.015625,8.765625,114000,2000,2,18,5,11005
8.4375,8.75,8.75,8.5625,221200,2000,2,22,2,11009
8.375,8.5625,8.5625,8.484375,328400,2000,2,23,3,11010
8.28125,8.484375,8.453125,8.453125,146800,2000,2,24,4,11011
8.40625,8.5,8.484375,8.4375,153200,2000,2,25,5,11012
8.359375,8.5,8.46875,8.5,215200,2000,2,28,1,11015
8.421875,8.59375,8.5,8.546875,215200,2000,2,29,2,11016
8.359375,8.59375,8.421875,8.5625,162800,2000,3,1,3,11017
8.421875,8.609375,8.546875,8.5625,312400,2000,3,2,4,11018
8.53125,9.0,8.53125,8.828125,317200,2000,3,3,5,11019
8.75,9.28125,8.890625,8.828125,364800,2000,3,6,1,11022
8.765625,9.125,8.765625,9.0,214800,2000,3,7,2,11023
9.0,9.296875,9.0,9.296875,149200,2000,3,8,3,11024
9.09375,9.359375,9.234375,9.359375,161600,2000,3,9,4,11025
9.203125,9.375,9.375,9.234375,116000,2000,3,10,5,11026
8.71875,9.140625,9.140625,8.828125,139600,2000,3,13,1,11029
8.203125,8.75,8.75,8.359375,1434400,2000,3,14,2,11030
8.375,8.734375,8.421875,8.703125,303600,2000,3,15,3,11031
8.640625,8.75,8.6875,8.734375,218400,2000,3,16,4,11032
8.640625,9.078125,8.6875,8.734375,394800,2000,3,17,5,11033
8.75,9.0625,8.765625,9.0625,214000,2000,3,20,1,11036
8.84375,9.140625,9.125,8.890625,124400,2000,3,21,2,11037
8.765625,8.953125,8.890625,8.953125,72800,2000,3,22,3,11038
8.546875,8.796875,8.75,8.75,748400,2000,3,23,4,11039
8.75,8.875,8.8125,8.78125,276800,2000,3,24,5,11040
8.453125,8.828125,8.796875,8.515625,1145200,2000,3,27,1,11043
8.3125,8.625,8.453125,8.609375,479200,2000,3,28,2,11044
8.375,8.609375,8.609375,8.390625,214400,2000,3,29,3,11045
7.921875,8.390625,8.390625,8.109375,642000,2000,3,30,4,11046
7.625,8.109375,8.109375,7.625,514800,2000,3,31,5,11047
7.625,8.0625,7.625,7.84375,371600,2000,4,3,1,11050
7.578125,7.875,7.84375,7.71875,332000,2000,4,4,2,11051
7.703125,7.890625,7.703125,7.78125,239200,2000,4,5,3,11052
7.765625,8.0625,7.78125,8.015625,221200,2000,4,6,4,11053
7.953125,8.046875,8.046875,7.984375,525200,2000,4,7,5,11054
7.9375,8.0,8.0,7.953125,76000,2000,4,10,1,11057
7.84375,8.0,8.0,7.859375,108000,2000,4,11,2,11058
7.65625,7.828125,7.828125,7.765625,225600,2000,4,12,3,11059
7.671875,7.78125,7.765625,7.671875,216000,2000,4,13,4,11060
7.09375,7.625,7.625,7.171875,260400,2000,4,14,5,11061
6.5,7.171875,7.171875,6.546875,848000,2000,4,17,1,11064
6.265625,6.5625,6.5625,6.34375,205200,2000,4,18,2,11065
6.15625,6.375,6.375,6.203125,242000,2000,4,19,3,11066
5.984375,6.25,6.21875,5.984375,417600,2000,4,20,4,11067
5.875,6.0,6.0,5.921875,117200,2000,4,24,1,11071
5.875,5.96875,5.9375,5.90625,370000,2000,4,25,2,11072
5.859375,5.96875,5.9375,5.859375,359600,2000,4,26,3,11073
5.765625,5.90625,5.875,5.78125,738400,2000,4,27,4,11074
5.796875,5.890625,5.796875,5.890625,215600,2000,4,28,5,11075
5.75,5.90625,5.890625,5.765625,586400,2000,5,1,1,11078
5.71875,5.78125,5.765625,5.734375,266000,2000,5,2,2,11079
5.734375,5.75,5.75,5.75,255200,2000,5,3,3,11080
5.734375,5.75,5.75,5.75,85600,2000,5,4,4,11081
5.65625,5.75,5.734375,5.734375,940400,2000,5,5,5,11082
5.5,5.75,5.71875,5.53125,356400,2000,5,8,1,11085
5.53125,5.71875,5.53125,5.6875,193600,2000,5,9,2,11086
5.5625,5.671875,5.671875,5.609375,141600,2000,5,10,3,11087
5.59375,5.625,5.625,5.625,60400,2000,5,11,4,11088
5.5,5.71875,5.6875,5.5,193600,2000,5,12,5,11089
5.484375,5.78125,5.5,5.75,334800,2000,5,15,1,11092
5.703125,5.75,5.75,5.71875,44000,2000,5,16,2,11093
5.4375,5.6875,5.671875,5.609375,185200,2000,5,17,3,11094
5.609375,5.859375,5.625,5.65625,148400,2000,5,18,4,11095
5.546875,5.640625,5.640625,5.59375,285200,2000,5,19,5,11096
5.515625,5.578125,5.578125,5.53125,184000,2000,5,22,1,11099
5.46875,5.5625,5.53125,5.515625,122400,2000,5,23,2,11100
5.4375,5.53125,5.515625,5.453125,264800,2000,5,24,3,11101
5.421875,5.46875,5.453125,5.46875,45200,2000,5,25,4,11102
5.40625,5.46875,5.46875,5.40625,22000,2000,5,26,5,11103
5.375,5.46875,5.421875,5.4375,193600,2000,5,30,2,11107
5.015625,5.4375,5.4375,5.1875,273600,2000,5,31,3,11108
5.3125,5.59375,5.3125,5.546875,896400,2000,6,1,4,11109
5.59375,5.671875,5.609375,5.59375,216800,2000,6,2,5,11110
5.5625,5.625,5.625,5.5625,157600,2000,6,5,1,11113
5.375,5.578125,5.578125,5.40625,1062000,2000,6,6,2,11114
5.40625,5.46875,5.46875,5.40625,738000,2000,6,7,3,11115
5.25,5.4375,5.4375,5.25,200000,2000,6,8,4,11116
5.21875,5.3125,5.28125,5.265625,240800,2000,6,9,5,11117
5.234375,5.28125,5.25,5.265625,106400,2000,6,12,1,11120
5.0,5.25,5.25,5.109375,192000,2000,6,13,2,11121
5.125,5.34375,5.125,5.328125,249600,2000,6,14,3,11122
5.359375,5.484375,5.359375,5.484375,193200,2000,6,15,4,11123
5.46875,5.96875,5.515625,5.96875,332400,2000,6,16,5,11124
5.875,6.5625,5.90625,6.46875,356400,2000,6,19,1,11127
6.3125,7.0,6.46875,6.90625,483600,2000,6,20,2,11128
6.375,6.875,6.875,6.546875,468000,2000,6,21,3,11129
6.140625,6.53125,6.53125,6.328125,198800,2000,6,22,4,11130
6.234375,6.4375,6.328125,6.296875,129200,2000,6,23,5,11131
6.03125,6.328125,6.3125,6.078125,238000,2000,6,26,1,11134
5.8125,6.09375,6.078125,5.90625,320000,2000,6,27,2,11135
5.78125,5.984375,5.921875,5.875,252000,2000,6,28,3,11136
5.875,5.984375,5.90625,5.921875,152000,2000,6,29,4,11137
5.5,5.875,5.875,5.535155773162842,555600,2000,6,30,5,11138
5.546875,5.796875,5.5625,5.78125,50000,2000,7,3,1,11141
5.5,5.90625,5.84375,5.546875,207200,2000,7,5,3,11143
5.53125,5.6875,5.59375,5.6875,551200,2000,7,6,4,11144
5.75,5.875,5.75,5.859375,226800,2000,7,7,5,11145
5.71875,5.921875,5.890625,5.734375,213200,2000,7,10,1,11148
5.734375,5.84375,5.75,5.734375,175600,2000,7,11,2,11149
5.71875,5.78125,5.765625,5.75,97600,2000,7,12,3,11150
5.71875,5.78125,5.78125,5.75,113200,2000,7,13,4,11151
5.71875,5.875,5.75,5.8125,126000,2000,7,14,5,11152
5.8125,5.859375,5.828125,5.84375,157200,2000,7,17,1,11155
5.796875,5.90625,5.875,5.90625,131600,2000,7,18,2,11156
5.875,5.953125,5.890625,5.90625,164800,2000,7,19,3,11157
5.921875,6.03125,5.921875,6.015625,131200,2000,7,20,4,11158
5.84375,6.0625,6.015625,5.921875,115200,2000,7,21,5,11159
5.890625,6.125,5.890625,6.109375,148400,2000,7,24,1,11162
5.90625,6.078125,6.078125,6.0,118400,2000,7,25,2,11163
5.890625,6.03125,6.03125,6.0,102000,2000,7,26,3,11164
5.890625,5.984375,5.984375,5.90625,100400,2000,7,27,4,11165
5.9375,6.0625,5.96875,5.9375,272400,2000,7,28,5,11166
5.96875,6.0625,6.0,5.96875,88400,2000,7,31,1,11169
5.90625,5.984375,5.984375,5.9375,89600,2000,8,1,2,11170
5.921875,5.96875,5.9375,5.953125,21200,2000,8,2,3,11171
5.84375,5.96875,5.953125,5.84375,62800,2000,8,3,4,11172
5.703125,5.84375,5.84375,5.75,108000,2000,8,4,5,11173
5.734375,5.78125,5.75,5.75,95600,2000,8,7,1,11176
5.75,5.78125,5.75,5.75,171600,2000,8,8,2,11177
5.75,5.8125,5.765625,5.8125,188400,2000,8,9,3,11178
5.734375,5.84375,5.84375,5.734375,117200,2000,8,10,4,11179
5.71875,5.734375,5.734375,5.71875,41200,2000,8,11,5,11180
5.65625,5.75,5.75,5.71875,118800,2000,8,14,1,11183
5.640625,5.734375,5.734375,5.640625,24000,2000,8,15,2,11184
5.65625,5.78125,5.65625,5.78125,241200,2000,8,16,3,11185
5.765625,5.828125,5.765625,5.828125,483200,2000,8,17,4,11186
5.765625,5.828125,5.828125,5.796875,243600,2000,8,18,5,11187
5.8125,5.9375,5.8125,5.8125,542400,2000,8,21,1,11190
5.625,5.84375,5.8125,5.703125,306800,2000,8,22,2,11191
5.65625,5.703125,5.703125,5.703125,29600,2000,8,23,3,11192
5.53125,5.78125,5.6875,5.59375,681200,2000,8,24,4,11193
5.640625,5.8125,5.640625,5.75,67600,2000,8,25,5,11194
5.625,5.78125,5.78125,5.65625,47600,2000,8,28,1,11197
5.53125,5.6875,5.6875,5.640625,168400,2000,8,29,2,11198
5.5,5.671875,5.609375,5.515625,174000,2000,8,30,3,11199
5.53125,5.625,5.546875,5.53125,155600,2000,8,31,4,11200
5.53125,5.609375,5.546875,5.5625,62400,2000,9,1,5,11201
5.53125,5.671875,5.59375,5.59375,221200,2000,9,5,2,11205
5.59375,5.734375,5.59375,5.71875,158000,2000,9,6,3,11206
5.71875,5.9375,5.71875,5.90625,160800,2000,9,7,4,11207
5.671875,5.921875,5.921875,5.671875,113600,2000,9,8,5,11208
5.671875,5.796875,5.734375,5.671875,218000,2000,9,11,1,11211
5.6875,5.90625,5.71875,5.78125,442800,2000,9,12,2,11212
5.453125,5.828125,5.734375,5.453125,172800,2000,9,13,3,11213
5.46875,5.578125,5.46875,5.46875,650000,2000,9,14,4,11214
5.515625,5.625,5.59375,5.625,282800,2000,9,15,5,11215
5.21875,5.578125,5.5625,5.375,163600,2000,9,18,1,11218
5.25,5.390625,5.375,5.390625,68000,2000,9,19,2,11219
5.15625,5.40625,5.34375,5.328125,1292000,2000,9,20,3,11220
5.328125,5.4375,5.359375,5.421875,123600,2000,9,21,4,11221
5.265625,5.5625,5.375,5.296875,205200,2000,9,22,5,11222
5.0,5.328125,5.296875,5.21875,128400,2000,9,25,1,11225
5.09375,5.234375,5.21875,5.125,114000,2000,9,26,2,11226
4.90625,5.125,5.125,4.90625,157600,2000,9,27,3,11227
4.84375,4.953125,4.875,4.875,293600,2000,9,28,4,11228
4.875,5.5625,4.890625,5.53125,592400,2000,9,29,5,11229
5.0,5.53125,5.53125,5.21875,284400,2000,10,2,1,11232
4.96875,5.21875,5.1875,5.0,114800,2000,10,3,2,11233
4.875,5.0,5.0,4.953125,105600,2000,10,4,3,11234
4.9375,5.125,4.984375,5.125,208800,2000,10,5,4,11235
4.921875,5.125,5.109375,4.921875,169600,2000,10,6,5,11236
4.875,4.921875,4.921875,4.875,204800,2000,10,9,1,11239
4.796875,4.9375,4.90625,4.796875,311600,2000,10,10,2,11240
4.625,4.84375,4.8125,4.8125,406400,2000,10,11,3,11241
4.75,4.890625,4.8125,4.78125,54800,2000,10,12,4,11242
4.734375,4.875,4.78125,4.78125,77200,2000,10,13,5,11243
4.8125,4.90625,4.8125,4.859375,68400,2000,10,16,1,11246
4.75,4.875,4.859375,4.75,111600,2000,10,17,2,11247
4.5,4.828125,4.75,4.71875,205200,2000,10,18,3,11248
4.59375,4.875,4.78125,4.609375,112000,2000,10,19,4,11249
4.59375,4.6875,4.640625,4.6875,105600,2000,10,20,5,11250
4.609375,4.953125,4.640625,4.875,158400,2000,10,23,1,11253
4.796875,4.875,4.875,4.859375,84800,2000,10,24,2,11254
4.859375,5.203125,4.859375,5.0,232000,2000,10,25,3,11255
4.96875,5.25,4.96875,5.171875,364400,2000,10,26,4,11256
5.140625,5.21875,5.15625,5.1875,101600,2000,10,27,5,11257
5.171875,5.5625,5.1875,5.453125,310400,2000,10,30,1,11260
5.46875,6.140625,5.46875,6.140625,408000,2000,10,31,2,11261
6.125,6.46875,6.125,6.328125,252800,2000,11,1,3,11262
6.25,6.398437976837158,6.390625,6.3125,489600,2000,11,2,4,11263
6.25,6.46875,6.3125,6.46875,321200,2000,11,3,5,11264
6.359375,6.5,6.46875,6.375,79600,2000,11,6,1,11267
6.375,6.546875,6.375,6.546875,111200,2000,11,7,2,11268
6.53125,6.65625,6.546875,6.609375,75200,2000,11,8,3,11269
6.515625,6.75,6.578125,6.75,112400,2000,11,9,4,11270
6.71875,7.078125,6.75,7.078125,162800,2000,11,10,5,11271
7.015625,7.5,7.078125,7.5,392000,2000,11,13,1,11274
7.390625,7.703125,7.53125,7.453125,551600,2000,11,14,2,11275
7.328125,7.648437976837158,7.421875,7.34375,375200,2000,11,15,3,11276
6.84375,7.25,7.25,7.03125,325200,2000,11,16,4,11277
6.875,7.1875,7.0,7.1875,113600,2000,11,17,5,11278
7.171875,7.34375,7.1875,7.328125,344400,2000,11,20,1,11281
7.015625,7.4375,7.28125,7.078125,280800,2000,11,21,2,11282
6.59375,7.015625,7.015625,6.75,238800,2000,11,22,3,11283
6.765625,6.9375,6.765625,6.84375,48000,2000,11,24,5,11285
6.8125,6.875,6.875,6.828125,66000,2000,11,27,1,11288
6.78125,6.875,6.859375,6.84375,54000,2000,11,28,2,11289
6.765625,6.859375,6.84375,6.796875,87200,2000,11,29,3,11290
6.671875,7.109375,6.765625,7.078125,268800,2000,11,30,4,11291
7.0,7.125,7.0625,7.046875,200400,2000,12,1,5,11292
6.984375,7.15625,7.015625,7.125,233200,2000,12,4,1,11295
7.109375,7.15625,7.140625,7.140625,119600,2000,12,5,2,11296
7.125,7.1875,7.140625,7.125,92400,2000,12,6,3,11297
7.109375,7.4375,7.140625,7.390625,212800,2000,12,7,4,11298
7.40625,7.640625,7.40625,7.53125,212400,2000,12,8,5,11299
7.46875,7.625,7.53125,7.59375,142800,2000,12,11,1,11302
7.59375,8.5,7.59375,8.359375,691600,2000,12,12,2,11303
8.265625,8.578125,8.3125,8.46875,362000,2000,12,13,3,11304
8.25,8.4375,8.4375,8.375,237200,2000,12,14,4,11305
8.265625,8.75,8.34375,8.625,484000,2000,12,15,5,11306
8.25,8.609375,8.59375,8.25,553600,2000,12,18,1,11309
8.140625,8.90625,8.1875,8.609375,474000,2000,12,19,2,11310
8.078125,8.671875,8.671875,8.140625,228000,2000,12,20,3,11311
7.765625,8.078125,8.078125,7.84375,150000,2000,12,21,4,11312
7.84375,8.46875,7.84375,8.390625,199600,2000,12,22,5,11313
7.9375,8.46875,8.328125,8.296875,212400,2000,12,26,2,11317
8.1875,8.5,8.25,8.5,143600,2000,12,27,3,11318
8.421875,8.71875,8.421875,8.71875,101200,2000,12,28,4,11319
8.625,8.78125,8.671875,8.734375,172800,2000,12,29,5,11320
8.5,8.734375,8.734375,8.5625,318400,2001,1,2,2,11324
8.46875,8.796875,8.53125,8.796875,223200,2001,1,3,3,11325
8.40625,8.75,8.734375,8.40625,106000,2001,1,4,4,11326
8.40625,8.6875,8.421875,8.5,529600,2001,1,5,5,11327
8.0,8.609375,8.515625,8.09375,584400,2001,1,8,1,11330
7.9375,8.109375,8.109375,7.9375,94000,2001,1,9,2,11331
7.9375,8.0,8.0,7.953125,180400,2001,1,10,3,11332
7.90625,8.03125,7.984375,7.953125,365200,2001,1,11,4,11333
7.890625,7.984375,7.984375,7.921875,88000,2001,1,12,5,11334
7.859375,7.9375,7.9375,7.90625,160400,2001,1,16,2,11338
7.90625,8.109375,7.96875,8.046875,403200,2001,1,17,3,11339
8.015625,8.34375,8.046875,8.3125,106000,2001,1,18,4,11340
8.171875,8.296875,8.296875,8.171875,79600,2001,1,19,5,11341
7.9375,8.15625,8.15625,7.953125,180400,2001,1,22,1,11344
7.953125,8.28125,7.953125,8.265625,46400,2001,1,23,2,11345
8.125,8.296875,8.25,8.1875,36800,2001,1,24,3,11346
7.875,8.21875,8.1875,8.109375,170000,2001,1,25,4,11347
7.90625,8.125,8.109375,7.921875,77200,2001,1,26,5,11348
7.949999809265137,8.0625,7.962500095367432,8.0625,44400,2001,1,29,1,11351
7.974999904632568,8.100000381469727,8.100000381469727,7.974999904632568,33600,2001,1,30,2,11352
7.912499904632568,7.977499961853027,7.974999904632568,7.912499904632568,64400,2001,1,31,3,11353
7.804999828338623,7.912499904632568,7.912499904632568,7.817500114440918,167200,2001,2,1,4,11354
7.360000133514404,7.824999809265137,7.802499771118164,7.360000133514404,563200,2001,2,2,5,11355
7.057499885559082,7.357500076293945,7.357500076293945,7.300000190734863,951600,2001,2,5,1,11358
7.324999809265137,7.587500095367432,7.324999809265137,7.582499980926514,450400,2001,2,6,2,11359
7.590000152587891,7.607500076293945,7.59250020980835,7.602499961853027,114000,2001,2,7,3,11360
7.537499904632568,7.602499961853027,7.602499961853027,7.539999961853027,394400,2001,2,8,4,11361
7.527500152587891,7.804999828338623,7.527500152587891,7.787499904632568,120000,2001,2,9,5,11362
7.775000095367432,7.974999904632568,7.775000095367432,7.940000057220459,167600,2001,2,12,1,11365
7.824999809265137,7.985000133514404,7.889999866485596,7.824999809265137,154800,2001,2,13,2,11366
7.824999809265137,8.4375,7.824999809265137,8.244999885559082,454800,2001,2,14,3,11367
8.244999885559082,8.350000381469727,8.244999885559082,8.3149995803833,105200,2001,2,15,4,11368
8.287500381469727,8.332500457763672,8.3125,8.332500457763672,121600,2001,2,16,5,11369
8.327500343322754,8.392499923706055,8.332500457763672,8.359999656677246,278800,2001,2,20,2,11373
8.324999809265137,8.479999542236328,8.375,8.324999809265137,319600,2001,2,21,3,11374
8.3149995803833,8.412500381469727,8.3149995803833,8.319999694824219,291600,2001,2,22,4,11375
8.387499809265137,8.649999618530273,8.425000190734863,8.649999618530273,396800,2001,2,23,5,11376
8.550000190734863,9.0,9.0,8.692500114440918,1552800,2001,2,26,1,11379
8.637499809265137,8.800000190734863,8.642499923706055,8.699999809265137,353600,2001,2,27,2,11380
8.6875,8.942500114440918,8.702500343322754,8.779999732971191,322800,2001,2,28,3,11381
8.6274995803833,8.8125,8.779999732971191,8.75,267200,2001,3,1,4,11382
8.75,9.3100004196167,8.75,9.157500267028809,525200,2001,3,2,5,11383
9.225000381469727,9.375,9.375,9.227499961853027,505600,2001,3,5,1,11386
8.942500114440918,9.1875,9.1875,8.954999923706055,648800,2001,3,6,2,11387
8.6850004196167,8.957500457763672,8.957500457763672,8.6850004196167,136400,2001,3,7,3,11388
8.412500381469727,8.6850004196167,8.6850004196167,8.529999732971191,256000,2001,3,8,4,11389
8.375,8.587499618530273,8.5,8.587499618530273,389200,2001,3,9,5,11390
8.5,8.699999809265137,8.625,8.5,378400,2001,3,12,1,11393
8.317500114440918,8.550000190734863,8.550000190734863,8.317500114440918,147600,2001,3,13,2,11394
8.050000190734863,8.319999694824219,8.319999694824219,8.055000305175781,160800,2001,3,14,3,11395
8.112500190734863,8.162500381469727,8.117500305175781,8.15999984741211,94800,2001,3,15,4,11396
8.024999618530273,8.3125,8.15999984741211,8.25,350000,2001,3,16,5,11397
8.032500267028809,8.274999618530273,8.274999618530273,8.032500267028809,246800,2001,3,19,1,11400
7.537499904632568,8.03499984741211,8.03499984741211,7.537499904632568,437600,2001,3,20,2,11401
7.300000190734863,7.75,7.502500057220459,7.650000095367432,570000,2001,3,21,3,11402
7.099999904632568,7.684999942779541,7.647500038146973,7.684999942779541,569200,2001,3,22,4,11403
7.684999942779541,8.0,7.684999942779541,7.902500152587891,426800,2001,3,23,5,11404
7.512499809265137,7.987500190734863,7.902500152587891,7.684999942779541,387600,2001,3,26,1,11407
7.385000228881836,7.722499847412109,7.684999942779541,7.699999809265137,462800,2001,3,27,2,11408
7.574999809265137,8.037500381469727,7.637499809265137,8.037500381469727,275200,2001,3,28,3,11409
7.537499904632568,8.175000190734863,8.037500381469727,7.637499809265137,612800,2001,3,29,4,11410
7.349999904632568,7.875,7.762499809265137,7.402500152587891,726800,2001,3,30,5,11411
7.199999809265137,7.46999979019165,7.427499771118164,7.235000133514404,443600,2001,4,2,1,11414
6.9375,7.237500190734863,7.237500190734863,7.0,870800,2001,4,3,2,11415
6.712500095367432,7.0,7.0,6.724999904632568,610800,2001,4,4,3,11416
6.775000095367432,7.170000076293945,6.775000095367432,7.099999904632568,328800,2001,4,5,4,11417
6.650000095367432,7.162499904632568,7.162499904632568,6.822500228881836,379600,2001,4,6,5,11418
6.857500076293945,6.949999809265137,6.872499942779541,6.942500114440918,485600,2001,4,9,1,11421
6.989999771118164,7.75,7.005000114440918,7.599999904632568,1388000,2001,4,10,2,11422
7.400000095367432,7.747499942779541,7.599999904632568,7.737500190734863,456800,2001,4,11,3,11423
7.525000095367432,7.784999847412109,7.675000190734863,7.784999847412109,225600,2001,4,12,4,11424
7.474999904632568,7.900000095367432,7.760000228881836,7.525000095367432,1329600,2001,4,16,1,11428
7.537499904632568,7.75,7.537499904632568,7.699999809265137,508400,2001,4,17,2,11429
7.875,8.297499656677246,7.875,8.262499809265137,280400,2001,4,18,3,11430
8.265000343322754,8.537500381469727,8.265000343322754,8.5024995803833,277200,2001,4,19,4,11431
7.925000190734863,8.65250015258789,8.65250015258789,8.225000381469727,539600,2001,4,20,5,11432
7.875,8.217499732971191,8.175000190734863,7.875,228400,2001,4,23,1,11435
7.912499904632568,8.3125,7.912499904632568,8.289999961853027,399200,2001,4,24,2,11436
8.0,8.229999542236328,8.227499961853027,8.145000457763672,312800,2001,4,25,3,11437
8.100000381469727,8.387499809265137,8.145000457763672,8.375,467200,2001,4,26,4,11438
8.5625,8.725000381469727,8.5625,8.607500076293945,440400,2001,4,27,5,11439
8.664999961853027,8.9375,8.732500076293945,8.852499961853027,378800,2001,4,30,1,11442
8.899999618530273,9.337499618530273,9.0,9.3125,615600,2001,5,1,2,11443
9.337499618530273,10.0625,9.337499618530273,9.5649995803833,2109200,2001,5,2,3,11444
9.037500381469727,9.5649995803833,9.5625,9.145000457763672,779600,2001,5,3,4,11445
9.145000457763672,9.425000190734863,9.145000457763672,9.345000267028809,513600,2001,5,4,5,11446
9.324999809265137,9.432499885559082,9.350000381469727,9.359999656677246,243200,2001,5,7,1,11449
9.199999809265137,9.362500190734863,9.362500190734863,9.2475004196167,326000,2001,5,8,2,11450
8.957500457763672,9.199999809265137,9.199999809265137,9.0,300400,2001,5,9,3,11451
8.65250015258789,9.0,9.0,8.737500190734863,387600,2001,5,10,4,11452
8.574999809265137,8.875,8.737500190734863,8.850000381469727,559600,2001,5,11,5,11453
8.827500343322754,8.912500381469727,8.850000381469727,8.850000381469727,314800,2001,5,14,1,11456
8.717499732971191,8.832500457763672,8.824999809265137,8.717499732971191,122800,2001,5,15,2,11457
8.649999618530273,8.762499809265137,8.72249984741211,8.75,188400,2001,5,16,3,11458
8.762499809265137,8.927499771118164,8.762499809265137,8.875,211600,2001,5,17,4,11459
8.8125,8.904999732971191,8.862500190734863,8.90250015258789,74800,2001,5,18,5,11460
8.449999809265137,8.9375,8.675000190734863,8.9375,444400,2001,5,21,1,11463
9.015000343322754,9.3725004196167,9.074999809265137,9.292499542236328,522000,2001,5,22,2,11464
9.1899995803833,9.332500457763672,9.300000190734863,9.327500343322754,157600,2001,5,23,3,11465
9.137499809265137,9.3125,9.3125,9.192500114440918,282800,2001,5,24,4,11466
9.074999809265137,9.192500114440918,9.192500114440918,9.1274995803833,105200,2001,5,25,5,11467
9.100000381469727,9.212499618530273,9.137499809265137,9.1899995803833,91200,2001,5,29,2,11471
9.1899995803833,9.237500190734863,9.1899995803833,9.199999809265137,185600,2001,5,30,3,11472
9.182499885559082,9.265000343322754,9.199999809265137,9.212499618530273,398000,2001,5,31,4,11473
9.1274995803833,9.25,9.2475004196167,9.199999809265137,138400,2001,6,1,5,11474
9.100000381469727,9.3100004196167,9.225000381469727,9.2475004196167,217600,2001,6,4,1,11477
9.15250015258789,9.350000381469727,9.2475004196167,9.199999809265137,374000,2001,6,5,2,11478
9.199999809265137,9.34749984741211,9.199999809265137,9.234999656677246,171600,2001,6,6,3,11479
9.024999618530273,9.234999656677246,9.234999656677246,9.0600004196167,149600,2001,6,7,4,11480
8.8125,9.0600004196167,9.0600004196167,9.017499923706055,246000,2001,6,8,5,11481
9.050000190734863,9.2475004196167,9.050000190734863,9.102499961853027,206400,2001,6,11,1,11484
9.055000305175781,9.199999809265137,9.104999542236328,9.15250015258789,185600,2001,6,12,2,11485
8.925000190734863,9.15250015258789,9.15250015258789,8.925000190734863,564400,2001,6,13,3,11486
8.630000114440918,9.024999618530273,8.927499771118164,8.654999732971191,604000,2001,6,14,4,11487
8.524999618530273,8.787500381469727,8.65250015258789,8.675000190734863,695600,2001,6,15,5,11488
8.399999618530273,8.6875,8.672499656677246,8.482500076293945,572400,2001,6,18,1,11491
8.399999618530273,8.850000381469727,8.482500076293945,8.487500190734863,1374800,2001,6,19,2,11492
8.587499618530273,8.862500190734863,8.625,8.762499809265137,5346800,2001,6,20,3,11493
8.75,8.887499809265137,8.824999809265137,8.8125,712000,2001,6,21,4,11494
8.774999618530273,8.994999885559082,8.774999618530273,8.970000267028809,521600,2001,6,22,5,11495
9.100000381469727,9.375,9.25,9.367500305175781,948000,2001,6,25,1,11498
9.375,9.75,9.412500381469727,9.475000381469727,1046000,2001,6,26,2,11499
9.5,9.824999809265137,9.600000381469727,9.824999809265137,875200,2001,6,27,3,11500
9.824999809265137,10.137499809265137,9.824999809265137,10.125,1641600,2001,6,28,4,11501
9.8774995803833,10.345000267028809,10.125,10.022500038146973,987200,2001,6,29,5,11502
9.952500343322754,10.2475004196167,10.095000267028809,10.087499618530273,719600,2001,7,2,1,11505
10.125,10.237500190734863,10.149999618530273,10.202500343322754,260000,2001,7,3,2,11506
10.25,10.7475004196167,10.25,10.5024995803833,782000,2001,7,5,4,11508
10.212499618530273,10.587499618530273,10.5,10.362500190734863,1746000,2001,7,6,5,11509
9.899999618530273,10.412500381469727,10.387499809265137,10.074999809265137,1364400,2001,7,9,1,11512
10.02750015258789,10.367500305175781,10.072500228881836,10.324999809265137,295200,2001,7,10,2,11513
10.237500190734863,10.600000381469727,10.300000190734863,10.237500190734863,503600,2001,7,11,3,11514
10.274999618530273,11.024999618530273,10.274999618530273,10.845000267028809,759200,2001,7,12,4,11515
10.787500381469727,11.074999809265137,10.850000381469727,10.975000381469727,654400,2001,7,13,5,11516
10.774999618530273,11.199999809265137,11.012499809265137,10.8725004196167,720400,2001,7,16,1,11519
10.75,11.125,10.75,11.125,315200,2001,7,17,2,11520
10.707500457763672,11.25,11.114999771118164,11.037500381469727,582400,2001,7,18,3,11521
11.037500381469727,11.274999618530273,11.037500381469727,11.0625,1478400,2001,7,19,4,11522
11.050000190734863,11.234999656677246,11.112500190734863,11.0625,792400,2001,7,20,5,11523
10.9399995803833,11.399999618530273,11.1875,10.949999809265137,566000,2001,7,23,1,11526
10.757499694824219,11.0,10.899999618530273,10.907500267028809,592400,2001,7,24,2,11527
10.425000190734863,11.112500190734863,10.907500267028809,10.425000190734863,860400,2001,7,25,3,11528
10.087499618530273,10.425000190734863,10.425000190734863,10.375,657600,2001,7,26,4,11529
10.25,10.425000190734863,10.375,10.399999618530273,779600,2001,7,27,5,11530
10.399999618530273,10.8125,10.425000190734863,10.699999809265137,1128800,2001,7,30,1,11533
10.75,11.162500381469727,10.75,11.085000038146973,768000,2001,7,31,2,11534
11.039999961853027,11.359999656677246,11.225000381469727,11.25,840800,2001,8,1,3,11535
10.449999809265137,11.25,11.25,10.670000076293945,1863600,2001,8,2,4,11536
10.350000381469727,10.90999984741211,10.670000076293945,10.625,1348000,2001,8,3,5,11537
10.462499618530273,10.862500190734863,10.6875,10.582500457763672,1104800,2001,8,6,1,11540
10.375,11.297499656677246,10.550000190734863,11.0,1294400,2001,8,7,2,11541
10.75,11.319999694824219,10.949999809265137,11.15250015258789,1498000,2001,8,8,3,11542
11.0,11.350000381469727,11.274999618530273,11.274999618530273,1118800,2001,8,9,4,11543
11.087499618530273,11.625,11.3125,11.507499694824219,550400,2001,8,10,5,11544
11.5625,11.949999809265137,11.587499618530273,11.625,854000,2001,8,13,1,11547
11.6875,12.3125,11.737500190734863,11.835000038146973,1098400,2001,8,14,2,11548
11.462499618530273,11.787500381469727,11.5,11.6850004196167,1262400,2001,8,15,3,11549
10.875,11.760000228881836,11.725000381469727,11.34000015258789,848800,2001,8,16,4,11550
10.925000190734863,11.487500190734863,11.350000381469727,11.300000190734863,718400,2001,8,17,5,11551
11.324999809265137,11.649999618530273,11.324999809265137,11.600000381469727,338400,2001,8,20,1,11554
11.475000381469727,11.979999542236328,11.600000381469727,11.4975004196167,812400,2001,8,21,2,11555
11.399999618530273,11.625,11.5600004196167,11.5625,1034400,2001,8,22,3,11556
11.225000381469727,11.539999961853027,11.5,11.225000381469727,293600,2001,8,23,4,11557
11.227499961853027,11.397500038146973,11.227499961853027,11.345000267028809,260000,2001,8,24,5,11558
10.9375,11.345000267028809,11.345000267028809,10.987500190734863,1204400,2001,8,27,1,11561
10.574999809265137,11.100000381469727,10.925000190734863,10.994999885559082,1398400,2001,8,28,2,11562
10.75,11.142499923706055,11.012499809265137,11.0,304400,2001,8,29,3,11563
10.670000076293945,11.162500381469727,10.975000381469727,10.725000381469727,708800,2001,8,30,4,11564
10.625,10.774999618530273,10.725000381469727,10.72249984741211,673600,2001,8,31,5,11565
10.199999809265137,10.72249984741211,10.72249984741211,10.300000190734863,1610000,2001,9,4,2,11569
9.720000267028809,10.397500038146973,10.3125,9.737500190734863,2068000,2001,9,5,3,11570
9.074999809265137,9.662500381469727,9.649999618530273,9.25,2311200,2001,9,6,4,11571
9.199999809265137,9.487500190734863,9.225000381469727,9.239999771118164,1214400,2001,9,7,5,11572
9.0,9.300000190734863,9.125,9.052499771118164,1918400,2001,9,10,1,11575
8.550000190734863,9.300000190734863,8.75,9.175000190734863,1302800,2001,9,17,1,11582
9.100000381469727,9.225000381469727,9.162500381469727,9.100000381469727,726400,2001,9,18,2,11583
9.024999618530273,9.625,9.1274995803833,9.574999809265137,1346000,2001,9,19,3,11584
8.875,9.524999618530273,9.4375,8.875,846000,2001,9,20,4,11585
8.5625,9.012499809265137,8.75,8.725000381469727,1916400,2001,9,21,5,11586
8.737500190734863,9.420000076293945,8.737500190734863,9.420000076293945,965200,2001,9,24,1,11589
9.1875,9.412500381469727,9.375,9.337499618530273,482800,2001,9,25,2,11590
9.050000190734863,9.850000381469727,9.3125,9.170000076293945,2119200,2001,9,26,3,11591
9.3125,9.8125,9.3125,9.467499732971191,1018800,2001,9,27,4,11592
9.387499809265137,10.0600004196167,9.5,9.932499885559082,734800,2001,9,28,5,11593
8.892499923706055,9.987500190734863,9.932499885559082,8.9375,847600,2001,10,1,1,11596
8.975000381469727,9.612500190734863,8.975000381469727,9.487500190734863,1029600,2001,10,2,2,11597
9.1225004196167,9.875,9.449999809265137,9.789999961853027,1206000,2001,10,3,3,11598
9.47249984741211,9.949999809265137,9.8125,9.492500305175781,1140000,2001,10,4,4,11599
9.149999618530273,9.555000305175781,9.555000305175781,9.324999809265137,582000,2001,10,5,5,11600
9.100000381469727,9.375,9.337499618530273,9.225000381469727,577600,2001,10,8,1,11603
9.225000381469727,9.699999809265137,9.25,9.612500190734863,715600,2001,10,9,2,11604
9.612500190734863,10.300000190734863,9.612500190734863,10.100000381469727,1412400,2001,10,10,3,11605
10.225000381469727,10.4375,10.225000381469727,10.337499618530273,724000,2001,10,11,4,11606
10.0625,10.407500267028809,10.3125,10.274999618530273,705200,2001,10,12,5,11607
10.0625,10.649999618530273,10.274999618530273,10.579999923706055,480400,2001,10,15,1,11610
10.375,10.824999809265137,10.579999923706055,10.375,663600,2001,10,16,2,11611
10.1274995803833,10.5,10.5,10.25,721600,2001,10,17,3,11612
10.1225004196167,10.362500190734863,10.25,10.25,761600,2001,10,18,4,11613
10.1899995803833,10.337499618530273,10.25,10.234999656677246,234000,2001,10,19,5,11614
10.074999809265137,10.422499656677246,10.324999809265137,10.170000076293945,482800,2001,10,22,1,11617
10.170000076293945,10.699999809265137,10.170000076293945,10.577500343322754,667200,2001,10,23,2,11618
10.0024995803833,10.577500343322754,10.577500343322754,10.087499618530273,412800,2001,10,24,3,11619
10.125,10.5649995803833,10.149999618530273,10.5,312000,2001,10,25,4,11620
10.220000267028809,10.6225004196167,10.425000190734863,10.369999885559082,610000,2001,10,26,5,11621
10.154999732971191,10.417499542236328,10.369999885559082,10.352499961853027,357200,2001,10,29,1,11624
10.137499809265137,10.5,10.5,10.362500190734863,471600,2001,10,30,2,11625
10.1899995803833,10.454999923706055,10.362500190734863,10.279999732971191,335200,2001,10,31,3,11626
10.237500190734863,10.399999618530273,10.282500267028809,10.362500190734863,485600,2001,11,1,4,11627
10.337499618530273,11.172499656677246,10.364999771118164,10.975000381469727,1710000,2001,11,2,5,11628
11.137499809265137,11.625,11.212499618530273,11.1875,1646000,2001,11,5,1,11631
10.8774995803833,11.137499809265137,11.137499809265137,10.967499732971191,738400,2001,11,6,2,11632
10.850000381469727,11.0,10.975000381469727,10.927499771118164,444400,2001,11,7,3,11633
10.739999771118164,10.9375,10.9375,10.75,507600,2001,11,8,4,11634
10.324999809265137,10.987500190734863,10.774999618530273,10.75,780800,2001,11,9,5,11635
10.675000190734863,10.850000381469727,10.762499809265137,10.78499984741211,578800,2001,11,12,1,11638
10.664999961853027,10.800000190734863,10.792499542236328,10.744999885559082,968400,2001,11,13,2,11639
10.637499809265137,10.75,10.7475004196167,10.75,1390000,2001,11,14,3,11640
9.637499809265137,10.225000381469727,10.125,9.84749984741211,4239200,2001,11,15,4,11641
9.59749984741211,9.954999923706055,9.78499984741211,9.600000381469727,1446800,2001,11,16,5,11642
9.25,9.75,9.625,9.25,1189200,2001,11,19,1,11645
9.274999618530273,9.6850004196167,9.287500381469727,9.425000190734863,2123600,2001,11,20,2,11646
9.4375,9.725000381469727,9.487500190734863,9.6274995803833,821600,2001,11,21,3,11647
9.5,9.899999618530273,9.5,9.762499809265137,290000,2001,11,23,5,11649
9.800000190734863,10.194999694824219,9.8125,10.117500305175781,508000,2001,11,26,1,11652
9.755000114440918,10.007499694824219,9.975000381469727,9.774999618530273,400400,2001,11,27,2,11653
9.324999809265137,9.75,9.75,9.375,1018400,2001,11,28,3,11654
9.237500190734863,9.712499618530273,9.625,9.392499923706055,2058400,2001,11,29,4,11655
9.375,9.822500228881836,9.412500381469727,9.774999618530273,1495200,2001,11,30,5,11656
9.5024995803833,9.9375,9.739999771118164,9.5024995803833,448800,2001,12,3,1,11659
9.5,9.7475004196167,9.625,9.71500015258789,441600,2001,12,4,2,11660
9.762499809265137,10.537500381469727,9.762499809265137,10.4375,983600,2001,12,5,3,11661
10.375,10.600000381469727,10.4375,10.4375,551600,2001,12,6,4,11662
10.3774995803833,10.774999618530273,10.412500381469727,10.75,826400,2001,12,7,5,11663
10.637499809265137,10.904999732971191,10.7524995803833,10.675000190734863,771600,2001,12,10,1,11666
10.4375,10.792499542236328,10.649999618530273,10.512499809265137,367600,2001,12,11,2,11667
10.297499656677246,10.5625,10.512499809265137,10.475000381469727,296400,2001,12,12,3,11668
10.375,10.550000190734863,10.475000381469727,10.3774995803833,325200,2001,12,13,4,11669
10.25,10.407500267028809,10.3774995803833,10.25,398800,2001,12,14,5,11670
10.225000381469727,10.774999618530273,10.25,10.7475004196167,487200,2001,12,17,1,11673
10.600000381469727,11.149999618530273,10.697500228881836,10.699999809265137,690800,2001,12,18,2,11674
10.5024995803833,10.664999961853027,10.662500381469727,10.517499923706055,249600,2001,12,19,3,11675
10.27750015258789,10.537500381469727,10.512499809265137,10.387499809265137,498400,2001,12,20,4,11676
10.287500381469727,10.524999618530273,10.449999809265137,10.487500190734863,643600,2001,12,21,5,11677
10.5,10.572500228881836,10.524999618530273,10.5625,70800,2001,12,24,1,11680
10.587499618530273,10.792499542236328,10.625,10.59749984741211,551600,2001,12,26,3,11682
10.5,10.632499694824219,10.595000267028809,10.557499885559082,367200,2001,12,27,4,11683
10.5,10.625,10.600000381469727,10.537500381469727,888800,2001,12,28,5,11684
10.430000305175781,10.612500190734863,10.600000381469727,10.515000343322754,492800,2001,12,31,1,11687
10.109999656677246,10.537500381469727,10.524999618530273,10.220000267028809,434000,2002,1,2,3,11689
10.212499618530273,10.449999809265137,10.212499618530273,10.3125,674000,2002,1,3,4,11690
10.125,10.487500190734863,10.262499809265137,10.149999618530273,608400,2002,1,4,5,11691
10.092499732971191,10.300000190734863,10.149999618530273,10.092499732971191,556000,2002,1,7,1,11694
10.125,10.3125,10.162500381469727,10.25,753600,2002,1,8,2,11695
9.932499885559082,10.587499618530273,10.25,9.932499885559082,2387200,2002,1,9,3,11696
9.642499923706055,10.125,9.962499618530273,10.074999809265137,2607600,2002,1,10,4,11697
10.0024995803833,10.212499618530273,10.100000381469727,10.100000381469727,702800,2002,1,11,5,11698
9.75,10.0649995803833,10.0625,9.789999961853027,1075600,2002,1,14,1,11701
8.899999618530273,9.837499618530273,9.75,9.53499984741211,3355600,2002,1,15,2,11702
9.449999809265137,9.647500038146973,9.515000343322754,9.5,2994800,2002,1,16,3,11703
9.5,9.710000038146973,9.5,9.642499923706055,621600,2002,1,17,4,11704
9.462499618530273,9.619999885559082,9.579999923706055,9.550000190734863,1633200,2002,1,18,5,11705
9.324999809265137,9.647500038146973,9.537500381469727,9.442500114440918,570400,2002,1,22,2,11709
9.412500381469727,9.6875,9.442500114440918,9.470000267028809,780000,2002,1,23,3,11710
8.324999809265137,9.430000305175781,9.430000305175781,8.8125,4527600,2002,1,24,4,11711
8.274999618530273,9.015000343322754,8.787500381469727,8.274999618530273,3872000,2002,1,25,5,11712
8.125,8.380000114440918,8.287500381469727,8.3100004196167,1906400,2002,1,28,1,11715
7.887499809265137,8.425000190734863,8.3100004196167,8.362500190734863,1493600,2002,1,29,2,11716
8.350000381469727,8.592499732971191,8.362500190734863,8.5,878000,2002,1,30,3,11717
8.5,8.899999618530273,8.512499809265137,8.837499618530273,996800,2002,1,31,4,11718
8.712499618530273,9.25,9.25,8.774999618530273,1570000,2002,2,1,5,11719
8.614999771118164,8.875,8.737500190734863,8.649999618530273,1532000,2002,2,4,1,11722
7.949999809265137,8.1875,8.0625,8.142499923706055,3888400,2002,2,5,2,11723
8.074999809265137,8.225000381469727,8.199999809265137,8.132499694824219,518000,2002,2,6,3,11724
7.744999885559082,8.125,8.087499618530273,7.855000019073486,1506400,2002,2,7,4,11725
7.587500095367432,7.974999904632568,7.875,7.590000152587891,1718800,2002,2,8,5,11726
7.599999904632568,8.0625,7.599999904632568,8.0024995803833,1926400,2002,2,11,1,11729
8.022500038146973,8.1875,8.0625,8.149999618530273,855200,2002,2,12,2,11730
8.149999618530273,8.649999618530273,8.149999618530273,8.3125,1108000,2002,2,13,3,11731
8.3125,8.449999809265137,8.375,8.337499618530273,666400,2002,2,14,4,11732
8.012499809265137,8.399999618530273,8.34000015258789,8.095000267028809,800800,2002,2,15,5,11733
8.024999618530273,8.399999618530273,8.037500381469727,8.167499542236328,1177600,2002,2,19,2,11737
8.167499542236328,8.40999984741211,8.167499542236328,8.305000305175781,385200,2002,2,20,3,11738
8.237500190734863,8.399999618530273,8.25,8.25,527200,2002,2,21,4,11739
8.125,8.407500267028809,8.25,8.300000190734863,660000,2002,2,22,5,11740
8.2475004196167,8.40999984741211,8.300000190734863,8.380000114440918,264000,2002,2,25,1,11743
8.262499809265137,8.487500190734863,8.354999542236328,8.487500190734863,681200,2002,2,26,2,11744
8.524999618530273,8.824999809265137,8.524999618530273,8.75,759600,2002,2,27,3,11745
8.649999618530273,8.869999885559082,8.75,8.800000190734863,912800,2002,2,28,4,11746
8.574999809265137,8.897500038146973,8.574999809265137,8.8774995803833,1104000,2002,3,1,5,11747
8.824999809265137,9.2524995803833,8.8774995803833,9.2524995803833,495200,2002,3,4,1,11750
8.90250015258789,9.21500015258789,9.21500015258789,9.037500381469727,361600,2002,3,5,2,11751
8.837499618530273,9.0625,9.0,9.0625,229200,2002,3,6,3,11752
8.9350004196167,9.137499809265137,9.0625,9.125,619200,2002,3,7,4,11753
9.02750015258789,9.337499618530273,9.1875,9.02750015258789,514800,2002,3,8,5,11754
8.862500190734863,9.225000381469727,9.037500381469727,9.22249984741211,473600,2002,3,11,1,11757
9.119999885559082,9.324999809265137,9.15999984741211,9.2524995803833,286000,2002,3,12,2,11758
9.212499618530273,9.350000381469727,9.25,9.237500190734863,273200,2002,3,13,3,11759
9.100000381469727,9.324999809265137,9.237500190734863,9.1225004196167,282400,2002,3,14,4,11760
9.0024995803833,9.125,9.0600004196167,9.112500190734863,268800,2002,3,15,5,11761
8.774999618530273,9.074999809265137,9.050000190734863,8.787500381469727,651200,2002,3,18,1,11764
8.824999809265137,8.949999809265137,8.850000381469727,8.920000076293945,423600,2002,3,19,2,11765
8.4975004196167,8.920000076293945,8.920000076293945,8.5,657200,2002,3,20,3,11766
8.452500343322754,8.699999809265137,8.5024995803833,8.657500267028809,626000,2002,3,21,4,11767
8.475000381469727,8.717499732971191,8.662500381469727,8.475000381469727,364400,2002,3,22,5,11768
8.287500381469727,8.609999656677246,8.475000381469727,8.609999656677246,502800,2002,3,25,1,11771
7.962500095367432,8.612500190734863,8.612500190734863,8.0625,1692400,2002,3,26,2,11772
7.599999904632568,8.449999809265137,8.0625,7.599999904632568,4135600,2002,3,27,3,11773
7.662499904632568,7.887499809265137,7.662499904632568,7.682499885559082,2976800,2002,3,28,4,11774
7.597499847412109,7.787499904632568,7.699999809265137,7.697500228881836,705600,2002,4,1,1,11778
7.074999809265137,7.875,7.125,7.630000114440918,3574800,2002,4,2,2,11779
7.387499809265137,7.579999923706055,7.579999923706055,7.487500190734863,2594800,2002,4,3,3,11780
7.322500228881836,7.512499809265137,7.375,7.400000095367432,1282800,2002,4,4,4,11781
7.300000190734863,7.434999942779541,7.400000095367432,7.337500095367432,966800,2002,4,5,5,11782
7.332499980926514,7.902500152587891,7.332499980926514,7.807499885559082,1053200,2002,4,8,1,11785
7.752500057220459,7.855000019073486,7.8125,7.817500114440918,1095600,2002,4,9,2,11786
7.762499809265137,7.849999904632568,7.824999809265137,7.815000057220459,558000,2002,4,10,3,11787
7.75,7.824999809265137,7.815000057220459,7.800000190734863,685600,2002,4,11,4,11788
7.744999885559082,7.8125,7.800000190734863,7.78000020980835,611600,2002,4,12,5,11789
7.78000020980835,7.974999904632568,7.78000020980835,7.787499904632568,624000,2002,4,15,1,11792
7.792500019073486,8.024999618530273,7.792500019073486,7.929999828338623,460400,2002,4,16,2,11793
7.775000095367432,7.942500114440918,7.929999828338623,7.802499771118164,284800,2002,4,17,3,11794
7.75,7.887499809265137,7.762499809265137,7.777500152587891,465600,2002,4,18,4,11795
7.800000190734863,7.947500228881836,7.800000190734863,7.84250020980835,422000,2002,4,19,5,11796
7.699999809265137,7.84250020980835,7.84250020980835,7.775000095367432,496800,2002,4,22,1,11799
7.527500152587891,7.775000095367432,7.762499809265137,7.53000020980835,755200,2002,4,23,2,11800
7.53000020980835,7.75,7.53000020980835,7.682499885559082,459200,2002,4,24,3,11801
7.647500038146973,7.800000190734863,7.6875,7.65749979019165,422000,2002,4,25,4,11802
7.630000114440918,7.837500095367432,7.662499904632568,7.752500057220459,285200,2002,4,26,5,11803
7.612500190734863,7.75,7.690000057220459,7.617499828338623,841200,2002,4,29,1,11806
7.599999904632568,7.8125,7.612500190734863,7.75,394400,2002,4,30,2,11807
7.6875,7.847499847412109,7.75,7.724999904632568,555200,2002,5,1,3,11808
7.724999904632568,7.96999979019165,7.75,7.889999866485596,1680000,2002,5,2,4,11809
7.824999809265137,7.962500095367432,7.892499923706055,7.949999809265137,843200,2002,5,3,5,11810
7.875,8.149999618530273,7.949999809265137,7.962500095367432,598000,2002,5,6,1,11813
7.925000190734863,8.045000076293945,7.949999809265137,7.925000190734863,400400,2002,5,7,2,11814
7.9375,8.287500381469727,7.962500095367432,8.262499809265137,634000,2002,5,8,3,11815
7.929999828338623,8.25,8.225000381469727,7.9375,320000,2002,5,9,4,11816
7.862500190734863,7.952499866485596,7.9375,7.897500038146973,353600,2002,5,10,5,11817
7.877500057220459,8.085000038146973,7.887499809265137,8.020000457763672,272000,2002,5,13,1,11820
7.987500190734863,8.28499984741211,8.074999809265137,8.25,271600,2002,5,14,2,11821
8.15250015258789,8.212499618530273,8.212499618530273,8.172499656677246,375200,2002,5,15,3,11822
7.737500190734863,8.1850004196167,8.1850004196167,7.962500095367432,925600,2002,5,16,4,11823
7.90749979019165,8.037500381469727,7.962500095367432,7.974999904632568,723600,2002,5,17,5,11824
7.862500190734863,7.965000152587891,7.962500095367432,7.862500190734863,390800,2002,5,20,1,11827
7.389999866485596,7.824999809265137,7.800000190734863,7.59499979019165,1599600,2002,5,21,2,11828
7.494999885559082,7.599999904632568,7.599999904632568,7.534999847412109,438400,2002,5,22,3,11829
7.4375,7.699999809265137,7.5,7.650000095367432,825600,2002,5,23,4,11830
7.537499904632568,7.712500095367432,7.642499923706055,7.622499942779541,408800,2002,5,24,5,11831
7.512499809265137,7.667500019073486,7.622499942779541,7.625,434800,2002,5,28,2,11835
7.400000095367432,7.619999885559082,7.619999885559082,7.610000133514404,950400,2002,5,29,3,11836
7.59250020980835,7.710000038146973,7.599999904632568,7.699999809265137,551600,2002,5,30,4,11837
7.707499980926514,7.824999809265137,7.724999904632568,7.764999866485596,448000,2002,5,31,5,11838
7.702499866485596,7.760000228881836,7.75,7.75,549600,2002,6,3,1,11841
7.712500095367432,7.8125,7.75,7.784999847412109,612400,2002,6,4,2,11842
7.630000114440918,7.784999847412109,7.784999847412109,7.727499961853027,465200,2002,6,5,3,11843
7.474999904632568,7.712500095367432,7.712500095367432,7.637499809265137,380800,2002,6,6,4,11844
7.587500095367432,7.760000228881836,7.630000114440918,7.75,197200,2002,6,7,5,11845
7.75,7.860000133514404,7.75,7.775000095367432,217600,2002,6,10,1,11848
7.742499828338623,7.817500114440918,7.755000114440918,7.795000076293945,357600,2002,6,11,2,11849
7.75,7.800000190734863,7.75,7.764999866485596,450400,2002,6,12,3,11850
7.8125,8.210000038146973,7.887499809265137,7.877500057220459,1432400,2002,6,13,4,11851
7.699999809265137,7.855000019073486,7.840000152587891,7.824999809265137,580000,2002,6,14,5,11852
7.787499904632568,8.137499809265137,7.835000038146973,8.037500381469727,281200,2002,6,17,1,11855
8.024999618530273,8.125,8.024999618530273,8.050000190734863,203600,2002,6,18,2,11856
8.010000228881836,8.270000457763672,8.052499771118164,8.100000381469727,437200,2002,6,19,3,11857
8.107500076293945,8.257499694824219,8.112500190734863,8.1875,449600,2002,6,20,4,11858
8.175000190734863,8.262499809265137,8.237500190734863,8.244999885559082,2705600,2002,6,21,5,11859
8.0625,8.225000381469727,8.225000381469727,8.0649995803833,969600,2002,6,24,1,11862
7.837500095367432,8.175000190734863,8.074999809265137,7.840000152587891,484000,2002,6,25,2,11863
7.449999809265137,7.840000152587891,7.840000152587891,7.465000152587891,1205600,2002,6,26,3,11864
7.462500095367432,7.612500190734863,7.537499904632568,7.579999923706055,1284800,2002,6,27,4,11865
7.5625,7.925000190734863,7.574999809265137,7.925000190734863,1059600,2002,6,28,5,11866
7.349999904632568,7.914999961853027,7.912499904632568,7.400000095367432,537200,2002,7,1,1,11869
7.090000152587891,7.400000095367432,7.400000095367432,7.199999809265137,592800,2002,7,2,2,11870
6.925000190734863,7.177499771118164,7.175000190734863,6.932499885559082,1022800,2002,7,3,3,11871
6.922500133514404,7.079999923706055,6.932499885559082,7.005000114440918,461200,2002,7,5,5,11873
6.815000057220459,6.96999979019165,6.949999809265137,6.934999942779541,848000,2002,7,8,1,11876
6.485000133514404,6.925000190734863,6.925000190734863,6.487500190734863,1016000,2002,7,9,2,11877
6.300000190734863,6.574999809265137,6.492499828338623,6.452499866485596,862400,2002,7,10,3,11878
6.340000152587891,6.46750020980835,6.447500228881836,6.392499923706055,586800,2002,7,11,4,11879
6.237500190734863,6.387499809265137,6.362500190734863,6.252500057220459,642400,2002,7,12,5,11880
6.0,6.25,6.247499942779541,6.224999904632568,1181200,2002,7,15,1,11883
6.002500057220459,6.237500190734863,6.237500190734863,6.099999904632568,905600,2002,7,16,2,11884
5.887499809265137,6.324999809265137,6.3125,6.050000190734863,737600,2002,7,17,3,11885
5.855000019073486,6.047500133514404,6.042500019073486,5.922500133514404,457200,2002,7,18,4,11886
5.712500095367432,5.875,5.875,5.775000095367432,632000,2002,7,19,5,11887
5.4375,5.809999942779541,5.775000095367432,5.440000057220459,1674000,2002,7,22,1,11890
5.324999809265137,5.547500133514404,5.462500095367432,5.452499866485596,809200,2002,7,23,2,11891
5.412499904632568,5.880000114440918,5.440000057220459,5.835000038146973,1265200,2002,7,24,3,11892
5.574999809265137,6.162499904632568,5.835000038146973,6.0,982000,2002,7,25,4,11893
5.849999904632568,5.982500076293945,5.862500190734863,5.925000190734863,813200,2002,7,26,5,11894
5.9375,6.3125,5.9375,6.302499771118164,446400,2002,7,29,1,11897
5.962500095367432,6.302499771118164,6.302499771118164,6.087500095367432,793600,2002,7,30,2,11898
5.852499961853027,6.087500095367432,6.087500095367432,5.929999828338623,919200,2002,7,31,3,11899
6.1875,6.599999904632568,6.1875,6.474999904632568,3051200,2002,8,1,4,11900
5.875,6.477499961853027,6.477499961853027,5.974999904632568,1868000,2002,8,2,5,11901
5.775000095367432,5.974999904632568,5.962500095367432,5.875,910000,2002,8,5,1,11904
5.802499771118164,5.987500190734863,5.877500057220459,5.875,615200,2002,8,6,2,11905
5.755000114440918,5.949999809265137,5.875,5.827499866485596,422400,2002,8,7,3,11906
5.769999980926514,5.849999904632568,5.800000190734863,5.849999904632568,668800,2002,8,8,4,11907
5.802499771118164,5.974999904632568,5.849999904632568,5.90500020980835,1206400,2002,8,9,5,11908
5.837500095367432,5.945000171661377,5.875,5.9375,405600,2002,8,12,1,11911
5.652500152587891,5.934999942779541,5.932499885559082,5.675000190734863,326800,2002,8,13,2,11912
5.525000095367432,5.949999809265137,5.675000190734863,5.835000038146973,458400,2002,8,14,3,11913
5.775000095367432,5.949999809265137,5.837500095367432,5.775000095367432,519600,2002,8,15,4,11914
5.75,6.175000190734863,5.777500152587891,6.175000190734863,532400,2002,8,16,5,11915
6.0625,6.247499942779541,6.175000190734863,6.102499961853027,454400,2002,8,19,1,11918
5.974999904632568,6.110000133514404,6.105000019073486,6.087500095367432,302800,2002,8,20,2,11919
5.9375,6.112500190734863,6.090000152587891,6.079999923706055,347200,2002,8,21,3,11920
5.985000133514404,6.137499809265137,6.087500095367432,5.994999885559082,465200,2002,8,22,4,11921
5.724999904632568,6.0,6.0,5.724999904632568,606000,2002,8,23,5,11922
5.6875,6.0,5.775000095367432,5.912499904632568,466400,2002,8,26,1,11925
5.712500095367432,5.949999809265137,5.949999809265137,5.762499809265137,486000,2002,8,27,2,11926
5.574999809265137,5.75,5.747499942779541,5.574999809265137,430800,2002,8,28,3,11927
5.480000019073486,5.662499904632568,5.599999904632568,5.550000190734863,419200,2002,8,29,4,11928
5.389999866485596,5.574999809265137,5.550000190734863,5.389999866485596,251200,2002,8,30,5,11929
5.162499904632568,5.392499923706055,5.389999866485596,5.275000095367432,876800,2002,9,3,2,11933
5.247499942779541,5.400000095367432,5.275000095367432,5.400000095367432,327200,2002,9,4,3,11934
5.212500095367432,5.375,5.375,5.269999980926514,694400,2002,9,5,4,11935
5.257500171661377,5.337500095367432,5.300000190734863,5.300000190734863,406000,2002,9,6,5,11936
5.224999904632568,5.322500228881836,5.300000190734863,5.295000076293945,586000,2002,9,9,1,11939
5.3125,5.537499904632568,5.3125,5.502500057220459,368400,2002,9,10,2,11940
5.474999904632568,5.605000019073486,5.474999904632568,5.537499904632568,376800,2002,9,11,3,11941
5.449999809265137,5.597499847412109,5.537499904632568,5.565000057220459,508000,2002,9,12,4,11942
5.474999904632568,5.587500095367432,5.587500095367432,5.5625,238000,2002,9,13,5,11943
5.502500057220459,5.574999809265137,5.550000190734863,5.512499809265137,260800,2002,9,16,1,11946
5.512499809265137,5.597499847412109,5.537499904632568,5.587500095367432,497200,2002,9,17,2,11947
5.425000190734863,5.565000057220459,5.5625,5.5,550800,2002,9,18,3,11948
5.252500057220459,5.482500076293945,5.400000095367432,5.337500095367432,684000,2002,9,19,4,11949
5.277500152587891,5.382500171661377,5.375,5.3125,609600,2002,9,20,5,11950
5.327499866485596,5.409999847412109,5.349999904632568,5.380000114440918,445200,2002,9,23,1,11953
5.292500019073486,5.400000095367432,5.349999904632568,5.324999809265137,476800,2002,9,24,2,11954
5.300000190734863,5.534999847412109,5.322500228881836,5.5,460000,2002,9,25,3,11955
5.440000057220459,5.587500095367432,5.537499904632568,5.53000020980835,322800,2002,9,26,4,11956
5.5,5.670000076293945,5.525000095367432,5.607500076293945,556400,2002,9,27,5,11957
5.53249979019165,5.724999904632568,5.5625,5.599999904632568,374400,2002,9,30,1,11960
5.5,5.637499809265137,5.612500190734863,5.542500019073486,426800,2002,10,1,2,11961
5.427499771118164,5.602499961853027,5.550000190734863,5.432499885559082,458000,2002,10,2,3,11962
5.352499961853027,5.5,5.425000190734863,5.425000190734863,1714800,2002,10,3,4,11963
5.099999904632568,5.462500095367432,5.4375,5.137499809265137,907600,2002,10,4,5,11964
4.894999980926514,5.097499847412109,5.087500095367432,4.900000095367432,1774000,2002,10,7,1,11967
4.75,4.925000190734863,4.900000095367432,4.84499979019165,2122400,2002,10,8,2,11968
4.599999904632568,4.852499961853027,4.84499979019165,4.697500228881836,961600,2002,10,9,3,11969
4.650000095367432,4.894999980926514,4.684999942779541,4.887499809265137,1092400,2002,10,10,4,11970
4.587500095367432,4.974999904632568,4.949999809265137,4.625,1705200,2002,10,11,5,11971
4.542500019073486,4.909999847412109,4.627500057220459,4.800000190734863,688400,2002,10,14,1,11974
4.925000190734863,5.074999809265137,4.925000190734863,5.074999809265137,1261600,2002,10,15,2,11975
4.974999904632568,5.190000057220459,5.065000057220459,5.050000190734863,700000,2002,10,16,3,11976
5.087500095367432,5.275000095367432,5.087500095367432,5.25,738000,2002,10,17,4,11977
5.192500114440918,5.337500095367432,5.224999904632568,5.275000095367432,538800,2002,10,18,5,11978
5.224999904632568,5.322500228881836,5.262499809265137,5.320000171661377,548800,2002,10,21,1,11981
5.137499809265137,5.317500114440918,5.300000190734863,5.224999904632568,453600,2002,10,22,2,11982
5.074999809265137,5.21999979019165,5.199999809265137,5.152500152587891,632400,2002,10,23,3,11983
5.112500190734863,5.28249979019165,5.199999809265137,5.125,610400,2002,10,24,4,11984
5.074999809265137,5.142499923706055,5.112500190734863,5.087500095367432,456800,2002,10,25,5,11985
4.977499961853027,5.099999904632568,5.099999904632568,5.0,473200,2002,10,28,1,11988
4.875,5.012499809265137,4.997499942779541,5.012499809265137,441600,2002,10,29,2,11989
4.974999904632568,5.054999828338623,5.012499809265137,5.0,518800,2002,10,30,3,11990
5.012499809265137,5.244999885559082,5.012499809265137,5.09499979019165,732000,2002,10,31,4,11991
5.027500152587891,5.28249979019165,5.090000152587891,5.239999771118164,458800,2002,11,1,5,11992
5.5,5.837500095367432,5.5,5.767499923706055,1669200,2002,11,4,1,11995
5.425000190734863,5.752500057220459,5.75,5.635000228881836,963600,2002,11,5,2,11996
5.602499961853027,5.800000190734863,5.625,5.739999771118164,580800,2002,11,6,3,11997
5.574999809265137,5.739999771118164,5.715000152587891,5.619999885559082,237200,2002,11,7,4,11998
5.552499771118164,5.747499942779541,5.619999885559082,5.599999904632568,320400,2002,11,8,5,11999
5.449999809265137,5.574999809265137,5.574999809265137,5.497499942779541,176000,2002,11,11,1,12002
5.487500190734863,5.670000076293945,5.5,5.574999809265137,245600,2002,11,12,2,12003
5.542500019073486,5.78000020980835,5.570000171661377,5.75,348000,2002,11,13,3,12004
5.757500171661377,6.039999961853027,5.757500171661377,6.025000095367432,791600,2002,11,14,4,12005
5.940000057220459,6.170000076293945,6.0,6.099999904632568,429200,2002,11,15,5,12006
6.110000133514404,6.337500095367432,6.110000133514404,6.230000019073486,556000,2002,11,18,1,12009
6.0625,6.289999961853027,6.224999904632568,6.137499809265137,911200,2002,11,19,2,12010
6.050000190734863,6.355000019073486,6.074999809265137,6.332499980926514,288800,2002,11,20,3,12011
5.974999904632568,6.875,6.099999904632568,6.862500190734863,1448800,2002,11,21,4,12012
6.625,7.349999904632568,6.800000190734863,7.349999904632568,1189200,2002,11,22,5,12013
7.122499942779541,7.5,7.324999809265137,7.150000095367432,1126400,2002,11,25,1,12016
6.875,7.127500057220459,7.125,6.977499961853027,587200,2002,11,26,2,12017
6.992499828338623,7.177499771118164,6.992499828338623,7.054999828338623,424000,2002,11,27,3,12018
6.932499885559082,7.065000057220459,7.037499904632568,6.987500190734863,173600,2002,11,29,5,12020
7.0,7.25,7.025000095367432,7.21750020980835,363600,2002,12,2,1,12023
6.947500228881836,7.212500095367432,7.212500095367432,6.980000019073486,1065600,2002,12,3,2,12024
6.762499809265137,6.985000133514404,6.980000019073486,6.840000152587891,728800,2002,12,4,3,12025
6.675000190734863,6.864999771118164,6.837500095367432,6.71750020980835,403600,2002,12,5,4,12026
6.525000095367432,6.8125,6.692500114440918,6.75,867600,2002,12,6,5,12027
6.6875,6.977499961853027,6.732500076293945,6.802499771118164,500400,2002,12,9,1,12030
6.824999809265137,7.057499885559082,6.824999809265137,7.054999828338623,433200,2002,12,10,2,12031
6.900000095367432,7.045000076293945,7.045000076293945,6.96750020980835,323200,2002,12,11,3,12032
6.789999961853027,6.994999885559082,6.96999979019165,6.987500190734863,508000,2002,12,12,4,12033
6.875,7.0,6.974999904632568,6.887499809265137,784800,2002,12,13,5,12034
6.84499979019165,6.90749979019165,6.889999866485596,6.887499809265137,432800,2002,12,16,1,12037
6.824999809265137,6.977499961853027,6.887499809265137,6.947500228881836,595600,2002,12,17,2,12038
6.857500076293945,7.130000114440918,6.929999828338623,7.097499847412109,589600,2002,12,18,3,12039
6.675000190734863,7.110000133514404,7.087500095367432,6.699999809265137,443200,2002,12,19,4,12040
6.53000020980835,6.724999904632568,6.724999904632568,6.53000020980835,1552800,2002,12,20,5,12041
6.487500190734863,6.9375,6.505000114440918,6.900000095367432,519200,2002,12,23,1,12044
6.6875,6.892499923706055,6.892499923706055,6.737500190734863,70800,2002,12,24,2,12045
6.699999809265137,6.862500190734863,6.755000114440918,6.764999866485596,111200,2002,12,26,4,12047
6.449999809265137,6.752500057220459,6.75,6.525000095367432,358400,2002,12,27,5,12048
6.380000114440918,6.550000190734863,6.545000076293945,6.432499885559082,430400,2002,12,30,1,12051
6.425000190734863,6.772500038146973,6.425000190734863,6.525000095367432,670400,2002,12,31,2,12052
6.574999809265137,6.875,6.587500095367432,6.730000019073486,484400,2003,1,2,4,12054
6.449999809265137,6.737500190734863,6.737500190734863,6.487500190734863,614400,2003,1,3,5,12055
6.5,7.050000190734863,6.5,7.002500057220459,845200,2003,1,6,1,12058
6.835000038146973,7.077499866485596,7.005000114440918,6.949999809265137,1502800,2003,1,7,2,12059
6.917500019073486,7.025000095367432,6.949999809265137,7.0,454400,2003,1,8,3,12060
6.994999885559082,7.09250020980835,7.037499904632568,7.074999809265137,267600,2003,1,9,4,12061
7.047500133514404,7.262499809265137,7.0625,7.162499904632568,543600,2003,1,10,5,12062
7.179999828338623,7.362500190734863,7.179999828338623,7.284999847412109,1004400,2003,1,13,1,12065
6.992499828338623,7.309999942779541,7.275000095367432,7.072500228881836,919200,2003,1,14,2,12066
6.920000076293945,7.125,7.079999923706055,7.074999809265137,140800,2003,1,15,3,12067
6.887499809265137,7.074999809265137,7.074999809265137,7.012499809265137,106400,2003,1,16,4,12068
6.537499904632568,6.962500095367432,6.962500095367432,6.542500019073486,1421200,2003,1,17,5,12069
6.34250020980835,6.545000076293945,6.542500019073486,6.34499979019165,1120000,2003,1,21,2,12073
6.224999904632568,6.46750020980835,6.332499980926514,6.357500076293945,426000,2003,1,22,3,12074
6.3125,6.614999771118164,6.412499904632568,6.577499866485596,333600,2003,1,23,4,12075
6.255000114440918,6.552499771118164,6.552499771118164,6.304999828338623,388800,2003,1,24,5,12076
6.137499809265137,6.300000190734863,6.287499904632568,6.25,260400,2003,1,27,1,12079
6.162499904632568,6.382500171661377,6.300000190734863,6.199999809265137,826000,2003,1,28,2,12080
6.025000095367432,6.199999809265137,6.199999809265137,6.074999809265137,506400,2003,1,29,3,12081
6.012499809265137,6.199999809265137,6.090000152587891,6.079999923706055,250800,2003,1,30,4,12082
5.900000095367432,6.074999809265137,6.074999809265137,5.972499847412109,438000,2003,1,31,5,12083
5.974999904632568,6.0625,5.974999904632568,6.042500019073486,398400,2003,2,3,1,12086
5.9375,6.025000095367432,6.0,6.0,353200,2003,2,4,2,12087
5.849999904632568,6.0,6.0,5.877500057220459,583200,2003,2,5,3,12088
5.697500228881836,5.947500228881836,5.837500095367432,5.699999809265137,680400,2003,2,6,4,12089
5.605000019073486,5.795000076293945,5.737500190734863,5.605000019073486,527600,2003,2,7,5,12090
5.46999979019165,5.607500076293945,5.607500076293945,5.5,1022800,2003,2,10,1,12093
5.402500152587891,5.5,5.5,5.4375,462000,2003,2,11,2,12094
5.400000095367432,5.5,5.4375,5.427499771118164,576400,2003,2,12,3,12095
5.317500114440918,5.4375,5.4375,5.347499847412109,538800,2003,2,13,4,12096
5.252500057220459,5.364999771118164,5.347499847412109,5.309999942779541,679200,2003,2,14,5,12097
5.25,5.347499847412109,5.337500095367432,5.304999828338623,583600,2003,2,18,2,12101
5.307499885559082,5.392499923706055,5.3125,5.369999885559082,743600,2003,2,19,3,12102
5.284999847412109,5.375,5.375,5.3125,642400,2003,2,20,4,12103
5.324999809265137,5.447500228881836,5.337500095367432,5.447500228881836,454000,2003,2,21,5,12104
5.375,5.505000114440918,5.447500228881836,5.400000095367432,568400,2003,2,24,1,12107
5.349999904632568,5.507500171661377,5.375,5.429999828338623,280000,2003,2,25,2,12108
5.275000095367432,5.412499904632568,5.412499904632568,5.275000095367432,272800,2003,2,26,3,12109
5.275000095367432,5.375,5.324999809265137,5.3125,304000,2003,2,27,4,12110
5.329999923706055,5.547500133514404,5.337500095367432,5.4375,322000,2003,2,28,5,12111
5.304999828338623,5.512499809265137,5.474999904632568,5.3125,390000,2003,3,3,1,12114
5.287499904632568,5.362500190734863,5.337500095367432,5.300000190734863,200400,2003,3,4,2,12115
5.050000190734863,5.302499771118164,5.295000076293945,5.077499866485596,737600,2003,3,5,3,12116
4.962500095367432,5.077499866485596,5.077499866485596,4.985000133514404,798400,2003,3,6,4,12117
4.922500133514404,5.037499904632568,4.987500190734863,5.03000020980835,341200,2003,3,7,5,12118
4.900000095367432,5.037499904632568,5.0,4.9375,512800,2003,3,10,1,12121
4.885000228881836,5.017499923706055,4.9375,4.887499809265137,644000,2003,3,11,2,12122
4.712500095367432,4.857500076293945,4.849999904632568,4.802499771118164,1260400,2003,3,12,3,12123
4.800000190734863,4.945000171661377,4.800000190734863,4.9375,503600,2003,3,13,4,12124
4.912499904632568,5.012499809265137,4.952499866485596,4.987500190734863,357600,2003,3,14,5,12125
4.894999980926514,5.025000095367432,4.980000019073486,5.010000228881836,596400,2003,3,17,1,12128
4.9375,5.002500057220459,4.949999809265137,4.96999979019165,386400,2003,3,18,2,12129
4.9375,5.047500133514404,5.012499809265137,5.022500038146973,399200,2003,3,19,3,12130
4.949999809265137,5.03000020980835,5.022500038146973,5.0,261600,2003,3,20,4,12131
4.882500171661377,5.042500019073486,5.025000095367432,4.922500133514404,793200,2003,3,21,5,12132
4.764999866485596,4.974999904632568,4.860000133514404,4.914999961853027,446000,2003,3,24,1,12135
4.9375,5.099999904632568,4.962500095367432,5.099999904632568,562800,2003,3,25,2,12136
5.0625,5.132500171661377,5.099999904632568,5.105000019073486,743600,2003,3,26,3,12137
5.012499809265137,5.287499904632568,5.012499809265137,5.275000095367432,504800,2003,3,27,4,12138
5.242499828338623,5.337500095367432,5.300000190734863,5.315000057220459,388000,2003,3,28,5,12139
5.212500095367432,5.382500171661377,5.315000057220459,5.304999828338623,456000,2003,3,31,1,12142
5.244999885559082,5.360000133514404,5.304999828338623,5.349999904632568,421600,2003,4,1,2,12143
5.362500190734863,5.5625,5.375,5.46999979019165,493200,2003,4,2,3,12144
4.567500114440918,4.962500095367432,4.962500095367432,4.574999809265137,3394800,2003,4,3,4,12145
4.425000190734863,4.630000114440918,4.625,4.5625,2389200,2003,4,4,5,12146
4.662499904632568,4.710000038146973,4.6875,4.675000190734863,1687600,2003,4,7,1,12149
4.59250020980835,4.6875,4.650000095367432,4.662499904632568,637600,2003,4,8,2,12150
4.610000133514404,4.710000038146973,4.682499885559082,4.650000095367432,922000,2003,4,9,3,12151
4.637499809265137,4.715000152587891,4.637499809265137,4.684999942779541,471600,2003,4,10,4,12152
4.625,4.710000038146973,4.699999809265137,4.630000114440918,272800,2003,4,11,5,12153
4.65749979019165,4.697500228881836,4.662499904632568,4.6875,499600,2003,4,14,1,12156
4.672500133514404,4.787499904632568,4.6875,4.767499923706055,656000,2003,4,15,2,12157
4.760000228881836,4.84499979019165,4.789999961853027,4.775000095367432,372800,2003,4,16,3,12158
4.775000095367432,4.90500020980835,4.777500152587891,4.892499923706055,636800,2003,4,17,4,12159
4.837500095367432,4.987500190734863,4.875,4.974999904632568,551200,2003,4,21,1,12163
4.96999979019165,5.192500114440918,4.974999904632568,5.0625,526400,2003,4,22,2,12164
5.072500228881836,5.25,5.074999809265137,5.224999904632568,552400,2003,4,23,3,12165
5.1875,5.277500152587891,5.25,5.237500190734863,512000,2003,4,24,4,12166
5.227499961853027,5.307499885559082,5.247499942779541,5.230000019073486,279200,2003,4,25,5,12167
5.215000152587891,5.474999904632568,5.232500076293945,5.474999904632568,512800,2003,4,28,1,12170
5.497499942779541,5.8125,5.5,5.792500019073486,1024800,2003,4,29,2,12171
5.692500114440918,6.300000190734863,5.75,6.025000095367432,2992800,2003,4,30,3,12172
5.84499979019165,6.037499904632568,6.025000095367432,5.954999923706055,722800,2003,5,1,4,12173
5.882500171661377,6.034999847412109,5.974999904632568,5.997499942779541,804000,2003,5,2,5,12174
5.997499942779541,6.432499885559082,5.997499942779541,6.192500114440918,1164800,2003,5,5,1,12177
6.0,6.40749979019165,6.300000190734863,6.039999961853027,932400,2003,5,6,2,12178
5.882500171661377,6.1875,6.012499809265137,6.144999980926514,466000,2003,5,7,3,12179
6.079999923706055,6.337500095367432,6.147500038146973,6.25,439600,2003,5,8,4,12180
6.190000057220459,6.34250020980835,6.25,6.25,480800,2003,5,9,5,12181
6.239999771118164,6.494999885559082,6.262499809265137,6.474999904632568,487600,2003,5,12,1,12184
6.300000190734863,6.474999904632568,6.449999809265137,6.434999942779541,268400,2003,5,13,2,12185
6.447500228881836,6.519999980926514,6.474999904632568,6.46999979019165,144400,2003,5,14,3,12186
6.244999885559082,6.494999885559082,6.487500190734863,6.367499828338623,675200,2003,5,15,4,12187
6.300000190734863,6.409999847412109,6.387499809265137,6.300000190734863,238800,2003,5,16,5,12188
6.082499980926514,6.3125,6.300000190734863,6.087500095367432,249600,2003,5,19,1,12191
6.025000095367432,6.144999980926514,6.074999809265137,6.045000076293945,399600,2003,5,20,2,12192
5.974999904632568,6.114999771118164,6.045000076293945,6.037499904632568,365600,2003,5,21,3,12193
5.982500076293945,6.050000190734863,6.037499904632568,6.012499809265137,540800,2003,5,22,4,12194
6.0,6.125,6.022500038146973,6.047500133514404,289200,2003,5,23,5,12195
6.047500133514404,6.34250020980835,6.047500133514404,6.297500133514404,289200,2003,5,27,2,12199
6.284999847412109,6.422500133514404,6.324999809265137,6.375,139200,2003,5,28,3,12200
6.375,6.585000038146973,6.375,6.487500190734863,322000,2003,5,29,4,12201
6.489999771118164,6.762499809265137,6.489999771118164,6.690000057220459,738400,2003,5,30,5,12202
6.675000190734863,7.0,6.724999904632568,6.787499904632568,538400,2003,6,2,1,12205
6.787499904632568,6.987500190734863,6.787499904632568,6.9375,594400,2003,6,3,2,12206
6.920000076293945,7.309999942779541,6.922500133514404,7.309999942779541,908400,2003,6,4,3,12207
7.309999942779541,7.5,7.309999942779541,7.445000171661377,762000,2003,6,5,4,12208
7.175000190734863,7.534999847412109,7.474999904632568,7.237500190734863,436400,2003,6,6,5,12209
6.929999828338623,7.202499866485596,7.1875,7.0625,292000,2003,6,9,1,12212
7.005000114440918,7.25,7.077499866485596,7.25,286400,2003,6,10,2,12213
7.0625,7.237500190734863,7.224999904632568,7.237500190734863,420000,2003,6,11,3,12214
7.125,7.239999771118164,7.237500190734863,7.224999904632568,346800,2003,6,12,4,12215
7.074999809265137,7.252500057220459,7.25,7.125,350000,2003,6,13,5,12216
7.125,7.292500019073486,7.125,7.237500190734863,673200,2003,6,16,1,12219
7.079999923706055,7.224999904632568,7.224999904632568,7.184999942779541,716800,2003,6,17,2,12220
7.074999809265137,7.442500114440918,7.184999942779541,7.440000057220459,641600,2003,6,18,3,12221
7.170000076293945,7.400000095367432,7.400000095367432,7.212500095367432,247200,2003,6,19,4,12222
7.204999923706055,7.425000190734863,7.212500095367432,7.364999771118164,944000,2003,6,20,5,12223
7.039999961853027,7.302499771118164,7.302499771118164,7.057499885559082,557600,2003,6,23,1,12226
6.829999923706055,7.059999942779541,7.054999828338623,7.007500171661377,678000,2003,6,24,2,12227
7.050000190734863,7.1875,7.070000171661377,7.054999828338623,302000,2003,6,25,3,12228
7.050000190734863,7.112500190734863,7.057499885559082,7.050000190734863,214800,2003,6,26,4,12229
7.050000190734863,7.3125,7.050000190734863,7.237500190734863,229200,2003,6,27,5,12230
6.824999809265137,7.232500076293945,7.232500076293945,6.90749979019165,1086000,2003,6,30,1,12233
6.762499809265137,7.227499961853027,6.897500038146973,7.202499866485596,730400,2003,7,1,2,12234
7.057499885559082,7.284999847412109,7.177499771118164,7.25,500400,2003,7,2,3,12235
7.199999809265137,7.329999923706055,7.247499942779541,7.272500038146973,176800,2003,7,3,4,12236
7.21999979019165,7.337500095367432,7.304999828338623,7.335000038146973,203200,2003,7,7,1,12240
7.335000038146973,7.574999809265137,7.335000038146973,7.474999904632568,443200,2003,7,8,2,12241
7.349999904632568,7.46750020980835,7.4375,7.449999809265137,402800,2003,7,9,3,12242
7.337500095367432,7.447500228881836,7.412499904632568,7.362500190734863,236400,2003,7,10,4,12243
7.34250020980835,7.432499885559082,7.362500190734863,7.432499885559082,154800,2003,7,11,5,12244
7.425000190734863,7.637499809265137,7.477499961853027,7.425000190734863,190800,2003,7,14,1,12247
7.412499904632568,7.635000228881836,7.449999809265137,7.514999866485596,546400,2003,7,15,2,12248
7.382500171661377,7.510000228881836,7.487500190734863,7.422500133514404,316800,2003,7,16,3,12249
7.275000095367432,7.46750020980835,7.422500133514404,7.385000228881836,372400,2003,7,17,4,12250
7.25,7.360000133514404,7.360000133514404,7.309999942779541,560400,2003,7,18,5,12251
7.012499809265137,7.289999961853027,7.287499904632568,7.175000190734863,508000,2003,7,21,1,12254
7.025000095367432,7.25,7.175000190734863,7.074999809265137,458000,2003,7,22,2,12255
7.067500114440918,7.192500114440918,7.112500190734863,7.192500114440918,488800,2003,7,23,3,12256
7.025000095367432,7.295000076293945,7.025000095367432,7.099999904632568,433600,2003,7,24,4,12257
7.087500095367432,7.25,7.087500095367432,7.25,362400,2003,7,25,5,12258
7.110000133514404,7.25,7.25,7.150000095367432,429600,2003,7,28,1,12261
7.072500228881836,7.244999885559082,7.152500152587891,7.21750020980835,361600,2003,7,29,2,12262
7.122499942779541,7.275000095367432,7.222499847412109,7.267499923706055,562000,2003,7,30,3,12263
7.237500190734863,7.614999771118164,7.267499923706055,7.5,1053600,2003,7,31,4,12264
7.550000190734863,8.375,7.75,8.25,3520400,2003,8,1,5,12265
8.130000114440918,8.625,8.4375,8.362500190734863,2522800,2003,8,4,1,12268
8.042499542236328,8.25,8.25,8.047499656677246,782800,2003,8,5,2,12269
7.974999904632568,8.324999809265137,8.0,8.079999923706055,691600,2003,8,6,3,12270
8.024999618530273,8.375,8.079999923706055,8.232500076293945,800400,2003,8,7,4,12271
8.162500381469727,8.3149995803833,8.199999809265137,8.162500381469727,596000,2003,8,8,5,12272
8.100000381469727,8.362500190734863,8.162500381469727,8.257499694824219,282800,2003,8,11,1,12275
8.237500190734863,8.422499656677246,8.257499694824219,8.375,350000,2003,8,12,2,12276
8.257499694824219,8.40999984741211,8.407500267028809,8.270000457763672,377600,2003,8,13,3,12277
8.202500343322754,8.332500457763672,8.270000457763672,8.3125,460800,2003,8,14,4,12278
8.3125,8.482500076293945,8.3125,8.420000076293945,132800,2003,8,15,5,12279
8.362500190734863,8.670000076293945,8.40250015258789,8.59749984741211,527200,2003,8,18,1,12282
8.625,8.75,8.625,8.662500381469727,707600,2003,8,19,2,12283
8.6875,8.899999618530273,8.725000381469727,8.837499618530273,438000,2003,8,20,3,12284
8.829999923706055,8.9975004196167,8.869999885559082,8.960000038146973,390400,2003,8,21,4,12285
8.9350004196167,9.0625,8.9350004196167,9.024999618530273,1060000,2003,8,22,5,12286
8.90250015258789,9.005000114440918,8.987500190734863,9.005000114440918,598400,2003,8,25,1,12289
8.824999809265137,8.984999656677246,8.979999542236328,8.9375,636000,2003,8,26,2,12290
8.9375,9.135000228881836,8.9399995803833,9.09749984741211,211600,2003,8,27,3,12291
8.857500076293945,9.1225004196167,9.09749984741211,9.092499732971191,244000,2003,8,28,4,12292
8.954999923706055,9.092499732971191,9.092499732971191,8.954999923706055,270000,2003,8,29,5,12293
8.949999809265137,9.112500190734863,8.987500190734863,9.112500190734863,964800,2003,9,2,2,12297
9.137499809265137,9.324999809265137,9.137499809265137,9.199999809265137,596800,2003,9,3,3,12298
9.052499771118164,9.199999809265137,9.199999809265137,9.1875,418000,2003,9,4,4,12299
8.975000381469727,9.225000381469727,9.149999618530273,9.074999809265137,363200,2003,9,5,5,12300
9.0625,9.34000015258789,9.074999809265137,9.25,471200,2003,9,8,1,12303
9.100000381469727,9.25,9.225000381469727,9.125,271200,2003,9,9,2,12304
8.9375,9.100000381469727,9.074999809265137,8.9399995803833,475600,2003,9,10,3,12305
8.887499809265137,9.125,8.899999618530273,9.100000381469727,209600,2003,9,11,4,12306
8.887499809265137,9.074999809265137,9.074999809265137,9.037500381469727,351200,2003,9,12,5,12307
9.024999618530273,9.244999885559082,9.037500381469727,9.1875,745200,2003,9,15,1,12310
9.112500190734863,9.335000038146973,9.199999809265137,9.220000267028809,709600,2003,9,16,2,12311
9.197500228881836,9.375,9.220000267028809,9.270000457763672,472000,2003,9,17,3,12312
9.25,9.4350004196167,9.270000457763672,9.422499656677246,390000,2003,9,18,4,12313
9.40999984741211,9.5600004196167,9.40999984741211,9.475000381469727,333600,2003,9,19,5,12314
9.25,9.46500015258789,9.462499618530273,9.25,323200,2003,9,22,1,12317
9.100000381469727,9.359999656677246,9.25,9.337499618530273,393600,2003,9,23,2,12318
9.172499656677246,9.467499732971191,9.34000015258789,9.175000190734863,366800,2003,9,24,3,12319
8.850000381469727,9.2524995803833,9.175000190734863,8.857500076293945,532800,2003,9,25,4,12320
8.645000457763672,8.925000190734863,8.845000267028809,8.6875,717600,2003,9,26,5,12321
8.602499961853027,8.947500228881836,8.6899995803833,8.875,428800,2003,9,29,1,12324
8.612500190734863,8.8725004196167,8.869999885559082,8.612500190734863,567600,2003,9,30,2,12325
8.444999694824219,8.75,8.5,8.727499961853027,442400,2003,10,1,3,12326
8.637499809265137,8.7475004196167,8.727499961853027,8.717499732971191,372000,2003,10,2,4,12327
8.737500190734863,8.975000381469727,8.737500190734863,8.832500457763672,396000,2003,10,3,5,12328
8.725000381469727,8.869999885559082,8.869999885559082,8.725000381469727,547200,2003,10,6,1,12331
8.664999961853027,8.854999542236328,8.725000381469727,8.7475004196167,515600,2003,10,7,2,12332
8.6875,8.8725004196167,8.78499984741211,8.699999809265137,266400,2003,10,8,3,12333
8.675000190734863,8.987500190734863,8.762499809265137,8.704999923706055,249200,2003,10,9,4,12334
8.662500381469727,8.797499656677246,8.725000381469727,8.75,231200,2003,10,10,5,12335
8.737500190734863,8.875,8.75,8.84749984741211,403200,2003,10,13,1,12338
8.717499732971191,8.885000228881836,8.824999809265137,8.729999542236328,299200,2003,10,14,2,12339
8.725000381469727,8.875,8.875,8.737500190734863,477200,2003,10,15,3,12340
8.677499771118164,8.800000190734863,8.774999618530273,8.699999809265137,686000,2003,10,16,4,12341
8.5,8.765000343322754,8.737500190734863,8.574999809265137,192800,2003,10,17,5,12342
8.5649995803833,8.782500267028809,8.600000381469727,8.725000381469727,194400,2003,10,20,1,12345
8.6899995803833,8.8725004196167,8.712499618530273,8.770000457763672,316800,2003,10,21,2,12346
8.404999732971191,8.787500381469727,8.772500038146973,8.475000381469727,342800,2003,10,22,3,12347
8.425000190734863,8.600000381469727,8.425000190734863,8.512499809265137,198400,2003,10,23,4,12348
8.279999732971191,8.47249984741211,8.462499618530273,8.359999656677246,347200,2003,10,24,5,12349
8.387499809265137,8.625,8.387499809265137,8.602499961853027,288400,2003,10,27,1,12352
8.552499771118164,8.75,8.5649995803833,8.720000267028809,286400,2003,10,28,2,12353
8.6875,8.762499809265137,8.744999885559082,8.742500305175781,184400,2003,10,29,3,12354
8.600000381469727,8.845000267028809,8.717499732971191,8.600000381469727,452000,2003,10,30,4,12355
8.649999618530273,8.819999694824219,8.649999618530273,8.727499961853027,276400,2003,10,31,5,12356
8.774999618530273,8.989999771118164,8.774999618530273,8.975000381469727,670400,2003,11,3,1,12359
8.875,8.979999542236328,8.975000381469727,8.957500457763672,386800,2003,11,4,2,12360
8.8149995803833,8.9375,8.899999618530273,8.927499771118164,167600,2003,11,5,3,12361
8.8774995803833,8.954999923706055,8.90250015258789,8.954999923706055,322000,2003,11,6,4,12362
8.954999923706055,9.1225004196167,8.954999923706055,9.0,230400,2003,11,7,5,12363
8.765000343322754,8.989999771118164,8.9375,8.765000343322754,336000,2003,11,10,1,12366
8.59749984741211,8.819999694824219,8.789999961853027,8.625,219600,2003,11,11,2,12367
8.587499618530273,8.892499923706055,8.587499618530273,8.800000190734863,203200,2003,11,12,3,12368
8.75,8.97249984741211,8.774999618530273,8.917499542236328,316000,2003,11,13,4,12369
8.677499771118164,8.9375,8.917499542236328,8.774999618530273,508000,2003,11,14,5,12370
8.397500038146973,8.779999732971191,8.767499923706055,8.397500038146973,479200,2003,11,17,1,12373
8.337499618530273,8.602499961853027,8.447500228881836,8.387499809265137,368400,2003,11,18,2,12374
8.345000267028809,8.657500267028809,8.362500190734863,8.577500343322754,213200,2003,11,19,3,12375
8.537500381469727,8.664999961853027,8.5600004196167,8.619999885559082,333200,2003,11,20,4,12376
8.850000381469727,9.3125,8.850000381469727,9.25,1219600,2003,11,21,5,12377
9.369999885559082,9.470000267028809,9.375,9.392499923706055,587200,2003,11,24,1,12380
9.395000457763672,9.5,9.425000190734863,9.47249984741211,534800,2003,11,25,2,12381
9.387499809265137,9.72249984741211,9.47249984741211,9.587499618530273,616400,2003,11,26,3,12382
9.449999809265137,9.680000305175781,9.612500190734863,9.475000381469727,158800,2003,11,28,5,12384
9.487500190734863,10.0,9.487500190734863,9.987500190734863,744400,2003,12,1,1,12387
9.9399995803833,10.154999732971191,9.989999771118164,10.057499885559082,713200,2003,12,2,2,12388
9.75,10.045000076293945,10.0,9.7524995803833,565200,2003,12,3,3,12389
9.680000305175781,9.930000305175781,9.765000343322754,9.824999809265137,500400,2003,12,4,4,12390
9.739999771118164,9.925000190734863,9.824999809265137,9.774999618530273,514000,2003,12,5,5,12391
9.6875,9.789999961853027,9.6875,9.779999732971191,310000,2003,12,8,1,12394
9.767499923706055,9.925000190734863,9.842499732971191,9.925000190734863,643600,2003,12,9,2,12395
9.414999961853027,10.037500381469727,10.0,9.425000190734863,1168400,2003,12,10,3,12396
9.449999809265137,9.850000381469727,9.449999809265137,9.779999732971191,724800,2003,12,11,4,12397
9.600000381469727,9.827500343322754,9.8125,9.6875,248800,2003,12,12,5,12398
9.475000381469727,9.755000114440918,9.75,9.475000381469727,328000,2003,12,15,1,12401
9.354999542236328,9.607500076293945,9.512499809265137,9.59749984741211,264800,2003,12,16,2,12402
9.362500190734863,9.59749984741211,9.59749984741211,9.40999984741211,312400,2003,12,17,3,12403
9.457500457763672,9.59000015258789,9.462499618530273,9.512499809265137,551600,2003,12,18,4,12404
9.287500381469727,9.5,9.375,9.5,1063200,2003,12,19,5,12405
9.524999618530273,9.837499618530273,9.524999618530273,9.837499618530273,485200,2003,12,22,1,12408
9.774999618530273,9.932499885559082,9.774999618530273,9.850000381469727,646000,2003,12,23,2,12409
9.712499618530273,9.912500381469727,9.8125,9.712499618530273,355600,2003,12,24,3,12410
9.529999732971191,9.787500381469727,9.737500190734863,9.710000038146973,320400,2003,12,26,5,12412
9.6850004196167,9.852499961853027,9.737500190734863,9.822500228881836,321200,2003,12,29,1,12415
9.732500076293945,9.90250015258789,9.787500381469727,9.90250015258789,165600,2003,12,30,2,12416
9.737500190734863,9.885000228881836,9.8774995803833,9.782500267028809,243600,2003,12,31,3,12417
9.712499618530273,9.897500038146973,9.75,9.824999809265137,251600,2004,1,2,5,12419
9.774999618530273,10.100000381469727,9.774999618530273,10.079999923706055,533200,2004,1,5,1,12422
9.9375,10.194999694824219,10.024999618530273,10.092499732971191,658400,2004,1,6,2,12423
10.005000114440918,10.244999885559082,10.029999732971191,10.1875,495200,2004,1,7,3,12424
10.154999732971191,10.3100004196167,10.154999732971191,10.2524995803833,437600,2004,1,8,4,12425
10.1225004196167,10.300000190734863,10.125,10.199999809265137,374000,2004,1,9,5,12426
10.072500228881836,10.210000038146973,10.125,10.210000038146973,307600,2004,1,12,1,12429
9.90250015258789,10.162500381469727,10.149999618530273,10.0,541600,2004,1,13,2,12430
9.962499618530273,10.092499732971191,9.962499618530273,10.050000190734863,398000,2004,1,14,3,12431
9.875,10.082500457763672,10.050000190734863,9.920000076293945,310400,2004,1,15,4,12432
9.875,9.97249984741211,9.960000038146973,9.942500114440918,438800,2004,1,16,5,12433
9.9375,10.017499923706055,10.0,10.0,420000,2004,1,20,2,12437
9.9399995803833,10.2475004196167,9.987500190734863,10.125,250400,2004,1,21,3,12438
9.975000381469727,10.149999618530273,10.100000381469727,10.050000190734863,180400,2004,1,22,4,12439
9.96500015258789,10.149999618530273,10.037500381469727,10.095000267028809,246000,2004,1,23,5,12440
9.912500381469727,10.037500381469727,10.032500267028809,9.970000267028809,225600,2004,1,26,1,12443
9.822500228881836,9.975000381469727,9.97249984741211,9.822500228881836,252800,2004,1,27,2,12444
9.792499542236328,9.970000267028809,9.824999809265137,9.837499618530273,302800,2004,1,28,3,12445
9.614999771118164,9.852499961853027,9.84000015258789,9.664999961853027,218000,2004,1,29,4,12446
9.5625,9.824999809265137,9.649999618530273,9.625,236000,2004,1,30,5,12447
9.5024995803833,9.6899995803833,9.600000381469727,9.5625,225600,2004,2,2,1,12450
9.5649995803833,9.699999809265137,9.5649995803833,9.600000381469727,278400,2004,2,3,2,12451
9.335000038146973,9.637499809265137,9.602499961853027,9.335000038146973,231200,2004,2,4,3,12452
9.305000305175781,9.4399995803833,9.335000038146973,9.322500228881836,532000,2004,2,5,4,12453
9.212499618530273,9.350000381469727,9.324999809265137,9.300000190734863,469600,2004,2,6,5,12454
9.324999809265137,9.414999961853027,9.324999809265137,9.342499732971191,356000,2004,2,9,1,12457
9.295000076293945,9.350000381469727,9.350000381469727,9.322500228881836,435200,2004,2,10,2,12458
9.337499618530273,9.425000190734863,9.34749984741211,9.350000381469727,435600,2004,2,11,3,12459
9.202500343322754,9.362500190734863,9.362500190734863,9.202500343322754,375200,2004,2,12,4,12460
8.887499809265137,9.15999984741211,9.0625,8.949999809265137,813600,2004,2,13,5,12461
8.987500190734863,9.167499542236328,8.987500190734863,9.0625,563200,2004,2,17,2,12465
9.0,9.074999809265137,9.0,9.0,692800,2004,2,18,3,12466
8.632499694824219,9.0649995803833,9.0024995803833,8.632499694824219,666000,2004,2,19,4,12467
8.447500228881836,8.640000343322754,8.632499694824219,8.607500076293945,634400,2004,2,20,5,12468
8.492500305175781,8.717499732971191,8.574999809265137,8.4975004196167,508000,2004,2,23,1,12471
8.494999885559082,8.682499885559082,8.4975004196167,8.542499542236328,186400,2004,2,24,2,12472
8.462499618530273,8.579999923706055,8.475000381469727,8.574999809265137,461600,2004,2,25,3,12473
8.494999885559082,8.677499771118164,8.550000190734863,8.657500267028809,323600,2004,2,26,4,12474
8.65250015258789,8.837499618530273,8.682499885559082,8.725000381469727,368400,2004,2,27,5,12475
8.672499656677246,8.770000457763672,8.725000381469727,8.760000228881836,233600,2004,3,1,1,12478
8.675000190734863,8.757499694824219,8.725000381469727,8.677499771118164,593200,2004,3,2,2,12479
8.637499809265137,8.75,8.682499885559082,8.6850004196167,462400,2004,3,3,3,12480
8.645000457763672,8.787500381469727,8.710000038146973,8.782500267028809,217600,2004,3,4,4,12481
8.707500457763672,8.970000267028809,8.78499984741211,8.904999732971191,205600,2004,3,5,5,12482
8.845000267028809,9.057499885559082,8.862500190734863,8.9375,405200,2004,3,8,1,12485
8.807499885559082,8.944999694824219,8.9375,8.827500343322754,402400,2004,3,9,2,12486
8.712499618530273,8.899999618530273,8.8125,8.737500190734863,436000,2004,3,10,3,12487
8.637499809265137,8.8149995803833,8.649999618530273,8.755000114440918,410000,2004,3,11,4,12488
8.680000305175781,8.800000190734863,8.787500381469727,8.787500381469727,351200,2004,3,12,5,12489
8.555000305175781,8.800000190734863,8.800000190734863,8.555000305175781,273600,2004,3,15,1,12492
8.552499771118164,8.6875,8.587499618530273,8.609999656677246,232000,2004,3,16,2,12493
8.649999618530273,8.8100004196167,8.649999618530273,8.702500343322754,163200,2004,3,17,3,12494
8.537500381469727,8.694999694824219,8.649999618530273,8.552499771118164,446800,2004,3,18,4,12495
8.505000114440918,8.677499771118164,8.600000381469727,8.52750015258789,324400,2004,3,19,5,12496
8.552499771118164,8.75,8.552499771118164,8.729999542236328,451600,2004,3,22,1,12499
8.52750015258789,8.852499961853027,8.75,8.585000038146973,373600,2004,3,23,2,12500
8.4399995803833,8.662500381469727,8.585000038146973,8.457500457763672,315200,2004,3,24,3,12501
8.487500190734863,8.845000267028809,8.487500190734863,8.800000190734863,508000,2004,3,25,4,12502
8.635000228881836,8.795000076293945,8.75,8.672499656677246,194800,2004,3,26,5,12503
8.662500381469727,8.864999771118164,8.662500381469727,8.850000381469727,276800,2004,3,29,1,12506
8.699999809265137,8.899999618530273,8.850000381469727,8.899999618530273,230400,2004,3,30,2,12507
8.75,8.890000343322754,8.887499809265137,8.75,320000,2004,3,31,3,12508
8.850000381469727,9.164999961853027,8.850000381469727,9.154999732971191,280000,2004,4,1,4,12509
9.164999961853027,9.342499732971191,9.217499732971191,9.327500343322754,340000,2004,4,2,5,12510
9.342499732971191,9.550000190734863,9.352499961853027,9.545000076293945,338000,2004,4,5,1,12513
9.25,9.5,9.5,9.25,192800,2004,4,6,2,12514
9.25,9.362500190734863,9.3125,9.362500190734863,232400,2004,4,7,3,12515
9.282500267028809,9.387499809265137,9.362500190734863,9.282500267028809,193600,2004,4,8,4,12516
9.2524995803833,9.380000114440918,9.324999809265137,9.297499656677246,157600,2004,4,12,1,12520
9.25,9.3725004196167,9.324999809265137,9.302499771118164,208800,2004,4,13,2,12521
9.02750015258789,9.302499771118164,9.302499771118164,9.02750015258789,109600,2004,4,14,3,12522
8.899999618530273,9.087499618530273,9.069999694824219,9.0649995803833,166000,2004,4,15,4,12523
9.045000076293945,9.3149995803833,9.112500190734863,9.192500114440918,161600,2004,4,16,5,12524
9.194999694824219,9.257499694824219,9.217499732971191,9.255000114440918,211200,2004,4,19,1,12527
9.102499961853027,9.407500267028809,9.3125,9.102499961853027,184400,2004,4,20,2,12528
9.037500381469727,9.322500228881836,9.1274995803833,9.257499694824219,101600,2004,4,21,3,12529
9.300000190734863,9.524999618530273,9.300000190734863,9.417499542236328,100800,2004,4,22,4,12530
9.262499809265137,9.442500114440918,9.442500114440918,9.262499809265137,142800,2004,4,23,5,12531
9.09000015258789,9.274999618530273,9.265000343322754,9.15250015258789,152400,2004,4,26,1,12534
9.007499694824219,9.210000038146973,9.194999694824219,9.102499961853027,274800,2004,4,27,2,12535
8.862500190734863,9.077500343322754,9.077500343322754,8.899999618530273,146000,2004,4,28,3,12536
8.760000228881836,9.039999961853027,8.925000190734863,8.760000228881836,164400,2004,4,29,4,12537
8.682499885559082,8.9350004196167,8.800000190734863,8.75,166400,2004,4,30,5,12538
8.762499809265137,9.102499961853027,8.789999961853027,9.057499885559082,386400,2004,5,3,1,12541
9.055000305175781,9.3149995803833,9.082500457763672,9.3149995803833,264800,2004,5,4,2,12542
9.199999809265137,9.324999809265137,9.287500381469727,9.262499809265137,196800,2004,5,5,3,12543
8.692500114440918,9.332500457763672,9.162500381469727,9.274999618530273,425600,2004,5,6,4,12544
8.920000076293945,9.375,9.274999618530273,8.920000076293945,117600,2004,5,7,5,12545
8.5600004196167,8.875,8.875,8.699999809265137,392800,2004,5,10,1,12548
8.6274995803833,8.864999771118164,8.702500343322754,8.84749984741211,135600,2004,5,11,2,12549
8.362500190734863,8.772500038146973,8.725000381469727,8.744999885559082,285200,2004,5,12,3,12550
8.637499809265137,8.84749984741211,8.7475004196167,8.774999618530273,177200,2004,5,13,4,12551
8.612500190734863,8.859999656677246,8.800000190734863,8.65999984741211,242000,2004,5,14,5,12552
8.3149995803833,8.65999984741211,8.65999984741211,8.477499961853027,252000,2004,5,17,1,12555
8.477499961853027,8.547499656677246,8.539999961853027,8.547499656677246,121600,2004,5,18,2,12556
8.529999732971191,8.75,8.600000381469727,8.532500267028809,177600,2004,5,19,3,12557
8.417499542236328,8.675000190734863,8.582500457763672,8.529999732971191,213200,2004,5,20,4,12558
8.550000190734863,8.720000267028809,8.637499809265137,8.720000267028809,153600,2004,5,21,5,12559
8.704999923706055,8.887499809265137,8.75,8.8125,132400,2004,5,24,1,12562
8.8125,9.15999984741211,8.862500190734863,9.15999984741211,238400,2004,5,25,2,12563
9.047499656677246,9.180000305175781,9.15999984741211,9.180000305175781,244400,2004,5,26,3,12564
8.975000381469727,9.180000305175781,9.180000305175781,9.114999771118164,352000,2004,5,27,4,12565
8.9375,9.114999771118164,9.114999771118164,8.984999656677246,278000,2004,5,28,5,12566
8.925000190734863,9.172499656677246,9.0024995803833,9.137499809265137,226000,2004,6,1,2,12570
8.949999809265137,9.1875,9.172499656677246,8.967499732971191,136400,2004,6,2,3,12571
8.805000305175781,9.005000114440918,8.979999542236328,8.805000305175781,182000,2004,6,3,4,12572
8.75,8.882499694824219,8.867500305175781,8.78499984741211,420800,2004,6,4,5,12573
8.8125,9.0625,8.835000038146973,9.050000190734863,202800,2004,6,7,1,12576
9.0,9.112500190734863,9.024999618530273,9.069999694824219,149200,2004,6,8,2,12577
8.975000381469727,9.125,9.087499618530273,9.012499809265137,121600,2004,6,9,3,12578
8.854999542236328,9.050000190734863,9.050000190734863,8.875,263200,2004,6,10,4,12579
8.707500457763672,8.90999984741211,8.875,8.707500457763672,246000,2004,6,14,1,12583
8.699999809265137,8.824999809265137,8.737500190734863,8.8100004196167,292000,2004,6,15,2,12584
8.5,8.7475004196167,8.5,8.694999694824219,582400,2004,6,16,3,12585
8.612500190734863,8.739999771118164,8.707500457763672,8.692500114440918,276800,2004,6,17,4,12586
8.587499618530273,8.832500457763672,8.694999694824219,8.694999694824219,465600,2004,6,18,5,12587
8.5625,8.694999694824219,8.694999694824219,8.59749984741211,330400,2004,6,21,1,12590
8.425000190734863,8.675000190734863,8.607500076293945,8.675000190734863,199600,2004,6,22,2,12591
8.625,8.8125,8.692500114440918,8.8125,146800,2004,6,23,3,12592
8.59749984741211,8.824999809265137,8.824999809265137,8.649999618530273,190000,2004,6,24,4,12593
8.587499618530273,8.787500381469727,8.662500381469727,8.587499618530273,259600,2004,6,25,5,12594
8.552499771118164,8.8100004196167,8.625,8.71500015258789,233200,2004,6,28,1,12597
8.712499618530273,8.887499809265137,8.725000381469727,8.789999961853027,313600,2004,6,29,2,12598
8.797499656677246,8.882499694824219,8.824999809265137,8.864999771118164,219600,2004,6,30,3,12599
8.729999542236328,8.890000343322754,8.890000343322754,8.734999656677246,316000,2004,7,1,4,12600
8.675000190734863,8.729999542236328,8.675000190734863,8.702500343322754,126400,2004,7,2,5,12601
8.5,8.710000038146973,8.702500343322754,8.524999618530273,270000,2004,7,6,2,12605
8.524999618530273,8.762499809265137,8.550000190734863,8.729999542236328,324000,2004,7,7,3,12606
8.324999809265137,8.717499732971191,8.692500114440918,8.329999923706055,414800,2004,7,8,4,12607
8.345000267028809,8.484999656677246,8.354999542236328,8.354999542236328,259200,2004,7,9,5,12608
8.297499656677246,8.390000343322754,8.375,8.300000190734863,332800,2004,7,12,1,12611
8.119999885559082,8.3100004196167,8.300000190734863,8.125,324000,2004,7,13,2,12612
7.882500171661377,8.1274995803833,8.1274995803833,8.037500381469727,589600,2004,7,14,3,12613
7.962500095367432,8.0600004196167,8.012499809265137,8.055000305175781,434800,2004,7,15,4,12614
7.837500095367432,8.082500457763672,8.074999809265137,7.977499961853027,320000,2004,7,16,5,12615
7.900000095367432,8.032500267028809,7.977499961853027,7.962500095367432,480800,2004,7,19,1,12618
7.987500190734863,8.227499961853027,7.987500190734863,8.225000381469727,222800,2004,7,20,2,12619
8.087499618530273,8.2524995803833,8.227499961853027,8.102499961853027,282000,2004,7,21,3,12620
8.037500381469727,8.175000190734863,8.087499618530273,8.117500305175781,461200,2004,7,22,4,12621
8.074999809265137,8.332500457763672,8.100000381469727,8.305000305175781,575200,2004,7,23,5,12622
7.952499866485596,8.305000305175781,8.300000190734863,7.952499866485596,403600,2004,7,26,1,12625
7.8125,8.0625,7.8125,8.0625,417200,2004,7,27,2,12626
7.912499904632568,8.154999732971191,8.024999618530273,8.0625,561200,2004,7,28,3,12627
7.974999904632568,8.142499923706055,8.087499618530273,8.130000114440918,223200,2004,7,29,4,12628
7.980000019073486,8.100000381469727,8.100000381469727,7.992499828338623,256400,2004,7,30,5,12629
7.824999809265137,7.994999885559082,7.962500095367432,7.912499904632568,578000,2004,8,2,1,12632
7.840000152587891,8.0,7.914999961853027,7.929999828338623,249200,2004,8,3,2,12633
7.815000057220459,7.962500095367432,7.90500020980835,7.882500171661377,238000,2004,8,4,3,12634
7.662499904632568,7.885000228881836,7.869999885559082,7.707499980926514,226800,2004,8,5,4,12635
6.957499980926514,7.707499980926514,7.707499980926514,7.074999809265137,1966000,2004,8,6,5,12636
6.989999771118164,7.192500114440918,7.150000095367432,6.989999771118164,728000,2004,8,9,1,12639
7.050000190734863,7.25,7.050000190734863,7.244999885559082,462800,2004,8,10,2,12640
6.987500190734863,7.224999904632568,7.212500095367432,7.164999961853027,601200,2004,8,11,3,12641
6.994999885559082,7.150000095367432,7.137499809265137,7.037499904632568,245200,2004,8,12,4,12642
6.997499942779541,7.125,7.005000114440918,7.005000114440918,330400,2004,8,13,5,12643
6.997499942779541,7.190000057220459,7.005000114440918,7.190000057220459,273200,2004,8,16,1,12646
6.987500190734863,7.175000190734863,7.164999961853027,7.0,995600,2004,8,17,2,12647
6.960000038146973,7.03000020980835,7.0,7.019999980926514,853200,2004,8,18,3,12648
7.0,7.162499904632568,7.022500038146973,7.025000095367432,1419600,2004,8,19,4,12649
7.025000095367432,7.147500038146973,7.0625,7.144999980926514,700800,2004,8,20,5,12650
7.125,7.275000095367432,7.144999980926514,7.170000076293945,314800,2004,8,23,1,12653
7.077499866485596,7.224999904632568,7.1875,7.179999828338623,256400,2004,8,24,2,12654
7.027500152587891,7.264999866485596,7.192500114440918,7.264999866485596,255200,2004,8,25,3,12655
7.099999904632568,7.239999771118164,7.239999771118164,7.199999809265137,319200,2004,8,26,4,12656
7.142499923706055,7.25,7.175000190734863,7.242499828338623,142000,2004,8,27,5,12657
7.184999942779541,7.237500190734863,7.199999809265137,7.222499847412109,258400,2004,8,30,1,12660
7.182499885559082,7.315000057220459,7.199999809265137,7.272500038146973,275600,2004,8,31,2,12661
7.272500038146973,7.372499942779541,7.272500038146973,7.357500076293945,745600,2004,9,1,3,12662
7.275000095367432,7.429999828338623,7.357500076293945,7.429999828338623,940800,2004,9,2,4,12663
7.202499866485596,7.512499809265137,7.429999828338623,7.21750020980835,315600,2004,9,3,5,12664
7.25,7.414999961853027,7.25,7.387499809265137,363600,2004,9,7,2,12668
7.315000057220459,7.505000114440918,7.387499809265137,7.335000038146973,218000,2004,9,8,3,12669
7.349999904632568,7.5,7.349999904632568,7.489999771118164,167200,2004,9,9,4,12670
7.179999828338623,7.487500190734863,7.474999904632568,7.387499809265137,479600,2004,9,10,5,12671
7.375,7.462500095367432,7.375,7.425000190734863,161600,2004,9,13,1,12674
7.239999771118164,7.400000095367432,7.400000095367432,7.247499942779541,308400,2004,9,14,2,12675
7.112500190734863,7.28000020980835,7.247499942779541,7.25,848000,2004,9,15,3,12676
7.204999923706055,7.300000190734863,7.25,7.275000095367432,285600,2004,9,16,4,12677
7.204999923706055,7.315000057220459,7.300000190734863,7.237500190734863,416800,2004,9,17,5,12678
7.184999942779541,7.307499885559082,7.237500190734863,7.289999961853027,114400,2004,9,20,1,12681
7.230000019073486,7.332499980926514,7.275000095367432,7.317500114440918,240800,2004,9,21,2,12682
6.994999885559082,7.287499904632568,7.287499904632568,7.03000020980835,218000,2004,9,22,3,12683
7.050000190734863,7.277500152587891,7.050000190734863,7.25,273200,2004,9,23,4,12684
7.182499885559082,7.287499904632568,7.237500190734863,7.1875,1060000,2004,9,24,5,12685
7.022500038146973,7.21999979019165,7.1875,7.03249979019165,328400,2004,9,27,1,12688
7.014999866485596,7.260000228881836,7.057499885559082,7.247499942779541,229600,2004,9,28,2,12689
7.212500095367432,7.362500190734863,7.262499809265137,7.262499809265137,200800,2004,9,29,3,12690
7.177499771118164,7.304999828338623,7.237500190734863,7.202499866485596,222800,2004,9,30,4,12691
7.1875,7.367499828338623,7.1875,7.25,378000,2004,10,1,5,12692
7.192500114440918,7.322500228881836,7.192500114440918,7.199999809265137,535200,2004,10,4,1,12695
7.105000019073486,7.237500190734863,7.199999809265137,7.119999885559082,355600,2004,10,5,2,12696
7.099999904632568,7.199999809265137,7.150000095367432,7.114999771118164,1879600,2004,10,6,3,12697
7.090000152587891,7.195000171661377,7.125,7.132500171661377,240000,2004,10,7,4,12698
6.994999885559082,7.15749979019165,7.099999904632568,7.0,260800,2004,10,8,5,12699
6.902500152587891,7.012499809265137,6.954999923706055,6.974999904632568,162000,2004,10,11,1,12702
6.942500114440918,7.150000095367432,6.962500095367432,7.070000171661377,444400,2004,10,12,2,12703
6.977499961853027,7.167500019073486,7.107500076293945,6.977499961853027,478000,2004,10,13,3,12704
6.9375,7.057499885559082,6.952499866485596,6.945000171661377,416400,2004,10,14,4,12705
6.9375,7.050000190734863,6.945000171661377,6.9375,477600,2004,10,15,5,12706
6.835000038146973,7.042500019073486,6.912499904632568,6.985000133514404,198800,2004,10,18,1,12709
6.864999771118164,7.037499904632568,7.002500057220459,6.867499828338623,145600,2004,10,19,2,12710
6.775000095367432,6.900000095367432,6.837500095367432,6.802499771118164,208800,2004,10,20,3,12711
6.789999961853027,6.927499771118164,6.800000190734863,6.837500095367432,460000,2004,10,21,4,12712
6.637499809265137,6.9375,6.840000152587891,6.727499961853027,390800,2004,10,22,5,12713
6.724999904632568,6.855000019073486,6.724999904632568,6.775000095367432,371600,2004,10,25,1,12716
6.637499809265137,6.762499809265137,6.762499809265137,6.730000019073486,422000,2004,10,26,2,12717
6.647500038146973,6.792500019073486,6.699999809265137,6.75,1038800,2004,10,27,3,12718
6.652500152587891,6.804999828338623,6.724999904632568,6.804999828338623,295600,2004,10,28,4,12719
6.587500095367432,6.809999942779541,6.787499904632568,6.795000076293945,187200,2004,10,29,5,12720
6.625,6.800000190734863,6.800000190734863,6.675000190734863,264000,2004,11,1,1,12723
6.650000095367432,6.925000190734863,6.650000095367432,6.78249979019165,802000,2004,11,2,2,12724
6.764999866485596,6.900000095367432,6.824999809265137,6.849999904632568,576400,2004,11,3,3,12725
6.775000095367432,6.989999771118164,6.847499847412109,6.925000190734863,590400,2004,11,4,4,12726
6.909999847412109,7.019999980926514,6.962500095367432,7.0,666800,2004,11,5,5,12727
6.857500076293945,7.010000228881836,7.0,6.877500057220459,427600,2004,11,8,1,12730
6.797500133514404,6.929999828338623,6.875,6.8125,496800,2004,11,9,2,12731
6.610000133514404,6.849999904632568,6.837500095367432,6.679999828338623,663600,2004,11,10,3,12732
6.599999904632568,6.742499828338623,6.704999923706055,6.627500057220459,529200,2004,11,11,4,12733
6.602499961853027,6.739999771118164,6.677499771118164,6.659999847412109,1365200,2004,11,12,5,12734
6.607500076293945,6.727499961853027,6.659999847412109,6.727499961853027,1526400,2004,11,15,1,12737
6.637499809265137,6.962500095367432,6.727499961853027,6.960000038146973,1035600,2004,11,16,2,12738
6.962500095367432,7.150000095367432,6.962500095367432,7.057499885559082,1392000,2004,11,17,3,12739
6.849999904632568,7.175000190734863,6.997499942779541,7.125,1987600,2004,11,18,4,12740
7.699999809265137,7.96999979019165,7.775000095367432,7.752500057220459,3253200,2004,11,19,5,12741
7.684999942779541,7.862500190734863,7.75,7.8125,855600,2004,11,22,1,12744
7.702499866485596,7.835000038146973,7.8125,7.760000228881836,584800,2004,11,23,2,12745
7.75,7.862500190734863,7.772500038146973,7.827499866485596,381200,2004,11,24,3,12746
7.739999771118164,7.824999809265137,7.824999809265137,7.75,321200,2004,11,26,5,12748
7.747499942779541,7.8125,7.75,7.789999961853027,522400,2004,11,29,1,12751
7.775000095367432,7.9375,7.800000190734863,7.832499980926514,567200,2004,11,30,2,12752
7.855000019073486,7.980000019073486,7.860000133514404,7.900000095367432,731600,2004,12,1,3,12753
7.887499809265137,8.0,7.900000095367432,7.942500114440918,444800,2004,12,2,4,12754
7.894999980926514,8.0,7.925000190734863,7.902500152587891,427200,2004,12,3,5,12755
7.860000133514404,7.972499847412109,7.912499904632568,7.952499866485596,627600,2004,12,6,1,12758
7.724999904632568,8.0,7.952499866485596,7.75,789200,2004,12,7,2,12759
7.697500228881836,7.857500076293945,7.775000095367432,7.857500076293945,616800,2004,12,8,3,12760
7.704999923706055,7.767499923706055,7.724999904632568,7.735000133514404,540400,2004,12,9,4,12761
7.550000190734863,7.762499809265137,7.732500076293945,7.715000152587891,994000,2004,12,10,5,12762
7.574999809265137,7.762499809265137,7.75,7.727499961853027,354800,2004,12,13,1,12765
7.635000228881836,7.784999847412109,7.702499866485596,7.75,427600,2004,12,14,2,12766
7.650000095367432,7.817500114440918,7.762499809265137,7.792500019073486,366400,2004,12,15,3,12767
7.632500171661377,7.764999866485596,7.75,7.662499904632568,611600,2004,12,16,4,12768
7.625,7.769999980926514,7.625,7.715000152587891,377600,2004,12,17,5,12769
7.557499885559082,7.815000057220459,7.727499961853027,7.625,493200,2004,12,20,1,12772
7.587500095367432,7.699999809265137,7.677499771118164,7.65500020980835,462800,2004,12,21,2,12773
7.637499809265137,7.730000019073486,7.637499809265137,7.699999809265137,184800,2004,12,22,3,12774
7.742499828338623,7.985000133514404,7.75,7.942500114440918,312000,2004,12,23,4,12775
7.707499980926514,7.997499942779541,7.875,7.724999904632568,289200,2004,12,27,1,12779
7.724999904632568,8.0,7.724999904632568,7.949999809265137,242400,2004,12,28,2,12780
7.909999847412109,7.954999923706055,7.925000190734863,7.914999961853027,112400,2004,12,29,3,12781
7.860000133514404,8.0,7.920000076293945,7.867499828338623,116000,2004,12,30,4,12782
7.78000020980835,7.887499809265137,7.847499847412109,7.78000020980835,246000,2004,12,31,5,12783
7.614999771118164,7.849999904632568,7.795000076293945,7.662499904632568,325600,2005,1,3,1,12786
7.612500190734863,7.699999809265137,7.637499809265137,7.6875,839600,2005,1,4,2,12787
7.662499904632568,7.832499980926514,7.662499904632568,7.752500057220459,1128400,2005,1,5,3,12788
7.724999904632568,7.837500095367432,7.752500057220459,7.752500057220459,404000,2005,1,6,4,12789
7.692500114440918,7.8125,7.735000133514404,7.702499866485596,617600,2005,1,7,5,12790
7.525000095367432,7.744999885559082,7.702499866485596,7.574999809265137,453600,2005,1,10,1,12793
7.400000095367432,7.542500019073486,7.537499904632568,7.414999961853027,516800,2005,1,11,2,12794
7.215000152587891,7.414999961853027,7.414999961853027,7.347499847412109,471200,2005,1,12,3,12795
7.150000095367432,7.324999809265137,7.324999809265137,7.177499771118164,457200,2005,1,13,4,12796
7.147500038146973,7.537499904632568,7.152500152587891,7.537499904632568,620000,2005,1,14,5,12797
7.474999904632568,7.574999809265137,7.537499904632568,7.53249979019165,695600,2005,1,18,2,12801
7.377500057220459,7.512499809265137,7.512499809265137,7.429999828338623,678400,2005,1,19,3,12802
7.3125,7.46750020980835,7.429999828338623,7.340000152587891,689600,2005,1,20,4,12803
7.247499942779541,7.34499979019165,7.324999809265137,7.252500057220459,1224000,2005,1,21,5,12804
7.175000190734863,7.337500095367432,7.287499904632568,7.212500095367432,608400,2005,1,24,1,12807
7.237500190734863,7.322500228881836,7.247499942779541,7.25,693200,2005,1,25,2,12808
7.224999904632568,7.309999942779541,7.247499942779541,7.275000095367432,623200,2005,1,26,3,12809
7.197500228881836,7.289999961853027,7.25,7.275000095367432,722800,2005,1,27,4,12810
7.212500095367432,7.392499923706055,7.267499923706055,7.335000038146973,804800,2005,1,28,5,12811
7.375,7.559999942779541,7.375,7.519999980926514,970000,2005,1,31,1,12814
7.427499771118164,7.587500095367432,7.474999904632568,7.487500190734863,515200,2005,2,1,2,12815
7.335000038146973,7.489999771118164,7.449999809265137,7.427499771118164,1033200,2005,2,2,3,12816
7.559999942779541,8.0,7.574999809265137,7.949999809265137,2077200,2005,2,3,4,12817
7.949999809265137,8.210000038146973,7.949999809265137,8.162500381469727,1475600,2005,2,4,5,12818
7.965000152587891,8.207500457763672,8.145000457763672,7.980000019073486,859200,2005,2,7,1,12821
7.864999771118164,8.0,8.0,7.894999980926514,953600,2005,2,8,2,12822
7.712500095367432,7.934999942779541,7.912499904632568,7.752500057220459,698000,2005,2,9,3,12823
7.742499828338623,7.855000019073486,7.752500057220459,7.789999961853027,241600,2005,2,10,4,12824
7.639999866485596,7.945000171661377,7.737500190734863,7.889999866485596,389600,2005,2,11,5,12825
7.789999961853027,7.947500228881836,7.827499866485596,7.802499771118164,568000,2005,2,14,1,12828
7.78249979019165,7.925000190734863,7.787499904632568,7.860000133514404,543200,2005,2,15,2,12829
7.787499904632568,8.010000228881836,7.849999904632568,7.900000095367432,780400,2005,2,16,3,12830
7.762499809265137,7.985000133514404,7.900000095367432,7.777500152587891,667600,2005,2,17,4,12831
7.737500190734863,7.822500228881836,7.8125,7.762499809265137,286800,2005,2,18,5,12832
7.6875,7.775000095367432,7.724999904632568,7.6875,261600,2005,2,22,2,12836
7.712500095367432,7.949999809265137,7.712500095367432,7.945000171661377,696800,2005,2,23,3,12837
7.875,8.024999618530273,8.024999618530273,7.952499866485596,458400,2005,2,24,4,12838
7.820000171661377,8.072500228881836,7.9375,8.0625,732800,2005,2,25,5,12839
8.0,8.569999694824219,8.047499656677246,8.46500015258789,1548400,2005,2,28,1,12842
8.397500038146973,8.642499923706055,8.5,8.457500457763672,735600,2005,3,1,2,12843
8.390000343322754,8.602499961853027,8.4375,8.479999542236328,622800,2005,3,2,3,12844
8.492500305175781,8.572500228881836,8.492500305175781,8.552499771118164,333600,2005,3,3,4,12845
8.545000076293945,8.757499694824219,8.649999618530273,8.712499618530273,439200,2005,3,4,5,12846
8.59749984741211,8.72249984741211,8.712499618530273,8.645000457763672,550000,2005,3,7,1,12849
8.59749984741211,8.675000190734863,8.612500190734863,8.612500190734863,450400,2005,3,8,2,12850
8.46500015258789,8.612500190734863,8.612500190734863,8.542499542236328,318000,2005,3,9,3,12851
8.522500038146973,8.670000076293945,8.542499542236328,8.59000015258789,499200,2005,3,10,4,12852
8.467499732971191,8.649999618530273,8.609999656677246,8.494999885559082,412800,2005,3,11,5,12853
8.524999618530273,8.672499656677246,8.524999618530273,8.672499656677246,221600,2005,3,14,1,12856
8.647500038146973,8.772500038146973,8.694999694824219,8.670000076293945,513200,2005,3,15,2,12857
8.489999771118164,8.7475004196167,8.675000190734863,8.5649995803833,734800,2005,3,16,3,12858
8.625,8.797499656677246,8.625,8.71500015258789,1390000,2005,3,17,4,12859
8.6899995803833,8.765000343322754,8.71500015258789,8.71500015258789,804400,2005,3,18,5,12860
8.707500457763672,8.772500038146973,8.737500190734863,8.7475004196167,400400,2005,3,21,1,12863
8.5649995803833,8.760000228881836,8.7475004196167,8.572500228881836,457200,2005,3,22,2,12864
8.5649995803833,8.65999984741211,8.574999809265137,8.592499732971191,573600,2005,3,23,3,12865
8.520000457763672,8.6225004196167,8.579999923706055,8.522500038146973,358400,2005,3,24,4,12866
8.462499618530273,8.582500457763672,8.537500381469727,8.46500015258789,302400,2005,3,28,1,12870
8.282500267028809,8.524999618530273,8.46500015258789,8.3100004196167,436400,2005,3,29,2,12871
8.329999923706055,8.555000305175781,8.329999923706055,8.524999618530273,377200,2005,3,30,3,12872
8.319999694824219,8.522500038146973,8.522500038146973,8.3725004196167,451200,2005,3,31,4,12873
8.287500381469727,8.487500190734863,8.412500381469727,8.319999694824219,415200,2005,4,1,5,12874
8.289999961853027,8.375,8.319999694824219,8.324999809265137,372800,2005,4,4,1,12877
8.337499618530273,8.4375,8.350000381469727,8.397500038146973,370400,2005,4,5,2,12878
8.279999732971191,8.414999961853027,8.375,8.279999732971191,418000,2005,4,6,3,12879
8.257499694824219,8.362500190734863,8.300000190734863,8.335000038146973,183200,2005,4,7,4,12880
8.074999809265137,8.324999809265137,8.324999809265137,8.167499542236328,333600,2005,4,8,5,12881
8.052499771118164,8.177499771118164,8.177499771118164,8.055000305175781,243600,2005,4,11,1,12884
7.914999961853027,8.232500076293945,8.050000190734863,8.197500228881836,324800,2005,4,12,2,12885
8.067500114440918,8.237500190734863,8.197500228881836,8.114999771118164,207200,2005,4,13,3,12886
8.0,8.157500267028809,8.125,8.055000305175781,298000,2005,4,14,4,12887
7.864999771118164,8.055000305175781,8.055000305175781,7.880000114440918,297600,2005,4,15,5,12888
7.787499904632568,7.925000190734863,7.860000133514404,7.867499828338623,234800,2005,4,18,1,12891
7.769999980926514,7.902500152587891,7.892499923706055,7.849999904632568,324000,2005,4,19,2,12892
7.75,7.885000228881836,7.800000190734863,7.772500038146973,460400,2005,4,20,3,12893
7.835000038146973,8.057499885559082,7.835000038146973,8.007499694824219,317200,2005,4,21,4,12894
7.642499923706055,8.007499694824219,8.007499694824219,7.712500095367432,316000,2005,4,22,5,12895
7.702499866485596,7.862500190734863,7.75,7.835000038146973,247200,2005,4,25,1,12898
7.599999904632568,7.84499979019165,7.820000171661377,7.599999904632568,278400,2005,4,26,2,12899
7.570000171661377,7.897500038146973,7.579999923706055,7.757500171661377,389600,2005,4,27,3,12900
7.602499961853027,7.737500190734863,7.737500190734863,7.617499828338623,213200,2005,4,28,4,12901
7.5,7.712500095367432,7.662499904632568,7.675000190734863,234000,2005,4,29,5,12902
7.675000190734863,7.889999866485596,7.675000190734863,7.852499961853027,328400,2005,5,2,1,12905
7.697500228881836,7.987500190734863,7.900000095367432,7.75,308000,2005,5,3,2,12906
7.697500228881836,7.962500095367432,7.747499942779541,7.962500095367432,264400,2005,5,4,3,12907
7.880000114440918,8.237500190734863,7.945000171661377,8.055000305175781,620000,2005,5,5,4,12908
8.137499809265137,8.2524995803833,8.137499809265137,8.162500381469727,322800,2005,5,6,5,12909
8.09000015258789,8.300000190734863,8.125,8.212499618530273,309600,2005,5,9,1,12912
8.140000343322754,8.3125,8.212499618530273,8.162500381469727,224000,2005,5,10,2,12913
8.140000343322754,8.274999618530273,8.154999732971191,8.199999809265137,416000,2005,5,11,3,12914
8.095000267028809,8.25,8.182499885559082,8.162500381469727,424000,2005,5,12,4,12915
7.772500038146973,8.145000457763672,8.145000457763672,7.925000190734863,766800,2005,5,13,5,12916
7.909999847412109,8.21500015258789,7.922500133514404,8.21500015258789,298000,2005,5,16,1,12919
8.170000076293945,8.324999809265137,8.1875,8.3100004196167,338800,2005,5,17,2,12920
8.225000381469727,8.412500381469727,8.302499771118164,8.2524995803833,330400,2005,5,18,3,12921
8.25,8.422499656677246,8.274999618530273,8.422499656677246,304800,2005,5,19,4,12922
8.302499771118164,8.447500228881836,8.447500228881836,8.392499923706055,415600,2005,5,20,5,12923
8.337499618530273,8.520000457763672,8.387499809265137,8.404999732971191,482400,2005,5,23,1,12926
8.3125,8.4350004196167,8.4350004196167,8.380000114440918,279200,2005,5,24,2,12927
8.289999961853027,8.404999732971191,8.354999542236328,8.3149995803833,402400,2005,5,25,3,12928
8.302499771118164,8.422499656677246,8.337499618530273,8.375,334000,2005,5,26,4,12929
8.342499732971191,8.532500267028809,8.364999771118164,8.524999618530273,177600,2005,5,27,5,12930
8.477499961853027,8.572500228881836,8.5,8.572500228881836,1604000,2005,5,31,2,12934
8.542499542236328,8.694999694824219,8.5649995803833,8.582500457763672,333200,2005,6,1,3,12935
8.477499961853027,8.632499694824219,8.5625,8.512499809265137,379600,2005,6,2,4,12936
8.479999542236328,8.587499618530273,8.537500381469727,8.5625,192400,2005,6,3,5,12937
8.524999618530273,8.8100004196167,8.5600004196167,8.795000076293945,326000,2005,6,6,1,12940
8.632499694824219,8.899999618530273,8.795000076293945,8.635000228881836,324000,2005,6,7,2,12941
8.632499694824219,8.71500015258789,8.680000305175781,8.640000343322754,117600,2005,6,8,3,12942
8.587499618530273,8.677499771118164,8.637499809265137,8.672499656677246,507200,2005,6,9,4,12943
8.632499694824219,8.6875,8.664999961853027,8.637499809265137,310800,2005,6,10,5,12944
8.595000267028809,8.6899995803833,8.632499694824219,8.649999618530273,407200,2005,6,13,1,12947
8.607500076293945,8.717499732971191,8.637499809265137,8.664999961853027,339600,2005,6,14,2,12948
8.574999809265137,8.710000038146973,8.699999809265137,8.649999618530273,685200,2005,6,15,3,12949
8.635000228881836,8.8125,8.637499809265137,8.772500038146973,206400,2005,6,16,4,12950
8.649999618530273,8.802499771118164,8.787500381469727,8.649999618530273,457600,2005,6,17,5,12951
8.632499694824219,8.725000381469727,8.632499694824219,8.632499694824219,139600,2005,6,20,1,12954
8.645000457763672,8.75,8.699999809265137,8.72249984741211,150000,2005,6,21,2,12955
8.699999809265137,8.774999618530273,8.725000381469727,8.7524995803833,218400,2005,6,22,3,12956
8.632499694824219,8.797499656677246,8.75,8.632499694824219,472000,2005,6,23,4,12957
8.612500190734863,8.672499656677246,8.635000228881836,8.662500381469727,433600,2005,6,24,5,12958
8.619999885559082,8.6850004196167,8.649999618530273,8.6274995803833,487200,2005,6,27,1,12961
8.677499771118164,9.047499656677246,8.699999809265137,8.9350004196167,456800,2005,6,28,2,12962
8.8100004196167,9.074999809265137,8.9350004196167,8.862500190734863,690000,2005,6,29,3,12963
8.819999694824219,8.944999694824219,8.892499923706055,8.822500228881836,382800,2005,6,30,4,12964
8.84000015258789,9.077500343322754,8.845000267028809,9.0,896000,2005,7,1,5,12965
8.907500267028809,9.050000190734863,9.0,8.975000381469727,484000,2005,7,5,2,12969
8.954999923706055,9.100000381469727,8.967499732971191,9.0649995803833,500400,2005,7,6,3,12970
8.875,9.112500190734863,8.875,9.0649995803833,392400,2005,7,7,4,12971
9.012499809265137,9.199999809265137,9.03499984741211,9.175000190734863,354800,2005,7,8,5,12972
9.050000190734863,9.324999809265137,9.050000190734863,9.324999809265137,368800,2005,7,11,1,12975
9.212499618530273,9.362500190734863,9.300000190734863,9.362500190734863,331600,2005,7,12,2,12976
9.274999618530273,9.512499809265137,9.3774995803833,9.397500038146973,484800,2005,7,13,3,12977
9.342499732971191,9.512499809265137,9.47249984741211,9.34749984741211,202400,2005,7,14,4,12978
9.25,9.412500381469727,9.350000381469727,9.352499961853027,307200,2005,7,15,5,12979
9.202500343322754,9.362500190734863,9.354999542236328,9.25,224800,2005,7,18,1,12982
9.300000190734863,9.460000038146973,9.324999809265137,9.4375,196400,2005,7,19,2,12983
9.3725004196167,9.5,9.412500381469727,9.475000381469727,174000,2005,7,20,3,12984
9.300000190734863,9.5,9.477499961853027,9.300000190734863,180800,2005,7,21,4,12985
9.255000114440918,9.4975004196167,9.324999809265137,9.4975004196167,249600,2005,7,22,5,12986
9.319999694824219,9.5,9.494999885559082,9.319999694824219,242000,2005,7,25,1,12989
9.202500343322754,9.404999732971191,9.327500343322754,9.335000038146973,314800,2005,7,26,2,12990
9.212499618530273,9.399999618530273,9.350000381469727,9.399999618530273,177600,2005,7,27,3,12991
9.40999984741211,9.5625,9.412500381469727,9.552499771118164,279200,2005,7,28,4,12992
9.420000076293945,9.595000267028809,9.542499542236328,9.545000076293945,170400,2005,7,29,5,12993
9.487500190734863,9.712499618530273,9.5649995803833,9.517499923706055,288400,2005,8,1,1,12996
9.324999809265137,9.612500190734863,9.542499542236328,9.489999771118164,350000,2005,8,2,2,12997
9.300000190734863,9.470000267028809,9.470000267028809,9.369999885559082,192000,2005,8,3,3,12998
9.260000228881836,9.4350004196167,9.375,9.289999961853027,657600,2005,8,4,4,12999
9.289999961853027,9.5600004196167,9.289999961853027,9.537500381469727,331600,2005,8,5,5,13000
9.300000190734863,9.6225004196167,9.537500381469727,9.390000343322754,621600,2005,8,8,1,13003
9.417499542236328,9.4975004196167,9.417499542236328,9.47249984741211,388400,2005,8,9,2,13004
9.267499923706055,9.494999885559082,9.492500305175781,9.362500190734863,373600,2005,8,10,3,13005
9.232500076293945,9.354999542236328,9.292499542236328,9.337499618530273,613600,2005,8,11,4,13006
9.125,9.300000190734863,9.300000190734863,9.180000305175781,462400,2005,8,12,5,13007
9.117500305175781,9.392499923706055,9.167499542236328,9.319999694824219,315600,2005,8,15,1,13010
9.074999809265137,9.329999923706055,9.287500381469727,9.15999984741211,260000,2005,8,16,2,13011
9.137499809265137,9.300000190734863,9.199999809265137,9.237500190734863,360800,2005,8,17,3,13012
9.1274995803833,9.244999885559082,9.199999809265137,9.162500381469727,287200,2005,8,18,4,13013
9.125,9.25,9.164999961853027,9.244999885559082,176000,2005,8,19,5,13014
9.175000190734863,9.329999923706055,9.237500190734863,9.307499885559082,244800,2005,8,22,1,13017
9.212499618530273,9.359999656677246,9.3100004196167,9.3125,292000,2005,8,23,2,13018
9.197500228881836,9.425000190734863,9.3125,9.197500228881836,466000,2005,8,24,3,13019
9.100000381469727,9.274999618530273,9.212499618530273,9.125,312000,2005,8,25,4,13020
9.0024995803833,9.130000114440918,9.130000114440918,9.024999618530273,339200,2005,8,26,5,13021
8.987500190734863,9.21500015258789,8.9975004196167,9.1875,278000,2005,8,29,1,13024
9.112500190734863,9.207500457763672,9.170000076293945,9.175000190734863,156400,2005,8,30,2,13025
9.1850004196167,9.4375,9.1850004196167,9.414999961853027,426800,2005,8,31,3,13026
9.359999656677246,9.462499618530273,9.4375,9.412500381469727,209600,2005,9,1,4,13027
9.350000381469727,9.427499771118164,9.399999618530273,9.414999961853027,236000,2005,9,2,5,13028
9.342499732971191,9.577500343322754,9.449999809265137,9.4350004196167,649200,2005,9,6,2,13032
9.350000381469727,9.557499885559082,9.350000381469727,9.557499885559082,361600,2005,9,7,3,13033
9.297499656677246,9.512499809265137,9.512499809265137,9.385000228881836,116000,2005,9,8,4,13034
9.380000114440918,9.487500190734863,9.387499809265137,9.452500343322754,126800,2005,9,9,5,13035
9.397500038146973,9.6225004196167,9.4375,9.552499771118164,155200,2005,9,12,1,13038
9.317500114440918,9.515000343322754,9.515000343322754,9.317500114440918,219200,2005,9,13,2,13039
9.242500305175781,9.382499694824219,9.342499732971191,9.242500305175781,182400,2005,9,14,3,13040
9.162500381469727,9.287500381469727,9.262499809265137,9.217499732971191,170000,2005,9,15,4,13041
9.262499809265137,9.637499809265137,9.265000343322754,9.475000381469727,688400,2005,9,16,5,13042
9.354999542236328,9.5024995803833,9.475000381469727,9.357500076293945,402400,2005,9,19,1,13045
9.020000457763672,9.390000343322754,9.380000114440918,9.020000457763672,552000,2005,9,20,2,13046
8.882499694824219,9.029999732971191,9.022500038146973,9.024999618530273,534000,2005,9,21,3,13047
8.852499961853027,9.007499694824219,9.0,8.90250015258789,747200,2005,9,22,4,13048
8.805000305175781,8.952500343322754,8.880000114440918,8.904999732971191,302800,2005,9,23,5,13049
8.925000190734863,9.114999771118164,8.957500457763672,9.005000114440918,238400,2005,9,26,1,13052
8.954999923706055,9.274999618530273,8.979999542236328,9.15999984741211,316000,2005,9,27,2,13053
8.9350004196167,9.207500457763672,9.15999984741211,9.0024995803833,235600,2005,9,28,3,13054
8.954999923706055,9.052499771118164,8.975000381469727,9.0,280400,2005,9,29,4,13055
8.899999618530273,8.989999771118164,8.9375,8.9375,395600,2005,9,30,5,13056
8.927499771118164,9.260000228881836,8.927499771118164,9.21500015258789,310800,2005,10,3,1,13059
9.0625,9.457500457763672,9.227499961853027,9.085000038146973,332400,2005,10,4,2,13060
8.824999809265137,9.125,9.042499542236328,8.824999809265137,245200,2005,10,5,3,13061
8.65250015258789,8.975000381469727,8.827500343322754,8.757499694824219,292400,2005,10,6,4,13062
8.800000190734863,8.994999885559082,8.800000190734863,8.952500343322754,141600,2005,10,7,5,13063
8.835000038146973,9.1899995803833,9.1899995803833,8.837499618530273,153600,2005,10,10,1,13066
8.822500228881836,8.987500190734863,8.862500190734863,8.824999809265137,266400,2005,10,11,2,13067
8.649999618530273,8.875,8.787500381469727,8.779999732971191,298000,2005,10,12,3,13068
8.6875,8.845000267028809,8.779999732971191,8.7475004196167,373600,2005,10,13,4,13069
8.720000267028809,8.9350004196167,8.800000190734863,8.890000343322754,230400,2005,10,14,5,13070
8.649999618530273,8.875,8.875,8.7524995803833,346400,2005,10,17,1,13073
8.657500267028809,8.800000190734863,8.800000190734863,8.682499885559082,371600,2005,10,18,2,13074
8.625,8.8125,8.637499809265137,8.762499809265137,481200,2005,10,19,3,13075
8.582500457763672,8.774999618530273,8.774999618530273,8.647500038146973,339200,2005,10,20,4,13076
8.649999618530273,8.774999618530273,8.649999618530273,8.7475004196167,192000,2005,10,21,5,13077
8.712499618530273,8.854999542236328,8.774999618530273,8.832500457763672,266800,2005,10,24,1,13080
8.699999809265137,8.800000190734863,8.800000190734863,8.77750015258789,358000,2005,10,25,2,13081
8.537500381469727,8.952500343322754,8.779999732971191,8.662500381469727,523200,2005,10,26,3,13082
8.362500190734863,8.642499923706055,8.630000114440918,8.380000114440918,424400,2005,10,27,4,13083
8.404999732971191,8.885000228881836,8.404999732971191,8.8125,315200,2005,10,28,5,13084
8.832500457763672,9.095000267028809,8.832500457763672,9.0625,250400,2005,10,31,1,13087
9.0,9.162500381469727,9.024999618530273,9.045000076293945,288400,2005,11,1,2,13088
8.954999923706055,9.199999809265137,9.037500381469727,9.199999809265137,289200,2005,11,2,3,13089
9.15250015258789,9.34749984741211,9.25,9.182499885559082,287200,2005,11,3,4,13090
8.982500076293945,9.177499771118164,9.177499771118164,9.095000267028809,216400,2005,11,4,5,13091
8.975000381469727,9.137499809265137,9.09749984741211,9.135000228881836,413600,2005,11,7,1,13094
8.975000381469727,9.1225004196167,9.100000381469727,9.057499885559082,251200,2005,11,8,2,13095
9.069999694824219,9.385000228881836,9.072500228881836,9.260000228881836,311600,2005,11,9,3,13096
9.1274995803833,9.489999771118164,9.232500076293945,9.380000114440918,252400,2005,11,10,4,13097
9.337499618530273,9.467499732971191,9.369999885559082,9.442500114440918,110000,2005,11,11,5,13098
9.3149995803833,9.457500457763672,9.457500457763672,9.3774995803833,190400,2005,11,14,1,13101
9.140000343322754,9.392499923706055,9.382499694824219,9.175000190734863,157200,2005,11,15,2,13102
9.0600004196167,9.234999656677246,9.175000190734863,9.1274995803833,144800,2005,11,16,3,13103
9.172499656677246,9.3125,9.177499771118164,9.274999618530273,381200,2005,11,17,4,13104
9.282500267028809,9.387499809265137,9.387499809265137,9.3149995803833,363600,2005,11,18,5,13105
9.292499542236328,9.449999809265137,9.3149995803833,9.317500114440918,786000,2005,11,21,1,13108
9.132499694824219,9.420000076293945,9.375,9.175000190734863,932800,2005,11,22,2,13109
9.162500381469727,9.34749984741211,9.162500381469727,9.25,379600,2005,11,23,3,13110
9.172499656677246,9.262499809265137,9.225000381469727,9.25,182800,2005,11,25,5,13112
9.0600004196167,9.2475004196167,9.2475004196167,9.092499732971191,380800,2005,11,28,1,13115
9.095000267028809,9.217499732971191,9.117500305175781,9.102499961853027,290000,2005,11,29,2,13116
9.057499885559082,9.1875,9.104999542236328,9.100000381469727,586800,2005,11,30,3,13117
9.109999656677246,9.2475004196167,9.112500190734863,9.217499732971191,642400,2005,12,1,4,13118
9.137499809265137,9.242500305175781,9.22249984741211,9.194999694824219,480800,2005,12,2,5,13119
9.074999809265137,9.25,9.212499618530273,9.225000381469727,542400,2005,12,5,1,13122
9.107500076293945,9.34749984741211,9.257499694824219,9.135000228881836,522000,2005,12,6,2,13123
9.125,9.207500457763672,9.172499656677246,9.180000305175781,262000,2005,12,7,3,13124
9.029999732971191,9.257499694824219,9.1875,9.162500381469727,596800,2005,12,8,4,13125
9.1225004196167,9.207500457763672,9.149999618530273,9.192500114440918,379600,2005,12,9,5,13126
9.042499542236328,9.199999809265137,9.1875,9.119999885559082,325200,2005,12,12,1,13129
9.0625,9.15999984741211,9.119999885559082,9.109999656677246,197200,2005,12,13,2,13130
9.055000305175781,9.175000190734863,9.112500190734863,9.142499923706055,518800,2005,12,14,3,13131
9.012499809265137,9.15250015258789,9.135000228881836,9.1274995803833,582800,2005,12,15,4,13132
9.1225004196167,9.229999542236328,9.162500381469727,9.199999809265137,788800,2005,12,16,5,13133
9.022500038146973,9.1899995803833,9.1875,9.069999694824219,258800,2005,12,19,1,13136
8.957500457763672,9.197500228881836,9.050000190734863,9.092499732971191,408400,2005,12,20,2,13137
9.085000038146973,9.204999923706055,9.125,9.172499656677246,231200,2005,12,21,3,13138
9.100000381469727,9.212499618530273,9.197500228881836,9.170000076293945,328400,2005,12,22,4,13139
9.164999961853027,9.297499656677246,9.177499771118164,9.265000343322754,384800,2005,12,23,5,13140
9.087499618530273,9.300000190734863,9.274999618530273,9.125,233600,2005,12,27,2,13144
9.114999771118164,9.2475004196167,9.15250015258789,9.204999923706055,192800,2005,12,28,3,13145
9.164999961853027,9.390000343322754,9.204999923706055,9.305000305175781,303600,2005,12,29,4,13146
9.119999885559082,9.262499809265137,9.262499809265137,9.172499656677246,268800,2005,12,30,5,13147
9.057499885559082,9.375,9.212499618530273,9.350000381469727,392000,2006,1,3,2,13151
9.177499771118164,9.329999923706055,9.329999923706055,9.204999923706055,420800,2006,1,4,3,13152
9.204999923706055,9.3125,9.204999923706055,9.272500038146973,203600,2006,1,5,4,13153
9.305000305175781,9.432499885559082,9.3149995803833,9.420000076293945,478800,2006,1,6,5,13154
9.369999885559082,9.460000038146973,9.417499542236328,9.422499656677246,302800,2006,1,9,1,13157
9.329999923706055,9.462499618530273,9.387499809265137,9.425000190734863,243600,2006,1,10,2,13158
9.194999694824219,9.425000190734863,9.425000190734863,9.319999694824219,198000,2006,1,11,3,13159
9.274999618530273,9.412500381469727,9.274999618530273,9.395000457763672,192800,2006,1,12,4,13160
9.387499809265137,9.517499923706055,9.399999618530273,9.482500076293945,340800,2006,1,13,5,13161
9.412500381469727,9.4975004196167,9.454999923706055,9.462499618530273,271600,2006,1,17,2,13165
9.40999984741211,9.507499694824219,9.4375,9.470000267028809,234400,2006,1,18,3,13166
9.392499923706055,9.569999694824219,9.487500190734863,9.507499694824219,370400,2006,1,19,4,13167
9.3100004196167,9.572500228881836,9.550000190734863,9.337499618530273,161200,2006,1,20,5,13168
9.227499961853027,9.354999542236328,9.337499618530273,9.3125,226400,2006,1,23,1,13171
9.362500190734863,9.492500305175781,9.375,9.492500305175781,278000,2006,1,24,2,13172
9.295000076293945,9.4975004196167,9.4975004196167,9.3774995803833,264400,2006,1,25,3,13173
9.357500076293945,9.640000343322754,9.380000114440918,9.640000343322754,397600,2006,1,26,4,13174
9.574999809265137,9.864999771118164,9.642499923706055,9.72249984741211,953200,2006,1,27,5,13175
9.625,9.762499809265137,9.704999923706055,9.654999732971191,242000,2006,1,30,1,13178
9.612500190734863,9.84749984741211,9.630000114440918,9.779999732971191,323200,2006,1,31,2,13179
9.630000114440918,9.8100004196167,9.725000381469727,9.649999618530273,679200,2006,2,1,3,13180
9.327500343322754,9.607500076293945,9.462499618530273,9.412500381469727,462800,2006,2,2,4,13181
9.177499771118164,9.40999984741211,9.350000381469727,9.21500015258789,476400,2006,2,3,5,13182
9.095000267028809,9.34749984741211,9.225000381469727,9.3149995803833,279200,2006,2,6,1,13185
9.109999656677246,9.3149995803833,9.3149995803833,9.109999656677246,214000,2006,2,7,2,13186
9.149999618530273,9.237500190734863,9.15999984741211,9.162500381469727,201200,2006,2,8,3,13187
8.977499961853027,9.199999809265137,9.199999809265137,8.9975004196167,309200,2006,2,9,4,13188
8.912500381469727,9.050000190734863,8.9975004196167,9.0,313200,2006,2,10,5,13189
8.864999771118164,9.012499809265137,8.949999809265137,9.0,221600,2006,2,13,1,13192
8.904999732971191,9.102499961853027,9.012499809265137,9.0,262000,2006,2,14,2,13193
8.932499885559082,9.100000381469727,9.0,9.082500457763672,222400,2006,2,15,3,13194
9.037500381469727,9.140000343322754,9.112500190734863,9.125,162000,2006,2,16,4,13195
8.987500190734863,9.207500457763672,9.142499923706055,9.180000305175781,284400,2006,2,17,5,13196
9.020000457763672,9.164999961853027,9.162500381469727,9.072500228881836,309600,2006,2,21,2,13200
9.037500381469727,9.182499885559082,9.074999809265137,9.137499809265137,328800,2006,2,22,3,13201
9.137499809265137,9.322500228881836,9.137499809265137,9.217499732971191,265600,2006,2,23,4,13202
9.1274995803833,9.3100004196167,9.1875,9.3100004196167,183200,2006,2,24,5,13203
9.28499984741211,9.375,9.3100004196167,9.300000190734863,220400,2006,2,27,1,13206
9.067500114440918,9.300000190734863,9.300000190734863,9.1274995803833,280000,2006,2,28,2,13207
9.005000114440918,9.25,9.1274995803833,9.22249984741211,247200,2006,3,1,3,13208
8.850000381469727,9.204999923706055,9.197500228881836,9.067500114440918,346400,2006,3,2,4,13209
8.930000305175781,9.069999694824219,9.069999694824219,8.962499618530273,452800,2006,3,3,5,13210
8.725000381469727,8.9399995803833,8.725000381469727,8.837499618530273,441200,2006,3,6,1,13213
8.78499984741211,8.875,8.845000267028809,8.835000038146973,584800,2006,3,7,2,13214
8.765000343322754,8.887499809265137,8.835000038146973,8.832500457763672,424000,2006,3,8,3,13215
8.670000076293945,8.832500457763672,8.832500457763672,8.704999923706055,826800,2006,3,9,4,13216
8.609999656677246,8.739999771118164,8.694999694824219,8.707500457763672,354800,2006,3,10,5,13217
8.632499694824219,8.807499885559082,8.699999809265137,8.680000305175781,297200,2006,3,13,1,13220
8.547499656677246,8.737500190734863,8.680000305175781,8.675000190734863,334000,2006,3,14,2,13221
8.600000381469727,8.6899995803833,8.654999732971191,8.677499771118164,323600,2006,3,15,3,13222
8.609999656677246,8.7475004196167,8.692500114440918,8.635000228881836,238800,2006,3,16,4,13223
8.539999961853027,8.6899995803833,8.675000190734863,8.664999961853027,832000,2006,3,17,5,13224
8.47249984741211,8.649999618530273,8.649999618530273,8.510000228881836,813600,2006,3,20,1,13227
8.487500190734863,8.770000457763672,8.487500190734863,8.602499961853027,765600,2006,3,21,2,13228
8.512499809265137,8.65999984741211,8.577500343322754,8.625,293600,2006,3,22,3,13229
8.602499961853027,8.772500038146973,8.612500190734863,8.739999771118164,269200,2006,3,23,4,13230
8.654999732971191,8.802499771118164,8.737500190734863,8.75,219600,2006,3,24,5,13231
8.614999771118164,8.732500076293945,8.732500076293945,8.712499618530273,206400,2006,3,27,1,13234
8.675000190734863,8.779999732971191,8.692500114440918,8.755000114440918,398000,2006,3,28,2,13235
8.737500190734863,8.9350004196167,8.755000114440918,8.892499923706055,662800,2006,3,29,3,13236
8.835000038146973,8.9350004196167,8.897500038146973,8.875,571600,2006,3,30,4,13237
8.890000343322754,8.994999885559082,8.914999961853027,8.994999885559082,518000,2006,3,31,5,13238
8.857500076293945,8.9975004196167,8.97249984741211,8.857500076293945,386000,2006,4,3,1,13241
8.757499694824219,8.952500343322754,8.77750015258789,8.760000228881836,524000,2006,4,4,2,13242
8.725000381469727,8.862500190734863,8.800000190734863,8.845000267028809,272800,2006,4,5,3,13243
8.805000305175781,8.925000190734863,8.850000381469727,8.869999885559082,317200,2006,4,6,4,13244
8.710000038146973,8.930000305175781,8.887499809265137,8.712499618530273,218800,2006,4,7,5,13245
8.630000114440918,8.762499809265137,8.702500343322754,8.672499656677246,166800,2006,4,10,1,13248
8.5,8.609999656677246,8.5,8.600000381469727,451600,2006,4,11,2,13249
8.537500381469727,8.65250015258789,8.582500457763672,8.649999618530273,167200,2006,4,12,3,13250
8.572500228881836,8.675000190734863,8.637499809265137,8.637499809265137,233200,2006,4,13,4,13251
8.479999542236328,8.632499694824219,8.617500305175781,8.585000038146973,196800,2006,4,17,1,13255
8.52750015258789,8.805000305175781,8.53499984741211,8.75,411200,2006,4,18,2,13256
8.732500076293945,8.795000076293945,8.75,8.762499809265137,666800,2006,4,19,3,13257
8.577500343322754,8.789999961853027,8.779999732971191,8.59000015258789,333600,2006,4,20,4,13258
8.457500457763672,8.707500457763672,8.707500457763672,8.462499618530273,543200,2006,4,21,5,13259
8.207500457763672,8.494999885559082,8.375,8.487500190734863,1892400,2006,4,24,1,13262
8.414999961853027,8.609999656677246,8.487500190734863,8.59749984741211,505200,2006,4,25,2,13263
8.475000381469727,8.6274995803833,8.612500190734863,8.5,1171600,2006,4,26,3,13264
8.417499542236328,8.72249984741211,8.444999694824219,8.604999542236328,466400,2006,4,27,4,13265
8.569999694824219,8.7524995803833,8.579999923706055,8.710000038146973,631600,2006,4,28,5,13266
8.71500015258789,8.917499542236328,8.765000343322754,8.772500038146973,727200,2006,5,1,1,13269
8.675000190734863,8.805000305175781,8.797499656677246,8.712499618530273,648800,2006,5,2,2,13270
8.512499809265137,8.75,8.672499656677246,8.5625,749600,2006,5,3,3,13271
8.237500190734863,8.949999809265137,8.5,8.887499809265137,1961200,2006,5,4,4,13272
8.647500038146973,8.90250015258789,8.824999809265137,8.732500076293945,1150000,2006,5,5,5,13273
8.682499885559082,8.774999618530273,8.694999694824219,8.762499809265137,400400,2006,5,8,1,13276
8.625,8.774999618530273,8.75,8.637499809265137,864800,2006,5,9,2,13277
8.487500190734863,8.617500305175781,8.612500190734863,8.5,606400,2006,5,10,3,13278
8.199999809265137,8.47249984741211,8.47249984741211,8.199999809265137,1172800,2006,5,11,4,13279
7.952499866485596,8.1899995803833,8.1875,8.012499809265137,778400,2006,5,12,5,13280
7.962500095367432,8.234999656677246,7.994999885559082,8.207500457763672,786800,2006,5,15,1,13283
8.1225004196167,8.22249984741211,8.21500015258789,8.140000343322754,574800,2006,5,16,2,13284
7.920000076293945,8.117500305175781,8.112500190734863,8.005000114440918,711600,2006,5,17,3,13285
7.980000019073486,8.082500457763672,8.067500114440918,8.0,726800,2006,5,18,4,13286
7.852499961853027,8.092499732971191,7.997499942779541,8.0,843600,2006,5,19,5,13287
7.887499809265137,8.095000267028809,7.962500095367432,7.992499828338623,654000,2006,5,22,1,13290
7.75,8.072500228881836,8.042499542236328,7.78000020980835,724000,2006,5,23,2,13291
7.777500152587891,7.987500190734863,7.787499904632568,7.927499771118164,884400,2006,5,24,3,13292
7.882500171661377,8.022500038146973,7.972499847412109,7.982500076293945,549600,2006,5,25,4,13293
7.869999885559082,7.989999771118164,7.987500190734863,7.892499923706055,516000,2006,5,26,5,13294
7.8125,7.925000190734863,7.894999980926514,7.824999809265137,451200,2006,5,30,2,13298
7.772500038146973,7.947500228881836,7.827499866485596,7.947500228881836,770000,2006,5,31,3,13299
7.875,7.962500095367432,7.9375,7.90500020980835,552000,2006,6,1,4,13300
7.880000114440918,7.997499942779541,7.929999828338623,7.909999847412109,856000,2006,6,2,5,13301
7.675000190734863,7.887499809265137,7.885000228881836,7.704999923706055,635200,2006,6,5,1,13304
7.597499847412109,7.724999904632568,7.724999904632568,7.630000114440918,537200,2006,6,6,2,13305
7.534999847412109,7.760000228881836,7.637499809265137,7.574999809265137,1031200,2006,6,7,3,13306
7.425000190734863,7.677499771118164,7.5625,7.675000190734863,693200,2006,6,8,4,13307
7.547500133514404,7.732500076293945,7.707499980926514,7.554999828338623,221600,2006,6,9,5,13308
7.360000133514404,7.565000057220459,7.565000057220459,7.377500057220459,463600,2006,6,12,1,13311
7.3125,7.485000133514404,7.377500057220459,7.327499866485596,571600,2006,6,13,2,13312
7.224999904632568,7.387499809265137,7.3125,7.34250020980835,1188800,2006,6,14,3,13313
7.362500190734863,7.53000020980835,7.362500190734863,7.472499847412109,731600,2006,6,15,4,13314
7.329999923706055,7.537499904632568,7.474999904632568,7.385000228881836,1118800,2006,6,16,5,13315
7.352499961853027,7.505000114440918,7.392499923706055,7.414999961853027,622000,2006,6,19,1,13318
7.380000114440918,7.46999979019165,7.414999961853027,7.392499923706055,404800,2006,6,20,2,13319
7.380000114440918,7.514999866485596,7.387499809265137,7.425000190734863,733600,2006,6,21,3,13320
7.300000190734863,7.487500190734863,7.425000190734863,7.382500171661377,468800,2006,6,22,4,13321
7.269999980926514,7.369999885559082,7.360000133514404,7.324999809265137,335600,2006,6,23,5,13322
7.297500133514404,7.400000095367432,7.349999904632568,7.352499961853027,251600,2006,6,26,1,13325
5.587500095367432,6.815000057220459,6.8125,5.800000190734863,10256800,2006,6,27,2,13326
5.675000190734863,5.909999847412109,5.862500190734863,5.804999828338623,2876800,2006,6,28,3,13327
5.829999923706055,6.0,5.9375,5.947500228881836,2349200,2006,6,29,4,13328
5.71750020980835,5.962500095367432,5.962500095367432,5.787499904632568,2203600,2006,6,30,5,13329
5.8125,5.927499771118164,5.8125,5.912499904632568,549600,2006,7,3,1,13332
5.857500076293945,6.054999828338623,5.880000114440918,6.010000228881836,1910400,2006,7,5,3,13334
5.787499904632568,6.050000190734863,6.019999980926514,5.852499961853027,940000,2006,7,6,4,13335
5.789999961853027,5.90749979019165,5.852499961853027,5.864999771118164,1578000,2006,7,7,5,13336
5.869999885559082,6.139999866485596,5.877500057220459,6.139999866485596,3106800,2006,7,10,1,13339
6.085000038146973,6.28249979019165,6.117499828338623,6.269999980926514,2175600,2006,7,11,2,13340
6.247499942779541,6.309999942779541,6.247499942779541,6.287499904632568,1920000,2006,7,12,3,13341
6.244999885559082,6.460000038146973,6.295000076293945,6.317500114440918,1510000,2006,7,13,4,13342
6.170000076293945,6.385000228881836,6.317500114440918,6.352499961853027,1385600,2006,7,14,5,13343
6.324999809265137,6.4375,6.352499961853027,6.412499904632568,1115200,2006,7,17,1,13346
6.425000190734863,6.664999961853027,6.425000190734863,6.527500152587891,1553600,2006,7,18,2,13347
6.539999961853027,6.724999904632568,6.542500019073486,6.65500020980835,1148800,2006,7,19,3,13348
6.559999942779541,6.71750020980835,6.71750020980835,6.572500228881836,1382800,2006,7,20,4,13349
6.465000152587891,6.574999809265137,6.572500228881836,6.550000190734863,791600,2006,7,21,5,13350
6.557499885559082,6.690000057220459,6.574999809265137,6.612500190734863,617600,2006,7,24,1,13353
6.597499847412109,6.739999771118164,6.612500190734863,6.670000076293945,902400,2006,7,25,2,13354
6.502500057220459,6.715000152587891,6.644999980926514,6.679999828338623,1238800,2006,7,26,3,13355
6.690000057220459,6.824999809265137,6.690000057220459,6.75,1400000,2006,7,27,4,13356
6.744999885559082,6.877500057220459,6.760000228881836,6.840000152587891,740400,2006,7,28,5,13357
6.730000019073486,6.869999885559082,6.820000171661377,6.784999847412109,627600,2006,7,31,1,13360
6.6875,6.837500095367432,6.784999847412109,6.772500038146973,1714000,2006,8,1,2,13361
6.757500171661377,6.880000114440918,6.772500038146973,6.775000095367432,581200,2006,8,2,3,13362
6.762499809265137,7.519999980926514,6.777500152587891,7.519999980926514,3832400,2006,8,3,4,13363
7.03000020980835,7.737500190734863,7.565000057220459,7.210000038146973,1884000,2006,8,4,5,13364
6.90500020980835,7.137499809265137,7.137499809265137,6.962500095367432,1899600,2006,8,7,1,13367
6.775000095367432,7.012499809265137,6.96750020980835,6.824999809265137,1211600,2006,8,8,2,13368
6.722499847412109,6.909999847412109,6.824999809265137,6.755000114440918,910000,2006,8,9,3,13369
6.65500020980835,6.909999847412109,6.755000114440918,6.8125,717200,2006,8,10,4,13370
6.675000190734863,6.78000020980835,6.775000095367432,6.715000152587891,1094000,2006,8,11,5,13371
6.675000190734863,6.800000190734863,6.75,6.707499980926514,760800,2006,8,14,1,13374
6.672500133514404,6.824999809265137,6.8125,6.769999980926514,665600,2006,8,15,2,13375
6.699999809265137,6.902500152587891,6.800000190734863,6.887499809265137,440000,2006,8,16,3,13376
6.815000057220459,6.987500190734863,6.887499809265137,6.954999923706055,372800,2006,8,17,4,13377
6.797500133514404,6.980000019073486,6.980000019073486,6.900000095367432,229200,2006,8,18,5,13378
6.6875,6.887499809265137,6.887499809265137,6.772500038146973,259200,2006,8,21,1,13381
6.6875,6.882500171661377,6.777500152587891,6.857500076293945,468000,2006,8,22,2,13382
6.619999885559082,6.912499904632568,6.897500038146973,6.71750020980835,526400,2006,8,23,3,13383
6.474999904632568,6.639999866485596,6.612500190734863,6.565000057220459,904400,2006,8,24,4,13384
6.510000228881836,6.625,6.537499904632568,6.587500095367432,368800,2006,8,25,5,13385
6.502500057220459,6.730000019073486,6.587500095367432,6.652500152587891,646400,2006,8,28,1,13388
6.550000190734863,6.699999809265137,6.652500152587891,6.699999809265137,396400,2006,8,29,2,13389
6.375,6.702499866485596,6.5,6.579999923706055,1310000,2006,8,30,3,13390
6.574999809265137,6.704999923706055,6.579999923706055,6.65500020980835,1846400,2006,8,31,4,13391
6.647500038146973,6.807499885559082,6.704999923706055,6.690000057220459,521200,2006,9,1,5,13392
6.579999923706055,6.690000057220459,6.690000057220459,6.625,522400,2006,9,5,2,13396
6.487500190734863,6.630000114440918,6.599999904632568,6.5,787200,2006,9,6,3,13397
6.332499980926514,6.5,6.494999885559082,6.429999828338623,1232800,2006,9,7,4,13398
6.369999885559082,6.582499980926514,6.429999828338623,6.554999828338623,456800,2006,9,8,5,13399
6.445000171661377,6.65500020980835,6.542500019073486,6.652500152587891,441600,2006,9,11,1,13402
6.652500152587891,6.925000190734863,6.652500152587891,6.852499961853027,629200,2006,9,12,2,13403
6.804999828338623,6.962500095367432,6.852499961853027,6.952499866485596,358800,2006,9,13,3,13404
6.847499847412109,6.945000171661377,6.9375,6.867499828338623,282400,2006,9,14,4,13405
6.75,6.949999809265137,6.920000076293945,6.875,922400,2006,9,15,5,13406
6.792500019073486,6.920000076293945,6.849999904632568,6.824999809265137,260800,2006,9,18,1,13409
6.599999904632568,6.862500190734863,6.837500095367432,6.739999771118164,494400,2006,9,19,2,13410
6.775000095367432,6.9375,6.775000095367432,6.862500190734863,322800,2006,9,20,3,13411
6.652500152587891,6.912499904632568,6.875,6.704999923706055,371200,2006,9,21,4,13412
6.53000020980835,6.71999979019165,6.707499980926514,6.610000133514404,392400,2006,9,22,5,13413
6.512499809265137,6.635000228881836,6.610000133514404,6.602499961853027,450800,2006,9,25,1,13416
6.567500114440918,6.71999979019165,6.574999809265137,6.574999809265137,423600,2006,9,26,2,13417
6.537499904632568,6.715000152587891,6.537499904632568,6.574999809265137,411200,2006,9,27,3,13418
6.5625,6.652500152587891,6.599999904632568,6.587500095367432,211200,2006,9,28,4,13419
6.510000228881836,6.667500019073486,6.599999904632568,6.525000095367432,584400,2006,9,29,5,13420
6.494999885559082,6.659999847412109,6.537499904632568,6.565000057220459,508000,2006,10,2,1,13423
6.382500171661377,6.699999809265137,6.537499904632568,6.642499923706055,440000,2006,10,3,2,13424
6.557499885559082,6.667500019073486,6.644999980926514,6.599999904632568,558000,2006,10,4,3,13425
6.579999923706055,6.767499923706055,6.579999923706055,6.764999866485596,379600,2006,10,5,4,13426
6.662499904632568,6.772500038146973,6.762499809265137,6.742499828338623,138800,2006,10,6,5,13427
6.675000190734863,6.775000095367432,6.704999923706055,6.767499923706055,204400,2006,10,9,1,13430
6.699999809265137,6.817500114440918,6.767499923706055,6.75,221200,2006,10,10,2,13431
6.525000095367432,6.767499923706055,6.712500095367432,6.684999942779541,472800,2006,10,11,3,13432
6.710000038146973,6.929999828338623,6.710000038146973,6.920000076293945,452800,2006,10,12,4,13433
6.849999904632568,6.940000057220459,6.920000076293945,6.902500152587891,230000,2006,10,13,5,13434
6.880000114440918,6.929999828338623,6.912499904632568,6.912499904632568,251200,2006,10,16,1,13437
6.724999904632568,6.837500095367432,6.837500095367432,6.817500114440918,382800,2006,10,17,2,13438
6.789999961853027,6.887499809265137,6.875,6.837500095367432,302000,2006,10,18,3,13439
6.775000095367432,6.994999885559082,6.8125,6.885000228881836,379200,2006,10,19,4,13440
6.769999980926514,6.920000076293945,6.920000076293945,6.804999828338623,186400,2006,10,20,5,13441
6.727499961853027,6.877500057220459,6.75,6.78000020980835,220800,2006,10,23,1,13444
6.610000133514404,6.795000076293945,6.777500152587891,6.625,320000,2006,10,24,2,13445
6.630000114440918,6.809999942779541,6.647500038146973,6.744999885559082,299200,2006,10,25,3,13446
6.71750020980835,6.9375,6.807499885559082,6.929999828338623,600400,2006,10,26,4,13447
6.824999809265137,6.977499961853027,6.929999828338623,6.977499961853027,719600,2006,10,27,5,13448
6.9375,7.087500095367432,6.9375,7.047500133514404,891600,2006,10,30,1,13451
6.847499847412109,7.074999809265137,7.03249979019165,6.977499961853027,825600,2006,10,31,2,13452
6.912499904632568,7.079999923706055,7.0,7.0,851600,2006,11,1,3,13453
6.900000095367432,7.025000095367432,6.9375,7.0,709600,2006,11,2,4,13454
6.927499771118164,7.099999904632568,7.012499809265137,7.0,261200,2006,11,3,5,13455
6.994999885559082,7.102499961853027,7.050000190734863,7.045000076293945,422800,2006,11,6,1,13458
7.037499904632568,7.150000095367432,7.045000076293945,7.079999923706055,260000,2006,11,7,2,13459
7.027500152587891,7.199999809265137,7.042500019073486,7.122499942779541,556800,2006,11,8,3,13460
6.945000171661377,7.15500020980835,7.125,6.965000152587891,246400,2006,11,9,4,13461
6.940000057220459,7.144999980926514,6.974999904632568,7.144999980926514,188800,2006,11,10,5,13462
7.0625,7.202499866485596,7.125,7.077499866485596,326800,2006,11,13,1,13465
7.082499980926514,7.28000020980835,7.099999904632568,7.262499809265137,424000,2006,11,14,2,13466
6.877500057220459,7.130000114440918,6.974999904632568,7.099999904632568,1940400,2006,11,15,3,13467
7.072500228881836,7.199999809265137,7.099999904632568,7.184999942779541,857200,2006,11,16,4,13468
7.197500228881836,7.382500171661377,7.197500228881836,7.382500171661377,1382400,2006,11,17,5,13469
7.235000133514404,7.382500171661377,7.235000133514404,7.360000133514404,721200,2006,11,20,1,13472
7.239999771118164,7.362500190734863,7.349999904632568,7.304999828338623,870400,2006,11,21,2,13473
7.267499923706055,7.40500020980835,7.304999828338623,7.382500171661377,418800,2006,11,22,3,13474
7.272500038146973,7.349999904632568,7.332499980926514,7.272500038146973,65200,2006,11,24,5,13476
7.090000152587891,7.232500076293945,7.232500076293945,7.150000095367432,688800,2006,11,27,1,13479
7.099999904632568,7.242499828338623,7.144999980926514,7.242499828338623,569200,2006,11,28,2,13480
7.127500057220459,7.304999828338623,7.257500171661377,7.297500133514404,496000,2006,11,29,3,13481
7.21750020980835,7.340000152587891,7.297500133514404,7.315000057220459,526800,2006,11,30,4,13482
7.287499904632568,7.46750020980835,7.315000057220459,7.452499866485596,673200,2006,12,1,5,13483
7.442500114440918,7.622499942779541,7.452499866485596,7.582499980926514,924800,2006,12,4,1,13486
7.474999904632568,7.585000038146973,7.585000038146973,7.545000076293945,448800,2006,12,5,2,13487
7.474999904632568,7.622499942779541,7.512499809265137,7.582499980926514,367600,2006,12,6,3,13488
7.5,7.797500133514404,7.587500095367432,7.775000095367432,932800,2006,12,7,4,13489
7.684999942779541,7.892499923706055,7.767499923706055,7.792500019073486,825600,2006,12,8,5,13490
7.762499809265137,7.875,7.792500019073486,7.787499904632568,1155200,2006,12,11,1,13493
7.53000020980835,7.777500152587891,7.762499809265137,7.557499885559082,941600,2006,12,12,2,13494
7.489999771118164,7.675000190734863,7.5,7.667500019073486,903200,2006,12,13,3,13495
7.667500019073486,7.802499771118164,7.692500114440918,7.682499885559082,343600,2006,12,14,4,13496
7.672500133514404,7.744999885559082,7.684999942779541,7.744999885559082,714000,2006,12,15,5,13497
7.537499904632568,7.760000228881836,7.739999771118164,7.587500095367432,498000,2006,12,18,1,13500
7.425000190734863,7.617499828338623,7.599999904632568,7.585000038146973,461600,2006,12,19,2,13501
7.550000190734863,7.625,7.585000038146973,7.597499847412109,438400,2006,12,20,3,13502
7.489999771118164,8.112500190734863,7.597499847412109,8.039999961853027,1934400,2006,12,21,4,13503
7.077499866485596,7.84250020980835,7.840000152587891,7.442500114440918,2938800,2006,12,22,5,13504
7.337500095367432,7.489999771118164,7.387499809265137,7.462500095367432,1424400,2006,12,26,2,13508
7.389999866485596,7.610000133514404,7.489999771118164,7.574999809265137,3116000,2006,12,27,3,13509
7.409999847412109,7.577499866485596,7.574999809265137,7.5,1463200,2006,12,28,4,13510
7.574999809265137,7.742499828338623,7.59499979019165,7.695000171661377,1062400,2006,12,29,5,13511
7.460000038146973,7.71999979019165,7.71999979019165,7.557499885559082,1535600,2007,1,3,3,13516
7.432499885559082,7.65749979019165,7.557499885559082,7.59250020980835,652400,2007,1,4,4,13517
7.34499979019165,7.534999847412109,7.375,7.510000228881836,1402400,2007,1,5,5,13518
7.429999828338623,7.5625,7.5625,7.519999980926514,873600,2007,1,8,1,13521
7.440000057220459,7.597499847412109,7.519999980926514,7.522500038146973,1665200,2007,1,9,2,13522
7.585000038146973,7.690000057220459,7.612500190734863,7.619999885559082,638400,2007,1,10,3,13523
7.552499771118164,7.862500190734863,7.630000114440918,7.75,1080000,2007,1,11,4,13524
7.677499771118164,7.762499809265137,7.732500076293945,7.707499980926514,390000,2007,1,12,5,13525
7.59499979019165,7.739999771118164,7.699999809265137,7.632500171661377,467200,2007,1,16,2,13529
7.5,7.625,7.599999904632568,7.53249979019165,770000,2007,1,17,3,13530
7.382500171661377,7.53000020980835,7.53000020980835,7.442500114440918,904000,2007,1,18,4,13531
7.40500020980835,7.505000114440918,7.454999923706055,7.482500076293945,1082800,2007,1,19,5,13532
7.412499904632568,7.489999771118164,7.482500076293945,7.485000133514404,1175600,2007,1,22,1,13535
7.474999904632568,7.599999904632568,7.5625,7.487500190734863,1404400,2007,1,23,2,13536
7.480000019073486,7.644999980926514,7.489999771118164,7.599999904632568,972400,2007,1,24,3,13537
7.425000190734863,7.599999904632568,7.599999904632568,7.447500228881836,634800,2007,1,25,4,13538
7.442500114440918,7.517499923706055,7.462500095367432,7.492499828338623,456000,2007,1,26,5,13539
7.452499866485596,7.514999866485596,7.489999771118164,7.5,512400,2007,1,29,1,13542
7.46999979019165,7.567500114440918,7.5,7.567500114440918,446000,2007,1,30,2,13543
7.462500095367432,7.590000152587891,7.5,7.537499904632568,417600,2007,1,31,3,13544
7.5,7.599999904632568,7.525000095367432,7.567500114440918,556800,2007,2,1,4,13545
7.537499904632568,7.730000019073486,7.59250020980835,7.710000038146973,383600,2007,2,2,5,13546
7.590000152587891,7.71750020980835,7.6875,7.637499809265137,588000,2007,2,5,1,13549
7.397500038146973,7.702499866485596,7.644999980926514,7.497499942779541,918000,2007,2,6,2,13550
7.462500095367432,7.619999885559082,7.512499809265137,7.612500190734863,544800,2007,2,7,3,13551
6.662499904632568,7.337500095367432,7.114999771118164,7.262499809265137,4881200,2007,2,8,4,13552
7.357500076293945,7.75,7.599999904632568,7.372499942779541,2034000,2007,2,9,5,13553
7.275000095367432,7.409999847412109,7.409999847412109,7.335000038146973,1097200,2007,2,12,1,13556
7.287499904632568,7.5,7.362500190734863,7.4375,926400,2007,2,13,2,13557
7.420000076293945,7.525000095367432,7.434999942779541,7.432499885559082,702000,2007,2,14,3,13558
7.292500019073486,7.482500076293945,7.400000095367432,7.414999961853027,431200,2007,2,15,4,13559
7.362500190734863,7.512499809265137,7.414999961853027,7.502500057220459,359200,2007,2,16,5,13560
7.497499942779541,7.612500190734863,7.497499942779541,7.607500076293945,424000,2007,2,20,2,13564
7.577499866485596,7.677499771118164,7.599999904632568,7.662499904632568,660400,2007,2,21,3,13565
7.639999866485596,7.762499809265137,7.662499904632568,7.662499904632568,706000,2007,2,22,4,13566
7.630000114440918,7.724999904632568,7.662499904632568,7.697500228881836,462400,2007,2,23,5,13567
7.642499923706055,7.75,7.712500095367432,7.730000019073486,393600,2007,2,26,1,13570
7.512499809265137,7.702499866485596,7.667500019073486,7.5625,920800,2007,2,27,2,13571
7.457499980926514,7.607500076293945,7.5625,7.534999847412109,638800,2007,2,28,3,13572
7.340000152587891,7.537499904632568,7.422500133514404,7.445000171661377,759200,2007,3,1,4,13573
7.3125,7.487500190734863,7.412499904632568,7.320000171661377,686800,2007,3,2,5,13574
7.232500076293945,7.429999828338623,7.3125,7.235000133514404,902800,2007,3,5,1,13577
7.202499866485596,7.537499904632568,7.28249979019165,7.472499847412109,594400,2007,3,6,2,13578
7.525000095367432,7.8125,7.6875,7.559999942779541,898400,2007,3,7,3,13579
7.512499809265137,7.78249979019165,7.587500095367432,7.539999961853027,800800,2007,3,8,4,13580
7.545000076293945,7.617499828338623,7.602499961853027,7.552499771118164,655600,2007,3,9,5,13581
7.53249979019165,7.614999771118164,7.554999828338623,7.607500076293945,398800,2007,3,12,1,13584
7.559999942779541,8.295000076293945,7.570000171661377,8.262499809265137,2226400,2007,3,13,2,13585
8.212499618530273,8.40999984741211,8.274999618530273,8.397500038146973,1658400,2007,3,14,3,13586
8.335000038146973,8.524999618530273,8.397500038146973,8.475000381469727,865600,2007,3,15,4,13587
8.40999984741211,8.517499923706055,8.477499961853027,8.5,1049200,2007,3,16,5,13588
8.4399995803833,8.609999656677246,8.5024995803833,8.52750015258789,750000,2007,3,19,1,13591
8.432499885559082,8.529999732971191,8.529999732971191,8.449999809265137,830400,2007,3,20,2,13592
8.375,8.574999809265137,8.375,8.532500267028809,745600,2007,3,21,3,13593
8.567500114440918,8.6875,8.572500228881836,8.6850004196167,482400,2007,3,22,4,13594
8.625,8.71500015258789,8.65999984741211,8.71500015258789,338800,2007,3,23,5,13595
8.59749984741211,8.8100004196167,8.617500305175781,8.800000190734863,711600,2007,3,26,1,13598
8.699999809265137,8.782500267028809,8.782500267028809,8.742500305175781,502000,2007,3,27,2,13599
8.632499694824219,8.739999771118164,8.692500114440918,8.720000267028809,804000,2007,3,28,3,13600
8.5600004196167,8.795000076293945,8.744999885559082,8.59000015258789,543200,2007,3,29,4,13601
8.510000228881836,8.710000038146973,8.612500190734863,8.619999885559082,502400,2007,3,30,5,13602
8.585000038146973,8.677499771118164,8.619999885559082,8.662500381469727,369200,2007,4,2,1,13605
8.680000305175781,8.792499542236328,8.680000305175781,8.725000381469727,418400,2007,4,3,2,13606
8.65999984741211,8.744999885559082,8.707500457763672,8.737500190734863,138400,2007,4,4,3,13607
8.649999618530273,8.742500305175781,8.737500190734863,8.729999542236328,225600,2007,4,5,4,13608
8.657500267028809,8.77750015258789,8.737500190734863,8.732500076293945,360000,2007,4,9,1,13612
8.732500076293945,8.867500305175781,8.732500076293945,8.762499809265137,390000,2007,4,10,2,13613
8.699999809265137,8.787500381469727,8.779999732971191,8.774999618530273,669200,2007,4,11,3,13614
8.717499732971191,8.800000190734863,8.755000114440918,8.762499809265137,262800,2007,4,12,4,13615
8.699999809265137,8.779999732971191,8.7524995803833,8.770000457763672,805600,2007,4,13,5,13616
8.757499694824219,8.852499961853027,8.762499809265137,8.832500457763672,278400,2007,4,16,1,13619
8.824999809265137,8.8774995803833,8.824999809265137,8.859999656677246,330000,2007,4,17,2,13620
8.78499984741211,8.867500305175781,8.822500228881836,8.800000190734863,333600,2007,4,18,3,13621
8.71500015258789,8.8125,8.774999618530273,8.774999618530273,296000,2007,4,19,4,13622
8.757499694824219,8.960000038146973,8.862500190734863,8.922499656677246,381600,2007,4,20,5,13623
8.859999656677246,8.899999618530273,8.899999618530273,8.882499694824219,402800,2007,4,23,1,13626
8.757499694824219,8.904999732971191,8.882499694824219,8.875,269600,2007,4,24,2,13627
8.875,9.0,8.912500381469727,8.925000190734863,357600,2007,4,25,3,13628
8.8125,8.927499771118164,8.887499809265137,8.899999618530273,374800,2007,4,26,4,13629
8.755000114440918,8.887499809265137,8.8725004196167,8.862500190734863,466800,2007,4,27,5,13630
8.725000381469727,8.892499923706055,8.859999656677246,8.734999656677246,440400,2007,4,30,1,13633
8.600000381469727,8.782500267028809,8.727499961853027,8.677499771118164,421600,2007,5,1,2,13634
8.607500076293945,8.829999923706055,8.6875,8.779999732971191,474400,2007,5,2,3,13635
8.789999961853027,8.975000381469727,8.789999961853027,8.930000305175781,380800,2007,5,3,4,13636
8.770000457763672,8.930000305175781,8.930000305175781,8.864999771118164,368800,2007,5,4,5,13637
8.824999809265137,8.8774995803833,8.8774995803833,8.859999656677246,245200,2007,5,7,1,13640
8.742500305175781,9.0,8.857500076293945,9.0,522400,2007,5,8,2,13641
9.4399995803833,9.962499618530273,9.625,9.547499656677246,2736400,2007,5,9,3,13642
9.600000381469727,10.137499809265137,9.662500381469727,9.982500076293945,2334000,2007,5,10,4,13643
9.994999885559082,10.25,10.0,10.125,1605600,2007,5,11,5,13644
10.052499771118164,10.267499923706055,10.199999809265137,10.095000267028809,1503200,2007,5,14,1,13647
9.967499732971191,10.140000343322754,10.050000190734863,9.970000267028809,1001200,2007,5,15,2,13648
9.994999885559082,10.477499961853027,9.994999885559082,10.454999923706055,1197600,2007,5,16,3,13649
10.430000305175781,10.569999694824219,10.452500343322754,10.510000228881836,738000,2007,5,17,4,13650
10.4350004196167,10.595000267028809,10.487500190734863,10.482500076293945,872800,2007,5,18,5,13651
10.425000190734863,10.59000015258789,10.425000190734863,10.5,752800,2007,5,21,1,13654
10.427499771118164,10.892499923706055,10.449999809265137,10.867500305175781,887600,2007,5,22,2,13655
10.359999656677246,10.702500343322754,10.699999809265137,10.412500381469727,1935200,2007,5,23,3,13656
10.350000381469727,10.595000267028809,10.4375,10.427499771118164,1255200,2007,5,24,4,13657
10.417499542236328,10.609999656677246,10.482500076293945,10.539999961853027,929600,2007,5,25,5,13658
10.482500076293945,10.625,10.545000076293945,10.539999961853027,578000,2007,5,29,2,13662
10.505000114440918,10.75,10.539999961853027,10.675000190734863,580400,2007,5,30,3,13663
10.59749984741211,10.805000305175781,10.675000190734863,10.805000305175781,798000,2007,5,31,4,13664
10.829999923706055,10.949999809265137,10.875,10.904999732971191,1243600,2007,6,1,5,13665
10.904999732971191,11.067500114440918,10.904999732971191,11.017499923706055,828800,2007,6,4,1,13668
10.944999694824219,11.1225004196167,11.007499694824219,11.037500381469727,747600,2007,6,5,2,13669
10.962499618530273,11.0625,11.024999618530273,11.022500038146973,591200,2007,6,6,3,13670
10.569999694824219,10.989999771118164,10.987500190734863,10.642499923706055,1320400,2007,6,7,4,13671
10.479999542236328,10.954999923706055,10.600000381469727,10.925000190734863,1214800,2007,6,8,5,13672
10.8149995803833,10.957500457763672,10.875,10.887499809265137,526800,2007,6,11,1,13675
10.6899995803833,10.880000114440918,10.824999809265137,10.712499618530273,477200,2007,6,12,2,13676
10.702500343322754,10.904999732971191,10.71500015258789,10.837499618530273,759200,2007,6,13,3,13677
10.774999618530273,10.970000267028809,10.774999618530273,10.904999732971191,624400,2007,6,14,4,13678
10.885000228881836,11.142499923706055,11.125,10.887499809265137,958000,2007,6,15,5,13679
10.727499961853027,10.917499542236328,10.895000457763672,10.869999885559082,687600,2007,6,18,1,13682
10.84749984741211,10.9375,10.859999656677246,10.895000457763672,960400,2007,6,19,2,13683
10.774999618530273,11.015000343322754,10.897500038146973,10.824999809265137,965200,2007,6,20,3,13684
10.672499656677246,10.944999694824219,10.835000038146973,10.852499961853027,625600,2007,6,21,4,13685
10.71500015258789,10.882499694824219,10.852499961853027,10.822500228881836,758800,2007,6,22,5,13686
10.672499656677246,10.9399995803833,10.774999618530273,10.710000038146973,991200,2007,6,25,1,13689
10.729999542236328,11.03499984741211,10.772500038146973,11.010000228881836,850400,2007,6,26,2,13690
10.8149995803833,11.125,10.917499542236328,11.109999656677246,788800,2007,6,27,3,13691
10.899999618530273,11.125,11.112500190734863,10.9399995803833,548800,2007,6,28,4,13692
10.837499618530273,11.022500038146973,10.994999885559082,10.845000267028809,735600,2007,6,29,5,13693
10.757499694824219,10.857500076293945,10.857500076293945,10.779999732971191,947600,2007,7,2,1,13696
10.78499984741211,10.954999923706055,10.824999809265137,10.899999618530273,370800,2007,7,3,2,13697
10.742500305175781,10.975000381469727,10.927499771118164,10.907500267028809,300000,2007,7,5,4,13699
10.842499732971191,11.03499984741211,10.869999885559082,10.982500076293945,453600,2007,7,6,5,13700
10.802499771118164,10.994999885559082,10.982500076293945,10.9350004196167,710400,2007,7,9,1,13703
10.707500457763672,10.90250015258789,10.862500190734863,10.7524995803833,624800,2007,7,10,2,13704
10.637499809265137,10.84749984741211,10.789999961853027,10.6850004196167,855200,2007,7,11,3,13705
10.717499732971191,10.942500114440918,10.75,10.942500114440918,567200,2007,7,12,4,13706
10.807499885559082,10.952500343322754,10.904999732971191,10.850000381469727,320800,2007,7,13,5,13707
10.672499656677246,10.885000228881836,10.850000381469727,10.729999542236328,542800,2007,7,16,1,13710
10.71500015258789,10.852499961853027,10.779999732971191,10.71500015258789,404000,2007,7,17,2,13711
10.572500228881836,10.767499923706055,10.6850004196167,10.654999732971191,538800,2007,7,18,3,13712
10.649999618530273,10.8774995803833,10.8774995803833,10.720000267028809,384800,2007,7,19,4,13713
10.422499656677246,10.697500228881836,10.697500228881836,10.517499923706055,737200,2007,7,20,5,13714
10.5,10.7475004196167,10.550000190734863,10.512499809265137,360000,2007,7,23,1,13717
11.0,11.369999885559082,11.137499809265137,11.09749984741211,1888000,2007,7,24,2,13718
10.962499618530273,11.147500038146973,11.142499923706055,11.0024995803833,840400,2007,7,25,3,13719
10.317500114440918,10.984999656677246,10.850000381469727,10.515000343322754,744400,2007,7,26,4,13720
10.140000343322754,10.524999618530273,10.4350004196167,10.142499923706055,828400,2007,7,27,5,13721
10.017499923706055,10.619999885559082,10.079999923706055,10.522500038146973,1151200,2007,7,30,1,13724
10.414999961853027,10.677499771118164,10.604999542236328,10.447500228881836,590400,2007,7,31,2,13725
10.3149995803833,10.72249984741211,10.390000343322754,10.657500267028809,798000,2007,8,1,3,13726
10.5,10.797499656677246,10.699999809265137,10.6899995803833,584800,2007,8,2,4,13727
10.21500015258789,10.680000305175781,10.664999961853027,10.2524995803833,2269600,2007,8,3,5,13728
9.755000114440918,10.21500015258789,10.204999923706055,9.9350004196167,1664400,2007,8,6,1,13731
9.52750015258789,9.97249984741211,9.864999771118164,9.579999923706055,1613200,2007,8,7,2,13732
9.592499732971191,10.244999885559082,9.649999618530273,10.137499809265137,2023600,2007,8,8,3,13733
9.555000305175781,10.737500190734863,10.137499809265137,9.975000381469727,2361200,2007,8,9,4,13734
9.342499732971191,10.447500228881836,9.725000381469727,10.357500076293945,2053200,2007,8,10,5,13735
10.449999809265137,10.734999656677246,10.617500305175781,10.5649995803833,1044000,2007,8,13,1,13738
10.279999732971191,10.645000457763672,10.53499984741211,10.385000228881836,1050400,2007,8,14,2,13739
10.202500343322754,10.545000076293945,10.302499771118164,10.267499923706055,729200,2007,8,15,3,13740
9.857500076293945,10.5649995803833,10.225000381469727,10.522500038146973,1604400,2007,8,16,4,13741
10.364999771118164,11.045000076293945,10.897500038146973,10.460000038146973,1128800,2007,8,17,5,13742
10.367500305175781,10.612500190734863,10.462499618530273,10.397500038146973,735200,2007,8,20,1,13745
10.25,10.47249984741211,10.364999771118164,10.444999694824219,461600,2007,8,21,2,13746
10.487500190734863,10.795000076293945,10.507499694824219,10.71500015258789,546800,2007,8,22,3,13747
10.5649995803833,10.8125,10.72249984741211,10.739999771118164,896800,2007,8,23,4,13748
10.734999656677246,11.102499961853027,10.765000343322754,10.957500457763672,626000,2007,8,24,5,13749
10.7475004196167,11.0024995803833,10.90250015258789,10.824999809265137,398000,2007,8,27,1,13752
10.537500381469727,10.912500381469727,10.774999618530273,10.550000190734863,464000,2007,8,28,2,13753
10.557499885559082,10.762499809265137,10.59000015258789,10.710000038146973,600400,2007,8,29,3,13754
10.4975004196167,10.782500267028809,10.612500190734863,10.579999923706055,773200,2007,8,30,4,13755
10.507499694824219,10.734999656677246,10.712499618530273,10.694999694824219,465200,2007,8,31,5,13756
10.675000190734863,10.992500305175781,10.6875,10.8125,641600,2007,9,4,2,13760
10.649999618530273,10.850000381469727,10.765000343322754,10.770000457763672,516800,2007,9,5,3,13761
10.552499771118164,10.824999809265137,10.824999809265137,10.630000114440918,587200,2007,9,6,4,13762
10.354999542236328,10.5625,10.477499961853027,10.507499694824219,896800,2007,9,7,5,13763
10.392499923706055,10.6225004196167,10.579999923706055,10.515000343322754,382400,2007,9,10,1,13766
10.449999809265137,10.654999732971191,10.517499923706055,10.59000015258789,400800,2007,9,11,2,13767
10.475000381469727,10.760000228881836,10.550000190734863,10.574999809265137,654800,2007,9,12,3,13768
10.46500015258789,10.869999885559082,10.607500076293945,10.520000457763672,696400,2007,9,13,4,13769
10.425000190734863,10.670000076293945,10.5,10.567500114440918,1071600,2007,9,14,5,13770
10.414999961853027,10.607500076293945,10.5600004196167,10.460000038146973,984800,2007,9,17,1,13773
10.399999618530273,10.97249984741211,10.494999885559082,10.96500015258789,590000,2007,9,18,2,13774
10.992500305175781,11.292499542236328,11.050000190734863,11.104999542236328,619600,2007,9,19,3,13775
11.012499809265137,11.267499923706055,11.104999542236328,11.100000381469727,671200,2007,9,20,4,13776
10.9399995803833,11.362500190734863,11.204999923706055,11.087499618530273,919200,2007,9,21,5,13777
10.907500267028809,11.170000076293945,11.074999809265137,10.925000190734863,436800,2007,9,24,1,13780
10.765000343322754,11.017499923706055,10.8774995803833,10.970000267028809,438400,2007,9,25,2,13781
10.927499771118164,11.104999542236328,11.0,11.09000015258789,575600,2007,9,26,3,13782
10.8774995803833,11.119999885559082,11.119999885559082,11.0,714400,2007,9,27,4,13783
10.704999923706055,11.010000228881836,10.975000381469727,10.895000457763672,678800,2007,9,28,5,13784
10.895000457763672,11.479999542236328,10.912500381469727,11.217499732971191,678000,2007,10,1,1,13787
11.145000457763672,11.385000228881836,11.210000038146973,11.297499656677246,797200,2007,10,2,2,13788
11.010000228881836,11.300000190734863,11.255000114440918,11.130000114440918,562800,2007,10,3,3,13789
10.989999771118164,11.25,11.154999732971191,11.177499771118164,401200,2007,10,4,4,13790
11.199999809265137,11.380000114440918,11.25,11.2524995803833,561600,2007,10,5,5,13791
11.095000267028809,11.362500190734863,11.25,11.137499809265137,530400,2007,10,8,1,13794
10.954999923706055,11.25,11.147500038146973,11.15999984741211,914800,2007,10,9,2,13795
11.037500381469727,11.2475004196167,11.1850004196167,11.114999771118164,543600,2007,10,10,3,13796
11.09000015258789,11.482500076293945,11.175000190734863,11.210000038146973,650800,2007,10,11,4,13797
11.2475004196167,11.529999732971191,11.2475004196167,11.404999732971191,450800,2007,10,12,5,13798
11.21500015258789,11.524999618530273,11.420000076293945,11.3725004196167,385200,2007,10,15,1,13801
11.362500190734863,11.600000381469727,11.362500190734863,11.414999961853027,391600,2007,10,16,2,13802
11.417499542236328,11.617500305175781,11.545000076293945,11.550000190734863,496400,2007,10,17,3,13803
11.52750015258789,11.767499923706055,11.52750015258789,11.649999618530273,422000,2007,10,18,4,13804
11.167499542236328,11.632499694824219,11.619999885559082,11.1875,682400,2007,10,19,5,13805
11.095000267028809,11.647500038146973,11.1875,11.5600004196167,512000,2007,10,22,1,13808
11.452500343322754,11.675000190734863,11.675000190734863,11.625,299200,2007,10,23,2,13809
11.392499923706055,11.720000267028809,11.557499885559082,11.557499885559082,488000,2007,10,24,3,13810
11.395000457763672,11.904999732971191,11.607500076293945,11.572500228881836,570800,2007,10,25,4,13811
11.407500267028809,11.7475004196167,11.6274995803833,11.587499618530273,805600,2007,10,26,5,13812
11.34000015258789,11.75,11.645000457763672,11.529999732971191,435200,2007,10,29,1,13815
11.5024995803833,12.0,11.5024995803833,11.795000076293945,662400,2007,10,30,2,13816
11.707500457763672,12.082500457763672,11.862500190734863,11.979999542236328,818400,2007,10,31,3,13817
11.545000076293945,11.927499771118164,11.792499542236328,11.677499771118164,740400,2007,11,1,4,13818
11.542499542236328,11.899999618530273,11.797499656677246,11.734999656677246,573200,2007,11,2,5,13819
11.475000381469727,11.71500015258789,11.600000381469727,11.642499923706055,510800,2007,11,5,1,13822
11.582500457763672,11.914999961853027,11.770000457763672,11.892499923706055,375600,2007,11,6,2,13823
11.452500343322754,11.84749984741211,11.762499809265137,11.482500076293945,434000,2007,11,7,3,13824
11.4399995803833,11.852499961853027,11.569999694824219,11.664999961853027,457600,2007,11,8,4,13825
11.289999961853027,11.649999618530273,11.529999732971191,11.329999923706055,694000,2007,11,9,5,13826
11.292499542236328,11.930000305175781,11.3725004196167,11.524999618530273,665600,2007,11,12,1,13829
11.579999923706055,11.832500457763672,11.642499923706055,11.75,609200,2007,11,13,2,13830
10.015000343322754,11.875,11.774999618530273,10.292499542236328,3844000,2007,11,14,3,13831
9.702500343322754,10.522500038146973,10.2475004196167,9.977499961853027,20118000,2007,11,15,4,13832
9.904999732971191,10.342499732971191,10.0024995803833,9.979999542236328,3097200,2007,11,16,5,13833
9.6850004196167,10.25,9.890000343322754,9.704999923706055,2517200,2007,11,19,1,13836
9.3725004196167,9.875,9.805000305175781,9.625,2827600,2007,11,20,2,13837
9.262499809265137,9.680000305175781,9.600000381469727,9.475000381469727,1506800,2007,11,21,3,13838
9.467499732971191,9.757499694824219,9.625,9.555000305175781,746400,2007,11,23,5,13840
9.399999618530273,9.675000190734863,9.600000381469727,9.489999771118164,1527600,2007,11,26,1,13843
9.417499542236328,9.765000343322754,9.5,9.579999923706055,1507600,2007,11,27,2,13844
9.600000381469727,9.880000114440918,9.72249984741211,9.772500038146973,1154800,2007,11,28,3,13845
9.609999656677246,9.84749984741211,9.787500381469727,9.737500190734863,948400,2007,11,29,4,13846
9.672499656677246,9.859999656677246,9.842499732971191,9.75,1524000,2007,11,30,5,13847
9.609999656677246,9.8725004196167,9.75,9.760000228881836,1078800,2007,12,3,1,13850
9.574999809265137,9.864999771118164,9.630000114440918,9.71500015258789,1257200,2007,12,4,2,13851
9.510000228881836,9.864999771118164,9.84000015258789,9.569999694824219,2710400,2007,12,5,3,13852
9.569999694824219,9.807499885559082,9.569999694824219,9.625,3133600,2007,12,6,4,13853
9.602499961853027,9.792499542236328,9.637499809265137,9.729999542236328,677600,2007,12,7,5,13854
9.699999809265137,10.020000457763672,9.729999542236328,9.832500457763672,1170000,2007,12,10,1,13857
9.449999809265137,9.992500305175781,9.895000457763672,9.494999885559082,2217600,2007,12,11,2,13858
9.694999694824219,10.395000457763672,10.25,9.8125,1701600,2007,12,12,3,13859
9.637499809265137,9.837499618530273,9.7475004196167,9.744999885559082,900000,2007,12,13,4,13860
9.507499694824219,9.869999885559082,9.670000076293945,9.6225004196167,1104800,2007,12,14,5,13861
9.332500457763672,9.635000228881836,9.595000267028809,9.335000038146973,678400,2007,12,17,1,13864
9.337499618530273,9.567500114440918,9.3725004196167,9.5,820800,2007,12,18,2,13865
9.27750015258789,9.479999542236328,9.447500228881836,9.4399995803833,584000,2007,12,19,3,13866
9.369999885559082,9.617500305175781,9.520000457763672,9.59000015258789,754000,2007,12,20,4,13867
9.609999656677246,9.96500015258789,9.765000343322754,9.654999732971191,1597600,2007,12,21,5,13868
9.52750015258789,9.77750015258789,9.592499732971191,9.625,183200,2007,12,24,1,13871
9.524999618530273,9.77750015258789,9.619999885559082,9.587499618530273,522400,2007,12,26,3,13873
9.487500190734863,9.672499656677246,9.587499618530273,9.587499618530273,642400,2007,12,27,4,13874
9.569999694824219,9.739999771118164,9.732500076293945,9.632499694824219,595600,2007,12,28,5,13875
9.587499618530273,9.7524995803833,9.587499618530273,9.65250015258789,1304000,2007,12,31,1,13878
9.427499771118164,9.717499732971191,9.619999885559082,9.5024995803833,792800,2008,1,2,3,13880
9.132499694824219,9.585000038146973,9.470000267028809,9.335000038146973,1225200,2008,1,3,4,13881
9.274999618530273,9.489999771118164,9.335000038146973,9.385000228881836,1841600,2008,1,4,5,13882
9.135000228881836,9.447500228881836,9.447500228881836,9.255000114440918,1492800,2008,1,7,1,13885
9.140000343322754,9.447500228881836,9.2524995803833,9.164999961853027,1106000,2008,1,8,2,13886
9.050000190734863,9.34000015258789,9.1274995803833,9.295000076293945,1392000,2008,1,9,3,13887
9.0649995803833,9.422499656677246,9.170000076293945,9.3125,914800,2008,1,10,4,13888
9.142499923706055,9.505000114440918,9.265000343322754,9.279999732971191,1310800,2008,1,11,5,13889
9.095000267028809,9.449999809265137,9.282500267028809,9.3725004196167,943200,2008,1,14,1,13892
8.90250015258789,9.282500267028809,9.21500015258789,8.954999923706055,1433600,2008,1,15,2,13893
8.854999542236328,9.140000343322754,8.907500267028809,8.984999656677246,1322000,2008,1,16,3,13894
8.642499923706055,9.039999961853027,8.984999656677246,8.664999961853027,1155200,2008,1,17,4,13895
8.552499771118164,8.8125,8.602499961853027,8.795000076293945,1623200,2008,1,18,5,13896
8.444999694824219,9.020000457763672,8.444999694824219,8.787500381469727,1115600,2008,1,22,2,13900
8.4399995803833,8.755000114440918,8.537500381469727,8.657500267028809,1916400,2008,1,23,3,13901
8.727499961853027,9.0024995803833,8.727499961853027,8.805000305175781,894000,2008,1,24,4,13902
8.694999694824219,9.069999694824219,8.892499923706055,8.77750015258789,881600,2008,1,25,5,13903
8.704999923706055,8.875,8.739999771118164,8.8100004196167,1075200,2008,1,28,1,13906
8.755000114440918,8.9975004196167,8.84749984741211,8.904999732971191,1112000,2008,1,29,2,13907
8.7475004196167,9.010000228881836,8.890000343322754,8.765000343322754,952400,2008,1,30,3,13908
8.579999923706055,9.1225004196167,8.600000381469727,8.842499732971191,1396400,2008,1,31,4,13909
8.817500114440918,9.212499618530273,8.880000114440918,9.1875,1178800,2008,2,1,5,13910
9.0649995803833,9.292499542236328,9.225000381469727,9.085000038146973,977600,2008,2,4,1,13913
8.90250015258789,9.042499542236328,9.042499542236328,8.979999542236328,861600,2008,2,5,2,13914
8.930000305175781,9.204999923706055,8.979999542236328,8.954999923706055,1647200,2008,2,6,3,13915
8.8725004196167,9.337499618530273,8.9399995803833,8.927499771118164,2312400,2008,2,7,4,13916
8.845000267028809,9.197500228881836,8.875,9.119999885559082,1210400,2008,2,8,5,13917
9.007499694824219,9.217499732971191,9.007499694824219,9.102499961853027,917200,2008,2,11,1,13920
9.119999885559082,9.332500457763672,9.137499809265137,9.194999694824219,890400,2008,2,12,2,13921
9.300000190734863,9.507499694824219,9.300000190734863,9.329999923706055,1128800,2008,2,13,3,13922
9.22249984741211,9.484999656677246,9.399999618530273,9.2475004196167,846800,2008,2,14,4,13923
9.0649995803833,9.274999618530273,9.1875,9.274999618530273,723600,2008,2,15,5,13924
9.125,9.359999656677246,9.342499732971191,9.239999771118164,936000,2008,2,19,2,13928
9.1875,9.447500228881836,9.1875,9.362500190734863,1115600,2008,2,20,3,13929
9.204999923706055,9.515000343322754,9.430000305175781,9.237500190734863,724800,2008,2,21,4,13930
9.104999542236328,9.329999923706055,9.25,9.1875,847600,2008,2,22,5,13931
9.057499885559082,9.237500190734863,9.207500457763672,9.199999809265137,572000,2008,2,25,1,13934
9.137499809265137,9.572500228881836,9.137499809265137,9.375,1135200,2008,2,26,2,13935
9.300000190734863,9.6274995803833,9.357500076293945,9.520000457763672,882000,2008,2,27,3,13936
9.399999618530273,9.682499885559082,9.52750015258789,9.422499656677246,752400,2008,2,28,4,13937
9.032500267028809,9.369999885559082,9.337499618530273,9.079999923706055,811200,2008,2,29,5,13938
8.944999694824219,9.332500457763672,9.079999923706055,9.22249984741211,1581600,2008,3,3,1,13941
9.047499656677246,9.279999732971191,9.172499656677246,9.175000190734863,1773600,2008,3,4,2,13942
9.137499809265137,9.267499923706055,9.157500267028809,9.217499732971191,992000,2008,3,5,3,13943
8.9375,9.270000457763672,9.175000190734863,8.979999542236328,904000,2008,3,6,4,13944
8.842499732971191,9.22249984741211,8.912500381469727,9.117500305175781,1166800,2008,3,7,5,13945
8.984999656677246,9.192500114440918,9.149999618530273,8.989999771118164,626400,2008,3,10,1,13948
8.949999809265137,9.322500228881836,9.255000114440918,9.087499618530273,854400,2008,3,11,2,13949
8.912500381469727,9.175000190734863,9.125,9.010000228881836,811600,2008,3,12,3,13950
8.907500267028809,9.345000267028809,8.907500267028809,9.317500114440918,1918000,2008,3,13,4,13951
9.087499618530273,9.4399995803833,9.369999885559082,9.212499618530273,926800,2008,3,14,5,13952
8.949999809265137,9.237500190734863,8.987500190734863,9.145000457763672,908400,2008,3,17,1,13955
9.192500114440918,9.319999694824219,9.274999618530273,9.3149995803833,864400,2008,3,18,2,13956
9.192500114440918,9.484999656677246,9.422499656677246,9.199999809265137,638800,2008,3,19,3,13957
9.227499961853027,9.5,9.337499618530273,9.3149995803833,1463600,2008,3,20,4,13958
9.270000457763672,9.727499961853027,9.350000381469727,9.675000190734863,1310800,2008,3,24,1,13962
9.262499809265137,9.632499694824219,9.632499694824219,9.420000076293945,865600,2008,3,25,2,13963
9.297499656677246,9.579999923706055,9.397500038146973,9.532500267028809,516400,2008,3,26,3,13964
9.322500228881836,9.574999809265137,9.574999809265137,9.369999885559082,394400,2008,3,27,4,13965
9.289999961853027,9.447500228881836,9.350000381469727,9.322500228881836,942400,2008,3,28,5,13966
9.177499771118164,9.342499732971191,9.267499923706055,9.177499771118164,574800,2008,3,31,1,13969
9.199999809265137,9.507499694824219,9.199999809265137,9.482500076293945,950800,2008,4,1,2,13970
9.350000381469727,9.489999771118164,9.449999809265137,9.395000457763672,360800,2008,4,2,3,13971
9.232500076293945,9.367500305175781,9.3100004196167,9.262499809265137,486800,2008,4,3,4,13972
9.085000038146973,9.467499732971191,9.229999542236328,9.322500228881836,690000,2008,4,4,5,13973
9.319999694824219,9.479999542236328,9.369999885559082,9.364999771118164,421600,2008,4,7,1,13976
9.164999961853027,9.362500190734863,9.289999961853027,9.3149995803833,437600,2008,4,8,2,13977
9.037500381469727,9.375,9.362500190734863,9.072500228881836,361600,2008,4,9,3,13978
8.9399995803833,9.342499732971191,9.057499885559082,9.342499732971191,1128800,2008,4,10,4,13979
9.175000190734863,9.267499923706055,9.2524995803833,9.232500076293945,1356800,2008,4,11,5,13980
9.175000190734863,9.287500381469727,9.267499923706055,9.242500305175781,721200,2008,4,14,1,13983
9.227499961853027,9.3774995803833,9.28499984741211,9.3774995803833,385600,2008,4,15,2,13984
9.404999732971191,9.617500305175781,9.422499656677246,9.569999694824219,473200,2008,4,16,3,13985
9.420000076293945,9.602499961853027,9.547499656677246,9.507499694824219,434800,2008,4,17,4,13986
9.510000228881836,9.697500228881836,9.612500190734863,9.59000015258789,464800,2008,4,18,5,13987
9.404999732971191,9.632499694824219,9.515000343322754,9.524999618530273,868400,2008,4,21,1,13990
9.317500114440918,9.512499809265137,9.357500076293945,9.454999923706055,725600,2008,4,22,2,13991
9.324999809265137,9.522500038146973,9.475000381469727,9.407500267028809,568000,2008,4,23,3,13992
9.380000114440918,9.595000267028809,9.40999984741211,9.542499542236328,633200,2008,4,24,4,13993
9.324999809265137,9.595000267028809,9.5649995803833,9.479999542236328,342000,2008,4,25,5,13994
9.449999809265137,9.574999809265137,9.484999656677246,9.5,811600,2008,4,28,1,13997
9.4375,9.569999694824219,9.52750015258789,9.52750015258789,531600,2008,4,29,2,13998
9.337499618530273,9.612500190734863,9.537500381469727,9.479999542236328,1615200,2008,4,30,3,13999
9.4399995803833,9.75,9.494999885559082,9.612500190734863,1122000,2008,5,1,4,14000
9.46500015258789,9.762499809265137,9.707500457763672,9.512499809265137,792000,2008,5,2,5,14001
9.449999809265137,9.649999618530273,9.524999618530273,9.477499961853027,445600,2008,5,5,1,14004
9.375,9.522500038146973,9.4350004196167,9.427499771118164,788400,2008,5,6,2,14005
9.362500190734863,9.515000343322754,9.4375,9.387499809265137,1220400,2008,5,7,3,14006
8.6225004196167,9.412500381469727,9.1225004196167,9.262499809265137,4084000,2008,5,8,4,14007
9.180000305175781,9.327500343322754,9.217499732971191,9.289999961853027,1495200,2008,5,9,5,14008
9.25,9.557499885559082,9.2524995803833,9.53499984741211,805600,2008,5,12,1,14011
9.5600004196167,9.772500038146973,9.567500114440918,9.642499923706055,1114400,2008,5,13,2,14012
9.542499542236328,9.675000190734863,9.637499809265137,9.557499885559082,833200,2008,5,14,3,14013
9.475000381469727,9.680000305175781,9.602499961853027,9.645000457763672,706000,2008,5,15,4,14014
9.47249984741211,9.667499542236328,9.645000457763672,9.5625,870800,2008,5,16,5,14015
9.255000114440918,9.470000267028809,9.350000381469727,9.350000381469727,1645600,2008,5,19,1,14018
9.154999732971191,9.337499618530273,9.337499618530273,9.25,1356800,2008,5,20,2,14019
9.125,9.322500228881836,9.295000076293945,9.242500305175781,794000,2008,5,21,3,14020
9.170000076293945,9.430000305175781,9.242500305175781,9.3725004196167,1046800,2008,5,22,4,14021
9.307499885559082,9.442500114440918,9.327500343322754,9.425000190734863,1239600,2008,5,23,5,14022
9.267499923706055,9.444999694824219,9.425000190734863,9.385000228881836,1181200,2008,5,27,2,14026
9.27750015258789,9.454999923706055,9.417499542236328,9.319999694824219,1159600,2008,5,28,3,14027
9.267499923706055,9.3774995803833,9.302499771118164,9.270000457763672,703600,2008,5,29,4,14028
9.147500038146973,9.3100004196167,9.262499809265137,9.192500114440918,1215200,2008,5,30,5,14029
9.0024995803833,9.210000038146973,9.192500114440918,9.100000381469727,762400,2008,6,2,1,14032
8.887499809265137,9.157500267028809,9.055000305175781,8.992500305175781,623600,2008,6,3,2,14033
8.912500381469727,9.192500114440918,8.97249984741211,9.050000190734863,771200,2008,6,4,3,14034
9.024999618530273,9.182499885559082,9.024999618530273,9.157500267028809,568800,2008,6,5,4,14035
8.96500015258789,9.149999618530273,9.114999771118164,8.977499961853027,643200,2008,6,6,5,14036
8.864999771118164,9.020000457763672,8.967499732971191,8.989999771118164,935600,2008,6,9,1,14039
8.897500038146973,9.135000228881836,8.897500038146973,8.9375,870000,2008,6,10,2,14040
8.720000267028809,8.9375,8.892499923706055,8.72249984741211,1279200,2008,6,11,3,14041
8.744999885559082,9.0625,8.757499694824219,8.899999618530273,560800,2008,6,12,4,14042
8.975000381469727,9.142499923706055,9.0024995803833,9.114999771118164,640000,2008,6,13,5,14043
8.9399995803833,9.1899995803833,9.119999885559082,9.172499656677246,544000,2008,6,16,1,14046
9.095000267028809,9.239999771118164,9.1899995803833,9.142499923706055,404400,2008,6,17,2,14047
9.03499984741211,9.202500343322754,9.1274995803833,9.142499923706055,594400,2008,6,18,3,14048
9.055000305175781,9.274999618530273,9.15250015258789,9.229999542236328,891200,2008,6,19,4,14049
8.895000457763672,9.09749984741211,9.082500457763672,9.045000076293945,2041600,2008,6,20,5,14050
8.90999984741211,9.104999542236328,9.104999542236328,8.970000267028809,774400,2008,6,23,1,14053
8.805000305175781,9.017499923706055,8.920000076293945,8.890000343322754,892400,2008,6,24,2,14054
8.869999885559082,9.087499618530273,8.892499923706055,8.96500015258789,750400,2008,6,25,3,14055
8.744999885559082,8.90999984741211,8.875,8.760000228881836,646000,2008,6,26,4,14056
8.7475004196167,8.912500381469727,8.757499694824219,8.7475004196167,1325200,2008,6,27,5,14057
8.6850004196167,8.869999885559082,8.792499542236328,8.704999923706055,581600,2008,6,30,1,14060
8.4350004196167,8.6899995803833,8.59000015258789,8.542499542236328,1145200,2008,7,1,2,14061
8.414999961853027,8.649999618530273,8.522500038146973,8.52750015258789,730800,2008,7,2,3,14062
8.482500076293945,8.6850004196167,8.574999809265137,8.617500305175781,344800,2008,7,3,4,14063
8.4975004196167,8.677499771118164,8.664999961853027,8.542499542236328,909600,2008,7,7,1,14067
8.532500267028809,8.692500114440918,8.574999809265137,8.675000190734863,1033600,2008,7,8,2,14068
8.545000076293945,8.670000076293945,8.647500038146973,8.582500457763672,717600,2008,7,9,3,14069
8.510000228881836,8.625,8.552499771118164,8.529999732971191,722000,2008,7,10,4,14070
8.369999885559082,8.637499809265137,8.482500076293945,8.625,832400,2008,7,11,5,14071
8.399999618530273,8.6899995803833,8.675000190734863,8.477499961853027,684400,2008,7,14,1,14074
8.382499694824219,8.637499809265137,8.420000076293945,8.625,745600,2008,7,15,2,14075
8.567500114440918,8.774999618530273,8.640000343322754,8.6875,631200,2008,7,16,3,14076
8.654999732971191,8.8125,8.699999809265137,8.742500305175781,459600,2008,7,17,4,14077
8.662500381469727,8.792499542236328,8.755000114440918,8.712499618530273,442000,2008,7,18,5,14078
8.642499923706055,8.779999732971191,8.710000038146973,8.727499961853027,402400,2008,7,21,1,14081
8.662500381469727,8.9975004196167,8.662500381469727,8.994999885559082,457600,2008,7,22,2,14082
8.854999542236328,9.050000190734863,8.9975004196167,8.96500015258789,435200,2008,7,23,3,14083
8.850000381469727,8.992500305175781,8.970000267028809,8.930000305175781,338800,2008,7,24,4,14084
8.890000343322754,9.117500305175781,8.987500190734863,9.032500267028809,282000,2008,7,25,5,14085
8.8125,9.007499694824219,8.982500076293945,8.9399995803833,436400,2008,7,28,1,14088
8.957500457763672,9.317500114440918,8.989999771118164,9.262499809265137,735200,2008,7,29,2,14089
9.050000190734863,9.335000038146973,9.28499984741211,9.137499809265137,586800,2008,7,30,3,14090
9.0600004196167,9.342499732971191,9.0600004196167,9.27750015258789,695200,2008,7,31,4,14091
9.114999771118164,9.364999771118164,9.279999732971191,9.267499923706055,428000,2008,8,1,5,14092
9.119999885559082,9.345000267028809,9.3100004196167,9.28499984741211,405600,2008,8,4,1,14095
9.272500038146973,9.404999732971191,9.34749984741211,9.397500038146973,495600,2008,8,5,2,14096
9.170000076293945,9.397500038146973,9.397500038146973,9.354999542236328,406800,2008,8,6,3,14097
8.609999656677246,9.307499885559082,9.045000076293945,8.6850004196167,2343600,2008,8,7,4,14098
8.619999885559082,9.024999618530273,8.625,8.944999694824219,1270800,2008,8,8,5,14099
8.204999923706055,9.260000228881836,8.734999656677246,9.242500305175781,866400,2008,8,11,1,14102
9.095000267028809,9.319999694824219,9.157500267028809,9.119999885559082,1126800,2008,8,12,2,14103
9.102499961853027,9.52750015258789,9.1225004196167,9.362500190734863,566800,2008,8,13,3,14104
9.227499961853027,9.425000190734863,9.34749984741211,9.3100004196167,532400,2008,8,14,4,14105
9.175000190734863,9.479999542236328,9.404999732971191,9.3125,638400,2008,8,15,5,14106
9.170000076293945,9.387499809265137,9.3125,9.265000343322754,490000,2008,8,18,1,14109
9.1274995803833,9.270000457763672,9.204999923706055,9.15999984741211,459600,2008,8,19,2,14110
9.140000343322754,9.364999771118164,9.207500457763672,9.322500228881836,972000,2008,8,20,3,14111
9.0024995803833,9.265000343322754,9.180000305175781,9.112500190734863,1571600,2008,8,21,4,14112
9.077500343322754,9.260000228881836,9.164999961853027,9.197500228881836,1040800,2008,8,22,5,14113
8.792499542236328,9.204999923706055,9.204999923706055,8.862500190734863,1256000,2008,8,25,1,14116
8.837499618530273,9.010000228881836,8.862500190734863,9.010000228881836,916400,2008,8,26,2,14117
8.960000038146973,9.1274995803833,8.9975004196167,9.042499542236328,604800,2008,8,27,3,14118
8.984999656677246,9.27750015258789,9.045000076293945,9.260000228881836,514400,2008,8,28,4,14119
9.237500190734863,9.345000267028809,9.289999961853027,9.25,425600,2008,8,29,5,14120
9.239999771118164,9.444999694824219,9.395000457763672,9.260000228881836,633200,2008,9,2,2,14124
9.197500228881836,9.404999732971191,9.257499694824219,9.399999618530273,676800,2008,9,3,3,14125
9.125,9.375,9.3125,9.1274995803833,796400,2008,9,4,4,14126
8.9375,9.1274995803833,9.092499732971191,9.057499885559082,574000,2008,9,5,5,14127
9.1899995803833,9.357500076293945,9.27750015258789,9.322500228881836,668800,2008,9,8,1,14130
9.0649995803833,9.477499961853027,9.327500343322754,9.0649995803833,797200,2008,9,9,2,14131
9.09000015258789,9.234999656677246,9.140000343322754,9.180000305175781,456000,2008,9,10,3,14132
8.970000267028809,9.217499732971191,9.149999618530273,9.074999809265137,736000,2008,9,11,4,14133
8.942500114440918,9.119999885559082,9.007499694824219,9.0649995803833,747600,2008,9,12,5,14134
8.882499694824219,9.175000190734863,8.970000267028809,9.007499694824219,767600,2008,9,15,1,14137
8.930000305175781,9.239999771118164,9.0,9.1875,716400,2008,9,16,2,14138
8.970000267028809,9.220000267028809,9.047499656677246,9.02750015258789,1150800,2008,9,17,3,14139
9.085000038146973,9.4350004196167,9.142499923706055,9.390000343322754,1500800,2008,9,18,4,14140
9.375,9.375,9.375,9.375,2148000,2008,9,19,5,14141
8.970000267028809,9.569999694824219,9.462499618530273,9.010000228881836,423200,2008,9,22,1,14144
9.1274995803833,9.647500038146973,9.217499732971191,9.5649995803833,1656800,2008,9,23,2,14145
9.212499618530273,9.625,9.625,9.350000381469727,973600,2008,9,24,3,14146
9.197500228881836,9.515000343322754,9.319999694824219,9.487500190734863,486000,2008,9,25,4,14147
9.170000076293945,9.482500076293945,9.420000076293945,9.452500343322754,712000,2008,9,26,5,14148
8.9399995803833,9.382499694824219,9.380000114440918,8.960000038146973,962400,2008,9,29,1,14151
8.817500114440918,9.229999542236328,9.029999732971191,9.210000038146973,693200,2008,9,30,2,14152
8.957500457763672,9.255000114440918,8.9975004196167,9.175000190734863,470400,2008,10,1,3,14153
8.864999771118164,9.145000457763672,9.104999542236328,8.904999732971191,549600,2008,10,2,4,14154
8.7475004196167,9.194999694824219,9.087499618530273,8.774999618530273,619600,2008,10,3,5,14155
8.262499809265137,8.675000190734863,8.600000381469727,8.487500190734863,923600,2008,10,6,1,14158
8.095000267028809,8.640000343322754,8.5625,8.1274995803833,892800,2008,10,7,2,14159
7.815000057220459,8.292499542236328,7.949999809265137,7.977499961853027,1720400,2008,10,8,3,14160
7.677499771118164,8.210000038146973,7.992499828338623,7.677499771118164,1313600,2008,10,9,4,14161
6.485000133514404,8.212499618530273,7.389999866485596,8.212499618530273,1517200,2008,10,10,5,14162
7.989999771118164,8.324999809265137,8.319999694824219,8.167499542236328,490000,2008,10,13,1,14165
7.889999866485596,8.375,8.274999618530273,7.940000057220459,1157200,2008,10,14,2,14166
7.525000095367432,7.934999942779541,7.827499866485596,7.525000095367432,726400,2008,10,15,3,14167
7.297500133514404,7.927499771118164,7.542500019073486,7.882500171661377,782800,2008,10,16,4,14168
7.537499904632568,8.09000015258789,7.78000020980835,7.795000076293945,1170800,2008,10,17,5,14169
7.65749979019165,8.012499809265137,7.885000228881836,8.012499809265137,779600,2008,10,20,1,14172
7.800000190734863,7.997499942779541,7.997499942779541,7.840000152587891,669200,2008,10,21,2,14173
7.559999942779541,7.824999809265137,7.824999809265137,7.610000133514404,648800,2008,10,22,3,14174
7.380000114440918,7.787499904632568,7.632500171661377,7.699999809265137,1081600,2008,10,23,4,14175
7.402500152587891,7.652500152587891,7.474999904632568,7.434999942779541,1022400,2008,10,24,5,14176
7.090000152587891,7.522500038146973,7.457499980926514,7.090000152587891,1378400,2008,10,27,1,14179
7.065000057220459,7.297500133514404,7.199999809265137,7.287499904632568,2019200,2008,10,28,2,14180
7.142499923706055,7.385000228881836,7.25,7.197500228881836,2303600,2008,10,29,3,14181
7.257500171661377,7.610000133514404,7.257500171661377,7.610000133514404,1086000,2008,10,30,4,14182
7.567500114440918,8.0,7.610000133514404,7.985000133514404,967200,2008,10,31,5,14183
7.867499828338623,8.135000228881836,7.980000019073486,8.052499771118164,767200,2008,11,3,1,14186
7.90749979019165,8.137499809265137,8.117500305175781,8.005000114440918,632800,2008,11,4,2,14187
7.557499885559082,7.90749979019165,7.885000228881836,7.567500114440918,790800,2008,11,5,3,14188
7.355000019073486,7.675000190734863,7.525000095367432,7.40749979019165,620000,2008,11,6,4,14189
7.232500076293945,7.574999809265137,7.460000038146973,7.409999847412109,663600,2008,11,7,5,14190
7.202499866485596,7.53000020980835,7.53000020980835,7.3125,346800,2008,11,10,1,14193
7.047500133514404,7.372499942779541,7.262499809265137,7.047500133514404,671200,2008,11,11,2,14194
6.587500095367432,7.0,6.90749979019165,6.59250020980835,744000,2008,11,12,3,14195
6.897500038146973,7.755000114440918,7.445000171661377,7.755000114440918,2709600,2008,11,13,4,14196
7.127500057220459,7.929999828338623,7.647500038146973,7.132500171661377,1406400,2008,11,14,5,14197
7.077499866485596,7.534999847412109,7.090000152587891,7.362500190734863,1042800,2008,11,17,1,14200
7.210000038146973,7.627500057220459,7.367499828338623,7.4375,767600,2008,11,18,2,14201
6.945000171661377,7.5625,7.417500019073486,6.96999979019165,730800,2008,11,19,3,14202
6.792500019073486,7.3125,6.920000076293945,6.829999923706055,1006000,2008,11,20,4,14203
6.684999942779541,7.409999847412109,6.9375,7.382500171661377,1436800,2008,11,21,5,14204
7.304999828338623,7.567500114440918,7.502500057220459,7.457499980926514,954000,2008,11,24,1,14207
7.315000057220459,7.602499961853027,7.512499809265137,7.599999904632568,700800,2008,11,25,2,14208
7.522500038146973,7.925000190734863,7.522500038146973,7.787499904632568,1289600,2008,11,26,3,14209
7.577499866485596,7.992499828338623,7.692500114440918,7.849999904632568,569600,2008,11,28,5,14211
7.434999942779541,7.889999866485596,7.827499866485596,7.472499847412109,959600,2008,12,1,1,14214
7.550000190734863,7.887499809265137,7.597499847412109,7.737500190734863,1139200,2008,12,2,2,14215
7.522500038146973,7.977499961853027,7.5625,7.922500133514404,1337600,2008,12,3,3,14216
7.820000171661377,8.104999542236328,7.855000019073486,7.957499980926514,2666800,2008,12,4,4,14217
7.739999771118164,8.307499885559082,7.829999923706055,8.287500381469727,1510400,2008,12,5,5,14218
8.3100004196167,8.694999694824219,8.432499885559082,8.539999961853027,1193200,2008,12,8,1,14221
8.162500381469727,8.5649995803833,8.462499618530273,8.270000457763672,977600,2008,12,9,2,14222
8.324999809265137,8.680000305175781,8.444999694824219,8.59000015258789,1236000,2008,12,10,3,14223
8.352499961853027,8.697500228881836,8.467499732971191,8.487500190734863,950400,2008,12,11,4,14224
8.172499656677246,8.3725004196167,8.305000305175781,8.3125,1166800,2008,12,12,5,14225
8.3125,8.604999542236328,8.4375,8.467499732971191,1183200,2008,12,15,1,14228
8.282500267028809,8.65999984741211,8.592499732971191,8.524999618530273,1219600,2008,12,16,2,14229
8.324999809265137,8.6899995803833,8.46500015258789,8.555000305175781,739600,2008,12,17,3,14230
8.3725004196167,8.592499732971191,8.5625,8.585000038146973,1258000,2008,12,18,4,14231
8.585000038146973,8.822500228881836,8.675000190734863,8.755000114440918,1440800,2008,12,19,5,14232
8.487500190734863,8.77750015258789,8.755000114440918,8.672499656677246,1077200,2008,12,22,1,14235
8.505000114440918,8.737500190734863,8.697500228881836,8.587499618530273,1264000,2008,12,23,2,14236
8.552499771118164,8.697500228881836,8.595000267028809,8.579999923706055,357600,2008,12,24,3,14237
8.522500038146973,8.765000343322754,8.607500076293945,8.632499694824219,333600,2008,12,26,5,14239
8.385000228881836,8.657500267028809,8.609999656677246,8.59000015258789,552400,2008,12,29,1,14242
8.607500076293945,8.789999961853027,8.657500267028809,8.725000381469727,763200,2008,12,30,2,14243
8.704999923706055,8.904999732971191,8.720000267028809,8.77750015258789,964000,2008,12,31,3,14244
8.789999961853027,9.050000190734863,8.789999961853027,8.987500190734863,545200,2009,1,2,5,14246
8.862500190734863,9.182499885559082,9.0,9.162500381469727,1028400,2009,1,5,1,14249
9.22249984741211,9.550000190734863,9.22249984741211,9.34000015258789,2548400,2009,1,6,2,14250
9.047499656677246,9.28499984741211,9.167499542236328,9.21500015258789,662400,2009,1,7,3,14251
9.125,9.265000343322754,9.125,9.210000038146973,469600,2009,1,8,4,14252
8.852499961853027,9.1850004196167,9.1850004196167,8.944999694824219,744000,2009,1,9,5,14253
8.84000015258789,9.112500190734863,8.922499656677246,9.007499694824219,628800,2009,1,12,1,14256
8.9375,9.21500015258789,9.029999732971191,9.135000228881836,807600,2009,1,13,2,14257
8.805000305175781,9.0600004196167,8.994999885559082,8.832500457763672,1022000,2009,1,14,3,14258
8.702500343322754,9.032500267028809,8.795000076293945,9.029999732971191,950400,2009,1,15,4,14259
8.967499732971191,9.15250015258789,9.125,9.117500305175781,1244800,2009,1,16,5,14260
8.7524995803833,9.047499656677246,9.0,8.792499542236328,650800,2009,1,20,2,14264
8.734999656677246,9.225000381469727,8.917499542236328,9.210000038146973,1011600,2009,1,21,3,14265
8.8774995803833,9.180000305175781,9.102499961853027,9.09749984741211,904800,2009,1,22,4,14266
8.805000305175781,9.322500228881836,8.899999618530273,9.154999732971191,894000,2009,1,23,5,14267
9.154999732971191,9.569999694824219,9.154999732971191,9.369999885559082,852400,2009,1,26,1,14270
9.350000381469727,9.632499694824219,9.354999542236328,9.507499694824219,1101200,2009,1,27,2,14271
9.460000038146973,9.755000114440918,9.6899995803833,9.6225004196167,613600,2009,1,28,3,14272
9.239999771118164,9.5625,9.537500381469727,9.287500381469727,593200,2009,1,29,4,14273
9.25,9.477499961853027,9.34000015258789,9.289999961853027,666800,2009,1,30,5,14274
8.954999923706055,9.327500343322754,9.244999885559082,9.267499923706055,830400,2009,2,2,1,14277
9.25,9.425000190734863,9.362500190734863,9.322500228881836,1052400,2009,2,3,2,14278
9.255000114440918,9.53499984741211,9.375,9.517499923706055,903600,2009,2,4,3,14279
9.1875,9.539999961853027,9.1875,9.47249984741211,720000,2009,2,5,4,14280
9.192500114440918,9.522500038146973,9.452500343322754,9.375,1238800,2009,2,6,5,14281
9.3774995803833,9.65250015258789,9.4375,9.6225004196167,1225200,2009,2,9,1,14284
9.207500457763672,9.587499618530273,9.569999694824219,9.375,1683200,2009,2,10,2,14285
9.172499656677246,9.447500228881836,9.447500228881836,9.3125,584400,2009,2,11,3,14286
9.15999984741211,9.4399995803833,9.229999542236328,9.417499542236328,604400,2009,2,12,4,14287
9.242500305175781,9.520000457763672,9.397500038146973,9.397500038146973,581200,2009,2,13,5,14288
8.925000190734863,9.28499984741211,9.0024995803833,9.1225004196167,951600,2009,2,17,2,14292
8.970000267028809,9.229999542236328,9.167499542236328,9.130000114440918,710400,2009,2,18,3,14293
9.022500038146973,9.265000343322754,9.149999618530273,9.0600004196167,578800,2009,2,19,4,14294
8.922499656677246,9.22249984741211,8.9375,8.992500305175781,895600,2009,2,20,5,14295
8.8725004196167,9.09000015258789,9.0625,8.899999618530273,635600,2009,2,23,1,14298
8.90999984741211,9.197500228881836,8.992500305175781,9.1225004196167,1243600,2009,2,24,2,14299
8.822500228881836,9.072500228881836,9.072500228881836,8.912500381469727,1005200,2009,2,25,3,14300
8.772500038146973,9.050000190734863,9.050000190734863,8.9350004196167,839600,2009,2,26,4,14301
8.8149995803833,9.477499961853027,8.824999809265137,9.212499618530273,1100400,2009,2,27,5,14302
8.835000038146973,9.147500038146973,9.09000015258789,8.930000305175781,1164400,2009,3,2,1,14305
8.442500114440918,9.055000305175781,9.055000305175781,8.444999694824219,1191600,2009,3,3,2,14306
8.287500381469727,8.5600004196167,8.532500267028809,8.412500381469727,893200,2009,3,4,3,14307
8.399999618530273,8.607500076293945,8.4375,8.5,693200,2009,3,5,4,14308
8.3149995803833,8.609999656677246,8.4375,8.532500267028809,670800,2009,3,6,5,14309
8.257499694824219,8.520000457763672,8.392499923706055,8.300000190734863,675600,2009,3,9,1,14312
8.220000267028809,8.515000343322754,8.444999694824219,8.4350004196167,1002000,2009,3,10,2,14313
8.324999809265137,8.555000305175781,8.517499923706055,8.390000343322754,1194400,2009,3,11,3,14314
8.194999694824219,8.65250015258789,8.375,8.637499809265137,949600,2009,3,12,4,14315
8.487500190734863,8.744999885559082,8.694999694824219,8.6899995803833,933200,2009,3,13,5,14316
8.595000267028809,8.805000305175781,8.75,8.7475004196167,1211600,2009,3,16,1,14319
8.630000114440918,9.087499618530273,8.71500015258789,9.087499618530273,1681600,2009,3,17,2,14320
9.09000015258789,9.462499618530273,9.09000015258789,9.395000457763672,1356400,2009,3,18,3,14321
9.202500343322754,9.489999771118164,9.470000267028809,9.229999542236328,544000,2009,3,19,4,14322
9.225000381469727,9.547499656677246,9.257499694824219,9.262499809265137,1388800,2009,3,20,5,14323
9.25,9.585000038146973,9.417499542236328,9.585000038146973,819600,2009,3,23,1,14326
9.25,9.625,9.477499961853027,9.260000228881836,992000,2009,3,24,2,14327
9.234999656677246,9.692500114440918,9.364999771118164,9.670000076293945,900800,2009,3,25,3,14328
9.694999694824219,10.1225004196167,9.762499809265137,10.112500190734863,1086400,2009,3,26,4,14329
9.744999885559082,10.012499809265137,9.97249984741211,9.800000190734863,689200,2009,3,27,5,14330
9.282500267028809,9.829999923706055,9.617500305175781,9.762499809265137,785200,2009,3,30,1,14333
9.802499771118164,10.232500076293945,9.8774995803833,9.96500015258789,767200,2009,3,31,2,14334
9.725000381469727,10.045000076293945,9.827500343322754,10.010000228881836,430000,2009,4,1,3,14335
9.949999809265137,10.3125,10.1875,10.005000114440918,820000,2009,4,2,4,14336
9.670000076293945,10.022500038146973,9.979999542236328,9.845000267028809,1189600,2009,4,3,5,14337
9.667499542236328,10.020000457763672,9.667499542236328,10.0,680000,2009,4,6,1,14340
9.354999542236328,9.957500457763672,9.895000457763672,9.442500114440918,913200,2009,4,7,2,14341
9.3725004196167,9.602499961853027,9.46500015258789,9.5,420400,2009,4,8,3,14342
9.569999694824219,9.829999923706055,9.699999809265137,9.774999618530273,637200,2009,4,9,4,14343
9.614999771118164,9.774999618530273,9.657500267028809,9.725000381469727,452800,2009,4,13,1,14347
9.317500114440918,9.642499923706055,9.642499923706055,9.489999771118164,490400,2009,4,14,2,14348
9.404999732971191,9.645000457763672,9.420000076293945,9.630000114440918,370800,2009,4,15,3,14349
9.547499656677246,9.800000190734863,9.617500305175781,9.625,622000,2009,4,16,4,14350
9.602499961853027,9.8725004196167,9.6899995803833,9.819999694824219,362000,2009,4,17,5,14351
9.5600004196167,9.729999542236328,9.664999961853027,9.635000228881836,477600,2009,4,20,1,14354
9.609999656677246,9.885000228881836,9.609999656677246,9.869999885559082,468800,2009,4,21,2,14355
9.717499732971191,9.907500267028809,9.797499656677246,9.7524995803833,494000,2009,4,22,3,14356
9.537500381469727,9.765000343322754,9.667499542236328,9.65999984741211,445600,2009,4,23,4,14357
9.717499732971191,9.949999809265137,9.7524995803833,9.852499961853027,935200,2009,4,24,5,14358
9.614999771118164,9.992500305175781,9.71500015258789,9.8774995803833,498000,2009,4,27,1,14361
9.789999961853027,10.307499885559082,9.8100004196167,10.194999694824219,513600,2009,4,28,2,14362
10.22249984741211,10.407500267028809,10.257499694824219,10.329999923706055,571600,2009,4,29,3,14363
10.082500457763672,10.375,10.375,10.082500457763672,607600,2009,4,30,4,14364
9.827500343322754,10.322500228881836,10.042499542236328,10.292499542236328,602800,2009,5,1,5,14365
10.265000343322754,10.569999694824219,10.265000343322754,10.557499885559082,622800,2009,5,4,1,14368
10.399999618530273,10.614999771118164,10.524999618530273,10.479999542236328,559600,2009,5,5,2,14369
10.22249984741211,10.567500114440918,10.470000267028809,10.25,633200,2009,5,6,3,14370
10.25,10.869999885559082,10.350000381469727,10.657500267028809,1475200,2009,5,7,4,14371
10.367500305175781,10.864999771118164,10.787500381469727,10.857500076293945,1395200,2009,5,8,5,14372
10.602499961853027,10.837499618530273,10.6850004196167,10.795000076293945,584800,2009,5,11,1,14375
10.720000267028809,10.895000457763672,10.837499618530273,10.857500076293945,676800,2009,5,12,2,14376
10.595000267028809,10.835000038146973,10.770000457763672,10.657500267028809,494400,2009,5,13,3,14377
10.614999771118164,10.760000228881836,10.725000381469727,10.645000457763672,419600,2009,5,14,4,14378
10.390000343322754,10.829999923706055,10.645000457763672,10.7475004196167,736800,2009,5,15,5,14379
10.697500228881836,10.90250015258789,10.755000114440918,10.8774995803833,550000,2009,5,18,1,14382
10.642499923706055,10.897500038146973,10.897500038146973,10.670000076293945,777600,2009,5,19,2,14383
10.5625,10.789999961853027,10.717499732971191,10.59000015258789,659600,2009,5,20,3,14384
10.2524995803833,10.577500343322754,10.522500038146973,10.460000038146973,582400,2009,5,21,4,14385
10.335000038146973,10.52750015258789,10.487500190734863,10.369999885559082,320800,2009,5,22,5,14386
10.2524995803833,10.494999885559082,10.327500343322754,10.449999809265137,1147600,2009,5,26,2,14390
10.239999771118164,10.412500381469727,10.412500381469727,10.255000114440918,592800,2009,5,27,3,14391
9.942500114440918,10.345000267028809,10.305000305175781,9.992500305175781,959200,2009,5,28,4,14392
9.90250015258789,10.085000038146973,10.085000038146973,9.975000381469727,780400,2009,5,29,5,14393
9.84000015258789,10.232500076293945,10.107500076293945,9.90250015258789,1198800,2009,6,1,1,14396
9.744999885559082,10.032500267028809,9.9350004196167,9.8125,1665600,2009,6,2,2,14397
9.757499694824219,9.930000305175781,9.802499771118164,9.797499656677246,1300400,2009,6,3,3,14398
9.707500457763672,9.837499618530273,9.824999809265137,9.725000381469727,1209600,2009,6,4,4,14399
9.692500114440918,9.904999732971191,9.694999694824219,9.859999656677246,970000,2009,6,5,5,14400
9.779999732971191,9.899999618530273,9.779999732971191,9.862500190734863,766800,2009,6,8,1,14403
9.737500190734863,9.9350004196167,9.882499694824219,9.7475004196167,437600,2009,6,9,2,14404
9.645000457763672,9.862500190734863,9.859999656677246,9.72249984741211,694000,2009,6,10,3,14405
9.697500228881836,9.859999656677246,9.7475004196167,9.7475004196167,698800,2009,6,11,4,14406
9.637499809265137,9.737500190734863,9.704999923706055,9.694999694824219,784400,2009,6,12,5,14407
9.512499809265137,9.657500267028809,9.657500267028809,9.59000015258789,791600,2009,6,15,1,14410
9.522500038146973,9.712499618530273,9.654999732971191,9.587499618530273,682800,2009,6,16,2,14411
9.5649995803833,9.75,9.5649995803833,9.612500190734863,666000,2009,6,17,3,14412
9.619999885559082,9.78499984741211,9.637499809265137,9.782500267028809,336800,2009,6,18,4,14413
9.72249984741211,9.9399995803833,9.917499542236328,9.7475004196167,589600,2009,6,19,5,14414
9.53499984741211,9.712499618530273,9.65999984741211,9.53499984741211,460400,2009,6,22,1,14417
9.52750015258789,9.65250015258789,9.5649995803833,9.542499542236328,427600,2009,6,23,2,14418
9.484999656677246,9.6274995803833,9.574999809265137,9.545000076293945,401200,2009,6,24,3,14419
9.787500381469727,10.177499771118164,9.787500381469727,10.005000114440918,1279200,2009,6,25,4,14420
9.967499732971191,10.232500076293945,9.979999542236328,10.232500076293945,2464800,2009,6,26,5,14421
10.130000114440918,10.307499885559082,10.2475004196167,10.289999961853027,459600,2009,6,29,1,14424
10.239999771118164,10.369999885559082,10.289999961853027,10.3125,524000,2009,6,30,2,14425
10.3125,10.524999618530273,10.34749984741211,10.479999542236328,484800,2009,7,1,3,14426
10.225000381469727,10.444999694824219,10.404999732971191,10.332500457763672,440800,2009,7,2,4,14427
10.22249984741211,10.427499771118164,10.317500114440918,10.25,522400,2009,7,6,1,14431
10.107500076293945,10.399999618530273,10.257499694824219,10.117500305175781,413200,2009,7,7,2,14432
9.922499656677246,10.220000267028809,10.15999984741211,9.994999885559082,290400,2009,7,8,3,14433
9.90999984741211,10.067500114440918,10.0625,9.925000190734863,254400,2009,7,9,4,14434
9.800000190734863,10.020000457763672,9.90250015258789,9.882499694824219,300800,2009,7,10,5,14435
9.8725004196167,10.234999656677246,9.947500228881836,10.162500381469727,486800,2009,7,13,1,14438
10.032500267028809,10.2475004196167,10.154999732971191,10.147500038146973,223200,2009,7,14,2,14439
10.229999542236328,10.617500305175781,10.237500190734863,10.592499732971191,556400,2009,7,15,3,14440
10.5,10.662500381469727,10.547499656677246,10.645000457763672,306400,2009,7,16,4,14441
10.515000343322754,10.694999694824219,10.6850004196167,10.625,260800,2009,7,17,5,14442
10.4375,10.672499656677246,10.642499923706055,10.602499961853027,352000,2009,7,20,1,14445
10.367500305175781,10.729999542236328,10.682499885559082,10.582500457763672,364000,2009,7,21,2,14446
10.532500267028809,10.744999885559082,10.567500114440918,10.609999656677246,226800,2009,7,22,3,14447
10.467499732971191,10.842499732971191,10.577500343322754,10.7524995803833,311600,2009,7,23,4,14448
10.552499771118164,10.77750015258789,10.642499923706055,10.699999809265137,138800,2009,7,24,5,14449
10.545000076293945,10.710000038146973,10.710000038146973,10.65250015258789,196000,2009,7,27,1,14452
10.532500267028809,10.710000038146973,10.579999923706055,10.619999885559082,211200,2009,7,28,2,14453
10.510000228881836,10.739999771118164,10.550000190734863,10.604999542236328,272800,2009,7,29,3,14454
10.640000343322754,10.857500076293945,10.640000343322754,10.702500343322754,306400,2009,7,30,4,14455
10.654999732971191,10.75,10.694999694824219,10.654999732971191,186800,2009,7,31,5,14456
10.489999771118164,10.795000076293945,10.677499771118164,10.71500015258789,210800,2009,8,3,1,14459
10.65999984741211,10.90999984741211,10.699999809265137,10.829999923706055,404000,2009,8,4,2,14460
10.520000457763672,10.920000076293945,10.859999656677246,10.635000228881836,303200,2009,8,5,3,14461
9.774999618530273,10.680000305175781,9.774999618530273,10.46500015258789,472000,2009,8,6,4,14462
10.475000381469727,10.857500076293945,10.600000381469727,10.757499694824219,449200,2009,8,7,5,14463
10.489999771118164,10.772500038146973,10.727499961853027,10.574999809265137,305200,2009,8,10,1,14466
10.414999961853027,10.617500305175781,10.492500305175781,10.417499542236328,203600,2009,8,11,2,14467
10.337499618530273,10.512499809265137,10.395000457763672,10.34749984741211,331600,2009,8,12,3,14468
10.207500457763672,10.407500267028809,10.359999656677246,10.387499809265137,254000,2009,8,13,4,14469
10.0625,10.387499809265137,10.387499809265137,10.102499961853027,298800,2009,8,14,5,14470
9.9399995803833,10.067500114440918,9.9975004196167,9.957500457763672,226400,2009,8,17,1,14473
9.927499771118164,10.145000457763672,10.037500381469727,10.069999694824219,488800,2009,8,18,2,14474
9.947500228881836,10.225000381469727,9.987500190734863,10.1225004196167,453200,2009,8,19,3,14475
10.042499542236328,10.132499694824219,10.1225004196167,10.132499694824219,584000,2009,8,20,4,14476
10.172499656677246,10.3725004196167,10.180000305175781,10.354999542236328,487200,2009,8,21,5,14477
10.287500381469727,10.444999694824219,10.407500267028809,10.382499694824219,330400,2009,8,24,1,14480
10.382499694824219,10.5,10.422499656677246,10.427499771118164,219200,2009,8,25,2,14481
10.364999771118164,10.517499923706055,10.425000190734863,10.462499618530273,190800,2009,8,26,3,14482
10.357500076293945,10.59749984741211,10.457500457763672,10.542499542236328,260400,2009,8,27,4,14483
10.457500457763672,10.65250015258789,10.587499618530273,10.510000228881836,273600,2009,8,28,5,14484
10.350000381469727,10.517499923706055,10.475000381469727,10.412500381469727,333600,2009,8,31,1,14487
10.265000343322754,10.557499885559082,10.385000228881836,10.28499984741211,573600,2009,9,1,2,14488
10.207500457763672,10.335000038146973,10.335000038146973,10.27750015258789,719600,2009,9,2,3,14489
10.147500038146973,10.449999809265137,10.27750015258789,10.449999809265137,390000,2009,9,3,4,14490
10.322500228881836,10.479999542236328,10.420000076293945,10.452500343322754,273200,2009,9,4,5,14491
10.40250015258789,10.555000305175781,10.555000305175781,10.505000114440918,335600,2009,9,8,2,14495
10.462499618530273,10.625,10.507499694824219,10.545000076293945,224000,2009,9,9,3,14496
10.420000076293945,10.574999809265137,10.537500381469727,10.462499618530273,230800,2009,9,10,4,14497
10.422499656677246,10.547499656677246,10.470000267028809,10.522500038146973,285600,2009,9,11,5,14498
10.5,10.569999694824219,10.5,10.550000190734863,189600,2009,9,14,1,14501
10.40999984741211,10.625,10.517499923706055,10.600000381469727,242000,2009,9,15,2,14502
10.5,10.8125,10.59749984741211,10.802499771118164,384400,2009,9,16,3,14503
10.757499694824219,11.170000076293945,10.802499771118164,11.132499694824219,502400,2009,9,17,4,14504
11.1225004196167,11.367500305175781,11.154999732971191,11.350000381469727,690400,2009,9,18,5,14505
11.239999771118164,11.359999656677246,11.262499809265137,11.354999542236328,342800,2009,9,21,1,14508
11.287500381469727,11.522500038146973,11.395000457763672,11.454999923706055,495200,2009,9,22,2,14509
11.387499809265137,11.772500038146973,11.4375,11.739999771118164,488400,2009,9,23,3,14510
11.600000381469727,11.949999809265137,11.779999732971191,11.922499656677246,823200,2009,9,24,4,14511
11.6850004196167,11.895000457763672,11.859999656677246,11.8125,622800,2009,9,25,5,14512
11.779999732971191,12.067500114440918,11.807499885559082,12.0,337600,2009,9,28,1,14515
11.869999885559082,12.1225004196167,12.0600004196167,11.885000228881836,1326400,2009,9,29,2,14516
11.6274995803833,11.967499732971191,11.927499771118164,11.649999618530273,393600,2009,9,30,3,14517
11.5625,11.712499618530273,11.5625,11.649999618530273,541600,2009,10,1,4,14518
11.609999656677246,11.869999885559082,11.609999656677246,11.772500038146973,538400,2009,10,2,5,14519
11.612500190734863,11.854999542236328,11.854999542236328,11.742500305175781,399200,2009,10,5,1,14522
11.6899995803833,11.970000267028809,11.75,11.890000343322754,259200,2009,10,6,2,14523
11.822500228881836,11.984999656677246,11.862500190734863,11.8725004196167,194000,2009,10,7,3,14524
11.90999984741211,12.02750015258789,11.954999923706055,11.9399995803833,378000,2009,10,8,4,14525
11.982500076293945,12.125,11.982500076293945,12.125,178400,2009,10,9,5,14526
12.017499923706055,12.234999656677246,12.125,12.074999809265137,170800,2009,10,12,1,14529
11.857500076293945,12.0600004196167,12.0024995803833,12.0,187200,2009,10,13,2,14530
12.0649995803833,12.242500305175781,12.100000381469727,12.217499732971191,243200,2009,10,14,3,14531
12.017499923706055,12.217499732971191,12.172499656677246,12.045000076293945,527200,2009,10,15,4,14532
11.837499618530273,12.007499694824219,11.987500190734863,11.942500114440918,334000,2009,10,16,5,14533
11.84749984741211,11.9975004196167,11.9975004196167,11.930000305175781,336400,2009,10,19,1,14536
11.765000343322754,11.927499771118164,11.927499771118164,11.857500076293945,196400,2009,10,20,2,14537
11.827500343322754,12.09000015258789,11.864999771118164,11.850000381469727,311200,2009,10,21,3,14538
11.739999771118164,12.100000381469727,11.824999809265137,12.015000343322754,202800,2009,10,22,4,14539
11.75,12.085000038146973,12.024999618530273,11.802499771118164,504800,2009,10,23,5,14540
11.694999694824219,11.922499656677246,11.802499771118164,11.75,454000,2009,10,26,1,14543
11.53499984741211,11.829999923706055,11.78499984741211,11.579999923706055,606000,2009,10,27,2,14544
11.457500457763672,11.680000305175781,11.612500190734863,11.52750015258789,521600,2009,10,28,3,14545
11.460000038146973,11.664999961853027,11.645000457763672,11.569999694824219,375200,2009,10,29,4,14546
11.467499732971191,11.677499771118164,11.532500267028809,11.5649995803833,546400,2009,10,30,5,14547
11.505000114440918,11.697500228881836,11.65250015258789,11.6274995803833,307600,2009,11,2,1,14550
11.5,11.645000457763672,11.579999923706055,11.619999885559082,432400,2009,11,3,2,14551
11.470000267028809,11.702500343322754,11.640000343322754,11.574999809265137,624800,2009,11,4,3,14552
11.632499694824219,11.757499694824219,11.667499542236328,11.75,386800,2009,11,5,4,14553
11.585000038146973,11.817500114440918,11.647500038146973,11.760000228881836,181200,2009,11,6,5,14554
11.600000381469727,11.837499618530273,11.8149995803833,11.702500343322754,259200,2009,11,9,1,14557
11.482500076293945,11.649999618530273,11.630000114440918,11.550000190734863,446800,2009,11,10,2,14558
11.557499885559082,11.734999656677246,11.642499923706055,11.727499961853027,156400,2009,11,11,3,14559
11.015000343322754,11.65250015258789,11.454999923706055,11.117500305175781,497600,2009,11,12,4,14560
10.852499961853027,11.1850004196167,11.15250015258789,11.1850004196167,646000,2009,11,13,5,14561
11.227499961853027,11.5,11.227499961853027,11.482500076293945,428400,2009,11,16,1,14564
11.397500038146973,11.602499961853027,11.467499732971191,11.59000015258789,306000,2009,11,17,2,14565
11.617500305175781,11.772500038146973,11.617500305175781,11.757499694824219,285600,2009,11,18,3,14566
11.555000305175781,11.782500267028809,11.720000267028809,11.614999771118164,345200,2009,11,19,4,14567
11.517499923706055,11.657500267028809,11.532500267028809,11.6225004196167,213600,2009,11,20,5,14568
11.7475004196167,11.932499885559082,11.7475004196167,11.84000015258789,220400,2009,11,23,1,14571
11.649999618530273,11.875,11.875,11.792499542236328,266400,2009,11,24,2,14572
11.625,11.862500190734863,11.835000038146973,11.635000228881836,308000,2009,11,25,3,14573
11.302499771118164,11.640000343322754,11.352499961853027,11.5649995803833,248800,2009,11,27,5,14575
11.225000381469727,11.632499694824219,11.470000267028809,11.6225004196167,860800,2009,11,30,1,14578
11.545000076293945,11.697500228881836,11.647500038146973,11.632499694824219,717200,2009,12,1,2,14579
11.567500114440918,11.869999885559082,11.675000190734863,11.625,378000,2009,12,2,3,14580
11.462499618530273,11.75,11.6850004196167,11.5,400400,2009,12,3,4,14581
11.510000228881836,11.772500038146973,11.582500457763672,11.755000114440918,346400,2009,12,4,5,14582
11.762499809265137,11.899999618530273,11.787500381469727,11.789999961853027,232000,2009,12,7,1,14585
11.729999542236328,11.982500076293945,11.755000114440918,11.8774995803833,284800,2009,12,8,2,14586
11.7524995803833,11.942500114440918,11.920000076293945,11.8725004196167,132800,2009,12,9,3,14587
11.72249984741211,11.987500190734863,11.880000114440918,11.802499771118164,244800,2009,12,10,4,14588
11.645000457763672,11.914999961853027,11.805000305175781,11.807499885559082,123200,2009,12,11,5,14589
11.782500267028809,11.920000076293945,11.835000038146973,11.920000076293945,206800,2009,12,14,1,14592
11.717499732971191,11.875,11.859999656677246,11.762499809265137,265600,2009,12,15,2,14593
11.742500305175781,11.887499809265137,11.845000267028809,11.862500190734863,162800,2009,12,16,3,14594
11.609999656677246,11.890000343322754,11.827500343322754,11.704999923706055,204800,2009,12,17,4,14595
11.732500076293945,11.880000114440918,11.767499923706055,11.819999694824219,1132000,2009,12,18,5,14596
11.845000267028809,12.460000038146973,11.845000267028809,12.4350004196167,486400,2009,12,21,1,14599
12.414999961853027,12.819999694824219,12.417499542236328,12.670000076293945,350400,2009,12,22,2,14600
12.630000114440918,12.8100004196167,12.72249984741211,12.72249984741211,238800,2009,12,23,3,14601
12.6899995803833,12.787500381469727,12.762499809265137,12.729999542236328,57600,2009,12,24,4,14602
12.65250015258789,12.762499809265137,12.732500076293945,12.707500457763672,177200,2009,12,28,1,14606
12.6850004196167,12.8149995803833,12.75,12.792499542236328,353200,2009,12,29,2,14607
12.619999885559082,12.782500267028809,12.782500267028809,12.710000038146973,235200,2009,12,30,3,14608
12.482500076293945,12.795000076293945,12.742500305175781,12.5,275200,2009,12,31,4,14609
12.550000190734863,12.662500381469727,12.587499618530273,12.649999618530273,261600,2010,1,4,1,14613
12.4975004196167,13.037500381469727,12.640000343322754,12.697500228881836,493200,2010,1,5,2,14614
12.672499656677246,13.057499885559082,12.72249984741211,12.774999618530273,310800,2010,1,6,3,14615
12.557499885559082,12.852499961853027,12.774999618530273,12.712499618530273,165600,2010,1,7,4,14616
12.542499542236328,12.670000076293945,12.65250015258789,12.602499961853027,150800,2010,1,8,5,14617
12.537500381469727,12.772500038146973,12.625,12.614999771118164,172400,2010,1,11,1,14620
12.552499771118164,12.772500038146973,12.5625,12.640000343322754,182400,2010,1,12,2,14621
12.604999542236328,12.742500305175781,12.645000457763672,12.667499542236328,180000,2010,1,13,3,14622
12.604999542236328,12.77750015258789,12.667499542236328,12.635000228881836,196800,2010,1,14,4,14623
12.417499542236328,12.65999984741211,12.65999984741211,12.4975004196167,459200,2010,1,15,5,14624
12.482500076293945,12.699999809265137,12.557499885559082,12.574999809265137,594800,2010,1,19,2,14628
12.2524995803833,12.517499923706055,12.489999771118164,12.367500305175781,394400,2010,1,20,3,14629
12.25,12.4375,12.422499656677246,12.335000038146973,324400,2010,1,21,4,14630
12.085000038146973,12.425000190734863,12.375,12.114999771118164,367200,2010,1,22,5,14631
12.109999656677246,12.21500015258789,12.1875,12.142499923706055,372800,2010,1,25,1,14634
11.892499923706055,12.104999542236328,12.09749984741211,12.050000190734863,265200,2010,1,26,2,14635
12.012499809265137,12.119999885559082,12.012499809265137,12.117500305175781,340800,2010,1,27,3,14636
11.96500015258789,12.147500038146973,12.147500038146973,11.967499732971191,320800,2010,1,28,4,14637
11.930000305175781,12.069999694824219,12.017499923706055,11.96500015258789,288000,2010,1,29,5,14638
11.962499618530273,12.022500038146973,11.97249984741211,12.020000457763672,402000,2010,2,1,1,14641
11.944999694824219,12.069999694824219,11.9975004196167,11.9975004196167,238000,2010,2,2,2,14642
11.97249984741211,12.095000267028809,11.9975004196167,12.042499542236328,254400,2010,2,3,3,14643
12.6274995803833,13.140000343322754,12.6274995803833,12.927499771118164,850800,2010,2,4,4,14644
12.970000267028809,13.619999885559082,13.017499923706055,13.489999771118164,1924000,2010,2,5,5,14645
13.444999694824219,13.857500076293945,13.59749984741211,13.4975004196167,1419600,2010,2,8,1,14648
13.5,13.720000267028809,13.595000267028809,13.637499809265137,1064800,2010,2,9,2,14649
13.585000038146973,13.729999542236328,13.585000038146973,13.707500457763672,504400,2010,2,10,3,14650
13.600000381469727,14.012499809265137,13.710000038146973,13.927499771118164,401200,2010,2,11,4,14651
13.807499885559082,14.020000457763672,13.807499885559082,13.942500114440918,348800,2010,2,12,5,14652
13.854999542236328,14.082500457763672,14.057499885559082,14.032500267028809,667200,2010,2,16,2,14656
14.029999732971191,14.3149995803833,14.029999732971191,14.307499885559082,593200,2010,2,17,3,14657
14.227499961853027,14.34749984741211,14.322500228881836,14.335000038146973,331600,2010,2,18,4,14658
14.197500228881836,14.417499542236328,14.274999618530273,14.362500190734863,351200,2010,2,19,5,14659
14.234999656677246,14.59749984741211,14.25,14.512499809265137,843200,2010,2,22,1,14662
14.467499732971191,14.59000015258789,14.467499732971191,14.5,609600,2010,2,23,2,14663
14.420000076293945,14.5625,14.5,14.515000343322754,369600,2010,2,24,3,14664
14.357500076293945,14.52750015258789,14.395000457763672,14.404999732971191,428400,2010,2,25,4,14665
14.352499961853027,14.5625,14.457500457763672,14.395000457763672,294800,2010,2,26,5,14666
14.430000305175781,15.114999771118164,14.467499732971191,14.84749984741211,1070400,2010,3,1,1,14669
14.845000267028809,15.197500228881836,14.930000305175781,15.082500457763672,1426400,2010,3,2,2,14670
14.944999694824219,15.182499885559082,15.0600004196167,15.022500038146973,527200,2010,3,3,3,14671
14.947500228881836,15.082500457763672,15.017499923706055,15.037500381469727,316800,2010,3,4,4,14672
15.039999961853027,15.132499694824219,15.0600004196167,15.09000015258789,426400,2010,3,5,5,14673
14.8725004196167,15.154999732971191,15.09000015258789,14.917499542236328,268400,2010,3,8,1,14676
14.869999885559082,15.332500457763672,14.917499542236328,15.3149995803833,806800,2010,3,9,2,14677
15.295000076293945,15.449999809265137,15.329999923706055,15.357500076293945,413200,2010,3,10,3,14678
15.175000190734863,15.414999961853027,15.272500038146973,15.399999618530273,166800,2010,3,11,4,14679
15.142499923706055,15.4975004196167,15.4975004196167,15.270000457763672,248800,2010,3,12,5,14680
15.0600004196167,15.260000228881836,15.202500343322754,15.172499656677246,272800,2010,3,15,1,14683
14.977499961853027,15.262499809265137,15.162500381469727,15.207500457763672,278000,2010,3,16,2,14684
15.232500076293945,15.444999694824219,15.255000114440918,15.329999923706055,274000,2010,3,17,3,14685
15.175000190734863,15.420000076293945,15.28499984741211,15.1875,162000,2010,3,18,4,14686
15.045000076293945,15.255000114440918,15.125,15.125,326400,2010,3,19,5,14687
15.03499984741211,15.407500267028809,15.067500114440918,15.364999771118164,396000,2010,3,22,1,14690
15.242500305175781,15.4975004196167,15.335000038146973,15.482500076293945,380000,2010,3,23,2,14691
15.172499656677246,15.5024995803833,15.40999984741211,15.1875,212800,2010,3,24,3,14692
15.052499771118164,15.5024995803833,15.182499885559082,15.192500114440918,351200,2010,3,25,4,14693
15.237500190734863,15.46500015258789,15.237500190734863,15.3149995803833,302400,2010,3,26,5,14694
15.03499984741211,15.3100004196167,15.3100004196167,15.125,281600,2010,3,29,1,14697
15.095000267028809,15.407500267028809,15.095000267028809,15.317500114440918,236400,2010,3,30,2,14698
15.172499656677246,15.4975004196167,15.210000038146973,15.232500076293945,296000,2010,3,31,3,14699
15.069999694824219,15.367500305175781,15.182499885559082,15.220000267028809,261200,2010,4,1,4,14700
15.119999885559082,15.457500457763672,15.21500015258789,15.27750015258789,155600,2010,4,5,1,14704
15.182499885559082,15.369999885559082,15.182499885559082,15.295000076293945,173600,2010,4,6,2,14705
15.212499618530273,15.40250015258789,15.329999923706055,15.387499809265137,365600,2010,4,7,3,14706
15.237500190734863,15.550000190734863,15.467499732971191,15.46500015258789,214800,2010,4,8,4,14707
15.380000114440918,15.595000267028809,15.414999961853027,15.579999923706055,225200,2010,4,9,5,14708
15.422499656677246,15.59749984741211,15.537500381469727,15.582500457763672,264400,2010,4,12,1,14711
15.407500267028809,15.65250015258789,15.510000228881836,15.649999618530273,212800,2010,4,13,2,14712
15.630000114440918,15.859999656677246,15.664999961853027,15.859999656677246,200400,2010,4,14,3,14713
15.78499984741211,16.13249969482422,15.864999771118164,16.037500381469727,491200,2010,4,15,4,14714
15.875,16.079999923706055,16.047500610351562,15.922499656677246,310400,2010,4,16,5,14715
15.75,15.989999771118164,15.920000076293945,15.90999984741211,407200,2010,4,19,1,14718
15.84000015258789,15.960000038146973,15.914999961853027,15.914999961853027,997600,2010,4,20,2,14719
15.842499732971191,15.984999656677246,15.899999618530273,15.96500015258789,550000,2010,4,21,3,14720
15.757499694824219,15.9975004196167,15.90999984741211,15.984999656677246,464800,2010,4,22,4,14721
15.84749984741211,16.22249984741211,15.96500015258789,16.202499389648438,379200,2010,4,23,5,14722
16.142499923706055,16.302499771118164,16.237499237060547,16.18000030517578,266800,2010,4,26,1,14725
15.854999542236328,16.272499084472656,16.1875,15.880000114440918,971200,2010,4,27,2,14726
15.797499656677246,16.049999237060547,15.927499771118164,15.907500267028809,216400,2010,4,28,3,14727
15.755000114440918,16.1924991607666,15.949999809265137,16.155000686645508,647600,2010,4,29,4,14728
15.477499961853027,16.184999465942383,16.1825008392334,15.477499961853027,471200,2010,4,30,5,14729
15.109999656677246,15.619999885559082,15.577500343322754,15.585000038146973,431600,2010,5,3,1,14732
15.257499694824219,15.5024995803833,15.5024995803833,15.387499809265137,283600,2010,5,4,2,14733
15.112500190734863,15.422499656677246,15.305000305175781,15.180000305175781,326000,2010,5,5,3,14734
14.75,15.817500114440918,15.154999732971191,15.197500228881836,750400,2010,5,6,4,14735
14.25,15.207500457763672,15.202500343322754,14.8125,1407600,2010,5,7,5,14736
15.032500267028809,15.354999542236328,15.132499694824219,15.175000190734863,413200,2010,5,10,1,14739
15.037500381469727,15.699999809265137,15.072500228881836,15.5024995803833,446800,2010,5,11,2,14740
15.287500381469727,15.692500114440918,15.46500015258789,15.604999542236328,284400,2010,5,12,3,14741
15.470000267028809,15.662500381469727,15.569999694824219,15.577500343322754,432400,2010,5,13,4,14742
15.47249984741211,15.612500190734863,15.572500228881836,15.592499732971191,415600,2010,5,14,5,14743
15.517499923706055,15.90999984741211,15.619999885559082,15.694999694824219,651600,2010,5,17,1,14746
15.612500190734863,15.842499732971191,15.837499618530273,15.637499809265137,455600,2010,5,18,2,14747
15.444999694824219,15.675000190734863,15.630000114440918,15.619999885559082,453600,2010,5,19,3,14748
14.885000228881836,15.444999694824219,15.352499961853027,14.887499809265137,598800,2010,5,20,4,14749
14.545000076293945,15.039999961853027,14.6875,14.984999656677246,555200,2010,5,21,5,14750
14.882499694824219,15.029999732971191,14.932499885559082,14.9375,335600,2010,5,24,1,14753
14.699999809265137,14.992500305175781,14.699999809265137,14.949999809265137,574000,2010,5,25,2,14754
14.842499732971191,15.154999732971191,15.0,14.862500190734863,952400,2010,5,26,3,14755
14.957500457763672,15.175000190734863,15.085000038146973,15.157500267028809,229200,2010,5,27,4,14756
14.8725004196167,15.242500305175781,15.220000267028809,14.975000381469727,286000,2010,5,28,5,14757
14.729999542236328,15.125,14.912500381469727,14.75,314000,2010,6,1,2,14761
14.675000190734863,15.0600004196167,14.782500267028809,15.050000190734863,598000,2010,6,2,3,14762
15.042499542236328,15.5,15.154999732971191,15.4399995803833,292000,2010,6,3,4,14763
14.760000228881836,15.204999923706055,15.199999809265137,14.807499885559082,275600,2010,6,4,5,14764
14.430000305175781,14.880000114440918,14.824999809265137,14.449999809265137,345600,2010,6,7,1,14767
14.382499694824219,14.552499771118164,14.484999656677246,14.484999656677246,312000,2010,6,8,2,14768
14.390000343322754,14.645000457763672,14.5600004196167,14.492500305175781,368400,2010,6,9,3,14769
14.625,15.047499656677246,14.720000267028809,15.042499542236328,320400,2010,6,10,4,14770
14.824999809265137,15.085000038146973,14.922499656677246,15.085000038146973,191200,2010,6,11,5,14771
15.052499771118164,15.332500457763672,15.242500305175781,15.109999656677246,256800,2010,6,14,1,14774
15.005000114440918,15.229999542236328,15.112500190734863,15.199999809265137,360400,2010,6,15,2,14775
15.050000190734863,15.302499771118164,15.100000381469727,15.260000228881836,227600,2010,6,16,3,14776
15.135000228881836,15.359999656677246,15.317500114440918,15.287500381469727,216000,2010,6,17,4,14777
15.175000190734863,15.399999618530273,15.342499732971191,15.354999542236328,444800,2010,6,18,5,14778
15.345000267028809,15.864999771118164,15.510000228881836,15.430000305175781,628000,2010,6,21,1,14781
15.107500076293945,15.702500343322754,15.522500038146973,15.135000228881836,382800,2010,6,22,2,14782
14.979999542236328,15.227499961853027,15.135000228881836,15.130000114440918,310000,2010,6,23,3,14783
14.890000343322754,15.119999885559082,15.052499771118164,14.90999984741211,205200,2010,6,24,4,14784
14.850000381469727,15.09749984741211,14.977499961853027,14.9375,673600,2010,6,25,5,14785
14.8725004196167,15.0600004196167,14.9399995803833,14.994999885559082,260400,2010,6,28,1,14788
14.524999618530273,14.8774995803833,14.8774995803833,14.59749984741211,436800,2010,6,29,2,14789
14.4350004196167,14.739999771118164,14.632499694824219,14.467499732971191,269600,2010,6,30,3,14790
14.207500457763672,14.462499618530273,14.442500114440918,14.3100004196167,400400,2010,7,1,4,14791
14.257499694824219,14.449999809265137,14.414999961853027,14.3725004196167,279600,2010,7,2,5,14792
14.100000381469727,14.614999771118164,14.460000038146973,14.220000267028809,724800,2010,7,6,2,14796
14.167499542236328,14.40999984741211,14.227499961853027,14.382499694824219,438800,2010,7,7,3,14797
14.460000038146973,14.640000343322754,14.477499961853027,14.574999809265137,268400,2010,7,8,4,14798
14.492500305175781,14.664999961853027,14.582500457763672,14.635000228881836,218400,2010,7,9,5,14799
14.460000038146973,14.692500114440918,14.6225004196167,14.647500038146973,312000,2010,7,12,1,14802
14.547499656677246,15.25,14.789999961853027,15.207500457763672,492800,2010,7,13,2,14803
14.987500190734863,15.197500228881836,15.197500228881836,15.104999542236328,224800,2010,7,14,3,14804
14.8125,15.130000114440918,15.125,15.007499694824219,232400,2010,7,15,4,14805
14.457500457763672,14.942500114440918,14.942500114440918,14.467499732971191,342400,2010,7,16,5,14806
14.479999542236328,14.729999542236328,14.494999885559082,14.6875,238400,2010,7,19,1,14809
14.432499885559082,14.84000015258789,14.53499984741211,14.835000038146973,299600,2010,7,20,2,14810
14.630000114440918,14.949999809265137,14.949999809265137,14.637499809265137,276400,2010,7,21,3,14811
14.760000228881836,14.994999885559082,14.829999923706055,14.917499542236328,657600,2010,7,22,4,14812
14.72249984741211,15.267499923706055,14.867500305175781,15.202500343322754,328800,2010,7,23,5,14813
15.119999885559082,15.4350004196167,15.292499542236328,15.420000076293945,383600,2010,7,26,1,14816
15.28499984741211,15.5625,15.4975004196167,15.385000228881836,344000,2010,7,27,2,14817
15.09749984741211,15.484999656677246,15.385000228881836,15.130000114440918,258000,2010,7,28,3,14818
14.779999732971191,15.354999542236328,15.25,15.020000457763672,234000,2010,7,29,4,14819
14.767499923706055,15.154999732971191,14.869999885559082,15.047499656677246,295600,2010,7,30,5,14820
15.012499809265137,15.342499732971191,15.22249984741211,15.1274995803833,297200,2010,8,2,1,14823
14.829999923706055,15.182499885559082,15.067500114440918,14.942500114440918,366000,2010,8,3,2,14824
14.904999732971191,15.232500076293945,14.949999809265137,15.137499809265137,362800,2010,8,4,3,14825
14.25,15.09749984741211,14.4375,14.739999771118164,448800,2010,8,5,4,14826
14.515000343322754,14.782500267028809,14.585000038146973,14.625,710400,2010,8,6,5,14827
14.702500343322754,15.015000343322754,14.725000381469727,14.854999542236328,594800,2010,8,9,1,14830
14.5024995803833,14.875,14.734999656677246,14.737500190734863,453600,2010,8,10,2,14831
14.267499923706055,14.532500267028809,14.512499809265137,14.292499542236328,617200,2010,8,11,3,14832
13.862500190734863,14.300000190734863,13.862500190734863,14.057499885559082,834800,2010,8,12,4,14833
13.979999542236328,14.227499961853027,14.050000190734863,14.050000190734863,546400,2010,8,13,5,14834
13.975000381469727,14.319999694824219,13.975000381469727,14.232500076293945,361600,2010,8,16,1,14837
14.317500114440918,14.727499961853027,14.375,14.579999923706055,336400,2010,8,17,2,14838
14.397500038146973,14.642499923706055,14.567500114440918,14.4975004196167,438800,2010,8,18,3,14839
14.170000076293945,14.494999885559082,14.425000190734863,14.28499984741211,394800,2010,8,19,4,14840
14.125,14.34000015258789,14.227499961853027,14.327500343322754,252800,2010,8,20,5,14841
14.079999923706055,14.407500267028809,14.399999618530273,14.147500038146973,340800,2010,8,23,1,14844
13.925000190734863,14.210000038146973,13.992500305175781,14.015000343322754,398000,2010,8,24,2,14845
13.96500015258789,14.237500190734863,13.96500015258789,14.072500228881836,807200,2010,8,25,3,14846
13.917499542236328,14.244999885559082,14.082500457763672,13.930000305175781,424000,2010,8,26,4,14847
13.760000228881836,14.037500381469727,14.020000457763672,13.9399995803833,548800,2010,8,27,5,14848
13.552499771118164,13.885000228881836,13.885000228881836,13.5600004196167,908000,2010,8,30,1,14851
13.380000114440918,13.6225004196167,13.5,13.427499771118164,680000,2010,8,31,2,14852
13.510000228881836,13.832500457763672,13.607500076293945,13.632499694824219,537200,2010,9,1,3,14853
13.635000228881836,13.8774995803833,13.694999694824219,13.829999923706055,229200,2010,9,2,4,14854
13.912500381469727,14.177499771118164,13.960000038146973,14.114999771118164,219600,2010,9,3,5,14855
14.012499809265137,14.119999885559082,14.079999923706055,14.082500457763672,303200,2010,9,7,2,14859
13.907500267028809,14.15250015258789,14.112500190734863,13.979999542236328,206000,2010,9,8,3,14860
13.845000267028809,14.15999984741211,14.132499694824219,13.989999771118164,190000,2010,9,9,4,14861
13.927499771118164,14.135000228881836,14.029999732971191,14.015000343322754,126400,2010,9,10,5,14862
14.015000343322754,14.225000381469727,14.145000457763672,14.202500343322754,292800,2010,9,13,1,14865
14.145000457763672,14.350000381469727,14.204999923706055,14.217499732971191,224800,2010,9,14,2,14866
14.017499923706055,14.3725004196167,14.197500228881836,14.324999809265137,323600,2010,9,15,3,14867
14.130000114440918,14.397500038146973,14.3125,14.225000381469727,158800,2010,9,16,4,14868
14.192500114440918,14.477499961853027,14.345000267028809,14.34000015258789,385200,2010,9,17,5,14869
14.380000114440918,14.899999618530273,14.417499542236328,14.859999656677246,540400,2010,9,20,1,14872
14.765000343322754,15.032500267028809,14.890000343322754,14.797499656677246,305600,2010,9,21,2,14873
14.487500190734863,14.850000381469727,14.765000343322754,14.682499885559082,259200,2010,9,22,3,14874
14.489999771118164,14.772500038146973,14.585000038146973,14.510000228881836,298800,2010,9,23,4,14875
14.677499771118164,14.90999984741211,14.694999694824219,14.90999984741211,227600,2010,9,24,5,14876
14.635000228881836,14.947500228881836,14.90999984741211,14.920000076293945,315600,2010,9,27,1,14879
14.789999961853027,15.117500305175781,14.984999656677246,15.09749984741211,330400,2010,9,28,2,14880
15.022500038146973,15.3774995803833,15.022500038146973,15.3100004196167,316400,2010,9,29,3,14881
15.2524995803833,15.460000038146973,15.417499542236328,15.395000457763672,481600,2010,9,30,4,14882
15.1274995803833,15.397500038146973,15.362500190734863,15.270000457763672,302800,2010,10,1,5,14883
14.8725004196167,15.262499809265137,15.192500114440918,15.09000015258789,344800,2010,10,4,1,14886
15.210000038146973,15.324999809265137,15.234999656677246,15.319999694824219,307600,2010,10,5,2,14887
15.175000190734863,15.305000305175781,15.27750015258789,15.257499694824219,462400,2010,10,6,3,14888
15.305000305175781,15.507499694824219,15.3774995803833,15.4350004196167,252800,2010,10,7,4,14889
15.242500305175781,15.520000457763672,15.47249984741211,15.4399995803833,283600,2010,10,8,5,14890
15.337499618530273,15.449999809265137,15.427499771118164,15.3725004196167,226000,2010,10,11,1,14893
15.237500190734863,15.422499656677246,15.345000267028809,15.390000343322754,127600,2010,10,12,2,14894
15.40250015258789,15.52750015258789,15.449999809265137,15.460000038146973,444400,2010,10,13,3,14895
15.412500381469727,15.649999618530273,15.46500015258789,15.614999771118164,303600,2010,10,14,4,14896
15.662500381469727,15.829999923706055,15.675000190734863,15.737500190734863,318000,2010,10,15,5,14897
15.609999656677246,15.904999732971191,15.800000190734863,15.869999885559082,169600,2010,10,18,1,14900
15.302499771118164,15.757499694824219,15.699999809265137,15.404999732971191,484000,2010,10,19,2,14901
15.317500114440918,15.505000114440918,15.475000381469727,15.352499961853027,336000,2010,10,20,3,14902
15.15250015258789,15.59749984741211,15.47249984741211,15.295000076293945,236800,2010,10,21,4,14903
15.149999618530273,15.292499542236328,15.292499542236328,15.262499809265137,230000,2010,10,22,5,14904
15.22249984741211,15.460000038146973,15.22249984741211,15.25,190000,2010,10,25,1,14907
15.125,15.359999656677246,15.149999618530273,15.210000038146973,231200,2010,10,26,2,14908
14.927499771118164,15.1875,15.149999618530273,15.135000228881836,217600,2010,10,27,3,14909
14.882499694824219,15.3125,15.25,14.975000381469727,212400,2010,10,28,4,14910
14.9399995803833,15.204999923706055,14.984999656677246,15.157500267028809,184400,2010,10,29,5,14911
14.717499732971191,15.274999618530273,15.164999961853027,14.827500343322754,228000,2010,11,1,1,14914
14.97249984741211,15.274999618530273,14.97249984741211,15.265000343322754,227200,2010,11,2,2,14915
15.194999694824219,15.4350004196167,15.234999656677246,15.375,131200,2010,11,3,3,14916
15.53499984741211,15.795000076293945,15.5625,15.604999542236328,247600,2010,11,4,4,14917
15.3725004196167,15.734999656677246,15.672499656677246,15.637499809265137,182000,2010,11,5,5,14918
15.579999923706055,15.744999885559082,15.579999923706055,15.720000267028809,146400,2010,11,8,1,14921
15.220000267028809,15.760000228881836,15.742500305175781,15.28499984741211,306400,2010,11,9,2,14922
15.274999618530273,15.642499923706055,15.34000015258789,15.587499618530273,263200,2010,11,10,3,14923
14.4375,15.617500305175781,15.494999885559082,14.729999542236328,366000,2010,11,11,4,14924
14.53499984741211,15.170000076293945,14.604999542236328,15.069999694824219,602000,2010,11,12,5,14925
15.074999809265137,15.46500015258789,15.154999732971191,15.142499923706055,219600,2010,11,15,1,14928
14.897500038146973,15.114999771118164,15.022500038146973,15.100000381469727,367200,2010,11,16,2,14929
14.967499732971191,15.167499542236328,15.15250015258789,15.024999618530273,446000,2010,11,17,3,14930
15.072500228881836,15.420000076293945,15.132499694824219,15.162500381469727,455200,2010,11,18,4,14931
15.1274995803833,15.375,15.167499542236328,15.202500343322754,264000,2010,11,19,5,14932
15.012499809265137,15.265000343322754,15.135000228881836,15.237500190734863,168000,2010,11,22,1,14935
14.767499923706055,15.145000457763672,15.1225004196167,15.085000038146973,346000,2010,11,23,2,14936
15.202500343322754,15.555000305175781,15.239999771118164,15.467499732971191,283200,2010,11,24,3,14937
15.317500114440918,15.5600004196167,15.397500038146973,15.470000267028809,66000,2010,11,26,5,14939
14.977499961853027,15.34749984741211,15.34749984741211,15.227499961853027,285200,2010,11,29,1,14942
15.022500038146973,15.272500038146973,15.104999542236328,15.175000190734863,350800,2010,11,30,2,14943
15.430000305175781,15.642499923706055,15.449999809265137,15.642499923706055,457200,2010,12,1,3,14944
15.632499694824219,15.97249984741211,15.682499885559082,15.97249984741211,252800,2010,12,2,4,14945
15.829999923706055,16.15999984741211,15.927499771118164,16.114999771118164,300000,2010,12,3,5,14946
16.012500762939453,16.232500076293945,16.030000686645508,16.227500915527344,230800,2010,12,6,1,14949
16.197500228881836,16.375,16.25,16.262500762939453,235200,2010,12,7,2,14950
16.28499984741211,16.5625,16.350000381469727,16.5,324800,2010,12,8,3,14951
16.34000015258789,16.61750030517578,16.61750030517578,16.4950008392334,207600,2010,12,9,4,14952
16.4375,16.6825008392334,16.549999237060547,16.627500534057617,172800,2010,12,10,5,14953
16.362499237060547,16.6875,16.6875,16.362499237060547,327600,2010,12,13,1,14956
16.412500381469727,16.625,16.4325008392334,16.59749984741211,158000,2010,12,14,2,14957
16.502500534057617,16.764999389648438,16.592500686645508,16.575000762939453,188000,2010,12,15,3,14958
16.475000381469727,16.770000457763672,16.610000610351562,16.75749969482422,272000,2010,12,16,4,14959
16.422500610351562,16.860000610351562,16.764999389648438,16.860000610351562,552800,2010,12,17,5,14960
16.625,16.877500534057617,16.877500534057617,16.797500610351562,275600,2010,12,20,1,14963
16.770000457763672,16.940000534057617,16.907499313354492,16.90250015258789,229200,2010,12,21,2,14964
16.8075008392334,17.0,16.975000381469727,16.8174991607666,224000,2010,12,22,3,14965
16.357500076293945,16.90250015258789,16.8075008392334,16.584999084472656,286000,2010,12,23,4,14966
16.5,16.834999084472656,16.517499923706055,16.787500381469727,70000,2010,12,27,1,14970
16.607500076293945,16.864999771118164,16.842500686645508,16.809999465942383,160800,2010,12,28,2,14971
16.645000457763672,16.875,16.875,16.737499237060547,122000,2010,12,29,3,14972
16.667499542236328,16.8125,16.697500228881836,16.69499969482422,65200,2010,12,30,4,14973
16.395000457763672,16.65999984741211,16.622499465942383,16.395000457763672,174400,2010,12,31,5,14974
16.485000610351562,16.709999084472656,16.517499923706055,16.584999084472656,248000,2011,1,3,1,14977
16.145000457763672,16.670000076293945,16.65999984741211,16.27750015258789,310000,2011,1,4,2,14978
16.19499969482422,16.420000076293945,16.227500915527344,16.387500762939453,249600,2011,1,5,3,14979
15.987500190734863,16.457500457763672,16.457500457763672,16.114999771118164,382400,2011,1,6,4,14980
15.757499694824219,16.1875,16.1875,15.920000076293945,451600,2011,1,7,5,14981
15.625,16.09749984741211,15.899999618530273,16.02750015258789,414800,2011,1,10,1,14984
16.125,16.530000686645508,16.139999389648438,16.287500381469727,539600,2011,1,11,2,14985
16.125,16.467500686645508,16.40999984741211,16.18000030517578,207600,2011,1,12,3,14986
16.104999542236328,16.282499313354492,16.232500076293945,16.212499618530273,254400,2011,1,13,4,14987
16.112499237060547,16.639999389648438,16.225000381469727,16.587499618530273,284000,2011,1,14,5,14988
16.3700008392334,16.702499389648438,16.600000381469727,16.475000381469727,209200,2011,1,18,2,14992
16.100000381469727,16.549999237060547,16.43000030517578,16.127500534057617,383200,2011,1,19,3,14993
16.037500381469727,16.30500030517578,16.037500381469727,16.22249984741211,314000,2011,1,20,4,14994
16.162500381469727,16.362499237060547,16.332500457763672,16.172500610351562,336800,2011,1,21,5,14995
16.22249984741211,16.50749969482422,16.22249984741211,16.440000534057617,200800,2011,1,24,1,14998
16.237499237060547,16.422500610351562,16.332500457763672,16.375,276800,2011,1,25,2,14999
16.315000534057617,16.625,16.469999313354492,16.575000762939453,356000,2011,1,26,3,15000
16.56999969482422,17.072500228881836,16.59000015258789,16.97249984741211,751200,2011,1,27,4,15001
16.735000610351562,16.977500915527344,16.917499542236328,16.832500457763672,666000,2011,1,28,5,15002
16.787500381469727,17.030000686645508,16.790000915527344,16.962499618530273,408000,2011,1,31,1,15005
16.962499618530273,17.149999618530273,17.012500762939453,17.100000381469727,378400,2011,2,1,2,15006
17.102500915527344,17.270000457763672,17.104999542236328,17.217500686645508,330000,2011,2,2,3,15007
16.857500076293945,17.295000076293945,17.127500534057617,17.200000762939453,304400,2011,2,3,4,15008
17.0,17.447500228881836,17.235000610351562,17.309999465942383,330000,2011,2,4,5,15009
17.282499313354492,17.489999771118164,17.352500915527344,17.482500076293945,484800,2011,2,7,1,15012
17.385000228881836,17.662500381469727,17.450000762939453,17.622499465942383,402000,2011,2,8,2,15013
17.5,17.63249969482422,17.552499771118164,17.53499984741211,351200,2011,2,9,3,15014
17.467500686645508,17.667499542236328,17.467500686645508,17.5674991607666,280400,2011,2,10,4,15015
17.40999984741211,17.8125,17.5,17.80500030517578,266000,2011,2,11,5,15016
17.7549991607666,17.857500076293945,17.782499313354492,17.857500076293945,364800,2011,2,14,1,15019
17.68000030517578,18.030000686645508,17.772499084472656,17.985000610351562,726400,2011,2,15,2,15020
18.0625,18.287500381469727,18.087499618530273,18.1875,598000,2011,2,16,3,15021
18.100000381469727,18.280000686645508,18.155000686645508,18.247499465942383,288800,2011,2,17,4,15022
18.272499084472656,18.799999237060547,18.292499542236328,18.75,755200,2011,2,18,5,15023
18.405000686645508,18.625,18.625,18.477500915527344,614800,2011,2,22,2,15027
18.145000457763672,18.517499923706055,18.517499923706055,18.1924991607666,480800,2011,2,23,3,15028
18.15250015258789,18.360000610351562,18.247499465942383,18.297500610351562,457600,2011,2,24,4,15029
18.227500915527344,18.459999084472656,18.25,18.459999084472656,478800,2011,2,25,5,15030
18.357500076293945,18.559999465942383,18.549999237060547,18.5,382800,2011,2,28,1,15033
18.072500228881836,18.53499984741211,18.512500762939453,18.19499969482422,508800,2011,3,1,2,15034
18.037500381469727,18.334999084472656,18.145000457763672,18.167499542236328,379600,2011,3,2,3,15035
18.237499237060547,18.887500762939453,18.344999313354492,18.885000228881836,749600,2011,3,3,4,15036
18.625,18.895000457763672,18.887500762939453,18.842500686645508,536400,2011,3,4,5,15037
18.46500015258789,18.872499465942383,18.872499465942383,18.604999542236328,459600,2011,3,7,1,15040
18.497499465942383,19.0674991607666,18.572500228881836,19.002500534057617,422800,2011,3,8,2,15041
18.852500915527344,19.0575008392334,18.987499237060547,19.0,434800,2011,3,9,3,15042
18.30500030517578,18.802499771118164,18.802499771118164,18.3799991607666,384000,2011,3,10,4,15043
18.25,18.517499923706055,18.25,18.452499389648438,308800,2011,3,11,5,15044
18.147499084472656,18.524999618530273,18.225000381469727,18.364999771118164,289600,2011,3,14,1,15047
17.8700008392334,18.25,17.912500381469727,18.147499084472656,457600,2011,3,15,2,15048
18.017499923706055,18.612499237060547,18.042499542236328,18.475000381469727,677600,2011,3,16,3,15049
18.2549991607666,18.657499313354492,18.657499313354492,18.454999923706055,551600,2011,3,17,4,15050
18.420000076293945,18.735000610351562,18.549999237060547,18.704999923706055,526800,2011,3,18,5,15051
18.887500762939453,19.399999618530273,18.905000686645508,19.397499084472656,307600,2011,3,21,1,15054
19.389999389648438,19.55500030517578,19.389999389648438,19.530000686645508,376400,2011,3,22,2,15055
19.1924991607666,19.537500381469727,19.5049991607666,19.5,260800,2011,3,23,3,15056
19.34749984741211,19.594999313354492,19.594999313354492,19.55500030517578,220000,2011,3,24,4,15057
19.6200008392334,20.030000686645508,19.627500534057617,19.799999237060547,290400,2011,3,25,5,15058
19.712499618530273,19.905000686645508,19.815000534057617,19.747499465942383,206800,2011,3,28,1,15061
19.72249984741211,20.0049991607666,19.787500381469727,19.93000030517578,187600,2011,3,29,2,15062
19.905000686645508,20.059999465942383,20.024999618530273,20.045000076293945,258800,2011,3,30,3,15063
20.0575008392334,20.3125,20.0575008392334,20.292499542236328,299200,2011,3,31,4,15064
20.3125,20.707500457763672,20.315000534057617,20.610000610351562,635600,2011,4,1,5,15065
20.06999969482422,20.702499389648438,20.697500228881836,20.174999237060547,538400,2011,4,4,1,15068
19.9375,20.202499389648438,20.142499923706055,20.0,499200,2011,4,5,2,15069
19.9424991607666,20.13249969482422,20.09749984741211,20.024999618530273,339600,2011,4,6,3,15070
19.889999389648438,20.100000381469727,20.084999084472656,19.950000762939453,234800,2011,4,7,4,15071
19.752500534057617,20.1299991607666,20.075000762939453,19.802499771118164,236400,2011,4,8,5,15072
19.552499771118164,19.899999618530273,19.78499984741211,19.707500457763672,278000,2011,4,11,1,15075
19.424999237060547,19.702499389648438,19.582500457763672,19.47249984741211,219600,2011,4,12,2,15076
19.2450008392334,19.639999389648438,19.607500076293945,19.475000381469727,157600,2011,4,13,3,15077
19.28499984741211,19.5674991607666,19.342500686645508,19.545000076293945,238000,2011,4,14,4,15078
19.415000915527344,19.912500381469727,19.4950008392334,19.889999389648438,332400,2011,4,15,5,15079
19.280000686645508,19.639999389648438,19.614999771118164,19.392499923706055,264000,2011,4,18,1,15082
19.190000534057617,19.502500534057617,19.450000762939453,19.270000457763672,370800,2011,4,19,2,15083
19.475000381469727,19.71500015258789,19.559999465942383,19.712499618530273,158400,2011,4,20,3,15084
19.607500076293945,19.924999237060547,19.875,19.887500762939453,185200,2011,4,21,4,15085
19.612499237060547,19.850000381469727,19.797500610351562,19.780000686645508,202000,2011,4,25,1,15089
19.75,20.1924991607666,19.8174991607666,19.99250030517578,418000,2011,4,26,2,15090
19.857500076293945,20.125,20.114999771118164,20.0674991607666,302000,2011,4,27,3,15091
19.917499542236328,20.139999389648438,20.139999389648438,20.0,179600,2011,4,28,4,15092
19.924999237060547,20.079999923706055,20.049999237060547,19.997499465942383,220000,2011,4,29,5,15093
19.63249969482422,20.06999969482422,20.06999969482422,19.68000030517578,300000,2011,5,2,1,15096
19.267499923706055,19.712499618530273,19.6924991607666,19.475000381469727,252000,2011,5,3,2,15097
19.18000030517578,19.462499618530273,19.44499969482422,19.227500915527344,224000,2011,5,4,3,15098
19.18000030517578,20.44499969482422,19.18000030517578,19.934999465942383,874800,2011,5,5,4,15099
19.834999084472656,20.190000534057617,20.0,19.899999618530273,646000,2011,5,6,5,15100
19.940000534057617,20.987499237060547,19.940000534057617,20.852500915527344,572000,2011,5,9,1,15103
20.877500534057617,21.264999389648438,20.889999389648438,21.229999542236328,363200,2011,5,10,2,15104
20.860000610351562,21.28499984741211,21.13249969482422,21.037500381469727,339600,2011,5,11,3,15105
20.792499542236328,21.147499084472656,20.952499389648438,21.017499923706055,292000,2011,5,12,4,15106
20.842500686645508,21.09000015258789,21.0674991607666,20.907499313354492,260800,2011,5,13,5,15107
20.454999923706055,20.825000762939453,20.825000762939453,20.459999084472656,274400,2011,5,16,1,15110
20.127500534057617,20.454999923706055,20.239999771118164,20.327499389648438,281600,2011,5,17,2,15111
20.225000381469727,20.434999465942383,20.375,20.3174991607666,276000,2011,5,18,3,15112
20.56999969482422,21.174999237060547,20.637500762939453,20.725000381469727,462400,2011,5,19,4,15113
20.387500762939453,20.75749969482422,20.6875,20.662500381469727,395200,2011,5,20,5,15114
20.209999084472656,20.450000762939453,20.3799991607666,20.25749969482422,170000,2011,5,23,1,15117
20.017499923706055,20.332500457763672,20.282499313354492,20.045000076293945,188000,2011,5,24,2,15118
20.012500762939453,20.274999618530273,20.012500762939453,20.217500686645508,199600,2011,5,25,3,15119
19.987499237060547,20.415000915527344,20.139999389648438,20.372499465942383,249200,2011,5,26,4,15120
20.3799991607666,20.61750030517578,20.454999923706055,20.4950008392334,158400,2011,5,27,5,15121
20.565000534057617,20.950000762939453,20.697500228881836,20.950000762939453,519200,2011,5,31,2,15125
20.434999465942383,20.9424991607666,20.922500610351562,20.514999389648438,520000,2011,6,1,3,15126
20.094999313354492,20.510000228881836,20.510000228881836,20.2549991607666,384400,2011,6,2,4,15127
19.892499923706055,20.102500915527344,19.962499618530273,19.99250030517578,627600,2011,6,3,5,15128
19.559999465942383,19.975000381469727,19.975000381469727,19.565000534057617,449200,2011,6,6,1,15131
19.364999771118164,19.672500610351562,19.672500610351562,19.385000228881836,563600,2011,6,7,2,15132
19.082500457763672,19.329999923706055,19.28499984741211,19.18000030517578,319600,2011,6,8,3,15133
19.15999984741211,19.364999771118164,19.207500457763672,19.297500610351562,184800,2011,6,9,4,15134
18.905000686645508,19.200000762939453,19.200000762939453,18.947500228881836,198800,2011,6,10,5,15135
18.707500457763672,19.014999389648438,18.985000610351562,18.9424991607666,302400,2011,6,13,1,15138
19.075000762939453,19.452499389648438,19.110000610351562,19.43000030517578,294400,2011,6,14,2,15139
19.24250030517578,19.524999618530273,19.287500381469727,19.329999923706055,569600,2011,6,15,3,15140
19.149999618530273,19.454999923706055,19.372499465942383,19.420000076293945,463600,2011,6,16,4,15141
19.497499465942383,19.74250030517578,19.545000076293945,19.610000610351562,536000,2011,6,17,5,15142
19.427499771118164,19.77750015258789,19.5575008392334,19.712499618530273,206000,2011,6,20,1,15145
19.827499389648438,20.219999313354492,19.86750030517578,20.184999465942383,203200,2011,6,21,2,15146
19.99250030517578,20.274999618530273,20.040000915527344,20.059999465942383,303200,2011,6,22,3,15147
19.577499389648438,20.077499389648438,19.850000381469727,20.0674991607666,261200,2011,6,23,4,15148
19.922500610351562,20.229999542236328,20.094999313354492,20.03499984741211,350000,2011,6,24,5,15149
19.924999237060547,20.2549991607666,20.00749969482422,20.177499771118164,264800,2011,6,27,1,15152
20.1825008392334,20.540000915527344,20.1825008392334,20.540000915527344,191200,2011,6,28,2,15153
20.415000915527344,20.69499969482422,20.649999618530273,20.642499923706055,145200,2011,6,29,3,15154
20.50749969482422,20.799999237060547,20.707500457763672,20.6825008392334,301600,2011,6,30,4,15155
20.56999969482422,20.94499969482422,20.7450008392334,20.84000015258789,384000,2011,7,1,5,15156
20.690000534057617,21.03499984741211,20.774999618530273,20.834999084472656,344600,2011,7,5,2,15160
20.764999389648438,21.040000915527344,20.764999389648438,20.975000381469727,209800,2011,7,6,3,15161
21.06999969482422,21.385000228881836,21.110000610351562,21.200000762939453,240400,2011,7,7,4,15162
20.860000610351562,21.155000686645508,20.90999984741211,21.110000610351562,187800,2011,7,8,5,15163
20.719999313354492,21.049999237060547,21.014999389648438,20.790000915527344,262000,2011,7,11,1,15166
20.600000381469727,20.8799991607666,20.684999465942383,20.670000076293945,176000,2011,7,12,2,15167
20.59000015258789,20.985000610351562,20.655000686645508,20.71500015258789,208200,2011,7,13,3,15168
20.405000686645508,20.8700008392334,20.764999389648438,20.450000762939453,183200,2011,7,14,4,15169
20.299999237060547,20.670000076293945,20.479999542236328,20.454999923706055,201600,2011,7,15,5,15170
19.989999771118164,20.46500015258789,20.424999237060547,20.200000762939453,159800,2011,7,18,1,15173
20.334999084472656,20.905000686645508,20.334999084472656,20.764999389648438,266600,2011,7,19,2,15174
20.06999969482422,20.764999389648438,20.764999389648438,20.354999542236328,166800,2011,7,20,3,15175
20.139999389648438,20.475000381469727,20.385000228881836,20.309999465942383,338400,2011,7,21,4,15176
20.270000457763672,20.475000381469727,20.295000076293945,20.344999313354492,258000,2011,7,22,5,15177
20.094999313354492,20.3799991607666,20.149999618530273,20.15999984741211,169800,2011,7,25,1,15180
19.889999389648438,20.170000076293945,20.079999923706055,19.93000030517578,154600,2011,7,26,2,15181
19.405000686645508,19.940000534057617,19.84000015258789,19.440000534057617,301800,2011,7,27,3,15182
19.274999618530273,19.559999465942383,19.450000762939453,19.354999542236328,252200,2011,7,28,4,15183
19.05500030517578,19.545000076293945,19.075000762939453,19.315000534057617,302800,2011,7,29,5,15184
19.125,19.510000228881836,19.5049991607666,19.424999237060547,350400,2011,8,1,1,15187
19.2450008392334,19.665000915527344,19.325000762939453,19.25,468000,2011,8,2,2,15188
18.84000015258789,19.344999313354492,19.274999618530273,19.145000457763672,431800,2011,8,3,3,15189
18.81999969482422,19.780000686645508,19.045000076293945,19.184999465942383,721000,2011,8,4,4,15190
18.8799991607666,19.65999984741211,19.364999771118164,19.479999542236328,908200,2011,8,5,5,15191
18.530000686645508,19.8799991607666,19.014999389648438,18.530000686645508,721000,2011,8,8,1,15194
18.165000915527344,19.875,18.850000381469727,19.774999618530273,866600,2011,8,9,2,15195
18.405000686645508,19.344999313354492,19.09000015258789,18.459999084472656,611000,2011,8,10,3,15196
18.325000762939453,19.520000457763672,18.395000457763672,19.170000076293945,707800,2011,8,11,4,15197
18.7450008392334,19.34000015258789,19.2450008392334,19.235000610351562,289600,2011,8,12,5,15198
19.184999465942383,19.635000228881836,19.424999237060547,19.575000762939453,342400,2011,8,15,1,15201
19.024999618530273,19.385000228881836,19.3700008392334,19.229999542236328,326600,2011,8,16,2,15202
19.110000610351562,19.405000686645508,19.34000015258789,19.25,235000,2011,8,17,3,15203
18.2549991607666,18.780000686645508,18.735000610351562,18.485000610351562,954800,2011,8,18,4,15204
18.079999923706055,18.795000076293945,18.239999771118164,18.434999465942383,605400,2011,8,19,5,15205
18.299999237060547,18.704999923706055,18.684999465942383,18.399999618530273,641600,2011,8,22,1,15208
18.344999313354492,18.9950008392334,18.459999084472656,18.844999313354492,689200,2011,8,23,2,15209
18.5049991607666,19.155000686645508,18.80500030517578,18.725000381469727,567000,2011,8,24,3,15210
18.219999313354492,18.8799991607666,18.704999923706055,18.2549991607666,512800,2011,8,25,4,15211
17.915000915527344,18.459999084472656,18.174999237060547,18.424999237060547,762400,2011,8,26,5,15212
18.514999389648438,18.670000076293945,18.604999542236328,18.625,736000,2011,8,29,1,15215
18.459999084472656,18.729999542236328,18.540000915527344,18.6200008392334,964200,2011,8,30,2,15216
18.420000076293945,18.760000228881836,18.75,18.4950008392334,634000,2011,8,31,3,15217
18.364999771118164,18.834999084472656,18.604999542236328,18.56999969482422,898400,2011,9,1,4,15218
18.0049991607666,18.514999389648438,18.21500015258789,18.014999389648438,477000,2011,9,2,5,15219
17.344999313354492,17.704999923706055,17.704999923706055,17.625,627600,2011,9,6,2,15223
17.700000762939453,17.94499969482422,17.885000228881836,17.924999237060547,596800,2011,9,7,3,15224
17.645000457763672,18.049999237060547,17.790000915527344,17.65999984741211,531200,2011,9,8,4,15225
17.0,17.55500030517578,17.4950008392334,17.104999542236328,465200,2011,9,9,5,15226
16.704999923706055,17.010000228881836,16.93000030517578,16.875,576200,2011,9,12,1,15229
16.6299991607666,17.024999618530273,16.975000381469727,16.979999542236328,527800,2011,9,13,2,15230
16.690000534057617,17.280000686645508,17.110000610351562,17.1200008392334,349600,2011,9,14,3,15231
16.895000457763672,17.334999084472656,17.274999618530273,17.274999618530273,288600,2011,9,15,4,15232
17.170000076293945,17.559999465942383,17.395000457763672,17.299999237060547,429800,2011,9,16,5,15233
16.854999542236328,17.190000534057617,17.03499984741211,17.05500030517578,311200,2011,9,19,1,15236
16.68000030517578,17.280000686645508,17.075000762939453,16.700000762939453,251200,2011,9,20,2,15237
16.09000015258789,16.8700008392334,16.655000686645508,16.104999542236328,375600,2011,9,21,3,15238
15.614999771118164,16.0,15.6899995803833,15.774999618530273,527000,2011,9,22,4,15239
15.675000190734863,16.079999923706055,15.774999618530273,16.059999465942383,411600,2011,9,23,5,15240
15.720000267028809,16.424999237060547,16.170000076293945,16.399999618530273,359800,2011,9,26,1,15243
16.684999465942383,17.40999984741211,16.78499984741211,17.045000076293945,640000,2011,9,27,2,15244
16.854999542236328,17.219999313354492,17.049999237060547,17.135000228881836,911000,2011,9,28,3,15245
17.40999984741211,17.93000030517578,17.584999084472656,17.69499969482422,909200,2011,9,29,4,15246
17.420000076293945,17.725000381469727,17.559999465942383,17.450000762939453,849200,2011,9,30,5,15247
16.954999923706055,17.520000457763672,17.229999542236328,16.954999923706055,737000,2011,10,3,1,15250
16.739999771118164,17.975000381469727,16.8799991607666,17.96500015258789,646600,2011,10,4,2,15251
17.584999084472656,17.959999084472656,17.920000076293945,17.84000015258789,468200,2011,10,5,3,15252
17.68000030517578,18.06999969482422,17.75,18.030000686645508,430000,2011,10,6,4,15253
17.584999084472656,18.229999542236328,18.040000915527344,17.854999542236328,425800,2011,10,7,5,15254
17.75,18.325000762939453,17.954999923706055,18.325000762939453,351200,2011,10,10,1,15257
18.104999542236328,18.325000762939453,18.145000457763672,18.2549991607666,292000,2011,10,11,2,15258
18.219999313354492,18.625,18.389999389648438,18.530000686645508,339400,2011,10,12,3,15259
18.325000762939453,18.834999084472656,18.475000381469727,18.729999542236328,291600,2011,10,13,4,15260
18.795000076293945,19.295000076293945,18.96500015258789,19.270000457763672,421200,2011,10,14,5,15261
18.485000610351562,19.135000228881836,19.059999465942383,18.53499984741211,379800,2011,10,17,1,15264
18.364999771118164,19.030000686645508,18.545000076293945,18.860000610351562,373200,2011,10,18,2,15265
18.325000762939453,18.875,18.670000076293945,18.389999389648438,244400,2011,10,19,3,15266
18.075000762939453,18.5,18.459999084472656,18.399999618530273,324000,2011,10,20,4,15267
18.469999313354492,18.90999984741211,18.635000228881836,18.905000686645508,508800,2011,10,21,5,15268
18.875,19.68000030517578,19.03499984741211,19.635000228881836,463200,2011,10,24,1,15271
19.239999771118164,19.600000381469727,19.424999237060547,19.28499984741211,429600,2011,10,25,2,15272
18.950000762939453,19.594999313354492,19.5049991607666,19.514999389648438,323800,2011,10,26,3,15273
20.059999465942383,20.704999923706055,20.110000610351562,20.600000381469727,544600,2011,10,27,4,15274
20.459999084472656,20.674999237060547,20.625,20.524999618530273,311000,2011,10,28,5,15275
20.114999771118164,20.485000610351562,20.295000076293945,20.170000076293945,292000,2011,10,31,1,15278
19.540000915527344,20.079999923706055,19.704999923706055,19.635000228881836,401600,2011,11,1,2,15279
19.885000228881836,20.315000534057617,20.315000534057617,20.075000762939453,345800,2011,11,2,3,15280
19.309999465942383,20.604999542236328,20.264999389648438,20.565000534057617,342400,2011,11,3,4,15281
20.170000076293945,20.415000915527344,20.334999084472656,20.34000015258789,212800,2011,11,4,5,15282
20.0,20.385000228881836,20.385000228881836,20.334999084472656,202800,2011,11,7,1,15285
20.0,20.635000228881836,20.3799991607666,20.600000381469727,347800,2011,11,8,2,15286
20.155000686645508,20.545000076293945,20.155000686645508,20.204999923706055,518000,2011,11,9,3,15287
20.219999313354492,21.114999771118164,21.114999771118164,20.760000228881836,348600,2011,11,10,4,15288
20.829999923706055,21.190000534057617,20.96500015258789,21.155000686645508,363800,2011,11,11,5,15289
20.75,21.364999771118164,21.145000457763672,20.81999969482422,398600,2011,11,14,1,15292
20.665000915527344,21.094999313354492,20.780000686645508,21.0049991607666,380200,2011,11,15,2,15293
20.344999313354492,20.915000915527344,20.860000610351562,20.3799991607666,509600,2011,11,16,3,15294
20.139999389648438,20.575000762939453,20.329999923706055,20.239999771118164,359200,2011,11,17,4,15295
19.8700008392334,20.270000457763672,20.235000610351562,20.014999389648438,439200,2011,11,18,5,15296
19.459999084472656,19.80500030517578,19.69499969482422,19.475000381469727,478600,2011,11,21,1,15299
19.31999969482422,19.639999389648438,19.489999771118164,19.44499969482422,445600,2011,11,22,2,15300
19.020000457763672,19.350000381469727,19.264999389648438,19.05500030517578,306400,2011,11,23,3,15301
18.864999771118164,19.15999984741211,18.954999923706055,18.875,183200,2011,11,25,5,15303
19.270000457763672,19.635000228881836,19.360000610351562,19.46500015258789,977000,2011,11,28,1,15306
19.459999084472656,20.065000534057617,19.594999313354492,20.03499984741211,669800,2011,11,29,2,15307
20.635000228881836,21.075000762939453,20.739999771118164,20.799999237060547,1142800,2011,11,30,3,15308
20.68000030517578,21.014999389648438,20.795000076293945,20.860000610351562,467800,2011,12,1,4,15309
20.770000457763672,21.139999389648438,21.100000381469727,20.864999771118164,302800,2011,12,2,5,15310
20.790000915527344,21.2450008392334,21.190000534057617,20.969999313354492,557400,2011,12,5,1,15313
20.895000457763672,21.200000762939453,21.010000228881836,21.114999771118164,492600,2011,12,6,2,15314
20.610000610351562,20.985000610351562,20.979999542236328,20.895000457763672,247800,2011,12,7,3,15315
20.3799991607666,20.860000610351562,20.700000762939453,20.53499984741211,467200,2011,12,8,4,15316
20.434999465942383,21.0,20.55500030517578,20.895000457763672,614000,2011,12,9,5,15317
20.485000610351562,20.84000015258789,20.71500015258789,20.815000534057617,354600,2011,12,12,1,15320
20.309999465942383,20.979999542236328,20.954999923706055,20.40999984741211,374200,2011,12,13,2,15321
19.934999465942383,20.239999771118164,20.229999542236328,19.989999771118164,328400,2011,12,14,3,15322
20.065000534057617,20.309999465942383,20.204999923706055,20.229999542236328,287800,2011,12,15,4,15323
20.094999313354492,20.565000534057617,20.309999465942383,20.190000534057617,495200,2011,12,16,5,15324
19.979999542236328,20.360000610351562,20.350000381469727,20.030000686645508,386000,2011,12,19,1,15327
20.299999237060547,20.600000381469727,20.40999984741211,20.55500030517578,482200,2011,12,20,2,15328
20.25,20.584999084472656,20.5,20.549999237060547,250800,2011,12,21,3,15329
20.405000686645508,20.764999389648438,20.655000686645508,20.559999465942383,279400,2011,12,22,4,15330
20.450000762939453,20.639999389648438,20.639999389648438,20.56999969482422,141000,2011,12,23,5,15331
20.459999084472656,20.864999771118164,20.5,20.75,200800,2011,12,27,2,15335
20.485000610351562,20.844999313354492,20.764999389648438,20.53499984741211,286200,2011,12,28,3,15336
20.510000228881836,20.825000762939453,20.604999542236328,20.780000686645508,248600,2011,12,29,4,15337
20.614999771118164,20.825000762939453,20.725000381469727,20.674999237060547,339000,2011,12,30,5,15338
20.829999923706055,21.190000534057617,21.03499984741211,20.899999618530273,333400,2012,1,3,2,15342
20.565000534057617,21.104999542236328,20.7450008392334,21.075000762939453,450400,2012,1,4,3,15343
20.735000610351562,21.75,20.93000030517578,21.71500015258789,931800,2012,1,5,4,15344
21.299999237060547,21.895000457763672,21.670000076293945,21.729999542236328,831800,2012,1,6,5,15345
21.485000610351562,21.864999771118164,21.844999313354492,21.80500030517578,447600,2012,1,9,1,15348
21.940000534057617,22.270000457763672,22.065000534057617,22.2549991607666,583600,2012,1,10,2,15349
22.010000228881836,22.2549991607666,22.225000381469727,22.170000076293945,503200,2012,1,11,3,15350
22.149999618530273,22.440000534057617,22.204999923706055,22.350000381469727,285200,2012,1,12,4,15351
22.0049991607666,22.290000915527344,22.114999771118164,22.280000686645508,313000,2012,1,13,5,15352
22.2549991607666,22.635000228881836,22.53499984741211,22.31999969482422,323600,2012,1,17,2,15356
22.084999084472656,22.325000762939453,22.2450008392334,22.094999313354492,358000,2012,1,18,3,15357
21.905000686645508,22.139999389648438,22.114999771118164,21.989999771118164,523600,2012,1,19,4,15358
21.93000030517578,22.184999465942383,21.93000030517578,22.075000762939453,455800,2012,1,20,5,15359
22.065000534057617,22.3700008392334,22.065000534057617,22.350000381469727,472800,2012,1,23,1,15362
22.170000076293945,22.739999771118164,22.274999618530273,22.709999084472656,314600,2012,1,24,2,15363
22.389999389648438,22.81999969482422,22.6299991607666,22.774999618530273,293800,2012,1,25,3,15364
22.4950008392334,22.84000015258789,22.84000015258789,22.604999542236328,303600,2012,1,26,4,15365
22.454999923706055,22.94499969482422,22.545000076293945,22.844999313354492,257400,2012,1,27,5,15366
22.399999618530273,22.709999084472656,22.635000228881836,22.450000762939453,229800,2012,1,30,1,15369
22.270000457763672,22.594999313354492,22.549999237060547,22.514999389648438,243000,2012,1,31,2,15370
22.59000015258789,23.059999465942383,22.645000457763672,23.03499984741211,330400,2012,2,1,3,15371
22.09000015258789,22.989999771118164,22.790000915527344,22.454999923706055,593200,2012,2,2,4,15372
22.25,23.395000457763672,23.010000228881836,22.604999542236328,496600,2012,2,3,5,15373
22.344999313354492,22.65999984741211,22.5,22.56999969482422,377800,2012,2,6,1,15376
22.360000610351562,22.600000381469727,22.53499984741211,22.575000762939453,406600,2012,2,7,2,15377
22.315000534057617,22.704999923706055,22.604999542236328,22.5049991607666,283400,2012,2,8,3,15378
22.274999618530273,22.55500030517578,22.5049991607666,22.375,288000,2012,2,9,4,15379
22.030000686645508,22.260000228881836,22.184999465942383,22.110000610351562,263800,2012,2,10,5,15380
22.0049991607666,22.399999618530273,22.239999771118164,22.2549991607666,480800,2012,2,13,1,15383
21.94499969482422,22.290000915527344,22.225000381469727,22.09000015258789,352600,2012,2,14,2,15384
21.59000015258789,22.125,22.100000381469727,21.645000457763672,298000,2012,2,15,3,15385
21.6299991607666,21.93000030517578,21.69499969482422,21.860000610351562,518200,2012,2,16,4,15386
21.764999389648438,21.950000762939453,21.899999618530273,21.850000381469727,263600,2012,2,17,5,15387
21.5,21.985000610351562,21.954999923706055,21.610000610351562,160200,2012,2,21,2,15391
21.405000686645508,21.719999313354492,21.610000610351562,21.405000686645508,231400,2012,2,22,3,15392
21.299999237060547,21.594999313354492,21.375,21.4950008392334,384400,2012,2,23,4,15393
21.299999237060547,21.510000228881836,21.454999923706055,21.3700008392334,211800,2012,2,24,5,15394
20.985000610351562,21.405000686645508,21.25,21.15999984741211,463200,2012,2,27,1,15397
20.899999618530273,21.2549991607666,21.139999389648438,20.94499969482422,271800,2012,2,28,2,15398
20.81999969482422,21.104999542236328,21.0049991607666,20.854999542236328,418200,2012,2,29,3,15399
20.655000686645508,21.065000534057617,20.885000228881836,20.655000686645508,382000,2012,3,1,4,15400
20.219999313354492,20.7549991607666,20.684999465942383,20.239999771118164,346600,2012,3,2,5,15401
20.1299991607666,20.625,20.149999618530273,20.56999969482422,626400,2012,3,5,1,15404
20.229999542236328,20.625,20.375,20.260000228881836,506000,2012,3,6,2,15405
20.18000030517578,20.405000686645508,20.334999084472656,20.2549991607666,365800,2012,3,7,3,15406
20.30500030517578,20.56999969482422,20.334999084472656,20.475000381469727,491800,2012,3,8,4,15407
20.415000915527344,20.934999465942383,20.4950008392334,20.815000534057617,273800,2012,3,9,5,15408
20.6200008392334,20.774999618530273,20.75,20.774999618530273,298400,2012,3,12,1,15411
20.770000457763672,21.360000610351562,20.924999237060547,21.350000381469727,395400,2012,3,13,2,15412
21.06999969482422,21.344999313354492,21.344999313354492,21.1299991607666,306200,2012,3,14,3,15413
21.0,21.270000457763672,21.094999313354492,21.190000534057617,165200,2012,3,15,4,15414
21.09000015258789,21.375,21.295000076293945,21.299999237060547,457400,2012,3,16,5,15415
21.190000534057617,21.454999923706055,21.329999923706055,21.295000076293945,385200,2012,3,19,1,15418
20.860000610351562,21.209999084472656,21.149999618530273,20.875,648200,2012,3,20,2,15419
20.684999465942383,21.045000076293945,20.895000457763672,20.739999771118164,511200,2012,3,21,3,15420
20.3799991607666,20.69499969482422,20.545000076293945,20.450000762939453,352000,2012,3,22,4,15421
20.299999237060547,20.514999389648438,20.389999389648438,20.434999465942383,285200,2012,3,23,5,15422
20.579999923706055,21.0049991607666,20.579999923706055,20.93000030517578,421800,2012,3,26,1,15425
20.670000076293945,20.989999771118164,20.895000457763672,20.670000076293945,342200,2012,3,27,2,15426
20.489999771118164,20.7549991607666,20.69499969482422,20.514999389648438,372200,2012,3,28,3,15427
20.34000015258789,20.6200008392334,20.424999237060547,20.540000915527344,248800,2012,3,29,4,15428
20.334999084472656,20.709999084472656,20.709999084472656,20.334999084472656,213600,2012,3,30,5,15429
20.104999542236328,20.670000076293945,20.2450008392334,20.665000915527344,391800,2012,4,2,1,15432
20.530000686645508,20.8700008392334,20.594999313354492,20.739999771118164,606800,2012,4,3,2,15433
20.25,20.489999771118164,20.485000610351562,20.440000534057617,320600,2012,4,4,3,15434
20.219999313354492,20.454999923706055,20.315000534057617,20.360000610351562,245000,2012,4,5,4,15435
20.0,20.149999618530273,20.010000228881836,20.094999313354492,390400,2012,4,9,1,15439
19.985000610351562,20.2450008392334,20.03499984741211,20.0049991607666,571000,2012,4,10,2,15440
19.96500015258789,20.204999923706055,20.145000457763672,20.139999389648438,405800,2012,4,11,3,15441
20.045000076293945,20.30500030517578,20.110000610351562,20.270000457763672,402000,2012,4,12,4,15442
20.114999771118164,20.264999389648438,20.264999389648438,20.135000228881836,264600,2012,4,13,5,15443
20.03499984741211,20.334999084472656,20.200000762939453,20.229999542236328,223800,2012,4,16,1,15446
20.329999923706055,20.96500015258789,20.385000228881836,20.8799991607666,411600,2012,4,17,2,15447
20.575000762939453,20.864999771118164,20.725000381469727,20.739999771118164,347200,2012,4,18,3,15448
20.514999389648438,20.954999923706055,20.735000610351562,20.8799991607666,461200,2012,4,19,4,15449
21.075000762939453,21.674999237060547,21.075000762939453,21.545000076293945,527200,2012,4,20,5,15450
21.170000076293945,21.530000686645508,21.2549991607666,21.5,630200,2012,4,23,1,15453
21.5,21.6299991607666,21.56999969482422,21.579999923706055,519400,2012,4,24,2,15454
21.579999923706055,21.875,21.809999465942383,21.700000762939453,442000,2012,4,25,3,15455
21.600000381469727,21.81999969482422,21.700000762939453,21.760000228881836,311400,2012,4,26,4,15456
21.69499969482422,22.385000228881836,21.719999313354492,22.31999969482422,436000,2012,4,27,5,15457
22.010000228881836,22.274999618530273,22.274999618530273,22.125,316000,2012,4,30,1,15460
21.899999618530273,22.18000030517578,22.094999313354492,22.03499984741211,411400,2012,5,1,2,15461
21.795000076293945,22.15999984741211,21.8700008392334,22.135000228881836,228000,2012,5,2,3,15462
22.135000228881836,23.354999542236328,22.325000762939453,23.065000534057617,747800,2012,5,3,4,15463
22.8700008392334,23.540000915527344,22.885000228881836,23.354999542236328,923600,2012,5,4,5,15464
23.09000015258789,23.46500015258789,23.239999771118164,23.434999465942383,598000,2012,5,7,1,15467
23.270000457763672,23.575000762939453,23.34000015258789,23.5049991607666,432800,2012,5,8,2,15468
23.21500015258789,23.454999923706055,23.270000457763672,23.360000610351562,392000,2012,5,9,3,15469
23.239999771118164,23.55500030517578,23.389999389648438,23.5,409400,2012,5,10,4,15470
23.264999389648438,23.5,23.375,23.454999923706055,366000,2012,5,11,5,15471
23.239999771118164,23.44499969482422,23.274999618530273,23.295000076293945,297000,2012,5,14,1,15474
23.344999313354492,23.594999313354492,23.3799991607666,23.510000228881836,602200,2012,5,15,2,15475
23.219999313354492,23.600000381469727,23.600000381469727,23.395000457763672,390600,2012,5,16,3,15476
23.155000686645508,23.475000381469727,23.459999084472656,23.15999984741211,316000,2012,5,17,4,15477
22.93000030517578,23.344999313354492,23.094999313354492,23.014999389648438,355200,2012,5,18,5,15478
22.7549991607666,23.290000915527344,23.020000457763672,23.174999237060547,404600,2012,5,21,1,15481
23.024999618530273,23.260000228881836,23.155000686645508,23.204999923706055,306000,2012,5,22,2,15482
22.81999969482422,23.329999923706055,23.014999389648438,23.309999465942383,228000,2012,5,23,3,15483
22.989999771118164,23.350000381469727,23.274999618530273,23.21500015258789,266600,2012,5,24,4,15484
22.915000915527344,23.375,23.280000686645508,23.014999389648438,253000,2012,5,25,5,15485
22.954999923706055,23.325000762939453,23.1200008392334,23.21500015258789,202800,2012,5,29,2,15489
22.795000076293945,23.084999084472656,23.020000457763672,22.90999984741211,230400,2012,5,30,3,15490
22.540000915527344,22.905000686645508,22.834999084472656,22.7549991607666,401000,2012,5,31,4,15491
22.19499969482422,22.625,22.385000228881836,22.239999771118164,356400,2012,6,1,5,15492
22.145000457763672,22.469999313354492,22.334999084472656,22.334999084472656,274000,2012,6,4,1,15495
21.940000534057617,22.290000915527344,22.225000381469727,22.28499984741211,278600,2012,6,5,2,15496
22.3700008392334,22.774999618530273,22.3700008392334,22.729999542236328,262600,2012,6,6,3,15497
22.639999389648438,23.010000228881836,22.899999618530273,22.655000686645508,424000,2012,6,7,4,15498
22.510000228881836,23.09000015258789,22.59000015258789,22.924999237060547,325400,2012,6,8,5,15499
22.69499969482422,23.350000381469727,23.045000076293945,22.739999771118164,416400,2012,6,11,1,15502
22.545000076293945,22.860000610351562,22.739999771118164,22.75,284000,2012,6,12,2,15503
22.389999389648438,22.770000457763672,22.690000534057617,22.46500015258789,329400,2012,6,13,3,15504
22.385000228881836,22.725000381469727,22.514999389648438,22.510000228881836,387800,2012,6,14,4,15505
22.454999923706055,23.049999237060547,22.520000457763672,22.80500030517578,419400,2012,6,15,5,15506
22.469999313354492,22.78499984741211,22.600000381469727,22.59000015258789,316200,2012,6,18,1,15509
22.5,22.780000686645508,22.614999771118164,22.69499969482422,296000,2012,6,19,2,15510
22.440000534057617,22.65999984741211,22.6299991607666,22.635000228881836,259200,2012,6,20,3,15511
22.024999618530273,22.65999984741211,22.594999313354492,22.174999237060547,331200,2012,6,21,4,15512
22.114999771118164,22.729999542236328,22.239999771118164,22.65999984741211,573000,2012,6,22,5,15513
22.34000015258789,22.709999084472656,22.43000030517578,22.604999542236328,313400,2012,6,25,1,15516
22.520000457763672,22.719999313354492,22.600000381469727,22.575000762939453,413200,2012,6,26,2,15517
22.31999969482422,22.69499969482422,22.53499984741211,22.350000381469727,288600,2012,6,27,3,15518
21.895000457763672,24.434999465942383,22.200000762939453,24.434999465942383,1798000,2012,6,28,4,15519
24.44499969482422,25.96500015258789,24.795000076293945,25.875,924400,2012,6,29,5,15520
25.6299991607666,26.399999618530273,25.915000915527344,26.34000015258789,1068000,2012,7,2,1,15523
26.225000381469727,26.514999389648438,26.3799991607666,26.514999389648438,276000,2012,7,3,2,15524
26.260000228881836,26.514999389648438,26.510000228881836,26.350000381469727,252600,2012,7,5,4,15526
25.940000534057617,26.209999084472656,26.114999771118164,26.084999084472656,144800,2012,7,6,5,15527
25.899999618530273,26.184999465942383,26.0049991607666,26.1200008392334,371600,2012,7,9,1,15530
25.024999618530273,25.579999923706055,25.55500030517578,25.295000076293945,972800,2012,7,10,2,15531
25.190000534057617,25.459999084472656,25.360000610351562,25.34000015258789,396600,2012,7,11,3,15532
24.985000610351562,25.610000610351562,25.235000610351562,25.53499984741211,453200,2012,7,12,4,15533
25.469999313354492,25.655000686645508,25.53499984741211,25.610000610351562,551000,2012,7,13,5,15534
25.4950008392334,26.059999465942383,25.575000762939453,26.0,316800,2012,7,16,1,15537
26.0,26.274999618530273,26.030000686645508,26.09000015258789,412200,2012,7,17,2,15538
25.854999542236328,26.139999389648438,26.110000610351562,25.9950008392334,177800,2012,7,18,3,15539
25.514999389648438,26.059999465942383,26.024999618530273,25.584999084472656,219200,2012,7,19,4,15540
24.985000610351562,25.450000762939453,25.3700008392334,24.9950008392334,339800,2012,7,20,5,15541
24.6200008392334,24.920000076293945,24.65999984741211,24.665000915527344,248600,2012,7,23,1,15544
24.239999771118164,24.770000457763672,24.75,24.329999923706055,244600,2012,7,24,2,15545
24.280000686645508,24.6200008392334,24.53499984741211,24.459999084472656,324800,2012,7,25,3,15546
24.579999923706055,25.0,24.7450008392334,24.979999542236328,286400,2012,7,26,4,15547
24.854999542236328,26.040000915527344,25.06999969482422,25.940000534057617,511000,2012,7,27,5,15548
25.3700008392334,26.174999237060547,26.045000076293945,25.40999984741211,282200,2012,7,30,1,15551
25.2450008392334,25.645000457763672,25.344999313354492,25.25,260600,2012,7,31,2,15552
24.940000534057617,25.5,25.290000915527344,25.010000228881836,284000,2012,8,1,3,15553
24.78499984741211,25.155000686645508,25.0,24.799999237060547,201000,2012,8,2,4,15554
25.1299991607666,25.4950008392334,25.1299991607666,25.434999465942383,168000,2012,8,3,5,15555
25.219999313354492,25.459999084472656,25.395000457763672,25.295000076293945,168000,2012,8,6,1,15558
25.350000381469727,26.829999923706055,25.575000762939453,26.604999542236328,678000,2012,8,7,2,15559
26.024999618530273,26.71500015258789,26.4950008392334,26.625,345400,2012,8,8,3,15560
26.239999771118164,26.6200008392334,26.524999618530273,26.575000762939453,268800,2012,8,9,4,15561
26.450000762939453,26.65999984741211,26.55500030517578,26.639999389648438,206800,2012,8,10,5,15562
26.149999618530273,26.530000686645508,26.530000686645508,26.315000534057617,155400,2012,8,13,1,15565
26.309999465942383,26.59000015258789,26.399999618530273,26.375,389600,2012,8,14,2,15566
26.2450008392334,26.46500015258789,26.3799991607666,26.420000076293945,303600,2012,8,15,3,15567
26.139999389648438,26.485000610351562,26.40999984741211,26.440000534057617,448200,2012,8,16,4,15568
26.299999237060547,26.565000534057617,26.395000457763672,26.545000076293945,249400,2012,8,17,5,15569
26.364999771118164,26.5049991607666,26.43000030517578,26.40999984741211,220600,2012,8,20,1,15572
26.360000610351562,26.674999237060547,26.43000030517578,26.5,286200,2012,8,21,2,15573
26.295000076293945,26.579999923706055,26.475000381469727,26.3799991607666,160600,2012,8,22,3,15574
26.024999618530273,26.385000228881836,26.28499984741211,26.235000610351562,135600,2012,8,23,4,15575
26.2549991607666,27.170000076293945,26.30500030517578,27.0,443600,2012,8,24,5,15576
26.760000228881836,27.184999465942383,27.184999465942383,26.809999465942383,180000,2012,8,27,1,15579
26.639999389648438,27.270000457763672,26.799999237060547,26.975000381469727,418200,2012,8,28,2,15580
26.885000228881836,27.405000686645508,27.06999969482422,27.225000381469727,321800,2012,8,29,3,15581
26.950000762939453,27.28499984741211,27.229999542236328,27.09000015258789,140200,2012,8,30,4,15582
26.934999465942383,27.270000457763672,27.149999618530273,27.19499969482422,218600,2012,8,31,5,15583
27.274999618530273,28.040000915527344,27.280000686645508,27.860000610351562,337600,2012,9,4,2,15587
27.68000030517578,28.135000228881836,27.709999084472656,27.875,426800,2012,9,5,3,15588
27.9950008392334,28.545000076293945,28.049999237060547,28.375,303600,2012,9,6,4,15589
28.065000534057617,28.584999084472656,28.530000686645508,28.44499969482422,232800,2012,9,7,5,15590
28.399999618530273,28.78499984741211,28.399999618530273,28.5,275800,2012,9,10,1,15593
28.350000381469727,28.674999237060547,28.5,28.395000457763672,177400,2012,9,11,2,15594
27.915000915527344,28.559999465942383,28.375,28.06999969482422,290400,2012,9,12,3,15595
28.059999465942383,28.6299991607666,28.084999084472656,28.625,573800,2012,9,13,4,15596
28.489999771118164,29.010000228881836,28.7549991607666,28.854999542236328,315400,2012,9,14,5,15597
28.59000015258789,28.8700008392334,28.704999923706055,28.780000686645508,162000,2012,9,17,1,15600
28.690000534057617,29.260000228881836,28.799999237060547,29.235000610351562,232600,2012,9,18,2,15601
29.225000381469727,29.584999084472656,29.299999237060547,29.479999542236328,300200,2012,9,19,3,15602
28.815000534057617,29.3700008392334,29.28499984741211,29.299999237060547,347600,2012,9,20,4,15603
29.360000610351562,29.84000015258789,29.530000686645508,29.7549991607666,737600,2012,9,21,5,15604
29.094999313354492,29.610000610351562,29.59000015258789,29.385000228881836,272800,2012,9,24,1,15607
29.145000457763672,29.584999084472656,29.489999771118164,29.19499969482422,329600,2012,9,25,2,15608
28.8700008392334,29.219999313354492,29.184999465942383,28.950000762939453,229000,2012,9,26,3,15609
28.985000610351562,29.540000915527344,29.0,29.5,330200,2012,9,27,4,15610
29.334999084472656,30.024999618530273,29.334999084472656,29.860000610351562,337000,2012,9,28,5,15611
29.875,30.290000915527344,30.045000076293945,30.094999313354492,437400,2012,10,1,1,15614
29.760000228881836,30.149999618530273,30.020000457763672,30.06999969482422,263000,2012,10,2,2,15615
29.854999542236328,30.104999542236328,30.020000457763672,29.920000076293945,211000,2012,10,3,3,15616
28.90999984741211,29.7450008392334,29.725000381469727,29.219999313354492,487800,2012,10,4,4,15617
28.940000534057617,29.344999313354492,29.235000610351562,29.040000915527344,446400,2012,10,5,5,15618
28.979999542236328,29.1299991607666,29.06999969482422,29.020000457763672,143200,2012,10,8,1,15621
28.614999771118164,29.084999084472656,29.075000762939453,28.645000457763672,167600,2012,10,9,2,15622
28.415000915527344,28.7450008392334,28.674999237060547,28.674999237060547,255200,2012,10,10,3,15623
28.6200008392334,29.0049991607666,28.885000228881836,28.780000686645508,275400,2012,10,11,4,15624
28.375,28.94499969482422,28.709999084472656,28.415000915527344,338200,2012,10,12,5,15625
28.360000610351562,28.989999771118164,28.5,28.770000457763672,291000,2012,10,15,1,15628
28.80500030517578,29.165000915527344,28.844999313354492,28.940000534057617,131000,2012,10,16,2,15629
28.799999237060547,29.19499969482422,28.899999618530273,28.959999084472656,224400,2012,10,17,3,15630
28.604999542236328,29.174999237060547,28.96500015258789,28.649999618530273,187600,2012,10,18,4,15631
28.0049991607666,28.604999542236328,28.424999237060547,28.065000534057617,331800,2012,10,19,5,15632
28.040000915527344,28.399999618530273,28.09000015258789,28.25,229200,2012,10,22,1,15635
27.610000610351562,28.149999618530273,28.100000381469727,28.05500030517578,184200,2012,10,23,2,15636
27.84000015258789,28.200000762939453,28.100000381469727,27.899999618530273,130600,2012,10,24,3,15637
27.875,28.200000762939453,28.045000076293945,28.03499984741211,172800,2012,10,25,4,15638
27.450000762939453,28.114999771118164,28.110000610351562,27.68000030517578,195400,2012,10,26,5,15639
27.375,27.68000030517578,27.514999389648438,27.59000015258789,401800,2012,10,31,3,15644
27.200000762939453,28.360000610351562,27.704999923706055,27.799999237060547,262800,2012,11,1,4,15645
27.30500030517578,28.065000534057617,27.825000762939453,27.30500030517578,227600,2012,11,2,5,15646
27.309999465942383,27.649999618530273,27.399999618530273,27.610000610351562,214800,2012,11,5,1,15649
27.545000076293945,28.364999771118164,27.545000076293945,28.30500030517578,191000,2012,11,6,2,15650
28.139999389648438,29.774999618530273,28.19499969482422,29.5049991607666,712200,2012,11,7,3,15651
28.81999969482422,29.80500030517578,29.524999618530273,29.024999618530273,364400,2012,11,8,4,15652
28.68000030517578,29.375,28.809999465942383,28.829999923706055,269400,2012,11,9,5,15653
28.844999313354492,29.454999923706055,28.8700008392334,29.299999237060547,147600,2012,11,12,1,15656
28.7450008392334,29.450000762939453,29.19499969482422,29.139999389648438,214400,2012,11,13,2,15657
28.0049991607666,29.209999084472656,29.104999542236328,28.0049991607666,363800,2012,11,14,3,15658
28.049999237060547,28.975000381469727,28.05500030517578,28.850000381469727,412200,2012,11,15,4,15659
28.5,29.3799991607666,28.614999771118164,29.290000915527344,429600,2012,11,16,5,15660
29.114999771118164,29.649999618530273,29.649999618530273,29.53499984741211,233000,2012,11,19,1,15663
29.354999542236328,30.135000228881836,29.440000534057617,30.1299991607666,378000,2012,11,20,2,15664
29.93000030517578,30.559999465942383,30.125,30.459999084472656,305600,2012,11,21,3,15665
30.43000030517578,30.94499969482422,30.434999465942383,30.834999084472656,167800,2012,11,23,5,15667
30.739999771118164,30.9950008392334,30.889999389648438,30.889999389648438,381800,2012,11,26,1,15670
30.645000457763672,31.0,30.920000076293945,30.735000610351562,397600,2012,11,27,2,15671
30.28499984741211,31.229999542236328,30.704999923706055,31.19499969482422,302600,2012,11,28,3,15672
31.165000915527344,31.635000228881836,31.2549991607666,31.44499969482422,398200,2012,11,29,4,15673
31.2450008392334,31.655000686645508,31.549999237060547,31.4950008392334,437400,2012,11,30,5,15674
31.350000381469727,32.005001068115234,31.6200008392334,31.405000686645508,328600,2012,12,3,1,15677
31.315000534057617,31.959999084472656,31.40999984741211,31.43000030517578,333200,2012,12,4,2,15678
31.094999313354492,31.610000610351562,31.575000762939453,31.30500030517578,223800,2012,12,5,3,15679
30.985000610351562,31.864999771118164,31.395000457763672,31.790000915527344,392800,2012,12,6,4,15680
31.514999389648438,31.834999084472656,31.834999084472656,31.645000457763672,156600,2012,12,7,5,15681
31.274999618530273,31.700000762939453,31.700000762939453,31.545000076293945,335000,2012,12,10,1,15684
31.799999237060547,32.58000183105469,31.905000686645508,32.15999984741211,843200,2012,12,11,2,15685
31.4950008392334,32.20000076293945,32.20000076293945,31.594999313354492,246800,2012,12,12,3,15686
31.375,31.764999389648438,31.725000381469727,31.5,223000,2012,12,13,4,15687
31.385000228881836,31.940000534057617,31.875,31.489999771118164,220000,2012,12,14,5,15688
31.350000381469727,31.735000610351562,31.514999389648438,31.684999465942383,204600,2012,12,17,1,15691
31.2450008392334,31.9950008392334,31.655000686645508,31.799999237060547,453800,2012,12,18,2,15692
31.184999465942383,31.934999465942383,31.760000228881836,31.350000381469727,393400,2012,12,19,3,15693
30.920000076293945,31.545000076293945,31.399999618530273,31.420000076293945,347800,2012,12,20,4,15694
30.96500015258789,31.559999465942383,31.260000228881836,31.420000076293945,628200,2012,12,21,5,15695
30.920000076293945,31.540000915527344,31.344999313354492,31.399999618530273,134800,2012,12,24,1,15698
30.979999542236328,31.399999618530273,31.399999618530273,31.065000534057617,146400,2012,12,26,3,15700
30.69499969482422,31.155000686645508,31.010000228881836,31.045000076293945,218800,2012,12,27,4,15701
30.7549991607666,31.05500030517578,30.834999084472656,30.844999313354492,241400,2012,12,28,5,15702
30.729999542236328,31.68000030517578,30.829999923706055,31.610000610351562,248200,2012,12,31,1,15705
32.029998779296875,32.5099983215332,32.275001525878906,32.35499954223633,724400,2013,1,2,3,15707
31.7549991607666,32.36000061035156,32.314998626708984,31.96500015258789,239800,2013,1,3,4,15708
32.029998779296875,32.505001068115234,32.154998779296875,32.459999084472656,278200,2013,1,4,5,15709
31.9950008392334,32.42499923706055,32.32500076293945,32.1150016784668,218800,2013,1,7,1,15712
31.885000228881836,32.185001373291016,32.099998474121094,31.9950008392334,258600,2013,1,8,2,15713
32.025001525878906,32.57500076293945,32.125,32.56999969482422,463400,2013,1,9,3,15714
32.06999969482422,32.63999938964844,32.584999084472656,32.54499816894531,446400,2013,1,10,4,15715
32.310001373291016,33.41999816894531,32.63999938964844,33.27000045776367,434800,2013,1,11,5,15716
33.279998779296875,33.790000915527344,33.279998779296875,33.625,398800,2013,1,14,1,15719
33.43000030517578,34.02000045776367,33.43000030517578,33.755001068115234,454600,2013,1,15,2,15720
33.625,34.185001373291016,33.75,33.92499923706055,584800,2013,1,16,3,15721
33.900001525878906,34.380001068115234,33.95500183105469,34.34000015258789,212000,2013,1,17,4,15722
34.07500076293945,34.904998779296875,34.3849983215332,34.83000183105469,368400,2013,1,18,5,15723
34.70000076293945,35.22999954223633,34.959999084472656,34.994998931884766,593400,2013,1,22,2,15727
34.70000076293945,35.185001373291016,34.93000030517578,34.85499954223633,409200,2013,1,23,3,15728
34.845001220703125,35.16999816894531,34.845001220703125,35.06999969482422,295400,2013,1,24,4,15729
35.11000061035156,35.5,35.310001373291016,35.22999954223633,321400,2013,1,25,5,15730
34.7599983215332,35.36000061035156,35.36000061035156,35.084999084472656,305000,2013,1,28,1,15733
33.525001525878906,34.90999984741211,34.5,33.65999984741211,891200,2013,1,29,2,15734
33.29999923706055,34.03499984741211,33.56999969482422,33.81999969482422,625800,2013,1,30,3,15735
33.720001220703125,34.48500061035156,33.94499969482422,34.28499984741211,611200,2013,1,31,4,15736
34.415000915527344,34.77000045776367,34.525001525878906,34.689998626708984,261400,2013,2,1,5,15737
33.85499954223633,34.63999938964844,34.45000076293945,33.880001068115234,315800,2013,2,4,1,15740
33.98500061035156,34.564998626708984,34.060001373291016,34.14500045776367,331600,2013,2,5,2,15741
33.84000015258789,34.35499954223633,33.98500061035156,34.26499938964844,335200,2013,2,6,3,15742
35.29999923706055,37.474998474121094,35.5,35.67499923706055,1155600,2013,2,7,4,15743
35.38999938964844,35.98500061035156,35.83000183105469,35.96500015258789,516200,2013,2,8,5,15744
35.63999938964844,36.029998779296875,36.029998779296875,35.80500030517578,268800,2013,2,11,1,15747
35.67499923706055,36.040000915527344,35.75,35.775001525878906,455400,2013,2,12,2,15748
35.130001068115234,36.06999969482422,35.70500183105469,36.03499984741211,363000,2013,2,13,3,15749
35.8849983215332,36.29999923706055,35.95000076293945,36.14500045776367,896200,2013,2,14,4,15750
35.73500061035156,36.30500030517578,36.244998931884766,36.01499938964844,326000,2013,2,15,5,15751
35.875,36.70000076293945,36.10499954223633,36.70000076293945,471600,2013,2,19,2,15755
35.584999084472656,36.61000061035156,36.61000061035156,35.60499954223633,329000,2013,2,20,3,15756
35.099998474121094,35.73500061035156,35.625,35.470001220703125,221000,2013,2,21,4,15757
35.470001220703125,36.11000061035156,35.70500183105469,35.994998931884766,200400,2013,2,22,5,15758
35.73500061035156,36.599998474121094,36.29499816894531,35.744998931884766,354600,2013,2,25,1,15761
35.72999954223633,36.540000915527344,35.91999816894531,36.439998626708984,309600,2013,2,26,2,15762
36.185001373291016,36.915000915527344,36.4900016784668,36.20500183105469,481600,2013,2,27,3,15763
36.09000015258789,36.564998626708984,36.09000015258789,36.38999938964844,347400,2013,2,28,4,15764
35.55500030517578,37.13999938964844,36.03499984741211,37.0099983215332,733200,2013,3,1,5,15765
36.54499816894531,37.584999084472656,37.0,37.0,514000,2013,3,4,1,15768
37.005001068115234,37.59000015258789,37.154998779296875,37.220001220703125,515200,2013,3,5,2,15769
37.03499984741211,37.65999984741211,37.26499938964844,37.40999984741211,332800,2013,3,6,3,15770
37.334999084472656,38.44499969482422,37.540000915527344,38.38999938964844,545800,2013,3,7,4,15771
37.775001525878906,38.98500061035156,38.630001068115234,38.1349983215332,556600,2013,3,8,5,15772
37.900001525878906,38.345001220703125,37.9900016784668,38.084999084472656,287800,2013,3,11,1,15775
37.79999923706055,38.224998474121094,38.04499816894531,38.01499938964844,341200,2013,3,12,2,15776
37.88999938964844,38.46500015258789,38.095001220703125,38.34000015258789,353800,2013,3,13,3,15777
38.07500076293945,38.709999084472656,38.41999816894531,38.505001068115234,241000,2013,3,14,4,15778
38.04499816894531,39.28499984741211,38.314998626708984,38.70000076293945,595200,2013,3,15,5,15779
37.709999084472656,38.75,37.709999084472656,38.369998931884766,249800,2013,3,18,1,15782
38.084999084472656,38.69499969482422,38.369998931884766,38.35499954223633,273400,2013,3,19,2,15783
38.34000015258789,38.625,38.584999084472656,38.505001068115234,333400,2013,3,20,3,15784
38.08000183105469,38.67499923706055,38.279998779296875,38.560001373291016,310200,2013,3,21,4,15785
38.2400016784668,39.119998931884766,38.56999969482422,38.849998474121094,265600,2013,3,22,5,15786
39.28499984741211,40.04499816894531,39.3650016784668,39.67499923706055,556200,2013,3,25,1,15789
39.744998931884766,40.5,40.064998626708984,39.95500183105469,619600,2013,3,26,2,15790
39.3650016784668,40.060001373291016,39.55500030517578,39.935001373291016,382600,2013,3,27,3,15791
39.68000030517578,40.04999923706055,40.0,39.98500061035156,412600,2013,3,28,4,15792
39.41999816894531,40.21500015258789,39.875,40.1349983215332,584600,2013,4,1,1,15796
39.96500015258789,40.685001373291016,40.349998474121094,40.125,349200,2013,4,2,2,15797
39.76499938964844,40.185001373291016,40.125,40.0,613800,2013,4,3,3,15798
39.95000076293945,40.650001525878906,40.02000045776367,40.400001525878906,661600,2013,4,4,4,15799
39.185001373291016,39.78499984741211,39.685001373291016,39.584999084472656,302600,2013,4,5,5,15800
39.380001068115234,40.150001525878906,39.584999084472656,40.1349983215332,236600,2013,4,8,1,15803
39.2599983215332,40.154998779296875,40.154998779296875,39.29999923706055,279400,2013,4,9,2,15804
39.119998931884766,40.06999969482422,39.41999816894531,39.96500015258789,410600,2013,4,10,3,15805
39.45500183105469,40.13999938964844,39.8650016784668,39.875,253800,2013,4,11,4,15806
39.165000915527344,39.8650016784668,39.75,39.415000915527344,183600,2013,4,12,5,15807
37.625,39.41999816894531,39.20000076293945,37.69499969482422,548400,2013,4,15,1,15810
37.72999954223633,38.709999084472656,37.97999954223633,38.03499984741211,617200,2013,4,16,2,15811
37.45000076293945,38.935001373291016,37.95500183105469,38.154998779296875,516400,2013,4,17,3,15812
36.44499969482422,38.349998474121094,38.150001525878906,36.46500015258789,753200,2013,4,18,4,15813
37.16999816894531,39.79499816894531,37.43000030517578,39.290000915527344,1063600,2013,4,19,5,15814
38.66999816894531,39.78499984741211,39.45500183105469,39.23500061035156,392800,2013,4,22,1,15817
39.38999938964844,40.15999984741211,39.459999084472656,40.07500076293945,294000,2013,4,23,2,15818
39.69499969482422,40.29499816894531,40.08000183105469,39.755001068115234,367400,2013,4,24,3,15819
39.51499938964844,40.03499984741211,39.935001373291016,39.82500076293945,295200,2013,4,25,4,15820
39.14500045776367,40.224998474121094,39.69499969482422,39.165000915527344,251200,2013,4,26,5,15821
39.244998931884766,39.75,39.244998931884766,39.599998474121094,214200,2013,4,29,1,15824
39.415000915527344,39.9900016784668,39.5,39.845001220703125,186200,2013,4,30,2,15825
38.619998931884766,39.91999816894531,39.849998474121094,38.875,889600,2013,5,1,3,15826
38.21500015258789,39.46500015258789,39.0099983215332,38.25,1995600,2013,5,2,4,15827
38.02000045776367,38.7400016784668,38.69499969482422,38.404998779296875,863200,2013,5,3,5,15828
38.244998931884766,38.77000045776367,38.36000061035156,38.5,646600,2013,5,6,1,15831
38.369998931884766,39.04999923706055,38.470001220703125,38.95500183105469,404800,2013,5,7,2,15832
38.46500015258789,39.0,39.0,38.875,343600,2013,5,8,3,15833
38.0099983215332,39.029998779296875,38.70500183105469,38.58000183105469,380400,2013,5,9,4,15834
38.14500045776367,38.75,38.75,38.5099983215332,396200,2013,5,10,5,15835
37.7599983215332,38.4900016784668,38.345001220703125,37.779998779296875,450000,2013,5,13,1,15838
37.810001373291016,38.45500183105469,37.904998779296875,38.404998779296875,405200,2013,5,14,2,15839
38.08000183105469,38.65999984741211,38.27000045776367,38.595001220703125,356600,2013,5,15,3,15840
38.474998474121094,39.05500030517578,38.57500076293945,38.60499954223633,279000,2013,5,16,4,15841
38.595001220703125,38.915000915527344,38.88999938964844,38.810001373291016,343400,2013,5,17,5,15842
37.6150016784668,38.61000061035156,38.61000061035156,37.7599983215332,929600,2013,5,20,1,15845
37.20000076293945,37.78499984741211,37.71500015258789,37.66999816894531,947600,2013,5,21,2,15846
36.470001220703125,38.0,37.654998779296875,36.599998474121094,539200,2013,5,22,3,15847
35.93000030517578,36.875,36.290000915527344,36.7400016784668,537600,2013,5,23,4,15848
35.80500030517578,36.73500061035156,36.47999954223633,36.560001373291016,278600,2013,5,24,5,15849
36.9900016784668,37.435001373291016,36.9900016784668,37.33000183105469,446800,2013,5,28,2,15853
36.564998626708984,37.26499938964844,37.03499984741211,36.90999984741211,399400,2013,5,29,3,15854
36.900001525878906,37.5,36.900001525878906,37.415000915527344,406000,2013,5,30,4,15855
37.1349983215332,37.59000015258789,37.20500183105469,37.314998626708984,358400,2013,5,31,5,15856
36.85499954223633,37.61000061035156,37.31999969482422,37.45500183105469,473400,2013,6,3,1,15859
36.755001068115234,37.6349983215332,37.47999954223633,36.95500183105469,524600,2013,6,4,2,15860
36.584999084472656,37.255001068115234,36.875,36.724998474121094,202800,2013,6,5,3,15861
36.5,36.970001220703125,36.630001068115234,36.86000061035156,240200,2013,6,6,4,15862
36.84000015258789,37.209999084472656,37.11000061035156,36.94499969482422,282000,2013,6,7,5,15863
36.584999084472656,37.1150016784668,36.974998474121094,36.72999954223633,277000,2013,6,10,1,15866
35.95000076293945,36.494998931884766,36.36000061035156,35.98500061035156,467000,2013,6,11,2,15867
35.314998626708984,36.09000015258789,36.09000015258789,35.525001525878906,357200,2013,6,12,3,15868
35.334999084472656,36.43000030517578,35.58000183105469,36.36000061035156,331800,2013,6,13,4,15869
36.099998474121094,36.869998931884766,36.415000915527344,36.76499938964844,399600,2013,6,14,5,15870
36.974998474121094,38.04999923706055,37.1349983215332,37.97999954223633,563800,2013,6,17,1,15873
37.79999923706055,38.6349983215332,38.099998474121094,38.41999816894531,371400,2013,6,18,2,15874
38.2599983215332,38.75,38.38999938964844,38.474998474121094,481200,2013,6,19,3,15875
37.834999084472656,38.375,37.97999954223633,38.25,442600,2013,6,20,4,15876
37.94499969482422,38.57500076293945,38.5,38.29999923706055,732400,2013,6,21,5,15877
37.584999084472656,38.3849983215332,38.154998779296875,37.880001068115234,434400,2013,6,24,1,15880
37.654998779296875,38.18000030517578,38.064998626708984,37.849998474121094,308200,2013,6,25,2,15881
37.119998931884766,38.04999923706055,38.029998779296875,37.185001373291016,743800,2013,6,26,3,15882
37.244998931884766,37.8849983215332,37.25,37.744998931884766,566200,2013,6,27,4,15883
37.22999954223633,37.92499923706055,37.560001373291016,37.2400016784668,1441200,2013,6,28,5,15884
36.970001220703125,38.040000915527344,37.72999954223633,37.63999938964844,431900,2013,7,1,1,15887
34.650001525878906,37.380001068115234,37.369998931884766,36.0,3710200,2013,7,2,2,15888
35.150001525878906,36.25,35.150001525878906,36.02000045776367,618600,2013,7,3,3,15889
35.880001068115234,36.470001220703125,36.43000030517578,36.0,866500,2013,7,5,5,15891
36.02000045776367,36.709999084472656,36.16999816894531,36.439998626708984,855800,2013,7,8,1,15894
35.58000183105469,36.779998779296875,36.66999816894531,35.70000076293945,801200,2013,7,9,2,15895
35.5099983215332,36.0,35.619998931884766,35.720001220703125,1067900,2013,7,10,3,15896
34.83000183105469,36.18000030517578,36.04999923706055,35.29999923706055,1397600,2013,7,11,4,15897
35.119998931884766,35.810001373291016,35.349998474121094,35.52000045776367,511500,2013,7,12,5,15898
35.29999923706055,35.900001525878906,35.4900016784668,35.880001068115234,632500,2013,7,15,1,15901
35.790000915527344,36.09000015258789,35.9900016784668,36.09000015258789,486900,2013,7,16,2,15902
36.09000015258789,36.63999938964844,36.27000045776367,36.540000915527344,459900,2013,7,17,3,15903
36.540000915527344,37.119998931884766,36.70000076293945,37.0099983215332,489300,2013,7,18,4,15904
36.72999954223633,37.61000061035156,36.970001220703125,37.45000076293945,617400,2013,7,19,5,15905
37.459999084472656,37.93000030517578,37.5,37.880001068115234,419300,2013,7,22,1,15908
37.599998474121094,38.189998626708984,38.0,37.7400016784668,526000,2013,7,23,2,15909
37.52000045776367,38.060001373291016,37.7400016784668,37.849998474121094,684400,2013,7,24,3,15910
37.70000076293945,38.41999816894531,37.709999084472656,38.20000076293945,498300,2013,7,25,4,15911
37.75,38.189998626708984,37.93000030517578,37.900001525878906,265700,2013,7,26,5,15912
37.34000015258789,37.90999984741211,37.779998779296875,37.38999938964844,224300,2013,7,29,1,15915
37.06999969482422,37.90999984741211,37.59000015258789,37.11000061035156,303500,2013,7,30,2,15916
37.0099983215332,38.209999084472656,37.099998474121094,37.61000061035156,582500,2013,7,31,3,15917
37.4900016784668,38.02000045776367,37.79999923706055,37.91999816894531,374100,2013,8,1,4,15918
36.93000030517578,37.95000076293945,37.720001220703125,37.02000045776367,428300,2013,8,2,5,15919
36.83000183105469,37.52000045776367,37.02000045776367,37.34000015258789,352400,2013,8,5,1,15922
36.900001525878906,37.47999954223633,37.34000015258789,37.2599983215332,281200,2013,8,6,2,15923
36.91999816894531,38.029998779296875,37.34000015258789,37.9900016784668,614400,2013,8,7,3,15924
37.36000061035156,38.56999969482422,38.09000015258789,37.880001068115234,415100,2013,8,8,4,15925
37.869998931884766,39.5,37.869998931884766,39.06999969482422,485300,2013,8,9,5,15926
38.619998931884766,39.709999084472656,38.88999938964844,39.560001373291016,281100,2013,8,12,1,15929
39.5099983215332,40.439998626708984,39.5099983215332,40.130001068115234,298300,2013,8,13,2,15930
39.529998779296875,40.16999816894531,40.029998779296875,39.59000015258789,287100,2013,8,14,3,15931
38.599998474121094,39.2400016784668,39.2400016784668,38.900001525878906,307700,2013,8,15,4,15932
38.70000076293945,39.209999084472656,38.7599983215332,38.93000030517578,236000,2013,8,16,5,15933
38.27000045776367,39.2599983215332,38.810001373291016,38.369998931884766,226500,2013,8,19,1,15936
38.189998626708984,39.220001220703125,38.310001373291016,38.900001525878906,431300,2013,8,20,2,15937
38.0099983215332,39.04999923706055,38.77000045776367,38.11000061035156,237100,2013,8,21,3,15938
37.95000076293945,38.560001373291016,38.25,38.16999816894531,321000,2013,8,22,4,15939
38.06999969482422,38.380001068115234,38.16999816894531,38.2400016784668,427700,2013,8,23,5,15940
37.72999954223633,38.650001525878906,38.20000076293945,37.97999954223633,289200,2013,8,26,1,15943
37.15999984741211,37.869998931884766,37.720001220703125,37.209999084472656,264900,2013,8,27,2,15944
37.08000183105469,37.5099983215332,37.16999816894531,37.439998626708984,335600,2013,8,28,3,15945
37.45000076293945,38.220001220703125,37.470001220703125,38.099998474121094,279300,2013,8,29,4,15946
37.34000015258789,38.099998474121094,38.0,37.5099983215332,375300,2013,8,30,5,15947
36.959999084472656,38.09000015258789,37.90999984741211,37.5,267000,2013,9,3,2,15951
37.5,38.209999084472656,37.5,37.810001373291016,397900,2013,9,4,3,15952
37.66999816894531,38.66999816894531,37.93000030517578,38.45000076293945,437200,2013,9,5,4,15953
37.84000015258789,38.959999084472656,38.560001373291016,38.40999984741211,352900,2013,9,6,5,15954
38.45000076293945,38.900001525878906,38.45000076293945,38.869998931884766,112600,2013,9,9,1,15957
38.810001373291016,39.66999816894531,38.970001220703125,39.66999816894531,265800,2013,9,10,2,15958
39.36000061035156,40.119998931884766,39.560001373291016,39.5,171200,2013,9,11,3,15959
39.13999938964844,39.70000076293945,39.400001525878906,39.13999938964844,217700,2013,9,12,4,15960
35.849998474121094,39.970001220703125,39.2400016784668,39.61000061035156,267800,2013,9,13,5,15961
39.83000183105469,40.709999084472656,40.0,40.66999816894531,334600,2013,9,16,1,15964
40.41999816894531,42.130001068115234,40.66999816894531,42.0,514900,2013,9,17,2,15965
41.70000076293945,43.540000915527344,41.869998931884766,42.52000045776367,738700,2013,9,18,3,15966
42.52000045776367,43.90999984741211,42.52000045776367,43.209999084472656,341300,2013,9,19,4,15967
42.41999816894531,43.5,43.36000061035156,42.77000045776367,542400,2013,9,20,5,15968
42.33000183105469,42.90999984741211,42.77000045776367,42.84000015258789,317700,2013,9,23,1,15971
42.400001525878906,44.599998474121094,42.77000045776367,43.939998626708984,609500,2013,9,24,2,15972
42.900001525878906,43.869998931884766,43.81999969482422,43.09000015258789,330300,2013,9,25,3,15973
43.09000015258789,45.349998474121094,43.09000015258789,45.290000915527344,663200,2013,9,26,4,15974
44.279998779296875,45.279998779296875,44.91999816894531,44.810001373291016,450100,2013,9,27,5,15975
44.099998474121094,45.04999923706055,44.33000183105469,45.040000915527344,382900,2013,9,30,1,15978
45.0,47.29999923706055,45.04999923706055,46.849998474121094,699800,2013,10,1,2,15979
46.130001068115234,46.77000045776367,46.68000030517578,46.77000045776367,384500,2013,10,2,3,15980
45.84000015258789,46.7599983215332,46.54999923706055,46.61000061035156,385500,2013,10,3,4,15981
46.25,47.20000076293945,46.4900016784668,46.869998931884766,384700,2013,10,4,5,15982
46.119998931884766,46.90999984741211,46.47999954223633,46.33000183105469,274700,2013,10,7,1,15985
45.209999084472656,46.650001525878906,46.22999954223633,45.369998931884766,558700,2013,10,8,2,15986
44.689998626708984,45.75,45.380001068115234,44.86000061035156,617000,2013,10,9,3,15987
45.040000915527344,47.380001068115234,45.22999954223633,46.779998779296875,540400,2013,10,10,4,15988
45.5,46.72999954223633,46.54999923706055,46.459999084472656,828600,2013,10,11,5,15989
46.0099983215332,47.36000061035156,46.29999923706055,47.34000015258789,473600,2013,10,14,1,15992
46.709999084472656,47.25,47.040000915527344,47.130001068115234,351200,2013,10,15,2,15993
47.34000015258789,48.16999816894531,47.529998779296875,47.720001220703125,291500,2013,10,16,3,15994
47.349998474121094,48.560001373291016,47.650001525878906,48.560001373291016,485200,2013,10,17,4,15995
48.130001068115234,49.29999923706055,48.97999954223633,49.189998626708984,464400,2013,10,18,5,15996
49.0099983215332,49.68000030517578,49.25,49.41999816894531,253500,2013,10,21,1,15999
49.599998474121094,50.54999923706055,49.599998474121094,50.40999984741211,342400,2013,10,22,2,16000
49.209999084472656,50.380001068115234,50.02000045776367,49.689998626708984,260000,2013,10,23,3,16001
49.060001373291016,49.79999923706055,49.689998626708984,49.58000183105469,305700,2013,10,24,4,16002
48.56999969482422,49.75,49.72999954223633,48.90999984741211,314500,2013,10,25,5,16003
48.58000183105469,49.400001525878906,48.93000030517578,49.099998474121094,238600,2013,10,28,1,16006
48.77000045776367,49.66999816894531,49.130001068115234,49.38999938964844,171100,2013,10,29,2,16007
48.52000045776367,49.349998474121094,49.279998779296875,48.650001525878906,263200,2013,10,30,3,16008
48.2599983215332,49.220001220703125,48.560001373291016,48.45000076293945,240600,2013,10,31,4,16009
47.400001525878906,48.779998779296875,48.369998931884766,47.689998626708984,471900,2013,11,1,5,16010
47.720001220703125,48.11000061035156,47.91999816894531,48.029998779296875,329400,2013,11,4,1,16013
47.84000015258789,48.4900016784668,47.97999954223633,48.08000183105469,220500,2013,11,5,2,16014
47.54999923706055,48.560001373291016,48.189998626708984,47.560001373291016,215900,2013,11,6,3,16015
46.36000061035156,47.65999984741211,47.65999984741211,46.40999984741211,422200,2013,11,7,4,16016
46.34000015258789,47.33000183105469,46.34000015258789,47.02000045776367,376600,2013,11,8,5,16017
46.86000061035156,47.25,47.0,47.06999969482422,313900,2013,11,11,1,16020
46.7400016784668,47.209999084472656,46.880001068115234,46.900001525878906,299200,2013,11,12,2,16021
46.459999084472656,46.91999816894531,46.459999084472656,46.70000076293945,382800,2013,11,13,3,16022
46.66999816894531,47.22999954223633,46.81999969482422,46.93000030517578,402400,2013,11,14,4,16023
43.63999938964844,48.08000183105469,47.36000061035156,44.529998779296875,1510700,2013,11,15,5,16024
44.5,45.31999969482422,44.86000061035156,44.650001525878906,563200,2013,11,18,1,16027
44.279998779296875,44.810001373291016,44.54999923706055,44.61000061035156,707700,2013,11,19,2,16028
44.369998931884766,44.9900016784668,44.79999923706055,44.77000045776367,443600,2013,11,20,3,16029
44.709999084472656,46.33000183105469,44.88999938964844,46.189998626708984,615500,2013,11,21,4,16030
45.540000915527344,46.400001525878906,46.31999969482422,45.75,372200,2013,11,22,5,16031
45.279998779296875,45.880001068115234,45.68000030517578,45.470001220703125,218700,2013,11,25,1,16034
45.0099983215332,45.7599983215332,45.38999938964844,45.5,267600,2013,11,26,2,16035
45.150001525878906,45.84000015258789,45.5,45.400001525878906,224600,2013,11,27,3,16036
45.29999923706055,45.84000015258789,45.77000045776367,45.5,229800,2013,11,29,5,16038
45.2400016784668,45.810001373291016,45.61000061035156,45.349998474121094,344900,2013,12,2,1,16041
44.560001373291016,45.58000183105469,45.38999938964844,44.77000045776367,356600,2013,12,3,2,16042
43.560001373291016,44.84000015258789,44.66999816894531,44.08000183105469,376500,2013,12,4,3,16043
43.63999938964844,44.779998779296875,44.0099983215332,44.43000030517578,313800,2013,12,5,4,16044
44.869998931884766,45.13999938964844,44.900001525878906,44.869998931884766,210400,2013,12,6,5,16045
44.4900016784668,45.5,44.869998931884766,44.619998931884766,252800,2013,12,9,1,16048
44.150001525878906,44.650001525878906,44.4900016784668,44.459999084472656,266900,2013,12,10,2,16049
43.7599983215332,44.470001220703125,44.439998626708984,43.869998931884766,275500,2013,12,11,3,16050
43.029998779296875,44.060001373291016,43.779998779296875,43.22999954223633,350500,2013,12,12,4,16051
43.099998474121094,43.810001373291016,43.34000015258789,43.20000076293945,300900,2013,12,13,5,16052
43.20000076293945,43.869998931884766,43.27000045776367,43.630001068115234,270100,2013,12,16,1,16055
42.72999954223633,43.66999816894531,43.5099983215332,43.16999816894531,250600,2013,12,17,2,16056
42.709999084472656,43.689998626708984,43.13999938964844,43.54999923706055,290900,2013,12,18,3,16057
42.95000076293945,43.619998931884766,43.52000045776367,43.040000915527344,225900,2013,12,19,4,16058
42.790000915527344,43.869998931884766,43.13999938964844,43.779998779296875,596200,2013,12,20,5,16059
43.29999923706055,44.119998931884766,43.90999984741211,44.0,448400,2013,12,23,1,16062
43.88999938964844,44.31999969482422,44.18000030517578,43.95000076293945,158100,2013,12,24,2,16063
43.70000076293945,44.279998779296875,44.029998779296875,43.88999938964844,517000,2013,12,26,4,16065
43.52000045776367,44.16999816894531,44.08000183105469,43.689998626708984,241400,2013,12,27,5,16066
43.2599983215332,43.75,43.70000076293945,43.400001525878906,252600,2013,12,30,1,16069
43.529998779296875,44.34000015258789,43.61000061035156,43.9900016784668,472400,2013,12,31,2,16070
42.47999954223633,43.84000015258789,43.7400016784668,42.68000030517578,360800,2014,1,2,4,16072
42.4900016784668,42.849998474121094,42.61000061035156,42.54999923706055,387700,2014,1,3,5,16073
41.65999984741211,42.7400016784668,42.59000015258789,41.65999984741211,462300,2014,1,6,1,16076
41.119998931884766,42.439998626708984,41.689998626708984,42.40999984741211,410300,2014,1,7,2,16077
41.93000030517578,43.0,42.310001373291016,42.97999954223633,735600,2014,1,8,3,16078
43.04999923706055,44.5099983215332,43.2400016784668,44.36000061035156,642900,2014,1,9,4,16079
44.290000915527344,44.88999938964844,44.47999954223633,44.40999984741211,445900,2014,1,10,5,16080
43.20000076293945,44.5099983215332,44.369998931884766,43.380001068115234,499000,2014,1,13,1,16083
43.470001220703125,44.619998931884766,43.689998626708984,44.220001220703125,280600,2014,1,14,2,16084
43.779998779296875,44.400001525878906,44.209999084472656,44.189998626708984,264300,2014,1,15,3,16085
43.77000045776367,44.459999084472656,44.20000076293945,44.209999084472656,426500,2014,1,16,4,16086
43.61000061035156,44.529998779296875,44.11000061035156,43.720001220703125,381100,2014,1,17,5,16087
43.20000076293945,44.27000045776367,44.119998931884766,43.619998931884766,252900,2014,1,21,2,16091
43.06999969482422,43.650001525878906,43.54999923706055,43.5099983215332,248400,2014,1,22,3,16092
42.41999816894531,43.36000061035156,43.2400016784668,42.790000915527344,340200,2014,1,23,4,16093
41.79999923706055,42.790000915527344,42.40999984741211,42.119998931884766,427900,2014,1,24,5,16094
41.290000915527344,42.2400016784668,42.150001525878906,41.400001525878906,327000,2014,1,27,1,16097
41.25,42.130001068115234,41.45000076293945,42.119998931884766,573600,2014,1,28,2,16098
41.5099983215332,42.209999084472656,41.900001525878906,41.900001525878906,524500,2014,1,29,3,16099
41.959999084472656,42.650001525878906,42.290000915527344,42.41999816894531,426100,2014,1,30,4,16100
41.40999984741211,42.540000915527344,41.58000183105469,42.369998931884766,474500,2014,1,31,5,16101
40.7400016784668,42.560001373291016,42.310001373291016,40.81999969482422,553100,2014,2,3,1,16104
40.61000061035156,41.43000030517578,41.060001373291016,41.310001373291016,413200,2014,2,4,2,16105
40.77000045776367,41.939998626708984,41.220001220703125,41.88999938964844,610100,2014,2,5,3,16106
45.63999938964844,50.2400016784668,45.63999938964844,50.09000015258789,2083100,2014,2,6,4,16107
46.91999816894531,48.91999816894531,48.70000076293945,47.22999954223633,896800,2014,2,7,5,16108
46.310001373291016,47.77000045776367,47.13999938964844,47.75,566600,2014,2,10,1,16111
47.369998931884766,48.59000015258789,47.93000030517578,47.52000045776367,326600,2014,2,11,2,16112
46.599998474121094,47.7599983215332,47.369998931884766,47.16999816894531,364100,2014,2,12,3,16113
46.599998474121094,47.470001220703125,46.83000183105469,47.400001525878906,326900,2014,2,13,4,16114
46.439998626708984,47.58000183105469,47.40999984741211,46.5,390900,2014,2,14,5,16115
46.529998779296875,47.349998474121094,46.68000030517578,46.900001525878906,505800,2014,2,18,2,16119
46.400001525878906,47.220001220703125,46.599998474121094,46.630001068115234,403300,2014,2,19,3,16120
46.2400016784668,47.349998474121094,46.810001373291016,47.220001220703125,476100,2014,2,20,4,16121
47.150001525878906,47.95000076293945,47.45000076293945,47.2400016784668,309700,2014,2,21,5,16122
47.0099983215332,48.2599983215332,47.400001525878906,48.0099983215332,351500,2014,2,24,1,16125
47.529998779296875,48.369998931884766,48.0,47.619998931884766,246800,2014,2,25,2,16126
47.59000015258789,48.45000076293945,47.810001373291016,48.18000030517578,210000,2014,2,26,3,16127
47.939998626708984,48.93000030517578,47.97999954223633,48.779998779296875,371400,2014,2,27,4,16128
47.47999954223633,49.209999084472656,49.0099983215332,47.790000915527344,458400,2014,2,28,5,16129
47.040000915527344,47.84000015258789,47.40999984741211,47.75,328000,2014,3,3,1,16132
48.20000076293945,49.689998626708984,48.40999984741211,49.310001373291016,499500,2014,3,4,2,16133
48.470001220703125,49.400001525878906,49.20000076293945,48.599998474121094,373500,2014,3,5,3,16134
48.529998779296875,49.15999984741211,48.56999969482422,48.54999923706055,338000,2014,3,6,4,16135
47.83000183105469,48.86000061035156,48.66999816894531,47.91999816894531,417600,2014,3,7,5,16136
47.630001068115234,48.470001220703125,47.939998626708984,48.0099983215332,303400,2014,3,10,1,16139
46.66999816894531,47.959999084472656,47.959999084472656,47.09000015258789,449000,2014,3,11,2,16140
46.72999954223633,47.41999816894531,46.90999984741211,47.13999938964844,389100,2014,3,12,3,16141
46.459999084472656,47.619998931884766,47.40999984741211,46.72999954223633,388700,2014,3,13,4,16142
45.81999969482422,46.900001525878906,46.40999984741211,45.9900016784668,293300,2014,3,14,5,16143
45.58000183105469,46.470001220703125,46.36000061035156,45.689998626708984,310700,2014,3,17,1,16146
45.689998626708984,46.77000045776367,45.849998474121094,46.47999954223633,294700,2014,3,18,2,16147
45.29999923706055,46.77000045776367,46.65999984741211,45.63999938964844,260400,2014,3,19,3,16148
44.939998626708984,45.90999984741211,45.41999816894531,45.099998474121094,275700,2014,3,20,4,16149
44.380001068115234,45.439998626708984,45.220001220703125,44.40999984741211,601400,2014,3,21,5,16150
43.459999084472656,45.5,44.540000915527344,43.91999816894531,300300,2014,3,24,1,16153
43.25,44.40999984741211,44.18000030517578,43.970001220703125,448000,2014,3,25,2,16154
43.220001220703125,44.59000015258789,44.20000076293945,43.22999954223633,365800,2014,3,26,3,16155
43.0099983215332,43.900001525878906,43.20000076293945,43.79999923706055,416100,2014,3,27,4,16156
43.5099983215332,44.529998779296875,43.790000915527344,44.220001220703125,408200,2014,3,28,5,16157
43.84000015258789,44.91999816894531,44.619998931884766,44.86000061035156,451800,2014,3,31,1,16160
44.619998931884766,45.47999954223633,44.72999954223633,45.220001220703125,444600,2014,4,1,2,16161
44.290000915527344,45.43000030517578,45.20000076293945,44.79999923706055,209400,2014,4,2,3,16162
43.880001068115234,45.060001373291016,44.90999984741211,44.18000030517578,273700,2014,4,3,4,16163
42.90999984741211,44.959999084472656,44.650001525878906,43.40999984741211,522000,2014,4,4,5,16164
42.439998626708984,43.56999969482422,43.2400016784668,42.47999954223633,303200,2014,4,7,1,16167
41.75,42.93000030517578,42.439998626708984,42.779998779296875,304100,2014,4,8,2,16168
42.619998931884766,43.4900016784668,42.83000183105469,43.41999816894531,217900,2014,4,9,3,16169
42.369998931884766,43.5,43.38999938964844,42.70000076293945,337000,2014,4,10,4,16170
41.91999816894531,42.91999816894531,42.27000045776367,42.150001525878906,300600,2014,4,11,5,16171
41.779998779296875,42.83000183105469,42.68000030517578,42.22999954223633,294100,2014,4,14,1,16174
40.93000030517578,42.439998626708984,42.2599983215332,42.310001373291016,397600,2014,4,15,2,16175
42.13999938964844,43.04999923706055,42.66999816894531,42.720001220703125,310000,2014,4,16,3,16176
42.16999816894531,42.81999969482422,42.45000076293945,42.47999954223633,498800,2014,4,17,4,16177
41.779998779296875,42.810001373291016,42.5099983215332,42.70000076293945,260200,2014,4,21,1,16181
42.34000015258789,43.40999984741211,42.79999923706055,43.09000015258789,352000,2014,4,22,2,16182
42.04999923706055,43.06999969482422,43.06999969482422,42.29999923706055,412800,2014,4,23,3,16183
41.619998931884766,42.59000015258789,42.529998779296875,41.91999816894531,478600,2014,4,24,4,16184
41.0,41.959999084472656,41.72999954223633,41.54999923706055,694500,2014,4,25,5,16185
40.27000045776367,42.029998779296875,41.84000015258789,41.060001373291016,627800,2014,4,28,1,16188
40.9900016784668,43.040000915527344,41.38999938964844,42.91999816894531,749700,2014,4,29,2,16189
42.25,43.08000183105469,42.619998931884766,42.56999969482422,465600,2014,4,30,3,16190
41.40999984741211,42.63999938964844,42.38999938964844,41.709999084472656,396300,2014,5,1,4,16191
41.720001220703125,42.7400016784668,41.939998626708984,42.2599983215332,450000,2014,5,2,5,16192
41.400001525878906,42.25,42.0099983215332,42.08000183105469,428800,2014,5,5,1,16195
41.290000915527344,41.939998626708984,41.869998931884766,41.65999984741211,401600,2014,5,6,2,16196
40.849998474121094,42.119998931884766,41.869998931884766,42.040000915527344,460000,2014,5,7,3,16197
42.06999969482422,45.72999954223633,42.189998626708984,43.90999984741211,706600,2014,5,8,4,16198
43.16999816894531,44.06999969482422,43.56999969482422,43.689998626708984,442100,2014,5,9,5,16199
43.66999816894531,44.72999954223633,44.06999969482422,44.4900016784668,349500,2014,5,12,1,16202
43.08000183105469,44.33000183105469,44.310001373291016,43.130001068115234,445100,2014,5,13,2,16203
42.59000015258789,43.290000915527344,43.130001068115234,42.65999984741211,380000,2014,5,14,3,16204
41.7599983215332,43.369998931884766,42.31999969482422,43.150001525878906,479200,2014,5,15,4,16205
42.209999084472656,43.13999938964844,43.099998474121094,42.86000061035156,258700,2014,5,16,5,16206
42.20000076293945,43.470001220703125,42.43000030517578,43.439998626708984,206900,2014,5,19,1,16209
42.27000045776367,43.470001220703125,43.119998931884766,42.56999969482422,385600,2014,5,20,2,16210
42.220001220703125,42.869998931884766,42.47999954223633,42.59000015258789,279500,2014,5,21,3,16211
42.400001525878906,43.0,42.59000015258789,42.540000915527344,238300,2014,5,22,4,16212
42.380001068115234,42.959999084472656,42.630001068115234,42.880001068115234,193700,2014,5,23,5,16213
42.90999984741211,43.72999954223633,43.060001373291016,43.5,208500,2014,5,27,2,16217
43.02000045776367,44.029998779296875,43.5,44.0,273500,2014,5,28,3,16218
43.939998626708984,45.08000183105469,44.150001525878906,45.029998779296875,373500,2014,5,29,4,16219
44.349998474121094,45.029998779296875,44.97999954223633,44.68000030517578,350900,2014,5,30,5,16220
43.95000076293945,44.95000076293945,44.7599983215332,44.400001525878906,352500,2014,6,2,1,16223
43.560001373291016,44.650001525878906,43.95000076293945,44.369998931884766,527900,2014,6,3,2,16224
43.5,44.68000030517578,44.099998474121094,44.09000015258789,213400,2014,6,4,3,16225
43.599998474121094,44.959999084472656,44.15999984741211,44.54999923706055,276900,2014,6,5,4,16226
45.36000061035156,46.47999954223633,45.84000015258789,46.08000183105469,381600,2014,6,6,5,16227
42.470001220703125,45.130001068115234,44.150001525878906,43.790000915527344,877500,2014,6,9,1,16230
43.54999923706055,43.970001220703125,43.75,43.709999084472656,417800,2014,6,10,2,16231
43.31999969482422,43.83000183105469,43.40999984741211,43.70000076293945,358700,2014,6,11,3,16232
41.849998474121094,43.56999969482422,43.56999969482422,42.18000030517578,520100,2014,6,12,4,16233
42.06999969482422,42.689998626708984,42.5,42.560001373291016,360700,2014,6,13,5,16234
42.0,42.5099983215332,42.34000015258789,42.099998474121094,172700,2014,6,16,1,16237
41.18000030517578,42.27000045776367,41.959999084472656,41.209999084472656,404800,2014,6,17,2,16238
40.5,41.33000183105469,41.22999954223633,41.29999923706055,331500,2014,6,18,3,16239
41.34000015258789,42.060001373291016,41.4900016784668,41.959999084472656,272900,2014,6,19,4,16240
41.7599983215332,42.720001220703125,42.02000045776367,42.70000076293945,763900,2014,6,20,5,16241
42.29999923706055,42.81999969482422,42.66999816894531,42.47999954223633,208200,2014,6,23,1,16244
42.4900016784668,43.45000076293945,42.619998931884766,42.4900016784668,300700,2014,6,24,2,16245
42.25,42.84000015258789,42.25,42.59000015258789,323900,2014,6,25,3,16246
42.119998931884766,42.65999984741211,42.65999984741211,42.349998474121094,190400,2014,6,26,4,16247
42.130001068115234,42.939998626708984,42.130001068115234,42.90999984741211,880100,2014,6,27,5,16248
42.540000915527344,43.130001068115234,42.79999923706055,43.02000045776367,448800,2014,6,30,1,16251
42.779998779296875,43.15999984741211,43.060001373291016,42.849998474121094,471900,2014,7,1,2,16252
42.369998931884766,43.0,42.83000183105469,42.380001068115234,221900,2014,7,2,3,16253
42.33000183105469,43.02000045776367,42.459999084472656,42.9900016784668,215600,2014,7,3,4,16254
42.16999816894531,42.779998779296875,42.779998779296875,42.20000076293945,266500,2014,7,7,1,16258
42.0,42.529998779296875,42.2400016784668,42.4900016784668,465700,2014,7,8,2,16259
42.439998626708984,42.81999969482422,42.7400016784668,42.630001068115234,337700,2014,7,9,3,16260
41.58000183105469,42.22999954223633,41.66999816894531,42.0099983215332,214700,2014,7,10,4,16261
41.56999969482422,42.06999969482422,42.06999969482422,41.86000061035156,127200,2014,7,11,5,16262
41.849998474121094,42.56999969482422,42.310001373291016,41.90999984741211,264900,2014,7,14,1,16265
41.15999984741211,42.16999816894531,41.790000915527344,41.380001068115234,315000,2014,7,15,2,16266
41.16999816894531,41.81999969482422,41.540000915527344,41.59000015258789,164400,2014,7,16,3,16267
40.91999816894531,41.630001068115234,41.38999938964844,41.029998779296875,214900,2014,7,17,4,16268
40.810001373291016,41.41999816894531,40.91999816894531,41.15999984741211,278900,2014,7,18,5,16269
40.7400016784668,41.52000045776367,41.04999923706055,41.40999984741211,190800,2014,7,21,1,16272
41.400001525878906,41.86000061035156,41.709999084472656,41.72999954223633,185800,2014,7,22,2,16273
41.63999938964844,42.56999969482422,41.93000030517578,42.54999923706055,215600,2014,7,23,3,16274
42.560001373291016,43.09000015258789,42.72999954223633,42.95000076293945,403400,2014,7,24,4,16275
42.43000030517578,43.22999954223633,42.52000045776367,43.02000045776367,232500,2014,7,25,5,16276
42.84000015258789,43.38999938964844,43.11000061035156,42.849998474121094,265300,2014,7,28,1,16279
42.65999984741211,43.400001525878906,42.779998779296875,42.68000030517578,244900,2014,7,29,2,16280
42.279998779296875,42.88999938964844,42.88999938964844,42.310001373291016,222200,2014,7,30,3,16281
41.34000015258789,42.279998779296875,41.810001373291016,41.36000061035156,329300,2014,7,31,4,16282
40.65999984741211,41.790000915527344,41.470001220703125,40.86000061035156,232900,2014,8,1,5,16283
40.369998931884766,41.130001068115234,41.040000915527344,41.06999969482422,219900,2014,8,4,1,16286
40.75,41.91999816894531,40.91999816894531,41.52000045776367,199500,2014,8,5,2,16287
41.040000915527344,41.90999984741211,41.369998931884766,41.65999984741211,196800,2014,8,6,3,16288
38.2400016784668,42.47999954223633,42.08000183105469,38.56999969482422,1501600,2014,8,7,4,16289
37.939998626708984,40.5,38.20000076293945,39.93000030517578,780600,2014,8,8,5,16290
39.290000915527344,40.099998474121094,39.93000030517578,39.779998779296875,413700,2014,8,11,1,16293
38.95000076293945,39.849998474121094,39.59000015258789,39.09000015258789,458000,2014,8,12,2,16294
38.900001525878906,39.459999084472656,39.150001525878906,39.29999923706055,309000,2014,8,13,3,16295
39.150001525878906,39.650001525878906,39.459999084472656,39.52000045776367,254800,2014,8,14,4,16296
38.52000045776367,39.97999954223633,39.95000076293945,39.79999923706055,771900,2014,8,15,5,16297
39.97999954223633,40.970001220703125,40.18000030517578,40.93000030517578,690700,2014,8,18,1,16300
40.77000045776367,41.5099983215332,40.900001525878906,41.43000030517578,380300,2014,8,19,2,16301
40.95000076293945,41.68000030517578,41.220001220703125,41.5099983215332,359300,2014,8,20,3,16302
40.939998626708984,41.66999816894531,41.45000076293945,41.61000061035156,256400,2014,8,21,4,16303
41.20000076293945,41.75,41.650001525878906,41.400001525878906,596300,2014,8,22,5,16304
40.959999084472656,41.66999816894531,41.66999816894531,41.11000061035156,327100,2014,8,25,1,16307
40.880001068115234,41.47999954223633,41.2400016784668,41.29999923706055,317700,2014,8,26,2,16308
40.88999938964844,41.369998931884766,41.369998931884766,40.97999954223633,339900,2014,8,27,3,16309
40.7400016784668,41.220001220703125,40.97999954223633,41.04999923706055,319200,2014,8,28,4,16310
40.869998931884766,41.290000915527344,41.04999923706055,41.20000076293945,189700,2014,8,29,5,16311
41.099998474121094,41.869998931884766,41.279998779296875,41.7599983215332,287900,2014,9,2,2,16315
41.790000915527344,42.380001068115234,41.97999954223633,41.900001525878906,324300,2014,9,3,3,16316
41.779998779296875,42.29999923706055,41.970001220703125,41.849998474121094,280900,2014,9,4,4,16317
41.38999938964844,41.9900016784668,41.65999984741211,41.90999984741211,165300,2014,9,5,5,16318
41.5099983215332,42.27000045776367,41.939998626708984,41.86000061035156,397500,2014,9,8,1,16321
41.08000183105469,41.880001068115234,41.70000076293945,41.5,274600,2014,9,9,2,16322
41.040000915527344,41.7599983215332,41.540000915527344,41.619998931884766,296800,2014,9,10,3,16323
41.20000076293945,41.529998779296875,41.4900016784668,41.349998474121094,347400,2014,9,11,4,16324
40.81999969482422,41.5,41.400001525878906,41.34000015258789,244700,2014,9,12,5,16325
41.29999923706055,41.869998931884766,41.33000183105469,41.400001525878906,353200,2014,9,15,1,16328
40.91999816894531,41.5,41.41999816894531,41.279998779296875,538700,2014,9,16,2,16329
41.11000061035156,41.709999084472656,41.189998626708984,41.349998474121094,190800,2014,9,17,3,16330
41.2400016784668,41.849998474121094,41.459999084472656,41.70000076293945,336900,2014,9,18,4,16331
41.540000915527344,42.119998931884766,41.779998779296875,41.56999969482422,683600,2014,9,19,5,16332
40.959999084472656,41.43000030517578,41.43000030517578,41.2400016784668,227900,2014,9,22,1,16335
40.849998474121094,41.5099983215332,41.060001373291016,41.060001373291016,287700,2014,9,23,2,16336
40.849998474121094,41.619998931884766,41.2400016784668,41.0,473200,2014,9,24,3,16337
40.25,40.959999084472656,40.93000030517578,40.25,338900,2014,9,25,4,16338
40.25,40.650001525878906,40.25,40.619998931884766,198900,2014,9,26,5,16339
40.290000915527344,41.11000061035156,40.290000915527344,40.72999954223633,260000,2014,9,29,1,16342
40.02000045776367,40.689998626708984,40.689998626708984,40.130001068115234,397300,2014,9,30,2,16343
38.97999954223633,40.16999816894531,39.97999954223633,39.0,618800,2014,10,1,3,16344
38.93000030517578,39.560001373291016,38.93000030517578,39.11000061035156,363300,2014,10,2,4,16345
39.52000045776367,39.95000076293945,39.529998779296875,39.779998779296875,375200,2014,10,3,5,16346
39.81999969482422,40.27000045776367,39.970001220703125,39.880001068115234,368700,2014,10,6,1,16349
39.540000915527344,40.43000030517578,39.650001525878906,40.150001525878906,542400,2014,10,7,2,16350
39.72999954223633,40.45000076293945,40.060001373291016,40.209999084472656,500600,2014,10,8,3,16351
39.900001525878906,40.52000045776367,40.20000076293945,39.90999984741211,651100,2014,10,9,4,16352
39.86000061035156,40.880001068115234,39.86000061035156,40.099998474121094,273800,2014,10,10,5,16353
39.93000030517578,40.880001068115234,40.150001525878906,40.0,344500,2014,10,13,1,16356
40.119998931884766,40.7400016784668,40.2599983215332,40.2400016784668,323600,2014,10,14,2,16357
39.560001373291016,41.06999969482422,39.93000030517578,40.81999969482422,306600,2014,10,15,3,16358
40.279998779296875,41.060001373291016,40.5099983215332,40.869998931884766,355400,2014,10,16,4,16359
40.97999954223633,41.529998779296875,41.529998779296875,41.310001373291016,356200,2014,10,17,5,16360
41.08000183105469,41.9900016784668,41.25,41.9900016784668,309800,2014,10,20,1,16363
42.060001373291016,43.310001373291016,42.220001220703125,43.15999984741211,318600,2014,10,21,2,16364
42.599998474121094,43.68000030517578,43.22999954223633,42.689998626708984,397800,2014,10,22,3,16365
42.65999984741211,43.41999816894531,43.119998931884766,42.849998474121094,344400,2014,10,23,4,16366
42.97999954223633,43.66999816894531,42.97999954223633,43.540000915527344,160100,2014,10,24,5,16367
43.189998626708984,44.0,43.41999816894531,43.939998626708984,159200,2014,10,27,1,16370
43.959999084472656,46.40999984741211,44.0,46.369998931884766,602800,2014,10,28,2,16371
46.380001068115234,47.619998931884766,46.7400016784668,47.41999816894531,601400,2014,10,29,3,16372
47.0,48.25,47.40999984741211,47.93000030517578,454500,2014,10,30,4,16373
47.9900016784668,48.7400016784668,48.349998474121094,48.459999084472656,403400,2014,10,31,5,16374
48.040000915527344,48.72999954223633,48.34000015258789,48.63999938964844,417900,2014,11,3,1,16377
48.43000030517578,49.060001373291016,48.61000061035156,49.0,237600,2014,11,4,2,16378
48.849998474121094,49.38999938964844,49.2599983215332,49.2400016784668,266400,2014,11,5,3,16379
49.06999969482422,49.65999984741211,49.29999923706055,49.2599983215332,383900,2014,11,6,4,16380
48.56999969482422,49.27000045776367,49.150001525878906,49.189998626708984,461900,2014,11,7,5,16381
48.939998626708984,49.470001220703125,49.189998626708984,49.459999084472656,396100,2014,11,10,1,16384
48.95000076293945,49.66999816894531,49.5,49.5099983215332,389300,2014,11,11,2,16385
49.310001373291016,50.689998626708984,49.369998931884766,50.33000183105469,468700,2014,11,12,3,16386
49.5099983215332,51.52000045776367,51.40999984741211,50.220001220703125,629500,2014,11,13,4,16387
50.380001068115234,54.0,50.380001068115234,52.56999969482422,672300,2014,11,14,5,16388
51.689998626708984,53.08000183105469,52.54999923706055,51.880001068115234,499700,2014,11,17,1,16391
51.779998779296875,52.59000015258789,52.13999938964844,52.06999969482422,230500,2014,11,18,2,16392
51.43000030517578,52.41999816894531,52.25,51.90999984741211,280500,2014,11,19,3,16393
51.40999984741211,51.810001373291016,51.7599983215332,51.599998474121094,302400,2014,11,20,4,16394
51.849998474121094,52.58000183105469,52.290000915527344,52.099998474121094,204400,2014,11,21,5,16395
52.06999969482422,52.75,52.349998474121094,52.369998931884766,289700,2014,11,24,1,16398
52.209999084472656,52.90999984741211,52.599998474121094,52.41999816894531,278900,2014,11,25,2,16399
52.31999969482422,53.0,52.380001068115234,52.47999954223633,203300,2014,11,26,3,16400
52.310001373291016,53.380001068115234,52.650001525878906,52.38999938964844,129400,2014,11,28,5,16402
51.9900016784668,53.0,52.40999984741211,52.68000030517578,532600,2014,12,1,1,16405
52.709999084472656,53.65999984741211,52.790000915527344,53.529998779296875,319200,2014,12,2,2,16406
53.15999984741211,54.15999984741211,53.849998474121094,53.88999938964844,432200,2014,12,3,3,16407
53.04999923706055,54.220001220703125,53.939998626708984,53.31999969482422,335700,2014,12,4,4,16408
53.029998779296875,53.880001068115234,53.369998931884766,53.27000045776367,232800,2014,12,5,5,16409
52.91999816894531,54.33000183105469,53.15999984741211,52.95000076293945,300700,2014,12,8,1,16412
52.349998474121094,53.220001220703125,52.5,53.16999816894531,463200,2014,12,9,2,16413
51.810001373291016,53.33000183105469,53.119998931884766,51.83000183105469,298200,2014,12,10,3,16414
51.2400016784668,53.16999816894531,52.20000076293945,52.08000183105469,217300,2014,12,11,4,16415
51.279998779296875,52.15999984741211,51.4900016784668,51.279998779296875,288600,2014,12,12,5,16416
50.33000183105469,51.959999084472656,51.380001068115234,50.33000183105469,517400,2014,12,15,1,16419
50.7599983215332,52.459999084472656,50.790000915527344,51.0,1084100,2014,12,16,2,16420
51.25,53.59000015258789,51.36000061035156,53.529998779296875,503500,2014,12,17,3,16421
52.939998626708984,54.209999084472656,54.209999084472656,53.59000015258789,566600,2014,12,18,4,16422
52.970001220703125,54.06999969482422,53.529998779296875,53.31999969482422,736200,2014,12,19,5,16423
53.31999969482422,54.36000061035156,53.529998779296875,54.349998474121094,282300,2014,12,22,1,16426
54.45000076293945,54.93000030517578,54.560001373291016,54.880001068115234,214600,2014,12,23,2,16427
54.779998779296875,55.38999938964844,55.0,54.939998626708984,146000,2014,12,24,3,16428
55.08000183105469,55.650001525878906,55.27000045776367,55.4900016784668,123700,2014,12,26,5,16430
55.189998626708984,55.970001220703125,55.470001220703125,55.459999084472656,231500,2014,12,29,1,16433
54.900001525878906,55.7599983215332,55.36000061035156,55.189998626708984,121800,2014,12,30,2,16434
54.81999969482422,55.849998474121094,55.34000015258789,54.84000015258789,263000,2014,12,31,3,16435
52.95000076293945,55.22999954223633,55.11000061035156,53.7400016784668,270400,2015,1,2,5,16437
52.900001525878906,53.849998474121094,53.36000061035156,53.13999938964844,344100,2015,1,5,1,16440
52.36000061035156,53.630001068115234,53.439998626708984,52.84000015258789,290100,2015,1,6,2,16441
52.540000915527344,53.290000915527344,53.290000915527344,53.0,351200,2015,1,7,3,16442
53.33000183105469,54.65999984741211,53.5,54.650001525878906,252000,2015,1,8,4,16443
54.099998474121094,54.72999954223633,54.61000061035156,54.130001068115234,202900,2015,1,9,5,16444
53.34000015258789,54.560001373291016,54.130001068115234,54.45000076293945,394400,2015,1,12,1,16447
54.45000076293945,55.83000183105469,54.77000045776367,55.540000915527344,376300,2015,1,13,2,16448
54.86000061035156,55.869998931884766,55.130001068115234,55.84000015258789,229700,2015,1,14,3,16449
55.16999816894531,56.0,56.0,55.400001525878906,412400,2015,1,15,4,16450
55.06999969482422,56.290000915527344,55.06999969482422,56.22999954223633,350800,2015,1,16,5,16451
55.63999938964844,56.720001220703125,56.400001525878906,56.060001373291016,446700,2015,1,20,2,16455
54.779998779296875,56.11000061035156,56.11000061035156,55.45000076293945,576400,2015,1,21,3,16456
55.0,56.459999084472656,55.880001068115234,56.439998626708984,415000,2015,1,22,4,16457
56.040000915527344,57.75,56.349998474121094,57.099998474121094,303900,2015,1,23,5,16458
56.380001068115234,57.4900016784668,56.97999954223633,57.15999984741211,273000,2015,1,26,1,16461
56.349998474121094,56.95000076293945,56.65999984741211,56.720001220703125,249900,2015,1,27,2,16462
55.90999984741211,57.790000915527344,57.27000045776367,56.119998931884766,347200,2015,1,28,3,16463
55.40999984741211,56.880001068115234,56.40999984741211,56.880001068115234,304800,2015,1,29,4,16464
55.380001068115234,56.7599983215332,56.4900016784668,55.720001220703125,287400,2015,1,30,5,16465
54.79999923706055,56.16999816894531,55.66999816894531,56.0099983215332,372200,2015,2,2,1,16468
55.959999084472656,57.95000076293945,56.33000183105469,57.720001220703125,431000,2015,2,3,2,16469
57.099998474121094,58.220001220703125,57.52000045776367,57.45000076293945,777100,2015,2,4,3,16470
57.349998474121094,59.790000915527344,58.45000076293945,59.68000030517578,513600,2015,2,5,4,16471
58.65999984741211,60.0,59.959999084472656,59.029998779296875,650100,2015,2,6,5,16472
58.47999954223633,59.20000076293945,58.91999816894531,58.689998626708984,325200,2015,2,9,1,16475
58.06999969482422,59.33000183105469,59.33000183105469,58.869998931884766,266700,2015,2,10,2,16476
57.81999969482422,58.900001525878906,57.88999938964844,58.2599983215332,315200,2015,2,11,3,16477
58.34000015258789,59.310001373291016,58.540000915527344,59.02000045776367,228600,2015,2,12,4,16478
58.650001525878906,59.27000045776367,58.97999954223633,59.13999938964844,305600,2015,2,13,5,16479
58.459999084472656,59.439998626708984,59.060001373291016,59.290000915527344,466300,2015,2,17,2,16483
58.59000015258789,59.439998626708984,59.15999984741211,59.150001525878906,470200,2015,2,18,3,16484
58.77000045776367,59.810001373291016,58.779998779296875,59.58000183105469,319400,2015,2,19,4,16485
58.560001373291016,59.540000915527344,59.540000915527344,59.2599983215332,271400,2015,2,20,5,16486
58.59000015258789,59.88999938964844,59.689998626708984,59.439998626708984,445600,2015,2,23,1,16489
58.58000183105469,59.849998474121094,58.720001220703125,59.290000915527344,349200,2015,2,24,2,16490
59.040000915527344,59.880001068115234,59.54999923706055,59.58000183105469,264800,2015,2,25,3,16491
59.15999984741211,60.0,59.45000076293945,59.849998474121094,251300,2015,2,26,4,16492
59.16999816894531,59.83000183105469,59.70000076293945,59.22999954223633,226400,2015,2,27,5,16493
59.150001525878906,59.970001220703125,59.150001525878906,59.56999969482422,388700,2015,3,2,1,16496
59.2400016784668,60.97999954223633,59.56999969482422,60.88999938964844,484700,2015,3,3,2,16497
60.279998779296875,61.13999938964844,60.77000045776367,60.630001068115234,284900,2015,3,4,3,16498
60.220001220703125,60.900001525878906,60.79999923706055,60.75,283100,2015,3,5,4,16499
60.029998779296875,61.560001373291016,60.31999969482422,60.2599983215332,423400,2015,3,6,5,16500
60.61000061035156,62.369998931884766,60.61000061035156,61.97999954223633,497000,2015,3,9,1,16503
61.22999954223633,63.150001525878906,62.81999969482422,61.29999923706055,791700,2015,3,10,2,16504
61.11000061035156,63.400001525878906,61.63999938964844,62.75,8060900,2015,3,11,3,16505
62.52000045776367,64.38999938964844,62.900001525878906,63.43000030517578,1022100,2015,3,12,4,16506
61.90999984741211,63.68000030517578,63.529998779296875,62.599998474121094,517900,2015,3,13,5,16507
63.0,64.22000122070312,63.0,64.18000030517578,640100,2015,3,16,1,16510
63.7599983215332,64.4000015258789,64.19999694824219,64.19000244140625,456300,2015,3,17,2,16511
63.7599983215332,65.88999938964844,64.19999694824219,65.58000183105469,532100,2015,3,18,3,16512
64.94999694824219,65.98999786376953,65.36000061035156,65.4000015258789,321000,2015,3,19,4,16513
65.4800033569336,66.55000305175781,65.98999786376953,66.38999938964844,881300,2015,3,20,5,16514
66.02999877929688,66.6500015258789,66.5,66.13999938964844,454200,2015,3,23,1,16517
65.63999938964844,66.25,66.25,65.87000274658203,333400,2015,3,24,2,16518
63.869998931884766,65.80999755859375,65.80999755859375,63.900001525878906,319500,2015,3,25,3,16519
63.22999954223633,64.23999786376953,63.79999923706055,64.11000061035156,364800,2015,3,26,4,16520
63.5,64.66999816894531,64.12999725341797,64.5999984741211,268500,2015,3,27,5,16521
65.16999816894531,66.51000213623047,65.4000015258789,66.4000015258789,411700,2015,3,30,1,16524
65.63999938964844,66.93000030517578,65.87000274658203,66.76000213623047,537500,2015,3,31,2,16525
65.0999984741211,66.66999816894531,66.5199966430664,66.19999694824219,385300,2015,4,1,3,16526
65.76000213623047,66.93000030517578,66.19000244140625,66.26000213623047,264000,2015,4,2,4,16527
66.06999969482422,67.9000015258789,66.22000122070312,67.86000061035156,527200,2015,4,6,1,16531
66.75,67.94999694824219,67.66000366210938,66.77999877929688,355200,2015,4,7,2,16532
66.43000030517578,67.87999725341797,66.69000244140625,67.8499984741211,459100,2015,4,8,3,16533
66.7300033569336,68.37000274658203,68.04000091552734,67.25,446400,2015,4,9,4,16534
67.47000122070312,69.04000091552734,67.72000122070312,68.1500015258789,565500,2015,4,10,5,16535
66.86000061035156,68.20999908447266,68.20999908447266,66.97000122070312,338800,2015,4,13,1,16538
66.37999725341797,67.51000213623047,67.11000061035156,67.0199966430664,286300,2015,4,14,2,16539
66.56999969482422,67.25,67.25,66.80999755859375,299300,2015,4,15,3,16540
66.31999969482422,66.98999786376953,66.76000213623047,66.76000213623047,197200,2015,4,16,4,16541
65.16000366210938,66.19000244140625,66.19000244140625,65.58999633789062,266600,2015,4,17,5,16542
65.62999725341797,66.2300033569336,65.73999786376953,65.9800033569336,328500,2015,4,20,1,16545
65.98999786376953,67.19000244140625,66.26000213623047,66.91000366210938,407500,2015,4,21,2,16546
66.36000061035156,67.56999969482422,66.91999816894531,67.33999633789062,201400,2015,4,22,3,16547
66.97000122070312,67.81999969482422,67.47000122070312,67.70999908447266,249100,2015,4,23,4,16548
66.97000122070312,67.62999725341797,67.62999725341797,67.16000366210938,193100,2015,4,24,5,16549
65.4800033569336,66.94000244140625,66.94000244140625,65.62000274658203,444100,2015,4,27,1,16552
65.26000213623047,66.5199966430664,65.91000366210938,66.3499984741211,321700,2015,4,28,2,16553
65.30000305175781,66.63999938964844,66.29000091552734,65.69000244140625,323300,2015,4,29,3,16554
63.900001525878906,66.16000366210938,65.30999755859375,64.01000213623047,424000,2015,4,30,4,16555
63.95000076293945,65.02999877929688,64.37000274658203,64.69000244140625,348000,2015,5,1,5,16556
64.51000213623047,65.19999694824219,64.75,64.77999877929688,285400,2015,5,4,1,16559
63.58000183105469,64.97000122070312,64.66000366210938,63.97999954223633,315200,2015,5,5,2,16560
62.689998626708984,64.23999786376953,64.02999877929688,62.9900016784668,581800,2015,5,6,3,16561
63.25,67.48999786376953,63.36000061035156,65.55000305175781,1476800,2015,5,7,4,16562
63.09000015258789,66.43000030517578,66.20999908447266,63.400001525878906,858300,2015,5,8,5,16563
62.939998626708984,63.970001220703125,63.4900016784668,63.290000915527344,504400,2015,5,11,1,16566
62.119998931884766,63.56999969482422,63.56999969482422,62.77000045776367,430200,2015,5,12,2,16567
62.439998626708984,63.619998931884766,62.84000015258789,63.189998626708984,367600,2015,5,13,3,16568
63.2599983215332,64.68000030517578,63.54999923706055,64.55000305175781,367900,2015,5,14,4,16569
64.11000061035156,64.98999786376953,64.69000244140625,64.7300033569336,246700,2015,5,15,5,16570
64.5,65.81999969482422,64.5,65.56999969482422,275500,2015,5,18,1,16573
65.13999938964844,66.27999877929688,65.77999877929688,66.1500015258789,372900,2015,5,19,2,16574
65.58999633789062,66.43000030517578,66.33000183105469,65.87000274658203,241100,2015,5,20,3,16575
65.16000366210938,65.9000015258789,65.63999938964844,65.51000213623047,276000,2015,5,21,4,16576
64.91000366210938,65.87999725341797,65.44999694824219,64.94000244140625,236600,2015,5,22,5,16577
63.880001068115234,64.94000244140625,64.94000244140625,64.19999694824219,365700,2015,5,26,2,16581
63.95000076293945,65.91000366210938,64.72000122070312,65.83999633789062,383200,2015,5,27,3,16582
65.12000274658203,66.13999938964844,65.94000244140625,65.66999816894531,248100,2015,5,28,4,16583
64.69000244140625,65.91000366210938,65.44000244140625,65.37000274658203,249600,2015,5,29,5,16584
64.66000366210938,66.05999755859375,65.87000274658203,65.29000091552734,324000,2015,6,1,1,16587
64.25,65.2300033569336,64.87999725341797,64.52999877929688,353800,2015,6,2,2,16588
64.5999984741211,65.33000183105469,64.81999969482422,65.0,440600,2015,6,3,3,16589
64.0199966430664,65.0199966430664,64.8499984741211,64.31999969482422,230900,2015,6,4,4,16590
63.72999954223633,64.81999969482422,64.31999969482422,64.7699966430664,262500,2015,6,5,5,16591
64.12999725341797,64.97000122070312,64.58000183105469,64.5,355300,2015,6,8,1,16594
63.689998626708984,64.80999755859375,64.4000015258789,63.779998779296875,781600,2015,6,9,2,16595
63.93000030517578,64.81999969482422,63.93000030517578,64.16999816894531,458700,2015,6,10,3,16596
64.11000061035156,64.87000274658203,64.25,64.62000274658203,288900,2015,6,11,4,16597
63.68000030517578,64.6500015258789,64.0,63.91999816894531,247000,2015,6,12,5,16598
61.900001525878906,63.0,63.0,62.560001373291016,489400,2015,6,15,1,16601
62.33000183105469,63.849998474121094,62.630001068115234,63.77000045776367,436300,2015,6,16,2,16602
63.59000015258789,64.61000061035156,64.16000366210938,64.36000061035156,440200,2015,6,17,3,16603
64.3499984741211,65.87999725341797,64.4800033569336,65.75,420200,2015,6,18,4,16604
65.23999786376953,65.91999816894531,65.91999816894531,65.23999786376953,487300,2015,6,19,5,16605
65.23999786376953,65.87000274658203,65.75,65.58000183105469,345500,2015,6,22,1,16608
65.30000305175781,65.9800033569336,65.76000213623047,65.94000244140625,265900,2015,6,23,2,16609
65.01000213623047,65.81999969482422,65.81999969482422,65.12999725341797,316500,2015,6,24,3,16610
65.33000183105469,67.13999938964844,65.54000091552734,67.01000213623047,471500,2015,6,25,4,16611
66.8499984741211,68.12000274658203,67.37000274658203,67.30000305175781,899400,2015,6,26,5,16612
65.58999633789062,67.31999969482422,66.58000183105469,65.79000091552734,444700,2015,6,29,1,16615
65.41999816894531,66.45999908447266,66.25,65.7300033569336,339500,2015,6,30,2,16616
65.76000213623047,66.48999786376953,66.11000061035156,66.13999938964844,335800,2015,7,1,3,16617
65.30000305175781,66.41000366210938,66.41000366210938,65.76000213623047,209400,2015,7,2,4,16618
64.58000183105469,66.41999816894531,64.9800033569336,66.20999908447266,287600,2015,7,6,1,16622
64.5999984741211,66.41999816894531,66.20999908447266,65.25,330300,2015,7,7,2,16623
63.77000045776367,64.76000213623047,64.37000274658203,64.19000244140625,364000,2015,7,8,3,16624
64.27999877929688,65.47000122070312,65.05000305175781,64.44000244140625,172100,2015,7,9,4,16625
64.63999938964844,65.61000061035156,65.2300033569336,65.45999908447266,254900,2015,7,10,5,16626
65.61000061035156,66.30999755859375,65.83000183105469,65.91999816894531,194900,2015,7,13,1,16629
65.38999938964844,66.4000015258789,65.91000366210938,66.33000183105469,293000,2015,7,14,2,16630
65.93000030517578,67.12000274658203,66.2300033569336,66.9800033569336,294900,2015,7,15,3,16631
66.94999694824219,67.83000183105469,67.11000061035156,67.72000122070312,265500,2015,7,16,4,16632
67.54000091552734,67.98999786376953,67.54000091552734,67.81999969482422,327000,2015,7,17,5,16633
67.72000122070312,68.69000244140625,68.29000091552734,68.66000366210938,378800,2015,7,20,1,16636
67.61000061035156,68.83000183105469,68.70999908447266,67.91000366210938,283000,2015,7,21,2,16637
67.44999694824219,68.5199966430664,67.44999694824219,68.4800033569336,162200,2015,7,22,3,16638
67.83999633789062,69.05000305175781,68.80000305175781,68.08000183105469,227700,2015,7,23,4,16639
67.05999755859375,68.30999755859375,67.69999694824219,67.47000122070312,314600,2015,7,24,5,16640
66.33999633789062,67.08000183105469,66.87999725341797,66.69999694824219,197200,2015,7,27,1,16643
65.91999816894531,67.66000366210938,66.95999908447266,67.55999755859375,258600,2015,7,28,2,16644
67.23999786376953,68.52999877929688,67.44999694824219,68.25,241100,2015,7,29,3,16645
67.23999786376953,68.6500015258789,67.94000244140625,68.08999633789062,172100,2015,7,30,4,16646
68.06999969482422,68.94999694824219,68.22000122070312,68.20999908447266,228200,2015,7,31,5,16647
67.61000061035156,68.5999984741211,68.25,68.22000122070312,196400,2015,8,3,1,16650
67.75,68.87999725341797,68.16999816894531,68.5199966430664,213800,2015,8,4,2,16651
68.3499984741211,70.0,69.0,69.22000122070312,443300,2015,8,5,3,16652
63.939998626708984,70.0,67.9000015258789,64.77999877929688,623600,2015,8,6,4,16653
58.720001220703125,64.11000061035156,63.29999923706055,59.650001525878906,1301300,2015,8,7,5,16654
59.38999938964844,60.59000015258789,60.040000915527344,60.38999938964844,778800,2015,8,10,1,16657
59.0,60.4900016784668,59.380001068115234,60.099998474121094,541700,2015,8,11,2,16658
58.540000915527344,60.72999954223633,59.619998931884766,60.5099983215332,450700,2015,8,12,3,16659
59.869998931884766,61.52000045776367,60.41999816894531,60.7599983215332,324800,2015,8,13,4,16660
60.33000183105469,61.31999969482422,60.810001373291016,61.18000030517578,350200,2015,8,14,5,16661
59.34000015258789,61.81999969482422,60.720001220703125,61.81999969482422,354300,2015,8,17,1,16664
61.130001068115234,61.970001220703125,61.880001068115234,61.220001220703125,283600,2015,8,18,2,16665
59.93000030517578,60.970001220703125,60.66999816894531,60.54999923706055,312000,2015,8,19,3,16666
60.93000030517578,62.880001068115234,61.290000915527344,61.40999984741211,549300,2015,8,20,4,16667
59.349998474121094,61.15999984741211,60.06999969482422,59.93000030517578,620300,2015,8,21,5,16668
55.9900016784668,60.650001525878906,56.08000183105469,58.63999938964844,763800,2015,8,24,1,16671
59.09000015258789,60.650001525878906,60.189998626708984,59.619998931884766,752600,2015,8,25,2,16672
59.95000076293945,62.0099983215332,60.75,61.81999969482422,597500,2015,8,26,3,16673
61.15999984741211,62.54999923706055,62.380001068115234,61.91999816894531,581900,2015,8,27,4,16674
61.279998779296875,62.2400016784668,61.689998626708984,62.119998931884766,284800,2015,8,28,5,16675
60.4900016784668,62.279998779296875,61.720001220703125,60.54999923706055,313100,2015,8,31,1,16678
59.41999816894531,60.380001068115234,59.529998779296875,59.97999954223633,963000,2015,9,1,2,16679
60.2599983215332,62.11000061035156,60.720001220703125,62.099998474121094,498600,2015,9,2,3,16680
61.709999084472656,62.900001525878906,62.459999084472656,61.91999816894531,437200,2015,9,3,4,16681
60.22999954223633,61.65999984741211,61.119998931884766,60.61000061035156,196600,2015,9,4,5,16682
61.040000915527344,61.959999084472656,61.619998931884766,61.79999923706055,218200,2015,9,8,2,16686
61.04999923706055,62.709999084472656,62.220001220703125,61.18000030517578,249000,2015,9,9,3,16687
60.63999938964844,61.70000076293945,61.029998779296875,61.040000915527344,302500,2015,9,10,4,16688
60.209999084472656,62.34000015258789,60.790000915527344,62.2599983215332,191900,2015,9,11,5,16689
62.0099983215332,62.79999923706055,62.29999923706055,62.630001068115234,293500,2015,9,14,1,16692
62.27000045776367,63.4900016784668,62.65999984741211,63.310001373291016,185400,2015,9,15,2,16693
62.65999984741211,64.55000305175781,63.0099983215332,63.959999084472656,245900,2015,9,16,3,16694
62.630001068115234,64.63999938964844,63.779998779296875,63.79999923706055,261600,2015,9,17,4,16695
62.0099983215332,63.75,63.09000015258789,62.189998626708984,499000,2015,9,18,5,16696
62.22999954223633,63.650001525878906,62.529998779296875,62.529998779296875,224300,2015,9,21,1,16699
61.34000015258789,62.02000045776367,61.689998626708984,61.68000030517578,266200,2015,9,22,2,16700
61.380001068115234,62.38999938964844,62.02000045776367,62.20000076293945,218600,2015,9,23,3,16701
61.86000061035156,62.959999084472656,61.86000061035156,62.65999984741211,376600,2015,9,24,4,16702
61.189998626708984,63.16999816894531,63.16999816894531,61.22999954223633,445900,2015,9,25,5,16703
58.470001220703125,61.599998474121094,61.029998779296875,58.849998474121094,539100,2015,9,28,1,16706
58.02000045776367,59.040000915527344,58.880001068115234,58.47999954223633,457400,2015,9,29,2,16707
58.369998931884766,59.869998931884766,58.970001220703125,59.560001373291016,895500,2015,9,30,3,16708
57.470001220703125,59.84000015258789,59.41999816894531,58.560001373291016,335900,2015,10,1,4,16709
57.5,59.40999984741211,57.86000061035156,59.369998931884766,324300,2015,10,2,5,16710
58.65999984741211,60.119998931884766,58.84000015258789,59.95000076293945,421700,2015,10,5,1,16713
59.11000061035156,60.119998931884766,60.09000015258789,59.619998931884766,451200,2015,10,6,2,16714
59.31999969482422,62.189998626708984,59.79999923706055,62.18000030517578,487700,2015,10,7,3,16715
61.459999084472656,64.13999938964844,61.95000076293945,63.93000030517578,679300,2015,10,8,4,16716
63.38999938964844,64.47000122070312,63.95000076293945,63.810001373291016,355500,2015,10,9,5,16717
63.380001068115234,64.30000305175781,63.529998779296875,64.20999908447266,189700,2015,10,12,1,16720
63.45000076293945,65.5,63.91999816894531,64.27999877929688,346200,2015,10,13,2,16721
63.58000183105469,64.7300033569336,64.37000274658203,63.79999923706055,276000,2015,10,14,3,16722
63.380001068115234,65.87999725341797,63.779998779296875,65.7300033569336,358900,2015,10,15,4,16723
65.4800033569336,66.79000091552734,65.75,66.5199966430664,542800,2015,10,16,5,16724
66.37000274658203,68.36000061035156,66.44999694824219,67.5999984741211,420500,2015,10,19,1,16727
66.36000061035156,67.66000366210938,67.36000061035156,66.48999786376953,354400,2015,10,20,2,16728
64.91000366210938,66.72000122070312,66.72000122070312,65.05000305175781,366100,2015,10,21,3,16729
64.6500015258789,65.69000244140625,65.37999725341797,64.9800033569336,348900,2015,10,22,4,16730
64.75,65.80999755859375,65.72000122070312,65.43000030517578,345400,2015,10,23,5,16731
65.16999816894531,66.66999816894531,65.16999816894531,66.51000213623047,215400,2015,10,26,1,16734
65.58000183105469,67.0,66.30000305175781,65.98999786376953,243300,2015,10,27,2,16735
65.66999816894531,68.48999786376953,65.94999694824219,68.48999786376953,328400,2015,10,28,3,16736
67.52999877929688,69.23999786376953,67.83999633789062,68.79000091552734,332700,2015,10,29,4,16737
67.86000061035156,69.13999938964844,68.95999908447266,68.19999694824219,394300,2015,10,30,5,16738
67.31999969482422,68.61000061035156,68.25,68.5199966430664,280000,2015,11,2,1,16741
67.98999786376953,69.13999938964844,68.30000305175781,68.54000091552734,289000,2015,11,3,2,16742
67.73999786376953,68.86000061035156,68.5999984741211,68.25,233600,2015,11,4,3,16743
67.9000015258789,69.16000366210938,68.33000183105469,68.66000366210938,204100,2015,11,5,4,16744
68.3499984741211,69.8499984741211,68.38999938964844,69.80000305175781,228500,2015,11,6,5,16745
68.0199966430664,69.80000305175781,69.80000305175781,68.63999938964844,290200,2015,11,9,1,16748
67.26000213623047,69.55000305175781,68.30000305175781,69.4000015258789,435200,2015,11,10,2,16749
68.58999633789062,69.72000122070312,69.55999755859375,68.63999938964844,268600,2015,11,11,3,16750
47.95000076293945,58.310001373291016,58.0,53.61000061035156,4151000,2015,11,12,4,16751
51.20000076293945,53.68000030517578,52.959999084472656,51.65999984741211,1865200,2015,11,13,5,16752
50.61000061035156,52.619998931884766,51.650001525878906,52.52000045776367,813800,2015,11,16,1,16755
51.279998779296875,52.709999084472656,52.599998474121094,51.33000183105469,838300,2015,11,17,2,16756
50.18000030517578,52.880001068115234,51.22999954223633,52.650001525878906,917500,2015,11,18,3,16757
51.349998474121094,52.369998931884766,52.369998931884766,51.83000183105469,398000,2015,11,19,4,16758
52.209999084472656,54.18000030517578,52.27000045776367,53.779998779296875,608800,2015,11,20,5,16759
53.5,54.869998931884766,53.5,54.380001068115234,485300,2015,11,23,1,16762
53.15999984741211,54.709999084472656,53.959999084472656,54.540000915527344,491800,2015,11,24,2,16763
54.470001220703125,55.95000076293945,54.70000076293945,55.459999084472656,356100,2015,11,25,3,16764
54.209999084472656,55.81999969482422,55.08000183105469,55.7400016784668,330300,2015,11,27,5,16766
55.36000061035156,57.099998474121094,55.720001220703125,56.75,704100,2015,11,30,1,16769
56.540000915527344,57.150001525878906,56.959999084472656,56.95000076293945,676200,2015,12,1,2,16770
56.7400016784668,58.130001068115234,56.810001373291016,57.5,735900,2015,12,2,3,16771
56.90999984741211,58.72999954223633,57.689998626708984,57.45000076293945,617200,2015,12,3,4,16772
57.720001220703125,59.279998779296875,58.06999969482422,58.7599983215332,435700,2015,12,4,5,16773
56.9900016784668,58.7400016784668,58.5099983215332,57.619998931884766,708600,2015,12,7,1,16776
56.900001525878906,57.599998474121094,57.04999923706055,57.29999923706055,341600,2015,12,8,2,16777
56.189998626708984,57.7400016784668,57.029998779296875,56.31999969482422,492200,2015,12,9,3,16778
56.040000915527344,57.79999923706055,56.5099983215332,57.20000076293945,452000,2015,12,10,4,16779
54.66999816894531,56.72999954223633,56.33000183105469,55.31999969482422,634700,2015,12,11,5,16780
54.72999954223633,55.81999969482422,55.290000915527344,55.72999954223633,581500,2015,12,14,1,16783
55.75,56.939998626708984,55.75,56.15999984741211,457700,2015,12,15,2,16784
55.540000915527344,56.86000061035156,56.630001068115234,56.209999084472656,331800,2015,12,16,3,16785
55.2599983215332,57.209999084472656,56.529998779296875,55.439998626708984,482700,2015,12,17,4,16786
54.540000915527344,55.709999084472656,55.40999984741211,54.72999954223633,1010700,2015,12,18,5,16787
54.11000061035156,55.58000183105469,55.22999954223633,54.619998931884766,340400,2015,12,21,1,16790
54.43000030517578,55.66999816894531,55.04999923706055,55.529998779296875,462700,2015,12,22,2,16791
55.58000183105469,57.81999969482422,55.790000915527344,57.349998474121094,462600,2015,12,23,3,16792
55.369998931884766,57.09000015258789,56.959999084472656,56.189998626708984,325300,2015,12,24,4,16793
55.61000061035156,57.13999938964844,55.939998626708984,57.119998931884766,365700,2015,12,28,1,16797
56.68000030517578,57.7599983215332,57.380001068115234,57.33000183105469,327300,2015,12,29,2,16798
56.720001220703125,57.52000045776367,57.40999984741211,56.779998779296875,334800,2015,12,30,3,16799
55.849998474121094,57.40999984741211,56.400001525878906,56.25,879800,2015,12,31,4,16800
53.7400016784668,55.619998931884766,55.619998931884766,54.40999984741211,871200,2016,1,4,1,16804
54.27000045776367,55.36000061035156,54.40999984741211,55.02000045776367,377900,2016,1,5,2,16805
53.810001373291016,55.66999816894531,54.2400016784668,54.97999954223633,460300,2016,1,6,3,16806
53.43000030517578,54.310001373291016,53.86000061035156,53.959999084472656,572000,2016,1,7,4,16807
53.33000183105469,54.5,54.33000183105469,53.58000183105469,924100,2016,1,8,5,16808
52.900001525878906,53.849998474121094,53.790000915527344,53.439998626708984,270600,2016,1,11,1,16811
53.630001068115234,54.7400016784668,53.86000061035156,54.4900016784668,431300,2016,1,12,2,16812
52.060001373291016,54.97999954223633,54.4900016784668,52.220001220703125,336300,2016,1,13,3,16813
51.79999923706055,54.04999923706055,52.540000915527344,53.560001373291016,430300,2016,1,14,4,16814
51.310001373291016,52.900001525878906,52.08000183105469,52.41999816894531,380800,2016,1,15,5,16815
52.13999938964844,53.4900016784668,52.88999938964844,52.630001068115234,539600,2016,1,19,2,16819
50.33000183105469,53.86000061035156,51.619998931884766,53.2599983215332,619200,2016,1,20,3,16820
52.31999969482422,53.47999954223633,53.2400016784668,52.45000076293945,481900,2016,1,21,4,16821
52.77000045776367,53.779998779296875,53.18000030517578,53.58000183105469,332000,2016,1,22,5,16822
52.0,53.88999938964844,53.18000030517578,52.130001068115234,292300,2016,1,25,1,16825
51.9900016784668,52.869998931884766,52.2599983215332,52.599998474121094,604200,2016,1,26,2,16826
51.31999969482422,52.720001220703125,52.33000183105469,51.560001373291016,275000,2016,1,27,3,16827
51.52000045776367,52.7599983215332,52.290000915527344,51.97999954223633,314600,2016,1,28,4,16828
52.0099983215332,53.40999984741211,52.209999084472656,53.369998931884766,868100,2016,1,29,5,16829
53.369998931884766,55.11000061035156,53.90999984741211,53.72999954223633,1001800,2016,2,1,1,16832
52.09000015258789,53.4900016784668,53.040000915527344,52.380001068115234,604300,2016,2,2,2,16833
51.13999938964844,53.11000061035156,52.91999816894531,52.45000076293945,808600,2016,2,3,3,16834
50.02000045776367,51.810001373291016,51.79999923706055,50.40999984741211,1086200,2016,2,4,4,16835
46.70000076293945,50.5,49.79999923706055,46.91999816894531,1776300,2016,2,5,5,16836
45.20000076293945,46.52000045776367,46.2599983215332,46.150001525878906,759100,2016,2,8,1,16839
45.5,47.0099983215332,45.5,46.43000030517578,845200,2016,2,9,2,16840
45.880001068115234,47.22999954223633,46.63999938964844,45.939998626708984,611100,2016,2,10,3,16841
45.150001525878906,46.88999938964844,45.279998779296875,46.52000045776367,1138000,2016,2,11,4,16842
46.16999816894531,47.59000015258789,46.689998626708984,47.4900016784668,350100,2016,2,12,5,16843
47.0,48.380001068115234,47.959999084472656,47.790000915527344,425500,2016,2,16,2,16847
47.040000915527344,48.25,48.220001220703125,47.4900016784668,577800,2016,2,17,3,16848
46.63999938964844,47.779998779296875,47.619998931884766,46.68000030517578,519200,2016,2,18,4,16849
46.369998931884766,48.06999969482422,46.790000915527344,48.040000915527344,417100,2016,2,19,5,16850
47.779998779296875,48.900001525878906,48.59000015258789,47.95000076293945,309200,2016,2,22,1,16853
46.97999954223633,47.7400016784668,47.599998474121094,47.20000076293945,319800,2016,2,23,2,16854
46.34000015258789,48.290000915527344,46.83000183105469,48.25,371000,2016,2,24,3,16855
47.66999816894531,48.5099983215332,48.25,48.47999954223633,279000,2016,2,25,4,16856
48.33000183105469,49.310001373291016,48.720001220703125,48.86000061035156,361700,2016,2,26,5,16857
48.7400016784668,49.75,48.849998474121094,49.16999816894531,499600,2016,2,29,1,16860
48.849998474121094,50.560001373291016,49.400001525878906,50.33000183105469,503200,2016,3,1,2,16861
50.04999923706055,51.220001220703125,50.209999084472656,51.20000076293945,472600,2016,3,2,3,16862
50.15999984741211,51.369998931884766,51.11000061035156,50.5099983215332,1037800,2016,3,3,4,16863
49.5,51.4900016784668,50.5,51.40999984741211,496900,2016,3,4,5,16864
51.04999923706055,51.970001220703125,51.04999923706055,51.790000915527344,408400,2016,3,7,1,16867
52.38999938964844,53.84000015258789,52.599998474121094,52.470001220703125,749000,2016,3,8,2,16868
51.70000076293945,52.599998474121094,52.599998474121094,51.970001220703125,460000,2016,3,9,3,16869
50.56999969482422,52.439998626708984,52.439998626708984,51.209999084472656,410500,2016,3,10,4,16870
51.279998779296875,52.40999984741211,51.599998474121094,52.209999084472656,283600,2016,3,11,5,16871
51.81999969482422,52.54999923706055,52.0099983215332,52.2400016784668,212700,2016,3,14,1,16874
51.540000915527344,52.27000045776367,51.939998626708984,51.68000030517578,349400,2016,3,15,2,16875
51.13999938964844,51.720001220703125,51.41999816894531,51.40999984741211,300000,2016,3,16,3,16876
49.70000076293945,51.400001525878906,51.36000061035156,50.45000076293945,594100,2016,3,17,4,16877
50.4900016784668,51.58000183105469,50.810001373291016,51.369998931884766,751300,2016,3,18,5,16878
51.06999969482422,51.810001373291016,51.119998931884766,51.56999969482422,256000,2016,3,21,1,16881
50.47999954223633,51.25,51.08000183105469,50.5099983215332,276200,2016,3,22,2,16882
49.88999938964844,50.54999923706055,50.54999923706055,49.9900016784668,377400,2016,3,23,3,16883
49.439998626708984,50.709999084472656,49.83000183105469,50.220001220703125,256900,2016,3,24,4,16884
49.31999969482422,50.720001220703125,50.27000045776367,50.380001068115234,246900,2016,3,28,1,16888
50.119998931884766,52.849998474121094,50.25,52.83000183105469,460200,2016,3,29,2,16889
51.900001525878906,53.04999923706055,52.97999954223633,52.4900016784668,329100,2016,3,30,3,16890
52.31999969482422,52.970001220703125,52.61000061035156,52.63999938964844,248700,2016,3,31,4,16891
52.189998626708984,53.04999923706055,52.459999084472656,52.90999984741211,224700,2016,4,1,5,16892
51.93000030517578,53.09000015258789,53.09000015258789,52.06999969482422,242500,2016,4,4,1,16895
51.47999954223633,52.41999816894531,51.83000183105469,52.15999984741211,426800,2016,4,5,2,16896
51.08000183105469,52.709999084472656,52.13999938964844,51.9900016784668,424600,2016,4,6,3,16897
47.79999923706055,51.52000045776367,51.47999954223633,47.880001068115234,1440500,2016,4,7,4,16898
47.130001068115234,48.22999954223633,48.22999954223633,47.41999816894531,456700,2016,4,8,5,16899
47.0,47.95000076293945,47.5,47.13999938964844,355800,2016,4,11,1,16902
46.900001525878906,48.09000015258789,47.029998779296875,47.959999084472656,507200,2016,4,12,2,16903
48.0099983215332,50.27000045776367,48.369998931884766,50.2400016784668,545400,2016,4,13,3,16904
49.709999084472656,50.29999923706055,50.150001525878906,50.2599983215332,473100,2016,4,14,4,16905
49.54999923706055,51.13999938964844,50.279998779296875,51.130001068115234,417900,2016,4,15,5,16906
50.380001068115234,51.689998626708984,50.869998931884766,51.65999984741211,299800,2016,4,18,1,16909
51.63999938964844,52.86000061035156,51.97999954223633,52.25,411300,2016,4,19,2,16910
51.560001373291016,52.56999969482422,52.150001525878906,52.220001220703125,301600,2016,4,20,3,16911
51.90999984741211,52.5,52.22999954223633,52.470001220703125,294400,2016,4,21,4,16912
52.040000915527344,53.06999969482422,52.150001525878906,52.66999816894531,371200,2016,4,22,5,16913
51.61000061035156,53.02000045776367,52.209999084472656,52.9900016784668,445700,2016,4,25,1,16916
52.400001525878906,53.29999923706055,52.95000076293945,53.25,432400,2016,4,26,2,16917
52.869998931884766,54.11000061035156,53.08000183105469,54.04999923706055,466300,2016,4,27,3,16918
53.650001525878906,54.369998931884766,53.95000076293945,53.72999954223633,519400,2016,4,28,4,16919
52.209999084472656,53.59000015258789,53.59000015258789,52.900001525878906,347700,2016,4,29,5,16920
51.900001525878906,53.0099983215332,52.939998626708984,52.77000045776367,469800,2016,5,2,1,16923
51.810001373291016,52.47999954223633,52.439998626708984,52.27000045776367,240200,2016,5,3,2,16924
51.15999984741211,52.150001525878906,51.91999816894531,51.790000915527344,322200,2016,5,4,3,16925
51.08000183105469,53.79999923706055,51.93000030517578,52.4900016784668,568200,2016,5,5,4,16926
51.650001525878906,53.91999816894531,52.16999816894531,53.91999816894531,441200,2016,5,6,5,16927
53.56999969482422,54.31999969482422,53.97999954223633,54.119998931884766,298200,2016,5,9,1,16930
53.900001525878906,54.54999923706055,54.349998474121094,54.310001373291016,402400,2016,5,10,2,16931
53.9900016784668,54.849998474121094,54.31999969482422,54.25,282200,2016,5,11,3,16932
53.290000915527344,54.599998474121094,54.33000183105469,53.88999938964844,259500,2016,5,12,4,16933
52.959999084472656,53.939998626708984,53.72999954223633,53.15999984741211,249300,2016,5,13,5,16934
53.040000915527344,54.97999954223633,53.290000915527344,54.689998626708984,343200,2016,5,16,1,16937
54.11000061035156,55.25,54.459999084472656,54.20000076293945,554700,2016,5,17,2,16938
52.939998626708984,54.75,54.130001068115234,54.18000030517578,295200,2016,5,18,3,16939
53.06999969482422,54.36000061035156,54.060001373291016,54.02000045776367,238000,2016,5,19,4,16940
54.099998474121094,55.5,54.310001373291016,55.34000015258789,303300,2016,5,20,5,16941
54.599998474121094,55.33000183105469,55.20000076293945,54.650001525878906,234900,2016,5,23,1,16944
54.66999816894531,56.869998931884766,54.93000030517578,56.79999923706055,371700,2016,5,24,2,16945
56.0,56.9900016784668,56.900001525878906,56.279998779296875,359700,2016,5,25,3,16946
55.52000045776367,56.41999816894531,56.29999923706055,55.86000061035156,201000,2016,5,26,4,16947
55.599998474121094,57.040000915527344,55.90999984741211,57.02000045776367,219600,2016,5,27,5,16948
57.22999954223633,57.810001373291016,57.45000076293945,57.650001525878906,270700,2016,5,31,2,16952
56.56999969482422,57.560001373291016,57.36000061035156,57.220001220703125,312600,2016,6,1,3,16953
56.810001373291016,57.709999084472656,56.97999954223633,57.66999816894531,255500,2016,6,2,4,16954
56.04999923706055,57.56999969482422,57.40999984741211,56.16999816894531,390300,2016,6,3,5,16955
56.15999984741211,57.08000183105469,56.18000030517578,56.880001068115234,255100,2016,6,6,1,16958
56.65999984741211,57.34000015258789,56.79999923706055,57.119998931884766,217700,2016,6,7,2,16959
56.88999938964844,57.880001068115234,57.04999923706055,57.689998626708984,184500,2016,6,8,3,16960
57.33000183105469,57.93000030517578,57.33000183105469,57.869998931884766,221400,2016,6,9,4,16961
56.709999084472656,57.9900016784668,57.47999954223633,57.18000030517578,491400,2016,6,10,5,16962
55.27000045776367,57.29999923706055,56.619998931884766,55.310001373291016,260400,2016,6,13,1,16965
54.95000076293945,55.779998779296875,54.95000076293945,55.65999984741211,365400,2016,6,14,2,16966
55.099998474121094,55.959999084472656,55.709999084472656,55.599998474121094,297900,2016,6,15,3,16967
54.91999816894531,55.63999938964844,55.130001068115234,55.54999923706055,360900,2016,6,16,4,16968
54.220001220703125,55.90999984741211,55.68000030517578,54.689998626708984,587200,2016,6,17,5,16969
55.029998779296875,57.18000030517578,55.5099983215332,57.119998931884766,424100,2016,6,20,1,16972
56.25,57.720001220703125,57.31999969482422,56.90999984741211,292700,2016,6,21,2,16973
56.59000015258789,57.459999084472656,56.959999084472656,56.939998626708984,260500,2016,6,22,3,16974
57.36000061035156,58.13999938964844,57.709999084472656,58.119998931884766,271100,2016,6,23,4,16975
54.150001525878906,56.119998931884766,55.77000045776367,54.209999084472656,711600,2016,6,24,5,16976
50.93000030517578,53.689998626708984,53.38999938964844,50.970001220703125,608300,2016,6,27,1,16979
50.2400016784668,51.29999923706055,50.2400016784668,51.02000045776367,577300,2016,6,28,2,16980
51.599998474121094,52.88999938964844,51.720001220703125,52.81999969482422,325400,2016,6,29,3,16981
53.38999938964844,55.369998931884766,53.72999954223633,55.369998931884766,695200,2016,6,30,4,16982
55.029998779296875,55.689998626708984,55.06999969482422,55.349998474121094,346000,2016,7,1,5,16983
54.400001525878906,55.2400016784668,54.91999816894531,55.08000183105469,344000,2016,7,5,2,16987
54.380001068115234,55.5099983215332,54.68000030517578,55.400001525878906,306200,2016,7,6,3,16988
55.5099983215332,56.310001373291016,55.5099983215332,56.2599983215332,403200,2016,7,7,4,16989
56.63999938964844,58.029998779296875,56.810001373291016,57.88999938964844,472300,2016,7,8,5,16990
57.97999954223633,58.7599983215332,58.130001068115234,58.400001525878906,328200,2016,7,11,1,16993
58.4900016784668,59.43000030517578,58.939998626708984,59.029998779296875,347800,2016,7,12,2,16994
59.08000183105469,59.81999969482422,59.2400016784668,59.310001373291016,197300,2016,7,13,3,16995
58.86000061035156,60.130001068115234,59.310001373291016,58.88999938964844,374900,2016,7,14,4,16996
58.06999969482422,59.27000045776367,59.25,58.29999923706055,354000,2016,7,15,5,16997
57.540000915527344,58.43000030517578,58.33000183105469,57.869998931884766,383900,2016,7,18,1,17000
57.380001068115234,58.470001220703125,57.65999984741211,57.93000030517578,301900,2016,7,19,2,17001
58.040000915527344,59.209999084472656,58.33000183105469,59.099998474121094,167500,2016,7,20,3,17002
58.36000061035156,59.29999923706055,58.959999084472656,58.650001525878906,241100,2016,7,21,4,17003
58.2599983215332,59.7599983215332,58.41999816894531,59.689998626708984,295800,2016,7,22,5,17004
59.2400016784668,59.72999954223633,59.5,59.459999084472656,158200,2016,7,25,1,17007
59.099998474121094,60.02000045776367,59.31999969482422,59.709999084472656,167500,2016,7,26,2,17008
58.93000030517578,59.650001525878906,59.650001525878906,59.38999938964844,249100,2016,7,27,3,17009
58.959999084472656,59.58000183105469,59.439998626708984,59.11000061035156,217400,2016,7,28,4,17010
58.45000076293945,59.86000061035156,59.13999938964844,58.91999816894531,267100,2016,7,29,5,17011
58.709999084472656,59.599998474121094,58.90999984741211,59.18000030517578,266400,2016,8,1,1,17014
57.7599983215332,59.36000061035156,59.099998474121094,57.810001373291016,292700,2016,8,2,2,17015
57.34000015258789,58.09000015258789,57.650001525878906,58.0099983215332,471600,2016,8,3,3,17016
56.38999938964844,59.5,59.5,57.41999816894531,617800,2016,8,4,4,17017
57.310001373291016,59.349998474121094,57.4900016784668,59.349998474121094,366000,2016,8,5,5,17018
59.06999969482422,60.25,59.52000045776367,59.75,322900,2016,8,8,1,17021
59.619998931884766,60.40999984741211,59.70000076293945,59.810001373291016,249200,2016,8,9,2,17022
59.4900016784668,60.189998626708984,59.75,60.060001373291016,207700,2016,8,10,3,17023
58.77000045776367,60.619998931884766,60.150001525878906,59.7599983215332,289200,2016,8,11,4,17024
59.36000061035156,59.84000015258789,59.58000183105469,59.720001220703125,217600,2016,8,12,5,17025
59.65999984741211,60.25,59.65999984741211,60.13999938964844,209800,2016,8,15,1,17028
59.060001373291016,60.08000183105469,60.040000915527344,59.08000183105469,245700,2016,8,16,2,17029
58.0,59.189998626708984,59.04999923706055,59.02000045776367,234600,2016,8,17,3,17030
58.400001525878906,59.0,58.93000030517578,58.83000183105469,251400,2016,8,18,4,17031
58.27000045776367,61.68000030517578,61.68000030517578,58.560001373291016,206700,2016,8,19,5,17032
57.54999923706055,58.75,58.220001220703125,58.2599983215332,174100,2016,8,22,1,17035
58.290000915527344,59.2400016784668,58.45000076293945,58.900001525878906,205300,2016,8,23,2,17036
58.2400016784668,59.0,58.66999816894531,58.47999954223633,163300,2016,8,24,3,17037
58.150001525878906,59.02000045776367,58.31999969482422,58.86000061035156,195100,2016,8,25,4,17038
57.880001068115234,59.65999984741211,59.150001525878906,58.439998626708984,169300,2016,8,26,5,17039
58.279998779296875,59.02000045776367,58.529998779296875,58.43000030517578,145400,2016,8,29,1,17042
58.38999938964844,59.13999938964844,58.43000030517578,59.099998474121094,140800,2016,8,30,2,17043
58.54999923706055,59.16999816894531,58.91999816894531,58.81999969482422,271800,2016,8,31,3,17044
58.2599983215332,59.349998474121094,58.689998626708984,58.349998474121094,291700,2016,9,1,4,17045
58.400001525878906,59.09000015258789,58.81999969482422,58.81999969482422,335900,2016,9,2,5,17046
58.38999938964844,59.040000915527344,59.040000915527344,58.790000915527344,190800,2016,9,6,2,17050
58.470001220703125,59.5099983215332,58.599998474121094,59.25,381800,2016,9,7,3,17051
58.630001068115234,59.27000045776367,59.220001220703125,59.060001373291016,225800,2016,9,8,4,17052
58.060001373291016,59.0,58.279998779296875,58.06999969482422,434300,2016,9,9,5,17053
57.5099983215332,58.810001373291016,57.5099983215332,58.7599983215332,276400,2016,9,12,1,17056
56.810001373291016,58.58000183105469,58.27000045776367,57.0099983215332,277100,2016,9,13,2,17057
56.20000076293945,57.45000076293945,56.959999084472656,56.310001373291016,216800,2016,9,14,3,17058
56.15999984741211,56.849998474121094,56.38999938964844,56.66999816894531,193600,2016,9,15,4,17059
55.290000915527344,56.27000045776367,56.2400016784668,55.75,595800,2016,9,16,5,17060
55.869998931884766,56.90999984741211,56.060001373291016,56.70000076293945,243200,2016,9,19,1,17063
56.369998931884766,57.04999923706055,56.65999984741211,56.58000183105469,170200,2016,9,20,2,17064
56.34000015258789,57.52000045776367,56.9900016784668,57.0,242100,2016,9,21,3,17065
57.0,58.08000183105469,57.56999969482422,58.029998779296875,285000,2016,9,22,4,17066
57.5099983215332,58.349998474121094,58.02000045776367,57.540000915527344,172500,2016,9,23,5,17067
56.380001068115234,57.220001220703125,57.0,56.470001220703125,234900,2016,9,26,1,17070
56.029998779296875,57.060001373291016,56.34000015258789,56.45000076293945,243000,2016,9,27,2,17071
56.16999816894531,56.95000076293945,56.5,56.93000030517578,180400,2016,9,28,3,17072
55.630001068115234,56.93000030517578,56.77000045776367,55.95000076293945,241100,2016,9,29,4,17073
55.900001525878906,57.099998474121094,56.22999954223633,56.560001373291016,286500,2016,9,30,5,17074
55.81999969482422,56.54999923706055,56.31999969482422,56.060001373291016,281700,2016,10,3,1,17077
54.58000183105469,56.150001525878906,56.029998779296875,54.709999084472656,430400,2016,10,4,2,17078
54.810001373291016,56.33000183105469,54.939998626708984,55.58000183105469,454300,2016,10,5,3,17079
54.849998474121094,55.380001068115234,55.380001068115234,55.099998474121094,283400,2016,10,6,4,17080
54.22999954223633,55.2599983215332,54.959999084472656,54.599998474121094,468400,2016,10,7,5,17081
55.0,56.709999084472656,55.0,56.13999938964844,397900,2016,10,10,1,17084
54.91999816894531,56.279998779296875,55.869998931884766,55.11000061035156,328500,2016,10,11,2,17085
54.959999084472656,55.630001068115234,55.11000061035156,55.349998474121094,175400,2016,10,12,3,17086
54.5,55.15999984741211,54.7400016784668,54.65999984741211,195200,2016,10,13,4,17087
54.439998626708984,55.13999938964844,54.72999954223633,54.58000183105469,208900,2016,10,14,5,17088
53.970001220703125,54.90999984741211,54.63999938964844,53.97999954223633,161200,2016,10,17,1,17091
53.93000030517578,55.439998626708984,55.06999969482422,54.18000030517578,261400,2016,10,18,2,17092
53.88999938964844,54.38999938964844,54.18000030517578,53.900001525878906,189900,2016,10,19,3,17093
52.599998474121094,53.880001068115234,53.779998779296875,53.20000076293945,399300,2016,10,20,4,17094
52.689998626708984,53.939998626708984,52.7400016784668,53.91999816894531,289800,2016,10,21,5,17095
53.88999938964844,54.619998931884766,54.619998931884766,54.529998779296875,257300,2016,10,24,1,17098
54.040000915527344,54.689998626708984,54.38999938964844,54.66999816894531,329200,2016,10,25,2,17099
53.27000045776367,54.5,54.08000183105469,53.54999923706055,358200,2016,10,26,3,17100
52.61000061035156,54.06999969482422,53.720001220703125,52.97999954223633,319000,2016,10,27,4,17101
52.02000045776367,53.279998779296875,53.06999969482422,52.16999816894531,385200,2016,10,28,5,17102
51.31999969482422,52.43000030517578,52.099998474121094,52.060001373291016,450700,2016,10,31,1,17105
51.04999923706055,52.25,52.25,51.09000015258789,607300,2016,11,1,2,17106
51.0099983215332,52.08000183105469,51.0099983215332,51.31999969482422,287000,2016,11,2,3,17107
51.36000061035156,51.849998474121094,51.41999816894531,51.47999954223633,196800,2016,11,3,4,17108
51.630001068115234,53.029998779296875,51.630001068115234,52.52000045776367,397300,2016,11,4,5,17109
52.91999816894531,53.959999084472656,53.77000045776367,53.90999984741211,505900,2016,11,7,1,17112
53.63999938964844,55.029998779296875,53.7400016784668,54.47999954223633,336200,2016,11,8,2,17113
43.689998626708984,52.900001525878906,52.900001525878906,45.25,2525700,2016,11,9,3,17114
46.7599983215332,50.459999084472656,47.61000061035156,49.119998931884766,2715200,2016,11,10,4,17115
48.86000061035156,52.31999969482422,48.91999816894531,52.02000045776367,1213200,2016,11,11,5,17116
52.470001220703125,54.43000030517578,52.470001220703125,54.380001068115234,880700,2016,11,14,1,17119
53.0,54.720001220703125,54.380001068115234,53.88999938964844,686100,2016,11,15,2,17120
53.40999984741211,54.529998779296875,53.84000015258789,54.38999938964844,373100,2016,11,16,3,17121
54.040000915527344,55.279998779296875,54.470001220703125,55.06999969482422,481400,2016,11,17,4,17122
54.880001068115234,56.040000915527344,55.290000915527344,55.2599983215332,392000,2016,11,18,5,17123
55.099998474121094,56.209999084472656,55.59000015258789,56.209999084472656,370300,2016,11,21,1,17126
56.0,57.369998931884766,56.56999969482422,57.34000015258789,508400,2016,11,22,2,17127
56.61000061035156,57.5,57.08000183105469,57.459999084472656,284800,2016,11,23,3,17128
56.63999938964844,57.65999984741211,57.060001373291016,57.33000183105469,168200,2016,11,25,5,17130
56.310001373291016,57.2400016784668,57.13999938964844,56.900001525878906,301000,2016,11,28,1,17133
55.880001068115234,56.869998931884766,56.5099983215332,56.2599983215332,632100,2016,11,29,2,17134
55.27000045776367,56.61000061035156,56.5,55.290000915527344,453700,2016,11,30,3,17135
53.95000076293945,55.75,55.540000915527344,54.25,541800,2016,12,1,4,17136
53.75,54.459999084472656,54.099998474121094,53.83000183105469,341700,2016,12,2,5,17137
53.790000915527344,54.560001373291016,54.279998779296875,53.97999954223633,384600,2016,12,5,1,17140
53.68000030517578,54.52000045776367,54.22999954223633,54.11000061035156,605500,2016,12,6,2,17141
54.0,54.650001525878906,54.279998779296875,54.58000183105469,527100,2016,12,7,3,17142
54.15999984741211,55.130001068115234,54.7599983215332,54.58000183105469,715100,2016,12,8,4,17143
54.59000015258789,55.369998931884766,54.59000015258789,55.11000061035156,411200,2016,12,9,5,17144
53.91999816894531,55.11000061035156,55.11000061035156,54.13999938964844,759900,2016,12,12,1,17147
54.150001525878906,55.36000061035156,54.529998779296875,54.54999923706055,438200,2016,12,13,2,17148
53.810001373291016,54.72999954223633,54.56999969482422,53.9900016784668,355900,2016,12,14,3,17149
53.97999954223633,55.2599983215332,54.06999969482422,54.7599983215332,398700,2016,12,15,4,17150
54.54999923706055,55.2599983215332,54.9900016784668,54.65999984741211,875700,2016,12,16,5,17151
54.40999984741211,55.459999084472656,54.619998931884766,55.0,372000,2016,12,19,1,17154
55.0,56.130001068115234,55.25,56.119998931884766,385900,2016,12,20,2,17155
55.25,55.9900016784668,55.63999938964844,55.45000076293945,296400,2016,12,21,3,17156
53.720001220703125,55.34000015258789,55.34000015258789,54.11000061035156,403600,2016,12,22,4,17157
54.310001373291016,54.9900016784668,54.310001373291016,54.95000076293945,183400,2016,12,23,5,17158
54.849998474121094,55.939998626708984,54.849998474121094,55.58000183105469,286000,2016,12,27,2,17162
55.09000015258789,55.7599983215332,55.7599983215332,55.2599983215332,237100,2016,12,28,3,17163
55.2400016784668,55.810001373291016,55.45000076293945,55.560001373291016,156100,2016,12,29,4,17164
55.34000015258789,55.95000076293945,55.720001220703125,55.790000915527344,422500,2016,12,30,5,17165
55.25,56.40999984741211,56.2599983215332,55.459999084472656,324800,2017,1,3,2,17169
55.790000915527344,56.81999969482422,55.880001068115234,56.4900016784668,342900,2017,1,4,3,17170
56.04999923706055,56.83000183105469,56.2400016784668,56.720001220703125,281800,2017,1,5,4,17171
56.619998931884766,57.25,56.849998474121094,56.869998931884766,282300,2017,1,6,5,17172
56.36000061035156,57.31999969482422,56.97999954223633,57.0099983215332,374800,2017,1,9,1,17175
56.5,57.400001525878906,56.7400016784668,56.79999923706055,335300,2017,1,10,2,17176
56.599998474121094,57.22999954223633,56.599998474121094,57.22999954223633,279400,2017,1,11,3,17177
56.849998474121094,57.65999984741211,56.97999954223633,57.619998931884766,358400,2017,1,12,4,17178
57.79999923706055,58.54999923706055,57.869998931884766,58.5,250600,2017,1,13,5,17179
56.0099983215332,57.470001220703125,57.0,57.43000030517578,365900,2017,1,17,2,17183
56.939998626708984,57.65999984741211,57.529998779296875,57.18000030517578,323800,2017,1,18,3,17184
56.0099983215332,57.369998931884766,56.939998626708984,56.290000915527344,210000,2017,1,19,4,17185
56.279998779296875,57.099998474121094,56.279998779296875,57.08000183105469,342300,2017,1,20,5,17186
56.31999969482422,57.11000061035156,57.029998779296875,56.599998474121094,202400,2017,1,23,1,17189
56.400001525878906,57.2599983215332,56.7599983215332,56.45000076293945,411100,2017,1,24,2,17190
56.68000030517578,57.349998474121094,56.68000030517578,57.13999938964844,303100,2017,1,25,3,17191
56.08000183105469,57.16999816894531,57.11000061035156,56.439998626708984,235100,2017,1,26,4,17192
55.93000030517578,56.68000030517578,56.61000061035156,56.060001373291016,230000,2017,1,27,5,17193
55.02000045776367,56.08000183105469,56.08000183105469,55.400001525878906,504500,2017,1,30,1,17196
54.90999984741211,55.349998474121094,55.18000030517578,55.13999938964844,490800,2017,1,31,2,17197
54.63999938964844,55.70000076293945,55.439998626708984,54.83000183105469,417600,2017,2,1,3,17198
54.68000030517578,55.72999954223633,54.709999084472656,55.29999923706055,318800,2017,2,2,4,17199
55.68000030517578,56.56999969482422,55.720001220703125,56.16999816894531,334200,2017,2,3,5,17200
55.2599983215332,56.59000015258789,55.81999969482422,55.400001525878906,209800,2017,2,6,1,17203
54.779998779296875,55.52000045776367,55.22999954223633,54.810001373291016,357000,2017,2,7,2,17204
54.0,55.70000076293945,54.459999084472656,54.70000076293945,715100,2017,2,8,3,17205
51.7400016784668,56.91999816894531,53.0,55.72999954223633,1166100,2017,2,9,4,17206
55.18000030517578,56.279998779296875,56.060001373291016,56.220001220703125,459500,2017,2,10,5,17207
56.40999984741211,58.060001373291016,56.40999984741211,58.029998779296875,546400,2017,2,13,1,17210
58.099998474121094,59.2400016784668,58.15999984741211,59.18000030517578,555300,2017,2,14,2,17211
58.91999816894531,59.5,59.0,59.34000015258789,384300,2017,2,15,3,17212
58.439998626708984,59.68000030517578,59.400001525878906,58.939998626708984,366800,2017,2,16,4,17213
58.459999084472656,59.08000183105469,58.939998626708984,58.72999954223633,363600,2017,2,17,5,17214
58.599998474121094,60.0099983215332,58.599998474121094,60.0,587300,2017,2,21,2,17218
59.689998626708984,60.29999923706055,59.9900016784668,60.20000076293945,349900,2017,2,22,3,17219
59.7400016784668,60.56999969482422,60.56999969482422,60.2400016784668,261900,2017,2,23,4,17220
59.779998779296875,60.31999969482422,59.91999816894531,60.310001373291016,204400,2017,2,24,5,17221
59.9900016784668,60.7400016784668,59.9900016784668,60.61000061035156,317700,2017,2,27,1,17224
59.5099983215332,60.58000183105469,60.380001068115234,59.66999816894531,384000,2017,2,28,2,17225
60.209999084472656,61.2599983215332,60.279998779296875,61.150001525878906,411000,2017,3,1,3,17226
60.56999969482422,61.31999969482422,60.84000015258789,61.279998779296875,378200,2017,3,2,4,17227
60.47999954223633,61.459999084472656,61.31999969482422,61.08000183105469,329300,2017,3,3,5,17228
60.18000030517578,60.75,60.599998474121094,60.540000915527344,368900,2017,3,6,1,17231
59.95000076293945,60.900001525878906,60.29999923706055,60.790000915527344,641500,2017,3,7,2,17232
60.439998626708984,61.400001525878906,60.869998931884766,60.77000045776367,334600,2017,3,8,3,17233
59.95000076293945,60.75,60.75,60.2599983215332,303500,2017,3,9,4,17234
60.209999084472656,60.88999938964844,60.36000061035156,60.58000183105469,329700,2017,3,10,5,17235
60.43000030517578,61.2599983215332,60.54999923706055,61.25,373800,2017,3,13,1,17238
60.689998626708984,61.4900016784668,61.0,61.33000183105469,301000,2017,3,14,2,17239
61.310001373291016,62.18000030517578,61.43000030517578,61.86000061035156,413900,2017,3,15,3,17240
61.63999938964844,62.099998474121094,62.0099983215332,61.81999969482422,235900,2017,3,16,4,17241
61.47999954223633,62.349998474121094,61.5,62.220001220703125,891700,2017,3,17,5,17242
61.29999923706055,61.97999954223633,61.959999084472656,61.54999923706055,399200,2017,3,20,1,17245
60.41999816894531,61.959999084472656,61.880001068115234,60.52000045776367,430700,2017,3,21,2,17246
60.279998779296875,61.150001525878906,60.65999984741211,61.150001525878906,338400,2017,3,22,3,17247
60.45000076293945,61.54999923706055,60.970001220703125,61.34000015258789,250700,2017,3,23,4,17248
61.33000183105469,62.119998931884766,61.369998931884766,61.95000076293945,523600,2017,3,24,5,17249
60.47999954223633,61.7599983215332,61.189998626708984,61.56999969482422,410400,2017,3,27,1,17252
61.29999923706055,62.189998626708984,61.4900016784668,62.04999923706055,433100,2017,3,28,2,17253
61.880001068115234,62.599998474121094,61.97999954223633,62.43000030517578,340300,2017,3,29,3,17254
62.16999816894531,62.779998779296875,62.400001525878906,62.349998474121094,282000,2017,3,30,4,17255
62.0099983215332,62.689998626708984,62.400001525878906,62.20000076293945,684800,2017,3,31,5,17256
61.43000030517578,62.41999816894531,62.34000015258789,61.90999984741211,332300,2017,4,3,1,17259
61.619998931884766,62.369998931884766,61.77000045776367,62.0,411500,2017,4,4,2,17260
61.38999938964844,62.59000015258789,62.33000183105469,61.47999954223633,293200,2017,4,5,3,17261
61.040000915527344,61.83000183105469,61.529998779296875,61.650001525878906,358500,2017,4,6,4,17262
57.119998931884766,60.93000030517578,59.040000915527344,57.41999816894531,1167100,2017,4,7,5,17263
57.400001525878906,58.34000015258789,57.43000030517578,57.79999923706055,451700,2017,4,10,1,17266
57.61000061035156,58.900001525878906,57.61000061035156,58.810001373291016,429400,2017,4,11,2,17267
57.70000076293945,59.209999084472656,58.650001525878906,58.31999969482422,366200,2017,4,12,3,17268
57.599998474121094,58.54999923706055,58.119998931884766,57.619998931884766,201300,2017,4,13,4,17269
57.810001373291016,58.560001373291016,57.90999984741211,58.5099983215332,213400,2017,4,17,1,17273
58.0099983215332,58.900001525878906,58.41999816894531,58.790000915527344,280900,2017,4,18,2,17274
58.779998779296875,59.869998931884766,58.97999954223633,59.81999969482422,403700,2017,4,19,3,17275
59.43000030517578,60.27000045776367,60.09000015258789,60.09000015258789,430600,2017,4,20,4,17276
59.849998474121094,60.72999954223633,59.90999984741211,60.38999938964844,340200,2017,4,21,5,17277
60.77000045776367,61.380001068115234,61.34000015258789,61.29999923706055,412200,2017,4,24,1,17280
61.56999969482422,62.040000915527344,61.63999938964844,61.58000183105469,432300,2017,4,25,2,17281
61.470001220703125,62.22999954223633,61.630001068115234,61.779998779296875,325700,2017,4,26,3,17282
61.810001373291016,62.41999816894531,62.0099983215332,61.93000030517578,279600,2017,4,27,4,17283
60.93000030517578,62.119998931884766,62.119998931884766,60.9900016784668,378400,2017,4,28,5,17284
60.869998931884766,61.529998779296875,61.0,61.220001220703125,468800,2017,5,1,1,17287
60.66999816894531,61.2599983215332,61.11000061035156,60.84000015258789,382300,2017,5,2,2,17288
59.63999938964844,60.88999938964844,60.54999923706055,59.689998626708984,574000,2017,5,3,3,17289
61.25,64.25,63.0,61.38999938964844,1258900,2017,5,4,4,17290
58.43000030517578,60.88999938964844,59.59000015258789,60.790000915527344,663700,2017,5,5,5,17291
60.81999969482422,61.7599983215332,60.849998474121094,61.720001220703125,548000,2017,5,8,1,17294
61.790000915527344,63.599998474121094,61.790000915527344,63.54999923706055,793000,2017,5,9,2,17295
62.83000183105469,63.689998626708984,63.29999923706055,63.2400016784668,376500,2017,5,10,3,17296
62.290000915527344,63.5,62.970001220703125,63.470001220703125,359700,2017,5,11,4,17297
62.650001525878906,63.5099983215332,63.13999938964844,63.439998626708984,485500,2017,5,12,5,17298
63.4900016784668,64.18000030517578,63.56999969482422,63.650001525878906,260300,2017,5,15,1,17301
63.189998626708984,64.0,63.709999084472656,63.790000915527344,356200,2017,5,16,2,17302
62.34000015258789,63.790000915527344,63.790000915527344,62.369998931884766,425300,2017,5,17,3,17303
61.38999938964844,62.810001373291016,62.130001068115234,62.5,579700,2017,5,18,4,17304
62.52000045776367,63.15999984741211,62.52000045776367,62.65999984741211,277900,2017,5,19,5,17305
62.66999816894531,63.290000915527344,62.66999816894531,63.209999084472656,346600,2017,5,22,1,17308
62.52000045776367,63.36000061035156,63.279998779296875,63.2400016784668,370900,2017,5,23,2,17309
63.02000045776367,63.849998474121094,63.25,63.70000076293945,208400,2017,5,24,3,17310
61.33000183105469,62.900001525878906,62.900001525878906,62.380001068115234,675800,2017,5,25,4,17311
62.15999984741211,62.75,62.38999938964844,62.400001525878906,254500,2017,5,26,5,17312
61.869998931884766,62.43000030517578,62.22999954223633,61.880001068115234,302100,2017,5,30,2,17316
61.290000915527344,62.13999938964844,62.13999938964844,62.08000183105469,409400,2017,5,31,3,17317
62.099998474121094,62.560001373291016,62.310001373291016,62.36000061035156,631900,2017,6,1,4,17318
62.70000076293945,64.22000122070312,62.70000076293945,63.630001068115234,579700,2017,6,2,5,17319
63.09000015258789,63.7599983215332,63.65999984741211,63.130001068115234,296300,2017,6,5,1,17322
62.47999954223633,63.31999969482422,62.70000076293945,62.619998931884766,412500,2017,6,6,2,17323
62.209999084472656,62.939998626708984,62.7599983215332,62.630001068115234,385600,2017,6,7,3,17324
62.40999984741211,63.61000061035156,62.70000076293945,63.59000015258789,321900,2017,6,8,4,17325
63.34000015258789,64.27999877929688,63.70000076293945,63.880001068115234,462500,2017,6,9,5,17326
63.16999816894531,64.16999816894531,63.79999923706055,64.06999969482422,344500,2017,6,12,1,17329
63.959999084472656,64.76000213623047,64.43000030517578,64.23999786376953,286800,2017,6,13,2,17330
63.91999816894531,64.97000122070312,64.48999786376953,64.26000213623047,222500,2017,6,14,3,17331
63.45000076293945,64.38999938964844,63.65999984741211,64.37999725341797,169100,2017,6,15,4,17332
63.06999969482422,63.88999938964844,63.33000183105469,63.7599983215332,663700,2017,6,16,5,17333
63.970001220703125,64.70999908447266,64.06999969482422,64.33000183105469,413800,2017,6,19,1,17336
63.470001220703125,64.3499984741211,64.26000213623047,63.529998779296875,210000,2017,6,20,2,17337
63.119998931884766,63.720001220703125,63.61000061035156,63.189998626708984,238500,2017,6,21,3,17338
62.7599983215332,63.58000183105469,63.279998779296875,63.099998474121094,327100,2017,6,22,4,17339
62.849998474121094,63.560001373291016,63.150001525878906,63.150001525878906,575900,2017,6,23,5,17340
63.08000183105469,63.70000076293945,63.33000183105469,63.119998931884766,281700,2017,6,26,1,17343
62.619998931884766,63.27000045776367,63.209999084472656,62.65999984741211,339500,2017,6,27,2,17344
62.790000915527344,63.869998931884766,63.09000015258789,63.41999816894531,219600,2017,6,28,3,17345
62.099998474121094,63.400001525878906,63.369998931884766,62.790000915527344,222800,2017,6,29,4,17346
62.52000045776367,63.22999954223633,63.0,62.630001068115234,173000,2017,6,30,5,17347
62.40999984741211,63.08000183105469,62.7400016784668,62.529998779296875,99800,2017,7,3,1,17350
62.150001525878906,62.58000183105469,62.52000045776367,62.16999816894531,239400,2017,7,5,3,17352
60.83000183105469,62.040000915527344,62.0,60.93000030517578,369400,2017,7,6,4,17353
60.86000061035156,61.79999923706055,61.0,61.63999938964844,414800,2017,7,7,5,17354
61.119998931884766,61.720001220703125,61.630001068115234,61.310001373291016,246100,2017,7,10,1,17357
61.0099983215332,62.130001068115234,61.41999816894531,62.0,361200,2017,7,11,2,17358
61.599998474121094,62.83000183105469,62.36000061035156,61.70000076293945,251400,2017,7,12,3,17359
60.36000061035156,61.650001525878906,61.650001525878906,60.369998931884766,546800,2017,7,13,4,17360
59.9900016784668,60.66999816894531,60.459999084472656,60.22999954223633,841800,2017,7,14,5,17361
59.150001525878906,60.27000045776367,60.220001220703125,59.25,494500,2017,7,17,1,17364
58.58000183105469,59.279998779296875,59.25,59.0,562000,2017,7,18,2,17365
59.150001525878906,60.709999084472656,59.16999816894531,60.61000061035156,405400,2017,7,19,3,17366
60.38999938964844,60.84000015258789,60.7599983215332,60.54999923706055,201600,2017,7,20,4,17367
60.2400016784668,61.04999923706055,60.959999084472656,60.529998779296875,283000,2017,7,21,5,17368
60.220001220703125,60.66999816894531,60.560001373291016,60.52000045776367,274000,2017,7,24,1,17371
60.4900016784668,61.7400016784668,60.79999923706055,61.560001373291016,561600,2017,7,25,2,17372
61.15999984741211,61.81999969482422,61.56999969482422,61.45000076293945,223100,2017,7,26,3,17373
59.93000030517578,61.599998474121094,61.599998474121094,60.2599983215332,608900,2017,7,27,4,17374
59.91999816894531,60.65999984741211,60.04999923706055,60.40999984741211,220600,2017,7,28,5,17375
59.70000076293945,60.630001068115234,60.59000015258789,60.36000061035156,336300,2017,7,31,1,17378
60.13999938964844,61.04999923706055,60.77000045776367,61.04999923706055,349200,2017,8,1,2,17379
59.54999923706055,61.209999084472656,61.13999938964844,59.709999084472656,505500,2017,8,2,3,17380
58.75,62.20000076293945,60.689998626708984,60.959999084472656,777400,2017,8,3,4,17381
60.7599983215332,62.959999084472656,61.279998779296875,61.060001373291016,648100,2017,8,4,5,17382
60.59000015258789,61.72999954223633,61.029998779296875,61.5,452300,2017,8,7,1,17385
60.849998474121094,62.36000061035156,61.5,60.900001525878906,407700,2017,8,8,2,17386
60.029998779296875,60.7400016784668,60.54999923706055,60.22999954223633,250600,2017,8,9,3,17387
59.470001220703125,60.52000045776367,60.040000915527344,60.2599983215332,358300,2017,8,10,4,17388
60.150001525878906,60.880001068115234,60.25,60.83000183105469,310000,2017,8,11,5,17389
60.7400016784668,61.470001220703125,61.29999923706055,61.25,209100,2017,8,14,1,17392
60.43000030517578,61.25,61.25,60.439998626708984,274800,2017,8,15,2,17393
59.88999938964844,60.81999969482422,60.439998626708984,60.45000076293945,438600,2017,8,16,3,17394
59.34000015258789,60.4900016784668,60.31999969482422,59.349998474121094,341600,2017,8,17,4,17395
58.88999938964844,59.560001373291016,58.88999938964844,59.29999923706055,301800,2017,8,18,5,17396
59.11000061035156,59.66999816894531,59.29999923706055,59.380001068115234,286800,2017,8,21,1,17399
59.45000076293945,59.97999954223633,59.56999969482422,59.900001525878906,266900,2017,8,22,2,17400
59.400001525878906,59.83000183105469,59.59000015258789,59.72999954223633,186100,2017,8,23,3,17401
59.58000183105469,60.119998931884766,59.9900016784668,59.869998931884766,204900,2017,8,24,4,17402
59.31999969482422,60.279998779296875,60.099998474121094,59.36000061035156,304500,2017,8,25,5,17403
59.34000015258789,59.880001068115234,59.630001068115234,59.810001373291016,226400,2017,8,28,1,17406
59.36000061035156,59.88999938964844,59.459999084472656,59.56999969482422,216600,2017,8,29,2,17407
59.400001525878906,59.959999084472656,59.650001525878906,59.81999969482422,290200,2017,8,30,3,17408
59.97999954223633,61.06999969482422,59.97999954223633,60.779998779296875,255500,2017,8,31,4,17409
59.709999084472656,60.900001525878906,60.779998779296875,60.38999938964844,284500,2017,9,1,5,17410
59.83000183105469,60.75,60.150001525878906,60.279998779296875,297100,2017,9,5,2,17414
59.77000045776367,60.91999816894531,60.45000076293945,60.689998626708984,414500,2017,9,6,3,17415
60.15999984741211,61.279998779296875,60.7400016784668,60.959999084472656,300100,2017,9,7,4,17416
60.150001525878906,60.90999984741211,60.84000015258789,60.619998931884766,395900,2017,9,8,5,17417
60.939998626708984,63.16999816894531,60.939998626708984,62.77000045776367,496800,2017,9,11,1,17420
62.54999923706055,63.5099983215332,62.939998626708984,63.5099983215332,255000,2017,9,12,2,17421
63.09000015258789,63.86000061035156,63.45000076293945,63.369998931884766,297500,2017,9,13,3,17422
62.75,63.4900016784668,63.34000015258789,62.88999938964844,263200,2017,9,14,4,17423
62.709999084472656,63.619998931884766,62.970001220703125,63.58000183105469,518900,2017,9,15,5,17424
62.81999969482422,63.869998931884766,63.689998626708984,63.290000915527344,283100,2017,9,18,1,17427
62.77000045776367,63.7400016784668,63.470001220703125,62.810001373291016,253500,2017,9,19,2,17428
62.599998474121094,63.33000183105469,62.75,63.279998779296875,214100,2017,9,20,3,17429
63.119998931884766,63.7599983215332,63.38999938964844,63.59000015258789,201000,2017,9,21,4,17430
63.459999084472656,64.5,63.459999084472656,64.37000274658203,214400,2017,9,22,5,17431
63.70000076293945,64.4800033569336,64.16999816894531,64.38999938964844,180000,2017,9,25,1,17434
64.3499984741211,65.11000061035156,64.62999725341797,64.41000366210938,277300,2017,9,26,2,17435
64.37000274658203,65.37000274658203,64.81999969482422,65.05999755859375,379300,2017,9,27,3,17436
64.25,64.98999786376953,64.98999786376953,64.36000061035156,278700,2017,9,28,4,17437
64.30999755859375,64.76000213623047,64.33999633789062,64.5,297800,2017,9,29,5,17438
63.459999084472656,65.5199966430664,63.459999084472656,65.41999816894531,312200,2017,10,2,1,17441
65.12999725341797,65.87000274658203,65.43000030517578,65.61000061035156,283800,2017,10,3,2,17442
65.13999938964844,65.83999633789062,65.52999877929688,65.27999877929688,179000,2017,10,4,3,17443
65.08999633789062,65.62000274658203,65.27999877929688,65.58999633789062,221700,2017,10,5,4,17444
65.2300033569336,65.87000274658203,65.44000244140625,65.61000061035156,170200,2017,10,6,5,17445
65.16000366210938,65.8499984741211,65.66000366210938,65.3499984741211,194100,2017,10,9,1,17448
65.44000244140625,66.37999725341797,65.66999816894531,65.7699966430664,232800,2017,10,10,2,17449
65.08999633789062,66.13999938964844,65.7699966430664,65.37000274658203,224200,2017,10,11,3,17450
65.16000366210938,65.77999877929688,65.4000015258789,65.2699966430664,195200,2017,10,12,4,17451
65.20999908447266,65.66000366210938,65.5199966430664,65.25,216500,2017,10,13,5,17452
64.9000015258789,65.55999755859375,65.31999969482422,65.08999633789062,262100,2017,10,16,1,17455
64.68000030517578,65.38999938964844,65.0999984741211,64.79000091552734,150600,2017,10,17,2,17456
64.94000244140625,65.75,65.19999694824219,65.33999633789062,288200,2017,10,18,3,17457
64.5999984741211,65.33000183105469,65.20999908447266,65.31999969482422,161500,2017,10,19,4,17458
65.18000030517578,66.37000274658203,65.94000244140625,66.36000061035156,179900,2017,10,20,5,17459
66.19000244140625,66.5,66.44999694824219,66.22000122070312,162200,2017,10,23,1,17462
66.2300033569336,66.62999725341797,66.41000366210938,66.5,172300,2017,10,24,2,17463
65.88999938964844,66.6500015258789,66.5,65.93000030517578,284400,2017,10,25,3,17464
65.77999877929688,66.45999908447266,66.0199966430664,65.81999969482422,246200,2017,10,26,4,17465
65.37999725341797,66.30000305175781,65.94000244140625,65.87999725341797,261600,2017,10,27,5,17466
64.7300033569336,65.61000061035156,65.58999633789062,65.01000213623047,277000,2017,10,30,1,17469
65.22000122070312,66.54000091552734,65.29000091552734,66.43000030517578,313900,2017,10,31,2,17470
65.44000244140625,66.95999908447266,66.80000305175781,65.87999725341797,270500,2017,11,1,3,17471
65.29000091552734,65.83999633789062,65.62999725341797,65.44000244140625,197600,2017,11,2,4,17472
64.52999877929688,65.77999877929688,65.4800033569336,65.01000213623047,290200,2017,11,3,5,17473
64.41999816894531,65.18000030517578,64.8499984741211,64.77999877929688,240900,2017,11,6,1,17476
64.75,65.37999725341797,64.88999938964844,65.27999877929688,334700,2017,11,7,2,17477
64.37999725341797,66.30999755859375,65.12000274658203,66.0999984741211,711600,2017,11,8,3,17478
63.56999969482422,66.20999908447266,65.18000030517578,63.619998931884766,355000,2017,11,9,4,17479
62.52000045776367,63.720001220703125,63.11000061035156,63.09000015258789,427100,2017,11,10,5,17480
62.7400016784668,64.86000061035156,62.7400016784668,64.62999725341797,434100,2017,11,13,1,17483
64.1500015258789,65.19999694824219,64.3499984741211,64.77999877929688,285200,2017,11,14,2,17484
64.0,64.7300033569336,64.26000213623047,64.30999755859375,211600,2017,11,15,3,17485
64.44000244140625,65.75,64.44000244140625,65.58999633789062,283400,2017,11,16,4,17486
65.02999877929688,65.80999755859375,65.2699966430664,65.47000122070312,327300,2017,11,17,5,17487
65.22000122070312,66.4800033569336,65.44000244140625,66.37000274658203,253100,2017,11,20,1,17490
66.58999633789062,67.41999816894531,66.7300033569336,67.41000366210938,285500,2017,11,21,2,17491
67.05000305175781,67.88999938964844,67.2300033569336,67.13999938964844,176900,2017,11,22,3,17492
66.5199966430664,67.33000183105469,67.16000366210938,66.80000305175781,104500,2017,11,24,5,17494
66.80000305175781,67.66000366210938,66.91999816894531,66.97000122070312,222900,2017,11,27,1,17497
66.87000274658203,67.77999877929688,67.13999938964844,67.73999786376953,297700,2017,11,28,2,17498
67.18000030517578,68.22000122070312,67.7300033569336,68.11000061035156,285600,2017,11,29,3,17499
68.06999969482422,69.19999694824219,68.33000183105469,69.08000183105469,386900,2017,11,30,4,17500
67.44999694824219,69.19999694824219,69.05000305175781,69.18000030517578,461700,2017,12,1,5,17501
68.6500015258789,70.43000030517578,70.0,68.7699966430664,375100,2017,12,4,1,17504
68.16999816894531,69.4800033569336,68.80000305175781,68.80000305175781,359400,2017,12,5,2,17505
68.69999694824219,69.69000244140625,68.80999755859375,69.4800033569336,367900,2017,12,6,3,17506
69.5,70.36000061035156,69.87000274658203,70.13999938964844,400100,2017,12,7,4,17507
70.05000305175781,70.83000183105469,70.56999969482422,70.81999969482422,420500,2017,12,8,5,17508
70.41000366210938,71.19000244140625,70.83999633789062,70.88999938964844,484100,2017,12,11,1,17511
70.2300033569336,71.30000305175781,71.12000274658203,70.93000030517578,573200,2017,12,12,2,17512
70.44999694824219,71.63999938964844,71.04000091552734,70.58999633789062,536200,2017,12,13,3,17513
70.66999816894531,71.70999908447266,70.94999694824219,70.80999755859375,513100,2017,12,14,4,17514
70.97000122070312,72.1500015258789,71.0,71.31999969482422,669700,2017,12,15,5,17515
71.18000030517578,72.29000091552734,71.87000274658203,71.54000091552734,285300,2017,12,18,1,17518
71.16000366210938,71.95999908447266,71.55000305175781,71.6500015258789,277700,2017,12,19,2,17519
71.55999755859375,72.23999786376953,72.16999816894531,71.61000061035156,223300,2017,12,20,3,17520
71.12999725341797,71.98999786376953,71.75,71.18000030517578,186200,2017,12,21,4,17521
70.87000274658203,71.45999908447266,71.45999908447266,71.02999877929688,314500,2017,12,22,5,17522
70.66000366210938,71.9800033569336,70.95999908447266,71.7300033569336,195600,2017,12,26,2,17526
71.47000122070312,72.20999908447266,71.76000213623047,71.66999816894531,210800,2017,12,27,3,17527
71.5999984741211,72.08999633789062,71.7699966430664,72.04000091552734,151300,2017,12,28,4,17528
71.55000305175781,72.54000091552734,72.0999984741211,71.58000183105469,232800,2017,12,29,5,17529
71.1500015258789,72.37999725341797,71.7300033569336,71.36000061035156,335200,2018,1,2,2,17533
71.0199966430664,72.30000305175781,71.56999969482422,71.19000244140625,337000,2018,1,3,3,17534
70.98999786376953,71.95999908447266,71.68000030517578,71.02999877929688,476300,2018,1,4,4,17535
70.6500015258789,71.44000244140625,71.33000183105469,71.2699966430664,501400,2018,1,5,5,17536
71.04000091552734,72.26000213623047,71.44000244140625,71.55000305175781,529500,2018,1,8,1,17539
71.01000213623047,72.16999816894531,71.58000183105469,71.12999725341797,365200,2018,1,9,2,17540
69.87000274658203,70.94999694824219,70.94999694824219,70.08999633789062,538300,2018,1,10,3,17541
70.18000030517578,72.08999633789062,70.4800033569336,72.04000091552734,389400,2018,1,11,4,17542
71.7300033569336,72.70999908447266,72.11000061035156,71.88999938964844,277700,2018,1,12,5,17543
71.08000183105469,72.27999877929688,72.0999984741211,71.25,364700,2018,1,16,2,17547
69.25,70.83999633789062,70.19000244140625,69.97000122070312,630900,2018,1,17,3,17548
69.5,70.45999908447266,70.1500015258789,69.58000183105469,483700,2018,1,18,4,17549
69.69000244140625,70.1500015258789,69.76000213623047,70.08999633789062,614800,2018,1,19,5,17550
69.27999877929688,70.0999984741211,70.08999633789062,69.70999908447266,263800,2018,1,22,1,17553
69.18000030517578,69.8499984741211,69.69000244140625,69.19999694824219,351800,2018,1,23,2,17554
69.06999969482422,69.83000183105469,69.58999633789062,69.73999786376953,517000,2018,1,24,3,17555
69.43000030517578,70.51000213623047,70.08999633789062,69.72000122070312,417900,2018,1,25,4,17556
69.44999694824219,70.16999816894531,69.69999694824219,70.1500015258789,320700,2018,1,26,5,17557
68.9000015258789,70.2300033569336,69.9000015258789,69.0,420400,2018,1,29,1,17560
68.23999786376953,69.0199966430664,68.52999877929688,68.55000305175781,405700,2018,1,30,2,17561
67.94000244140625,69.1500015258789,68.69000244140625,68.18000030517578,407100,2018,1,31,3,17562
67.76000213623047,69.0199966430664,68.11000061035156,68.7699966430664,654800,2018,2,1,4,17563
67.77999877929688,69.0,68.5,67.77999877929688,488400,2018,2,2,5,17564
65.16999816894531,67.98999786376953,67.37999725341797,65.20999908447266,521700,2018,2,5,1,17567
63.66999816894531,65.70999908447266,64.1500015258789,64.7699966430664,777000,2018,2,6,2,17568
64.45999908447266,65.54000091552734,64.55000305175781,65.23999786376953,724700,2018,2,7,3,17569
63.220001220703125,67.29000091552734,66.69000244140625,63.970001220703125,982100,2018,2,8,4,17570
62.66999816894531,64.94999694824219,64.8499984741211,63.790000915527344,670800,2018,2,9,5,17571
63.7400016784668,64.73999786376953,64.01000213623047,64.44999694824219,1112900,2018,2,12,1,17574
64.08999633789062,65.55999755859375,64.3499984741211,65.33999633789062,761700,2018,2,13,2,17575
64.83000183105469,66.97000122070312,64.91999816894531,66.87999725341797,988100,2018,2,14,3,17576
66.37000274658203,67.30999755859375,67.30999755859375,66.56999969482422,828100,2018,2,15,4,17577
66.41000366210938,67.55000305175781,66.44999694824219,67.26000213623047,846800,2018,2,16,5,17578
66.91000366210938,67.87000274658203,67.05999755859375,67.13999938964844,686700,2018,2,20,2,17582
67.08999633789062,68.33999633789062,67.23999786376953,67.87000274658203,497300,2018,2,21,3,17583
67.9000015258789,68.73999786376953,67.9000015258789,68.1500015258789,504100,2018,2,22,4,17584
67.9000015258789,68.79000091552734,68.41999816894531,68.16000366210938,319700,2018,2,23,5,17585
67.69000244140625,68.45999908447266,68.25,68.44999694824219,245700,2018,2,26,1,17588
67.63999938964844,68.93000030517578,68.5,67.91999816894531,421500,2018,2,27,2,17589
66.95999908447266,68.94999694824219,68.18000030517578,66.9800033569336,327300,2018,2,28,3,17590
65.79000091552734,67.23999786376953,66.86000061035156,66.5199966430664,385200,2018,3,1,4,17591
66.04000091552734,66.8499984741211,66.04000091552734,66.72000122070312,387600,2018,3,2,5,17592
66.33999633789062,67.13999938964844,66.52999877929688,66.83000183105469,539800,2018,3,5,1,17595
66.79000091552734,67.81999969482422,67.12000274658203,67.6500015258789,563200,2018,3,6,2,17596
67.1500015258789,68.22000122070312,67.1500015258789,67.83999633789062,433300,2018,3,7,3,17597
67.19000244140625,68.20999908447266,67.94000244140625,67.76000213623047,251800,2018,3,8,4,17598
68.13999938964844,69.20999908447266,68.22000122070312,69.0,374800,2018,3,9,5,17599
67.98999786376953,69.18000030517578,69.18000030517578,68.19999694824219,589600,2018,3,12,1,17602
67.73999786376953,68.73999786376953,68.52999877929688,67.97000122070312,403600,2018,3,13,2,17603
67.69999694824219,68.33999633789062,68.2300033569336,67.88999938964844,227500,2018,3,14,3,17604
67.47000122070312,68.12000274658203,68.0,67.83999633789062,302600,2018,3,15,4,17605
67.79000091552734,68.4800033569336,68.05000305175781,68.11000061035156,773500,2018,3,16,5,17606
66.91000366210938,68.0999984741211,68.05999755859375,67.5999984741211,320100,2018,3,19,1,17609
67.31999969482422,68.01000213623047,67.56999969482422,67.4800033569336,247800,2018,3,20,2,17610
67.19000244140625,67.72000122070312,67.54000091552734,67.2699966430664,404700,2018,3,21,3,17611
65.95999908447266,67.0999984741211,66.81999969482422,65.95999908447266,379700,2018,3,22,4,17612
63.849998474121094,66.02999877929688,66.02999877929688,63.86000061035156,252000,2018,3,23,5,17613
63.7599983215332,64.94999694824219,64.69000244140625,64.79000091552734,433800,2018,3,26,1,17616
64.37000274658203,65.66999816894531,65.19000244140625,64.69999694824219,442500,2018,3,27,2,17617
64.37000274658203,65.33999633789062,64.5999984741211,65.05999755859375,306800,2018,3,28,3,17618
65.36000061035156,67.1500015258789,65.4000015258789,66.73999786376953,463900,2018,3,29,4,17619
64.44999694824219,66.80999755859375,66.55000305175781,64.86000061035156,270000,2018,4,2,1,17623
64.81999969482422,65.91000366210938,65.08999633789062,65.66000366210938,294500,2018,4,3,2,17624
64.91000366210938,66.38999938964844,64.91000366210938,66.30999755859375,207700,2018,4,4,3,17625
66.29000091552734,66.93000030517578,66.80000305175781,66.80000305175781,199300,2018,4,5,4,17626
65.12000274658203,66.81999969482422,66.4800033569336,65.58999633789062,330100,2018,4,6,5,17627
65.37000274658203,66.36000061035156,65.9000015258789,65.44000244140625,168500,2018,4,9,1,17630
66.0199966430664,67.4000015258789,66.41999816894531,67.04000091552734,264400,2018,4,10,2,17631
66.0199966430664,68.05000305175781,66.61000061035156,67.76000213623047,442300,2018,4,11,3,17632
67.44000244140625,68.19000244140625,68.08000183105469,67.86000061035156,266200,2018,4,12,4,17633
67.70999908447266,68.20999908447266,68.05999755859375,68.1500015258789,206900,2018,4,13,5,17634
68.5,69.5999984741211,68.73999786376953,69.41000366210938,456800,2018,4,16,1,17637
69.5199966430664,70.0,69.94000244140625,69.80000305175781,325000,2018,4,17,2,17638
69.88999938964844,70.88999938964844,70.0,70.7300033569336,343600,2018,4,18,3,17639
70.2300033569336,70.93000030517578,70.61000061035156,70.69999694824219,230600,2018,4,19,4,17640
69.41999816894531,70.6500015258789,70.52999877929688,69.7300033569336,285300,2018,4,20,5,17641
69.55999755859375,70.30999755859375,70.0,69.87999725341797,224700,2018,4,23,1,17644
69.31999969482422,71.05000305175781,70.29000091552734,69.77999877929688,252100,2018,4,24,2,17645
68.66000366210938,69.83999633789062,69.62000274658203,69.56999969482422,223600,2018,4,25,3,17646
68.80000305175781,69.8499984741211,69.8499984741211,69.16999816894531,389000,2018,4,26,4,17647
68.38999938964844,69.51000213623047,69.51000213623047,68.66999816894531,238100,2018,4,27,5,17648
67.62999725341797,69.20999908447266,68.88999938964844,67.62999725341797,286700,2018,4,30,1,17651
67.2699966430664,68.16999816894531,67.61000061035156,68.11000061035156,341500,2018,5,1,2,17652
67.0999984741211,68.01000213623047,68.01000213623047,67.19999694824219,234200,2018,5,2,3,17653
65.9800033569336,67.25,67.08000183105469,66.83999633789062,217900,2018,5,3,4,17654
66.2699966430664,67.47000122070312,66.44000244140625,67.02999877929688,312700,2018,5,4,5,17655
66.95999908447266,67.68000030517578,67.26000213623047,67.08999633789062,658000,2018,5,7,1,17658
67.63999938964844,69.05000305175781,68.0999984741211,68.33000183105469,728900,2018,5,8,2,17659
67.20999908447266,68.52999877929688,68.43000030517578,67.79000091552734,483500,2018,5,9,3,17660
62.41999816894531,68.52999877929688,64.94000244140625,62.439998626708984,790900,2018,5,10,4,17661
60.27000045776367,61.709999084472656,61.630001068115234,61.09000015258789,1130400,2018,5,11,5,17662
60.86000061035156,62.279998779296875,61.08000183105469,61.349998474121094,1110900,2018,5,14,1,17665
61.27000045776367,62.22999954223633,61.27000045776367,61.630001068115234,1015200,2018,5,15,2,17666
61.470001220703125,62.16999816894531,61.7400016784668,61.83000183105469,482000,2018,5,16,3,17667
61.38999938964844,62.02000045776367,61.529998779296875,61.95000076293945,373800,2018,5,17,4,17668
62.0099983215332,62.56999969482422,62.20000076293945,62.2400016784668,613100,2018,5,18,5,17669
62.630001068115234,63.41999816894531,62.630001068115234,63.029998779296875,442800,2018,5,21,1,17672
62.119998931884766,63.06999969482422,62.97999954223633,62.209999084472656,623000,2018,5,22,2,17673
61.869998931884766,62.38999938964844,62.0099983215332,62.2599983215332,351400,2018,5,23,3,17674
61.689998626708984,62.34000015258789,62.310001373291016,61.88999938964844,467600,2018,5,24,4,17675
61.47999954223633,62.33000183105469,61.93000030517578,61.540000915527344,325200,2018,5,25,5,17676
60.79999923706055,61.560001373291016,61.150001525878906,61.099998474121094,492600,2018,5,29,2,17680
61.31999969482422,62.02000045776367,61.45000076293945,61.4900016784668,487600,2018,5,30,3,17681
60.88999938964844,61.65999984741211,61.61000061035156,60.900001525878906,545000,2018,5,31,4,17682
60.939998626708984,61.59000015258789,61.33000183105469,61.22999954223633,386900,2018,6,1,5,17683
60.9900016784668,62.2400016784668,61.400001525878906,62.220001220703125,539400,2018,6,4,1,17686
62.40999984741211,63.02000045776367,62.40999984741211,62.90999984741211,312700,2018,6,5,2,17687
62.5099983215332,63.36000061035156,62.88999938964844,63.279998779296875,266400,2018,6,6,3,17688
62.43000030517578,63.5,63.5,62.86000061035156,229000,2018,6,7,4,17689
62.36000061035156,62.970001220703125,62.779998779296875,62.720001220703125,368100,2018,6,8,5,17690
62.4900016784668,63.02000045776367,62.650001525878906,62.619998931884766,268100,2018,6,11,1,17693
62.220001220703125,62.75,62.619998931884766,62.279998779296875,300200,2018,6,12,2,17694
62.0099983215332,62.52000045776367,62.349998474121094,62.130001068115234,343500,2018,6,13,3,17695
61.959999084472656,62.540000915527344,62.400001525878906,62.470001220703125,407900,2018,6,14,4,17696
62.029998779296875,62.709999084472656,62.29999923706055,62.68000030517578,843500,2018,6,15,5,17697
62.29999923706055,63.099998474121094,62.369998931884766,62.91999816894531,445000,2018,6,18,1,17700
62.15999984741211,63.54999923706055,62.70000076293945,63.540000915527344,325500,2018,6,19,2,17701
63.310001373291016,63.7400016784668,63.7400016784668,63.380001068115234,257600,2018,6,20,3,17702
62.869998931884766,63.58000183105469,63.43000030517578,63.22999954223633,425800,2018,6,21,4,17703
62.95000076293945,63.709999084472656,63.56999969482422,63.150001525878906,479500,2018,6,22,5,17704
62.310001373291016,63.90999984741211,63.150001525878906,63.16999816894531,557400,2018,6,25,1,17707
62.470001220703125,63.91999816894531,63.209999084472656,63.689998626708984,457600,2018,6,26,2,17708
62.939998626708984,63.810001373291016,63.68000030517578,62.97999954223633,700000,2018,6,27,3,17709
62.2400016784668,63.20000076293945,62.90999984741211,62.79999923706055,396300,2018,6,28,4,17710
62.02000045776367,63.06999969482422,63.06999969482422,62.11000061035156,654200,2018,6,29,5,17711
61.7599983215332,62.81999969482422,61.90999984741211,62.779998779296875,598300,2018,7,2,1,17714
62.7400016784668,63.79999923706055,63.0099983215332,63.61000061035156,99700,2018,7,3,2,17715
63.0099983215332,63.939998626708984,63.7599983215332,63.90999984741211,287100,2018,7,5,4,17717
63.84000015258789,64.3499984741211,64.01000213623047,64.1500015258789,311600,2018,7,6,5,17718
64.22000122070312,64.73999786376953,64.36000061035156,64.62999725341797,209600,2018,7,9,1,17721
63.90999984741211,64.80000305175781,64.80000305175781,64.19000244140625,209200,2018,7,10,2,17722
63.86000061035156,64.4000015258789,64.11000061035156,64.13999938964844,228900,2018,7,11,3,17723
64.13999938964844,64.94999694824219,64.62000274658203,64.80999755859375,180300,2018,7,12,4,17724
64.27999877929688,64.77999877929688,64.7300033569336,64.48999786376953,264400,2018,7,13,5,17725
64.36000061035156,65.0,64.6500015258789,64.44999694824219,285300,2018,7,16,1,17728
64.2300033569336,65.0,64.37999725341797,64.83000183105469,370300,2018,7,17,2,17729
64.33999633789062,64.94000244140625,64.83000183105469,64.88999938964844,202700,2018,7,18,3,17730
64.68000030517578,65.66000366210938,64.70999908447266,65.4800033569336,334600,2018,7,19,4,17731
64.93000030517578,65.63999938964844,65.62999725341797,65.1500015258789,192300,2018,7,20,5,17732
64.63999938964844,65.41000366210938,65.0199966430664,64.80999755859375,223300,2018,7,23,1,17735
64.05999755859375,65.52999877929688,65.19000244140625,64.4000015258789,201600,2018,7,24,2,17736
64.31999969482422,64.80000305175781,64.80000305175781,64.41999816894531,191700,2018,7,25,3,17737
64.4000015258789,65.29000091552734,64.4000015258789,64.81999969482422,318100,2018,7,26,4,17738
64.38999938964844,65.0999984741211,65.0999984741211,64.73999786376953,403700,2018,7,27,5,17739
63.77000045776367,64.95999908447266,64.55999755859375,63.91999816894531,235500,2018,7,30,1,17742
63.959999084472656,65.04000091552734,64.22000122070312,64.80999755859375,248900,2018,7,31,2,17743
64.25,65.06999969482422,64.79000091552734,64.5199966430664,600300,2018,8,1,3,17744
64.01000213623047,65.43000030517578,64.25,65.01000213623047,347300,2018,8,2,4,17745
64.05999755859375,65.04000091552734,64.94999694824219,64.66000366210938,302600,2018,8,3,5,17746
64.2300033569336,65.30999755859375,64.68000030517578,65.16000366210938,277100,2018,8,6,1,17749
65.18000030517578,66.19000244140625,65.18000030517578,65.66999816894531,285100,2018,8,7,2,17750
65.33999633789062,66.06999969482422,65.7699966430664,65.70999908447266,347800,2018,8,8,3,17751
62.849998474121094,66.2300033569336,66.16000366210938,62.900001525878906,688100,2018,8,9,4,17752
62.27000045776367,63.7599983215332,62.369998931884766,63.33000183105469,703800,2018,8,10,5,17753
63.029998779296875,64.33000183105469,63.380001068115234,63.560001373291016,620500,2018,8,13,1,17756
63.380001068115234,64.48999786376953,63.81999969482422,64.02999877929688,378600,2018,8,14,2,17757
63.40999984741211,64.1500015258789,63.81999969482422,64.12000274658203,273100,2018,8,15,3,17758
63.95000076293945,64.66999816894531,64.33999633789062,64.1500015258789,406000,2018,8,16,4,17759
63.959999084472656,65.22000122070312,64.0999984741211,65.08999633789062,270200,2018,8,17,5,17760
64.70999908447266,65.55000305175781,65.22000122070312,64.9800033569336,322500,2018,8,20,1,17763
64.98999786376953,65.69000244140625,65.11000061035156,65.58000183105469,333600,2018,8,21,2,17764
64.95999908447266,65.70999908447266,65.43000030517578,65.55000305175781,155300,2018,8,22,3,17765
65.25,65.73999786376953,65.55000305175781,65.44000244140625,213000,2018,8,23,4,17766
65.16999816894531,65.95999908447266,65.4800033569336,65.62000274658203,157300,2018,8,24,5,17767
65.41999816894531,65.94000244140625,65.87999725341797,65.58000183105469,131500,2018,8,27,1,17770
65.22000122070312,65.83000183105469,65.77999877929688,65.43000030517578,133800,2018,8,28,2,17771
65.44999694824219,66.31999969482422,65.44999694824219,66.25,211500,2018,8,29,3,17772
65.75,66.2300033569336,66.11000061035156,66.05000305175781,253100,2018,8,30,4,17773
65.81999969482422,66.66000366210938,65.91999816894531,66.5,320200,2018,8,31,5,17774
65.45999908447266,66.45999908447266,66.25,65.8499984741211,306500,2018,9,4,2,17778
64.9800033569336,65.73999786376953,65.73999786376953,65.51000213623047,337000,2018,9,5,3,17779
65.30999755859375,65.7699966430664,65.61000061035156,65.5999984741211,257300,2018,9,6,4,17780
65.0199966430664,65.73999786376953,65.29000091552734,65.2699966430664,201500,2018,9,7,5,17781
64.88999938964844,65.58000183105469,65.43000030517578,65.54000091552734,267700,2018,9,10,1,17784
65.08000183105469,66.06999969482422,65.29000091552734,65.5199966430664,223100,2018,9,11,2,17785
64.58999633789062,65.69999694824219,65.5199966430664,65.58999633789062,197100,2018,9,12,3,17786
65.33999633789062,65.94999694824219,65.62999725341797,65.63999938964844,158500,2018,9,13,4,17787
65.61000061035156,66.37999725341797,65.80000305175781,66.23999786376953,256100,2018,9,14,5,17788
65.76000213623047,66.5999984741211,66.3499984741211,66.02999877929688,290200,2018,9,17,1,17791
65.45999908447266,66.27999877929688,66.11000061035156,66.0199966430664,229600,2018,9,18,2,17792
64.16000366210938,66.12000274658203,66.04000091552734,64.27999877929688,243100,2018,9,19,3,17793
63.90999984741211,65.1500015258789,64.48999786376953,65.1500015258789,264200,2018,9,20,4,17794
64.81999969482422,65.61000061035156,65.11000061035156,65.1500015258789,881900,2018,9,21,5,17795
64.41000366210938,65.25,65.0199966430664,64.94000244140625,352200,2018,9,24,1,17798
64.93000030517578,65.81999969482422,65.05999755859375,64.98999786376953,192400,2018,9,25,2,17799
64.41999816894531,65.19000244140625,65.19000244140625,64.47000122070312,252600,2018,9,26,3,17800
64.54000091552734,65.1500015258789,64.58999633789062,64.6500015258789,214000,2018,9,27,4,17801
64.41999816894531,65.19999694824219,64.41999816894531,65.05999755859375,230400,2018,9,28,5,17802
63.52000045776367,65.01000213623047,63.970001220703125,63.720001220703125,243100,2018,10,1,1,17805
63.33000183105469,63.95000076293945,63.63999938964844,63.459999084472656,210300,2018,10,2,2,17806
63.27000045776367,63.91999816894531,63.720001220703125,63.619998931884766,162600,2018,10,3,3,17807
62.560001373291016,63.560001373291016,63.380001068115234,62.7599983215332,191900,2018,10,4,4,17808
62.040000915527344,63.0,62.83000183105469,62.34000015258789,194400,2018,10,5,5,17809
61.75,62.529998779296875,62.18000030517578,62.34000015258789,256600,2018,10,8,1,17812
61.470001220703125,63.36000061035156,62.54999923706055,62.70000076293945,352800,2018,10,9,2,17813
62.560001373291016,64.97000122070312,63.5,63.25,432100,2018,10,10,3,17814
61.77000045776367,63.400001525878906,63.369998931884766,61.790000915527344,386300,2018,10,11,4,17815
60.720001220703125,62.619998931884766,62.619998931884766,62.16999816894531,377100,2018,10,12,5,17816
61.83000183105469,62.63999938964844,61.95000076293945,62.25,432000,2018,10,15,1,17819
62.34000015258789,64.2699966430664,62.709999084472656,64.22000122070312,234700,2018,10,16,2,17820
63.720001220703125,64.97000122070312,64.02999877929688,64.69000244140625,278500,2018,10,17,3,17821
64.11000061035156,65.38999938964844,64.69000244140625,64.47000122070312,262100,2018,10,18,4,17822
64.41000366210938,65.31999969482422,64.41999816894531,64.69000244140625,293900,2018,10,19,5,17823
64.9800033569336,65.80000305175781,64.9800033569336,65.5999984741211,231800,2018,10,22,1,17826
64.44999694824219,65.83000183105469,64.88999938964844,65.12999725341797,227600,2018,10,23,2,17827
64.44000244140625,65.80999755859375,65.0999984741211,64.45999908447266,438700,2018,10,24,3,17828
64.6500015258789,66.2699966430664,64.79000091552734,66.05000305175781,396300,2018,10,25,4,17829
64.56999969482422,66.12000274658203,65.26000213623047,65.7699966430664,342000,2018,10,26,5,17830
65.04000091552734,67.4000015258789,66.5,65.58000183105469,442200,2018,10,29,1,17833
65.4000015258789,66.43000030517578,65.72000122070312,65.7699966430664,248800,2018,10,30,2,17834
64.91999816894531,66.58999633789062,66.45999908447266,64.97000122070312,425600,2018,10,31,3,17835
64.52999877929688,65.5999984741211,65.23999786376953,64.55999755859375,335700,2018,11,1,4,17836
63.529998779296875,64.88999938964844,64.72000122070312,63.869998931884766,429100,2018,11,2,5,17837
63.5,64.52999877929688,63.90999984741211,64.2699966430664,275700,2018,11,5,1,17840
63.68000030517578,64.37999725341797,64.16000366210938,64.05000305175781,471700,2018,11,6,2,17841
64.25,66.58999633789062,64.5199966430664,66.01000213623047,315700,2018,11,7,3,17842
65.27999877929688,66.72000122070312,65.93000030517578,66.70999908447266,190500,2018,11,8,4,17843
66.05000305175781,67.48999786376953,66.37000274658203,67.2300033569336,307400,2018,11,9,5,17844
66.41999816894531,67.63999938964844,67.16000366210938,66.76000213623047,391800,2018,11,12,1,17847
65.98999786376953,67.08999633789062,67.08999633789062,66.43000030517578,326700,2018,11,13,2,17848
65.25,66.93000030517578,66.66000366210938,65.41999816894531,246700,2018,11,14,3,17849
64.56999969482422,66.5999984741211,65.05999755859375,66.41000366210938,754500,2018,11,15,4,17850
65.75,66.56999969482422,65.91000366210938,65.98999786376953,356400,2018,11,16,5,17851
63.38999938964844,66.16999816894531,65.8499984741211,63.95000076293945,481300,2018,11,19,1,17854
60.0,64.19000244140625,60.38999938964844,63.5,1011200,2018,11,20,2,17855
63.58000183105469,66.73999786376953,64.2699966430664,66.54000091552734,534900,2018,11,21,3,17856
65.80000305175781,68.38999938964844,65.80000305175781,67.43000030517578,249600,2018,11,23,5,17858
67.47000122070312,68.91000366210938,68.0999984741211,68.37999725341797,481900,2018,11,26,1,17861
67.62999725341797,68.83000183105469,68.11000061035156,68.08000183105469,508400,2018,11,27,2,17862
68.08999633789062,69.62000274658203,68.25,69.56999969482422,312400,2018,11,28,3,17863
69.1500015258789,70.29000091552734,69.27999877929688,69.7699966430664,414300,2018,11,29,4,17864
69.63999938964844,71.43000030517578,69.63999938964844,71.12000274658203,630800,2018,11,30,5,17865
71.13999938964844,72.41000366210938,72.08000183105469,71.83999633789062,405200,2018,12,3,1,17868
70.51000213623047,72.44999694824219,71.73999786376953,70.73999786376953,712700,2018,12,4,2,17869
69.45999908447266,70.7699966430664,70.12999725341797,70.37999725341797,521400,2018,12,6,4,17871
69.41999816894531,70.69000244140625,70.20999908447266,69.86000061035156,660500,2018,12,7,5,17872
68.73999786376953,70.06999969482422,69.93000030517578,69.38999938964844,396200,2018,12,10,1,17875
69.52999877929688,71.22000122070312,70.30000305175781,69.9800033569336,465900,2018,12,11,2,17876
70.05999755859375,71.73999786376953,70.5999984741211,70.31999969482422,352600,2018,12,12,3,17877
69.68000030517578,70.80000305175781,70.66999816894531,69.94999694824219,388900,2018,12,13,4,17878
68.9800033569336,70.19000244140625,69.3499984741211,69.45999908447266,407600,2018,12,14,5,17879
67.25,69.22000122070312,69.11000061035156,67.56999969482422,420900,2018,12,17,1,17882
65.6500015258789,68.16999816894531,68.04000091552734,65.76000213623047,731900,2018,12,18,2,17883
64.31999969482422,66.41000366210938,65.94000244140625,64.66999816894531,551000,2018,12,19,3,17884
63.38999938964844,64.80000305175781,64.44999694824219,64.3499984741211,560600,2018,12,20,4,17885
62.75,65.04000091552734,64.16999816894531,62.7599983215332,874500,2018,12,21,5,17886
62.0,63.400001525878906,62.29999923706055,62.41999816894531,307000,2018,12,24,1,17889
62.13999938964844,64.47000122070312,62.720001220703125,64.4000015258789,458800,2018,12,26,3,17891
62.84000015258789,64.5199966430664,63.810001373291016,64.37999725341797,562400,2018,12,27,4,17892
64.20999908447266,65.55000305175781,64.55999755859375,64.79000091552734,277500,2018,12,28,5,17893
64.43000030517578,65.29000091552734,65.13999938964844,65.08999633789062,484200,2018,12,31,1,17896
64.06999969482422,65.58000183105469,64.13999938964844,65.0,409100,2019,1,2,3,17898
64.43000030517578,66.11000061035156,64.5199966430664,64.91999816894531,511100,2019,1,3,4,17899
65.66999816894531,67.18000030517578,65.80000305175781,66.98999786376953,388800,2019,1,4,5,17900
66.2300033569336,67.76000213623047,66.9000015258789,66.33000183105469,372700,2019,1,7,1,17903
66.45999908447266,68.33000183105469,66.81999969482422,68.31999969482422,554500,2019,1,8,2,17904
67.9800033569336,68.72000122070312,68.44999694824219,68.54000091552734,428900,2019,1,9,3,17905
68.25,69.0,68.5199966430664,68.94999694824219,368900,2019,1,10,4,17906
68.25,69.30000305175781,68.97000122070312,68.6500015258789,402100,2019,1,11,5,17907
68.0,68.47000122070312,68.4000015258789,68.1500015258789,293800,2019,1,14,1,17910
68.25,68.72000122070312,68.55000305175781,68.5199966430664,292900,2019,1,15,2,17911
68.68000030517578,69.55000305175781,68.68000030517578,69.11000061035156,338100,2019,1,16,3,17912
68.66999816894531,69.55000305175781,69.0199966430664,69.06999969482422,471100,2019,1,17,4,17913
69.2300033569336,69.72000122070312,69.29000091552734,69.4000015258789,245900,2019,1,18,5,17914
68.47000122070312,69.36000061035156,69.06999969482422,69.08000183105469,281500,2019,1,22,2,17918
68.80999755859375,69.56999969482422,69.38999938964844,69.05999755859375,254500,2019,1,23,3,17919
68.83999633789062,69.29000091552734,69.23999786376953,69.2300033569336,314000,2019,1,24,4,17920
69.08999633789062,69.97000122070312,69.75,69.1500015258789,162000,2019,1,25,5,17921
68.4800033569336,69.26000213623047,68.66000366210938,69.26000213623047,269600,2019,1,28,1,17924
68.41999816894531,69.69000244140625,69.44999694824219,68.7699966430664,185600,2019,1,29,2,17925
68.1500015258789,69.13999938964844,68.94000244140625,68.94000244140625,257600,2019,1,30,3,17926
68.91999816894531,70.13999938964844,68.91999816894531,70.12999725341797,443000,2019,1,31,4,17927
69.86000061035156,70.88999938964844,70.1500015258789,70.16000366210938,229200,2019,2,1,5,17928
70.08999633789062,71.19999694824219,70.37000274658203,70.95999908447266,212000,2019,2,4,1,17931
71.01000213623047,71.98999786376953,71.2300033569336,71.95999908447266,243300,2019,2,5,2,17932
71.38999938964844,71.9800033569336,71.9000015258789,71.83999633789062,605800,2019,2,6,3,17933
68.97000122070312,72.2699966430664,72.2699966430664,70.72000122070312,396100,2019,2,7,4,17934
69.55000305175781,71.11000061035156,70.1500015258789,69.88999938964844,432800,2019,2,8,5,17935
69.05999755859375,70.0199966430664,69.86000061035156,69.68000030517578,665400,2019,2,11,1,17938
69.62999725341797,70.68000030517578,70.0199966430664,70.0,332700,2019,2,12,2,17939
69.58000183105469,70.76000213623047,70.04000091552734,70.37999725341797,336600,2019,2,13,3,17940
70.01000213623047,72.06999969482422,70.13999938964844,71.91999816894531,548800,2019,2,14,4,17941
72.18000030517578,73.80999755859375,72.29000091552734,73.77999877929688,509000,2019,2,15,5,17942
72.98999786376953,73.66000366210938,73.63999938964844,73.0199966430664,408800,2019,2,19,2,17946
72.08000183105469,73.16000366210938,73.06999969482422,72.41999816894531,345200,2019,2,20,3,17947
71.48999786376953,72.6500015258789,72.33999633789062,71.7300033569336,257800,2019,2,21,4,17948
71.80999755859375,72.7300033569336,72.0,72.30000305175781,405500,2019,2,22,5,17949
72.26000213623047,72.93000030517578,72.5,72.52999877929688,353200,2019,2,25,1,17952
72.16000366210938,72.7699966430664,72.58999633789062,72.18000030517578,425700,2019,2,26,2,17953
71.16999816894531,71.98999786376953,71.98999786376953,71.2300033569336,301700,2019,2,27,3,17954
70.62000274658203,71.22000122070312,71.12000274658203,70.68000030517578,245900,2019,2,28,4,17955
70.13999938964844,71.54000091552734,71.19999694824219,71.4800033569336,371600,2019,3,1,5,17956
70.06999969482422,72.06999969482422,71.51000213623047,70.77999877929688,367300,2019,3,4,1,17959
70.05000305175781,70.88999938964844,70.88999938964844,70.05999755859375,322800,2019,3,5,2,17960
68.93000030517578,70.18000030517578,70.18000030517578,68.9800033569336,229300,2019,3,6,3,17961
68.61000061035156,69.75,69.0,69.48999786376953,394200,2019,3,7,4,17962
69.19000244140625,69.93000030517578,69.37000274658203,69.6500015258789,357400,2019,3,8,5,17963
69.61000061035156,71.20999908447266,70.05999755859375,71.05999755859375,486900,2019,3,11,1,17966
70.41999816894531,71.43000030517578,71.2699966430664,70.73999786376953,316800,2019,3,12,2,17967
70.5199966430664,72.80000305175781,70.83000183105469,71.3499984741211,564500,2019,3,13,3,17968
70.7300033569336,71.27999877929688,71.25,71.01000213623047,338000,2019,3,14,4,17969
70.80000305175781,71.47000122070312,71.33999633789062,71.0999984741211,644500,2019,3,15,5,17970
70.44999694824219,71.41000366210938,71.25,70.77999877929688,304400,2019,3,18,1,17973
70.5,71.44000244140625,71.05000305175781,71.2300033569336,322700,2019,3,19,2,17974
70.72000122070312,72.04000091552734,71.1500015258789,71.20999908447266,339400,2019,3,20,3,17975
70.8499984741211,72.27999877929688,70.8499984741211,71.73999786376953,357700,2019,3,21,4,17976
69.9000015258789,71.91000366210938,71.37000274658203,69.91999816894531,338600,2019,3,22,5,17977
69.33000183105469,69.98999786376953,69.9800033569336,69.69999694824219,316600,2019,3,25,1,17980
70.05000305175781,70.76000213623047,70.18000030517578,70.73999786376953,312000,2019,3,26,2,17981
69.9000015258789,70.83999633789062,70.63999938964844,70.62999725341797,279500,2019,3,27,3,17982
70.5999984741211,71.36000061035156,70.87000274658203,71.2300033569336,147600,2019,3,28,4,17983
70.69000244140625,71.69999694824219,71.69999694824219,70.9800033569336,454400,2019,3,29,5,17984
70.73999786376953,71.8499984741211,71.4000015258789,71.37999725341797,343100,2019,4,1,1,17987
70.33000183105469,71.61000061035156,71.61000061035156,70.73999786376953,256800,2019,4,2,2,17988
70.55999755859375,71.69999694824219,71.1500015258789,71.58999633789062,270000,2019,4,3,3,17989
71.4800033569336,72.04000091552734,71.7300033569336,71.88999938964844,292600,2019,4,4,4,17990
71.5,72.37000274658203,72.05000305175781,71.61000061035156,190200,2019,4,5,5,17991
70.80000305175781,71.37999725341797,71.37999725341797,71.05999755859375,222700,2019,4,8,1,17994
70.22000122070312,70.91999816894531,70.7300033569336,70.29000091552734,207700,2019,4,9,2,17995
69.9000015258789,70.98999786376953,70.36000061035156,70.70999908447266,162400,2019,4,10,3,17996
70.2300033569336,70.93000030517578,70.91999816894531,70.31999969482422,164800,2019,4,11,4,17997
70.01000213623047,70.70999908447266,70.62000274658203,70.41999816894531,235000,2019,4,12,5,17998
70.31999969482422,71.11000061035156,70.5199966430664,70.80999755859375,193100,2019,4,15,1,18001
70.52999877929688,71.13999938964844,71.13999938964844,70.76000213623047,177600,2019,4,16,2,18002
70.19999694824219,71.04000091552734,71.0,70.77999877929688,217600,2019,4,17,3,18003
70.33999633789062,71.05000305175781,70.62000274658203,70.97000122070312,199100,2019,4,18,4,18004
70.0199966430664,70.8499984741211,70.8499984741211,70.68000030517578,222200,2019,4,22,1,18008
70.72000122070312,72.08000183105469,70.72000122070312,71.58999633789062,285700,2019,4,23,2,18009
71.58999633789062,72.87000274658203,71.58999633789062,72.44000244140625,233000,2019,4,24,3,18010
71.5199966430664,72.69000244140625,72.27999877929688,72.5,265700,2019,4,25,4,18011
72.27999877929688,73.33000183105469,72.62999725341797,73.30000305175781,214600,2019,4,26,5,18012
73.16000366210938,73.69999694824219,73.38999938964844,73.41000366210938,174400,2019,4,29,1,18015
73.0199966430664,73.91000366210938,73.5,73.6500015258789,366400,2019,4,30,2,18016
72.9000015258789,74.0,74.0,72.9800033569336,369400,2019,5,1,3,18017
72.5199966430664,73.41000366210938,72.83999633789062,72.83999633789062,425100,2019,5,2,4,18018
72.83999633789062,73.88999938964844,73.26000213623047,73.83999633789062,284000,2019,5,3,5,18019
72.83999633789062,74.18000030517578,73.05999755859375,73.86000061035156,257600,2019,5,6,1,18022
71.80000305175781,73.54000091552734,73.27999877929688,72.37000274658203,314100,2019,5,7,2,18023
71.62000274658203,72.6500015258789,72.30000305175781,72.3499984741211,270400,2019,5,8,3,18024
70.44000244140625,72.72000122070312,71.62999725341797,72.30000305175781,408600,2019,5,9,4,18025
71.26000213623047,72.95999908447266,72.33999633789062,72.86000061035156,241400,2019,5,10,5,18026
71.11000061035156,72.69999694824219,71.9000015258789,71.41000366210938,369600,2019,5,13,1,18029
70.70999908447266,71.58000183105469,71.0,71.2300033569336,214600,2019,5,14,2,18030
70.69000244140625,71.73999786376953,70.80999755859375,71.2699966430664,244200,2019,5,15,3,18031
71.45999908447266,72.83999633789062,71.56999969482422,72.25,186400,2019,5,16,4,18032
71.13999938964844,72.3499984741211,71.68000030517578,71.48999786376953,221900,2019,5,17,5,18033
70.9000015258789,72.69999694824219,70.9000015258789,72.27999877929688,200600,2019,5,20,1,18036
72.66000366210938,73.62999725341797,72.66000366210938,73.27999877929688,278400,2019,5,21,2,18037
72.5199966430664,73.33000183105469,73.05000305175781,72.88999938964844,198100,2019,5,22,3,18038
71.19000244140625,72.3499984741211,72.0999984741211,71.5,211800,2019,5,23,4,18039
71.36000061035156,72.38999938964844,71.98999786376953,71.62000274658203,184400,2019,5,24,5,18040
70.94999694824219,72.58000183105469,71.62999725341797,71.51000213623047,271200,2019,5,28,2,18044
70.58000183105469,71.66999816894531,71.13999938964844,70.69999694824219,217600,2019,5,29,3,18045
70.72000122070312,71.33000183105469,70.83000183105469,71.2699966430664,225400,2019,5,30,4,18046
70.01000213623047,71.41999816894531,70.47000122070312,71.25,378600,2019,5,31,5,18047
69.80000305175781,72.0199966430664,71.19000244140625,70.04000091552734,356500,2019,6,3,1,18050
70.33000183105469,72.8499984741211,70.79000091552734,72.8499984741211,339600,2019,6,4,2,18051
72.66999816894531,73.95999908447266,73.05999755859375,73.87999725341797,408800,2019,6,5,3,18052
73.81999969482422,74.62000274658203,73.81999969482422,74.13999938964844,377200,2019,6,6,4,18053
74.16000366210938,75.4800033569336,74.4800033569336,74.68000030517578,288100,2019,6,7,5,18054
74.08000183105469,75.38999938964844,75.11000061035156,74.41999816894531,154500,2019,6,10,1,18057
73.63999938964844,75.26000213623047,74.95999908447266,74.55999755859375,260600,2019,6,11,2,18058
74.31999969482422,75.58000183105469,74.58000183105469,75.55999755859375,244700,2019,6,12,3,18059
75.08000183105469,75.9000015258789,75.87000274658203,75.87999725341797,268900,2019,6,13,4,18060
75.55000305175781,76.16999816894531,75.9000015258789,75.88999938964844,265500,2019,6,14,5,18061
75.30000305175781,76.23999786376953,76.0199966430664,75.5,281700,2019,6,17,1,18064
75.55999755859375,76.66999816894531,75.80000305175781,75.69000244140625,276200,2019,6,18,2,18065
75.26000213623047,75.88999938964844,75.70999908447266,75.83999633789062,166800,2019,6,19,3,18066
76.04000091552734,76.83999633789062,76.55000305175781,76.37000274658203,251900,2019,6,20,4,18067
74.38999938964844,76.0,76.0,74.56999969482422,592900,2019,6,21,5,18068
73.47000122070312,74.91000366210938,74.7300033569336,73.58999633789062,276100,2019,6,24,1,18071
73.0,74.0199966430664,73.66000366210938,73.02999877929688,235000,2019,6,25,2,18072
71.61000061035156,73.73999786376953,73.36000061035156,71.62999725341797,420600,2019,6,26,3,18073
71.58000183105469,72.4000015258789,71.72000122070312,72.23999786376953,533600,2019,6,27,4,18074
72.33999633789062,73.13999938964844,72.37000274658203,72.54000091552734,566900,2019,6,28,5,18075
71.9800033569336,73.02999877929688,72.9000015258789,72.61000061035156,212900,2019,7,1,1,18078
72.1500015258789,72.88999938964844,72.88999938964844,72.55000305175781,193800,2019,7,2,2,18079
72.81999969482422,73.63999938964844,72.9000015258789,73.51000213623047,118300,2019,7,3,3,18080
72.61000061035156,73.9800033569336,73.16000366210938,73.93000030517578,185300,2019,7,5,5,18082
73.5199966430664,74.0999984741211,73.9000015258789,74.02999877929688,288400,2019,7,8,1,18085
73.63999938964844,74.1500015258789,73.66999816894531,74.01000213623047,183300,2019,7,9,2,18086
73.93000030517578,74.75,74.4800033569336,74.12000274658203,144400,2019,7,10,3,18087
73.56999969482422,74.33000183105469,74.18000030517578,73.83000183105469,253700,2019,7,11,4,18088
73.8499984741211,74.63999938964844,73.88999938964844,74.52999877929688,189900,2019,7,12,5,18089
74.04000091552734,74.94999694824219,74.6500015258789,74.4800033569336,166000,2019,7,15,1,18092
74.0,74.6500015258789,74.44000244140625,74.16000366210938,204900,2019,7,16,2,18093
73.55999755859375,74.43000030517578,74.08999633789062,73.56999969482422,253900,2019,7,17,3,18094
73.52999877929688,74.30000305175781,73.54000091552734,73.88999938964844,159000,2019,7,18,4,18095
72.88999938964844,74.4800033569336,73.94999694824219,72.93000030517578,152300,2019,7,19,5,18096
72.58999633789062,73.31999969482422,72.91000366210938,72.7300033569336,197700,2019,7,22,1,18099
72.70999908447266,73.48999786376953,73.0199966430664,73.22000122070312,205000,2019,7,23,2,18100
72.56999969482422,73.9800033569336,73.02999877929688,73.80999755859375,250000,2019,7,24,3,18101
73.16000366210938,74.18000030517578,73.75,73.19000244140625,175500,2019,7,25,4,18102
73.44999694824219,74.76000213623047,73.44999694824219,74.56999969482422,178100,2019,7,26,5,18103
73.72000122070312,74.83000183105469,74.56999969482422,74.12000274658203,211000,2019,7,29,1,18106
72.62999725341797,73.87999725341797,73.54000091552734,73.81999969482422,232000,2019,7,30,2,18107
72.72000122070312,74.61000061035156,73.87999725341797,73.51000213623047,390600,2019,7,31,3,18108
72.91000366210938,74.97000122070312,73.44000244140625,73.05999755859375,279800,2019,8,1,4,18109
71.45999908447266,72.75,72.56999969482422,71.55999755859375,210700,2019,8,2,5,18110
68.41999816894531,70.44999694824219,70.29000091552734,69.04000091552734,287200,2019,8,5,1,18113
68.7699966430664,70.41999816894531,68.94000244140625,70.2300033569336,263500,2019,8,6,2,18114
69.22000122070312,70.94999694824219,69.5199966430664,70.41000366210938,316700,2019,8,7,3,18115
75.13999938964844,80.83000183105469,76.29000091552734,79.51000213623047,848400,2019,8,8,4,18116
72.83000183105469,77.0999984741211,76.26000213623047,75.79000091552734,770700,2019,8,9,5,18117
74.75,76.58000183105469,75.41999816894531,76.0199966430664,344600,2019,8,12,1,18120
75.73999786376953,76.98999786376953,75.73999786376953,76.55000305175781,301000,2019,8,13,2,18121
74.91000366210938,76.56999969482422,75.0199966430664,75.80000305175781,343200,2019,8,14,3,18122
75.11000061035156,76.81999969482422,76.29000091552734,75.91999816894531,342500,2019,8,15,4,18123
76.4000015258789,77.52999877929688,76.48999786376953,77.37000274658203,272600,2019,8,16,5,18124
77.6500015258789,78.69000244140625,78.4000015258789,77.9000015258789,246400,2019,8,19,1,18127
77.69000244140625,78.91000366210938,77.9800033569336,78.55000305175781,214200,2019,8,20,2,18128
78.55000305175781,79.63999938964844,79.30000305175781,78.62999725341797,288700,2019,8,21,3,18129
77.25,79.02999877929688,78.91999816894531,77.54000091552734,245100,2019,8,22,4,18130
75.69000244140625,78.11000061035156,77.05999755859375,75.81999969482422,253600,2019,8,23,5,18131
75.5999984741211,76.61000061035156,76.12999725341797,76.54000091552734,264300,2019,8,26,1,18134
75.62999725341797,77.30000305175781,77.11000061035156,75.91999816894531,308400,2019,8,27,2,18135
75.0,76.75,75.56999969482422,76.3499984741211,187900,2019,8,28,3,18136
76.76000213623047,77.52999877929688,77.06999969482422,76.9000015258789,158000,2019,8,29,4,18137
76.5999984741211,77.36000061035156,77.25,76.94000244140625,267300,2019,8,30,5,18138
76.18000030517578,77.41000366210938,76.27999877929688,76.81999969482422,391200,2019,9,3,2,18142
76.9800033569336,78.25,77.61000061035156,78.22000122070312,292600,2019,9,4,3,18143
78.69999694824219,80.51000213623047,79.44999694824219,78.87000274658203,324300,2019,9,5,4,18144
77.73999786376953,79.27999877929688,78.95999908447266,77.87000274658203,313500,2019,9,6,5,18145
77.52999877929688,78.86000061035156,78.33000183105469,78.75,389300,2019,9,9,1,18148
77.12000274658203,78.6500015258789,78.55999755859375,78.47000122070312,498300,2019,9,10,2,18149
78.19999694824219,79.94000244140625,78.43000030517578,79.7699966430664,346400,2019,9,11,3,18150
79.91000366210938,81.02999877929688,80.41999816894531,80.66000366210938,374200,2019,9,12,4,18151
80.69999694824219,82.0199966430664,81.08999633789062,81.41000366210938,421200,2019,9,13,5,18152
79.41000366210938,81.36000061035156,80.91000366210938,79.48999786376953,443200,2019,9,16,1,18155
79.0,80.5,79.11000061035156,80.41999816894531,267700,2019,9,17,2,18156
79.48999786376953,80.55999755859375,80.55999755859375,79.8499984741211,307200,2019,9,18,3,18157
79.83000183105469,81.2699966430664,80.2300033569336,79.83999633789062,348600,2019,9,19,4,18158
77.93000030517578,80.36000061035156,80.06999969482422,78.02999877929688,757700,2019,9,20,5,18159
77.37000274658203,78.44999694824219,77.81999969482422,77.95999908447266,328300,2019,9,23,1,18162
77.2300033569336,78.83999633789062,78.2699966430664,77.77999877929688,345700,2019,9,24,2,18163
77.37000274658203,78.83999633789062,77.76000213623047,78.47000122070312,345100,2019,9,25,3,18164
77.11000061035156,78.73999786376953,78.54000091552734,77.83999633789062,277800,2019,9,26,4,18165
76.41000366210938,78.48999786376953,78.2699966430664,77.27999877929688,834500,2019,9,27,5,18166
76.91999816894531,78.05999755859375,77.41999816894531,77.26000213623047,399600,2019,9,30,1,18169
76.4000015258789,78.16999816894531,77.45999908447266,76.47000122070312,206300,2019,10,1,2,18170
74.44000244140625,76.25,75.98999786376953,75.13999938964844,282300,2019,10,2,3,18171
73.70999908447266,75.38999938964844,74.75,75.05999755859375,259500,2019,10,3,4,18172
74.93000030517578,75.95999908447266,75.41999816894531,75.91000366210938,210300,2019,10,4,5,18173
75.16000366210938,75.94000244140625,75.44999694824219,75.4800033569336,218300,2019,10,7,1,18176
73.33999633789062,75.04000091552734,74.66999816894531,74.06999969482422,288700,2019,10,8,2,18177
73.87000274658203,74.95999908447266,74.62999725341797,74.20999908447266,307600,2019,10,9,3,18178
73.44999694824219,74.88999938964844,74.88999938964844,73.7300033569336,395800,2019,10,10,4,18179
74.33000183105469,75.80000305175781,74.33000183105469,74.54000091552734,371000,2019,10,11,5,18180
73.79000091552734,74.80999755859375,74.41000366210938,74.22000122070312,198400,2019,10,14,1,18183
73.23999786376953,75.58000183105469,74.43000030517578,75.22000122070312,499800,2019,10,15,2,18184
74.76000213623047,76.0,75.22000122070312,75.20999908447266,325000,2019,10,16,3,18185
75.4800033569336,76.62999725341797,75.66000366210938,76.3499984741211,490800,2019,10,17,4,18186
76.16000366210938,77.55000305175781,76.16000366210938,77.37000274658203,477900,2019,10,18,5,18187
77.61000061035156,78.87000274658203,78.0999984741211,78.0,758300,2019,10,21,1,18190
76.02999877929688,78.47000122070312,77.83000183105469,76.05000305175781,230600,2019,10,22,2,18191
74.54000091552734,76.37999725341797,76.30000305175781,74.87000274658203,362400,2019,10,23,3,18192
74.41999816894531,75.68000030517578,75.23999786376953,74.51000213623047,371300,2019,10,24,4,18193
74.5,75.4800033569336,74.51000213623047,75.04000091552734,284200,2019,10,25,5,18194
74.73999786376953,75.7699966430664,75.37000274658203,74.8499984741211,184100,2019,10,28,1,18197
74.4800033569336,75.83000183105469,74.55000305175781,75.79000091552734,157600,2019,10,29,2,18198
75.5,77.13999938964844,75.76000213623047,77.0999984741211,306200,2019,10,30,3,18199
76.41000366210938,76.87000274658203,76.87000274658203,76.73999786376953,358300,2019,10,31,4,18200
75.48999786376953,77.25,77.25,75.80000305175781,387900,2019,11,1,5,18201
74.41999816894531,76.33000183105469,76.33000183105469,75.26000213623047,341000,2019,11,4,1,18204
75.05000305175781,75.80999755859375,75.55999755859375,75.80999755859375,273300,2019,11,5,2,18205
75.22000122070312,76.45999908447266,75.87999725341797,75.9000015258789,278800,2019,11,6,3,18206
75.70999908447266,76.58999633789062,76.47000122070312,75.98999786376953,304700,2019,11,7,4,18207
75.5199966430664,76.41000366210938,75.8499984741211,76.38999938964844,233900,2019,11,8,5,18208
75.7300033569336,76.41000366210938,76.19999694824219,75.97000122070312,280400,2019,11,11,1,18211
75.62000274658203,76.56999969482422,76.08999633789062,76.18000030517578,427000,2019,11,12,2,18212
75.91999816894531,76.55999755859375,75.91999816894531,76.4000015258789,340200,2019,11,13,3,18213
75.77999877929688,77.25,75.9000015258789,76.97000122070312,429900,2019,11,14,4,18214
76.58999633789062,78.20999908447266,77.05999755859375,77.6500015258789,1822300,2019,11,15,5,18215
77.2300033569336,78.13999938964844,77.69000244140625,77.52999877929688,540100,2019,11,18,1,18218
73.68000030517578,77.0,76.75,76.22000122070312,847300,2019,11,19,2,18219
74.44999694824219,76.16000366210938,75.75,75.0,653400,2019,11,20,3,18220
74.37999725341797,74.97000122070312,74.94999694824219,74.7300033569336,698600,2019,11,21,4,18221
73.80999755859375,75.23999786376953,75.23999786376953,74.0199966430664,426900,2019,11,22,5,18222
74.20999908447266,75.61000061035156,74.3499984741211,75.4800033569336,396500,2019,11,25,1,18225
75.29000091552734,76.0,75.52999877929688,75.66999816894531,248400,2019,11,26,2,18226
75.38999938964844,76.25,76.18000030517578,75.76000213623047,227900,2019,11,27,3,18227
74.58999633789062,75.37000274658203,75.3499984741211,74.6500015258789,136900,2019,11,29,5,18229
73.80000305175781,74.5999984741211,74.5999984741211,74.1500015258789,294500,2019,12,2,1,18232
73.25,74.08999633789062,73.5,73.91999816894531,309400,2019,12,3,2,18233
74.13999938964844,74.86000061035156,74.13999938964844,74.33000183105469,452800,2019,12,4,3,18234
73.69999694824219,74.6500015258789,74.27999877929688,74.55000305175781,355800,2019,12,5,4,18235
74.62000274658203,75.54000091552734,74.87999725341797,74.62000274658203,302000,2019,12,6,5,18236
74.08000183105469,74.72000122070312,74.45999908447266,74.08000183105469,309500,2019,12,9,1,18239
73.31999969482422,74.16999816894531,73.95999908447266,73.44000244140625,359100,2019,12,10,2,18240
72.9000015258789,73.55000305175781,73.4800033569336,73.4800033569336,483500,2019,12,11,3,18241
72.8499984741211,73.7699966430664,73.30999755859375,73.36000061035156,516500,2019,12,12,4,18242
72.69999694824219,73.80999755859375,73.06999969482422,73.16999816894531,363200,2019,12,13,5,18243
73.22000122070312,74.22000122070312,73.37999725341797,73.75,365700,2019,12,16,1,18246
72.55999755859375,73.83000183105469,73.83000183105469,73.2699966430664,748500,2019,12,17,2,18247
73.12999725341797,73.87000274658203,73.62999725341797,73.70999908447266,382300,2019,12,18,3,18248
73.1500015258789,74.2699966430664,73.63999938964844,74.19000244140625,461000,2019,12,19,4,18249
74.4000015258789,75.29000091552734,74.5999984741211,75.1500015258789,981300,2019,12,20,5,18250
74.33000183105469,75.16999816894531,75.16999816894531,74.5199966430664,247000,2019,12,23,1,18253
74.11000061035156,74.7300033569336,74.7300033569336,74.12000274658203,71500,2019,12,24,2,18254
73.87999725341797,74.45999908447266,74.19000244140625,74.29000091552734,169800,2019,12,26,4,18256
74.08000183105469,74.61000061035156,74.5,74.29000091552734,246000,2019,12,27,5,18257
73.66000366210938,74.95999908447266,74.29000091552734,74.81999969482422,288200,2019,12,30,1,18260
74.2300033569336,74.93000030517578,74.56999969482422,74.38999938964844,342500,2019,12,31,2,18261
74.11000061035156,75.05000305175781,74.91999816894531,75.05000305175781,272900,2020,1,2,4,18263
74.19999694824219,75.25,74.19999694824219,74.97000122070312,338200,2020,1,3,5,18264
74.06999969482422,75.47000122070312,74.30000305175781,75.18000030517578,413600,2020,1,6,1,18267
74.25,75.06999969482422,74.87000274658203,74.2699966430664,211000,2020,1,7,2,18268
73.87999725341797,74.76000213623047,74.18000030517578,73.91000366210938,290600,2020,1,8,3,18269
73.62000274658203,74.6500015258789,74.4800033569336,74.58999633789062,214600,2020,1,9,4,18270
74.33000183105469,75.05999755859375,74.77999877929688,74.72000122070312,278100,2020,1,10,5,18271
74.58000183105469,75.62999725341797,74.83000183105469,75.5999984741211,349700,2020,1,13,1,18274
74.86000061035156,75.43000030517578,75.43000030517578,75.2300033569336,251600,2020,1,14,2,18275
74.95999908447266,76.43000030517578,75.19000244140625,75.05000305175781,508400,2020,1,15,3,18276
75.56999969482422,76.43000030517578,75.62999725341797,75.93000030517578,354900,2020,1,16,4,18277
75.13999938964844,76.37000274658203,76.37000274658203,75.29000091552734,252200,2020,1,17,5,18278
74.16999816894531,75.44000244140625,75.01000213623047,74.3499984741211,269400,2020,1,21,2,18282
74.41000366210938,75.29000091552734,74.55999755859375,74.79000091552734,219700,2020,1,22,3,18283
74.13999938964844,75.16999816894531,74.63999938964844,74.73999786376953,274700,2020,1,23,4,18284
73.9800033569336,75.33999633789062,74.88999938964844,74.0999984741211,314300,2020,1,24,5,18285
72.80999755859375,74.19000244140625,72.83999633789062,73.4800033569336,362300,2020,1,27,1,18288
73.52999877929688,74.22000122070312,73.7300033569336,73.87000274658203,253300,2020,1,28,2,18289
73.41000366210938,74.23999786376953,74.08000183105469,73.48999786376953,340800,2020,1,29,3,18290
72.0,73.47000122070312,72.94999694824219,73.22000122070312,262900,2020,1,30,4,18291
71.55000305175781,73.29000091552734,72.86000061035156,71.75,359700,2020,1,31,5,18292
72.0,73.2699966430664,72.0,72.87000274658203,512300,2020,2,3,1,18295
73.5199966430664,74.27999877929688,73.68000030517578,73.70999908447266,239200,2020,2,4,2,18296
73.5199966430664,74.45999908447266,74.29000091552734,74.27999877929688,404000,2020,2,5,3,18297
73.80000305175781,76.4000015258789,75.0199966430664,74.16999816894531,520000,2020,2,6,4,18298
73.87999725341797,75.1500015258789,73.94999694824219,74.55000305175781,404500,2020,2,7,5,18299
73.61000061035156,74.5999984741211,74.5999984741211,74.08999633789062,216500,2020,2,10,1,18302
73.69000244140625,74.37999725341797,74.2300033569336,73.97000122070312,475800,2020,2,11,2,18303
73.44999694824219,74.44999694824219,74.44999694824219,73.70999908447266,309200,2020,2,12,3,18304
73.26000213623047,74.16999816894531,73.26000213623047,73.98999786376953,450000,2020,2,13,4,18305
73.08000183105469,74.05999755859375,73.88999938964844,73.11000061035156,136400,2020,2,14,5,18306
72.9000015258789,73.4800033569336,73.08999633789062,73.11000061035156,164600,2020,2,18,2,18310
72.77999877929688,73.38999938964844,73.30999755859375,72.81999969482422,293800,2020,2,19,3,18311
71.6500015258789,72.87999725341797,72.58000183105469,71.83999633789062,261800,2020,2,20,4,18312
70.2300033569336,71.77999877929688,71.77999877929688,70.58000183105469,277400,2020,2,21,5,18313
68.72000122070312,69.97000122070312,68.87000274658203,69.48999786376953,384600,2020,2,24,1,18316
66.48999786376953,69.52999877929688,69.36000061035156,66.77999877929688,465000,2020,2,25,2,18317
66.44999694824219,67.58000183105469,67.05000305175781,66.5199966430664,480900,2020,2,26,3,18318
64.30000305175781,66.4800033569336,65.38999938964844,64.30000305175781,814000,2020,2,27,4,18319
61.720001220703125,63.58000183105469,62.720001220703125,63.02000045776367,1160400,2020,2,28,5,18320
63.0,66.4800033569336,63.0,66.43000030517578,683300,2020,3,2,1,18323
63.66999816894531,67.30999755859375,66.25,64.19999694824219,514100,2020,3,3,2,18324
65.08000183105469,67.08000183105469,65.25,66.8499984741211,532700,2020,3,4,3,18325
63.880001068115234,66.18000030517578,65.2699966430664,65.16000366210938,591300,2020,3,5,4,18326
62.47999954223633,65.19000244140625,63.369998931884766,64.70999908447266,543500,2020,3,6,5,18327
59.880001068115234,62.22999954223633,60.02000045776367,60.790000915527344,645800,2020,3,9,1,18330
59.52000045776367,62.54999923706055,62.279998779296875,62.06999969482422,846200,2020,3,10,2,18331
59.72999954223633,61.470001220703125,60.459999084472656,60.939998626708984,764800,2020,3,11,3,18332
52.81999969482422,57.5,57.5,52.81999969482422,849900,2020,3,12,4,18333
52.29999923706055,55.77000045776367,54.90999984741211,55.2400016784668,916700,2020,3,13,5,18334
46.41999816894531,53.66999816894531,46.5,49.45000076293945,722600,2020,3,16,1,18337
50.22999954223633,57.029998779296875,50.459999084472656,57.0,924900,2020,3,17,2,18338
52.630001068115234,60.880001068115234,53.5,58.220001220703125,1082600,2020,3,18,3,18339
56.4900016784668,63.66999816894531,58.880001068115234,58.75,1355800,2020,3,19,4,18340
50.88999938964844,59.4900016784668,58.68000030517578,51.959999084472656,1282200,2020,3,20,5,18341
50.720001220703125,55.06999969482422,51.900001525878906,54.34000015258789,1023400,2020,3,23,1,18344
55.70000076293945,59.709999084472656,56.02000045776367,58.15999984741211,899100,2020,3,24,2,18345
54.540000915527344,58.790000915527344,56.970001220703125,55.68000030517578,899200,2020,3,25,3,18346
54.45000076293945,57.540000915527344,55.599998474121094,55.880001068115234,624700,2020,3,26,4,18347
53.29999923706055,57.0,53.59000015258789,55.119998931884766,556700,2020,3,27,5,18348
55.41999816894531,57.77000045776367,55.540000915527344,57.540000915527344,529100,2020,3,30,1,18351
56.709999084472656,58.4900016784668,56.970001220703125,58.20000076293945,899400,2020,3,31,2,18352
55.220001220703125,57.849998474121094,56.540000915527344,55.7400016784668,456900,2020,4,1,3,18353
54.810001373291016,57.31999969482422,55.130001068115234,56.099998474121094,281400,2020,4,2,4,18354
55.06999969482422,56.810001373291016,55.5099983215332,56.540000915527344,363700,2020,4,3,5,18355
57.33000183105469,59.13999938964844,58.4900016784668,58.7599983215332,381000,2020,4,6,1,18358
58.33000183105469,60.95000076293945,59.7400016784668,59.16999816894531,437100,2020,4,7,2,18359
59.16999816894531,61.88999938964844,60.33000183105469,61.27000045776367,348900,2020,4,8,3,18360
62.150001525878906,64.5,62.459999084472656,63.849998474121094,331000,2020,4,9,4,18361
61.209999084472656,63.61000061035156,62.91999816894531,62.029998779296875,291300,2020,4,13,1,18365
62.58000183105469,64.29000091552734,63.95000076293945,62.959999084472656,295000,2020,4,14,2,18366
60.84000015258789,62.61000061035156,61.56999969482422,61.63999938964844,320000,2020,4,15,3,18367
61.099998474121094,62.56999969482422,61.61000061035156,62.36000061035156,564000,2020,4,16,4,18368
63.84000015258789,65.30999755859375,64.18000030517578,65.05999755859375,475100,2020,4,17,5,18369
63.7400016784668,64.76000213623047,63.7400016784668,64.55999755859375,435200,2020,4,20,1,18372
62.52000045776367,64.13999938964844,63.20000076293945,62.7599983215332,340800,2020,4,21,2,18373
63.459999084472656,65.31999969482422,64.05000305175781,63.93000030517578,342900,2020,4,22,3,18374
63.599998474121094,65.44000244140625,63.66999816894531,64.43000030517578,265700,2020,4,23,4,18375
63.5099983215332,65.16999816894531,64.37000274658203,64.76000213623047,199400,2020,4,24,5,18376
65.19999694824219,67.73999786376953,65.62000274658203,67.18000030517578,331100,2020,4,27,1,18379
66.95999908447266,68.52999877929688,68.52999877929688,67.27999877929688,269300,2020,4,28,2,18380
67.75,69.47000122070312,68.41999816894531,68.80000305175781,493300,2020,4,29,3,18381
66.0,68.81999969482422,67.76000213623047,67.31999969482422,425600,2020,4,30,4,18382
65.29000091552734,66.36000061035156,65.91999816894531,66.0199966430664,365800,2020,5,1,5,18383
65.11000061035156,66.18000030517578,65.47000122070312,66.04000091552734,362500,2020,5,4,1,18386
65.73999786376953,67.0999984741211,67.06999969482422,65.91999816894531,484400,2020,5,5,2,18387
65.44999694824219,66.6500015258789,66.0,65.79000091552734,527400,2020,5,6,3,18388
60.0,66.81999969482422,61.11000061035156,66.41999816894531,526200,2020,5,7,4,18389
66.69000244140625,68.8499984741211,67.18000030517578,68.72000122070312,404000,2020,5,8,5,18390
67.79000091552734,69.58999633789062,68.19999694824219,68.87999725341797,553700,2020,5,11,1,18393
67.56999969482422,69.22000122070312,68.87000274658203,67.56999969482422,675700,2020,5,12,2,18394
64.04000091552734,67.11000061035156,66.87999725341797,64.66000366210938,699200,2020,5,13,3,18395
62.09000015258789,64.45999908447266,63.18000030517578,64.44000244140625,573800,2020,5,14,4,18396
63.650001525878906,66.19999694824219,64.31999969482422,65.45999908447266,1095900,2020,5,15,5,18397
67.05999755859375,70.23999786376953,67.13999938964844,69.95999908447266,526300,2020,5,18,1,18400
67.93000030517578,70.22000122070312,69.58999633789062,68.0999984741211,320600,2020,5,19,2,18401
68.75,70.33999633789062,68.87000274658203,69.83000183105469,399500,2020,5,20,3,18402
69.27999877929688,70.05999755859375,69.5999984741211,69.6500015258789,442400,2020,5,21,4,18403
69.06999969482422,70.22000122070312,70.04000091552734,70.16000366210938,199200,2020,5,22,5,18404
70.9800033569336,72.4800033569336,71.83000183105469,71.41999816894531,393500,2020,5,26,2,18408
71.76000213623047,73.2699966430664,72.23999786376953,73.12999725341797,421100,2020,5,27,3,18409
72.63999938964844,74.36000061035156,73.76000213623047,73.05000305175781,265100,2020,5,28,4,18410
71.5,73.19000244140625,72.70999908447266,72.0199966430664,443500,2020,5,29,5,18411
71.62000274658203,73.72000122070312,72.16999816894531,72.8499984741211,447400,2020,6,1,1,18414
71.52999877929688,73.47000122070312,73.47000122070312,72.33999633789062,623700,2020,6,2,2,18415
71.83999633789062,73.73999786376953,73.27999877929688,72.62999725341797,645400,2020,6,3,3,18416
71.22000122070312,72.80000305175781,71.9800033569336,72.73999786376953,611400,2020,6,4,4,18417
73.73999786376953,75.77999877929688,74.43000030517578,75.0199966430664,354900,2020,6,5,5,18418
73.38999938964844,75.30000305175781,75.08000183105469,73.4800033569336,471400,2020,6,8,1,18421
72.0999984741211,73.80000305175781,73.02999877929688,73.05000305175781,497100,2020,6,9,2,18422
72.2699966430664,73.4800033569336,73.19999694824219,72.73999786376953,347200,2020,6,10,3,18423
67.88999938964844,70.91000366210938,70.91000366210938,67.91000366210938,527000,2020,6,11,4,18424
66.70999908447266,70.0,70.0,68.13999938964844,369300,2020,6,12,5,18425
66.26000213623047,69.26000213623047,66.5999984741211,68.62000274658203,424400,2020,6,15,1,18428
69.0199966430664,70.95999908447266,70.8499984741211,69.95999908447266,484400,2020,6,16,2,18429
67.87000274658203,69.8499984741211,69.77999877929688,68.23999786376953,484700,2020,6,17,3,18430
67.7300033569336,68.93000030517578,67.7300033569336,67.87999725341797,299100,2020,6,18,4,18431
67.01000213623047,69.3499984741211,68.43000030517578,68.0199966430664,1309000,2020,6,19,5,18432
67.0999984741211,68.77999877929688,67.94999694824219,68.47000122070312,312900,2020,6,22,1,18435
68.0999984741211,69.36000061035156,69.27999877929688,68.23999786376953,279800,2020,6,23,2,18436
68.6500015258789,70.94999694824219,68.79000091552734,70.05000305175781,501400,2020,6,24,3,18437
69.08999633789062,70.95999908447266,70.0,70.81999969482422,435000,2020,6,25,4,18438
69.36000061035156,70.81999969482422,70.36000061035156,69.43000030517578,568900,2020,6,26,5,18439
69.44000244140625,71.43000030517578,70.5,71.1500015258789,319100,2020,6,29,1,18442
70.08999633789062,71.58000183105469,70.83999633789062,70.44999694824219,445500,2020,6,30,2,18443
70.18000030517578,70.98999786376953,70.47000122070312,70.38999938964844,240000,2020,7,1,3,18444
70.01000213623047,71.41000366210938,71.19999694824219,70.18000030517578,213500,2020,7,2,4,18445
70.01000213623047,71.44999694824219,71.16000366210938,70.25,335400,2020,7,6,1,18449
69.23999786376953,72.43000030517578,69.58000183105469,71.0,717300,2020,7,7,2,18450
71.20999908447266,73.02999877929688,72.66000366210938,72.19000244140625,427000,2020,7,8,3,18451
71.30000305175781,72.9000015258789,71.9800033569336,71.94999694824219,405000,2020,7,9,4,18452
70.5999984741211,71.97000122070312,71.69999694824219,71.51000213623047,305100,2020,7,10,5,18453
70.26000213623047,72.33000183105469,72.19999694824219,70.29000091552734,350100,2020,7,13,1,18456
69.47000122070312,70.80000305175781,70.04000091552734,70.41999816894531,344700,2020,7,14,2,18457
71.44000244140625,73.02999877929688,71.58999633789062,72.29000091552734,338200,2020,7,15,3,18458
71.0,72.23999786376953,72.0,71.2699966430664,235900,2020,7,16,4,18459
71.54000091552734,73.08000183105469,71.70999908447266,72.6500015258789,215600,2020,7,17,5,18460
71.9800033569336,73.31999969482422,71.9800033569336,73.18000030517578,207300,2020,7,20,1,18463
72.41000366210938,74.01000213623047,73.76000213623047,72.73999786376953,306500,2020,7,21,2,18464
72.58000183105469,73.37000274658203,72.58000183105469,72.94999694824219,217500,2020,7,22,3,18465
72.16000366210938,73.69000244140625,73.26000213623047,72.45999908447266,222800,2020,7,23,4,18466
71.7300033569336,72.66999816894531,72.66999816894531,72.0999984741211,194500,2020,7,24,5,18467
71.6500015258789,73.38999938964844,71.95999908447266,72.80000305175781,386800,2020,7,27,1,18470
72.33999633789062,73.56999969482422,72.66999816894531,72.73999786376953,244400,2020,7,28,2,18471
72.6500015258789,73.87999725341797,72.86000061035156,73.76000213623047,223900,2020,7,29,3,18472
72.80000305175781,73.97000122070312,72.80000305175781,73.8499984741211,300000,2020,7,30,4,18473
73.19000244140625,74.41999816894531,73.83000183105469,74.20999908447266,393400,2020,7,31,5,18474
74.13999938964844,75.69999694824219,74.98999786376953,75.58999633789062,291800,2020,8,3,1,18477
74.58999633789062,76.08000183105469,75.20999908447266,75.97000122070312,277800,2020,8,4,2,18478
75.86000061035156,76.87999725341797,76.7300033569336,76.56999969482422,225700,2020,8,5,3,18479
76.01000213623047,80.5,78.87000274658203,76.72000122070312,419700,2020,8,6,4,18480
75.58000183105469,77.73999786376953,76.20999908447266,77.58000183105469,332800,2020,8,7,5,18481
76.66999816894531,77.73999786376953,77.73999786376953,76.70999908447266,284400,2020,8,10,1,18484
75.95999908447266,77.69999694824219,77.20999908447266,76.19000244140625,342400,2020,8,11,2,18485
76.12999725341797,77.2699966430664,76.66000366210938,76.4000015258789,287500,2020,8,12,3,18486
75.73999786376953,77.37999725341797,75.73999786376953,76.69000244140625,305500,2020,8,13,4,18487
76.25,78.08999633789062,76.47000122070312,77.62999725341797,397900,2020,8,14,5,18488
77.61000061035156,78.79000091552734,78.0,78.33000183105469,351500,2020,8,17,1,18491
77.87999725341797,78.68000030517578,78.66999816894531,78.26000213623047,291800,2020,8,18,2,18492
78.0,78.86000061035156,78.66999816894531,78.08999633789062,437300,2020,8,19,3,18493
77.41000366210938,77.83999633789062,77.41000366210938,77.58999633789062,219200,2020,8,20,4,18494
77.05000305175781,77.55999755859375,77.43000030517578,77.19000244140625,268200,2020,8,21,5,18495
77.44999694824219,78.37000274658203,77.9800033569336,78.25,274200,2020,8,24,1,18498
77.37000274658203,78.5199966430664,78.5199966430664,77.69000244140625,222700,2020,8,25,2,18499
77.04000091552734,78.16000366210938,77.69000244140625,77.94999694824219,236200,2020,8,26,3,18500
77.68000030517578,78.47000122070312,78.37000274658203,78.01000213623047,209500,2020,8,27,4,18501
77.30000305175781,78.63999938964844,78.51000213623047,78.20999908447266,189200,2020,8,28,5,18502
77.41999816894531,78.12999725341797,78.0999984741211,77.55000305175781,320800,2020,8,31,1,18505
76.94000244140625,78.02999877929688,77.45999908447266,77.58999633789062,209700,2020,9,1,2,18506
77.83999633789062,79.43000030517578,77.88999938964844,79.19000244140625,209400,2020,9,2,3,18507
76.0199966430664,78.91999816894531,78.6500015258789,76.55000305175781,249600,2020,9,3,4,18508
74.0999984741211,77.41000366210938,77.41000366210938,75.25,346500,2020,9,4,5,18509
73.19999694824219,74.51000213623047,74.22000122070312,73.25,295200,2020,9,8,2,18513
73.43000030517578,74.19000244140625,74.16999816894531,73.61000061035156,372900,2020,9,9,3,18514
71.68000030517578,74.30000305175781,74.06999969482422,71.79000091552734,243000,2020,9,10,4,18515
70.30000305175781,72.0,72.0,70.79000091552734,250500,2020,9,11,5,18516
70.69999694824219,72.4000015258789,71.44000244140625,72.06999969482422,584700,2020,9,14,1,18519
72.26000213623047,73.13999938964844,72.63999938964844,72.4000015258789,270200,2020,9,15,2,18520
71.45999908447266,72.69999694824219,72.5999984741211,71.55000305175781,279600,2020,9,16,3,18521
69.98999786376953,71.05999755859375,70.69999694824219,70.83999633789062,270000,2020,9,17,4,18522
69.44999694824219,71.33000183105469,71.26000213623047,70.19000244140625,869000,2020,9,18,5,18523
67.66999816894531,69.43000030517578,69.13999938964844,68.33000183105469,357500,2020,9,21,1,18526
67.97000122070312,68.91999816894531,68.83000183105469,68.61000061035156,355800,2020,9,22,2,18527
66.48999786376953,68.95999908447266,68.47000122070312,66.5999984741211,521700,2020,9,23,3,18528
65.87999725341797,67.7699966430664,66.54000091552734,67.3499984741211,299600,2020,9,24,4,18529
66.83999633789062,68.06999969482422,67.05999755859375,67.66999816894531,348700,2020,9,25,5,18530
68.51000213623047,69.2699966430664,68.51000213623047,68.75,254800,2020,9,28,1,18533
68.19999694824219,69.41000366210938,68.87000274658203,68.66999816894531,414900,2020,9,29,2,18534
68.0999984741211,69.4000015258789,69.02999877929688,68.41000366210938,368900,2020,9,30,3,18535
67.98999786376953,69.02999877929688,68.33999633789062,68.88999938964844,309100,2020,10,1,4,18536
67.6500015258789,68.8499984741211,67.88999938964844,67.83999633789062,253900,2020,10,2,5,18537
68.0,69.41999816894531,68.4000015258789,69.41999816894531,241500,2020,10,5,1,18540
67.8499984741211,70.20999908447266,69.04000091552734,68.4000015258789,373400,2020,10,6,2,18541
68.52999877929688,69.41999816894531,68.98999786376953,69.22000122070312,236800,2020,10,7,3,18542
69.31999969482422,70.56999969482422,69.9000015258789,69.8499984741211,227300,2020,10,8,4,18543
69.9800033569336,70.58000183105469,70.36000061035156,70.33000183105469,209300,2020,10,9,5,18544
70.44000244140625,71.25,70.5999984741211,70.55999755859375,175700,2020,10,12,1,18547
68.72000122070312,70.5,70.37999725341797,68.91000366210938,172600,2020,10,13,2,18548
67.80999755859375,69.66000366210938,68.69000244140625,67.87000274658203,235200,2020,10,14,3,18549
67.05000305175781,68.88999938964844,67.1500015258789,68.63999938964844,274100,2020,10,15,4,18550
68.4000015258789,69.36000061035156,68.69999694824219,68.97000122070312,382600,2020,10,16,5,18551
66.4800033569336,69.23999786376953,69.18000030517578,66.62999725341797,248500,2020,10,19,1,18554
65.94000244140625,66.98999786376953,66.76000213623047,66.20999908447266,286500,2020,10,20,2,18555
66.05000305175781,67.48999786376953,66.20999908447266,66.80999755859375,498100,2020,10,21,3,18556
66.1500015258789,67.16999816894531,67.06999969482422,66.98999786376953,271100,2020,10,22,4,18557
66.20999908447266,67.33000183105469,67.19999694824219,67.13999938964844,252200,2020,10,23,5,18558
65.05000305175781,66.47000122070312,66.33000183105469,65.87000274658203,244700,2020,10,26,1,18561
65.48999786376953,66.9800033569336,66.0199966430664,65.5999984741211,669300,2020,10,27,2,18562
64.30000305175781,65.8499984741211,64.30000305175781,65.23999786376953,1471200,2020,10,28,3,18563
64.77999877929688,66.08999633789062,64.87000274658203,65.70999908447266,545600,2020,10,29,4,18564
65.2699966430664,67.68000030517578,65.2699966430664,67.58000183105469,491000,2020,10,30,5,18565
66.86000061035156,68.73999786376953,67.9800033569336,67.66999816894531,415600,2020,11,2,1,18568
68.55000305175781,70.80999755859375,68.66000366210938,70.44000244140625,402200,2020,11,3,2,18569
69.81999969482422,72.0,70.48999786376953,70.8499984741211,276100,2020,11,4,3,18570
70.94999694824219,72.16999816894531,71.43000030517578,71.80999755859375,183800,2020,11,5,4,18571
71.23999786376953,72.13999938964844,72.13999938964844,71.66000366210938,177900,2020,11,6,5,18572
73.62000274658203,76.05999755859375,74.37000274658203,73.70999908447266,478900,2020,11,9,1,18575
73.38999938964844,74.88999938964844,73.9800033569336,74.5,334600,2020,11,10,2,18576
73.0,74.98999786376953,74.66999816894531,74.04000091552734,340900,2020,11,11,3,18577
72.30999755859375,73.94999694824219,73.4800033569336,73.06999969482422,299100,2020,11,12,4,18578
73.16999816894531,74.68000030517578,73.30999755859375,74.5199966430664,225600,2020,11,13,5,18579
74.29000091552734,75.5199966430664,75.27999877929688,75.33999633789062,447000,2020,11,16,1,18582
73.0199966430664,75.0,74.87999725341797,74.5,488900,2020,11,17,2,18583
73.0,74.55000305175781,74.55000305175781,73.0,366500,2020,11,18,3,18584
72.47000122070312,74.19000244140625,72.62000274658203,73.3499984741211,398100,2020,11,19,4,18585
71.80000305175781,73.61000061035156,73.37999725341797,72.30999755859375,614300,2020,11,20,5,18586
71.08000183105469,73.11000061035156,72.7699966430664,71.80000305175781,734200,2020,11,23,1,18589
71.55999755859375,73.83000183105469,72.30000305175781,73.80999755859375,1137300,2020,11,24,2,18590
72.66000366210938,74.23999786376953,73.93000030517578,73.87000274658203,1741100,2020,11,25,3,18591
72.38999938964844,73.93000030517578,73.77999877929688,73.69999694824219,368300,2020,11,27,5,18593
71.69999694824219,73.95999908447266,73.41999816894531,71.80999755859375,818200,2020,11,30,1,18596
71.63999938964844,72.7300033569336,72.33999633789062,72.19999694824219,473300,2020,12,1,2,18597
71.80999755859375,72.81999969482422,72.05999755859375,72.19000244140625,281300,2020,12,2,3,18598
67.6500015258789,71.98999786376953,71.7699966430664,67.87999725341797,574900,2020,12,3,4,18599
68.2699966430664,71.12999725341797,68.29000091552734,71.12999725341797,625300,2020,12,4,5,18600
70.18000030517578,71.83000183105469,71.3499984741211,70.97000122070312,392200,2020,12,7,1,18603
69.94000244140625,71.0999984741211,70.43000030517578,71.04000091552734,509100,2020,12,8,2,18604
70.08000183105469,72.72000122070312,71.58000183105469,72.06999969482422,534600,2020,12,9,3,18605
70.33000183105469,71.93000030517578,71.81999969482422,71.45999908447266,487800,2020,12,10,4,18606
71.04000091552734,73.61000061035156,71.08999633789062,73.0,743000,2020,12,11,5,18607
72.33999633789062,74.7699966430664,73.52999877929688,72.3499984741211,581000,2020,12,14,1,18610
72.70999908447266,74.56999969482422,72.70999908447266,73.91999816894531,507200,2020,12,15,2,18611
73.29000091552734,75.0,74.48999786376953,74.08000183105469,398300,2020,12,16,3,18612
73.29000091552734,74.87000274658203,74.36000061035156,73.45999908447266,437300,2020,12,17,4,18613
73.11000061035156,74.12000274658203,73.66999816894531,73.36000061035156,782900,2020,12,18,5,18614
71.04000091552734,73.22000122070312,72.30000305175781,72.4800033569336,519400,2020,12,21,1,18617
71.20999908447266,72.7699966430664,72.22000122070312,71.7300033569336,598600,2020,12,22,2,18618
71.61000061035156,73.48999786376953,72.29000091552734,72.81999969482422,446800,2020,12,23,3,18619
72.3499984741211,73.01000213623047,73.0,72.83999633789062,88700,2020,12,24,4,18620
72.95999908447266,74.04000091552734,73.0,73.41999816894531,262200,2020,12,28,1,18624
72.48999786376953,74.04000091552734,74.04000091552734,72.80999755859375,193700,2020,12,29,2,18625
72.56999969482422,73.80999755859375,72.94000244140625,72.61000061035156,140500,2020,12,30,3,18626
72.12000274658203,73.47000122070312,72.55999755859375,73.19000244140625,264300,2020,12,31,4,18627
72.05000305175781,74.18000030517578,73.9000015258789,73.06999969482422,362300,2021,1,4,1,18631
73.12999725341797,75.0,73.37000274658203,74.5199966430664,606400,2021,1,5,2,18632
75.26000213623047,78.58000183105469,75.26000213623047,77.83999633789062,987800,2021,1,6,3,18633
77.5199966430664,79.20999908447266,78.0,78.70999908447266,625000,2021,1,7,4,18634
76.4800033569336,79.26000213623047,79.0999984741211,77.16999816894531,364800,2021,1,8,5,18635
75.88999938964844,77.25,76.58000183105469,76.8499984741211,284100,2021,1,11,1,18638
76.04000091552734,77.19000244140625,76.79000091552734,76.75,250300,2021,1,12,2,18639
76.01000213623047,77.2699966430664,76.62999725341797,76.19000244140625,217500,2021,1,13,3,18640
75.76000213623047,77.30000305175781,76.6500015258789,76.06999969482422,311300,2021,1,14,4,18641
75.5,76.41999816894531,75.5,76.30000305175781,260400,2021,1,15,5,18642
75.93000030517578,76.94000244140625,76.8499984741211,76.58000183105469,513800,2021,1,19,2,18646
76.02999877929688,77.36000061035156,76.83000183105469,76.3499984741211,492900,2021,1,20,3,18647
75.5199966430664,76.83000183105469,76.62999725341797,75.73999786376953,318100,2021,1,21,4,18648
75.0,77.4000015258789,75.4000015258789,77.19000244140625,601600,2021,1,22,5,18649
77.11000061035156,79.37000274658203,77.16999816894531,79.37000274658203,399700,2021,1,25,1,18652
76.52999877929688,79.66000366210938,79.66000366210938,78.16999816894531,386800,2021,1,26,2,18653
75.8499984741211,78.30000305175781,76.91999816894531,76.22000122070312,391100,2021,1,27,3,18654
75.45999908447266,77.0,77.0,76.77999877929688,422900,2021,1,28,4,18655
74.9800033569336,76.83999633789062,76.58999633789062,75.05999755859375,343800,2021,1,29,5,18656
75.41000366210938,77.08999633789062,75.5199966430664,76.47000122070312,303200,2021,2,1,1,18659
76.0999984741211,77.41000366210938,77.05999755859375,76.63999938964844,292900,2021,2,2,2,18660
75.12999725341797,76.58000183105469,76.11000061035156,75.83000183105469,339300,2021,2,3,3,18661
75.0999984741211,80.80999755859375,76.48999786376953,80.80999755859375,540900,2021,2,4,4,18662
79.55999755859375,81.54000091552734,81.29000091552734,80.36000061035156,305400,2021,2,5,5,18663
80.08999633789062,82.30000305175781,80.36000061035156,82.30000305175781,326000,2021,2,8,1,18666
81.83000183105469,84.62000274658203,82.44000244140625,83.86000061035156,388300,2021,2,9,2,18667
83.0,84.25,83.94000244140625,84.05000305175781,322500,2021,2,10,3,18668
83.38999938964844,84.7300033569336,84.22000122070312,84.01000213623047,339700,2021,2,11,4,18669
81.98999786376953,83.83999633789062,83.83999633789062,83.16999816894531,253200,2021,2,12,5,18670
82.22000122070312,83.41000366210938,83.41000366210938,82.38999938964844,225400,2021,2,16,2,18674
81.33000183105469,82.44000244140625,81.70999908447266,81.79000091552734,259700,2021,2,17,3,18675
81.45999908447266,82.25,81.94000244140625,81.7699966430664,183400,2021,2,18,4,18676
81.41999816894531,82.16999816894531,81.94000244140625,82.13999938964844,348700,2021,2,19,5,18677
81.33999633789062,83.3499984741211,81.63999938964844,83.12999725341797,468900,2021,2,22,1,18680
82.1500015258789,84.37000274658203,82.97000122070312,83.70999908447266,424400,2021,2,23,2,18681
82.9800033569336,83.87999725341797,83.58999633789062,83.27999877929688,211600,2021,2,24,3,18682
82.58999633789062,83.9000015258789,82.94000244140625,82.87999725341797,264600,2021,2,25,4,18683
81.19999694824219,83.12999725341797,83.05000305175781,81.27999877929688,361300,2021,2,26,5,18684
80.72000122070312,83.9000015258789,82.83000183105469,83.77999877929688,353900,2021,3,1,1,18687
81.9800033569336,84.27999877929688,83.73999786376953,82.69000244140625,176900,2021,3,2,2,18688
82.06999969482422,83.87000274658203,82.94999694824219,82.87000274658203,272300,2021,3,3,3,18689
81.6500015258789,83.86000061035156,82.63999938964844,81.94000244140625,297800,2021,3,4,4,18690
82.5999984741211,84.72000122070312,83.48999786376953,84.47000122070312,330400,2021,3,5,5,18691
84.0999984741211,86.08000183105469,84.55000305175781,85.30999755859375,234900,2021,3,8,1,18694
84.23999786376953,86.5,86.2300033569336,84.41000366210938,291400,2021,3,9,2,18695
83.61000061035156,86.33999633789062,84.36000061035156,85.9800033569336,277300,2021,3,10,3,18696
85.8499984741211,87.98999786376953,86.62000274658203,86.91999816894531,325600,2021,3,11,4,18697
86.95999908447266,87.8499984741211,87.06999969482422,87.52999877929688,206500,2021,3,12,5,18698
86.51000213623047,87.62000274658203,87.12000274658203,87.08999633789062,185100,2021,3,15,1,18701
85.69999694824219,87.31999969482422,86.9000015258789,87.19999694824219,243600,2021,3,16,2,18702
85.95999908447266,87.45999908447266,87.45999908447266,86.45999908447266,184500,2021,3,17,3,18703
85.44000244140625,87.36000061035156,85.9000015258789,85.62000274658203,405000,2021,3,18,4,18704
85.12999725341797,86.73999786376953,86.02999877929688,86.29000091552734,798500,2021,3,19,5,18705
86.0,87.30000305175781,86.80999755859375,87.23999786376953,208700,2021,3,22,1,18708
86.4000015258789,87.62999725341797,86.87999725341797,87.52999877929688,404200,2021,3,23,2,18709
86.3499984741211,88.23999786376953,88.01000213623047,86.36000061035156,335900,2021,3,24,3,18710
85.41999816894531,87.88999938964844,86.04000091552734,87.68000030517578,271400,2021,3,25,4,18711
86.6500015258789,88.81999969482422,87.7699966430664,88.76000213623047,310300,2021,3,26,5,18712
87.36000061035156,90.20999908447266,88.69999694824219,88.56999969482422,339700,2021,3,29,1,18715
87.83000183105469,89.01000213623047,88.61000061035156,88.94000244140625,288200,2021,3,30,2,18716
88.36000061035156,89.8499984741211,89.31999969482422,89.04000091552734,508100,2021,3,31,3,18717
87.72000122070312,91.33000183105469,89.26000213623047,91.30000305175781,359500,2021,4,1,4,18718
91.47000122070312,93.0199966430664,91.86000061035156,92.98999786376953,213300,2021,4,5,1,18722
92.44000244140625,94.19000244140625,92.44000244140625,92.7699966430664,366500,2021,4,6,2,18723
90.79000091552734,92.83000183105469,92.3499984741211,91.18000030517578,232800,2021,4,7,3,18724
90.83000183105469,93.22000122070312,91.52999877929688,93.18000030517578,277000,2021,4,8,4,18725
93.19000244140625,94.20999908447266,93.30000305175781,94.06999969482422,238900,2021,4,9,5,18726
92.87000274658203,94.55999755859375,94.12999725341797,93.36000061035156,192000,2021,4,12,1,18729
92.16000366210938,93.5,93.13999938964844,92.56999969482422,221800,2021,4,13,2,18730
92.79000091552734,94.02999877929688,92.79000091552734,93.94999694824219,226500,2021,4,14,3,18731
94.05000305175781,94.9800033569336,94.66999816894531,94.88999938964844,183300,2021,4,15,4,18732
94.63999938964844,95.52999877929688,95.52999877929688,94.88999938964844,337000,2021,4,16,5,18733
94.43000030517578,95.7300033569336,95.12000274658203,95.7300033569336,334700,2021,4,19,1,18736
93.91000366210938,96.05000305175781,95.7300033569336,94.9000015258789,289100,2021,4,20,2,18737
93.80000305175781,95.98999786376953,95.5,94.23999786376953,523600,2021,4,21,3,18738
92.19999694824219,93.83999633789062,93.83000183105469,92.25,573300,2021,4,22,4,18739
91.63999938964844,93.87000274658203,92.25,93.08999633789062,538100,2021,4,23,5,18740
92.25,94.41000366210938,93.08999633789062,92.30999755859375,461300,2021,4,26,1,18743
91.70999908447266,93.12999725341797,92.30999755859375,92.8499984741211,536700,2021,4,27,2,18744
91.79000091552734,93.29000091552734,93.01000213623047,92.47000122070312,258500,2021,4,28,3,18745
92.33000183105469,93.16999816894531,92.97000122070312,92.97000122070312,216500,2021,4,29,4,18746
91.33999633789062,92.72000122070312,92.41999816894531,91.63999938964844,338000,2021,4,30,5,18747
92.02999877929688,93.0999984741211,92.02999877929688,92.5999984741211,357300,2021,5,3,1,18750
91.63999938964844,92.7300033569336,92.20999908447266,92.13999938964844,323400,2021,5,4,2,18751
90.69000244140625,92.58999633789062,92.58999633789062,92.20999908447266,319400,2021,5,5,3,18752
91.30000305175781,94.2699966430664,92.6500015258789,92.55000305175781,426600,2021,5,6,4,18753
90.76000213623047,93.4000015258789,93.4000015258789,91.08999633789062,305600,2021,5,7,5,18754
89.91000366210938,91.83000183105469,91.0,90.06999969482422,328600,2021,5,10,1,18757
88.38999938964844,89.56999969482422,88.80000305175781,88.93000030517578,295500,2021,5,11,2,18758
86.55999755859375,88.93000030517578,88.51000213623047,86.72000122070312,303900,2021,5,12,3,18759
86.9000015258789,88.80999755859375,86.9000015258789,88.5199966430664,344900,2021,5,13,4,18760
88.4000015258789,89.9000015258789,88.91999816894531,89.87000274658203,297600,2021,5,14,5,18761
89.01000213623047,90.83999633789062,89.19000244140625,90.62000274658203,296600,2021,5,17,1,18764
89.5,90.79000091552734,90.61000061035156,89.58000183105469,260100,2021,5,18,2,18765
88.30999755859375,89.80000305175781,88.83999633789062,89.68000030517578,234500,2021,5,19,3,18766
89.29000091552734,90.19999694824219,89.5999984741211,90.06999969482422,276900,2021,5,20,4,18767
90.20999908447266,91.69000244140625,90.69999694824219,90.33000183105469,263200,2021,5,21,5,18768
90.66999816894531,91.37999725341797,90.8499984741211,90.79000091552734,192700,2021,5,24,1,18771
90.62999725341797,91.43000030517578,91.0,90.94999694824219,257500,2021,5,25,2,18772
90.87000274658203,91.94000244140625,90.87000274658203,91.37000274658203,296200,2021,5,26,3,18773
91.61000061035156,92.68000030517578,91.79000091552734,92.22000122070312,310400,2021,5,27,4,18774
92.05000305175781,93.0199966430664,92.36000061035156,92.66999816894531,267500,2021,5,28,5,18775
91.22000122070312,93.68000030517578,93.68000030517578,91.26000213623047,211500,2021,6,1,2,18779
90.61000061035156,91.83000183105469,91.43000030517578,90.91999816894531,253800,2021,6,2,3,18780
89.27999877929688,90.30000305175781,90.23999786376953,90.02999877929688,188500,2021,6,3,4,18781
90.58000183105469,91.29000091552734,90.58999633789062,90.81999969482422,167600,2021,6,4,5,18782
89.91999816894531,90.98999786376953,90.7699966430664,90.0999984741211,191000,2021,6,7,1,18785
89.9000015258789,91.13999938964844,90.12999725341797,90.86000061035156,180400,2021,6,8,2,18786
90.73999786376953,91.9000015258789,91.05999755859375,91.05999755859375,214500,2021,6,9,3,18787
90.88999938964844,92.20999908447266,91.33000183105469,92.16999816894531,225900,2021,6,10,4,18788
92.0199966430664,94.41000366210938,92.33000183105469,94.38999938964844,443500,2021,6,11,5,18789
92.80999755859375,94.79000091552734,94.38999938964844,93.58000183105469,239300,2021,6,14,1,18792
92.68000030517578,93.73999786376953,93.68000030517578,92.7300033569336,251500,2021,6,15,2,18793
91.08999633789062,93.20999908447266,92.95999908447266,92.22000122070312,296800,2021,6,16,3,18794
89.6500015258789,92.06999969482422,92.06999969482422,90.02999877929688,255200,2021,6,17,4,18795
88.72000122070312,91.06999969482422,89.68000030517578,88.87000274658203,493400,2021,6,18,5,18796
89.33999633789062,91.9000015258789,89.33999633789062,91.81999969482422,337300,2021,6,21,1,18799
90.86000061035156,92.16999816894531,91.33000183105469,91.83999633789062,269900,2021,6,22,2,18800
91.11000061035156,91.94999694824219,91.8499984741211,91.20999908447266,190900,2021,6,23,3,18801
91.11000061035156,91.9800033569336,91.61000061035156,91.91000366210938,134100,2021,6,24,4,18802
91.83000183105469,92.69000244140625,91.9800033569336,92.27999877929688,703400,2021,6,25,5,18803
85.66999816894531,91.31999969482422,90.33000183105469,87.08000183105469,890500,2021,6,28,1,18806
86.05999755859375,88.80999755859375,87.30000305175781,88.12000274658203,662500,2021,6,29,2,18807
87.19999694824219,88.27999877929688,87.56999969482422,87.97000122070312,267200,2021,6,30,3,18808
87.9800033569336,89.0999984741211,88.33000183105469,88.11000061035156,307100,2021,7,1,4,18809
87.11000061035156,88.36000061035156,88.36000061035156,87.1500015258789,263900,2021,7,2,5,18810
85.23999786376953,87.01000213623047,87.0,86.55000305175781,357100,2021,7,6,2,18814
86.30000305175781,88.19000244140625,86.38999938964844,87.95999908447266,208700,2021,7,7,3,18815
86.88999938964844,88.45999908447266,86.88999938964844,87.69999694824219,225000,2021,7,8,4,18816
88.41999816894531,89.5999984741211,88.80999755859375,88.87999725341797,162100,2021,7,9,5,18817
88.30999755859375,89.0,88.37000274658203,88.69999694824219,161900,2021,7,12,1,18820
87.94999694824219,89.27999877929688,88.25,88.29000091552734,286100,2021,7,13,2,18821
88.29000091552734,89.30999755859375,88.77999877929688,89.08000183105469,201900,2021,7,14,3,18822
87.86000061035156,89.0,88.87000274658203,88.08000183105469,281100,2021,7,15,4,18823
87.02999877929688,89.20999908447266,88.79000091552734,87.08000183105469,274700,2021,7,16,5,18824
84.6500015258789,86.73999786376953,86.0,85.62999725341797,270600,2021,7,19,1,18827
85.69999694824219,87.80999755859375,85.83999633789062,86.9800033569336,350700,2021,7,20,2,18828
87.06999969482422,88.04000091552734,87.33000183105469,87.69000244140625,213500,2021,7,21,3,18829
86.87000274658203,88.0999984741211,87.61000061035156,87.12000274658203,174200,2021,7,22,4,18830
86.68000030517578,88.61000061035156,87.70999908447266,88.61000061035156,144900,2021,7,23,5,18831
88.19000244140625,89.38999938964844,88.80000305175781,89.01000213623047,202900,2021,7,26,1,18834
86.95999908447266,88.5999984741211,88.37000274658203,87.87999725341797,227600,2021,7,27,2,18835
87.37000274658203,88.9000015258789,88.2300033569336,88.12000274658203,157000,2021,7,28,3,18836
88.55999755859375,89.58999633789062,88.88999938964844,88.81999969482422,150200,2021,7,29,4,18837
88.38999938964844,89.37000274658203,88.5999984741211,89.0,215100,2021,7,30,5,18838
87.91999816894531,89.77999877929688,89.61000061035156,88.05999755859375,171800,2021,8,2,1,18841
87.04000091552734,88.13999938964844,88.13999938964844,87.66000366210938,242900,2021,8,3,2,18842
85.95999908447266,87.55000305175781,87.11000061035156,86.13999938964844,231000,2021,8,4,3,18843
81.93000030517578,85.69999694824219,85.45999908447266,84.69999694824219,429800,2021,8,5,4,18844
83.91000366210938,85.47000122070312,84.75,83.98999786376953,317400,2021,8,6,5,18845
81.37999725341797,83.62999725341797,83.55000305175781,81.45999908447266,356400,2021,8,9,1,18848
80.0,81.95999908447266,81.05999755859375,81.52999877929688,278500,2021,8,10,2,18849
80.30999755859375,81.6500015258789,81.6500015258789,81.56999969482422,229200,2021,8,11,3,18850
80.76000213623047,82.16000366210938,81.55000305175781,81.94000244140625,249300,2021,8,12,4,18851
82.04000091552734,83.0199966430664,82.68000030517578,82.66000366210938,250200,2021,8,13,5,18852
81.95999908447266,84.08999633789062,82.2300033569336,83.80000305175781,392800,2021,8,16,1,18855
83.19999694824219,86.44999694824219,83.19999694824219,86.2699966430664,472400,2021,8,17,2,18856
83.45999908447266,86.5199966430664,86.0999984741211,83.58999633789062,297300,2021,8,18,3,18857
82.98999786376953,84.2699966430664,83.0199966430664,84.05999755859375,283300,2021,8,19,4,18858
84.02999877929688,86.16999816894531,84.02999877929688,85.37000274658203,303300,2021,8,20,5,18859
84.66999816894531,86.37999725341797,85.75,86.20999908447266,276900,2021,8,23,1,18862
85.18000030517578,87.94000244140625,86.97000122070312,85.23999786376953,530900,2021,8,24,2,18863
84.62000274658203,87.2300033569336,84.72000122070312,85.63999938964844,1254900,2021,8,25,3,18864
83.38999938964844,85.72000122070312,85.16000366210938,84.5999984741211,288700,2021,8,26,4,18865
84.47000122070312,86.66000366210938,84.47000122070312,86.55999755859375,290700,2021,8,27,5,18866
85.81999969482422,86.6500015258789,86.62999725341797,86.0999984741211,196100,2021,8,30,1,18869
85.77999877929688,87.12000274658203,86.33999633789062,87.08999633789062,260900,2021,8,31,2,18870
86.25,87.5999984741211,87.44999694824219,87.23999786376953,234000,2021,9,1,3,18871
86.48999786376953,87.8499984741211,87.3499984741211,87.80999755859375,211500,2021,9,2,4,18872
87.47000122070312,88.51000213623047,87.5,87.75,230600,2021,9,3,5,18873
86.41999816894531,88.26000213623047,88.0199966430664,86.6500015258789,275200,2021,9,7,2,18877
85.62999725341797,86.61000061035156,86.22000122070312,86.16000366210938,222300,2021,9,8,3,18878
84.22000122070312,86.08999633789062,85.95999908447266,84.23999786376953,224200,2021,9,9,4,18879
82.70999908447266,85.4800033569336,84.63999938964844,83.02999877929688,229900,2021,9,10,5,18880
82.70999908447266,84.41000366210938,83.30000305175781,83.91999816894531,234600,2021,9,13,1,18883
83.47000122070312,84.81999969482422,84.75,83.72000122070312,334500,2021,9,14,2,18884
82.9000015258789,84.05999755859375,83.5999984741211,84.01000213623047,213200,2021,9,15,3,18885
82.87999725341797,84.19999694824219,84.19999694824219,83.87000274658203,384200,2021,9,16,4,18886
82.81999969482422,84.43000030517578,84.43000030517578,83.70999908447266,916500,2021,9,17,5,18887
81.12000274658203,83.41999816894531,82.37000274658203,82.33999633789062,253500,2021,9,20,1,18890
81.06999969482422,83.2699966430664,82.75,81.7300033569336,234200,2021,9,21,2,18891
81.22000122070312,83.33000183105469,82.12999725341797,82.08999633789062,270300,2021,9,22,3,18892
82.12999725341797,83.5,82.38999938964844,82.9000015258789,206200,2021,9,23,4,18893
82.9000015258789,84.30000305175781,83.1500015258789,84.08000183105469,220200,2021,9,24,5,18894
83.94000244140625,85.51000213623047,83.94000244140625,84.9000015258789,243200,2021,9,27,1,18897
83.44000244140625,85.11000061035156,85.11000061035156,83.55999755859375,218900,2021,9,28,2,18898
83.26000213623047,85.04000091552734,83.87000274658203,84.69000244140625,212200,2021,9,29,3,18899
83.19999694824219,85.66999816894531,85.19999694824219,83.19999694824219,495600,2021,9,30,4,18900
83.16000366210938,86.08999633789062,83.6500015258789,85.41999816894531,258000,2021,10,1,5,18901
84.12000274658203,85.62999725341797,84.9000015258789,84.87999725341797,315400,2021,10,4,1,18904
84.06999969482422,85.70999908447266,84.79000091552734,84.08000183105469,208400,2021,10,5,2,18905
82.48999786376953,84.2699966430664,83.68000030517578,84.01000213623047,239100,2021,10,6,3,18906
84.08999633789062,85.68000030517578,84.25,84.95999908447266,431400,2021,10,7,4,18907
84.63999938964844,86.12999725341797,84.93000030517578,84.98999786376953,122700,2021,10,8,5,18908
83.13999938964844,85.33999633789062,84.69000244140625,83.19999694824219,148100,2021,10,11,1,18911
83.02999877929688,84.0999984741211,83.31999969482422,83.72000122070312,148800,2021,10,12,2,18912
83.33000183105469,85.0,83.73999786376953,84.94999694824219,208200,2021,10,13,3,18913
85.72000122070312,86.95999908447266,85.83000183105469,86.94000244140625,234800,2021,10,14,4,18914
86.19999694824219,88.12999725341797,87.7699966430664,86.26000213623047,259400,2021,10,15,5,18915
84.83000183105469,86.30000305175781,85.87000274658203,84.95999908447266,180800,2021,10,18,1,18918
84.0,85.6500015258789,85.4800033569336,84.81999969482422,220000,2021,10,19,2,18919
84.4000015258789,85.62999725341797,85.0999984741211,84.94000244140625,207900,2021,10,20,3,18920
84.27999877929688,85.2300033569336,84.77999877929688,84.7300033569336,238800,2021,10,21,4,18921
83.94999694824219,85.20999908447266,85.05999755859375,84.20999908447266,314400,2021,10,22,5,18922
83.7300033569336,85.66999816894531,84.31999969482422,83.8499984741211,264700,2021,10,25,1,18925
83.19999694824219,85.63999938964844,84.37999725341797,84.48999786376953,394400,2021,10,26,2,18926
82.70999908447266,84.37999725341797,84.06999969482422,83.0,283800,2021,10,27,3,18927
82.83000183105469,83.9800033569336,83.37999725341797,83.77999877929688,218400,2021,10,28,4,18928
83.68000030517578,85.37000274658203,83.88999938964844,84.56999969482422,260100,2021,10,29,5,18929
84.9800033569336,86.7699966430664,84.9800033569336,86.48999786376953,231500,2021,11,1,1,18932
84.63999938964844,86.70999908447266,86.55000305175781,84.91999816894531,223200,2021,11,2,2,18933
83.87999725341797,86.02999877929688,84.73999786376953,85.2699966430664,325200,2021,11,3,3,18934
84.29000091552734,86.7300033569336,85.43000030517578,84.4000015258789,257200,2021,11,4,4,18935
84.94999694824219,86.37999725341797,85.38999938964844,86.2699966430664,276700,2021,11,5,5,18936
85.5,86.7300033569336,86.72000122070312,85.63999938964844,167900,2021,11,8,1,18939
84.87999725341797,86.75,85.51000213623047,85.77999877929688,111500,2021,11,9,2,18940
85.2300033569336,86.27999877929688,85.97000122070312,86.0,142500,2021,11,10,3,18941
85.1500015258789,86.19999694824219,86.08999633789062,85.98999786376953,165700,2021,11,11,4,18942
84.69000244140625,86.19999694824219,85.69000244140625,84.70999908447266,174400,2021,11,12,5,18943
83.04000091552734,85.26000213623047,85.26000213623047,83.29000091552734,264900,2021,11,15,1,18946
83.30000305175781,85.4800033569336,83.3499984741211,84.80000305175781,350600,2021,11,16,2,18947
82.8499984741211,84.41000366210938,84.23999786376953,83.69000244140625,292500,2021,11,17,3,18948
78.01000213623047,86.0,85.0199966430664,79.66000366210938,555300,2021,11,18,4,18949
79.02999877929688,81.9800033569336,79.02999877929688,81.30000305175781,514800,2021,11,19,5,18950
81.13999938964844,82.61000061035156,81.30000305175781,81.5199966430664,377800,2021,11,22,1,18953
79.81999969482422,81.83999633789062,81.47000122070312,80.75,393300,2021,11,23,2,18954
79.97000122070312,81.9800033569336,80.30999755859375,80.72000122070312,252800,2021,11,24,3,18955
77.04000091552734,79.75,79.41000366210938,77.22000122070312,308600,2021,11,26,5,18957
77.44000244140625,79.22000122070312,78.19999694824219,77.56999969482422,467200,2021,11,29,1,18960
75.19000244140625,77.83000183105469,77.2300033569336,75.44999694824219,522700,2021,11,30,2,18961
74.52999877929688,77.29000091552734,76.80000305175781,74.55000305175781,474900,2021,12,1,3,18962
74.87000274658203,78.13999938964844,74.87000274658203,77.63999938964844,401600,2021,12,2,4,18963
77.44999694824219,78.58999633789062,78.0,78.37999725341797,293200,2021,12,3,5,18964
78.72000122070312,80.68000030517578,79.4000015258789,79.45999908447266,495000,2021,12,6,1,18967
78.62000274658203,80.44000244140625,79.98999786376953,78.88999938964844,249600,2021,12,7,2,18968
78.56999969482422,79.48999786376953,78.83999633789062,79.20999908447266,258600,2021,12,8,3,18969
77.58000183105469,79.0199966430664,78.58999633789062,77.58999633789062,352600,2021,12,9,4,18970
76.13999938964844,78.25,77.80999755859375,77.05999755859375,471800,2021,12,10,5,18971
76.30999755859375,77.62999725341797,76.48999786376953,76.43000030517578,413800,2021,12,13,1,18974
75.88999938964844,78.30000305175781,76.25,76.0199966430664,506600,2021,12,14,2,18975
75.11000061035156,77.01000213623047,76.06999969482422,76.45999908447266,545000,2021,12,15,3,18976
75.86000061035156,77.62000274658203,77.16999816894531,76.25,341200,2021,12,16,4,18977
75.23999786376953,77.75,75.51000213623047,76.83000183105469,878400,2021,12,17,5,18978
74.37999725341797,75.80999755859375,75.80999755859375,75.08000183105469,489700,2021,12,20,1,18981
75.41000366210938,77.29000091552734,75.5999984741211,77.08999633789062,320900,2021,12,21,2,18982
76.1500015258789,78.47000122070312,76.1500015258789,78.41999816894531,341400,2021,12,22,3,18983
77.7699966430664,78.68000030517578,78.68000030517578,78.11000061035156,388000,2021,12,23,4,18984
77.41000366210938,78.86000061035156,78.19999694824219,78.86000061035156,173700,2021,12,27,1,18988
78.55000305175781,80.19999694824219,78.55000305175781,79.8499984741211,342200,2021,12,28,2,18989
79.26000213623047,81.02999877929688,79.5999984741211,80.7300033569336,312700,2021,12,29,3,18990
79.97000122070312,81.22000122070312,80.8499984741211,80.1500015258789,266800,2021,12,30,4,18991
78.19999694824219,80.13999938964844,79.87000274658203,79.66999816894531,219000,2021,12,31,5,18992
78.81999969482422,80.77999877929688,80.08000183105469,80.5199966430664,294300,2022,1,3,1,18995
80.5199966430664,81.76000213623047,80.5199966430664,81.2300033569336,221600,2022,1,4,2,18996
78.76000213623047,81.76000213623047,81.31999969482422,78.88999938964844,354300,2022,1,5,3,18997
78.01000213623047,79.3499984741211,78.55999755859375,78.27999877929688,232000,2022,1,6,4,18998
77.30999755859375,78.81999969482422,78.36000061035156,77.47000122070312,291600,2022,1,7,5,18999
76.19999694824219,78.81999969482422,76.87999725341797,78.81999969482422,354000,2022,1,10,1,19002
76.91999816894531,78.81999969482422,78.7699966430664,77.9800033569336,273400,2022,1,11,2,19003
76.5999984741211,78.55999755859375,78.0,77.1500015258789,219800,2022,1,12,3,19004
76.55999755859375,78.2699966430664,77.48999786376953,76.7300033569336,183300,2022,1,13,4,19005
75.83999633789062,77.1500015258789,76.19999694824219,77.1500015258789,327500,2022,1,14,5,19006
76.38999938964844,78.05000305175781,76.9000015258789,77.70999908447266,512100,2022,1,18,2,19010
76.4000015258789,78.5999984741211,77.91000366210938,76.62000274658203,502000,2022,1,19,3,19011
76.80999755859375,78.33999633789062,77.12000274658203,77.20999908447266,515400,2022,1,20,4,19012
76.62000274658203,78.12999725341797,77.41000366210938,76.88999938964844,496900,2022,1,21,5,19013
75.83999633789062,78.70999908447266,75.83999633789062,78.55999755859375,435800,2022,1,24,1,19016
75.12000274658203,78.20999908447266,77.70999908447266,77.05999755859375,977900,2022,1,25,2,19017
74.25,78.06999969482422,77.12999725341797,75.44999694824219,551000,2022,1,26,3,19018
74.95999908447266,76.8499984741211,76.05000305175781,75.26000213623047,461300,2022,1,27,4,19019
74.88999938964844,77.2699966430664,75.20999908447266,77.2699966430664,518800,2022,1,28,5,19020
76.45999908447266,77.83999633789062,76.52999877929688,77.31999969482422,586200,2022,1,31,1,19023
76.73999786376953,77.83000183105469,77.36000061035156,77.75,478300,2022,2,1,2,19024
77.08999633789062,78.97000122070312,77.26000213623047,78.12999725341797,614600,2022,2,2,3,19025
74.56999969482422,77.27999877929688,77.0,76.0,699600,2022,2,3,4,19026
74.9800033569336,75.91000366210938,75.16999816894531,75.0,482800,2022,2,4,5,19027
73.83999633789062,75.2699966430664,74.47000122070312,74.87999725341797,556200,2022,2,7,1,19030
74.19000244140625,77.1500015258789,74.73999786376953,76.81999969482422,657400,2022,2,8,2,19031
75.58999633789062,77.86000061035156,77.75,76.41999816894531,528700,2022,2,9,3,19032
74.61000061035156,76.12999725341797,75.06999969482422,74.9800033569336,466900,2022,2,10,4,19033
74.68000030517578,75.73999786376953,75.11000061035156,75.37000274658203,408300,2022,2,11,5,19034
74.6500015258789,76.04000091552734,74.98999786376953,75.77999877929688,448300,2022,2,14,1,19037
75.76000213623047,77.18000030517578,75.88999938964844,76.94999694824219,733900,2022,2,15,2,19038
75.98999786376953,77.75,76.72000122070312,77.5,407600,2022,2,16,3,19039
76.23999786376953,77.88999938964844,77.12000274658203,77.01000213623047,405400,2022,2,17,4,19040
76.18000030517578,77.83999633789062,77.1500015258789,76.48999786376953,567000,2022,2,18,5,19041
75.94999694824219,77.25,76.45999908447266,76.30000305175781,453800,2022,2,22,2,19045
74.4800033569336,76.7699966430664,76.76000213623047,74.5199966430664,412900,2022,2,23,3,19046
73.26000213623047,76.47000122070312,73.47000122070312,76.38999938964844,397900,2022,2,24,4,19047
76.44000244140625,78.2300033569336,76.44000244140625,78.18000030517578,239700,2022,2,25,5,19048
77.01000213623047,79.31999969482422,77.01000213623047,78.86000061035156,369500,2022,2,28,1,19051
77.38999938964844,79.12999725341797,78.37000274658203,78.11000061035156,352500,2022,3,1,2,19052
77.95999908447266,79.77999877929688,78.47000122070312,79.33000183105469,248700,2022,3,2,3,19053
78.80000305175781,79.70999908447266,79.56999969482422,79.29000091552734,181600,2022,3,3,4,19054
77.70999908447266,78.9000015258789,78.58999633789062,78.72000122070312,264700,2022,3,4,5,19055
76.68000030517578,78.61000061035156,78.61000061035156,76.75,305300,2022,3,7,1,19058
74.55000305175781,77.16000366210938,76.63999938964844,74.66999816894531,359700,2022,3,8,2,19059
74.55999755859375,75.80000305175781,75.80000305175781,74.73999786376953,305700,2022,3,9,3,19060
73.55999755859375,75.01000213623047,73.58000183105469,74.95999908447266,288900,2022,3,10,4,19061
72.94000244140625,74.80999755859375,74.80999755859375,73.0199966430664,319500,2022,3,11,5,19062
72.04000091552734,73.87999725341797,73.0199966430664,73.55999755859375,317300,2022,3,14,1,19065
72.48999786376953,74.23999786376953,74.01000213623047,73.4000015258789,498400,2022,3,15,2,19066
73.37000274658203,74.94000244140625,73.6500015258789,74.94000244140625,638000,2022,3,16,3,19067
74.31999969482422,75.7699966430664,74.94000244140625,75.12999725341797,282000,2022,3,17,4,19068
73.30999755859375,74.87999725341797,74.22000122070312,74.79000091552734,836700,2022,3,18,5,19069
74.0199966430664,75.36000061035156,74.56999969482422,74.72000122070312,299600,2022,3,21,1,19072
73.54000091552734,75.55000305175781,74.97000122070312,74.80000305175781,394100,2022,3,22,2,19073
72.87000274658203,75.16000366210938,74.27999877929688,73.05999755859375,554800,2022,3,23,3,19074
72.79000091552734,74.1500015258789,73.19000244140625,73.88999938964844,262900,2022,3,24,4,19075
73.80999755859375,75.41000366210938,74.25,75.37000274658203,316200,2022,3,25,5,19076
74.44000244140625,75.7699966430664,75.04000091552734,75.16000366210938,409400,2022,3,28,1,19079
75.61000061035156,77.7300033569336,75.83999633789062,77.62000274658203,297500,2022,3,29,2,19080
76.16999816894531,77.80999755859375,77.77999877929688,76.5999984741211,225000,2022,3,30,3,19081
74.94999694824219,77.2699966430664,76.56999969482422,74.94999694824219,316700,2022,3,31,4,19082
74.12999725341797,75.62000274658203,75.38999938964844,74.48999786376953,395300,2022,4,1,5,19083
73.9000015258789,74.88999938964844,74.19999694824219,74.23999786376953,413200,2022,4,4,1,19086
73.81999969482422,76.41000366210938,73.81999969482422,76.19000244140625,524300,2022,4,5,2,19087
74.94999694824219,76.2699966430664,75.79000091552734,74.97000122070312,493800,2022,4,6,3,19088
73.73999786376953,75.25,75.04000091552734,74.44000244140625,290000,2022,4,7,4,19089
74.4000015258789,75.62999725341797,74.4000015258789,74.95999908447266,357400,2022,4,8,5,19090
74.47000122070312,76.29000091552734,74.47000122070312,75.56999969482422,736500,2022,4,11,1,19093
75.94999694824219,76.77999877929688,76.16999816894531,76.05000305175781,286300,2022,4,12,2,19094
75.08999633789062,76.4000015258789,75.98999786376953,76.0999984741211,190800,2022,4,13,3,19095
75.44000244140625,76.66000366210938,76.43000030517578,75.5,234600,2022,4,14,4,19096
74.05999755859375,76.05999755859375,75.41999816894531,74.43000030517578,187500,2022,4,18,1,19100
74.6500015258789,75.91000366210938,74.6500015258789,75.55999755859375,166000,2022,4,19,2,19101
75.91000366210938,77.3499984741211,76.08999633789062,76.61000061035156,191500,2022,4,20,3,19102
76.94000244140625,77.9800033569336,77.18000030517578,77.36000061035156,310600,2022,4,21,4,19103
75.80999755859375,77.19000244140625,77.19000244140625,76.0,364800,2022,4,22,5,19104
74.72000122070312,76.72000122070312,75.91999816894531,76.58000183105469,355600,2022,4,25,1,19107
74.76000213623047,76.4000015258789,75.97000122070312,74.77999877929688,261800,2022,4,26,2,19108
73.97000122070312,75.3499984741211,74.62999725341797,74.12999725341797,291500,2022,4,27,3,19109
74.08999633789062,75.41000366210938,74.81999969482422,75.0199966430664,250700,2022,4,28,4,19110
72.6500015258789,74.69000244140625,74.51000213623047,72.87999725341797,362700,2022,4,29,5,19111
71.86000061035156,73.97000122070312,72.93000030517578,72.93000030517578,356500,2022,5,2,1,19114
72.47000122070312,73.66000366210938,72.87999725341797,72.61000061035156,359600,2022,5,3,2,19115
71.83000183105469,73.94999694824219,72.48999786376953,73.94999694824219,639900,2022,5,4,3,19116
66.77999877929688,71.51000213623047,71.08000183105469,68.5199966430664,779100,2022,5,5,4,19117
65.94000244140625,67.83999633789062,67.66000366210938,67.45999908447266,693500,2022,5,6,5,19118
66.66000366210938,68.22000122070312,66.66000366210938,67.58999633789062,509600,2022,5,9,1,19121
64.93000030517578,67.80000305175781,67.76000213623047,65.48999786376953,510800,2022,5,10,2,19122
63.970001220703125,66.08000183105469,65.41999816894531,64.1500015258789,354600,2022,5,11,3,19123
63.20000076293945,64.6500015258789,63.31999969482422,64.54000091552734,487800,2022,5,12,4,19124
63.689998626708984,65.30999755859375,64.83999633789062,64.37999725341797,321600,2022,5,13,5,19125
63.15999984741211,65.08000183105469,63.93000030517578,64.62000274658203,314300,2022,5,16,1,19128
64.8499984741211,66.62000274658203,65.41999816894531,66.47000122070312,305100,2022,5,17,2,19129
63.880001068115234,66.30999755859375,65.88999938964844,64.41999816894531,324200,2022,5,18,3,19130
63.22999954223633,64.54000091552734,64.19999694824219,63.61000061035156,281900,2022,5,19,4,19131
63.0099983215332,64.58999633789062,64.08000183105469,64.12000274658203,399000,2022,5,20,5,19132
63.63999938964844,64.83999633789062,64.80999755859375,64.55999755859375,350400,2022,5,23,1,19135
63.709999084472656,65.1500015258789,64.16999816894531,64.91999816894531,260000,2022,5,24,2,19136
63.5099983215332,65.16999816894531,64.4800033569336,63.540000915527344,676400,2022,5,25,3,19137
63.279998779296875,64.91000366210938,64.05999755859375,64.3499984741211,325400,2022,5,26,4,19138
64.58000183105469,65.69999694824219,64.86000061035156,65.63999938964844,220000,2022,5,27,5,19139
64.41999816894531,65.62999725341797,64.97000122070312,64.88999938964844,474600,2022,5,31,2,19143
63.54999923706055,65.25,65.25,63.56999969482422,300800,2022,6,1,3,19144
63.2599983215332,64.63999938964844,63.66999816894531,64.58999633789062,281500,2022,6,2,4,19145
63.560001373291016,64.30000305175781,64.27999877929688,63.779998779296875,234500,2022,6,3,5,19146
63.439998626708984,64.48999786376953,64.48999786376953,63.810001373291016,255900,2022,6,6,1,19149
62.790000915527344,64.05000305175781,63.29999923706055,63.470001220703125,267200,2022,6,7,2,19150
62.43000030517578,63.4900016784668,63.209999084472656,62.68000030517578,388100,2022,6,8,3,19151
61.470001220703125,62.5,62.5,61.47999954223633,315800,2022,6,9,4,19152
59.540000915527344,60.900001525878906,60.66999816894531,60.0,702600,2022,6,10,5,19153
57.540000915527344,59.47999954223633,59.13999938964844,57.709999084472656,368000,2022,6,13,1,19156
56.5,57.9900016784668,57.56999969482422,57.2599983215332,478500,2022,6,14,2,19157
58.52000045776367,61.279998779296875,58.529998779296875,60.58000183105469,594100,2022,6,15,3,19158
58.7400016784668,60.43000030517578,60.43000030517578,59.09000015258789,421400,2022,6,16,4,19159
58.810001373291016,60.09000015258789,59.540000915527344,59.279998779296875,718300,2022,6,17,5,19160
59.56999969482422,60.630001068115234,59.84000015258789,60.16999816894531,309900,2022,6,21,2,19164
59.88999938964844,60.779998779296875,59.970001220703125,60.689998626708984,444900,2022,6,22,3,19165
60.5099983215332,61.75,60.599998474121094,61.529998779296875,307200,2022,6,23,4,19166
61.88999938964844,63.599998474121094,61.88999938964844,63.400001525878906,641100,2022,6,24,5,19167
63.2400016784668,64.4000015258789,64.0,63.81999969482422,235100,2022,6,27,1,19170
61.68000030517578,64.2300033569336,63.959999084472656,61.72999954223633,210800,2022,6,28,2,19171
61.06999969482422,62.41999816894531,61.900001525878906,62.209999084472656,179100,2022,6,29,3,19172
61.189998626708984,62.810001373291016,61.599998474121094,62.5099983215332,290800,2022,6,30,4,19173
62.0099983215332,63.630001068115234,62.25,63.599998474121094,188400,2022,7,1,5,19174
61.88999938964844,63.709999084472656,63.13999938964844,63.650001525878906,276800,2022,7,5,2,19178
62.88999938964844,64.11000061035156,63.72999954223633,63.38999938964844,171700,2022,7,6,3,19179
62.65999984741211,64.16999816894531,63.45000076293945,62.77000045776367,172000,2022,7,7,4,19180
62.349998474121094,63.970001220703125,62.369998931884766,62.97999954223633,187100,2022,7,8,5,19181
62.27000045776367,63.25,62.4900016784668,62.5099983215332,210100,2022,7,11,1,19184
61.099998474121094,63.209999084472656,62.61000061035156,61.47999954223633,319900,2022,7,12,2,19185
60.56999969482422,61.43000030517578,60.97999954223633,61.08000183105469,288200,2022,7,13,3,19186
59.9900016784668,61.72999954223633,60.04999923706055,61.650001525878906,309500,2022,7,14,4,19187
62.25,63.060001373291016,62.779998779296875,62.869998931884766,484400,2022,7,15,5,19188
62.060001373291016,63.29999923706055,63.04999923706055,62.08000183105469,371900,2022,7,18,1,19191
62.439998626708984,64.55999755859375,62.439998626708984,64.3499984741211,340600,2022,7,19,2,19192
64.06999969482422,65.3499984741211,64.19000244140625,64.19000244140625,360000,2022,7,20,3,19193
63.459999084472656,64.3499984741211,63.869998931884766,64.23999786376953,417300,2022,7,21,4,19194
63.72999954223633,64.7300033569336,64.5,64.66000366210938,322000,2022,7,22,5,19195
63.869998931884766,64.88999938964844,64.88999938964844,64.06999969482422,176600,2022,7,25,1,19198
63.400001525878906,64.3499984741211,63.75,64.33000183105469,319300,2022,7,26,2,19199
64.52999877929688,65.63999938964844,65.11000061035156,65.41000366210938,474200,2022,7,27,3,19200
65.01000213623047,67.04000091552734,65.75,67.0199966430664,312400,2022,7,28,4,19201
66.66000366210938,67.33999633789062,67.13999938964844,66.8499984741211,267500,2022,7,29,5,19202
66.36000061035156,67.98999786376953,66.62999725341797,67.2300033569336,479800,2022,8,1,1,19205
65.91999816894531,67.13999938964844,66.83000183105469,66.48999786376953,189700,2022,8,2,2,19206
66.05000305175781,67.05000305175781,66.4000015258789,66.75,273700,2022,8,3,3,19207
62.02000045776367,66.58000183105469,65.8499984741211,64.76000213623047,530000,2022,8,4,4,19208
63.880001068115234,64.93000030517578,64.13999938964844,64.33000183105469,420500,2022,8,5,5,19209
63.95000076293945,65.01000213623047,64.6500015258789,64.37000274658203,539600,2022,8,8,1,19212
64.08000183105469,64.62999725341797,64.56999969482422,64.44999694824219,346000,2022,8,9,2,19213
63.939998626708984,65.80000305175781,65.48999786376953,64.08999633789062,253300,2022,8,10,3,19214
64.08000183105469,64.63999938964844,64.56999969482422,64.31999969482422,293700,2022,8,11,4,19215
64.22000122070312,64.83999633789062,64.41000366210938,64.44000244140625,322500,2022,8,12,5,19216
64.11000061035156,64.86000061035156,64.12999725341797,64.62000274658203,287100,2022,8,15,1,19219
64.13999938964844,65.08000183105469,64.37000274658203,64.9800033569336,344100,2022,8,16,2,19220
63.97999954223633,64.69999694824219,64.37000274658203,64.05999755859375,387100,2022,8,17,3,19221
63.7599983215332,64.47000122070312,64.12000274658203,64.2300033569336,184900,2022,8,18,4,19222
63.25,64.05999755859375,64.05999755859375,63.54999923706055,353500,2022,8,19,5,19223
62.279998779296875,63.15999984741211,63.15999984741211,62.54999923706055,344700,2022,8,22,1,19226
62.209999084472656,62.939998626708984,62.31999969482422,62.61000061035156,321900,2022,8,23,2,19227
61.79999923706055,62.84000015258789,62.45000076293945,61.939998626708984,354000,2022,8,24,3,19228
61.65999984741211,62.70000076293945,62.040000915527344,62.68000030517578,255100,2022,8,25,4,19229
61.529998779296875,62.790000915527344,62.5,61.65999984741211,284200,2022,8,26,5,19230
60.72999954223633,61.77000045776367,61.16999816894531,61.560001373291016,362900,2022,8,29,1,19233
60.95000076293945,61.959999084472656,61.880001068115234,61.25,366400,2022,8,30,2,19234
60.45000076293945,61.650001525878906,61.5099983215332,60.59000015258789,484000,2022,8,31,3,19235
59.95000076293945,61.45000076293945,59.9900016784668,61.290000915527344,436000,2022,9,1,4,19236
60.560001373291016,62.189998626708984,62.130001068115234,60.81999969482422,433800,2022,9,2,5,19237
59.7599983215332,60.939998626708984,60.939998626708984,59.970001220703125,391500,2022,9,6,2,19241
59.38999938964844,60.720001220703125,60.09000015258789,60.709999084472656,373700,2022,9,7,3,19242
59.84000015258789,60.619998931884766,60.130001068115234,60.189998626708984,231300,2022,9,8,4,19243
60.22999954223633,61.09000015258789,60.25,61.040000915527344,185200,2022,9,9,5,19244
61.36000061035156,61.97999954223633,61.36000061035156,61.86000061035156,249500,2022,9,12,1,19247
59.939998626708984,60.81999969482422,60.70000076293945,60.20000076293945,353600,2022,9,13,2,19248
59.36000061035156,60.40999984741211,60.150001525878906,60.119998931884766,487600,2022,9,14,3,19249
59.720001220703125,60.880001068115234,59.91999816894531,60.11000061035156,457000,2022,9,15,4,19250
58.970001220703125,59.90999984741211,59.59000015258789,59.790000915527344,891400,2022,9,16,5,19251
58.439998626708984,59.939998626708984,59.41999816894531,58.72999954223633,587900,2022,9,19,1,19254
57.5,58.95000076293945,58.20000076293945,58.90999984741211,514000,2022,9,20,2,19255
58.619998931884766,59.91999816894531,59.31999969482422,58.630001068115234,332300,2022,9,21,3,19256
57.540000915527344,58.65999984741211,58.459999084472656,58.2400016784668,349100,2022,9,22,4,19257
57.63999938964844,58.7400016784668,57.720001220703125,58.709999084472656,469700,2022,9,23,5,19258
57.189998626708984,59.06999969482422,58.65999984741211,57.43000030517578,402200,2022,9,26,1,19261
57.349998474121094,58.75,57.75,57.68000030517578,433900,2022,9,27,2,19262
57.16999816894531,58.689998626708984,57.689998626708984,58.31999969482422,449600,2022,9,28,3,19263
57.310001373291016,58.130001068115234,57.56999969482422,58.04999923706055,331800,2022,9,29,4,19264
57.81999969482422,58.75,58.27000045776367,57.869998931884766,473800,2022,9,30,5,19265
57.52000045776367,59.15999984741211,58.150001525878906,58.630001068115234,385800,2022,10,3,1,19268
59.06999969482422,60.43000030517578,59.06999969482422,59.90999984741211,389400,2022,10,4,2,19269
58.79999923706055,59.61000061035156,59.279998779296875,59.0099983215332,425200,2022,10,5,3,19270
58.04999923706055,59.0,58.65999984741211,58.5,280300,2022,10,6,4,19271
56.63999938964844,58.09000015258789,58.09000015258789,56.810001373291016,346200,2022,10,7,5,19272
56.81999969482422,58.040000915527344,57.15999984741211,57.68000030517578,269500,2022,10,10,1,19275
56.119998931884766,57.720001220703125,57.720001220703125,57.209999084472656,621600,2022,10,11,2,19276
55.75,57.529998779296875,57.529998779296875,55.790000915527344,321900,2022,10,12,3,19277
54.459999084472656,57.439998626708984,54.79999923706055,56.869998931884766,348500,2022,10,13,4,19278
55.95000076293945,57.630001068115234,57.29999923706055,56.0099983215332,396600,2022,10,14,5,19279
56.45000076293945,57.959999084472656,56.88999938964844,57.7599983215332,349300,2022,10,17,1,19282
57.68000030517578,58.880001068115234,58.72999954223633,58.290000915527344,347800,2022,10,18,2,19283
56.220001220703125,57.849998474121094,57.79999923706055,56.869998931884766,298000,2022,10,19,3,19284
56.040000915527344,57.27000045776367,57.27000045776367,56.18000030517578,282700,2022,10,20,4,19285
55.29999923706055,57.70000076293945,56.31999969482422,57.43000030517578,432400,2022,10,21,5,19286
56.650001525878906,58.0099983215332,57.91999816894531,56.689998626708984,349000,2022,10,24,1,19289
56.56999969482422,58.06999969482422,56.56999969482422,57.709999084472656,340100,2022,10,25,2,19290
57.56999969482422,58.9900016784668,57.81999969482422,58.54999923706055,282900,2022,10,26,3,19291
58.68000030517578,59.79999923706055,58.68000030517578,59.470001220703125,295100,2022,10,27,4,19292
59.540000915527344,62.310001373291016,59.7599983215332,62.290000915527344,292000,2022,10,28,5,19293
61.27000045776367,62.349998474121094,61.93000030517578,61.66999816894531,405300,2022,10,31,1,19296
60.880001068115234,62.06999969482422,62.06999969482422,61.119998931884766,255000,2022,11,1,2,19297
59.81999969482422,62.11000061035156,60.91999816894531,59.90999984741211,320200,2022,11,2,3,19298
58.130001068115234,59.25,59.130001068115234,58.209999084472656,365800,2022,11,3,4,19299
56.91999816894531,59.119998931884766,58.900001525878906,57.81999969482422,260600,2022,11,4,5,19300
57.810001373291016,59.52000045776367,58.08000183105469,59.31999969482422,250300,2022,11,7,1,19303
58.689998626708984,59.779998779296875,59.25,59.29999923706055,333400,2022,11,8,2,19304
58.47999954223633,59.95000076293945,58.61000061035156,59.349998474121094,296900,2022,11,9,3,19305
61.22999954223633,62.689998626708984,61.470001220703125,62.54999923706055,369700,2022,11,10,4,19306
62.279998779296875,63.119998931884766,62.630001068115234,62.619998931884766,267900,2022,11,11,5,19307
61.720001220703125,62.95000076293945,62.029998779296875,62.36000061035156,358800,2022,11,14,1,19310
62.369998931884766,63.83000183105469,63.099998474121094,62.45000076293945,425600,2022,11,15,2,19311
61.45000076293945,62.61000061035156,62.47999954223633,62.220001220703125,259400,2022,11,16,3,19312
61.06999969482422,62.0099983215332,61.790000915527344,61.83000183105469,316900,2022,11,17,4,19313
61.06999969482422,62.7599983215332,62.7599983215332,61.29999923706055,382600,2022,11,18,5,19314
59.72999954223633,61.88999938964844,61.369998931884766,60.540000915527344,436100,2022,11,21,1,19317
63.61000061035156,70.8499984741211,65.94000244140625,70.33999633789062,1033900,2022,11,22,2,19318
69.2699966430664,71.2699966430664,69.98999786376953,70.1500015258789,764100,2022,11,23,3,19319
68.80999755859375,70.11000061035156,69.80000305175781,69.77999877929688,199800,2022,11,25,5,19321
67.95999908447266,69.56999969482422,69.19000244140625,68.06999969482422,358100,2022,11,28,1,19324
67.83999633789062,68.56999969482422,67.94999694824219,68.37999725341797,223000,2022,11,29,2,19325
67.7300033569336,70.33999633789062,68.0999984741211,70.30000305175781,381500,2022,11,30,3,19326
70.37000274658203,72.94999694824219,70.80999755859375,72.7300033569336,330300,2022,12,1,4,19327
71.79000091552734,73.30000305175781,71.79000091552734,73.13999938964844,314800,2022,12,2,5,19328
71.52999877929688,72.81999969482422,72.54000091552734,72.72000122070312,326900,2022,12,5,1,19331
70.76000213623047,72.66000366210938,72.4800033569336,71.5199966430664,401700,2022,12,6,2,19332
69.0999984741211,71.91999816894531,71.44000244140625,69.61000061035156,292900,2022,12,7,3,19333
70.22000122070312,71.86000061035156,70.94999694824219,71.22000122070312,327700,2022,12,8,4,19334
70.73999786376953,71.87999725341797,70.9800033569336,71.30999755859375,268300,2022,12,9,5,19335
70.79000091552734,71.54000091552734,71.33999633789062,71.37000274658203,66576,2022,12,12,1,19338
