low,high,open,close,volume,year,month,day,weekday,days
4.375,4.625,4.375,4.625,108400,1992,6,16,2,8202
4.6875,5.0,4.75,4.875,171200,1992,6,17,3,8203
4.65625,4.8125,4.8125,4.75,135200,1992,6,18,4,8204
4.6875,4.8125,4.71875,4.8125,135600,1992,6,19,5,8205
4.65625,4.8125,4.8125,4.71875,163600,1992,6,22,1,8208
4.6875,4.8125,4.6875,4.8125,714800,1992,6,23,2,8209
4.625,4.8125,4.625,4.8125,2800,1992,6,24,3,8210
4.71875,4.8125,4.8125,4.78125,14800,1992,6,25,4,8211
4.6875,4.8125,4.8125,4.78125,82400,1992,6,26,5,8212
4.75,4.8125,4.8125,4.8125,87600,1992,6,29,1,8215
4.75,4.875,4.8125,4.875,228000,1992,6,30,2,8216
4.875,4.875,4.875,4.875,8400,1992,7,1,3,8217
4.8125,5.0,4.9375,4.8125,187600,1992,7,2,4,8218
4.875,5.125,4.9375,5.125,72400,1992,7,6,1,8222
5.0,5.3125,5.125,5.1875,150000,1992,7,7,2,8223
5.0625,5.1875,5.1875,5.125,210000,1992,7,8,3,8224
5.125,5.1875,5.1875,5.1875,106800,1992,7,9,4,8225
5.125,5.3125,5.125,5.3125,130000,1992,7,10,5,8226
5.1875,5.3125,5.3125,5.21875,37600,1992,7,13,1,8229
5.25,5.6875,5.3125,5.5625,309200,1992,7,14,2,8230
5.375,5.625,5.625,5.4375,530400,1992,7,15,3,8231
5.375,5.5,5.5,5.4375,452800,1992,7,16,4,8232
5.375,5.5,5.5,5.40625,303200,1992,7,17,5,8233
5.28125,5.46875,5.46875,5.4375,44000,1992,7,20,1,8236
5.375,5.4375,5.4375,5.4375,109200,1992,7,21,2,8237
5.3125,5.4375,5.4375,5.375,46000,1992,7,22,3,8238
5.25,5.75,5.5,5.5,347400,1992,7,23,4,8239
5.25,5.5,5.5,5.4375,185800,1992,7,24,5,8240
5.375,5.625,5.4375,5.625,92200,1992,7,27,1,8243
5.5,6.125,5.625,5.875,690400,1992,7,28,2,8244
5.875,6.125,6.125,6.0625,187200,1992,7,29,3,8245
5.9375,6.125,6.0,6.125,209800,1992,7,30,4,8246
6.0,6.25,6.125,6.1875,158200,1992,7,31,5,8247
5.9375,6.1875,6.1875,6.0625,227000,1992,8,3,1,8250
6.0,6.1875,6.1875,6.0625,226200,1992,8,4,2,8251
5.75,6.0625,6.0625,5.875,157200,1992,8,5,3,8252
5.125,5.875,5.875,5.375,292000,1992,8,6,4,8253
5.3125,5.4375,5.4375,5.3125,137800,1992,8,7,5,8254
5.125,5.4375,5.4375,5.3125,100000,1992,8,10,1,8257
5.125,5.3125,5.3125,5.25,98800,1992,8,11,2,8258
5.125,5.4375,5.25,5.375,183800,1992,8,12,3,8259
5.25,5.875,5.375,5.8125,466600,1992,8,13,4,8260
5.75,6.375,5.875,6.375,713400,1992,8,14,5,8261
6.25,6.75,6.375,6.75,414400,1992,8,17,1,8264
6.5,6.75,6.75,6.625,1663400,1992,8,18,2,8265
6.3125,6.75,6.75,6.3125,748600,1992,8,19,3,8266
6.25,6.5,6.5,6.3125,128000,1992,8,20,4,8267
6.125,6.5,6.375,6.3125,263000,1992,8,21,5,8268
6.0,6.3125,6.1875,6.0,97800,1992,8,24,1,8271
6.0,6.1875,6.1875,6.125,214400,1992,8,25,2,8272
6.125,6.6875,6.1875,6.6875,164800,1992,8,26,3,8273
6.5625,6.75,6.6875,6.625,99200,1992,8,27,4,8274
6.4375,6.6875,6.6875,6.5625,111800,1992,8,28,5,8275
6.5,6.75,6.625,6.75,147600,1992,8,31,1,8278
6.5,6.9375,6.6875,6.9375,298800,1992,9,1,2,8279
6.8125,7.1875,6.9375,6.9375,441000,1992,9,2,3,8280
6.75,7.0,6.9375,6.9375,474200,1992,9,3,4,8281
6.6875,6.875,6.875,6.875,276400,1992,9,4,5,8282
6.5,6.875,6.875,6.5,300800,1992,9,8,2,8286
6.25,6.6875,6.5,6.4375,223200,1992,9,9,3,8287
6.25,6.375,6.375,6.375,159400,1992,9,10,4,8288
6.3125,6.625,6.375,6.625,644200,1992,9,11,5,8289
6.5625,6.75,6.625,6.6875,373000,1992,9,14,1,8292
6.3125,6.6875,6.6875,6.625,334000,1992,9,15,2,8293
6.375,6.875,6.625,6.8125,1304000,1992,9,16,3,8294
6.8125,7.25,6.8125,7.25,933800,1992,9,17,4,8295
7.125,7.625,7.125,7.5,1295400,1992,9,18,5,8296
7.3125,7.75,7.3125,7.75,504400,1992,9,21,1,8299
7.375,7.9375,7.9375,7.4375,583800,1992,9,22,2,8300
7.25,7.5,7.5,7.4375,258600,1992,9,23,3,8301
7.125,7.5,7.4375,7.25,328200,1992,9,24,4,8302
7.125,7.25,7.25,7.25,240800,1992,9,25,5,8303
7.1875,7.625,7.25,7.625,245000,1992,9,28,1,8306
7.5,7.9375,7.625,7.8125,401200,1992,9,29,2,8307
7.8125,8.5625,7.8125,8.1875,862600,1992,9,30,3,8308
7.75,8.1875,8.1875,8.0,188000,1992,10,1,4,8309
7.75,8.0,7.875,8.0,726200,1992,10,2,5,8310
7.25,8.0,8.0,7.875,453800,1992,10,5,1,8313
7.75,8.0,7.875,7.875,233000,1992,10,6,2,8314
7.875,8.125,7.875,8.0625,398400,1992,10,7,3,8315
7.8125,8.0625,8.0625,7.9375,334400,1992,10,8,4,8316
7.8125,8.0,8.0,8.0,61000,1992,10,9,5,8317
7.875,8.125,8.0625,8.125,60000,1992,10,12,1,8320
7.875,8.1875,8.125,8.0625,121400,1992,10,13,2,8321
7.875,8.0625,8.0625,7.875,60200,1992,10,14,3,8322
7.625,8.0,8.0,7.8125,243000,1992,10,15,4,8323
7.75,8.0,7.9375,8.0,113200,1992,10,16,5,8324
7.9375,8.0625,8.0,8.0625,222400,1992,10,19,1,8327
7.9375,8.625,8.0625,8.625,973000,1992,10,20,2,8328
8.625,9.0,8.8125,8.875,590800,1992,10,21,3,8329
8.625,8.9375,8.875,8.8125,234400,1992,10,22,4,8330
8.6875,9.0,8.9375,8.75,241200,1992,10,23,5,8331
8.6875,8.875,8.8125,8.875,143800,1992,10,26,1,8334
8.8125,9.3125,8.9375,9.3125,954600,1992,10,27,2,8335
9.0,9.3125,9.3125,9.125,81200,1992,10,28,3,8336
9.0,9.1875,9.0,9.1875,84400,1992,10,29,4,8337
8.8125,9.25,9.1875,9.0,337600,1992,10,30,5,8338
8.75,9.0,8.9375,9.0,599800,1992,11,2,1,8341
8.4375,9.0625,9.0,8.625,1100800,1992,11,3,2,8342
7.75,8.625,8.625,8.25,725400,1992,11,4,3,8343
7.75,8.5625,8.125,8.5625,609200,1992,11,5,4,8344
8.4375,8.9375,8.5625,8.8125,1340400,1992,11,6,5,8345
8.8125,9.5625,8.9375,9.5,458800,1992,11,9,1,8348
9.5,9.9375,9.5625,9.9375,1076400,1992,11,10,2,8349
9.875,10.5,9.9375,10.1875,986200,1992,11,11,3,8350
9.6875,10.1875,10.1875,10.0,572600,1992,11,12,4,8351
9.8125,10.0625,9.875,9.8125,268200,1992,11,13,5,8352
9.6875,9.9375,9.9375,9.6875,162000,1992,11,16,1,8355
9.375,9.8125,9.8125,9.4375,319000,1992,11,17,2,8356
9.25,10.875,9.5625,10.3125,772200,1992,11,18,3,8357
10.25,11.3125,10.25,11.125,675200,1992,11,19,4,8358
10.5625,11.25,11.125,10.875,880800,1992,11,20,5,8359
10.4375,10.9375,10.875,10.4375,497600,1992,11,23,1,8362
10.1875,10.6875,10.5625,10.5625,786400,1992,11,24,2,8363
10.1875,10.6875,10.6875,10.25,200000,1992,11,25,3,8364
10.0,10.4375,10.25,10.25,115800,1992,11,27,5,8366
10.1875,10.625,10.4375,10.625,216400,1992,11,30,1,8369
10.6875,11.375,10.6875,11.125,459000,1992,12,1,2,8370
10.75,11.1875,11.1875,10.875,226000,1992,12,2,3,8371
10.6875,10.875,10.75,10.875,275400,1992,12,3,4,8372
10.5625,10.875,10.875,10.75,406200,1992,12,4,5,8373
10.625,11.1875,10.75,11.125,306800,1992,12,7,1,8376
10.75,11.5,11.25,11.125,620800,1992,12,8,2,8377
10.3125,11.125,11.125,10.625,2740800,1992,12,9,3,8378
10.5,10.6875,10.625,10.6875,869200,1992,12,10,4,8379
10.5,10.75,10.6875,10.6875,244000,1992,12,11,5,8380
10.5625,10.75,10.5625,10.75,232400,1992,12,14,1,8383
10.625,11.0625,10.75,10.9375,445800,1992,12,15,2,8384
10.9375,11.125,10.9375,11.125,268000,1992,12,16,3,8385
11.0,11.75,11.125,11.75,546400,1992,12,17,4,8386
11.875,12.625,11.9375,12.5,1251400,1992,12,18,5,8387
12.3125,13.25,12.4375,13.0625,717000,1992,12,21,1,8390
13.0625,14.0,13.0625,13.6875,914400,1992,12,22,2,8391
13.375,13.875,13.875,13.4375,397800,1992,12,23,3,8392
13.25,13.5625,13.4375,13.4375,76800,1992,12,24,4,8393
13.25,13.4375,13.25,13.25,250800,1992,12,28,1,8397
12.9375,13.4375,13.4375,12.9375,465400,1992,12,29,2,8398
12.25,13.0625,12.8125,12.4375,458200,1992,12,30,3,8399
12.25,12.625,12.5,12.625,211600,1992,12,31,4,8400
12.5625,13.125,12.6875,12.75,301200,1993,1,4,1,8404
12.6875,12.875,12.875,12.875,109400,1993,1,5,2,8405
12.8125,13.25,13.0,13.0,165000,1993,1,6,3,8406
12.0625,13.125,13.125,12.5625,924400,1993,1,7,4,8407
11.875,12.625,12.25,12.5,616600,1993,1,8,5,8408
12.4375,12.8125,12.5,12.6875,206800,1993,1,11,1,8411
12.6875,13.125,12.8125,12.875,601400,1993,1,12,2,8412
12.9375,13.25,13.0,13.0625,221800,1993,1,13,3,8413
13.1875,13.625,13.25,13.4375,483600,1993,1,14,4,8414
13.5,13.75,13.5625,13.5625,594000,1993,1,15,5,8415
13.6875,14.0,13.875,14.0,449200,1993,1,18,1,8418
13.5,14.0,14.0,13.5,336800,1993,1,19,2,8419
13.25,13.625,13.625,13.5625,153200,1993,1,20,3,8420
13.125,13.625,13.4375,13.1875,274600,1993,1,21,4,8421
13.1875,14.125,13.375,14.125,478600,1993,1,22,5,8422
14.25,16.0,14.3125,15.75,575400,1993,1,25,1,8425
15.75,16.125,16.0,15.875,246200,1993,1,26,2,8426
15.0,16.125,15.875,15.3125,342200,1993,1,27,3,8427
14.6875,15.375,15.25,15.25,439600,1993,1,28,4,8428
14.875,16.0,15.25,15.9375,221200,1993,1,29,5,8429
15.125,15.875,15.875,15.3125,742600,1993,2,1,1,8432
14.1875,15.4375,15.4375,14.375,825200,1993,2,2,2,8433
12.8125,14.625,14.5,13.75,1622800,1993,2,3,3,8434
13.75,14.5,13.75,14.0625,1186400,1993,2,4,4,8435
14.0,14.3125,14.1875,14.1875,281000,1993,2,5,5,8436
14.0625,14.3125,14.25,14.25,218400,1993,2,8,1,8439
13.8125,14.25,14.0625,13.875,377000,1993,2,9,2,8440
13.625,13.8125,13.8125,13.6875,355000,1993,2,10,3,8441
13.625,13.75,13.625,13.625,641600,1993,2,11,4,8442
13.625,13.8125,13.625,13.8125,71800,1993,2,12,5,8443
12.75,13.875,13.6875,12.8125,504200,1993,2,16,2,8447
11.3125,13.0625,13.0625,12.4375,1390200,1993,2,17,3,8448
12.3125,12.8125,12.75,12.5625,983800,1993,2,18,4,8449
12.375,12.875,12.5625,12.875,283200,1993,2,19,5,8450
12.6875,13.75,12.875,13.5625,288400,1993,2,22,1,8453
13.0,13.9375,13.6875,13.1875,735000,1993,2,23,2,8454
13.0,13.6875,13.0,13.5625,144800,1993,2,24,3,8455
13.6875,15.375,13.75,14.8125,621400,1993,2,25,4,8456
14.75,15.8125,14.9375,15.4375,1129200,1993,2,26,5,8457
14.5,15.5,15.375,14.8125,238200,1993,3,1,1,8460
14.6875,15.5,14.75,15.25,589400,1993,3,2,2,8461
15.4375,16.1875,15.5,16.1875,725400,1993,3,3,3,8462
15.5,16.1875,15.9375,15.625,377200,1993,3,4,4,8463
15.0625,15.75,15.75,15.375,309000,1993,3,5,5,8464
15.25,15.875,15.4375,15.625,209400,1993,3,8,1,8467
15.625,16.5,15.875,16.3125,668600,1993,3,9,2,8468
16.4375,17.0625,16.625,16.875,418400,1993,3,10,3,8469
16.75,18.0,16.75,17.625,829200,1993,3,11,4,8470
17.0625,17.75,17.5625,17.3125,542600,1993,3,12,5,8471
17.3125,18.25,17.5,18.25,385600,1993,3,15,1,8474
17.8125,18.25,18.25,18.0,396400,1993,3,16,2,8475
17.6875,17.9375,17.9375,17.75,630400,1993,3,17,3,8476
17.6875,18.3125,17.9375,17.8125,220400,1993,3,18,4,8477
17.5625,17.9375,17.9375,17.875,237800,1993,3,19,5,8478
16.25,17.5625,17.4375,16.875,853600,1993,3,22,1,8481
16.625,17.75,16.625,17.3125,722600,1993,3,23,2,8482
17.125,17.5,17.375,17.4375,539800,1993,3,24,3,8483
17.25,17.75,17.25,17.5625,248400,1993,3,25,4,8484
17.4375,17.6875,17.4375,17.4375,71800,1993,3,26,5,8485
17.4375,18.0,17.4375,17.9375,289600,1993,3,29,1,8488
17.3125,18.0625,17.9375,17.5625,308800,1993,3,30,2,8489
16.9375,17.5625,17.5625,17.1875,234600,1993,3,31,3,8490
16.75,17.1875,17.1875,17.0625,163800,1993,4,1,4,8491
16.375,17.0625,17.0625,16.625,625800,1993,4,2,5,8492
16.125,16.75,16.5,16.5,623200,1993,4,5,1,8495
16.1875,16.5,16.3125,16.1875,1069400,1993,4,6,2,8496
16.0625,16.6875,16.1875,16.3125,605200,1993,4,7,3,8497
16.375,17.75,16.375,17.5,465800,1993,4,8,4,8498
17.875,19.125,17.875,18.75,1006000,1993,4,12,1,8502
18.8125,19.4375,18.9375,18.9375,501800,1993,4,13,2,8503
18.125,19.0,19.0,18.375,522800,1993,4,14,3,8504
17.5,18.375,18.375,17.75,453600,1993,4,15,4,8505
16.625,17.8125,17.5,16.8125,1161800,1993,4,16,5,8506
14.625,16.4375,15.0,16.3125,1659200,1993,4,19,1,8509
15.625,16.6875,16.125,16.0,975600,1993,4,20,2,8510
13.6875,15.375,15.125,14.8125,3883800,1993,4,21,3,8511
13.6875,15.0,14.125,14.625,1381800,1993,4,22,4,8512
14.375,14.8125,14.375,14.75,316600,1993,4,23,5,8513
14.625,14.875,14.6875,14.6875,154800,1993,4,26,1,8516
14.5,14.8125,14.6875,14.6875,384800,1993,4,27,2,8517
14.1875,14.6875,14.4375,14.6875,194200,1993,4,28,3,8518
14.5,15.4375,14.5,15.4375,473600,1993,4,29,4,8519
15.1875,15.625,15.4375,15.5,383000,1993,4,30,5,8520
15.25,15.75,15.375,15.75,683600,1993,5,3,1,8523
15.5625,16.875,15.5625,16.75,374200,1993,5,4,2,8524
16.5,17.5,16.75,17.25,435000,1993,5,5,3,8525
16.875,17.5,17.1875,17.1875,548400,1993,5,6,4,8526
17.75,18.75,17.75,18.625,1783200,1993,5,7,5,8527
18.0,18.75,18.5625,18.25,439600,1993,5,10,1,8530
18.25,18.5625,18.25,18.25,287800,1993,5,11,2,8531
17.375,18.4375,18.25,17.5,443600,1993,5,12,3,8532
17.0,17.625,17.4375,17.1875,642200,1993,5,13,4,8533
16.875,17.25,17.25,17.0,822400,1993,5,14,5,8534
16.9375,17.25,17.0,17.0,352800,1993,5,17,1,8537
17.0,17.75,17.0,17.75,622800,1993,5,18,2,8538
17.625,18.375,17.625,18.125,707600,1993,5,19,3,8539
18.125,19.625,18.375,18.75,1714000,1993,5,20,4,8540
18.75,19.625,18.9375,19.5,1611400,1993,5,21,5,8541
19.25,19.75,19.5,19.375,621200,1993,5,24,1,8544
18.625,19.375,19.25,18.625,488200,1993,5,25,2,8545
17.5,18.875,18.875,18.25,840000,1993,5,26,3,8546
18.375,19.25,18.5,19.0,1102200,1993,5,27,4,8547
18.625,19.25,19.0625,18.875,269200,1993,5,28,5,8548
19.0,19.5,19.125,19.5,415200,1993,6,1,2,8552
19.25,19.5625,19.5,19.5625,344000,1993,6,2,3,8553
19.375,19.6875,19.625,19.625,302000,1993,6,3,4,8554
19.25,19.625,19.625,19.3125,144200,1993,6,4,5,8555
19.125,19.5625,19.5625,19.375,566200,1993,6,7,1,8558
18.6875,19.625,19.375,18.9375,549600,1993,6,8,2,8559
19.125,20.125,19.25,20.0625,1152400,1993,6,9,3,8560
20.3125,21.25,20.3125,20.6875,944600,1993,6,10,4,8561
20.625,20.875,20.875,20.875,205400,1993,6,11,5,8562
20.5625,21.0,21.0,20.875,370800,1993,6,14,1,8565
20.8125,21.25,20.8125,21.0,417800,1993,6,15,2,8566
20.5,21.3125,21.0,21.0,423600,1993,6,16,3,8567
20.875,21.1875,21.0,21.125,89000,1993,6,17,4,8568
20.9375,21.875,21.125,21.6875,346800,1993,6,18,5,8569
21.375,22.5,21.375,22.25,409800,1993,6,21,1,8572
21.4375,22.25,22.25,21.625,520200,1993,6,22,2,8573
21.375,21.875,21.75,21.5,508800,1993,6,23,3,8574
21.625,22.5,21.875,22.3125,213400,1993,6,24,4,8575
22.0,22.625,22.5,22.625,210800,1993,6,25,5,8576
22.4375,23.5625,22.4375,23.5625,529600,1993,6,28,1,8579
23.0,23.5625,23.375,23.25,314200,1993,6,29,2,8580
22.4375,23.3125,23.125,22.8125,498400,1993,6,30,3,8581
22.75,23.25,22.75,23.0,111400,1993,7,1,4,8582
22.75,23.0,23.0,23.0,166400,1993,7,2,5,8583
22.125,22.75,22.25,22.5625,343800,1993,7,6,2,8587
22.3125,22.625,22.625,22.4375,217400,1993,7,7,3,8588
22.3125,22.625,22.3125,22.3125,230200,1993,7,8,4,8589
22.375,22.8125,22.375,22.75,140800,1993,7,9,5,8590
22.375,22.75,22.75,22.625,1062800,1993,7,12,1,8593
22.5625,23.125,22.75,23.0625,573600,1993,7,13,2,8594
23.0625,24.125,23.0625,23.9375,593600,1993,7,14,3,8595
23.75,24.5,23.9375,24.5,408400,1993,7,15,4,8596
24.375,25.375,24.5625,24.875,892000,1993,7,16,5,8597
23.5625,24.875,24.875,23.75,1069600,1993,7,19,1,8600
23.3125,24.1875,24.0,23.625,623400,1993,7,20,2,8601
23.3125,24.125,23.3125,24.0,1364800,1993,7,21,3,8602
23.75,24.125,24.125,24.0625,510200,1993,7,22,4,8603
23.875,24.875,24.125,24.875,311400,1993,7,23,5,8604
24.75,25.75,24.75,25.375,408200,1993,7,26,1,8607
25.375,27.5,25.75,26.25,905400,1993,7,27,2,8608
26.5,27.625,26.875,27.125,383300,1993,7,28,3,8609
26.75,29.0,27.25,28.625,448300,1993,7,29,4,8610
27.25,28.75,28.75,27.625,582100,1993,7,30,5,8611
25.5,27.5,27.25,27.5,697400,1993,8,2,1,8614
27.25,28.5,27.625,28.375,348900,1993,8,3,2,8615
28.25,29.125,28.5,28.875,255300,1993,8,4,3,8616
28.875,29.375,29.125,29.375,377800,1993,8,5,4,8617
29.5,31.125,29.875,30.875,366700,1993,8,6,5,8618
30.875,33.625,31.5,32.5,722700,1993,8,9,1,8621
30.25,31.5,31.125,31.125,2539400,1993,8,10,2,8622
29.25,31.375,31.125,30.0,935700,1993,8,11,3,8623
29.75,30.125,29.875,30.0,392400,1993,8,12,4,8624
29.25,30.125,30.125,29.375,209500,1993,8,13,5,8625
29.125,29.625,29.375,29.625,383100,1993,8,16,1,8628
29.75,30.5,30.0,30.25,397800,1993,8,17,2,8629
29.875,30.5,30.25,29.875,411900,1993,8,18,3,8630
29.625,30.5,30.375,30.0,200100,1993,8,19,4,8631
28.25,30.0,30.0,28.625,312600,1993,8,20,5,8632
28.375,28.875,28.5,28.375,233400,1993,8,23,1,8635
27.25,28.5,28.375,27.875,772300,1993,8,24,2,8636
27.5,29.25,27.875,29.0,604100,1993,8,25,3,8637
29.0,30.0,29.25,29.75,373000,1993,8,26,4,8638
29.125,29.875,29.875,29.375,361600,1993,8,27,5,8639
28.5,29.5,29.25,28.875,227400,1993,8,30,1,8642
28.625,29.125,28.875,28.875,216700,1993,8,31,2,8643
28.25,29.0,29.0,28.5,142900,1993,9,1,3,8644
28.125,28.5,28.5,28.5,200300,1993,9,2,4,8645
28.25,28.5,28.5,28.25,102200,1993,9,3,5,8646
26.375,28.5,28.5,26.75,339200,1993,9,7,2,8650
24.75,26.625,26.5,26.5,752700,1993,9,8,3,8651
26.875,28.25,26.875,28.0,734300,1993,9,9,4,8652
27.75,28.5,28.25,28.125,740200,1993,9,10,5,8653
27.875,28.375,28.125,28.25,118300,1993,9,13,1,8656
26.125,28.25,28.25,27.25,433900,1993,9,14,2,8657
27.125,30.25,28.125,30.125,1231600,1993,9,15,3,8658
30.5,31.75,30.5,31.0,921800,1993,9,16,4,8659
30.25,31.125,31.125,30.75,508400,1993,9,17,5,8660
31.25,32.375,31.25,31.625,443000,1993,9,20,1,8663
30.0,32.625,31.75,30.875,634400,1993,9,21,2,8664
31.0,32.75,31.0,32.625,725000,1993,9,22,3,8665
32.0,33.625,32.5,33.375,531800,1993,9,23,4,8666
33.625,35.75,33.75,35.5,712500,1993,9,24,5,8667
33.625,35.75,35.375,34.625,749600,1993,9,27,1,8670
34.75,35.75,34.75,35.375,578000,1993,9,28,2,8671
34.625,36.375,35.875,35.375,522300,1993,9,29,3,8672
34.0,35.125,35.125,34.625,212500,1993,9,30,4,8673
34.0,36.5,34.375,36.0,450600,1993,10,1,5,8674
34.875,35.75,35.5,35.125,244800,1993,10,4,1,8677
34.25,35.875,35.75,34.625,184000,1993,10,5,2,8678
34.125,34.75,34.75,34.5,173200,1993,10,6,3,8679
33.25,34.0,33.875,33.625,565600,1993,10,7,4,8680
33.625,35.0,33.75,34.0,686100,1993,10,8,5,8681
33.875,34.75,34.125,34.75,101000,1993,10,11,1,8684
33.75,34.625,34.625,34.375,200200,1993,10,12,2,8685
35.125,36.25,35.25,35.625,580100,1993,10,13,3,8686
35.75,36.25,36.0,36.25,333100,1993,10,14,4,8687
36.25,37.25,36.5,37.25,373300,1993,10,15,5,8688
36.375,37.25,37.125,37.125,290600,1993,10,18,1,8691
34.875,37.0,37.0,35.25,314700,1993,10,19,2,8692
35.0,36.875,35.0,36.625,304500,1993,10,20,3,8693
36.0,36.75,36.75,36.0,223700,1993,10,21,4,8694
35.0,36.375,36.125,35.0,335100,1993,10,22,5,8695
33.625,35.125,35.0,34.125,359800,1993,10,25,1,8698
33.625,35.0,34.125,34.375,404400,1993,10,26,2,8699
34.125,35.25,34.25,35.125,169600,1993,10,27,3,8700
35.0,36.375,35.25,35.625,246400,1993,10,28,4,8701
35.625,36.25,35.75,35.625,123200,1993,10,29,5,8702
35.125,37.0,35.75,36.875,487800,1993,11,1,1,8705
36.375,37.75,37.125,37.125,305600,1993,11,2,2,8706
34.875,37.125,37.125,34.875,296100,1993,11,3,3,8707
31.875,35.0,34.625,32.375,975000,1993,11,4,4,8708
30.125,33.0,31.625,31.75,1342800,1993,11,5,5,8709
31.75,33.375,31.875,33.0,1304800,1993,11,8,1,8712
33.0,35.75,33.125,35.375,573200,1993,11,9,2,8713
35.0,36.375,35.5,35.5,306800,1993,11,10,3,8714
35.25,36.25,35.625,35.625,472500,1993,11,11,4,8715
35.625,36.375,35.625,36.125,202700,1993,11,12,5,8716
35.25,36.375,36.125,35.5,735900,1993,11,15,1,8719
33.625,35.5,35.5,33.75,729100,1993,11,16,2,8720
31.25,33.375,33.375,32.75,1706600,1993,11,17,3,8721
32.125,34.125,32.5,32.5,781600,1993,11,18,4,8722
29.75,32.5,32.25,29.875,957400,1993,11,19,5,8723
26.0,29.375,29.25,28.25,3036700,1993,11,22,1,8726
26.5,29.625,28.75,27.875,1521000,1993,11,23,2,8727
28.0,29.75,28.125,29.25,1117300,1993,11,24,3,8728
29.5,30.5,30.0,30.0,323200,1993,11,26,5,8730
30.125,30.875,30.125,30.875,959700,1993,11,29,1,8733
29.0,31.125,30.875,29.125,1297900,1993,11,30,2,8734
26.375,29.0,29.0,27.25,4598700,1993,12,1,3,8735
25.25,26.75,26.625,26.125,2017700,1993,12,2,4,8736
26.0,27.125,26.0,26.25,1286400,1993,12,3,5,8737
25.375,26.5,25.625,26.125,912900,1993,12,6,1,8740
24.625,26.875,26.625,24.75,1889200,1993,12,7,2,8741
24.125,28.25,24.625,28.0,2807100,1993,12,8,3,8742
27.125,29.25,28.625,28.75,2077700,1993,12,9,4,8743
26.125,30.75,30.375,26.375,3673100,1993,12,10,5,8744
25.625,27.625,26.5,27.5,867100,1993,12,13,1,8747
27.75,28.5,27.875,28.0,1088500,1993,12,14,2,8748
26.75,28.0,27.75,27.0,970100,1993,12,15,3,8749
26.875,27.5,26.875,27.125,482200,1993,12,16,4,8750
27.125,27.375,27.125,27.25,789500,1993,12,17,5,8751
27.0,27.375,27.25,27.125,669200,1993,12,20,1,8754
27.125,28.125,27.125,27.75,516200,1993,12,21,2,8755
27.375,28.0,27.5,27.75,450600,1993,12,22,3,8756
27.25,28.125,27.75,27.25,289700,1993,12,23,4,8757
27.125,27.75,27.25,27.75,218300,1993,12,27,1,8761
26.125,27.875,27.875,26.25,351600,1993,12,28,2,8762
24.25,26.5,26.375,25.375,2260800,1993,12,29,3,8763
24.25,25.875,25.75,24.875,1111200,1993,12,30,4,8764
24.375,25.25,24.625,24.375,950400,1993,12,31,5,8765
22.25,24.625,24.375,22.875,1868900,1994,1,3,1,8768
22.875,24.625,23.125,24.625,1644200,1994,1,4,2,8769
24.75,27.625,24.875,26.625,1678700,1994,1,5,3,8770
25.0,27.25,26.625,25.0,1477200,1994,1,6,4,8771
25.0,25.625,25.0,25.125,716500,1994,1,7,5,8772
24.0,25.25,25.25,24.0,997100,1994,1,10,1,8775
23.375,24.375,23.875,23.875,1000300,1994,1,11,2,8776
23.75,25.625,23.875,24.5,876100,1994,1,12,3,8777
25.25,26.5,25.375,25.5,1010700,1994,1,13,4,8778
25.125,26.25,25.375,25.875,852000,1994,1,14,5,8779
25.625,27.25,25.75,27.0,702000,1994,1,17,1,8782
23.625,26.0,25.5,24.875,5702000,1994,1,18,2,8783
23.5,24.75,24.5,23.75,1279300,1994,1,19,3,8784
22.75,24.25,23.75,22.875,1040400,1994,1,20,4,8785
21.5,23.875,22.75,23.5,3160400,1994,1,21,5,8786
23.375,24.625,23.625,24.125,1574700,1994,1,24,1,8789
25.25,26.25,25.875,25.75,1941300,1994,1,25,2,8790
25.75,26.75,25.875,26.75,1251500,1994,1,26,3,8791
25.375,27.125,26.75,25.875,877900,1994,1,27,4,8792
25.25,26.5,26.125,25.375,416100,1994,1,28,5,8793
25.25,27.0,25.625,27.0,867100,1994,1,31,1,8796
27.0,28.0,27.125,27.875,1526000,1994,2,1,2,8797
27.625,29.5,27.875,28.875,1731500,1994,2,2,3,8798
28.375,29.25,29.25,29.0,762000,1994,2,3,4,8799
26.375,28.75,28.625,26.5,1124100,1994,2,4,5,8800
25.875,29.0,25.875,28.75,1130000,1994,2,7,1,8803
27.625,29.0,28.625,28.375,1017500,1994,2,8,2,8804
27.75,29.75,28.0,29.375,1487900,1994,2,9,3,8805
29.125,30.625,29.5,29.625,1854400,1994,2,10,4,8806
28.875,29.75,29.625,29.625,511500,1994,2,11,5,8807
29.5,30.875,29.625,30.875,1134600,1994,2,14,1,8810
30.25,31.125,30.75,31.125,778800,1994,2,15,2,8811
29.875,31.375,30.875,30.0,989900,1994,2,16,3,8812
28.25,30.375,30.0,29.375,1269600,1994,2,17,4,8813
28.375,30.0,29.375,28.625,945000,1994,2,18,5,8814
28.125,30.0,28.75,29.625,607200,1994,2,22,2,8818
27.875,30.0,29.75,28.625,833500,1994,2,23,3,8819
26.5,28.375,27.875,27.375,1604800,1994,2,24,4,8820
26.5,27.375,27.375,27.25,798900,1994,2,25,5,8821
27.0,28.25,27.25,28.125,433800,1994,2,28,1,8824
27.125,28.125,28.125,27.375,658500,1994,3,1,2,8825
26.25,27.625,26.875,27.375,628300,1994,3,2,3,8826
27.0,27.875,27.375,27.75,248300,1994,3,3,4,8827
27.5,28.75,27.75,28.75,374700,1994,3,4,5,8828
28.75,29.75,28.875,29.375,341900,1994,3,7,1,8831
28.75,29.75,29.625,28.75,430400,1994,3,8,2,8832
28.5,29.0,29.0,28.5,287100,1994,3,9,3,8833
27.625,28.875,28.875,27.75,344500,1994,3,10,4,8834
27.5,28.25,27.75,28.25,276500,1994,3,11,5,8835
27.875,29.0,28.75,27.875,246800,1994,3,14,1,8838
26.375,28.0,27.75,26.75,945000,1994,3,15,2,8839
25.625,27.25,26.75,26.75,992400,1994,3,16,3,8840
25.0,26.75,26.75,25.75,1766100,1994,3,17,4,8841
25.0,26.5,25.25,26.0,795900,1994,3,18,5,8842
25.25,26.125,25.75,25.375,588100,1994,3,21,1,8845
24.875,25.625,25.25,25.25,400500,1994,3,22,2,8846
24.875,25.5,25.25,25.25,281500,1994,3,23,3,8847
24.625,26.125,25.375,25.875,818300,1994,3,24,4,8848
25.5,26.75,25.875,26.25,350800,1994,3,25,5,8849
25.25,26.375,26.125,25.75,552900,1994,3,28,1,8852
24.5,26.25,26.0,24.5,638700,1994,3,29,2,8853
23.625,24.625,24.625,24.0,1436700,1994,3,30,3,8854
23.0,25.0,24.0,25.0,1268500,1994,3,31,4,8855
23.25,24.875,23.5,24.375,848800,1994,4,4,1,8859
24.75,25.5,24.875,25.375,430700,1994,4,5,2,8860
24.46875,25.5,25.5,24.625,461100,1994,4,6,3,8861
24.625,25.875,25.875,25.5,547200,1994,4,7,4,8862
23.25,25.5,25.125,25.25,2883400,1994,4,8,5,8863
24.25,25.25,25.25,24.5,674600,1994,4,11,1,8866
23.625,24.5,24.25,23.875,469900,1994,4,12,2,8867
22.75,24.125,24.125,23.4375,702700,1994,4,13,3,8868
22.875,24.0,23.125,23.75,977000,1994,4,14,4,8869
23.625,24.5,23.75,24.0625,276500,1994,4,15,5,8870
23.0625,24.375,24.125,23.5,255200,1994,4,18,1,8873
22.125,23.5,23.5,23.125,623800,1994,4,19,2,8874
22.125,23.375,23.25,22.5,388100,1994,4,20,3,8875
22.0,23.0,22.625,22.5,674500,1994,4,21,4,8876
22.625,23.25,22.75,23.0,315100,1994,4,22,5,8877
23.0,23.625,23.25,23.5,324800,1994,4,25,1,8880
22.375,23.625,23.5,22.375,826500,1994,4,26,2,8881
20.75,22.125,22.0,21.5625,1268000,1994,4,28,4,8883
21.25,21.875,21.5,21.375,549100,1994,4,29,5,8884
19.375,21.75,21.75,19.375,1797200,1994,5,2,1,8887
18.125,19.625,19.125,19.625,3795900,1994,5,3,2,8888
19.734375,20.375,20.0,20.25,1341100,1994,5,4,3,8889
19.375,20.25,20.25,19.5,1359500,1994,5,5,4,8890
18.625,19.375,19.375,19.0,579500,1994,5,6,5,8891
17.875,18.75,18.5,17.875,890800,1994,5,9,1,8894
17.0,18.375,18.375,17.1875,2057100,1994,5,10,2,8895
16.25,17.375,17.125,16.625,2505900,1994,5,11,3,8896
16.625,17.375,16.75,17.125,1043300,1994,5,12,4,8897
16.875,17.5,17.375,17.25,516700,1994,5,13,5,8898
15.875,17.3125,17.25,16.5,903500,1994,5,16,1,8901
16.25,17.125,16.625,16.5,906200,1994,5,17,2,8902
16.25,16.75,16.75,16.75,679100,1994,5,18,3,8903
16.75,18.25,16.75,17.625,821500,1994,5,19,4,8904
17.5,18.75,17.75,18.5,605900,1994,5,20,5,8905
18.25,19.25,18.75,19.0,333400,1994,5,23,1,8908
19.0,19.625,19.125,19.25,404400,1994,5,24,2,8909
18.875,19.375,19.25,19.375,185900,1994,5,25,3,8910
19.125,20.125,19.375,20.0,867100,1994,5,26,4,8911
19.25,20.125,20.125,19.625,686000,1994,5,27,5,8912
19.375,20.5,19.5,20.25,569200,1994,5,31,2,8916
19.625,20.5,20.5,20.25,791400,1994,6,1,3,8917
20.125,20.75,20.375,20.6875,636400,1994,6,2,4,8918
20.625,22.0,20.625,21.5,778600,1994,6,3,5,8919
21.75,22.75,22.25,22.0,1655000,1994,6,6,1,8922
21.875,22.75,22.375,22.625,1027100,1994,6,7,2,8923
19.25,22.375,22.25,19.375,2855700,1994,6,8,3,8924
17.0,18.25,17.75,18.125,2991500,1994,6,9,4,8925
18.0,19.25,18.125,18.9375,1165800,1994,6,10,5,8926
18.625,19.625,18.875,19.4375,619700,1994,6,13,1,8929
18.0,19.6875,19.5,18.0,940400,1994,6,14,2,8930
14.375,16.375,16.25,14.5,7313200,1994,6,15,3,8931
13.625,14.875,14.75,14.125,2456900,1994,6,16,4,8932
13.75,14.375,14.125,14.0,1316200,1994,6,17,5,8933
13.75,15.125,14.0,15.0,842500,1994,6,20,1,8936
14.25,15.375,15.125,14.5,698400,1994,6,21,2,8937
14.375,15.125,15.0,14.5,665800,1994,6,22,3,8938
13.25,14.5,14.5,13.25,800400,1994,6,23,4,8939
12.75,14.25,13.125,13.625,841200,1994,6,24,5,8940
13.5,15.0,13.5,14.625,605600,1994,6,27,1,8943
13.625,15.0,15.0,14.0,792100,1994,6,28,2,8944
13.875,14.75,14.125,14.125,542500,1994,6,29,3,8945
13.375,14.125,14.125,13.5,322800,1994,6,30,4,8946
13.375,14.25,13.625,14.125,222500,1994,7,1,5,8947
13.875,14.75,14.25,14.5,574800,1994,7,5,2,8951
14.125,14.75,14.6875,14.25,685600,1994,7,6,3,8952
13.625,14.25,14.25,13.625,945300,1994,7,7,4,8953
13.5,14.0,13.75,13.8125,687600,1994,7,8,5,8954
13.375,14.0,14.0,13.65625,215500,1994,7,11,1,8957
12.875,13.75,13.5,13.625,637200,1994,7,12,2,8958
13.75,14.5,14.0,14.4375,366500,1994,7,13,3,8959
14.25,14.75,14.5,14.375,550600,1994,7,14,4,8960
13.5,14.375,14.25,13.75,170100,1994,7,15,5,8961
12.875,13.875,13.875,13.0,1361600,1994,7,18,1,8964
11.75,12.25,12.0,11.875,2916800,1994,7,19,2,8965
11.625,12.125,12.125,11.8125,1667700,1994,7,20,3,8966
11.625,12.5,11.625,12.125,2936800,1994,7,21,4,8967
12.0,12.3125,12.25,12.25,832400,1994,7,22,5,8968
12.125,12.875,12.375,12.75,749300,1994,7,25,1,8971
12.625,12.875,12.875,12.75,597100,1994,7,26,2,8972
12.0,12.875,12.875,12.25,700400,1994,7,27,3,8973
11.625,12.375,12.25,11.75,687900,1994,7,28,4,8974
11.75,12.25,12.0,12.0,389400,1994,7,29,5,8975
10.625,12.0,12.0,10.875,1258800,1994,8,1,1,8978
10.5,11.375,10.875,10.875,807600,1994,8,2,2,8979
10.0,10.875,10.875,10.625,1502400,1994,8,3,3,8980
9.875,10.625,10.625,10.125,2023000,1994,8,4,4,8981
10.0,10.5,10.0,10.5,548900,1994,8,5,5,8982
10.25,10.875,10.5,10.625,389400,1994,8,8,1,8985
10.625,11.25,10.75,10.75,602200,1994,8,9,2,8986
10.625,11.0,10.75,10.625,243600,1994,8,10,3,8987
10.5,10.9375,10.625,10.875,320800,1994,8,11,4,8988
10.625,11.125,10.875,11.0,643500,1994,8,12,5,8989
10.875,11.25,11.125,11.125,1136000,1994,8,15,1,8992
11.0,11.375,11.125,11.125,594800,1994,8,16,2,8993
10.5,11.25,11.125,10.625,481700,1994,8,17,3,8994
10.25,10.625,10.625,10.5625,368500,1994,8,18,4,8995
10.5,10.75,10.625,10.6875,272800,1994,8,19,5,8996
10.5,10.75,10.75,10.75,1338300,1994,8,22,1,8999
10.25,10.75,10.75,10.375,1142800,1994,8,23,2,9000
10.25,10.5,10.5,10.5,920500,1994,8,24,3,9001
10.375,11.75,10.5,11.125,2312400,1994,8,25,4,9002
11.25,12.25,11.375,11.875,1640300,1994,8,26,5,9003
11.875,12.375,11.875,12.125,731700,1994,8,29,1,9006
10.5,11.75,11.625,11.625,1814000,1994,8,30,2,9007
10.75,11.5,11.25,10.875,1415200,1994,8,31,3,9008
11.25,12.75,11.5,12.25,5378200,1994,9,1,4,9009
12.625,14.0,12.75,13.875,3081400,1994,9,2,5,9010
13.375,14.375,14.375,13.8125,1198200,1994,9,6,2,9014
13.375,13.875,13.875,13.4375,728200,1994,9,7,3,9015
13.375,14.25,13.5,14.125,1264100,1994,9,8,4,9016
13.5,13.875,13.875,13.75,865100,1994,9,9,5,9017
13.5,14.25,13.75,13.75,919200,1994,9,12,1,9020
13.75,14.375,13.875,14.0,1107500,1994,9,13,2,9021
13.375,14.625,13.75,14.5,1707400,1994,9,14,3,9022
14.375,15.375,14.625,15.0,1634300,1994,9,15,4,9023
14.375,15.0,15.0,14.625,1006300,1994,9,16,5,9024
14.375,14.75,14.625,14.5,709800,1994,9,19,1,9027
14.25,14.875,14.375,14.75,1060600,1994,9,20,2,9028
14.375,15.0,14.75,15.0,1305600,1994,9,21,3,9029
14.875,15.125,14.875,14.90625,405500,1994,9,22,4,9030
14.125,15.0,15.0,14.375,628700,1994,9,23,5,9031
13.5625,14.5,14.5,13.9375,773100,1994,9,26,1,9034
13.75,14.125,13.75,14.03125,582800,1994,9,27,2,9035
14.0,14.375,14.25,14.0625,598800,1994,9,28,3,9036
13.5,14.125,14.0,13.625,379300,1994,9,29,4,9037
13.125,13.625,13.625,13.25,743400,1994,9,30,5,9038
13.0,13.375,13.25,13.0,254100,1994,10,3,1,9041
12.5,13.25,13.0,12.5,782100,1994,10,4,2,9042
10.5,11.875,10.75,11.8125,3634500,1994,10,5,3,9043
11.1875,11.875,11.75,11.625,1173700,1994,10,6,4,9044
11.5,12.25,11.75,12.1875,759200,1994,10,7,5,9045
12.125,12.75,12.25,12.5625,586500,1994,10,10,1,9048
12.875,13.25,13.0,13.125,655600,1994,10,11,2,9049
13.125,13.75,13.25,13.75,1051500,1994,10,12,3,9050
13.625,13.875,13.75,13.75,822600,1994,10,13,4,9051
13.625,14.0,13.875,13.875,608100,1994,10,14,5,9052
13.125,13.875,13.875,13.125,312500,1994,10,17,1,9055
12.625,13.125,13.0,12.875,1151400,1994,10,18,2,9056
12.375,13.25,12.75,12.9375,1739900,1994,10,19,3,9057
11.75,13.125,13.125,12.0,1139200,1994,10,20,4,9058
10.75,11.9375,11.375,11.0,4824300,1994,10,21,5,9059
10.875,11.1875,11.0,11.0,742500,1994,10,24,1,9062
10.625,11.125,11.125,10.9375,710400,1994,10,25,2,9063
10.625,11.125,10.875,10.75,785600,1994,10,26,3,9064
10.75,11.0,10.75,10.921875,664700,1994,10,27,4,9065
9.875,10.625,10.625,10.125,2350100,1994,10,28,5,9066
9.859375,10.375,10.25,10.0,1462600,1994,10,31,1,9069
9.875,10.375,10.125,9.96875,2671100,1994,11,1,2,9070
9.875,10.125,9.875,10.0,1756900,1994,11,2,3,9071
9.75,10.125,10.125,9.875,1536400,1994,11,3,4,9072
9.875,10.0,10.0,10.0,741000,1994,11,4,5,9073
9.75,10.0,10.0,9.875,701100,1994,11,7,1,9076
9.25,9.875,9.875,9.4375,2787800,1994,11,8,2,9077
9.25,9.75,9.625,9.5,992100,1994,11,9,3,9078
8.875,9.375,9.375,9.0,1886800,1994,11,10,4,9079
8.75,9.125,9.0,9.125,973800,1994,11,11,5,9080
9.0,9.5,9.125,9.5,978800,1994,11,14,1,9083
9.5,10.375,9.625,10.0625,1742000,1994,11,15,2,9084
10.125,10.375,10.125,10.375,620800,1994,11,16,3,9085
9.875,10.375,10.375,10.0,789700,1994,11,17,4,9086
9.75,10.25,10.0,10.25,569500,1994,11,18,5,9087
9.9375,10.375,10.25,10.0,501100,1994,11,21,1,9090
9.75,10.125,10.125,9.875,591500,1994,11,22,2,9091
9.375,10.0,9.875,9.5625,724700,1994,11,23,3,9092
9.625,9.875,9.625,9.75,204300,1994,11,25,5,9094
9.5,10.0,9.875,10.0,362000,1994,11,28,1,9097
9.875,10.125,10.0,10.0,341800,1994,11,29,2,9098
9.875,10.125,10.125,10.0,507800,1994,11,30,3,9099
9.75,10.125,10.0,9.75,632200,1994,12,1,4,9100
9.625,9.875,9.75,9.8125,272100,1994,12,2,5,9101
9.625,9.875,9.75,9.6875,427600,1994,12,5,1,9104
9.375,9.75,9.75,9.4375,331600,1994,12,6,2,9105
9.25,9.5,9.375,9.25,436300,1994,12,7,3,9106
8.75,9.375,9.375,8.8125,984600,1994,12,8,4,9107
8.75,9.25,8.875,9.125,1197700,1994,12,9,5,9108
8.75,9.125,9.0,9.125,503400,1994,12,12,1,9111
9.125,9.375,9.25,9.375,494600,1994,12,13,2,9112
9.25,9.375,9.25,9.296875,290900,1994,12,14,3,9113
9.25,9.5,9.25,9.5,348500,1994,12,15,4,9114
9.0,9.5,9.5,9.125,405600,1994,12,16,5,9115
9.0,9.25,9.125,9.25,391800,1994,12,19,1,9118
9.125,9.5,9.25,9.5,1023800,1994,12,20,2,9119
9.375,9.875,9.5,9.8125,599600,1994,12,21,3,9120
9.75,10.75,9.875,10.4375,1894300,1994,12,22,4,9121
10.25,10.625,10.5,10.625,580400,1994,12,23,5,9122
10.125,10.625,10.5,10.125,354100,1994,12,27,2,9126
9.875,10.375,10.375,9.9375,242300,1994,12,28,3,9127
9.625,10.0,9.875,9.75,527700,1994,12,29,4,9128
9.625,9.875,9.625,9.8125,379900,1994,12,30,5,9129
9.75,10.25,9.875,10.25,557100,1995,1,3,2,9133
10.234375,10.625,10.25,10.375,675200,1995,1,4,3,9134
10.125,10.5,10.5,10.25,752900,1995,1,5,4,9135
9.75,10.25,10.25,10.0,529800,1995,1,6,5,9136
9.875,10.25,10.0,10.25,317600,1995,1,9,1,9139
10.125,10.375,10.25,10.25,289100,1995,1,10,2,9140
9.75,10.25,10.25,10.0,298600,1995,1,11,3,9141
9.875,10.125,10.125,10.0,210700,1995,1,12,4,9142
9.875,10.125,10.0,10.0,162100,1995,1,13,5,9143
9.875,10.0,10.0,9.9375,148400,1995,1,16,1,9146
9.875,10.125,10.0,10.0,207300,1995,1,17,2,9147
9.875,10.125,10.125,9.875,456300,1995,1,18,3,9148
9.625,10.0,9.875,9.875,182300,1995,1,19,4,9149
9.625,9.875,9.875,9.875,174900,1995,1,20,5,9150
9.5,9.875,9.625,9.625,289600,1995,1,23,1,9153
9.625,9.875,9.75,9.75,149500,1995,1,24,2,9154
9.25,9.75,9.75,9.375,503200,1995,1,25,3,9155
9.25,9.5,9.375,9.5,217800,1995,1,26,4,9156
8.875,9.375,9.375,8.875,564000,1995,1,27,5,9157
8.75,9.125,9.0,9.0,585700,1995,1,30,1,9160
8.625,9.125,9.125,8.8125,653000,1995,1,31,2,9161
8.75,9.0,8.75,8.875,472400,1995,2,1,3,9162
8.75,9.0,9.0,8.75,484300,1995,2,2,4,9163
8.625,8.875,8.75,8.625,326300,1995,2,3,5,9164
8.625,8.875,8.625,8.75,223800,1995,2,6,1,9167
8.75,9.375,8.875,9.25,2930200,1995,2,7,2,9168
9.125,9.5,9.375,9.4375,1317500,1995,2,8,3,9169
9.25,9.625,9.5,9.375,598500,1995,2,9,4,9170
9.125,9.375,9.375,9.125,577600,1995,2,10,5,9171
9.0,9.25,9.0,9.0,693500,1995,2,13,1,9174
8.875,9.125,9.125,9.0,1828100,1995,2,14,2,9175
8.875,9.125,9.0,9.0,695800,1995,2,15,3,9176
8.75,9.125,9.125,8.8125,408400,1995,2,16,4,9177
8.75,9.0,8.875,8.875,221100,1995,2,17,5,9178
8.625,9.0,9.0,9.0,164400,1995,2,21,2,9182
8.875,9.5,9.0,9.375,596500,1995,2,22,3,9183
9.25,9.75,9.375,9.25,378500,1995,2,23,4,9184
9.0,9.5,9.5,9.0625,268400,1995,2,24,5,9185
8.875,9.25,9.0,9.125,376800,1995,2,27,1,9188
8.875,9.125,9.0,8.9375,347600,1995,2,28,2,9189
8.8125,9.125,9.0,9.125,834200,1995,3,1,3,9190
9.0,9.25,9.25,9.25,227400,1995,3,2,4,9191
9.125,10.625,9.125,9.875,3398800,1995,3,3,5,9192
9.375,9.875,9.625,9.75,343200,1995,3,6,1,9195
9.25,9.75,9.5,9.5,160700,1995,3,7,2,9196
9.25,9.75,9.5,9.75,396100,1995,3,8,3,9197
9.5,10.0,9.75,10.0,254400,1995,3,9,4,9198
9.875,10.375,10.0,10.0625,795400,1995,3,10,5,9199
9.8125,10.25,10.125,10.0,350400,1995,3,13,1,9202
9.5,10.0,9.875,9.6875,445900,1995,3,14,2,9203
9.125,9.75,9.5,9.125,591900,1995,3,15,3,9204
9.125,9.375,9.25,9.125,502500,1995,3,16,4,9205
8.875,9.25,9.125,9.0,864500,1995,3,17,5,9206
8.875,9.125,9.0,9.0,671300,1995,3,20,1,9209
8.875,9.25,9.125,9.0,781700,1995,3,21,2,9210
8.75,9.0,9.0,8.875,672300,1995,3,22,3,9211
8.75,9.0,8.875,8.875,831100,1995,3,23,4,9212
8.75,9.0,9.0,8.84375,1089800,1995,3,24,5,9213
8.75,9.0,8.875,8.75,598600,1995,3,27,1,9216
8.75,9.0,8.75,8.875,661900,1995,3,28,2,9217
8.75,9.0,9.0,8.75,520100,1995,3,29,3,9218
8.5,8.875,8.875,8.625,1549500,1995,3,30,4,9219
8.375,8.75,8.625,8.5,448400,1995,3,31,5,9220
8.0,8.75,8.75,8.25,865600,1995,4,3,1,9223
8.25,8.75,8.25,8.75,277800,1995,4,4,2,9224
8.5,8.75,8.75,8.5,235000,1995,4,5,3,9225
8.125,8.75,8.5,8.375,1008700,1995,4,6,4,9226
8.125,9.375,8.25,8.6875,1925000,1995,4,7,5,9227
8.5,9.125,8.75,9.0,518100,1995,4,10,1,9230
9.0,9.375,9.0,9.3125,433900,1995,4,11,2,9231
9.125,9.5,9.375,9.5,540600,1995,4,12,3,9232
9.375,9.75,9.5,9.625,360100,1995,4,13,4,9233
9.5,9.875,9.5,9.5,825700,1995,4,17,1,9237
9.125,9.75,9.5,9.375,319300,1995,4,18,2,9238
9.0,9.375,9.25,9.375,391200,1995,4,19,3,9239
9.25,9.75,9.25,9.5,288000,1995,4,20,4,9240
9.125,9.625,9.375,9.125,288700,1995,4,21,5,9241
9.0,9.375,9.125,9.125,155200,1995,4,24,1,9244
9.125,9.375,9.125,9.125,133000,1995,4,25,2,9245
9.0,9.375,9.25,9.25,313800,1995,4,26,3,9246
8.875,9.125,9.0625,9.0,280400,1995,4,27,4,9247
9.0,9.25,9.0,9.25,164100,1995,4,28,5,9248
9.0,9.25,9.125,9.125,140700,1995,5,1,1,9251
9.046875,9.1875,9.1875,9.0625,228100,1995,5,2,2,9252
8.875,9.125,9.0,9.125,184900,1995,5,3,3,9253
8.875,9.1875,9.0,8.9375,205600,1995,5,4,4,9254
8.875,9.125,9.125,8.875,163800,1995,5,5,5,9255
8.875,9.125,8.875,9.0,165100,1995,5,8,1,9258
8.875,9.25,9.125,9.125,323900,1995,5,9,2,9259
9.0,9.25,9.0,9.046875,359200,1995,5,10,3,9260
8.875,9.125,9.125,8.875,155100,1995,5,11,4,9261
8.875,9.0,9.0,8.9375,239700,1995,5,12,5,9262
8.625,9.0,8.875,8.9375,389400,1995,5,15,1,9265
8.625,9.0,8.875,9.0,491900,1995,5,16,2,9266
8.75,9.0,8.875,8.75,156500,1995,5,17,3,9267
8.625,9.125,8.75,8.875,438000,1995,5,18,4,9268
8.75,9.125,8.875,9.0,232500,1995,5,19,5,9269
8.875,9.25,8.875,9.25,375900,1995,5,22,1,9272
9.0,9.375,9.125,9.359375,425700,1995,5,23,2,9273
9.375,9.875,9.5,9.6875,904400,1995,5,24,3,9274
9.75,10.25,9.75,10.171875,1183400,1995,5,25,4,9275
10.125,10.625,10.25,10.375,1282700,1995,5,26,5,9276
9.875,10.5,10.5,10.0,470400,1995,5,30,2,9280
9.75,10.0,10.0,10.0,229300,1995,5,31,3,9281
9.875,10.0,10.0,10.0,193600,1995,6,1,4,9282
9.75,10.25,10.0,10.25,264800,1995,6,2,5,9283
10.125,11.375,10.125,11.0,2087900,1995,6,5,1,9286
11.078125,11.75,11.125,11.5,1941000,1995,6,6,2,9287
10.875,12.0,11.875,11.125,2029900,1995,6,7,3,9288
10.875,11.875,10.875,11.125,1214800,1995,6,8,4,9289
10.875,11.25,11.25,11.25,360700,1995,6,9,5,9290
11.0,11.25,11.25,11.25,181200,1995,6,12,1,9293
11.25,11.5,11.375,11.5,403000,1995,6,13,2,9294
11.375,11.75,11.5,11.625,583600,1995,6,14,3,9295
11.625,11.875,11.75,11.6875,877100,1995,6,15,4,9296
11.625,12.5,11.75,12.375,2191000,1995,6,16,5,9297
12.625,13.125,12.75,12.75,1691000,1995,6,19,1,9300
12.625,13.015625,12.875,12.75,935600,1995,6,20,2,9301
12.46875,12.75,12.75,12.6875,912000,1995,6,21,3,9302
12.625,13.25,12.75,13.046875,1396500,1995,6,22,4,9303
12.5,13.125,13.125,12.625,1497600,1995,6,23,5,9304
12.0,12.625,12.625,12.1875,1523000,1995,6,26,1,9307
12.125,12.375,12.25,12.1875,529400,1995,6,27,2,9308
12.0,12.25,12.125,12.03125,854600,1995,6,28,3,9309
11.375,12.125,12.0,11.625,629600,1995,6,29,4,9310
11.5,11.875,11.625,11.75,348100,1995,6,30,5,9311
11.5,11.75,11.625,11.75,106800,1995,7,3,1,9314
11.5,12.0,11.875,12.0,460700,1995,7,5,3,9316
12.0,12.5,12.125,12.25,1085600,1995,7,6,4,9317
12.375,13.0,12.5,12.75,1288400,1995,7,7,5,9318
12.625,13.0,12.875,12.625,427600,1995,7,10,1,9321
12.375,12.75,12.625,12.375,357300,1995,7,11,2,9322
12.25,13.0,12.5,12.9375,854400,1995,7,12,3,9323
12.5,13.0,13.0,12.5,387300,1995,7,13,4,9324
12.375,12.625,12.5,12.625,260200,1995,7,14,5,9325
12.375,12.75,12.625,12.375,191700,1995,7,17,1,9328
11.75,12.5,12.375,11.75,447300,1995,7,18,2,9329
11.125,11.875,11.75,11.25,464700,1995,7,19,3,9330
10.875,11.375,11.25,11.375,584600,1995,7,20,4,9331
11.25,11.5,11.25,11.375,265700,1995,7,21,5,9332
11.25,11.5,11.375,11.25,151700,1995,7,24,1,9335
11.25,11.5,11.25,11.453125,198000,1995,7,25,2,9336
11.25,11.5,11.5,11.25,283700,1995,7,26,3,9337
11.25,11.625,11.25,11.375,390500,1995,7,27,4,9338
11.25,11.625,11.375,11.5,269300,1995,7,28,5,9339
11.375,11.625,11.5,11.375,142700,1995,7,31,1,9342
11.375,11.625,11.5,11.5,312400,1995,8,1,2,9343
11.375,11.625,11.375,11.5,171800,1995,8,2,3,9344
11.25,11.5,11.5,11.25,403100,1995,8,3,4,9345
11.25,11.5,11.25,11.25,178600,1995,8,4,5,9346
11.25,11.5,11.25,11.3125,375000,1995,8,7,1,9349
11.25,11.375,11.375,11.25,252000,1995,8,8,2,9350
11.25,11.375,11.375,11.25,294900,1995,8,9,3,9351
11.125,11.375,11.25,11.125,325400,1995,8,10,4,9352
11.125,11.375,11.375,11.125,342000,1995,8,11,5,9353
11.0,11.25,11.125,11.0,118400,1995,8,14,1,9356
9.375,10.875,10.75,9.75,2201900,1995,8,15,2,9357
9.625,10.125,9.625,9.8125,650400,1995,8,16,3,9358
9.75,10.0,10.0,9.75,217300,1995,8,17,4,9359
9.375,10.0,10.0,9.625,400600,1995,8,18,5,9360
9.5,9.75,9.5625,9.5,274000,1995,8,21,1,9363
9.25,9.65625,9.625,9.375,516200,1995,8,22,2,9364
9.125,9.5,9.375,9.5,540900,1995,8,23,3,9365
9.375,9.75,9.4375,9.75,141200,1995,8,24,4,9366
9.75,10.0,9.75,9.875,178100,1995,8,25,5,9367
9.5,10.0,9.875,9.5,203700,1995,8,28,1,9370
9.375,9.625,9.625,9.4375,264300,1995,8,29,2,9371
9.4375,9.625,9.4375,9.5625,160500,1995,8,30,3,9372
9.375,9.625,9.5,9.5,167400,1995,8,31,4,9373
9.375,9.625,9.375,9.625,66000,1995,9,1,5,9374
9.375,10.5,9.375,10.125,599000,1995,9,5,2,9378
9.875,10.375,10.125,9.890625,448700,1995,9,6,3,9379
10.125,10.5,10.25,10.3125,549600,1995,9,7,4,9380
10.25,10.625,10.25,10.5,344300,1995,9,8,5,9381
10.125,10.625,10.375,10.125,301600,1995,9,11,1,9384
10.0,10.25,10.125,10.0625,278600,1995,9,12,2,9385
9.875,10.0625,10.0,10.0,110400,1995,9,13,3,9386
9.875,10.0,9.9375,9.9375,166900,1995,9,14,4,9387
9.9375,10.25,9.9375,10.125,187900,1995,9,15,5,9388
9.875,10.125,10.0,10.0,123300,1995,9,18,1,9391
9.875,10.125,9.875,10.0,72600,1995,9,19,2,9392
9.875,10.125,9.875,10.0,156700,1995,9,20,3,9393
9.875,10.125,9.875,9.9375,186400,1995,9,21,4,9394
9.75,10.0,10.0,9.875,85400,1995,9,22,5,9395
9.625,9.875,9.875,9.625,206600,1995,9,25,1,9398
9.625,9.875,9.75,9.75,223100,1995,9,26,2,9399
9.5,9.8125,9.8125,9.5,210500,1995,9,27,3,9400
9.5,9.6875,9.5,9.5,143400,1995,9,28,4,9401
9.375,9.5625,9.5,9.5,271700,1995,9,29,5,9402
9.25,9.5,9.5,9.25,494100,1995,10,2,1,9405
9.25,9.625,9.4375,9.625,131500,1995,10,3,2,9406
9.125,9.5625,9.4375,9.375,164600,1995,10,4,3,9407
9.125,9.375,9.25,9.25,113900,1995,10,5,4,9408
9.125,9.375,9.125,9.125,61100,1995,10,6,5,9409
8.875,9.25,9.25,8.9375,134900,1995,10,9,1,9412
8.625,8.875,8.75,8.875,311200,1995,10,10,2,9413
8.75,8.875,8.875,8.75,118700,1995,10,11,3,9414
8.75,8.875,8.75,8.75,94600,1995,10,12,4,9415
8.625,8.875,8.875,8.6875,183600,1995,10,13,5,9416
8.625,8.75,8.625,8.625,133400,1995,10,16,1,9419
8.375,8.75,8.625,8.375,217900,1995,10,17,2,9420
8.375,8.625,8.375,8.375,158300,1995,10,18,3,9421
8.125,8.5,8.375,8.25,383200,1995,10,19,4,9422
8.1875,8.375,8.1875,8.1875,110600,1995,10,20,5,9423
7.875,8.3125,8.125,7.875,344700,1995,10,23,1,9426
7.625,8.0,8.0,7.75,579600,1995,10,24,2,9427
7.875,8.5625,7.875,8.25,636300,1995,10,25,3,9428
8.0,8.25,8.125,8.0,354700,1995,10,26,4,9429
7.625,8.25,8.0,8.25,504500,1995,10,27,5,9430
8.0,8.25,8.0,8.0,182000,1995,10,30,1,9433
8.125,8.375,8.25,8.25,421600,1995,10,31,2,9434
8.0,8.25,8.125,8.125,97300,1995,11,1,3,9435
8.0,8.25,8.25,8.1875,131600,1995,11,2,4,9436
8.0,8.375,8.25,8.375,129500,1995,11,3,5,9437
8.125,8.375,8.1875,8.375,219600,1995,11,6,1,9440
8.125,8.375,8.375,8.25,132200,1995,11,7,2,9441
8.125,8.375,8.375,8.375,64500,1995,11,8,3,9442
8.125,8.375,8.375,8.1875,196300,1995,11,9,4,9443
8.125,8.375,8.1875,8.3125,528700,1995,11,10,5,9444
8.1875,8.375,8.1875,8.25,186100,1995,11,13,1,9447
8.125,8.375,8.25,8.125,190000,1995,11,14,2,9448
8.0625,8.25,8.125,8.0625,299400,1995,11,15,3,9449
8.0,8.25,8.0625,8.125,189800,1995,11,16,4,9450
8.0625,8.375,8.25,8.3125,108900,1995,11,17,5,9451
8.03125,8.25,8.25,8.0625,157900,1995,11,20,1,9454
7.6875,8.125,8.0625,7.75,419900,1995,11,21,2,9455
6.75,7.8125,7.6875,6.875,913700,1995,11,22,3,9456
5.125,6.0,5.3125,5.875,2324300,1995,11,24,5,9458
6.0625,6.5,6.125,6.4375,1410800,1995,11,27,1,9461
6.0,6.4375,6.4375,6.25,940800,1995,11,28,2,9462
6.125,6.4375,6.125,6.3125,534300,1995,11,29,3,9463
6.25,6.5,6.3125,6.375,517400,1995,11,30,4,9464
6.3125,6.5,6.5,6.4375,208000,1995,12,1,5,9465
6.3125,6.5,6.5,6.3125,207500,1995,12,4,1,9468
5.625,6.4375,6.3125,5.625,495000,1995,12,5,2,9469
5.5625,5.875,5.625,5.8125,311700,1995,12,6,3,9470
5.75,6.125,5.875,5.75,368800,1995,12,7,4,9471
5.75,5.9375,5.75,5.9375,220000,1995,12,8,5,9472
5.625,5.9375,5.9375,5.75,291000,1995,12,11,1,9475
5.5,5.75,5.625,5.5625,340600,1995,12,12,2,9476
5.5,5.625,5.5,5.5,384500,1995,12,13,3,9477
5.375,5.625,5.5,5.375,564400,1995,12,14,4,9478
5.25,5.5,5.375,5.5,429500,1995,12,15,5,9479
5.125,5.5,5.25,5.3125,454500,1995,12,18,1,9482
5.125,5.5,5.125,5.375,315000,1995,12,19,2,9483
5.375,5.75,5.375,5.75,492100,1995,12,20,3,9484
5.5625,5.75,5.5625,5.5625,471400,1995,12,21,4,9485
5.3125,5.6875,5.625,5.3125,319500,1995,12,22,5,9486
5.0,5.4375,5.375,5.125,397800,1995,12,26,2,9490
5.0625,5.625,5.0625,5.4375,1303300,1995,12,27,3,9491
5.5,5.75,5.5,5.5,823900,1995,12,28,4,9492
5.375,5.75,5.75,5.5,791700,1995,12,29,5,9493
5.5,5.75,5.625,5.71875,335600,1996,1,2,2,9497
5.6875,5.875,5.75,5.875,170900,1996,1,3,3,9498
5.75,6.0,5.75,5.9375,220700,1996,1,4,4,9499
5.75,6.375,6.0,6.25,1041200,1996,1,5,5,9500
6.1875,6.3125,6.1875,6.3125,61800,1996,1,8,1,9503
6.0,6.3125,6.3125,6.0,193700,1996,1,9,2,9504
5.75,6.0625,6.0625,6.0,319100,1996,1,10,3,9505
5.75,6.0,5.75,6.0,275800,1996,1,11,4,9506
5.875,6.0625,6.0,5.9375,386400,1996,1,12,5,9507
5.9375,6.0625,6.0625,5.9375,179600,1996,1,15,1,9510
5.875,6.0625,6.0,5.875,152600,1996,1,16,2,9511
5.8125,6.0625,6.0625,5.8125,114000,1996,1,17,3,9512
5.8125,5.9375,5.8125,5.8125,50400,1996,1,18,4,9513
5.8125,5.9375,5.875,5.9375,304400,1996,1,19,5,9514
5.8125,6.0,5.875,5.8125,166800,1996,1,22,1,9517
5.8125,6.0,6.0,5.875,322800,1996,1,23,2,9518
5.8125,6.0625,5.8125,5.875,153700,1996,1,24,3,9519
5.875,6.0625,5.875,6.0625,202500,1996,1,25,4,9520
6.0,6.125,6.0,6.0625,326500,1996,1,26,5,9521
6.0625,6.375,6.125,6.25,187200,1996,1,29,1,9524
6.25,6.9375,6.375,6.875,725100,1996,1,30,2,9525
6.625,7.0,6.875,6.625,312800,1996,1,31,3,9526
6.625,6.875,6.625,6.875,113600,1996,2,1,4,9527
6.6875,6.875,6.75,6.875,105400,1996,2,2,5,9528
6.625,6.875,6.6875,6.625,128800,1996,2,5,1,9531
6.625,6.75,6.625,6.75,159500,1996,2,6,2,9532
6.5625,6.75,6.75,6.5625,303700,1996,2,7,3,9533
6.4375,6.625,6.625,6.4375,190300,1996,2,8,4,9534
6.25,6.5625,6.5625,6.3125,160600,1996,2,9,5,9535
6.25,6.375,6.25,6.3125,48700,1996,2,12,1,9538
6.25,6.375,6.25,6.375,114500,1996,2,13,2,9539
6.25,6.75,6.375,6.71875,237700,1996,2,14,3,9540
6.625,6.875,6.75,6.75,166000,1996,2,15,4,9541
6.625,6.875,6.6875,6.75,164000,1996,2,16,5,9542
6.375,6.6875,6.6875,6.5,381000,1996,2,20,2,9546
6.4375,6.5,6.5,6.5,173400,1996,2,21,3,9547
6.4375,6.5,6.5,6.5,231900,1996,2,22,4,9548
6.4375,6.5625,6.5625,6.5,148700,1996,2,23,5,9549
6.375,6.5625,6.4375,6.375,177200,1996,2,26,1,9552
6.25,6.5,6.375,6.25,69700,1996,2,27,2,9553
6.1875,6.375,6.25,6.1875,52900,1996,2,28,3,9554
6.0,6.1875,6.1875,6.046875,305600,1996,2,29,4,9555
5.875,6.125,6.0,5.875,392300,1996,3,1,5,9556
5.875,6.125,5.875,6.125,135700,1996,3,4,1,9559
6.0625,6.5625,6.0625,6.375,337200,1996,3,5,2,9560
6.3125,6.5,6.375,6.375,237100,1996,3,6,3,9561
6.3125,6.4375,6.3125,6.375,96200,1996,3,7,4,9562
6.0,6.375,6.375,6.125,218600,1996,3,8,5,9563
6.0,6.1875,6.0,6.125,75800,1996,3,11,1,9566
6.0,6.1875,6.0,6.125,69800,1996,3,12,2,9567
6.0,6.125,6.0,6.0625,43400,1996,3,13,3,9568
6.0,6.125,6.0625,6.0,148800,1996,3,14,4,9569
5.875,6.0625,6.0,5.875,101000,1996,3,15,5,9570
5.875,6.0625,6.0625,5.9375,215500,1996,3,18,1,9573
5.9375,6.0625,6.0,6.0625,249500,1996,3,19,2,9574
6.0,6.125,6.0,6.0625,168600,1996,3,20,3,9575
6.0625,6.375,6.0625,6.25,242700,1996,3,21,4,9576
6.25,6.4375,6.25,6.359375,202400,1996,3,22,5,9577
6.625,6.875,6.625,6.875,403600,1996,3,25,1,9580
6.5,6.8125,6.625,6.6875,146300,1996,3,26,2,9581
6.25,6.625,6.5625,6.25,312500,1996,3,27,3,9582
6.25,6.5,6.25,6.4375,115500,1996,3,28,4,9583
6.375,6.5,6.4375,6.375,164500,1996,3,29,5,9584
6.375,6.5,6.375,6.375,173600,1996,4,1,1,9587
6.3125,6.5,6.375,6.375,332200,1996,4,2,2,9588
6.25,6.4375,6.375,6.3125,617100,1996,4,3,3,9589
6.3125,6.4375,6.3125,6.375,113600,1996,4,4,4,9590
6.1875,6.3125,6.25,6.3125,148300,1996,4,8,1,9594
6.25,6.375,6.25,6.3125,186700,1996,4,9,2,9595
6.25,6.5,6.25,6.5,379700,1996,4,10,3,9596
6.3125,6.6875,6.375,6.625,1990900,1996,4,11,4,9597
6.5,6.6875,6.5625,6.5625,146800,1996,4,12,5,9598
6.0625,6.6875,6.5625,6.5,580600,1996,4,15,1,9601
6.5,6.75,6.5,6.75,206100,1996,4,16,2,9602
6.625,6.875,6.625,6.75,252300,1996,4,17,3,9603
6.625,6.75,6.6875,6.75,91200,1996,4,18,4,9604
6.625,6.75,6.625,6.75,98100,1996,4,19,5,9605
6.5625,6.75,6.625,6.625,108600,1996,4,22,1,9608
6.5,6.6875,6.5625,6.5,89300,1996,4,23,2,9609
6.4375,6.625,6.5,6.5,177400,1996,4,24,3,9610
6.4375,6.5625,6.4375,6.5625,133800,1996,4,25,4,9611
6.5,8.0,6.5,7.875,1569200,1996,4,26,5,9612
7.875,8.375,7.875,8.125,1047500,1996,4,29,1,9615
8.125,8.375,8.125,8.125,499500,1996,4,30,2,9616
8.125,9.125,8.125,9.125,2495600,1996,5,1,3,9617
8.125,9.3125,9.25,8.375,1841200,1996,5,2,4,9618
8.0,8.5625,8.25,8.25,607700,1996,5,3,5,9619
7.875,8.25,8.125,8.125,223300,1996,5,6,1,9622
7.875,8.125,8.0,7.9375,370700,1996,5,7,2,9623
7.75,8.03125,7.875,7.9375,162700,1996,5,8,3,9624
7.875,8.0,7.875,8.0,172100,1996,5,9,4,9625
8.0,8.1875,8.0625,8.125,153500,1996,5,10,5,9626
7.8125,8.125,8.0,7.875,554200,1996,5,13,1,9629
7.75,7.9375,7.8125,7.90625,452600,1996,5,14,2,9630
7.8125,8.0,7.9375,8.0,414600,1996,5,15,3,9631
7.875,8.0,8.0,8.0,328900,1996,5,16,4,9632
7.8125,8.0,7.875,7.9375,196200,1996,5,17,5,9633
7.75,7.9375,7.9375,7.75,176400,1996,5,20,1,9636
7.625,7.8125,7.75,7.6875,173000,1996,5,21,2,9637
7.6875,7.875,7.6875,7.875,150500,1996,5,22,3,9638
8.0,9.1875,8.5,8.9375,2557900,1996,5,23,4,9639
8.75,9.125,9.0,8.875,403700,1996,5,24,5,9640
8.375,8.9375,8.8125,8.5625,570000,1996,5,28,2,9644
8.4375,8.6875,8.5,8.625,251400,1996,5,29,3,9645
8.5,8.8125,8.6875,8.75,423500,1996,5,30,4,9646
8.6875,8.875,8.8125,8.6875,277400,1996,5,31,5,9647
8.625,8.875,8.75,8.75,146500,1996,6,3,1,9650
8.625,8.8125,8.625,8.75,148200,1996,6,4,2,9651
8.5,8.75,8.625,8.6875,152100,1996,6,5,3,9652
8.5625,8.6875,8.5625,8.625,304000,1996,6,6,4,9653
8.1875,8.5,8.4375,8.5,277200,1996,6,7,5,9654
8.375,8.8125,8.5,8.5,335800,1996,6,10,1,9657
8.375,8.625,8.5,8.5625,192500,1996,6,11,2,9658
8.5,8.6875,8.625,8.5625,151500,1996,6,12,3,9659
8.5625,8.6875,8.625,8.6875,322100,1996,6,13,4,9660
8.5625,8.6875,8.625,8.6875,224400,1996,6,14,5,9661
8.625,8.75,8.625,8.625,121400,1996,6,17,1,9664
8.375,8.75,8.625,8.375,89000,1996,6,18,2,9665
8.125,8.4375,8.375,8.25,124600,1996,6,19,3,9666
7.875,8.25,8.125,7.9375,129900,1996,6,20,4,9667
7.875,8.125,8.0,8.0,208800,1996,6,21,5,9668
8.0,8.375,8.0,8.34375,287700,1996,6,24,1,9671
8.375,8.875,8.5,8.875,1125200,1996,6,25,2,9672
8.65625,9.0,8.75,8.6875,517000,1996,6,26,3,9673
8.625,9.5625,8.625,9.5,1174900,1996,6,27,4,9674
9.25,10.0,9.625,9.375,1053100,1996,6,28,5,9675
8.875,9.375,9.25,8.9375,142600,1996,7,1,1,9678
8.625,9.125,9.0,8.8125,363300,1996,7,2,2,9679
8.625,8.8125,8.625,8.75,73300,1996,7,3,3,9680
8.5,8.75,8.625,8.5625,32800,1996,7,5,5,9682
8.5,9.1875,8.5,9.125,413700,1996,7,8,1,9685
8.75,9.25,9.125,8.875,297700,1996,7,9,2,9686
8.65625,8.875,8.875,8.6875,112500,1996,7,10,3,9687
8.5,8.875,8.8125,8.625,350000,1996,7,11,4,9688
8.375,8.625,8.5625,8.5,149900,1996,7,12,5,9689
8.3125,8.5625,8.375,8.5,192900,1996,7,15,1,9692
8.0,8.4375,8.3125,8.1875,506800,1996,7,16,2,9693
8.0625,8.375,8.375,8.0625,196600,1996,7,17,3,9694
8.0,8.25,8.25,8.125,102200,1996,7,18,4,9695
7.9375,8.1875,8.125,8.0,151000,1996,7,19,5,9696
7.875,8.125,8.0,8.0,85200,1996,7,22,1,9699
8.0,8.375,8.0,8.0625,493100,1996,7,23,2,9700
7.6875,8.0625,8.0625,7.6875,174300,1996,7,24,3,9701
7.6875,7.875,7.6875,7.8125,85500,1996,7,25,4,9702
7.6875,7.875,7.6875,7.75,89000,1996,7,26,5,9703
7.75,7.875,7.75,7.875,55900,1996,7,29,1,9706
7.8125,8.1875,7.8125,8.1875,164500,1996,7,30,2,9707
8.0,8.1875,8.1875,8.0,129000,1996,7,31,3,9708
8.0,8.125,8.125,8.0,37900,1996,8,1,4,9709
8.0,8.3125,8.0,8.25,273300,1996,8,2,5,9710
8.25,8.4375,8.25,8.375,125600,1996,8,5,1,9713
8.25,8.4375,8.375,8.375,46000,1996,8,6,2,9714
8.375,8.5,8.4375,8.375,106300,1996,8,7,3,9715
8.25,8.5,8.5,8.25,72200,1996,8,8,4,9716
8.1875,8.3125,8.25,8.25,43200,1996,8,9,5,9717
8.15625,8.3125,8.25,8.15625,89400,1996,8,12,1,9720
8.0625,8.25,8.1875,8.125,316500,1996,8,13,2,9721
7.8125,8.0,8.0,7.875,107400,1996,8,14,3,9722
7.8125,7.953125,7.875,7.953125,91600,1996,8,15,4,9723
7.8125,7.9375,7.875,7.9375,129200,1996,8,16,5,9724
7.8125,7.9375,7.8125,7.875,44600,1996,8,19,1,9727
7.8125,7.9375,7.8125,7.9375,72100,1996,8,20,2,9728
7.8125,8.0,7.9375,7.875,230800,1996,8,21,3,9729
7.875,8.0625,7.875,8.0,164500,1996,8,22,4,9730
8.0,8.125,8.0,8.03125,102000,1996,8,23,5,9731
7.9375,8.125,8.125,7.9375,39900,1996,8,26,1,9734
7.8125,8.0,7.9375,7.90625,165200,1996,8,27,2,9735
7.875,8.0,7.875,8.0,120600,1996,8,28,3,9736
7.875,8.0,8.0,7.875,31400,1996,8,29,4,9737
7.625,8.0,7.875,7.8125,86800,1996,8,30,5,9738
7.5625,7.6875,7.625,7.5625,65700,1996,9,3,2,9742
7.5625,7.875,7.5625,7.8125,173800,1996,9,4,3,9743
7.75,8.625,7.75,8.5625,586000,1996,9,5,4,9744
8.25,8.5625,8.5,8.5625,619300,1996,9,6,5,9745
8.0,8.5625,8.5,8.125,217900,1996,9,9,1,9748
7.9375,8.125,8.0,8.0,148400,1996,9,10,2,9749
7.6875,8.0,8.0,7.875,125800,1996,9,11,3,9750
7.6875,7.875,7.8125,7.6875,68400,1996,9,12,4,9751
7.625,7.875,7.8125,7.75,300600,1996,9,13,5,9752
7.625,7.875,7.875,7.6875,330300,1996,9,16,1,9755
7.6875,7.9375,7.75,7.875,191600,1996,9,17,2,9756
7.75,8.125,7.75,8.0625,173500,1996,9,18,3,9757
7.875,8.125,8.125,8.0,144700,1996,9,19,4,9758
7.8125,8.0625,8.0625,7.8125,137400,1996,9,20,5,9759
7.75,7.9375,7.8125,7.875,79400,1996,9,23,1,9762
7.6875,7.875,7.875,7.6875,354700,1996,9,24,2,9763
7.5625,7.75,7.6875,7.5625,135500,1996,9,25,3,9764
7.5625,7.75,7.6875,7.625,245900,1996,9,26,4,9765
7.4375,7.75,7.5625,7.4375,149200,1996,9,27,5,9766
7.375,7.5625,7.4375,7.5625,105100,1996,9,30,1,9769
7.4375,7.6875,7.5625,7.5,196600,1996,10,1,2,9770
7.375,7.5625,7.4375,7.4375,405100,1996,10,2,3,9771
7.25,7.5625,7.5625,7.3125,331600,1996,10,3,4,9772
7.25,7.4375,7.375,7.4375,408000,1996,10,4,5,9773
7.3125,7.40625,7.375,7.3125,100700,1996,10,7,1,9776
7.1875,7.375,7.3125,7.25,173100,1996,10,8,2,9777
7.0,7.3125,7.1875,7.125,169300,1996,10,9,3,9778
7.0625,7.125,7.0625,7.125,61200,1996,10,10,4,9779
6.875,7.125,7.0625,6.9375,202600,1996,10,11,5,9780
6.875,7.25,7.0,7.0625,238100,1996,10,14,1,9783
7.0,7.1875,7.1875,7.125,232600,1996,10,15,2,9784
6.9375,7.125,7.0,7.0,222100,1996,10,16,3,9785
7.0,7.1875,7.125,7.1875,127500,1996,10,17,4,9786
6.9375,7.1875,7.0,7.0625,140800,1996,10,18,5,9787
6.9375,7.125,6.9375,7.125,83600,1996,10,21,1,9790
6.625,7.125,7.0,6.75,189900,1996,10,22,2,9791
6.625,6.75,6.75,6.625,82600,1996,10,23,3,9792
6.625,7.125,6.625,7.0,306900,1996,10,24,4,9793
6.9375,7.125,7.0,7.125,133700,1996,10,25,5,9794
6.9375,7.125,7.0,6.9375,112100,1996,10,28,1,9797
6.625,7.125,6.9375,6.75,475800,1996,10,29,2,9798
6.6875,7.25,6.6875,7.1875,245500,1996,10,30,3,9799
7.125,7.25,7.125,7.125,82700,1996,10,31,4,9800
7.125,7.25,7.125,7.25,131700,1996,11,1,5,9801
7.125,7.5625,7.125,7.5625,178000,1996,11,4,1,9804
7.4375,7.6875,7.5625,7.5,228100,1996,11,5,2,9805
7.4375,7.5625,7.4375,7.4375,49000,1996,11,6,3,9806
7.375,7.5,7.4375,7.4375,115400,1996,11,7,4,9807
7.375,7.5,7.375,7.4375,98000,1996,11,8,5,9808
7.375,7.5,7.375,7.5,89200,1996,11,11,1,9811
7.375,7.6875,7.375,7.5,120400,1996,11,12,2,9812
7.4375,7.625,7.5,7.4375,35300,1996,11,13,3,9813
7.375,7.5625,7.5,7.375,74800,1996,11,14,4,9814
7.375,7.5625,7.375,7.515625,246200,1996,11,15,5,9815
7.5,7.5625,7.5625,7.53125,87900,1996,11,18,1,9818
7.5,7.6875,7.5,7.5625,169600,1996,11,19,2,9819
7.5625,8.0,7.5625,7.8125,243300,1996,11,20,3,9820
7.75,8.0,8.0,7.8125,105100,1996,11,21,4,9821
7.6875,7.875,7.75,7.734375,100100,1996,11,22,5,9822
7.625,7.8125,7.6875,7.625,148100,1996,11,25,1,9825
7.5,7.6875,7.625,7.5,181200,1996,11,26,2,9826
7.3125,7.5,7.5,7.3125,87300,1996,11,27,3,9827
7.25,7.4375,7.25,7.25,30000,1996,11,29,5,9829
7.25,7.5,7.25,7.375,72700,1996,12,2,1,9832
7.3125,7.5625,7.375,7.3125,333100,1996,12,3,2,9833
7.25,7.4375,7.3125,7.4375,88200,1996,12,4,3,9834
7.25,7.75,7.25,7.75,317000,1996,12,5,4,9835
7.375,7.53125,7.5,7.375,149900,1996,12,6,5,9836
7.375,7.625,7.375,7.625,369700,1996,12,9,1,9839
7.5,7.875,7.5,7.734375,313200,1996,12,10,2,9840
7.5,7.703125,7.5,7.5625,115100,1996,12,11,3,9841
7.625,7.75,7.625,7.625,175700,1996,12,12,4,9842
7.5625,7.75,7.625,7.6875,119300,1996,12,13,5,9843
7.4375,7.6875,7.625,7.4375,108600,1996,12,16,1,9846
7.25,7.453125,7.4375,7.25,189100,1996,12,17,2,9847
7.1875,7.375,7.25,7.1875,183100,1996,12,18,3,9848
7.125,7.375,7.1875,7.375,111000,1996,12,19,4,9849
7.25,7.4375,7.25,7.4375,157600,1996,12,20,5,9850
7.3125,7.5,7.3125,7.4375,128500,1996,12,23,1,9853
7.375,7.5625,7.375,7.5,145300,1996,12,24,2,9854
7.3125,7.5625,7.375,7.3125,99100,1996,12,26,4,9856
7.25,7.4375,7.3125,7.25,147200,1996,12,27,5,9857
7.25,7.375,7.25,7.25,202500,1996,12,30,1,9860
7.125,7.3125,7.25,7.25,246000,1996,12,31,2,9861
7.0,7.25,7.25,7.0625,91700,1997,1,2,4,9863
7.125,7.25,7.1875,7.125,94300,1997,1,3,5,9864
7.125,7.3125,7.25,7.1875,129800,1997,1,6,1,9867
7.1875,7.4375,7.25,7.4375,124100,1997,1,7,2,9868
7.0625,7.4375,7.4375,7.0625,316200,1997,1,8,3,9869
7.0,7.25,7.0625,7.1875,176200,1997,1,9,4,9870
7.0,7.25,7.0,7.1875,104500,1997,1,10,5,9871
7.125,7.28125,7.125,7.1875,92600,1997,1,13,1,9874
7.1875,7.3125,7.25,7.1875,73900,1997,1,14,2,9875
7.1875,7.375,7.1875,7.25,86700,1997,1,15,3,9876
7.125,7.375,7.25,7.15625,178700,1997,1,16,4,9877
7.15625,7.5,7.25,7.5,337700,1997,1,17,5,9878
7.4375,8.3125,7.4375,8.3125,690700,1997,1,20,1,9881
8.125,8.375,8.25,8.1875,540700,1997,1,21,2,9882
8.0,8.1875,8.0,8.0625,203600,1997,1,22,3,9883
8.0,8.125,8.0,8.0,323100,1997,1,23,4,9884
7.9375,8.1875,8.125,8.03125,313700,1997,1,24,5,9885
8.125,8.25,8.125,8.125,212000,1997,1,27,1,9888
8.125,8.1875,8.125,8.1875,409900,1997,1,28,2,9889
8.0625,8.25,8.125,8.125,140800,1997,1,29,3,9890
8.125,8.25,8.125,8.25,337700,1997,1,30,4,9891
8.1875,8.4375,8.1875,8.25,301800,1997,1,31,5,9892
8.3125,8.75,8.375,8.625,351200,1997,2,3,1,9895
8.625,8.84375,8.75,8.8125,357200,1997,2,4,2,9896
8.5,8.8125,8.6875,8.5,191100,1997,2,5,3,9897
8.5,8.6875,8.5,8.5,90800,1997,2,6,4,9898
8.5,8.6875,8.5,8.6875,98400,1997,2,7,5,9899
8.625,8.75,8.6875,8.625,193700,1997,2,10,1,9902
8.625,8.875,8.75,8.875,149300,1997,2,11,2,9903
8.75,9.375,8.75,9.25,503900,1997,2,12,3,9904
9.125,9.375,9.375,9.25,484200,1997,2,13,4,9905
9.25,9.3125,9.25,9.25,345600,1997,2,14,5,9906
9.5,10.375,9.5625,10.375,1574200,1997,2,18,2,9910
10.375,11.375,10.5,10.625,2525700,1997,2,19,3,9911
10.0,10.75,10.75,10.125,1181400,1997,2,20,4,9912
9.5,10.125,10.0,9.875,406100,1997,2,21,5,9913
9.6875,9.875,9.875,9.8125,282600,1997,2,24,1,9916
9.75,9.9375,9.8125,9.75,266000,1997,2,25,2,9917
9.625,9.875,9.75,9.875,249300,1997,2,26,3,9918
9.625,9.875,9.875,9.75,174100,1997,2,27,4,9919
9.75,9.875,9.875,9.84375,143200,1997,2,28,5,9920
9.75,9.875,9.875,9.875,122000,1997,3,3,1,9923
9.75,10.25,9.75,10.234375,695900,1997,3,4,2,9924
10.125,11.25,10.25,10.75,1254400,1997,3,5,3,9925
10.5,11.0,10.75,10.609375,307100,1997,3,6,4,9926
9.875,10.625,10.5,10.5,300500,1997,3,7,5,9927
10.375,10.875,10.375,10.625,227700,1997,3,10,1,9930
10.25,10.75,10.625,10.375,154500,1997,3,11,2,9931
10.0,10.5,10.375,10.0,95600,1997,3,12,3,9932
10.0,10.453125,10.125,10.25,275200,1997,3,13,4,9933
9.9375,10.25,10.125,10.0,128300,1997,3,14,5,9934
9.875,10.125,9.875,10.0625,66600,1997,3,17,1,9937
9.875,10.125,10.125,10.125,213300,1997,3,18,2,9938
10.0,10.5,10.125,10.5,322000,1997,3,19,3,9939
10.25,10.5,10.25,10.25,168200,1997,3,20,4,9940
10.25,10.625,10.25,10.5,542500,1997,3,21,5,9941
10.25,10.625,10.375,10.3125,93300,1997,3,24,1,9944
9.875,10.375,10.25,10.125,252200,1997,3,25,2,9945
9.875,10.125,10.0,9.875,56200,1997,3,26,3,9946
9.875,10.125,10.125,9.875,66500,1997,3,27,4,9947
9.75,10.0,9.875,9.875,123300,1997,3,31,1,9951
9.0,9.875,9.75,9.0,168500,1997,4,1,2,9952
8.875,9.5,9.0,9.5,174100,1997,4,2,3,9953
9.25,9.5625,9.5,9.5625,152100,1997,4,3,4,9954
9.375,9.625,9.375,9.375,237900,1997,4,4,5,9955
9.375,9.9375,9.5,9.875,253300,1997,4,7,1,9958
9.625,10.125,9.875,10.0,432600,1997,4,8,2,9959
10.0,10.125,10.0,10.0,175000,1997,4,9,3,9960
9.875,10.0625,9.875,10.0625,55000,1997,4,10,4,9961
9.5,10.0,9.875,9.625,95700,1997,4,11,5,9962
9.125,9.625,9.5,9.234375,450600,1997,4,14,1,9965
9.25,9.5,9.25,9.375,242500,1997,4,15,2,9966
9.375,9.625,9.4375,9.5,61900,1997,4,16,3,9967
9.375,9.625,9.625,9.421875,31300,1997,4,17,4,9968
9.25,9.5,9.375,9.375,32900,1997,4,18,5,9969
9.125,9.375,9.375,9.28125,96900,1997,4,21,1,9972
9.125,9.3125,9.125,9.1875,63000,1997,4,22,2,9973
9.125,9.375,9.125,9.375,133700,1997,4,23,3,9974
9.125,9.5,9.125,9.3125,60600,1997,4,24,4,9975
9.25,9.5,9.25,9.5,77200,1997,4,25,5,9976
9.25,9.5,9.25,9.25,78000,1997,4,28,1,9979
9.25,9.5,9.375,9.3125,53000,1997,4,29,2,9980
9.125,9.375,9.25,9.265625,55100,1997,4,30,3,9981
9.125,9.4375,9.125,9.3125,98900,1997,5,1,4,9982
9.25,9.75,9.25,9.75,483800,1997,5,2,5,9983
9.625,10.125,9.625,10.0,252700,1997,5,5,1,9986
9.875,10.125,10.0,9.875,72500,1997,5,6,2,9987
9.75,10.0,9.875,9.75,148400,1997,5,7,3,9988
9.625,9.9375,9.75,9.6875,112000,1997,5,8,4,9989
9.125,9.75,9.625,9.25,286500,1997,5,9,5,9990
9.1875,9.375,9.1875,9.25,57000,1997,5,12,1,9993
9.25,9.5625,9.25,9.375,274700,1997,5,13,2,9994
9.3125,9.5625,9.375,9.3125,38000,1997,5,14,3,9995
9.25,9.453125,9.25,9.375,73000,1997,5,15,4,9996
9.375,9.5625,9.375,9.375,66600,1997,5,16,5,9997
9.25,9.5,9.5,9.3125,56500,1997,5,19,1,10000
9.3125,9.5,9.3125,9.34375,59900,1997,5,20,2,10001
8.875,9.375,9.3125,9.0,430600,1997,5,21,3,10002
9.0,9.375,9.0,9.375,256300,1997,5,22,4,10003
9.25,9.5,9.25,9.375,165200,1997,5,23,5,10004
9.3125,9.75,9.3125,9.625,350900,1997,5,27,2,10008
9.4375,9.75,9.625,9.4375,200600,1997,5,28,3,10009
9.4375,9.625,9.4375,9.5,334400,1997,5,29,4,10010
9.0,9.375,9.375,9.125,702400,1997,5,30,5,10011
9.0,9.3125,9.125,9.25,111000,1997,6,2,1,10014
9.25,9.625,9.25,9.5625,209000,1997,6,3,2,10015
9.375,9.875,9.375,9.75,309200,1997,6,4,3,10016
9.75,10.1875,9.9375,10.125,274700,1997,6,5,4,10017
10.0,10.4375,10.1875,10.375,237400,1997,6,6,5,10018
10.25,10.5,10.25,10.25,416200,1997,6,9,1,10021
10.125,10.375,10.25,10.25,139500,1997,6,10,2,10022
10.0625,10.25,10.25,10.25,383300,1997,6,11,3,10023
10.125,10.625,10.25,10.5625,464900,1997,6,12,4,10024
10.5,11.9375,10.625,11.0,1921800,1997,6,13,5,10025
10.875,11.25,11.0,11.125,225300,1997,6,16,1,10028
10.875,11.25,11.0,10.875,201100,1997,6,17,2,10029
10.75,11.3125,10.875,11.125,351000,1997,6,18,3,10030
10.75,11.375,11.25,10.75,234300,1997,6,19,4,10031
10.6875,11.0,10.75,10.6875,68100,1997,6,20,5,10032
10.625,10.875,10.625,10.75,48700,1997,6,23,1,10035
10.25,10.75,10.75,10.375,218900,1997,6,24,2,10036
10.0,10.5,10.375,10.125,305600,1997,6,25,3,10037
10.0,10.1875,10.125,10.125,51500,1997,6,26,4,10038
10.0,10.625,10.0,10.59375,192700,1997,6,27,5,10039
10.5,10.75,10.5,10.625,105200,1997,6,30,1,10042
10.5625,10.8125,10.625,10.625,169100,1997,7,1,2,10043
10.5625,10.75,10.625,10.625,124600,1997,7,2,3,10044
10.625,10.75,10.625,10.75,95000,1997,7,3,4,10045
10.625,10.9375,10.625,10.9375,181300,1997,7,7,1,10049
10.8125,11.0625,10.9375,11.0,201200,1997,7,8,2,10050
10.875,11.125,11.0,10.875,101200,1997,7,9,3,10051
10.875,11.0625,10.875,10.875,98100,1997,7,10,4,10052
10.5,11.0,10.875,10.5625,151600,1997,7,11,5,10053
10.25,10.625,10.4375,10.625,334500,1997,7,14,1,10056
9.75,10.5,10.375,9.875,2906100,1997,7,15,2,10057
9.625,9.8125,9.75,9.8125,1682300,1997,7,16,3,10058
9.6875,10.0,9.8125,9.6875,156800,1997,7,17,4,10059
9.625,9.875,9.6875,9.75,208900,1997,7,18,5,10060
9.25,9.75,9.625,9.375,344900,1997,7,21,1,10063
9.25,9.75,9.375,9.5,155100,1997,7,22,2,10064
9.4375,9.75,9.5,9.46875,142900,1997,7,23,3,10065
9.4375,9.625,9.4375,9.5,73800,1997,7,24,4,10066
9.375,9.625,9.625,9.4375,145800,1997,7,25,5,10067
9.375,9.5,9.375,9.375,34900,1997,7,28,1,10070
9.375,9.5,9.375,9.375,841000,1997,7,29,2,10071
9.375,9.875,9.375,9.875,102400,1997,7,30,3,10072
9.75,10.0625,9.75,10.0,195900,1997,7,31,4,10073
9.4375,10.0,10.0,9.5625,234000,1997,8,1,5,10074
9.4375,9.5625,9.4375,9.5,85200,1997,8,4,1,10077
9.4375,9.5625,9.5,9.5,423500,1997,8,5,2,10078
9.453125,9.5625,9.5,9.5,108100,1997,8,6,3,10079
9.5,9.625,9.625,9.5,119900,1997,8,7,4,10080
9.375,9.5625,9.5625,9.375,41900,1997,8,8,5,10081
9.375,9.5625,9.375,9.4375,386200,1997,8,11,1,10084
9.375,9.5625,9.4375,9.4375,255400,1997,8,12,2,10085
9.4375,9.625,9.5,9.5,305900,1997,8,13,3,10086
9.4375,9.625,9.5,9.5,245200,1997,8,14,4,10087
9.5,9.625,9.5,9.5,79400,1997,8,15,5,10088
9.5,9.625,9.5,9.5,349000,1997,8,18,1,10091
9.4375,9.5625,9.4375,9.5,66100,1997,8,19,2,10092
9.4375,9.5,9.5,9.4375,74200,1997,8,20,3,10093
9.375,9.5,9.4375,9.375,40800,1997,8,21,4,10094
9.34375,9.5,9.4375,9.5,76900,1997,8,22,5,10095
9.375,9.5,9.375,9.4375,56000,1997,8,25,1,10098
9.375,9.5,9.375,9.375,78700,1997,8,26,2,10099
9.25,9.5,9.375,9.484375,139700,1997,8,27,3,10100
9.4375,9.5,9.4375,9.46875,21000,1997,8,28,4,10101
9.4375,9.625,9.4375,9.5625,114900,1997,8,29,5,10102
9.5625,10.0,9.5625,10.0,137300,1997,9,2,2,10106
9.9375,10.375,10.0,10.125,231100,1997,9,3,3,10107
10.125,11.75,10.125,11.75,1148100,1997,9,4,4,10108
10.5,11.375,11.375,11.03125,1622600,1997,9,5,5,10109
10.9375,11.0625,11.0625,11.0,571200,1997,9,8,1,10112
10.875,11.0,11.0,10.875,169000,1997,9,9,2,10113
10.8125,10.9375,10.875,10.8125,85400,1997,9,10,3,10114
10.75,10.8125,10.75,10.75,102400,1997,9,11,4,10115
10.75,10.8125,10.8125,10.75,38900,1997,9,12,5,10116
10.75,10.875,10.75,10.8125,130500,1997,9,15,1,10119
10.8125,10.875,10.8125,10.8125,45500,1997,9,16,2,10120
10.5625,10.875,10.8125,10.5625,851500,1997,9,17,3,10121
10.5,10.6875,10.625,10.6875,237400,1997,9,18,4,10122
10.625,10.75,10.625,10.6875,62000,1997,9,19,5,10123
10.5,10.6875,10.625,10.5625,656300,1997,9,22,1,10126
10.4375,10.5625,10.5625,10.5,280400,1997,9,23,2,10127
10.34375,10.5,10.4375,10.375,184700,1997,9,24,3,10128
10.375,10.5,10.375,10.375,144400,1997,9,25,4,10129
10.375,10.5,10.375,10.4375,53200,1997,9,26,5,10130
10.375,10.5,10.375,10.421875,111900,1997,9,29,1,10133
10.125,10.375,10.3125,10.125,199000,1997,9,30,2,10134
10.125,10.5,10.125,10.375,579700,1997,10,1,3,10135
10.125,10.4375,10.25,10.1875,114100,1997,10,2,4,10136
10.25,10.8125,10.25,10.6875,846500,1997,10,3,5,10137
10.625,11.1875,10.75,11.125,997000,1997,10,6,1,10140
10.75,11.1875,11.125,10.9375,288800,1997,10,7,2,10141
10.9375,11.125,10.9375,10.9375,97300,1997,10,8,3,10142
10.9375,11.625,10.9375,11.59375,332500,1997,10,9,4,10143
11.4375,11.75,11.4375,11.6875,259200,1997,10,10,5,10144
11.6875,12.125,11.75,12.0,455500,1997,10,13,1,10147
11.875,12.125,12.0,11.875,165100,1997,10,14,2,10148
11.875,12.25,11.875,11.9375,584700,1997,10,15,3,10149
12.125,13.25,12.25,12.75,1454700,1997,10,16,4,10150
11.875,12.875,12.75,12.125,394300,1997,10,17,5,10151
11.875,12.125,12.0,11.9375,132900,1997,10,20,1,10154
11.875,12.125,11.9375,11.875,218500,1997,10,21,2,10155
11.75,12.0,11.875,11.8125,50900,1997,10,22,3,10156
11.5,11.75,11.75,11.75,102800,1997,10,23,4,10157
11.25,11.8125,11.75,11.40625,115600,1997,10,24,5,10158
10.25,11.375,11.25,10.25,235700,1997,10,27,1,10161
9.5,10.375,10.25,10.0625,232400,1997,10,28,2,10162
9.875,10.625,10.125,10.5625,341200,1997,10,29,3,10163
10.125,10.375,10.375,10.125,161300,1997,10,30,4,10164
10.09375,10.375,10.25,10.375,159100,1997,10,31,5,10165
10.234375,10.4375,10.25,10.3125,101200,1997,11,3,1,10168
10.125,10.375,10.25,10.25,71600,1997,11,4,2,10169
10.125,10.5,10.25,10.375,577600,1997,11,5,3,10170
10.375,10.875,10.5,10.625,554900,1997,11,6,4,10171
10.25,10.625,10.375,10.5,302200,1997,11,7,5,10172
10.5,10.84375,10.625,10.625,128700,1997,11,10,1,10175
10.625,10.8125,10.75,10.6875,225300,1997,11,11,2,10176
10.1875,10.625,10.5,10.1875,133900,1997,11,12,3,10177
10.0,10.125,10.125,10.125,229000,1997,11,13,4,10178
9.875,10.0625,10.0,9.875,95400,1997,11,14,5,10179
9.875,10.125,9.875,10.0,84200,1997,11,17,1,10182
9.625,10.0625,10.0,9.625,200200,1997,11,18,2,10183
9.25,9.6875,9.625,9.25,158300,1997,11,19,3,10184
8.5,9.3125,9.25,8.9375,206000,1997,11,20,4,10185
9.125,9.25,9.1875,9.125,41400,1997,11,21,5,10186
9.0625,9.25,9.25,9.125,120300,1997,11,24,1,10189
9.0625,9.5,9.0625,9.3125,67600,1997,11,25,2,10190
9.375,9.75,9.4375,9.75,77900,1997,11,26,3,10191
9.6875,9.9375,9.75,9.875,54600,1997,11,28,5,10193
9.8125,10.0,9.8125,9.9375,177600,1997,12,1,1,10196
9.8125,10.125,9.8125,10.0625,114200,1997,12,2,2,10197
9.75,10.25,9.875,9.875,461000,1997,12,3,3,10198
9.75,10.0,9.9375,9.75,73300,1997,12,4,4,10199
9.75,10.0,9.75,9.875,54200,1997,12,5,5,10200
9.75,10.0,9.875,9.75,114300,1997,12,8,1,10203
9.625,9.8125,9.75,9.625,95200,1997,12,9,2,10204
9.375,9.75,9.625,9.375,152500,1997,12,10,3,10205
9.125,9.375,9.25,9.125,92700,1997,12,11,4,10206
9.0,9.3125,9.125,9.0,143100,1997,12,12,5,10207
9.0,9.25,9.125,9.125,73000,1997,12,15,1,10210
9.125,9.25,9.125,9.1875,43700,1997,12,16,2,10211
9.0,9.25,9.125,9.0625,95300,1997,12,17,3,10212
9.0,9.25,9.125,9.25,216000,1997,12,18,4,10213
9.0,9.1875,9.1875,9.125,233800,1997,12,19,5,10214
9.0,9.25,9.1875,9.0,319900,1997,12,22,1,10217
8.625,9.0625,9.0,8.625,204600,1997,12,23,2,10218
8.5,8.8125,8.5,8.75,67900,1997,12,24,3,10219
8.625,8.8125,8.75,8.625,64600,1997,12,26,5,10221
8.5,8.75,8.5,8.5,50100,1997,12,29,1,10224
8.375,8.625,8.5,8.5625,138000,1997,12,30,2,10225
8.25,8.5625,8.5,8.4375,237700,1997,12,31,3,10226
8.25,8.5625,8.25,8.5,13400,1998,1,2,5,10228
8.25,8.625,8.25,8.625,88900,1998,1,5,1,10231
8.0,8.625,8.625,8.0,230100,1998,1,6,2,10232
7.125,8.125,8.125,7.375,855900,1998,1,7,3,10233
7.375,7.6875,7.375,7.59375,229800,1998,1,8,4,10234
7.375,7.703125,7.5,7.375,216600,1998,1,9,5,10235
7.1875,7.5,7.375,7.25,275400,1998,1,12,1,10238
7.1875,7.375,7.234375,7.25,149700,1998,1,13,2,10239
7.1875,7.5,7.1875,7.4375,232000,1998,1,14,3,10240
7.375,8.375,7.375,8.375,232600,1998,1,15,4,10241
8.375,8.875,8.375,8.4375,136100,1998,1,16,5,10242
8.375,8.875,8.5625,8.75,65400,1998,1,20,2,10246
8.3125,8.875,8.625,8.375,80300,1998,1,21,3,10247
8.0,8.375,8.25,8.0625,88000,1998,1,22,4,10248
7.9375,8.125,7.9375,7.9375,22700,1998,1,23,5,10249
8.0,8.4375,8.0,8.25,60200,1998,1,26,1,10252
8.5,8.875,8.5,8.84375,156400,1998,1,27,2,10253
8.625,8.9375,8.75,8.6875,52300,1998,1,28,3,10254
8.375,8.875,8.625,8.4375,116700,1998,1,29,4,10255
8.375,8.59375,8.5,8.5,53300,1998,1,30,5,10256
8.125,8.5625,8.5625,8.25,117800,1998,2,2,1,10259
8.0,8.25,8.125,8.0625,88000,1998,2,3,2,10260
8.125,8.875,8.125,8.71875,349000,1998,2,4,3,10261
8.5,8.875,8.625,8.625,202100,1998,2,5,4,10262
8.4375,8.875,8.75,8.5,92400,1998,2,6,5,10263
8.25,8.6875,8.625,8.4375,68900,1998,2,9,1,10266
8.25,8.4375,8.25,8.4375,50000,1998,2,10,2,10267
8.234375,8.5,8.25,8.3125,140800,1998,2,11,3,10268
8.0,8.3125,8.25,8.046875,147400,1998,2,12,4,10269
7.875,8.25,8.0,8.140625,143500,1998,2,13,5,10270
8.0,8.1875,8.0,8.0625,117700,1998,2,17,2,10274
8.0,8.125,8.0,8.0625,46800,1998,2,18,3,10275
8.0,8.25,8.0,8.125,102700,1998,2,19,4,10276
8.875,9.75,9.0,9.75,2069100,1998,2,20,5,10277
8.5,9.75,9.5,8.625,2846900,1998,2,23,1,10280
8.4375,9.0,8.75,8.46875,709700,1998,2,24,2,10281
7.875,8.5625,8.5,8.3125,886700,1998,2,25,3,10282
8.25,8.625,8.3125,8.5,382600,1998,2,26,4,10283
8.484375,8.5625,8.5625,8.5625,341900,1998,2,27,5,10284
8.375,8.75,8.625,8.6875,602000,1998,3,2,1,10287
8.625,8.8125,8.6875,8.8125,311900,1998,3,3,2,10288
8.625,9.25,8.8125,9.234375,462600,1998,3,4,3,10289
8.875,9.1875,9.125,9.0625,369900,1998,3,5,4,10290
8.9375,9.125,9.125,9.0,103600,1998,3,6,5,10291
8.75,9.125,9.0,8.75,161700,1998,3,9,1,10294
8.625,8.875,8.875,8.78125,151900,1998,3,10,2,10295
8.625,8.8125,8.6875,8.625,164200,1998,3,11,3,10296
8.5,8.6875,8.6875,8.6875,136100,1998,3,12,4,10297
8.5625,8.6875,8.5625,8.625,143600,1998,3,13,5,10298
8.5,8.6875,8.6875,8.625,88500,1998,3,16,1,10301
8.5,8.6875,8.625,8.53125,149200,1998,3,17,2,10302
8.5,8.625,8.5,8.5,92200,1998,3,18,3,10303
7.78125,8.625,8.625,7.875,520600,1998,3,19,4,10304
7.8125,8.25,7.875,8.03125,249400,1998,3,20,5,10305
7.9375,8.25,8.21875,8.0,159400,1998,3,23,1,10308
7.875,8.125,8.0,8.0,235900,1998,3,24,2,10309
7.6875,8.0625,7.9375,7.875,224800,1998,3,25,3,10310
7.625,7.9375,7.75,7.875,149400,1998,3,26,4,10311
7.6875,8.0,7.9375,7.8125,249500,1998,3,27,5,10312
7.6875,7.90625,7.875,7.6875,163000,1998,3,30,1,10315
7.5625,7.8125,7.8125,7.625,207000,1998,3,31,2,10316
7.1875,7.796875,7.6875,7.5,230200,1998,4,1,3,10317
7.375,7.5625,7.5,7.4375,300100,1998,4,2,4,10318
7.375,7.5625,7.4375,7.5625,252300,1998,4,3,5,10319
7.5,7.6875,7.5,7.5,271400,1998,4,6,1,10322
7.4375,7.5625,7.5,7.4375,130000,1998,4,7,2,10323
7.4375,7.5,7.4375,7.5,102400,1998,4,8,3,10324
7.3125,7.625,7.5,7.3125,124700,1998,4,9,4,10325
6.625,7.625,7.625,6.75,367600,1998,4,13,1,10329
5.8125,6.875,6.75,6.3125,858100,1998,4,14,2,10330
6.3125,6.8125,6.5,6.8125,255800,1998,4,15,3,10331
6.75,7.125,6.75,6.9375,167600,1998,4,16,4,10332
6.875,7.375,6.875,7.125,200500,1998,4,17,5,10333
7.1875,7.46875,7.25,7.25,146300,1998,4,20,1,10336
6.90625,7.25,7.1875,6.9375,156400,1998,4,21,2,10337
6.625,7.0625,7.0625,6.6875,246300,1998,4,22,3,10338
6.625,6.75,6.625,6.6875,79800,1998,4,23,4,10339
6.3125,6.75,6.6875,6.375,337900,1998,4,24,5,10340
5.875,6.3125,6.21875,5.9375,365500,1998,4,27,1,10343
5.875,6.125,5.9375,6.0,203600,1998,4,28,2,10344
5.578125,6.0,6.0,5.703125,377200,1998,4,29,3,10345
5.78125,5.96875,5.9375,5.84375,149500,1998,4,30,4,10346
5.84375,6.125,5.875,6.0625,228700,1998,5,1,5,10347
5.875,6.125,5.9375,6.0,136800,1998,5,4,1,10350
5.75,6.0,5.875,5.75,128800,1998,5,5,2,10351
5.625,5.875,5.75,5.78125,79700,1998,5,6,3,10352
5.5625,5.84375,5.84375,5.71875,186300,1998,5,7,4,10353
5.625,6.25,5.75,6.1875,249500,1998,5,8,5,10354
6.125,6.375,6.1875,6.1875,110700,1998,5,11,1,10357
6.125,6.3125,6.125,6.1875,92200,1998,5,12,2,10358
6.125,6.375,6.125,6.25,71000,1998,5,13,3,10359
6.125,6.5,6.3125,6.4375,125500,1998,5,14,4,10360
6.125,6.5,6.375,6.375,99300,1998,5,15,5,10361
6.125,6.375,6.1875,6.125,48700,1998,5,18,1,10364
6.125,6.375,6.125,6.328125,65800,1998,5,19,2,10365
6.25,6.375,6.375,6.25,35000,1998,5,20,3,10366
6.1875,6.375,6.1875,6.1875,213900,1998,5,21,4,10367
6.1875,6.40625,6.1875,6.25,143700,1998,5,22,5,10368
6.1875,6.4375,6.1875,6.3125,85700,1998,5,26,2,10372
5.96875,6.25,6.1875,5.96875,81600,1998,5,27,3,10373
5.96875,6.25,5.96875,6.25,63300,1998,5,28,4,10374
6.0,6.25,6.25,6.125,105200,1998,5,29,5,10375
5.9375,6.125,6.0,6.0625,197200,1998,6,1,1,10378
5.96875,6.125,6.0625,6.0,85400,1998,6,2,2,10379
5.875,6.125,6.125,6.0,53700,1998,6,3,3,10380
5.875,6.0625,5.90625,5.875,72700,1998,6,4,4,10381
5.875,6.4375,5.90625,6.375,291600,1998,6,5,5,10382
6.25,6.5,6.4375,6.5,101200,1998,6,8,1,10385
6.375,6.75,6.5,6.6875,123100,1998,6,9,2,10386
6.4375,6.625,6.5,6.4375,81600,1998,6,10,3,10387
6.5,7.125,6.625,6.6875,455200,1998,6,11,4,10388
7.0625,7.625,7.25,7.125,1624500,1998,6,12,5,10389
6.75,7.25,7.25,6.796875,435000,1998,6,15,1,10392
6.875,7.0625,6.875,7.0625,295500,1998,6,16,2,10393
6.8125,7.1875,7.0625,7.0,335500,1998,6,17,3,10394
7.0,7.1875,7.0,7.125,97300,1998,6,18,4,10395
7.0,7.1875,7.125,7.0625,207900,1998,6,19,5,10396
7.0,7.1875,7.1875,7.0625,68100,1998,6,22,1,10399
6.9375,7.125,7.125,7.03125,110600,1998,6,23,2,10400
7.0,7.125,7.125,7.0,125200,1998,6,24,3,10401
6.9375,7.125,7.0625,6.9375,134000,1998,6,25,4,10402
6.9375,7.1875,7.0625,7.125,159300,1998,6,26,5,10403
7.125,7.375,7.25,7.25,200900,1998,6,29,1,10406
7.125,7.375,7.375,7.25,129900,1998,6,30,2,10407
7.125,7.375,7.125,7.3125,119200,1998,7,1,3,10408
7.09375,7.375,7.125,7.1875,130500,1998,7,2,4,10409
7.125,7.4375,7.375,7.4375,122000,1998,7,6,1,10413
7.3125,7.6875,7.4375,7.5625,201800,1998,7,7,2,10414
7.4375,8.125,7.625,7.9375,376900,1998,7,8,3,10415
7.875,8.25,7.875,8.125,214100,1998,7,9,4,10416
7.875,8.1875,8.1875,7.9375,229700,1998,7,10,5,10417
7.875,8.0625,7.9375,8.0,152300,1998,7,13,1,10420
7.875,8.1875,7.875,8.1875,147800,1998,7,14,2,10421
8.125,8.5625,8.1875,8.3125,302200,1998,7,15,3,10422
8.3125,8.5625,8.5,8.4375,145000,1998,7,16,4,10423
8.375,8.515625,8.375,8.5,80600,1998,7,17,5,10424
8.375,8.75,8.5625,8.75,158800,1998,7,20,1,10427
8.5,8.875,8.625,8.6875,412000,1998,7,21,2,10428
8.5,8.6875,8.625,8.5625,148800,1998,7,22,3,10429
8.5625,8.75,8.625,8.640625,170500,1998,7,23,4,10430
8.5625,8.75,8.75,8.625,157400,1998,7,24,5,10431
8.5,8.625,8.5625,8.59375,147400,1998,7,27,1,10434
8.515625,8.625,8.5625,8.5625,124700,1998,7,28,2,10435
8.5,8.59375,8.5625,8.5,293800,1998,7,29,3,10436
8.375,8.5625,8.4375,8.375,130500,1998,7,30,4,10437
7.75,8.4375,8.375,7.875,280200,1998,7,31,5,10438
7.75,8.125,7.875,7.75,183800,1998,8,3,1,10441
7.125,7.875,7.75,7.3125,258700,1998,8,4,2,10442
6.9375,7.375,7.25,7.0,195300,1998,8,5,3,10443
6.75,7.0,6.875,6.875,281000,1998,8,6,4,10444
6.8125,7.0,6.8125,7.0,166400,1998,8,7,5,10445
6.9375,7.1875,6.9375,7.0625,52100,1998,8,10,1,10448
6.875,7.125,6.9375,6.875,154700,1998,8,11,2,10449
6.875,7.125,6.9375,6.875,59700,1998,8,12,3,10450
6.6875,7.0625,6.875,6.6875,54000,1998,8,13,4,10451
6.75,6.875,6.75,6.875,103600,1998,8,14,5,10452
6.75,7.0,6.75,6.875,138000,1998,8,17,1,10455
6.8125,7.03125,6.8125,7.0,117600,1998,8,18,2,10456
6.8125,7.0,7.0,6.875,35300,1998,8,19,3,10457
6.6875,6.9375,6.9375,6.6875,64600,1998,8,20,4,10458
6.625,6.875,6.625,6.625,77700,1998,8,21,5,10459
6.5625,6.875,6.75,6.6875,54100,1998,8,24,1,10462
6.5,6.875,6.5625,6.625,112800,1998,8,25,2,10463
6.25,6.5625,6.4375,6.25,83400,1998,8,26,3,10464
5.75,6.3125,6.3125,6.125,149300,1998,8,27,4,10465
5.875,6.375,6.125,6.0,111200,1998,8,28,5,10466
5.0,6.125,6.125,5.375,263100,1998,8,31,1,10469
5.0,5.5625,5.375,5.3125,174600,1998,9,1,2,10470
5.375,5.75,5.5625,5.5625,67600,1998,9,2,3,10471
5.375,5.625,5.5,5.375,119800,1998,9,3,4,10472
5.375,5.75,5.375,5.75,45300,1998,9,4,5,10473
5.625,6.5,5.875,6.5,170100,1998,9,8,2,10477
5.9375,6.5,6.4375,6.0,79600,1998,9,9,3,10478
5.8125,6.375,5.875,6.25,319800,1998,9,10,4,10479
6.125,6.5625,6.125,6.5,68300,1998,9,11,5,10480
6.375,6.625,6.5,6.5625,26500,1998,9,14,1,10483
6.109375,6.375,6.25,6.125,117200,1998,9,15,2,10484
5.8125,6.125,6.125,5.875,61000,1998,9,16,3,10485
5.6875,5.9375,5.75,5.875,121900,1998,9,17,4,10486
5.75,5.875,5.75,5.875,26500,1998,9,18,5,10487
5.5,5.75,5.75,5.6875,40300,1998,9,21,1,10490
5.375,5.5625,5.5625,5.5625,71500,1998,9,22,2,10491
5.5,5.75,5.625,5.75,33800,1998,9,23,3,10492
5.5,5.8125,5.5,5.75,46100,1998,9,24,4,10493
5.5,5.6875,5.5,5.5,59700,1998,9,25,5,10494
5.40625,5.65625,5.53125,5.5625,40600,1998,9,28,1,10497
5.5,5.75,5.5625,5.625,114600,1998,9,29,2,10498
5.375,5.625,5.5,5.375,33700,1998,9,30,3,10499
5.3125,5.5625,5.3125,5.4375,71800,1998,10,1,4,10500
5.25,5.5,5.4375,5.375,147700,1998,10,2,5,10501
5.1875,5.375,5.25,5.3125,71300,1998,10,5,1,10504
5.25,5.4375,5.3125,5.375,156300,1998,10,6,2,10505
5.3125,5.875,5.375,5.75,205800,1998,10,7,3,10506
5.5,5.75,5.625,5.5,129200,1998,10,8,4,10507
5.5,5.875,5.5,5.875,32200,1998,10,9,5,10508
5.5625,5.875,5.8125,5.5625,29300,1998,10,12,1,10511
5.375,5.75,5.75,5.46875,68000,1998,10,13,2,10512
5.25,5.5,5.375,5.3125,144700,1998,10,14,3,10513
5.25,5.46875,5.46875,5.3125,129300,1998,10,15,4,10514
5.3125,5.625,5.3125,5.5,61200,1998,10,16,5,10515
5.375,5.625,5.375,5.5625,47600,1998,10,19,1,10518
5.5,5.75,5.5625,5.6875,71700,1998,10,20,2,10519
5.59375,5.8125,5.6875,5.6875,110100,1998,10,21,3,10520
5.625,5.875,5.8125,5.875,52300,1998,10,22,4,10521
5.625,5.9375,5.9375,5.875,69500,1998,10,23,5,10522
5.75,5.9375,5.75,5.875,26900,1998,10,26,1,10525
5.75,6.0,5.75,5.9375,72400,1998,10,27,2,10526
5.6875,5.9375,5.875,5.75,69900,1998,10,28,3,10527
5.625,5.875,5.625,5.78125,78300,1998,10,29,4,10528
5.8125,6.125,5.875,5.875,126200,1998,10,30,5,10529
5.875,6.171875,5.875,6.125,44300,1998,11,2,1,10532
5.625,6.1875,6.0,5.75,80800,1998,11,3,2,10533
5.75,5.96875,5.75,5.875,166900,1998,11,4,3,10534
5.75,6.0,5.75,5.875,40100,1998,11,5,4,10535
5.5,5.875,5.75,5.59375,84200,1998,11,6,5,10536
5.3125,5.625,5.5,5.546875,163700,1998,11,9,1,10539
5.375,5.6875,5.4375,5.6875,128400,1998,11,10,2,10540
5.3125,5.6875,5.625,5.46875,81400,1998,11,11,3,10541
5.25,5.5,5.25,5.3125,124200,1998,11,12,4,10542
5.25,5.4375,5.25,5.4375,120100,1998,11,13,5,10543
5.25,5.4375,5.25,5.3125,71900,1998,11,16,1,10546
5.0625,5.40625,5.3125,5.25,142600,1998,11,17,2,10547
5.125,5.40625,5.125,5.40625,168300,1998,11,18,3,10548
5.21875,5.5,5.4375,5.375,189500,1998,11,19,4,10549
5.21875,5.5,5.375,5.25,102200,1998,11,20,5,10550
4.3125,5.25,5.21875,4.5,446000,1998,11,23,1,10553
4.5,4.875,4.5625,4.6875,264100,1998,11,24,2,10554
4.625,4.875,4.6875,4.8125,85600,1998,11,25,3,10555
4.625,4.875,4.625,4.75,40500,1998,11,27,5,10557
4.53125,4.8125,4.6875,4.8125,140900,1998,11,30,1,10560
4.4375,4.6875,4.53125,4.46875,118500,1998,12,1,2,10561
4.25,4.5,4.46875,4.3125,177700,1998,12,2,3,10562
4.25,4.4375,4.375,4.25,157600,1998,12,3,4,10563
4.1875,4.4375,4.25,4.375,118300,1998,12,4,5,10564
4.1875,4.4375,4.1875,4.4375,142800,1998,12,7,1,10567
4.25,4.375,4.3125,4.25,105800,1998,12,8,2,10568
4.125,4.3125,4.25,4.25,166500,1998,12,9,3,10569
3.8125,4.3125,4.1875,4.0,104500,1998,12,10,4,10570
3.8125,4.0625,3.875,3.875,192300,1998,12,11,5,10571
3.4375,3.9375,3.875,3.625,222900,1998,12,14,1,10574
3.25,3.875,3.625,3.3125,293100,1998,12,15,2,10575
3.0,3.375,3.3125,3.3125,326700,1998,12,16,3,10576
3.25,3.4375,3.375,3.375,181200,1998,12,17,4,10577
3.25,3.5625,3.25,3.53125,181200,1998,12,18,5,10578
3.40625,4.0625,3.4375,3.9375,335100,1998,12,21,1,10581
3.875,4.125,3.875,4.0625,447000,1998,12,22,2,10582
3.5625,4.0625,4.0,3.75,294900,1998,12,23,3,10583
3.5625,3.75,3.75,3.6875,102100,1998,12,24,4,10584
3.25,3.75,3.6875,3.3125,357600,1998,12,28,1,10588
3.25,3.59375,3.3125,3.3125,328900,1998,12,29,2,10589
3.1875,3.375,3.25,3.28125,743900,1998,12,30,3,10590
3.28125,3.625,3.375,3.53125,489100,1998,12,31,4,10591
3.375,3.75,3.625,3.5625,220500,1999,1,4,1,10595
3.5625,3.75,3.625,3.75,263200,1999,1,5,2,10596
3.75,4.125,3.8125,3.9375,276300,1999,1,6,3,10597
3.8125,4.0625,4.0,3.90625,196000,1999,1,7,4,10598
3.9375,4.125,4.125,3.96875,108900,1999,1,8,5,10599
3.5625,4.0,4.0,3.6875,113900,1999,1,11,1,10602
3.53125,3.6875,3.6875,3.5625,69400,1999,1,12,2,10603
3.375,3.625,3.53125,3.375,148000,1999,1,13,3,10604
3.3125,3.5,3.5,3.3125,94200,1999,1,14,4,10605
3.3125,3.59375,3.3125,3.53125,136300,1999,1,15,5,10606
3.5,3.6875,3.5,3.5,76500,1999,1,19,2,10610
3.5,3.75,3.625,3.6875,140200,1999,1,20,3,10611
3.5,3.6875,3.6875,3.5625,104000,1999,1,21,4,10612
3.375,3.5625,3.5,3.375,106300,1999,1,22,5,10613
3.375,3.5,3.4375,3.4375,157400,1999,1,25,1,10616
3.34375,3.4375,3.34375,3.375,59600,1999,1,26,2,10617
3.25,3.4375,3.34375,3.25,145600,1999,1,27,3,10618
3.25,3.375,3.375,3.25,87000,1999,1,28,4,10619
3.1875,3.375,3.375,3.25,57600,1999,1,29,5,10620
3.125,3.3125,3.25,3.25,134000,1999,2,1,1,10623
3.125,3.3125,3.25,3.125,79800,1999,2,2,2,10624
3.125,3.3125,3.3125,3.125,42900,1999,2,3,3,10625
3.125,3.375,3.3125,3.1875,83900,1999,2,4,4,10626
3.0,3.25,3.203125,3.03125,175100,1999,2,5,5,10627
3.0,3.3125,3.25,3.1875,199700,1999,2,8,1,10630
3.0,3.125,3.03125,3.125,76600,1999,2,9,2,10631
3.0,3.1875,3.0625,3.0,254100,1999,2,10,3,10632
3.0,3.375,3.0,3.375,145900,1999,2,11,4,10633
3.0625,3.4375,3.3125,3.4375,1191500,1999,2,12,5,10634
3.34375,3.5,3.375,3.4375,142700,1999,2,16,2,10638
3.34375,3.5,3.4375,3.40625,73100,1999,2,17,3,10639
3.28125,3.375,3.34375,3.28125,111300,1999,2,18,4,10640
3.1875,3.40625,3.28125,3.28125,56600,1999,2,19,5,10641
3.21875,3.375,3.25,3.21875,83100,1999,2,22,1,10644
3.1875,3.25,3.21875,3.1875,21400,1999,2,23,2,10645
3.0,3.25,3.25,3.125,1054300,1999,2,24,3,10646
3.09375,3.1875,3.125,3.125,107100,1999,2,25,4,10647
3.09375,3.1875,3.09375,3.1875,54900,1999,2,26,5,10648
3.09375,3.25,3.125,3.25,78900,1999,3,1,1,10651
3.125,3.25,3.25,3.15625,53000,1999,3,2,2,10652
3.125,3.21875,3.15625,3.125,70600,1999,3,3,3,10653
3.03125,3.21875,3.09375,3.078125,105600,1999,3,4,4,10654
3.0625,3.15625,3.0625,3.0625,109800,1999,3,5,5,10655
3.0,3.125,3.0625,3.03125,57000,1999,3,8,1,10658
3.03125,3.09375,3.03125,3.09375,71700,1999,3,9,2,10659
3.0,3.125,3.125,3.03125,41100,1999,3,10,3,10660
2.6875,3.03125,3.0,2.6875,292200,1999,3,11,4,10661
2.625,2.8125,2.6875,2.8125,253300,1999,3,12,5,10662
2.6875,2.875,2.75,2.75,304400,1999,3,15,1,10665
2.625,2.8125,2.6875,2.75,151400,1999,3,16,2,10666
2.6875,2.84375,2.6875,2.84375,162300,1999,3,17,3,10667
2.75,2.875,2.875,2.75,73700,1999,3,18,4,10668
2.5625,2.8125,2.625,2.625,93000,1999,3,19,5,10669
2.5625,2.75,2.5625,2.5625,37900,1999,3,22,1,10672
2.4375,2.75,2.75,2.453125,199900,1999,3,23,2,10673
2.25,2.5,2.4375,2.3125,276100,1999,3,24,3,10674
2.09375,2.4375,2.28125,2.09375,299000,1999,3,25,4,10675
1.96875,2.1875,2.125,2.1875,364700,1999,3,26,5,10676
2.1875,2.625,2.1875,2.4375,210600,1999,3,29,1,10679
2.375,2.5625,2.375,2.40625,45200,1999,3,30,2,10680
2.375,2.5,2.375,2.4375,97000,1999,3,31,3,10681
2.375,2.625,2.625,2.5,105600,1999,4,1,4,10682
2.375,2.625,2.5,2.46875,124500,1999,4,5,1,10686
2.4375,2.625,2.46875,2.46875,219300,1999,4,6,2,10687
2.5,2.5625,2.5,2.5,152200,1999,4,7,3,10688
2.5,2.625,2.5625,2.5625,168600,1999,4,8,4,10689
2.625,2.9375,2.625,2.875,156900,1999,4,9,5,10690
2.71875,3.6875,2.875,3.25,376500,1999,4,12,1,10693
3.125,3.5625,3.25,3.125,127900,1999,4,13,2,10694
3.125,3.3125,3.15625,3.1875,262400,1999,4,14,3,10695
3.25,3.4375,3.3125,3.4375,123300,1999,4,15,4,10696
3.375,3.875,3.4375,3.6875,355200,1999,4,16,5,10697
3.6875,4.0,3.6875,3.875,361300,1999,4,19,1,10700
3.75,4.03125,4.0,4.0,216400,1999,4,20,2,10701
3.9375,4.3125,3.9375,4.25,223100,1999,4,21,3,10702
4.1875,4.375,4.1875,4.375,148900,1999,4,22,4,10703
4.375,4.625,4.4375,4.5,139000,1999,4,23,5,10704
4.5,4.9375,4.75,4.5625,253000,1999,4,26,1,10707
4.125,4.71875,4.71875,4.3125,230900,1999,4,27,2,10708
3.75,4.3125,4.3125,3.84375,138100,1999,4,28,3,10709
3.4375,4.0,3.78125,3.625,337600,1999,4,29,4,10710
3.484375,3.6875,3.5625,3.5,122600,1999,4,30,5,10711
3.4375,3.625,3.59375,3.5625,281000,1999,5,3,1,10714
3.5625,4.0,3.5625,3.625,137700,1999,5,4,2,10715
3.625,4.125,3.625,4.0625,183800,1999,5,5,3,10716
3.9375,4.375,4.125,4.0,88200,1999,5,6,4,10717
3.875,4.1875,3.875,4.03125,83900,1999,5,7,5,10718
3.625,4.0,4.0,3.625,156100,1999,5,10,1,10721
3.625,4.0625,3.625,3.875,120100,1999,5,11,2,10722
3.8125,4.0,3.875,3.875,32400,1999,5,12,3,10723
3.75,4.0,4.0,3.875,34600,1999,5,13,4,10724
3.78125,3.875,3.875,3.78125,75200,1999,5,14,5,10725
3.75,3.875,3.875,3.8125,75400,1999,5,17,1,10728
3.6875,3.9375,3.75,3.75,110900,1999,5,18,2,10729
3.40625,3.71875,3.65625,3.4375,240800,1999,5,19,3,10730
3.40625,3.53125,3.4375,3.4375,90600,1999,5,20,4,10731
3.40625,3.75,3.40625,3.5625,163600,1999,5,21,5,10732
3.25,3.59375,3.5625,3.4375,126000,1999,5,24,1,10735
3.375,3.5625,3.375,3.4375,81700,1999,5,25,2,10736
3.34375,3.5,3.4375,3.375,57600,1999,5,26,3,10737
3.25,3.4375,3.4375,3.3125,43900,1999,5,27,4,10738
3.1875,3.375,3.25,3.25,97400,1999,5,28,5,10739
3.25,3.5,3.25,3.5,91200,1999,6,1,2,10743
3.4375,3.5625,3.5,3.4375,33500,1999,6,2,3,10744
3.46875,3.5625,3.53125,3.5,81800,1999,6,3,4,10745
3.46875,3.5625,3.5,3.46875,55400,1999,6,4,5,10746
3.125,3.5625,3.5,3.1875,183400,1999,6,7,1,10749
3.1875,3.375,3.375,3.25,116200,1999,6,8,2,10750
3.1875,3.375,3.25,3.21875,183400,1999,6,9,3,10751
3.25,3.375,3.3125,3.375,93400,1999,6,10,4,10752
3.25,3.5625,3.25,3.5,92000,1999,6,11,5,10753
3.375,3.5625,3.5,3.40625,140300,1999,6,14,1,10756
3.375,3.5,3.46875,3.5,238500,1999,6,15,2,10757
3.375,3.5,3.5,3.4375,159400,1999,6,16,3,10758
3.375,3.515625,3.4375,3.5,153700,1999,6,17,4,10759
3.4375,3.5625,3.4375,3.4375,93800,1999,6,18,5,10760
3.4375,3.59375,3.4375,3.5,85000,1999,6,21,1,10763
3.5,3.8125,3.5,3.8125,99900,1999,6,22,2,10764
3.6875,3.875,3.875,3.8125,86400,1999,6,23,3,10765
3.75,3.875,3.75,3.75,40900,1999,6,24,4,10766
3.625,3.75,3.75,3.625,77800,1999,6,25,5,10767
3.625,3.75,3.75,3.6875,68400,1999,6,28,1,10770
3.625,3.6875,3.65625,3.6875,56500,1999,6,29,2,10771
3.5,3.6875,3.5625,3.625,41900,1999,6,30,3,10772
3.25,3.6875,3.5,3.5,65000,1999,7,1,4,10773
3.375,3.625,3.375,3.375,90600,1999,7,2,5,10774
3.375,3.8125,3.375,3.8125,89600,1999,7,6,2,10778
3.625,3.8125,3.8125,3.625,64900,1999,7,7,3,10779
3.4375,3.625,3.5625,3.46875,63500,1999,7,8,4,10780
3.40625,3.5625,3.515625,3.40625,78200,1999,7,9,5,10781
3.375,3.46875,3.4375,3.40625,57800,1999,7,12,1,10784
3.375,3.5,3.40625,3.40625,32500,1999,7,13,2,10785
3.375,3.515625,3.375,3.40625,299300,1999,7,14,3,10786
3.4375,3.5625,3.5,3.5,112100,1999,7,15,4,10787
3.4375,3.5625,3.5625,3.5625,86200,1999,7,16,5,10788
3.4375,3.5625,3.5625,3.5625,238700,1999,7,19,1,10791
3.4375,3.5625,3.5,3.5625,131800,1999,7,20,2,10792
3.46875,3.9375,3.46875,3.625,151300,1999,7,21,3,10793
3.5,3.625,3.5625,3.625,100000,1999,7,22,4,10794
3.5,3.6875,3.625,3.5625,159800,1999,7,23,5,10795
3.5,3.5625,3.5,3.53125,131700,1999,7,26,1,10798
3.5,3.625,3.5,3.625,386600,1999,7,27,2,10799
3.5625,3.625,3.59375,3.625,41400,1999,7,28,3,10800
3.5,3.625,3.625,3.5625,43400,1999,7,29,4,10801
3.53125,3.625,3.53125,3.59375,33400,1999,7,30,5,10802
3.5,3.625,3.5,3.5625,42900,1999,8,2,1,10805
3.5,3.625,3.5,3.5625,48900,1999,8,3,2,10806
3.375,3.625,3.625,3.46875,33900,1999,8,4,3,10807
3.375,3.625,3.46875,3.625,99900,1999,8,5,4,10808
3.4375,3.625,3.4375,3.5625,134600,1999,8,6,5,10809
3.25,3.53125,3.5,3.25,88200,1999,8,9,1,10812
3.25,3.5,3.3125,3.25,113300,1999,8,10,2,10813
3.25,3.46875,3.25,3.3125,14100,1999,8,11,3,10814
3.1875,3.375,3.3125,3.25,61800,1999,8,12,4,10815
3.1875,3.3125,3.1875,3.25,46300,1999,8,13,5,10816
3.25,3.375,3.25,3.3125,64100,1999,8,16,1,10819
3.21875,3.28125,3.21875,3.21875,18100,1999,8,17,2,10820
3.15625,3.25,3.1875,3.1875,38200,1999,8,18,3,10821
3.125,3.28125,3.15625,3.28125,28900,1999,8,19,4,10822
3.1875,3.296875,3.21875,3.21875,17400,1999,8,20,5,10823
3.15625,3.375,3.21875,3.25,40300,1999,8,23,1,10826
3.21875,3.375,3.21875,3.3125,50300,1999,8,24,2,10827
3.3125,3.390625,3.3125,3.390625,44000,1999,8,25,3,10828
3.34375,3.625,3.4375,3.5625,96800,1999,8,26,4,10829
3.5625,3.75,3.5625,3.75,62300,1999,8,27,5,10830
3.5,3.75,3.5,3.625,54500,1999,8,30,1,10833
3.5,3.71875,3.71875,3.625,30400,1999,8,31,2,10834
3.5,3.6875,3.5625,3.53125,71400,1999,9,1,3,10835
3.4375,3.625,3.5625,3.5,30000,1999,9,2,4,10836
3.5,3.625,3.5625,3.625,22600,1999,9,3,5,10837
3.5,3.6875,3.59375,3.5,39200,1999,9,7,2,10841
3.375,3.5625,3.5625,3.5,51500,1999,9,8,3,10842
3.3125,3.5,3.4375,3.3125,43500,1999,9,9,4,10843
3.25,3.46875,3.25,3.375,65600,1999,9,10,5,10844
3.375,3.5,3.375,3.4375,40600,1999,9,13,1,10847
3.25,3.4375,3.375,3.40625,47500,1999,9,14,2,10848
3.25,3.375,3.25,3.3125,13000,1999,9,15,3,10849
3.25,3.375,3.3125,3.25,134900,1999,9,16,4,10850
3.25,3.5,3.25,3.4375,104000,1999,9,17,5,10851
3.40625,3.6875,3.5625,3.5625,65800,1999,9,20,1,10854
3.4375,3.625,3.4375,3.5625,58300,1999,9,21,2,10855
3.5625,3.75,3.5625,3.6875,155100,1999,9,22,3,10856
3.625,3.78125,3.65625,3.625,70600,1999,9,23,4,10857
3.5625,3.75,3.5625,3.5625,11000,1999,9,24,5,10858
3.625,3.78125,3.625,3.6875,47500,1999,9,27,1,10861
3.6875,3.875,3.6875,3.875,69000,1999,9,28,2,10862
3.78125,4.25,3.78125,4.0625,198900,1999,9,29,3,10863
4.0625,4.4375,4.125,4.375,136300,1999,9,30,4,10864
4.0625,4.375,4.375,4.125,213400,1999,10,1,5,10865
4.1875,4.625,4.1875,4.5,123900,1999,10,4,1,10868
4.5,4.875,4.5,4.75,150800,1999,10,5,2,10869
4.6875,4.84375,4.71875,4.71875,183200,1999,10,6,3,10870
4.625,4.765625,4.765625,4.6875,95600,1999,10,7,4,10871
4.1875,4.6875,4.6875,4.5,256500,1999,10,8,5,10872
4.125,4.5,4.4375,4.125,37500,1999,10,11,1,10875
4.1875,4.375,4.3125,4.25,56000,1999,10,12,2,10876
4.125,4.25,4.125,4.21875,71900,1999,10,13,3,10877
4.125,4.25,4.21875,4.125,51800,1999,10,14,4,10878
4.0,4.25,4.0625,4.1875,117500,1999,10,15,5,10879
4.0,4.140625,4.140625,4.0,35100,1999,10,18,1,10882
4.0,4.1875,4.125,4.0,81100,1999,10,19,2,10883
3.96875,4.1875,4.0,4.1875,74400,1999,10,20,3,10884
4.09375,4.3125,4.125,4.25,45600,1999,10,21,4,10885
4.1875,4.28125,4.25,4.21875,67100,1999,10,22,5,10886
4.125,4.25,4.21875,4.15625,45900,1999,10,25,1,10889
4.15625,4.25,4.15625,4.203125,78000,1999,10,26,2,10890
4.21875,4.28125,4.28125,4.28125,13700,1999,10,27,3,10891
4.25,4.34375,4.28125,4.28125,19600,1999,10,28,4,10892
4.21875,4.375,4.28125,4.328125,206400,1999,10,29,5,10893
4.3125,4.5,4.484375,4.3125,259900,1999,11,1,1,10896
4.25,4.5,4.5,4.375,134200,1999,11,2,2,10897
4.28125,4.46875,4.375,4.28125,134300,1999,11,3,3,10898
4.0625,4.40625,4.40625,4.15625,149300,1999,11,4,4,10899
4.125,4.25,4.25,4.125,132100,1999,11,5,5,10900
4.15625,4.4375,4.21875,4.34375,180100,1999,11,8,1,10903
4.1875,4.4375,4.3125,4.28125,66200,1999,11,9,2,10904
4.125,4.34375,4.25,4.21875,63900,1999,11,10,3,10905
4.1875,4.3125,4.25,4.25,97600,1999,11,11,4,10906
4.0625,4.3125,4.125,4.25,50400,1999,11,12,5,10907
4.125,4.375,4.1875,4.25,62500,1999,11,15,1,10910
4.25,4.5,4.34375,4.4375,268300,1999,11,16,2,10911
4.40625,4.875,4.5,4.875,160900,1999,11,17,3,10912
4.6875,4.875,4.6875,4.75,85100,1999,11,18,4,10913
4.65625,4.8125,4.734375,4.6875,93400,1999,11,19,5,10914
4.6875,5.0,4.6875,4.875,191000,1999,11,22,1,10917
4.8125,5.25,4.875,5.1875,347600,1999,11,23,2,10918
5.125,5.8125,5.15625,5.6875,438100,1999,11,24,3,10919
5.625,6.03125,5.671875,5.9375,309200,1999,11,26,5,10921
5.875,6.125,6.0,6.03125,351200,1999,11,29,1,10924
5.5,6.25,6.1875,5.84375,213100,1999,11,30,2,10925
5.5,6.0625,5.75,5.8125,159400,1999,12,1,3,10926
5.5,5.875,5.8125,5.5625,83000,1999,12,2,4,10927
4.875,5.75,5.5625,5.5625,376300,1999,12,3,5,10928
5.3125,5.625,5.4375,5.4375,87400,1999,12,6,1,10931
5.0625,5.5625,5.53125,5.1875,95100,1999,12,7,2,10932
5.0625,5.25,5.0625,5.25,85100,1999,12,8,3,10933
5.125,5.3125,5.28125,5.125,76900,1999,12,9,4,10934
5.0625,5.375,5.1875,5.1875,96900,1999,12,10,5,10935
5.1875,5.375,5.1875,5.375,87900,1999,12,13,1,10938
5.1875,5.4375,5.375,5.34375,78600,1999,12,14,2,10939
5.28125,5.5,5.28125,5.5,164400,1999,12,15,3,10940
5.3125,5.5,5.375,5.3125,107100,1999,12,16,4,10941
5.0,5.5,5.5,5.125,115200,1999,12,17,5,10942
5.03125,5.3125,5.25,5.25,85400,1999,12,20,1,10945
5.0,5.25,5.0625,5.25,71200,1999,12,21,2,10946
5.0,6.0,5.0,5.875,354700,1999,12,22,3,10947
5.625,6.125,5.625,5.90625,370700,1999,12,23,4,10948
5.3125,6.0,5.90625,5.5,48100,1999,12,27,1,10952
5.25,5.5625,5.5625,5.5,60600,1999,12,28,2,10953
5.3125,5.5625,5.4375,5.4375,94100,1999,12,29,3,10954
5.25,5.5,5.3125,5.46875,215700,1999,12,30,4,10955
5.125,5.53125,5.46875,5.25,197200,1999,12,31,5,10956
5.25,5.5625,5.25,5.5625,214200,2000,1,3,1,10959
5.25,5.625,5.375,5.5625,157700,2000,1,4,2,10960
5.375,5.6875,5.375,5.6875,70800,2000,1,5,3,10961
5.53125,5.875,5.53125,5.8125,114200,2000,1,6,4,10962
5.75,6.09375,5.75,5.9375,234900,2000,1,7,5,10963
5.8125,6.1875,5.9375,6.0625,102100,2000,1,10,1,10966
6.0625,6.25,6.125,6.15625,92900,2000,1,11,2,10967
6.125,6.9375,6.125,6.78125,470500,2000,1,12,3,10968
6.34375,6.875,6.796875,6.40625,214700,2000,1,13,4,10969
6.40625,6.65625,6.40625,6.5625,174800,2000,1,14,5,10970
6.65625,6.9375,6.6875,6.875,152800,2000,1,18,2,10974
6.75,7.0,6.96875,6.75,173100,2000,1,19,3,10975
6.625,6.9375,6.875,6.8125,66700,2000,1,20,4,10976
6.6875,6.9375,6.8125,6.84375,74500,2000,1,21,5,10977
6.65625,6.875,6.71875,6.75,202900,2000,1,24,1,10980
6.65625,6.8125,6.6875,6.8125,225900,2000,1,25,2,10981
6.625,6.8125,6.78125,6.625,92300,2000,1,26,3,10982
6.375,6.75,6.65625,6.375,115700,2000,1,27,4,10983
5.84375,6.4375,6.4375,6.1875,129200,2000,1,28,5,10984
5.9375,6.1875,5.96875,6.125,102700,2000,1,31,1,10987
6.03125,6.4375,6.03125,6.34375,72100,2000,2,1,2,10988
6.25,6.5,6.34375,6.40625,155600,2000,2,2,3,10989
6.40625,6.625,6.40625,6.5,178300,2000,2,3,4,10990
6.5,6.6875,6.5625,6.59375,198800,2000,2,4,5,10991
6.3125,6.6875,6.6875,6.53125,103600,2000,2,7,1,10994
5.625,6.8125,6.59375,6.75,136800,2000,2,8,2,10995
6.4375,6.875,6.765625,6.5625,160700,2000,2,9,3,10996
6.25,6.5625,6.53125,6.5,105800,2000,2,10,4,10997
6.125,6.40625,6.40625,6.15625,43300,2000,2,11,5,10998
6.125,6.265625,6.21875,6.15625,91100,2000,2,14,1,11001
6.125,6.375,6.203125,6.1875,120100,2000,2,15,2,11002
6.125,6.375,6.1875,6.25,126200,2000,2,16,3,11003
6.1875,6.5625,6.1875,6.375,187900,2000,2,17,4,11004
6.125,6.375,6.265625,6.1875,34500,2000,2,18,5,11005
6.0,6.375,6.25,6.0,88700,2000,2,22,2,11009
6.0,6.34375,6.0625,6.1875,59300,2000,2,23,3,11010
6.25,6.5,6.28125,6.3125,313800,2000,2,24,4,11011
6.25,6.5,6.5,6.4375,197600,2000,2,25,5,11012
6.125,6.5,6.25,6.3125,52500,2000,2,28,1,11015
6.25,6.5,6.25,6.25,127800,2000,2,29,2,11016
6.0625,6.375,6.25,6.125,282500,2000,3,1,3,11017
5.65625,6.0,5.875,5.75,85300,2000,3,2,4,11018
5.4375,5.75,5.625,5.75,182600,2000,3,3,5,11019
5.375,5.5625,5.375,5.4375,52200,2000,3,6,1,11022
5.125,5.5,5.46875,5.5,84200,2000,3,7,2,11023
5.1875,5.5,5.4375,5.25,57800,2000,3,8,3,11024
5.0,5.5,5.1875,5.4375,273000,2000,3,9,4,11025
5.4375,5.625,5.5,5.5,29900,2000,3,10,5,11026
5.3125,5.5625,5.5,5.5,71800,2000,3,13,1,11029
5.4375,5.5625,5.5,5.4375,112700,2000,3,14,2,11030
5.375,5.5,5.46875,5.375,92900,2000,3,15,3,11031
5.4375,5.5,5.4375,5.4375,93500,2000,3,16,4,11032
5.375,5.5,5.4375,5.4375,60100,2000,3,17,5,11033
5.375,5.5,5.375,5.484375,19500,2000,3,20,1,11036
5.375,5.65625,5.4375,5.5625,56000,2000,3,21,2,11037
5.5625,6.0,5.5625,5.96875,155800,2000,3,22,3,11038
5.75,5.96875,5.875,5.875,55300,2000,3,23,4,11039
5.75,6.125,5.875,6.0,229800,2000,3,24,5,11040
6.0,6.28125,6.0,6.21875,543700,2000,3,27,1,11043
6.25,6.3125,6.265625,6.28125,534800,2000,3,28,2,11044
6.125,6.28125,6.21875,6.25,175500,2000,3,29,3,11045
5.75,6.25,6.1875,5.75,56400,2000,3,30,4,11046
5.625,5.84375,5.8125,5.625,23400,2000,3,31,5,11047
5.0,5.5,5.0,5.3125,46900,2000,4,3,1,11050
5.3125,5.59375,5.3125,5.4375,62800,2000,4,4,2,11051
5.25,5.5,5.375,5.5,60500,2000,4,5,3,11052
5.4375,5.6875,5.5,5.5625,28400,2000,4,6,4,11053
5.4375,5.625,5.625,5.625,73800,2000,4,7,5,11054
5.5,5.65625,5.65625,5.5625,18900,2000,4,10,1,11057
5.5,5.71875,5.5625,5.6875,146800,2000,4,11,2,11058
5.3125,5.59375,5.59375,5.4375,17000,2000,4,12,3,11059
5.15625,5.5,5.40625,5.4375,54100,2000,4,13,4,11060
4.84375,5.25,5.15625,4.9375,71900,2000,4,14,5,11061
4.375,4.875,4.78125,4.875,79000,2000,4,17,1,11064
4.5,5.03125,4.875,4.9375,67200,2000,4,18,2,11065
4.8125,5.375,4.953125,5.28125,108800,2000,4,19,3,11066
5.0625,5.375,5.375,5.0625,12700,2000,4,20,4,11067
4.75,5.046875,4.84375,4.90625,77700,2000,4,24,1,11071
5.0,5.5,5.0,5.3125,36100,2000,4,25,2,11072
5.1875,5.375,5.375,5.21875,17900,2000,4,26,3,11073
5.0,5.25,5.03125,5.1875,59000,2000,4,27,4,11074
5.03125,5.3125,5.25,5.21875,88900,2000,4,28,5,11075
5.09375,5.28125,5.21875,5.125,15800,2000,5,1,1,11078
5.125,5.28125,5.203125,5.1875,25400,2000,5,2,2,11079
5.03125,5.46875,5.125,5.4375,107200,2000,5,3,3,11080
5.25,5.6875,5.375,5.375,37300,2000,5,4,4,11081
5.4375,5.71875,5.515625,5.46875,37700,2000,5,5,5,11082
5.3125,5.5625,5.4375,5.5,2000,2000,5,8,1,11085
5.0625,5.40625,5.40625,5.28125,44900,2000,5,9,2,11086
5.34375,5.625,5.34375,5.625,26500,2000,5,10,3,11087
5.625,5.84375,5.640625,5.65625,29000,2000,5,11,4,11088
5.65625,5.84375,5.6875,5.6875,22900,2000,5,12,5,11089
5.6875,6.21875,5.71875,6.09375,78500,2000,5,15,1,11092
5.75,6.125,6.0625,5.78125,45000,2000,5,16,2,11093
5.65625,5.875,5.78125,5.875,15100,2000,5,17,3,11094
5.71875,5.875,5.734375,5.75,7600,2000,5,18,4,11095
5.6875,5.8125,5.75,5.796875,26600,2000,5,19,5,11096
5.375,5.765625,5.765625,5.625,36000,2000,5,22,1,11099
5.4375,5.75,5.6875,5.5625,35800,2000,5,23,2,11100
5.25,5.6875,5.6875,5.28125,56900,2000,5,24,3,11101
5.28125,5.46875,5.3125,5.28125,35200,2000,5,25,4,11102
5.25,5.3125,5.265625,5.25,26100,2000,5,26,5,11103
5.25,5.40625,5.25,5.3125,69100,2000,5,30,2,11107
5.28125,5.75,5.3125,5.75,108300,2000,5,31,3,11108
5.625,6.125,5.75,5.65625,91400,2000,6,1,4,11109
5.6875,6.0,5.75,5.78125,57600,2000,6,2,5,11110
5.4375,5.78125,5.78125,5.625,53600,2000,6,5,1,11113
5.5,5.75,5.75,5.5,24800,2000,6,6,2,11114
5.40625,5.5625,5.546875,5.40625,21700,2000,6,7,3,11115
5.40625,5.5,5.484375,5.40625,35900,2000,6,8,4,11116
5.40625,5.5,5.453125,5.40625,17300,2000,6,9,5,11117
5.40625,5.46875,5.40625,5.40625,53800,2000,6,12,1,11120
5.40625,5.46875,5.421875,5.46875,6800,2000,6,13,2,11121
5.40625,5.53125,5.53125,5.4375,26900,2000,6,14,3,11122
5.4375,5.53125,5.4375,5.5,45000,2000,6,15,4,11123
5.46875,5.5625,5.5,5.46875,84500,2000,6,16,5,11124
5.4375,5.625,5.46875,5.5,38000,2000,6,19,1,11127
5.4375,5.625,5.625,5.59375,30100,2000,6,20,2,11128
5.4375,5.625,5.578125,5.5625,25600,2000,6,21,3,11129
5.34375,5.5625,5.5625,5.53125,89200,2000,6,22,4,11130
5.40625,5.546875,5.546875,5.4375,23100,2000,6,23,5,11131
5.46875,5.5625,5.46875,5.5625,79000,2000,6,26,1,11134
5.5,5.75,5.625,5.5,84200,2000,6,27,2,11135
5.4375,7.25,5.5,5.75,2071700,2000,6,28,3,11136
5.5625,5.875,5.734375,5.8125,298400,2000,6,29,4,11137
5.75,6.3125,5.8125,6.0,267900,2000,6,30,5,11138
6.0,6.0625,6.015625,6.03125,125900,2000,7,3,1,11141
5.75,5.96875,5.9375,5.875,100100,2000,7,5,3,11143
5.75,6.0,5.84375,5.78125,42800,2000,7,6,4,11144
5.625,5.875,5.84375,5.6875,87600,2000,7,7,5,11145
5.65625,5.75,5.703125,5.6875,90700,2000,7,10,1,11148
5.65625,5.75,5.65625,5.65625,78200,2000,7,11,2,11149
5.625,5.71875,5.65625,5.6875,87900,2000,7,12,3,11150
5.6875,5.96875,5.71875,5.6875,199700,2000,7,13,4,11151
5.625,5.75,5.71875,5.625,43400,2000,7,14,5,11152
5.53125,5.71875,5.546875,5.65625,57700,2000,7,17,1,11155
5.40625,5.671875,5.625,5.5,157700,2000,7,18,2,11156
5.46875,5.65625,5.46875,5.5625,55600,2000,7,19,3,11157
5.375,5.625,5.53125,5.5,136400,2000,7,20,4,11158
5.4375,5.75,5.5,5.625,273400,2000,7,21,5,11159
5.375,5.75,5.625,5.5,53500,2000,7,24,1,11162
5.28125,5.5,5.296875,5.5,239000,2000,7,25,2,11163
5.4375,5.5,5.4375,5.5,48000,2000,7,26,3,11164
5.4375,5.625,5.5,5.5,45600,2000,7,27,4,11165
5.4375,5.5625,5.53125,5.5,24200,2000,7,28,5,11166
5.3125,5.625,5.390625,5.375,17100,2000,7,31,1,11169
5.3125,5.5625,5.46875,5.3125,34400,2000,8,1,2,11170
5.0,5.5625,5.359375,5.25,362000,2000,8,2,3,11171
5.1875,5.40625,5.25,5.3125,60700,2000,8,3,4,11172
5.03125,5.46875,5.328125,5.28125,127400,2000,8,4,5,11173
5.28125,5.375,5.28125,5.375,82900,2000,8,7,1,11176
5.34375,5.5,5.359375,5.5,26700,2000,8,8,2,11177
5.4375,5.625,5.4375,5.5,58000,2000,8,9,3,11178
5.25,5.5,5.5,5.25,88400,2000,8,10,4,11179
5.15625,5.34375,5.21875,5.3125,169200,2000,8,11,5,11180
5.25,5.375,5.28125,5.3125,71700,2000,8,14,1,11183
5.1875,5.375,5.296875,5.1875,93100,2000,8,15,2,11184
5.0625,5.21875,5.21875,5.15625,47900,2000,8,16,3,11185
5.0625,5.1875,5.0625,5.125,16100,2000,8,17,4,11186
5.0625,5.1875,5.15625,5.0625,48100,2000,8,18,5,11187
5.0,5.1875,5.046875,5.125,209200,2000,8,21,1,11190
5.109375,5.28125,5.109375,5.25,114300,2000,8,22,2,11191
5.0625,5.25,5.25,5.09375,94500,2000,8,23,3,11192
4.875,5.1875,5.1875,5.0,40000,2000,8,24,4,11193
5.0625,5.1875,5.125,5.0625,28400,2000,8,25,5,11194
5.125,5.3125,5.125,5.25,33000,2000,8,28,1,11197
5.125,5.375,5.3125,5.25,57500,2000,8,29,2,11198
5.0625,5.3125,5.3125,5.0625,21000,2000,8,30,3,11199
5.0,5.1875,5.0625,5.0,60800,2000,8,31,4,11200
5.0,5.125,5.0,5.125,24600,2000,9,1,5,11201
5.0625,5.1875,5.125,5.1875,24900,2000,9,5,2,11205
5.0625,5.28125,5.0625,5.15625,100500,2000,9,6,3,11206
5.125,5.3125,5.1875,5.3125,129900,2000,9,7,4,11207
5.28125,5.5,5.28125,5.375,62700,2000,9,8,5,11208
5.40625,5.625,5.546875,5.4375,38500,2000,9,11,1,11211
5.375,5.5625,5.5,5.375,44500,2000,9,12,2,11212
5.171875,5.5,5.40625,5.46875,48000,2000,9,13,3,11213
5.3125,5.40625,5.34375,5.34375,27600,2000,9,14,4,11214
5.3125,5.46875,5.3125,5.3125,10000,2000,9,15,5,11215
5.375,5.5625,5.375,5.5625,52300,2000,9,18,1,11218
5.53125,6.0,5.5625,5.9375,425200,2000,9,19,2,11219
5.875,6.0,6.0,5.9375,88500,2000,9,20,3,11220
5.625,5.96875,5.96875,5.8125,53800,2000,9,21,4,11221
5.5,5.875,5.75,5.75,52900,2000,9,22,5,11222
5.75,6.03125,5.875,6.0,147100,2000,9,25,1,11225
5.75,6.03125,6.03125,5.75,67200,2000,9,26,2,11226
5.625,5.90625,5.71875,5.625,12100,2000,9,27,3,11227
5.625,6.03125,5.625,5.9375,87200,2000,9,28,4,11228
5.90625,6.0625,5.9375,6.0,589500,2000,9,29,5,11229
5.875,6.0625,6.0,6.03125,479500,2000,10,2,1,11232
5.9375,6.0625,6.03125,6.03125,72100,2000,10,3,2,11233
5.9375,6.0625,5.96875,6.0,167700,2000,10,4,3,11234
5.84375,6.0625,5.96875,5.84375,63900,2000,10,5,4,11235
5.875,6.03125,5.96875,6.0,77700,2000,10,6,5,11236
5.6875,5.96875,5.96875,5.8125,50700,2000,10,9,1,11239
5.6875,6.0,5.8125,5.6875,55100,2000,10,10,2,11240
5.6875,5.96875,5.75,5.75,54400,2000,10,11,3,11241
5.71875,6.0,6.0,5.71875,48200,2000,10,12,4,11242
5.625,5.859375,5.78125,5.625,46000,2000,10,13,5,11243
5.53125,5.75,5.5625,5.5625,41000,2000,10,16,1,11246
5.5625,5.8125,5.5625,5.6875,101500,2000,10,17,2,11247
5.5625,5.75,5.625,5.625,79900,2000,10,18,3,11248
5.75,6.0625,5.75,6.0,539400,2000,10,19,4,11249
5.78125,6.0625,5.96875,6.0,80200,2000,10,20,5,11250
5.84375,6.03125,5.96875,6.0,40700,2000,10,23,1,11253
5.875,6.03125,6.0,5.96875,60900,2000,10,24,2,11254
5.75,6.03125,6.0,6.0,137100,2000,10,25,3,11255
5.96875,6.03125,6.0,6.03125,113800,2000,10,26,4,11256
5.9375,6.0625,6.0,6.0625,41300,2000,10,27,5,11257
5.9375,6.03125,6.03125,5.9375,165900,2000,10,30,1,11260
5.875,6.0,5.9375,6.0,58900,2000,10,31,2,11261
5.75,6.0,5.96875,5.8125,54100,2000,11,1,3,11262
5.75,5.96875,5.828125,5.96875,38200,2000,11,2,4,11263
5.90625,5.96875,5.9375,5.96875,44700,2000,11,3,5,11264
5.90625,6.03125,5.96875,5.90625,72400,2000,11,6,1,11267
5.6875,5.9375,5.9375,5.8125,75100,2000,11,7,2,11268
5.71875,5.96875,5.71875,5.96875,18800,2000,11,8,3,11269
5.875,6.0625,5.875,5.9375,77000,2000,11,9,4,11270
5.9375,6.625,5.96875,6.21875,727300,2000,11,10,5,11271
6.03125,6.53125,6.125,6.5,481900,2000,11,13,1,11274
6.46875,7.1875,6.5,7.1875,1110400,2000,11,14,2,11275
7.0,7.5,7.09375,7.3125,568500,2000,11,15,3,11276
6.90625,7.4375,7.421875,7.0625,142300,2000,11,16,4,11277
6.78125,7.1875,7.09375,6.875,145500,2000,11,17,5,11278
6.625,7.0,6.6875,6.96875,424500,2000,11,20,1,11281
6.96875,7.75,7.0,7.71875,332400,2000,11,21,2,11282
7.25,7.625,7.34375,7.625,261500,2000,11,22,3,11283
7.5,7.875,7.578125,7.75,92800,2000,11,24,5,11285
7.6875,7.875,7.796875,7.75,138900,2000,11,27,1,11288
7.1875,7.75,7.71875,7.375,89200,2000,11,28,2,11289
7.0625,7.3125,7.3125,7.1875,70700,2000,11,29,3,11290
6.875,7.375,7.125,7.0625,469600,2000,11,30,4,11291
6.875,7.125,7.03125,6.875,164200,2000,12,1,5,11292
6.875,7.0625,6.875,7.0,57400,2000,12,4,1,11295
7.0,7.5,7.015625,7.40625,242100,2000,12,5,2,11296
7.1875,7.5,7.421875,7.1875,63500,2000,12,6,3,11297
6.90625,7.328125,7.265625,6.9375,81400,2000,12,7,4,11298
6.75,7.046875,6.9375,6.875,51600,2000,12,8,5,11299
6.78125,7.25,6.796875,7.125,147400,2000,12,11,1,11302
6.875,7.15625,7.15625,7.0,54300,2000,12,12,2,11303
6.75,7.0,7.0,6.75,41400,2000,12,13,3,11304
6.46875,6.8125,6.8125,6.625,211700,2000,12,14,4,11305
6.5,6.6875,6.53125,6.6875,226000,2000,12,15,5,11306
6.5625,6.6875,6.640625,6.59375,117800,2000,12,18,1,11309
6.5625,6.875,6.5625,6.75,314300,2000,12,19,2,11310
6.5625,7.0625,6.625,6.875,268100,2000,12,20,3,11311
6.75,7.125,6.875,7.03125,100400,2000,12,21,4,11312
6.875,7.5625,6.875,7.53125,236500,2000,12,22,5,11313
7.5,7.625,7.5,7.53125,95100,2000,12,26,2,11317
7.5,7.75,7.609375,7.53125,108600,2000,12,27,3,11318
7.4375,7.75,7.4375,7.671875,74900,2000,12,28,4,11319
7.625,7.75,7.6875,7.625,78600,2000,12,29,5,11320
7.5,7.75,7.578125,7.75,217300,2001,1,2,2,11324
7.625,8.125,7.6875,8.0,310000,2001,1,3,3,11325
7.53125,8.03125,8.03125,7.5625,112200,2001,1,4,4,11326
7.34375,7.625,7.625,7.625,97100,2001,1,5,5,11327
7.25,7.625,7.28125,7.5625,43000,2001,1,8,1,11330
7.375,7.625,7.5,7.5,26600,2001,1,9,2,11331
7.375,7.59375,7.375,7.375,12300,2001,1,10,3,11332
7.4375,8.25,7.4375,7.9375,263200,2001,1,11,4,11333
7.625,7.984375,7.96875,7.625,56300,2001,1,12,5,11334
7.5,7.8125,7.5,7.8125,30100,2001,1,16,2,11338
7.71875,8.125,7.71875,8.0625,211000,2001,1,17,3,11339
8.0,8.5,8.0625,8.46875,344700,2001,1,18,4,11340
7.875,8.46875,8.46875,8.03125,114000,2001,1,19,5,11341
7.8125,8.09375,8.0,8.03125,68900,2001,1,22,1,11344
7.84375,8.125,8.015625,7.9375,32200,2001,1,23,2,11345
7.875,8.0,8.0,7.90625,17600,2001,1,24,3,11346
7.90625,8.0625,7.9375,7.9375,31600,2001,1,25,4,11347
7.875,8.0625,7.875,8.0625,83500,2001,1,26,5,11348
8.0,8.5,8.0625,8.46875,214500,2001,1,29,1,11351
8.40625,8.625,8.421875,8.625,220900,2001,1,30,2,11352
8.65625,9.09375,8.65625,8.8125,242400,2001,1,31,3,11353
8.375,9.03125,8.609375,9.0,210500,2001,2,1,4,11354
9.015625,9.5,9.015625,9.3125,241700,2001,2,2,5,11355
9.25,9.46875,9.3125,9.3125,169600,2001,2,5,1,11358
9.1875,9.4375,9.3125,9.25,231500,2001,2,6,2,11359
8.90625,9.3125,9.15625,8.90625,190400,2001,2,7,3,11360
8.9375,9.28125,8.9375,9.125,263000,2001,2,8,4,11361
9.078125,9.28125,9.1875,9.28125,205600,2001,2,9,5,11362
9.15625,9.3125,9.1875,9.15625,145400,2001,2,12,1,11365
9.09375,9.46875,9.125,9.3125,160100,2001,2,13,2,11366
9.1875,9.46875,9.3125,9.40625,91300,2001,2,14,3,11367
9.375,9.59375,9.375,9.59375,197300,2001,2,15,4,11368
9.3125,9.84375,9.5,9.75,270600,2001,2,16,5,11369
9.5625,9.875,9.8125,9.59375,187000,2001,2,20,2,11373
9.21875,9.75,9.5625,9.25,119500,2001,2,21,3,11374
8.3125,9.3125,9.125,9.0625,240400,2001,2,22,4,11375
8.75,9.0625,8.875,8.96875,89600,2001,2,23,5,11376
9.03125,9.375,9.03125,9.3125,99000,2001,2,26,1,11379
9.125,9.375,9.25,9.3125,69100,2001,2,27,2,11380
9.09375,9.375,9.125,9.1875,107800,2001,2,28,3,11381
9.15625,9.40625,9.203125,9.328125,127900,2001,3,1,4,11382
9.25,9.71875,9.25,9.59375,120900,2001,3,2,5,11383
9.5625,9.84375,9.5625,9.5625,66600,2001,3,5,1,11386
9.4375,9.75,9.625,9.4375,58100,2001,3,6,2,11387
9.4375,9.875,9.5,9.71875,86300,2001,3,7,3,11388
9.6875,10.625,9.75,10.5,464200,2001,3,8,4,11389
10.3125,11.5,10.5,10.875,418600,2001,3,9,5,11390
10.125,10.8125,10.6875,10.3125,670600,2001,3,12,1,11393
10.0625,10.875,10.25,10.75,308300,2001,3,13,2,11394
10.5,11.0625,10.5625,11.0,332800,2001,3,14,3,11395
10.8125,11.0,10.875,10.9375,322100,2001,3,15,4,11396
10.75,11.0,10.75,10.96875,392600,2001,3,16,5,11397
10.8125,11.125,10.90625,11.0625,283600,2001,3,19,1,11400
11.0625,11.25,11.1875,11.1875,432300,2001,3,20,2,11401
11.0625,11.3125,11.125,11.3125,235100,2001,3,21,3,11402
11.125,11.375,11.359375,11.3125,470000,2001,3,22,4,11403
11.25,11.6875,11.25,11.625,358700,2001,3,23,5,11404
11.625,12.125,11.75,11.75,529500,2001,3,26,1,11407
11.25,11.875,11.625,11.5625,343800,2001,3,27,2,11408
11.3125,11.6875,11.5625,11.546875,286700,2001,3,28,3,11409
11.25,11.5,11.46875,11.25,122100,2001,3,29,4,11410
11.1875,11.625,11.375,11.4375,162700,2001,3,30,5,11411
11.375,12.0,11.96875,11.6875,423700,2001,4,2,1,11414
11.1875,11.75,11.75,11.4375,146000,2001,4,3,2,11415
9.5,11.5,11.375,10.8125,296300,2001,4,4,3,11416
10.5,11.0,10.8125,10.875,202400,2001,4,5,4,11417
10.5,10.875,10.828125,10.75,129600,2001,4,6,5,11418
10.529999732971191,10.859999656677246,10.75,10.720000267028809,87900,2001,4,9,1,11421
10.640000343322754,10.979999542236328,10.680000305175781,10.899999618530273,196600,2001,4,10,2,11422
10.649999618530273,11.069999694824219,10.899999618530273,10.899999618530273,104700,2001,4,11,3,11423
10.800000190734863,11.289999961853027,10.989999771118164,11.239999771118164,190300,2001,4,12,4,11424
11.0,11.619999885559082,11.3100004196167,11.25,246800,2001,4,16,1,11428
10.550000190734863,11.390000343322754,11.25,10.65999984741211,333200,2001,4,17,2,11429
9.369999885559082,11.039999961853027,10.600000381469727,9.550000190734863,396200,2001,4,18,3,11430
9.210000038146973,9.800000190734863,9.6899995803833,9.5,786400,2001,4,19,4,11431
8.5,9.569999694824219,9.5,8.979999542236328,418400,2001,4,20,5,11432
8.430000305175781,8.960000038146973,8.90999984741211,8.779999732971191,636700,2001,4,23,1,11435
8.699999809265137,8.949999809265137,8.930000305175781,8.789999961853027,369700,2001,4,24,2,11436
8.5,8.800000190734863,8.75,8.699999809265137,322800,2001,4,25,3,11437
8.6899995803833,9.029999732971191,8.6899995803833,8.869999885559082,218000,2001,4,26,4,11438
8.850000381469727,9.0600004196167,9.0,8.850000381469727,161100,2001,4,27,5,11439
8.609999656677246,9.25,8.630000114440918,9.1899995803833,352800,2001,4,30,1,11442
8.930000305175781,10.239999771118164,8.930000305175781,10.100000381469727,536200,2001,5,1,2,11443
9.569999694824219,10.430000305175781,10.170000076293945,9.699999809265137,237200,2001,5,2,3,11444
9.6899995803833,9.9399995803833,9.819999694824219,9.869999885559082,107800,2001,5,3,4,11445
9.5,9.800000190734863,9.710000038146973,9.739999771118164,78100,2001,5,4,5,11446
9.390000343322754,9.90999984741211,9.390000343322754,9.899999618530273,142600,2001,5,7,1,11449
9.670000076293945,9.9399995803833,9.9399995803833,9.869999885559082,113600,2001,5,8,2,11450
9.800000190734863,9.90999984741211,9.819999694824219,9.829999923706055,38600,2001,5,9,3,11451
9.869999885559082,10.0,10.0,9.970000267028809,68600,2001,5,10,4,11452
9.609999656677246,9.979999542236328,9.920000076293945,9.65999984741211,59700,2001,5,11,5,11453
9.630000114440918,9.760000228881836,9.630000114440918,9.65999984741211,77700,2001,5,14,1,11456
9.210000038146973,9.760000228881836,9.739999771118164,9.390000343322754,336400,2001,5,15,2,11457
9.180000305175781,9.470000267028809,9.449999809265137,9.239999771118164,274100,2001,5,16,3,11458
8.75,9.5,9.329999923706055,8.930000305175781,251000,2001,5,17,4,11459
8.75,9.149999618530273,8.970000267028809,9.140000343322754,433700,2001,5,18,5,11460
8.949999809265137,9.25,9.050000190734863,9.039999961853027,89800,2001,5,21,1,11463
8.649999618530273,9.100000381469727,9.100000381469727,8.869999885559082,307000,2001,5,22,2,11464
8.8100004196167,9.079999923706055,8.8100004196167,8.899999618530273,571700,2001,5,23,3,11465
8.90999984741211,9.119999885559082,9.0,9.050000190734863,138200,2001,5,24,4,11466
9.0600004196167,9.279999732971191,9.09000015258789,9.260000228881836,73300,2001,5,25,5,11467
9.270000457763672,9.729999542236328,9.270000457763672,9.569999694824219,88600,2001,5,29,2,11471
9.350000381469727,9.670000076293945,9.670000076293945,9.5,91400,2001,5,30,3,11472
9.40999984741211,9.739999771118164,9.40999984741211,9.59000015258789,52600,2001,5,31,4,11473
9.449999809265137,9.75,9.649999618530273,9.449999809265137,183900,2001,6,1,5,11474
9.369999885559082,9.949999809265137,9.5,9.550000190734863,129500,2001,6,4,1,11477
9.479999542236328,10.0,9.539999961853027,9.739999771118164,91300,2001,6,5,2,11478
9.699999809265137,10.199999809265137,9.729999542236328,10.0,117200,2001,6,6,3,11479
10.010000228881836,10.15999984741211,10.069999694824219,10.09000015258789,211800,2001,6,7,4,11480
10.039999961853027,10.149999618530273,10.130000114440918,10.069999694824219,99500,2001,6,8,5,11481
10.0600004196167,10.130000114440918,10.069999694824219,10.09000015258789,33600,2001,6,11,1,11484
9.960000038146973,10.079999923706055,10.069999694824219,10.0600004196167,55500,2001,6,12,2,11485
10.0600004196167,11.300000190734863,10.0600004196167,11.25,354600,2001,6,13,3,11486
11.300000190734863,11.739999771118164,11.3100004196167,11.479999542236328,762700,2001,6,14,4,11487
11.359999656677246,11.670000076293945,11.430000305175781,11.630000114440918,107600,2001,6,15,5,11488
10.75,11.460000038146973,11.449999809265137,10.90999984741211,105700,2001,6,18,1,11491
10.680000305175781,11.0,10.979999542236328,10.90999984741211,35200,2001,6,19,2,11492
10.710000038146973,11.140000343322754,10.789999961853027,11.100000381469727,152400,2001,6,20,3,11493
10.979999542236328,11.170000076293945,11.029999732971191,11.100000381469727,91300,2001,6,21,4,11494
11.010000228881836,11.149999618530273,11.100000381469727,11.0600004196167,56900,2001,6,22,5,11495
11.0,11.1899995803833,11.0,11.100000381469727,37900,2001,6,25,1,11498
11.0,11.210000038146973,11.050000190734863,11.069999694824219,234800,2001,6,26,2,11499
10.880000114440918,11.180000305175781,10.960000038146973,11.020000457763672,165700,2001,6,27,3,11500
11.0,11.149999618530273,11.079999923706055,11.100000381469727,94700,2001,6,28,4,11501
10.989999771118164,11.149999618530273,11.130000114440918,11.039999961853027,134400,2001,6,29,5,11502
10.949999809265137,11.079999923706055,10.989999771118164,10.979999542236328,109600,2001,7,2,1,11505
10.970000267028809,11.100000381469727,10.970000267028809,11.09000015258789,44800,2001,7,3,2,11506
11.010000228881836,11.390000343322754,11.050000190734863,11.34000015258789,97500,2001,7,5,4,11508
11.170000076293945,11.369999885559082,11.369999885559082,11.229999542236328,108900,2001,7,6,5,11509
11.149999618530273,11.350000381469727,11.300000190734863,11.260000228881836,122500,2001,7,9,1,11512
11.15999984741211,11.449999809265137,11.170000076293945,11.40999984741211,69100,2001,7,10,2,11513
11.25,11.449999809265137,11.399999618530273,11.329999923706055,44300,2001,7,11,3,11514
11.239999771118164,11.390000343322754,11.329999923706055,11.300000190734863,19400,2001,7,12,4,11515
11.130000114440918,11.329999923706055,11.25,11.260000228881836,43500,2001,7,13,5,11516
11.149999618530273,11.25,11.210000038146973,11.239999771118164,38900,2001,7,16,1,11519
11.119999885559082,11.239999771118164,11.199999809265137,11.170000076293945,32100,2001,7,17,2,11520
11.130000114440918,12.489999771118164,11.130000114440918,12.34000015258789,758700,2001,7,18,3,11521
12.550000190734863,13.199999809265137,12.600000381469727,13.010000228881836,1228200,2001,7,19,4,11522
12.9399995803833,13.359999656677246,13.010000228881836,13.210000038146973,353100,2001,7,20,5,11523
12.899999618530273,13.210000038146973,13.199999809265137,12.930000305175781,135300,2001,7,23,1,11526
12.880000114440918,13.300000190734863,12.890000343322754,13.289999961853027,350100,2001,7,24,2,11527
13.300000190734863,13.579999923706055,13.460000038146973,13.390000343322754,283600,2001,7,25,3,11528
13.359999656677246,13.460000038146973,13.449999809265137,13.430000305175781,161800,2001,7,26,4,11529
13.239999771118164,13.5,13.4399995803833,13.3100004196167,529300,2001,7,27,5,11530
13.180000305175781,13.470000267028809,13.40999984741211,13.25,119400,2001,7,30,1,11533
13.130000114440918,13.399999618530273,13.300000190734863,13.149999618530273,427200,2001,7,31,2,11534
12.979999542236328,13.229999542236328,13.130000114440918,13.199999809265137,120900,2001,8,1,3,11535
12.949999809265137,13.199999809265137,13.010000228881836,13.0,48400,2001,8,2,4,11536
12.729999542236328,13.180000305175781,12.890000343322754,13.119999885559082,63800,2001,8,3,5,11537
12.75,13.130000114440918,12.930000305175781,13.029999732971191,38400,2001,8,6,1,11540
13.0,13.449999809265137,13.0,13.050000190734863,94300,2001,8,7,2,11541
12.850000381469727,13.25,13.0600004196167,13.149999618530273,197600,2001,8,8,3,11542
12.979999542236328,13.449999809265137,13.029999732971191,13.039999961853027,142300,2001,8,9,4,11543
13.0,13.960000038146973,13.069999694824219,13.8100004196167,380200,2001,8,10,5,11544
13.699999809265137,14.619999885559082,13.779999732971191,13.949999809265137,1166700,2001,8,13,1,11547
13.699999809265137,14.1899995803833,13.960000038146973,13.9399995803833,322200,2001,8,14,2,11548
13.850000381469727,14.140000343322754,13.960000038146973,14.100000381469727,138700,2001,8,15,3,11549
14.0,14.430000305175781,14.010000228881836,14.279999732971191,238600,2001,8,16,4,11550
14.100000381469727,14.930000305175781,14.319999694824219,14.720000267028809,98300,2001,8,17,5,11551
14.600000381469727,15.329999923706055,14.779999732971191,15.020000457763672,222000,2001,8,20,1,11554
14.970000267028809,15.359999656677246,15.289999961853027,15.130000114440918,223400,2001,8,21,2,11555
15.0,15.489999771118164,15.09000015258789,15.300000190734863,357800,2001,8,22,3,11556
15.0,15.329999923706055,15.289999961853027,15.029999732971191,154900,2001,8,23,4,11557
14.510000228881836,15.020000457763672,15.010000228881836,14.699999809265137,110600,2001,8,24,5,11558
14.449999809265137,14.789999961853027,14.779999732971191,14.529999732971191,99300,2001,8,27,1,11561
13.399999618530273,14.649999618530273,14.550000190734863,13.800000190734863,188200,2001,8,28,2,11562
13.5,14.0,13.760000228881836,14.0,103500,2001,8,29,3,11563
13.430000305175781,13.989999771118164,13.800000190734863,13.8100004196167,123500,2001,8,30,4,11564
13.199999809265137,13.920000076293945,13.890000343322754,13.430000305175781,218500,2001,8,31,5,11565
13.0,13.600000381469727,13.600000381469727,13.319999694824219,191600,2001,9,4,2,11569
13.109999656677246,13.989999771118164,13.119999885559082,13.859999656677246,289900,2001,9,5,3,11570
13.449999809265137,13.930000305175781,13.75,13.569999694824219,232500,2001,9,6,4,11571
13.420000076293945,14.069999694824219,13.510000228881836,13.850000381469727,200900,2001,9,7,5,11572
13.3100004196167,13.90999984741211,13.8100004196167,13.789999961853027,110000,2001,9,10,1,11575
13.029999732971191,13.789999961853027,13.59000015258789,13.579999923706055,182500,2001,9,17,1,11582
13.399999618530273,14.710000038146973,13.539999961853027,14.600000381469727,330700,2001,9,18,2,11583
14.1899995803833,14.699999809265137,14.65999984741211,14.680000305175781,684600,2001,9,19,3,11584
14.0600004196167,14.770000457763672,14.770000457763672,14.199999809265137,737300,2001,9,20,4,11585
12.529999732971191,14.180000305175781,13.569999694824219,13.800000190734863,499500,2001,9,21,5,11586
13.199999809265137,14.039999961853027,13.199999809265137,13.869999885559082,429400,2001,9,24,1,11589
13.65999984741211,14.100000381469727,14.0,14.100000381469727,170200,2001,9,25,2,11590
13.859999656677246,14.979999542236328,13.859999656677246,14.930000305175781,256100,2001,9,26,3,11591
14.859999656677246,15.050000190734863,14.930000305175781,14.989999771118164,181800,2001,9,27,4,11592
14.779999732971191,15.260000228881836,15.029999732971191,15.039999961853027,296500,2001,9,28,5,11593
15.109999656677246,15.5,15.25,15.34000015258789,528000,2001,10,1,1,11596
15.050000190734863,15.649999618530273,15.449999809265137,15.300000190734863,499900,2001,10,2,2,11597
14.880000114440918,15.449999809265137,15.34000015258789,15.149999618530273,389000,2001,10,3,3,11598
14.75,15.329999923706055,15.239999771118164,14.75,178500,2001,10,4,4,11599
14.069999694824219,14.880000114440918,14.6899995803833,14.420000076293945,121500,2001,10,5,5,11600
14.300000190734863,14.920000076293945,14.369999885559082,14.869999885559082,81000,2001,10,8,1,11603
14.489999771118164,14.829999923706055,14.649999618530273,14.760000228881836,94500,2001,10,9,2,11604
14.229999542236328,15.0,14.699999809265137,14.630000114440918,266400,2001,10,10,3,11605
14.239999771118164,14.670000076293945,14.630000114440918,14.300000190734863,159800,2001,10,11,4,11606
13.989999771118164,14.359999656677246,14.350000381469727,14.180000305175781,118100,2001,10,12,5,11607
13.25,14.1899995803833,14.180000305175781,13.8100004196167,202000,2001,10,15,1,11610
13.5,13.859999656677246,13.510000228881836,13.800000190734863,265000,2001,10,16,2,11611
12.850000381469727,14.100000381469727,14.079999923706055,13.329999923706055,272900,2001,10,17,3,11612
13.210000038146973,13.550000190734863,13.329999923706055,13.449999809265137,652900,2001,10,18,4,11613
13.4399995803833,13.6899995803833,13.4399995803833,13.510000228881836,325800,2001,10,19,5,11614
13.449999809265137,13.770000457763672,13.539999961853027,13.729999542236328,205400,2001,10,22,1,11617
13.600000381469727,13.789999961853027,13.779999732971191,13.729999542236328,292500,2001,10,23,2,11618
13.100000381469727,13.75,13.729999542236328,13.270000457763672,156300,2001,10,24,3,11619
13.210000038146973,13.670000076293945,13.229999542236328,13.649999618530273,98300,2001,10,25,4,11620
13.520000457763672,13.869999885559082,13.579999923706055,13.779999732971191,227900,2001,10,26,5,11621
13.279999732971191,13.949999809265137,13.390000343322754,13.770000457763672,194800,2001,10,29,1,11624
13.5,14.079999923706055,13.510000228881836,13.920000076293945,129100,2001,10,30,2,11625
13.859999656677246,14.079999923706055,13.960000038146973,14.039999961853027,141200,2001,10,31,3,11626
14.25,14.550000190734863,14.25,14.4399995803833,335600,2001,11,1,4,11627
14.300000190734863,15.270000457763672,14.319999694824219,15.25,546700,2001,11,2,5,11628
15.170000076293945,15.75,15.180000305175781,15.710000038146973,467700,2001,11,5,1,11631
15.449999809265137,15.699999809265137,15.699999809265137,15.699999809265137,360500,2001,11,6,2,11632
14.699999809265137,15.670000076293945,15.670000076293945,15.300000190734863,195700,2001,11,7,3,11633
15.119999885559082,15.800000190734863,15.229999542236328,15.75,262400,2001,11,8,4,11634
15.350000381469727,15.75,15.600000381469727,15.619999885559082,216700,2001,11,9,5,11635
15.399999618530273,15.75,15.670000076293945,15.649999618530273,371400,2001,11,12,1,11638
15.869999885559082,16.600000381469727,15.960000038146973,16.3799991607666,677700,2001,11,13,2,11639
16.5,16.75,16.549999237060547,16.649999618530273,402500,2001,11,14,3,11640
16.299999237060547,16.75,16.700000762939453,16.34000015258789,138600,2001,11,15,4,11641
16.299999237060547,16.559999465942383,16.549999237060547,16.479999542236328,115500,2001,11,16,5,11642
15.84000015258789,16.559999465942383,16.479999542236328,16.18000030517578,224400,2001,11,19,1,11645
15.619999885559082,16.100000381469727,16.049999237060547,15.970000267028809,239400,2001,11,20,2,11646
15.800000190734863,16.09000015258789,16.049999237060547,15.899999618530273,217500,2001,11,21,3,11647
15.760000228881836,15.90999984741211,15.890000343322754,15.760000228881836,58200,2001,11,23,5,11649
15.75,15.920000076293945,15.75,15.850000381469727,198500,2001,11,26,1,11652
15.75,15.970000267028809,15.949999809265137,15.970000267028809,184300,2001,11,27,2,11653
15.850000381469727,16.299999237060547,15.970000267028809,16.209999084472656,246000,2001,11,28,3,11654
16.200000762939453,17.43000030517578,16.200000762939453,16.889999389648438,417500,2001,11,29,4,11655
16.770000457763672,17.1200008392334,16.950000762939453,17.030000686645508,252000,2001,11,30,5,11656
16.649999618530273,17.09000015258789,16.889999389648438,16.739999771118164,290900,2001,12,3,1,11659
16.700000762939453,17.239999771118164,16.700000762939453,16.850000381469727,303900,2001,12,4,2,11660
16.899999618530273,17.350000381469727,17.25,17.040000915527344,1243100,2001,12,5,3,11661
16.6200008392334,17.190000534057617,17.06999969482422,16.809999465942383,233900,2001,12,6,4,11662
16.139999389648438,16.899999618530273,16.6299991607666,16.25,687000,2001,12,7,5,11663
14.890000343322754,16.25,16.229999542236328,15.0,685500,2001,12,10,1,11666
14.850000381469727,15.25,15.0,15.210000038146973,553100,2001,12,11,2,11667
15.149999618530273,15.720000267028809,15.210000038146973,15.430000305175781,303800,2001,12,12,3,11668
15.289999961853027,16.06999969482422,15.399999618530273,16.010000228881836,79000,2001,12,13,4,11669
15.619999885559082,16.100000381469727,16.100000381469727,15.729999542236328,120700,2001,12,14,5,11670
15.609999656677246,15.9399995803833,15.779999732971191,15.859999656677246,142200,2001,12,17,1,11673
15.770000457763672,16.549999237060547,15.899999618530273,16.18000030517578,272800,2001,12,18,2,11674
15.760000228881836,16.309999465942383,16.299999237060547,15.920000076293945,91800,2001,12,19,3,11675
15.380000114440918,15.989999771118164,15.880000114440918,15.770000457763672,116700,2001,12,20,4,11676
15.5,16.049999237060547,15.8100004196167,16.0,165300,2001,12,21,5,11677
15.600000381469727,15.819999694824219,15.800000190734863,15.710000038146973,46900,2001,12,24,1,11680
15.510000228881836,15.84000015258789,15.649999618530273,15.670000076293945,114500,2001,12,26,3,11682
15.510000228881836,15.949999809265137,15.510000228881836,15.890000343322754,138000,2001,12,27,4,11683
15.670000076293945,16.0,15.890000343322754,15.869999885559082,121100,2001,12,28,5,11684
15.649999618530273,15.989999771118164,15.760000228881836,15.899999618530273,118000,2001,12,31,1,11687
15.699999809265137,16.100000381469727,15.699999809265137,15.880000114440918,284000,2002,1,2,3,11689
15.5,15.90999984741211,15.899999618530273,15.699999809265137,201700,2002,1,3,4,11690
15.420000076293945,15.720000267028809,15.710000038146973,15.460000038146973,140000,2002,1,4,5,11691
14.550000190734863,15.449999809265137,15.449999809265137,14.609999656677246,449300,2002,1,7,1,11694
13.359999656677246,14.739999771118164,14.729999542236328,14.539999961853027,1633900,2002,1,8,2,11695
14.569999694824219,15.0,14.649999618530273,14.760000228881836,907100,2002,1,9,3,11696
14.770000457763672,15.199999809265137,14.779999732971191,15.149999618530273,844600,2002,1,10,4,11697
14.949999809265137,15.489999771118164,15.199999809265137,15.039999961853027,368500,2002,1,11,5,11698
14.819999694824219,15.039999961853027,15.029999732971191,14.880000114440918,198500,2002,1,14,1,11701
14.609999656677246,14.899999618530273,14.869999885559082,14.760000228881836,556500,2002,1,15,2,11702
14.420000076293945,14.800000190734863,14.720000267028809,14.729999542236328,128100,2002,1,16,3,11703
14.630000114440918,14.829999923706055,14.75,14.670000076293945,99300,2002,1,17,4,11704
14.520000457763672,15.079999923706055,14.539999961853027,15.0,172600,2002,1,18,5,11705
15.020000457763672,15.550000190734863,15.020000457763672,15.300000190734863,294300,2002,1,22,2,11709
15.229999542236328,15.4399995803833,15.350000381469727,15.34000015258789,287800,2002,1,23,3,11710
15.239999771118164,15.59000015258789,15.34000015258789,15.3100004196167,79600,2002,1,24,4,11711
15.149999618530273,15.550000190734863,15.300000190734863,15.539999961853027,105400,2002,1,25,5,11712
15.300000190734863,15.9399995803833,15.539999961853027,15.899999618530273,160500,2002,1,28,1,11715
15.760000228881836,16.170000076293945,15.899999618530273,16.110000610351562,200700,2002,1,29,2,11716
15.9399995803833,16.450000762939453,16.190000534057617,16.399999618530273,149800,2002,1,30,3,11717
16.270000457763672,17.18000030517578,16.469999313354492,17.030000686645508,946500,2002,1,31,4,11718
16.940000534057617,18.06999969482422,17.010000228881836,17.920000076293945,978500,2002,2,1,5,11719
17.3700008392334,17.850000381469727,17.850000381469727,17.56999969482422,394400,2002,2,4,1,11722
17.270000457763672,17.5,17.389999389648438,17.5,495600,2002,2,5,2,11723
17.360000610351562,17.6200008392334,17.5,17.469999313354492,190000,2002,2,6,3,11724
17.149999618530273,17.540000915527344,17.440000534057617,17.170000076293945,135100,2002,2,7,4,11725
17.110000610351562,17.34000015258789,17.1299991607666,17.1200008392334,100700,2002,2,8,5,11726
16.81999969482422,17.540000915527344,17.110000610351562,17.420000076293945,192000,2002,2,11,1,11729
17.299999237060547,17.770000457763672,17.399999618530273,17.649999618530273,81500,2002,2,12,2,11730
17.360000610351562,17.799999237060547,17.639999389648438,17.790000915527344,136700,2002,2,13,3,11731
17.559999465942383,17.989999771118164,17.729999542236328,17.8700008392334,211100,2002,2,14,4,11732
17.68000030517578,18.15999984741211,17.8799991607666,17.84000015258789,157700,2002,2,15,5,11733
18.5,19.18000030517578,18.799999237060547,18.889999389648438,866300,2002,2,19,2,11737
18.670000076293945,19.25,18.889999389648438,18.770000457763672,492900,2002,2,20,3,11738
18.5,18.899999618530273,18.59000015258789,18.639999389648438,428800,2002,2,21,4,11739
18.219999313354492,18.649999618530273,18.639999389648438,18.360000610351562,412700,2002,2,22,5,11740
17.209999084472656,18.389999389648438,18.270000457763672,17.43000030517578,585500,2002,2,25,1,11743
17.219999313354492,17.600000381469727,17.399999618530273,17.489999771118164,359900,2002,2,26,2,11744
17.469999313354492,17.739999771118164,17.489999771118164,17.65999984741211,315000,2002,2,27,3,11745
17.610000610351562,18.0,17.6200008392334,17.979999542236328,247900,2002,2,28,4,11746
17.860000610351562,18.149999618530273,18.09000015258789,18.1299991607666,385000,2002,3,1,5,11747
18.0,18.3700008392334,18.15999984741211,18.0,105500,2002,3,4,1,11750
17.75,18.1299991607666,17.979999542236328,17.93000030517578,162800,2002,3,5,2,11751
17.729999542236328,17.979999542236328,17.850000381469727,17.969999313354492,667500,2002,3,6,3,11752
17.729999542236328,18.100000381469727,17.93000030517578,17.829999923706055,75400,2002,3,7,4,11753
17.6299991607666,17.899999618530273,17.850000381469727,17.860000610351562,64500,2002,3,8,5,11754
17.469999313354492,17.850000381469727,17.829999923706055,17.739999771118164,159200,2002,3,11,1,11757
17.469999313354492,17.979999542236328,17.479999542236328,17.969999313354492,105700,2002,3,12,2,11758
17.649999618530273,18.0,17.969999313354492,17.690000534057617,57800,2002,3,13,3,11759
17.600000381469727,17.780000686645508,17.670000076293945,17.6200008392334,62400,2002,3,14,4,11760
17.600000381469727,17.850000381469727,17.600000381469727,17.81999969482422,87100,2002,3,15,5,11761
17.700000762939453,18.200000762939453,17.709999084472656,18.1299991607666,137700,2002,3,18,1,11764
18.0,18.979999542236328,18.0,18.780000686645508,187500,2002,3,19,2,11765
18.450000762939453,18.790000915527344,18.719999313354492,18.770000457763672,215300,2002,3,20,3,11766
18.100000381469727,18.700000762939453,18.670000076293945,18.40999984741211,1126500,2002,3,21,4,11767
18.209999084472656,18.59000015258789,18.360000610351562,18.299999237060547,156800,2002,3,22,5,11768
18.200000762939453,18.479999542236328,18.280000686645508,18.440000534057617,305100,2002,3,25,1,11771
18.059999465942383,18.360000610351562,18.239999771118164,18.100000381469727,106100,2002,3,26,2,11772
18.059999465942383,18.799999237060547,18.100000381469727,18.799999237060547,202300,2002,3,27,3,11773
18.649999618530273,19.049999237060547,18.700000762939453,18.889999389648438,122900,2002,3,28,4,11774
18.149999618530273,19.0,18.850000381469727,18.809999465942383,172600,2002,4,1,1,11778
18.440000534057617,18.690000534057617,18.690000534057617,18.520000457763672,135000,2002,4,2,2,11779
19.0,19.84000015258789,19.040000915527344,19.110000610351562,1446400,2002,4,3,3,11780
18.770000457763672,19.25,19.170000076293945,19.110000610351562,902500,2002,4,4,4,11781
19.049999237060547,19.549999237060547,19.1299991607666,19.360000610351562,356100,2002,4,5,5,11782
19.18000030517578,19.549999237060547,19.399999618530273,19.290000915527344,142200,2002,4,8,1,11785
19.190000534057617,19.700000762939453,19.190000534057617,19.579999923706055,382800,2002,4,9,2,11786
19.5,20.799999237060547,19.700000762939453,20.729999542236328,325800,2002,4,10,3,11787
20.399999618530273,21.18000030517578,20.729999542236328,21.049999237060547,404200,2002,4,11,4,11788
20.950000762939453,21.290000915527344,21.18000030517578,21.1299991607666,322900,2002,4,12,5,11789
20.170000076293945,21.219999313354492,21.190000534057617,20.329999923706055,233900,2002,4,15,1,11792
20.170000076293945,20.700000762939453,20.170000076293945,20.549999237060547,197700,2002,4,16,2,11793
20.280000686645508,20.719999313354492,20.549999237060547,20.489999771118164,138200,2002,4,17,3,11794
20.18000030517578,20.510000228881836,20.360000610351562,20.3700008392334,332600,2002,4,18,4,11795
20.219999313354492,21.079999923706055,20.219999313354492,21.079999923706055,108600,2002,4,19,5,11796
20.649999618530273,21.06999969482422,20.969999313354492,20.670000076293945,163000,2002,4,22,1,11799
19.850000381469727,20.770000457763672,20.700000762939453,20.559999465942383,352500,2002,4,23,2,11800
20.309999465942383,20.549999237060547,20.5,20.530000686645508,163500,2002,4,24,3,11801
20.34000015258789,20.649999618530273,20.5,20.399999618530273,141700,2002,4,25,4,11802
20.34000015258789,21.0,20.3799991607666,21.0,267600,2002,4,26,5,11803
20.31999969482422,21.100000381469727,20.799999237060547,20.399999618530273,328400,2002,4,29,1,11806
20.190000534057617,20.559999465942383,20.559999465942383,20.219999313354492,162600,2002,4,30,2,11807
19.959999084472656,20.3700008392334,20.290000915527344,20.110000610351562,139900,2002,5,1,3,11808
19.950000762939453,20.31999969482422,20.06999969482422,20.059999465942383,200400,2002,5,2,4,11809
19.729999542236328,20.1200008392334,19.969999313354492,19.969999313354492,261000,2002,5,3,5,11810
19.959999084472656,20.389999389648438,20.079999923706055,20.260000228881836,109000,2002,5,6,1,11813
19.770000457763672,20.420000076293945,20.239999771118164,19.899999618530273,139600,2002,5,7,2,11814
19.739999771118164,20.049999237060547,19.899999618530273,19.969999313354492,98700,2002,5,8,3,11815
19.940000534057617,20.299999237060547,19.959999084472656,20.280000686645508,156600,2002,5,9,4,11816
20.059999465942383,20.299999237060547,20.299999237060547,20.079999923706055,142000,2002,5,10,5,11817
19.899999618530273,20.299999237060547,20.219999313354492,19.950000762939453,91500,2002,5,13,1,11820
19.219999313354492,20.020000457763672,19.969999313354492,19.5,438100,2002,5,14,2,11821
19.25,19.59000015258789,19.520000457763672,19.34000015258789,146300,2002,5,15,3,11822
19.290000915527344,19.520000457763672,19.309999465942383,19.31999969482422,128300,2002,5,16,4,11823
19.299999237060547,19.5,19.420000076293945,19.43000030517578,44000,2002,5,17,5,11824
19.200000762939453,19.5,19.459999084472656,19.200000762939453,86400,2002,5,20,1,11827
19.239999771118164,19.399999618530273,19.260000228881836,19.350000381469727,100700,2002,5,21,2,11828
18.850000381469727,19.479999542236328,19.190000534057617,19.18000030517578,88800,2002,5,22,3,11829
18.899999618530273,19.200000762939453,19.110000610351562,19.149999618530273,247600,2002,5,23,4,11830
19.049999237060547,19.25,19.149999618530273,19.139999389648438,155200,2002,5,24,5,11831
19.1299991607666,19.40999984741211,19.139999389648438,19.25,115100,2002,5,28,2,11835
19.0,19.31999969482422,19.270000457763672,19.049999237060547,132400,2002,5,29,3,11836
18.81999969482422,19.110000610351562,19.010000228881836,18.989999771118164,85500,2002,5,30,4,11837
18.81999969482422,19.09000015258789,18.989999771118164,18.899999618530273,97300,2002,5,31,5,11838
18.18000030517578,19.190000534057617,18.829999923706055,18.40999984741211,143800,2002,6,3,1,11841
17.81999969482422,18.489999771118164,18.15999984741211,18.0,281900,2002,6,4,2,11842
17.940000534057617,18.360000610351562,17.940000534057617,18.149999618530273,205900,2002,6,5,3,11843
17.989999771118164,18.25,18.100000381469727,18.1200008392334,49900,2002,6,6,4,11844
18.0,18.5,18.0,18.5,182200,2002,6,7,5,11845
18.200000762939453,19.1200008392334,18.209999084472656,18.90999984741211,131400,2002,6,10,1,11848
18.450000762939453,19.09000015258789,18.850000381469727,18.469999313354492,106200,2002,6,11,2,11849
17.81999969482422,18.520000457763672,18.520000457763672,17.969999313354492,71300,2002,6,12,3,11850
16.780000686645508,18.469999313354492,17.799999237060547,18.40999984741211,855500,2002,6,13,4,11851
18.049999237060547,18.920000076293945,18.049999237060547,18.739999771118164,248300,2002,6,14,5,11852
18.65999984741211,18.989999771118164,18.93000030517578,18.829999923706055,43900,2002,6,17,1,11855
18.110000610351562,20.469999313354492,18.649999618530273,18.309999465942383,87800,2002,6,18,2,11856
18.059999465942383,18.440000534057617,18.059999465942383,18.190000534057617,63600,2002,6,19,3,11857
18.170000076293945,18.479999542236328,18.170000076293945,18.260000228881836,51800,2002,6,20,4,11858
18.049999237060547,18.489999771118164,18.489999771118164,18.139999389648438,53600,2002,6,21,5,11859
17.639999389648438,18.149999618530273,18.049999237060547,17.729999542236328,234100,2002,6,24,1,11862
17.299999237060547,17.84000015258789,17.81999969482422,17.31999969482422,237300,2002,6,25,2,11863
17.06999969482422,17.600000381469727,17.270000457763672,17.530000686645508,162100,2002,6,26,3,11864
17.200000762939453,18.690000534057617,17.6299991607666,18.639999389648438,224200,2002,6,27,4,11865
18.5,19.25,18.5,18.989999771118164,211400,2002,6,28,5,11866
18.200000762939453,19.239999771118164,19.079999923706055,18.219999313354492,200500,2002,7,1,1,11869
17.5,18.190000534057617,18.190000534057617,17.93000030517578,249300,2002,7,2,2,11870
17.670000076293945,18.350000381469727,17.670000076293945,18.0,284300,2002,7,3,3,11871
18.0,18.65999984741211,18.059999465942383,18.270000457763672,79200,2002,7,5,5,11873
17.899999618530273,18.200000762939453,17.950000762939453,17.920000076293945,121500,2002,7,8,1,11876
16.969999313354492,17.940000534057617,17.8799991607666,17.440000534057617,273300,2002,7,9,2,11877
17.200000762939453,17.8700008392334,17.440000534057617,17.299999237060547,106900,2002,7,10,3,11878
16.399999618530273,17.309999465942383,17.299999237060547,16.479999542236328,265300,2002,7,11,4,11879
15.470000267028809,16.729999542236328,16.6299991607666,15.479999542236328,286200,2002,7,12,5,11880
14.020000457763672,15.75,15.619999885559082,14.649999618530273,545300,2002,7,15,1,11883
14.399999618530273,15.960000038146973,14.5,15.479999542236328,285700,2002,7,16,2,11884
15.1899995803833,15.890000343322754,15.600000381469727,15.319999694824219,116400,2002,7,17,3,11885
15.319999694824219,16.190000534057617,15.380000114440918,16.06999969482422,351700,2002,7,18,4,11886
15.6899995803833,16.34000015258789,15.979999542236328,15.989999771118164,430000,2002,7,19,5,11887
15.600000381469727,16.040000915527344,15.699999809265137,15.739999771118164,309000,2002,7,22,1,11890
15.399999618530273,15.770000457763672,15.649999618530273,15.430000305175781,180000,2002,7,23,2,11891
15.199999809265137,16.270000457763672,15.399999618530273,16.190000534057617,142800,2002,7,24,3,11892
15.710000038146973,16.420000076293945,16.290000915527344,16.170000076293945,101200,2002,7,25,4,11893
15.930000305175781,16.399999618530273,15.930000305175781,16.3799991607666,57200,2002,7,26,5,11894
16.329999923706055,16.770000457763672,16.450000762939453,16.59000015258789,156900,2002,7,29,1,11897
16.31999969482422,16.950000762939453,16.950000762939453,16.3700008392334,232500,2002,7,30,2,11898
16.350000381469727,16.649999618530273,16.399999618530273,16.649999618530273,145100,2002,7,31,3,11899
16.25,16.6200008392334,16.6200008392334,16.260000228881836,78500,2002,8,1,4,11900
16.219999313354492,16.350000381469727,16.25,16.25,53900,2002,8,2,5,11901
15.989999771118164,16.299999237060547,16.299999237060547,15.989999771118164,22500,2002,8,5,1,11904
15.800000190734863,16.459999084472656,15.989999771118164,16.260000228881836,94800,2002,8,6,2,11905
16.200000762939453,16.489999771118164,16.200000762939453,16.450000762939453,73100,2002,8,7,3,11906
16.219999313354492,16.549999237060547,16.399999618530273,16.309999465942383,74400,2002,8,8,4,11907
16.350000381469727,16.93000030517578,16.350000381469727,16.81999969482422,81600,2002,8,9,5,11908
16.389999389648438,16.850000381469727,16.850000381469727,16.389999389648438,25600,2002,8,12,1,11911
16.3700008392334,16.649999618530273,16.3700008392334,16.579999923706055,23500,2002,8,13,2,11912
16.459999084472656,16.649999618530273,16.59000015258789,16.510000228881836,36800,2002,8,14,3,11913
16.389999389648438,16.530000686645508,16.510000228881836,16.40999984741211,126600,2002,8,15,4,11914
16.309999465942383,16.549999237060547,16.420000076293945,16.479999542236328,68300,2002,8,16,5,11915
16.389999389648438,16.5,16.450000762939453,16.389999389648438,42000,2002,8,19,1,11918
16.350000381469727,16.5,16.399999618530273,16.479999542236328,47500,2002,8,20,2,11919
16.489999771118164,16.790000915527344,16.489999771118164,16.700000762939453,35100,2002,8,21,3,11920
16.600000381469727,16.700000762939453,16.600000381469727,16.639999389648438,23300,2002,8,22,4,11921
16.229999542236328,16.6200008392334,16.600000381469727,16.5,43900,2002,8,23,5,11922
16.25,16.5,16.450000762939453,16.489999771118164,22300,2002,8,26,1,11925
16.360000610351562,16.600000381469727,16.459999084472656,16.420000076293945,93100,2002,8,27,2,11926
16.280000686645508,16.549999237060547,16.350000381469727,16.549999237060547,29900,2002,8,28,3,11927
16.3700008392334,17.450000762939453,16.5,17.450000762939453,97500,2002,8,29,4,11928
16.43000030517578,17.280000686645508,17.280000686645508,16.5,185600,2002,8,30,5,11929
16.239999771118164,16.600000381469727,16.350000381469727,16.399999618530273,156300,2002,9,3,2,11933
16.219999313354492,16.520000457763672,16.350000381469727,16.329999923706055,90000,2002,9,4,3,11934
15.729999542236328,16.110000610351562,15.899999618530273,15.75,118100,2002,9,5,4,11935
15.359999656677246,15.699999809265137,15.699999809265137,15.699999809265137,105100,2002,9,6,5,11936
15.319999694824219,15.539999961853027,15.350000381469727,15.390000343322754,51600,2002,9,9,1,11939
14.800000190734863,15.40999984741211,15.350000381469727,15.25,85100,2002,9,10,2,11940
15.170000076293945,15.279999732971191,15.279999732971191,15.1899995803833,29300,2002,9,11,3,11941
14.75,15.1899995803833,15.1899995803833,14.850000381469727,85600,2002,9,12,4,11942
14.760000228881836,15.350000381469727,14.800000190734863,15.270000457763672,96500,2002,9,13,5,11943
14.949999809265137,15.300000190734863,15.020000457763672,15.300000190734863,55300,2002,9,16,1,11946
15.0,15.15999984741211,15.119999885559082,15.0,32500,2002,9,17,2,11947
14.960000038146973,15.130000114440918,15.100000381469727,15.069999694824219,34400,2002,9,18,3,11948
15.0,15.329999923706055,15.050000190734863,15.0,47100,2002,9,19,4,11949
14.5,14.899999618530273,14.899999618530273,14.5,71300,2002,9,20,5,11950
14.0,14.600000381469727,14.600000381469727,14.0600004196167,131200,2002,9,23,1,11953
13.800000190734863,14.25,13.800000190734863,14.239999771118164,94400,2002,9,24,2,11954
14.199999809265137,14.890000343322754,14.199999809265137,14.880000114440918,67100,2002,9,25,3,11955
14.75,14.899999618530273,14.850000381469727,14.890000343322754,108500,2002,9,26,4,11956
14.800000190734863,15.239999771118164,14.949999809265137,15.0,78400,2002,9,27,5,11957
14.899999618530273,15.210000038146973,14.899999618530273,15.149999618530273,162200,2002,9,30,1,11960
15.170000076293945,15.4399995803833,15.180000305175781,15.4399995803833,103000,2002,10,1,2,11961
15.199999809265137,15.430000305175781,15.199999809265137,15.390000343322754,115900,2002,10,2,3,11962
15.199999809265137,15.4399995803833,15.300000190734863,15.359999656677246,83800,2002,10,3,4,11963
15.100000381469727,15.4399995803833,15.100000381469727,15.279999732971191,109100,2002,10,4,5,11964
15.199999809265137,15.819999694824219,15.199999809265137,15.600000381469727,123700,2002,10,7,1,11967
15.5,15.890000343322754,15.600000381469727,15.800000190734863,100300,2002,10,8,2,11968
15.25,15.800000190734863,15.800000190734863,15.449999809265137,161600,2002,10,9,3,11969
15.300000190734863,15.600000381469727,15.470000267028809,15.449999809265137,121300,2002,10,10,4,11970
15.420000076293945,15.899999618530273,15.420000076293945,15.789999961853027,129300,2002,10,11,5,11971
15.5,15.850000381469727,15.75,15.550000190734863,30200,2002,10,14,1,11974
15.5,16.600000381469727,15.5,16.600000381469727,123100,2002,10,15,2,11975
16.450000762939453,17.600000381469727,16.600000381469727,17.5,195300,2002,10,16,3,11976
17.829999923706055,18.280000686645508,17.850000381469727,17.93000030517578,170000,2002,10,17,4,11977
17.8700008392334,18.399999618530273,17.940000534057617,18.270000457763672,95500,2002,10,18,5,11978
18.18000030517578,18.459999084472656,18.25,18.299999237060547,28900,2002,10,21,1,11981
18.079999923706055,18.3700008392334,18.25,18.100000381469727,53300,2002,10,22,2,11982
18.18000030517578,18.450000762939453,18.18000030517578,18.25,113000,2002,10,23,3,11983
18.229999542236328,18.799999237060547,18.399999618530273,18.239999771118164,61100,2002,10,24,4,11984
18.049999237060547,18.360000610351562,18.360000610351562,18.34000015258789,65400,2002,10,25,5,11985
18.260000228881836,18.75,18.489999771118164,18.469999313354492,83100,2002,10,28,1,11988
18.309999465942383,18.530000686645508,18.399999618530273,18.420000076293945,46600,2002,10,29,2,11989
18.31999969482422,18.610000610351562,18.399999618530273,18.329999923706055,44300,2002,10,30,3,11990
18.219999313354492,18.75,18.299999237060547,18.5,177200,2002,10,31,4,11991
18.149999618530273,18.5,18.5,18.229999542236328,128000,2002,11,1,5,11992
18.299999237060547,18.799999237060547,18.299999237060547,18.510000228881836,75700,2002,11,4,1,11995
18.450000762939453,18.649999618530273,18.600000381469727,18.649999618530273,136600,2002,11,5,2,11996
18.579999923706055,18.940000534057617,18.899999618530273,18.899999618530273,234700,2002,11,6,3,11997
19.0,19.25,19.0,19.149999618530273,110700,2002,11,7,4,11998
18.889999389648438,19.309999465942383,19.309999465942383,18.989999771118164,71100,2002,11,8,5,11999
18.780000686645508,19.1200008392334,18.950000762939453,18.950000762939453,25500,2002,11,11,1,12002
18.780000686645508,19.200000762939453,19.200000762939453,18.81999969482422,49100,2002,11,12,2,12003
18.81999969482422,19.149999618530273,18.81999969482422,19.0,119600,2002,11,13,3,12004
18.829999923706055,19.0,19.0,18.989999771118164,45400,2002,11,14,4,12005
18.790000915527344,19.0,18.799999237060547,18.899999618530273,77800,2002,11,15,5,12006
18.75,18.899999618530273,18.850000381469727,18.850000381469727,30500,2002,11,18,1,12009
18.0,18.799999237060547,18.75,18.149999618530273,132500,2002,11,19,2,12010
17.799999237060547,18.149999618530273,18.0,18.0,90400,2002,11,20,3,12011
17.399999618530273,18.049999237060547,18.0,17.399999618530273,270500,2002,11,21,4,12012
16.34000015258789,17.31999969482422,17.25,17.280000686645508,279000,2002,11,22,5,12013
17.350000381469727,17.700000762939453,17.450000762939453,17.510000228881836,75900,2002,11,25,1,12016
17.350000381469727,17.649999618530273,17.350000381469727,17.600000381469727,108300,2002,11,26,2,12017
17.649999618530273,18.049999237060547,17.649999618530273,17.850000381469727,52800,2002,11,27,3,12018
17.690000534057617,17.920000076293945,17.899999618530273,17.690000534057617,51800,2002,11,29,5,12020
17.459999084472656,17.989999771118164,17.459999084472656,17.850000381469727,148700,2002,12,2,1,12023
17.65999984741211,17.93000030517578,17.860000610351562,17.860000610351562,38100,2002,12,3,2,12024
17.600000381469727,17.950000762939453,17.950000762939453,17.600000381469727,76900,2002,12,4,3,12025
17.270000457763672,17.75,17.700000762939453,17.75,27700,2002,12,5,4,12026
17.5,17.739999771118164,17.649999618530273,17.700000762939453,229500,2002,12,6,5,12027
17.600000381469727,17.899999618530273,17.600000381469727,17.899999618530273,135400,2002,12,9,1,12030
17.799999237060547,18.399999618530273,17.799999237060547,18.3799991607666,132000,2002,12,10,2,12031
18.299999237060547,18.5,18.5,18.309999465942383,40400,2002,12,11,3,12032
17.399999618530273,18.700000762939453,18.200000762939453,17.40999984741211,224500,2002,12,12,4,12033
16.81999969482422,17.649999618530273,17.350000381469727,16.8799991607666,362700,2002,12,13,5,12034
16.3799991607666,16.920000076293945,16.780000686645508,16.600000381469727,325100,2002,12,16,1,12037
16.459999084472656,16.780000686645508,16.700000762939453,16.56999969482422,81200,2002,12,17,2,12038
16.309999465942383,16.639999389648438,16.31999969482422,16.6200008392334,54900,2002,12,18,3,12039
16.549999237060547,16.790000915527344,16.600000381469727,16.549999237060547,119700,2002,12,19,4,12040
16.549999237060547,17.049999237060547,16.600000381469727,16.899999618530273,82700,2002,12,20,5,12041
16.75,17.469999313354492,16.75,17.459999084472656,222600,2002,12,23,1,12044
17.399999618530273,17.799999237060547,17.399999618530273,17.68000030517578,101300,2002,12,24,2,12045
17.600000381469727,17.93000030517578,17.600000381469727,17.700000762939453,43200,2002,12,26,4,12047
17.540000915527344,17.65999984741211,17.549999237060547,17.6200008392334,68500,2002,12,27,5,12048
17.299999237060547,17.56999969482422,17.450000762939453,17.56999969482422,80200,2002,12,30,1,12051
17.5,18.020000457763672,17.5,17.81999969482422,136000,2002,12,31,2,12052
16.979999542236328,18.299999237060547,16.979999542236328,18.280000686645508,208600,2003,1,2,4,12054
18.100000381469727,18.489999771118164,18.280000686645508,18.299999237060547,85700,2003,1,3,5,12055
17.889999389648438,18.309999465942383,18.200000762939453,18.100000381469727,149300,2003,1,6,1,12058
18.020000457763672,18.479999542236328,18.049999237060547,18.31999969482422,70800,2003,1,7,2,12059
18.299999237060547,18.68000030517578,18.299999237060547,18.360000610351562,167700,2003,1,8,3,12060
18.3700008392334,18.799999237060547,18.3700008392334,18.709999084472656,51200,2003,1,9,4,12061
18.6299991607666,18.979999542236328,18.690000534057617,18.979999542236328,55300,2003,1,10,5,12062
18.809999465942383,19.15999984741211,18.899999618530273,19.100000381469727,64500,2003,1,13,1,12065
18.860000610351562,19.149999618530273,19.149999618530273,19.040000915527344,66400,2003,1,14,2,12066
18.860000610351562,19.100000381469727,19.100000381469727,18.860000610351562,35600,2003,1,15,3,12067
18.8700008392334,19.020000457763672,18.889999389648438,19.0,32600,2003,1,16,4,12068
18.790000915527344,19.049999237060547,18.899999618530273,18.790000915527344,113100,2003,1,17,5,12069
17.780000686645508,18.719999313354492,18.719999313354492,18.100000381469727,167500,2003,1,21,2,12073
18.020000457763672,18.280000686645508,18.020000457763672,18.270000457763672,146200,2003,1,22,3,12074
18.34000015258789,18.68000030517578,18.3700008392334,18.6200008392334,146300,2003,1,23,4,12075
18.469999313354492,18.670000076293945,18.610000610351562,18.510000228881836,93400,2003,1,24,5,12076
17.530000686645508,18.299999237060547,18.299999237060547,17.860000610351562,88100,2003,1,27,1,12079
17.5,18.309999465942383,17.5,18.239999771118164,81100,2003,1,28,2,12080
17.899999618530273,18.729999542236328,18.200000762939453,18.40999984741211,85400,2003,1,29,3,12081
17.670000076293945,18.850000381469727,18.420000076293945,17.670000076293945,122100,2003,1,30,4,12082
17.450000762939453,17.93000030517578,17.450000762939453,17.549999237060547,88900,2003,1,31,5,12083
17.0,17.75,17.75,17.110000610351562,265500,2003,2,3,1,12086
16.739999771118164,17.350000381469727,17.110000610351562,17.219999313354492,250000,2003,2,4,2,12087
17.049999237060547,17.299999237060547,17.299999237060547,17.06999969482422,129100,2003,2,5,3,12088
17.040000915527344,17.200000762939453,17.09000015258789,17.190000534057617,119900,2003,2,6,4,12089
17.0,17.110000610351562,17.06999969482422,17.040000915527344,50300,2003,2,7,5,12090
16.959999084472656,17.270000457763672,16.959999084472656,17.149999618530273,73100,2003,2,10,1,12093
17.0,17.299999237060547,17.100000381469727,17.010000228881836,114400,2003,2,11,2,12094
17.049999237060547,17.170000076293945,17.049999237060547,17.1200008392334,84000,2003,2,12,3,12095
17.1200008392334,17.229999542236328,17.1200008392334,17.200000762939453,95100,2003,2,13,4,12096
17.079999923706055,17.290000915527344,17.100000381469727,17.09000015258789,130300,2003,2,14,5,12097
17.079999923706055,17.43000030517578,17.079999923706055,17.399999618530273,78900,2003,2,18,2,12101
17.299999237060547,17.559999465942383,17.31999969482422,17.520000457763672,58600,2003,2,19,3,12102
17.399999618530273,17.649999618530273,17.450000762939453,17.489999771118164,34800,2003,2,20,4,12103
17.309999465942383,17.5,17.5,17.31999969482422,22900,2003,2,21,5,12104
16.719999313354492,17.399999618530273,17.399999618530273,16.959999084472656,102300,2003,2,24,1,12107
16.649999618530273,16.899999618530273,16.889999389648438,16.8799991607666,42800,2003,2,25,2,12108
16.700000762939453,16.899999618530273,16.75,16.809999465942383,36300,2003,2,26,3,12109
16.75,16.899999618530273,16.899999618530273,16.790000915527344,52100,2003,2,27,4,12110
16.739999771118164,17.299999237060547,16.739999771118164,16.950000762939453,93900,2003,2,28,5,12111
16.600000381469727,16.959999084472656,16.950000762939453,16.600000381469727,55500,2003,3,3,1,12114
16.170000076293945,16.5,16.5,16.219999313354492,321600,2003,3,4,2,12115
15.210000038146973,16.299999237060547,16.219999313354492,15.529999732971191,266100,2003,3,5,3,12116
15.460000038146973,16.079999923706055,15.479999542236328,16.0,352700,2003,3,6,4,12117
15.9399995803833,16.100000381469727,16.0,16.0,110500,2003,3,7,5,12118
15.680000305175781,16.030000686645508,15.899999618530273,15.789999961853027,134700,2003,3,10,1,12121
15.640000343322754,16.360000610351562,15.699999809265137,16.360000610351562,111200,2003,3,11,2,12122
16.25,16.68000030517578,16.350000381469727,16.670000076293945,261100,2003,3,12,3,12123
16.75,18.149999618530273,16.75,18.149999618530273,493300,2003,3,13,4,12124
17.329999923706055,18.010000228881836,18.0,17.399999618530273,150600,2003,3,14,5,12125
17.350000381469727,18.0,17.350000381469727,17.950000762939453,108300,2003,3,17,1,12128
17.770000457763672,18.06999969482422,18.049999237060547,17.950000762939453,70600,2003,3,18,2,12129
17.559999465942383,17.950000762939453,17.950000762939453,17.950000762939453,102300,2003,3,19,3,12130
17.40999984741211,18.100000381469727,17.899999618530273,17.600000381469727,149000,2003,3,20,4,12131
17.25,17.950000762939453,17.75,17.950000762939453,183400,2003,3,21,5,12132
17.5,18.440000534057617,17.950000762939453,17.5,104100,2003,3,24,1,12135
17.510000228881836,17.979999542236328,17.600000381469727,17.860000610351562,176700,2003,3,25,2,12136
17.90999984741211,18.149999618530273,17.959999084472656,18.0,130600,2003,3,26,3,12137
17.719999313354492,18.049999237060547,18.010000228881836,17.780000686645508,145300,2003,3,27,4,12138
17.579999923706055,17.850000381469727,17.850000381469727,17.690000534057617,34600,2003,3,28,5,12139
17.450000762939453,17.690000534057617,17.690000534057617,17.549999237060547,74200,2003,3,31,1,12142
17.229999542236328,17.950000762939453,17.950000762939453,17.299999237060547,97800,2003,4,1,2,12143
17.149999618530273,17.610000610351562,17.610000610351562,17.200000762939453,117700,2003,4,2,3,12144
16.579999923706055,17.299999237060547,17.299999237060547,16.709999084472656,363000,2003,4,3,4,12145
16.530000686645508,16.799999237060547,16.799999237060547,16.700000762939453,240800,2003,4,4,5,12146
16.479999542236328,16.950000762939453,16.709999084472656,16.690000534057617,162200,2003,4,7,1,12149
16.719999313354492,17.040000915527344,16.75,16.979999542236328,117100,2003,4,8,2,12150
16.649999618530273,17.0,17.0,16.719999313354492,150300,2003,4,9,3,12151
16.56999969482422,16.829999923706055,16.729999542236328,16.610000610351562,61600,2003,4,10,4,12152
16.040000915527344,16.510000228881836,16.25,16.329999923706055,172700,2003,4,11,5,12153
16.3799991607666,16.600000381469727,16.399999618530273,16.5,129500,2003,4,14,1,12156
16.40999984741211,16.579999923706055,16.520000457763672,16.43000030517578,82500,2003,4,15,2,12157
16.8700008392334,18.25,17.079999923706055,18.239999771118164,1092300,2003,4,16,3,12158
18.239999771118164,18.700000762939453,18.239999771118164,18.5,488500,2003,4,17,4,12159
18.399999618530273,18.690000534057617,18.5,18.68000030517578,109400,2003,4,21,1,12163
18.5,18.799999237060547,18.68000030517578,18.610000610351562,60400,2003,4,22,2,12164
18.149999618530273,18.610000610351562,18.610000610351562,18.260000228881836,86500,2003,4,23,3,12165
18.010000228881836,18.209999084472656,18.209999084472656,18.15999984741211,106000,2003,4,24,4,12166
17.850000381469727,18.18000030517578,18.1299991607666,17.950000762939453,43800,2003,4,25,5,12167
17.799999237060547,18.3700008392334,17.799999237060547,18.350000381469727,91200,2003,4,28,1,12170
18.34000015258789,18.510000228881836,18.350000381469727,18.5,182700,2003,4,29,2,12171
18.0,18.6200008392334,18.6200008392334,18.350000381469727,326000,2003,4,30,3,12172
18.299999237060547,18.670000076293945,18.299999237060547,18.6200008392334,952600,2003,5,1,4,12173
18.5,18.93000030517578,18.5,18.889999389648438,171300,2003,5,2,5,12174
18.850000381469727,19.079999923706055,18.850000381469727,19.0,138900,2003,5,5,1,12177
18.860000610351562,19.549999237060547,18.860000610351562,19.299999237060547,156200,2003,5,6,2,12178
19.239999771118164,19.829999923706055,19.350000381469727,19.760000228881836,231600,2003,5,7,3,12179
19.5,19.920000076293945,19.700000762939453,19.829999923706055,203300,2003,5,8,4,12180
19.84000015258789,20.1200008392334,19.84000015258789,20.020000457763672,154300,2003,5,9,5,12181
19.899999618530273,20.25,20.020000457763672,20.110000610351562,121900,2003,5,12,1,12184
19.899999618530273,20.219999313354492,19.899999618530273,20.06999969482422,119300,2003,5,13,2,12185
20.049999237060547,20.329999923706055,20.06999969482422,20.100000381469727,283100,2003,5,14,3,12186
19.989999771118164,20.229999542236328,20.200000762939453,20.0,82000,2003,5,15,4,12187
19.93000030517578,20.239999771118164,19.940000534057617,19.93000030517578,81100,2003,5,16,5,12188
19.780000686645508,19.860000610351562,19.850000381469727,19.780000686645508,55900,2003,5,19,1,12191
19.510000228881836,20.010000228881836,19.68000030517578,19.8700008392334,448400,2003,5,20,2,12192
19.780000686645508,20.010000228881836,19.8799991607666,19.950000762939453,100100,2003,5,21,3,12193
19.850000381469727,20.149999618530273,19.850000381469727,20.0,209300,2003,5,22,4,12194
19.700000762939453,20.100000381469727,20.0,19.760000228881836,67300,2003,5,23,5,12195
19.700000762939453,20.190000534057617,19.700000762939453,20.190000534057617,211900,2003,5,27,2,12199
19.959999084472656,20.399999618530273,20.25,20.360000610351562,329300,2003,5,28,3,12200
20.360000610351562,20.920000076293945,20.360000610351562,20.920000076293945,170900,2003,5,29,4,12201
20.5,21.549999237060547,20.899999618530273,21.510000228881836,170100,2003,5,30,5,12202
21.299999237060547,21.739999771118164,21.510000228881836,21.520000457763672,232600,2003,6,2,1,12205
21.43000030517578,21.860000610351562,21.479999542236328,21.5,183200,2003,6,3,2,12206
20.850000381469727,21.540000915527344,21.0,20.950000762939453,348900,2003,6,4,3,12207
20.3799991607666,21.0,21.0,20.549999237060547,439000,2003,6,5,4,12208
20.200000762939453,20.799999237060547,20.799999237060547,20.350000381469727,229000,2003,6,6,5,12209
20.049999237060547,20.3799991607666,20.3700008392334,20.100000381469727,121700,2003,6,9,1,12212
20.030000686645508,20.209999084472656,20.030000686645508,20.1200008392334,191400,2003,6,10,2,12213
20.079999923706055,20.959999084472656,20.079999923706055,20.889999389648438,260800,2003,6,11,3,12214
20.899999618530273,21.5,20.899999618530273,21.399999618530273,193500,2003,6,12,4,12215
21.25,21.56999969482422,21.299999237060547,21.469999313354492,122100,2003,6,13,5,12216
21.389999389648438,21.719999313354492,21.5,21.450000762939453,148400,2003,6,16,1,12219
21.200000762939453,21.540000915527344,21.479999542236328,21.260000228881836,134200,2003,6,17,2,12220
21.079999923706055,21.270000457763672,21.260000228881836,21.25,86100,2003,6,18,3,12221
21.0,21.25,21.25,21.049999237060547,84300,2003,6,19,4,12222
20.8700008392334,21.049999237060547,21.049999237060547,20.969999313354492,86900,2003,6,20,5,12223
20.459999084472656,20.959999084472656,20.899999618530273,20.489999771118164,95100,2003,6,23,1,12226
20.360000610351562,20.610000610351562,20.450000762939453,20.399999618530273,75500,2003,6,24,2,12227
19.989999771118164,20.450000762939453,20.40999984741211,20.200000762939453,236800,2003,6,25,3,12228
20.100000381469727,20.700000762939453,20.299999237060547,20.68000030517578,159800,2003,6,26,4,12229
20.530000686645508,20.739999771118164,20.649999618530273,20.579999923706055,46700,2003,6,27,5,12230
20.360000610351562,20.700000762939453,20.549999237060547,20.690000534057617,55400,2003,6,30,1,12233
20.399999618530273,20.850000381469727,20.649999618530273,20.739999771118164,74500,2003,7,1,2,12234
20.209999084472656,20.68000030517578,20.649999618530273,20.399999618530273,189000,2003,7,2,3,12235
20.200000762939453,20.440000534057617,20.40999984741211,20.40999984741211,106300,2003,7,3,4,12236
20.139999389648438,20.469999313354492,20.389999389648438,20.139999389648438,88500,2003,7,7,1,12240
19.770000457763672,20.139999389648438,20.139999389648438,19.93000030517578,183800,2003,7,8,2,12241
20.31999969482422,21.399999618530273,20.329999923706055,20.719999313354492,387200,2003,7,9,3,12242
20.530000686645508,20.860000610351562,20.68000030517578,20.860000610351562,260400,2003,7,10,4,12243
20.829999923706055,23.020000457763672,20.850000381469727,22.479999542236328,439600,2003,7,11,5,12244
22.0,23.139999389648438,23.010000228881836,22.100000381469727,413700,2003,7,14,1,12247
21.3799991607666,22.15999984741211,22.149999618530273,21.549999237060547,118600,2003,7,15,2,12248
21.329999923706055,21.799999237060547,21.799999237060547,21.610000610351562,116600,2003,7,16,3,12249
21.25,22.190000534057617,22.0,21.399999618530273,306200,2003,7,17,4,12250
21.0,22.350000381469727,21.0,22.329999923706055,282800,2003,7,18,5,12251
22.139999389648438,22.549999237060547,22.309999465942383,22.5,136800,2003,7,21,1,12254
22.360000610351562,22.829999923706055,22.450000762939453,22.809999465942383,126700,2003,7,22,2,12255
22.700000762939453,23.049999237060547,22.700000762939453,22.84000015258789,151500,2003,7,23,3,12256
22.229999542236328,23.190000534057617,22.799999237060547,22.260000228881836,65600,2003,7,24,4,12257
22.100000381469727,22.65999984741211,22.5,22.6200008392334,81000,2003,7,25,5,12258
22.6200008392334,22.989999771118164,22.6200008392334,22.989999771118164,45100,2003,7,28,1,12261
22.549999237060547,23.110000610351562,22.920000076293945,22.649999618530273,89600,2003,7,29,2,12262
22.200000762939453,22.81999969482422,22.690000534057617,22.450000762939453,100100,2003,7,30,3,12263
22.350000381469727,22.75,22.5,22.729999542236328,90600,2003,7,31,4,12264
22.389999389648438,22.93000030517578,22.649999618530273,22.420000076293945,55000,2003,8,1,5,12265
22.190000534057617,22.6299991607666,22.420000076293945,22.459999084472656,31300,2003,8,4,1,12268
21.68000030517578,22.399999618530273,22.399999618530273,22.190000534057617,85900,2003,8,5,2,12269
21.860000610351562,22.3799991607666,22.18000030517578,22.360000610351562,42500,2003,8,6,3,12270
22.040000915527344,22.450000762939453,22.43000030517578,22.299999237060547,72700,2003,8,7,4,12271
22.200000762939453,22.56999969482422,22.25,22.56999969482422,101100,2003,8,8,5,12272
22.65999984741211,22.899999618530273,22.700000762939453,22.860000610351562,74200,2003,8,11,1,12275
22.850000381469727,23.639999389648438,22.90999984741211,23.489999771118164,299900,2003,8,12,2,12276
22.459999084472656,23.84000015258789,23.600000381469727,22.959999084472656,82600,2003,8,13,3,12277
22.899999618530273,23.3700008392334,22.959999084472656,23.260000228881836,36200,2003,8,14,4,12278
23.190000534057617,23.399999618530273,23.200000762939453,23.399999618530273,5700,2003,8,15,5,12279
23.190000534057617,23.399999618530273,23.350000381469727,23.3700008392334,27700,2003,8,18,1,12282
23.030000686645508,23.260000228881836,23.260000228881836,23.229999542236328,159400,2003,8,19,2,12283
22.950000762939453,23.479999542236328,23.110000610351562,23.260000228881836,83700,2003,8,20,3,12284
23.190000534057617,23.489999771118164,23.270000457763672,23.469999313354492,108700,2003,8,21,4,12285
23.18000030517578,23.489999771118164,23.489999771118164,23.260000228881836,79500,2003,8,22,5,12286
23.100000381469727,23.6299991607666,23.399999618530273,23.34000015258789,57600,2003,8,25,1,12289
23.020000457763672,23.399999618530273,23.399999618530273,23.15999984741211,40500,2003,8,26,2,12290
22.8799991607666,23.399999618530273,23.0,23.170000076293945,135100,2003,8,27,3,12291
23.1200008392334,23.270000457763672,23.170000076293945,23.25,53700,2003,8,28,4,12292
23.170000076293945,23.31999969482422,23.200000762939453,23.239999771118164,21000,2003,8,29,5,12293
23.030000686645508,23.280000686645508,23.209999084472656,23.190000534057617,85000,2003,9,2,2,12297
23.0,23.219999313354492,23.149999618530273,23.139999389648438,53300,2003,9,3,3,12298
23.100000381469727,23.34000015258789,23.100000381469727,23.170000076293945,32300,2003,9,4,4,12299
23.110000610351562,23.360000610351562,23.25,23.15999984741211,22100,2003,9,5,5,12300
22.920000076293945,23.299999237060547,23.100000381469727,23.020000457763672,39000,2003,9,8,1,12303
23.09000015258789,23.420000076293945,23.1299991607666,23.3799991607666,80100,2003,9,9,2,12304
23.229999542236328,23.649999618530273,23.229999542236328,23.459999084472656,68100,2003,9,10,3,12305
23.18000030517578,23.389999389648438,23.3799991607666,23.329999923706055,33800,2003,9,11,4,12306
23.15999984741211,23.3799991607666,23.3799991607666,23.15999984741211,23500,2003,9,12,5,12307
22.989999771118164,23.299999237060547,23.299999237060547,23.110000610351562,14900,2003,9,15,1,12310
22.899999618530273,23.170000076293945,23.170000076293945,22.959999084472656,20800,2003,9,16,2,12311
22.809999465942383,23.030000686645508,22.809999465942383,22.899999618530273,39700,2003,9,17,3,12312
22.450000762939453,23.049999237060547,22.860000610351562,23.030000686645508,103300,2003,9,18,4,12313
22.93000030517578,23.579999923706055,23.149999618530273,22.979999542236328,191300,2003,9,19,5,12314
22.81999969482422,23.280000686645508,22.81999969482422,23.030000686645508,74700,2003,9,22,1,12317
22.770000457763672,23.290000915527344,22.899999618530273,23.280000686645508,144700,2003,9,23,2,12318
23.200000762939453,23.479999542236328,23.25,23.40999984741211,85900,2003,9,24,3,12319
23.299999237060547,23.950000762939453,23.31999969482422,23.610000610351562,151900,2003,9,25,4,12320
23.260000228881836,23.530000686645508,23.530000686645508,23.31999969482422,42700,2003,9,26,5,12321
23.200000762939453,23.549999237060547,23.25,23.549999237060547,33500,2003,9,29,1,12324
23.329999923706055,23.8799991607666,23.649999618530273,23.40999984741211,93500,2003,9,30,2,12325
23.450000762939453,23.84000015258789,23.450000762939453,23.729999542236328,45900,2003,10,1,3,12326
23.75,24.049999237060547,23.75,23.989999771118164,35400,2003,10,2,4,12327
24.139999389648438,25.200000762939453,24.579999923706055,24.170000076293945,266800,2003,10,3,5,12328
23.889999389648438,24.1200008392334,24.100000381469727,24.0,97700,2003,10,6,1,12331
24.020000457763672,24.709999084472656,24.020000457763672,24.56999969482422,172200,2003,10,7,2,12332
24.5,24.719999313354492,24.600000381469727,24.5,31400,2003,10,8,3,12333
24.649999618530273,24.979999542236328,24.649999618530273,24.8700008392334,94200,2003,10,9,4,12334
24.559999465942383,25.149999618530273,25.149999618530273,24.6200008392334,82900,2003,10,10,5,12335
24.700000762939453,25.139999389648438,24.700000762939453,25.059999465942383,45600,2003,10,13,1,12338
24.809999465942383,25.149999618530273,24.920000076293945,25.010000228881836,115200,2003,10,14,2,12339
25.06999969482422,25.5,25.200000762939453,25.489999771118164,124200,2003,10,15,3,12340
25.719999313354492,26.399999618530273,26.149999618530273,26.34000015258789,729000,2003,10,16,4,12341
24.950000762939453,26.5,26.049999237060547,26.5,730800,2003,10,17,5,12342
26.030000686645508,26.440000534057617,26.399999618530273,26.049999237060547,128300,2003,10,20,1,12345
25.729999542236328,26.170000076293945,26.06999969482422,25.850000381469727,224000,2003,10,21,2,12346
25.0,26.06999969482422,25.850000381469727,25.959999084472656,710600,2003,10,22,3,12347
25.700000762939453,25.959999084472656,25.959999084472656,25.729999542236328,60000,2003,10,23,4,12348
25.399999618530273,25.65999984741211,25.59000015258789,25.6299991607666,214000,2003,10,24,5,12349
25.979999542236328,26.850000381469727,26.549999237060547,26.0,633800,2003,10,27,1,12352
25.940000534057617,26.299999237060547,26.149999618530273,26.290000915527344,293200,2003,10,28,2,12353
25.8799991607666,26.110000610351562,26.049999237060547,25.920000076293945,169400,2003,10,29,3,12354
25.760000228881836,26.219999313354492,25.979999542236328,25.920000076293945,188600,2003,10,30,4,12355
25.700000762939453,26.139999389648438,25.899999618530273,26.049999237060547,73200,2003,10,31,5,12356
25.860000610351562,26.299999237060547,25.93000030517578,25.90999984741211,126800,2003,11,3,1,12359
25.940000534057617,26.15999984741211,25.950000762939453,26.059999465942383,46200,2003,11,4,2,12360
25.65999984741211,26.1299991607666,25.969999313354492,25.899999618530273,138800,2003,11,5,3,12361
25.729999542236328,25.959999084472656,25.760000228881836,25.959999084472656,51400,2003,11,6,4,12362
26.049999237060547,26.229999542236328,26.170000076293945,26.209999084472656,84500,2003,11,7,5,12363
26.059999465942383,26.299999237060547,26.299999237060547,26.270000457763672,109100,2003,11,10,1,12366
26.15999984741211,26.350000381469727,26.219999313354492,26.350000381469727,100300,2003,11,11,2,12367
26.489999771118164,26.700000762939453,26.540000915527344,26.649999618530273,114000,2003,11,12,3,12368
26.600000381469727,27.139999389648438,26.600000381469727,27.06999969482422,179000,2003,11,13,4,12369
27.059999465942383,27.510000228881836,27.06999969482422,27.5,168300,2003,11,14,5,12370
26.75,27.540000915527344,27.399999618530273,26.799999237060547,201000,2003,11,17,1,12373
26.06999969482422,26.93000030517578,26.93000030517578,26.139999389648438,163000,2003,11,18,2,12374
25.739999771118164,26.350000381469727,26.350000381469727,26.139999389648438,121600,2003,11,19,3,12375
25.969999313354492,26.469999313354492,26.079999923706055,26.299999237060547,87000,2003,11,20,4,12376
25.350000381469727,26.229999542236328,26.100000381469727,25.75,157400,2003,11,21,5,12377
25.549999237060547,25.889999389648438,25.850000381469727,25.690000534057617,122700,2003,11,24,1,12380
25.709999084472656,26.100000381469727,25.75,26.100000381469727,130600,2003,11,25,2,12381
26.0,26.25,26.100000381469727,26.049999237060547,141100,2003,11,26,3,12382
26.030000686645508,26.139999389648438,26.079999923706055,26.030000686645508,25900,2003,11,28,5,12384
25.6200008392334,26.260000228881836,25.700000762939453,25.770000457763672,126100,2003,12,1,1,12387
25.1299991607666,25.350000381469727,25.350000381469727,25.190000534057617,764100,2003,12,2,2,12388
25.1200008392334,25.709999084472656,25.149999618530273,25.549999237060547,623000,2003,12,3,3,12389
25.170000076293945,25.690000534057617,25.649999618530273,25.399999618530273,121300,2003,12,4,4,12390
25.299999237060547,25.600000381469727,25.3799991607666,25.299999237060547,63400,2003,12,5,5,12391
25.270000457763672,25.420000076293945,25.350000381469727,25.389999389648438,151300,2003,12,8,1,12394
25.389999389648438,25.600000381469727,25.450000762939453,25.549999237060547,210300,2003,12,9,2,12395
25.420000076293945,25.709999084472656,25.450000762939453,25.709999084472656,161900,2003,12,10,3,12396
25.440000534057617,25.6200008392334,25.600000381469727,25.510000228881836,81700,2003,12,11,4,12397
25.450000762939453,25.799999237060547,25.450000762939453,25.780000686645508,131300,2003,12,12,5,12398
26.100000381469727,26.600000381469727,26.299999237060547,26.350000381469727,315500,2003,12,15,1,12401
26.18000030517578,26.450000762939453,26.350000381469727,26.420000076293945,186400,2003,12,16,2,12402
26.15999984741211,26.639999389648438,26.239999771118164,26.6299991607666,160700,2003,12,17,3,12403
26.549999237060547,26.93000030517578,26.6299991607666,26.93000030517578,176200,2003,12,18,4,12404
26.979999542236328,27.440000534057617,26.979999542236328,27.270000457763672,352700,2003,12,19,5,12405
27.100000381469727,27.549999237060547,27.350000381469727,27.209999084472656,270700,2003,12,22,1,12408
27.209999084472656,27.399999618530273,27.280000686645508,27.309999465942383,228100,2003,12,23,2,12409
27.239999771118164,27.5,27.34000015258789,27.389999389648438,104200,2003,12,24,3,12410
27.149999618530273,27.469999313354492,27.450000762939453,27.15999984741211,5700,2003,12,26,5,12412
27.299999237060547,27.6299991607666,27.31999969482422,27.389999389648438,53500,2003,12,29,1,12415
27.440000534057617,27.770000457763672,27.600000381469727,27.770000457763672,102100,2003,12,30,2,12416
27.770000457763672,28.030000686645508,27.799999237060547,28.010000228881836,126700,2003,12,31,3,12417
28.040000915527344,28.459999084472656,28.100000381469727,28.31999969482422,151200,2004,1,2,5,12419
28.25,28.68000030517578,28.5,28.649999618530273,403300,2004,1,5,1,12422
28.309999465942383,28.799999237060547,28.540000915527344,28.3799991607666,162500,2004,1,6,2,12423
27.899999618530273,28.520000457763672,28.479999542236328,28.030000686645508,87200,2004,1,7,3,12424
27.670000076293945,28.1200008392334,28.1200008392334,27.729999542236328,83300,2004,1,8,4,12425
27.59000015258789,27.959999084472656,27.799999237060547,27.770000457763672,112800,2004,1,9,5,12426
27.6299991607666,28.1200008392334,27.75,28.1200008392334,84800,2004,1,12,1,12429
28.170000076293945,28.549999237060547,28.3700008392334,28.549999237060547,138100,2004,1,13,2,12430
28.34000015258789,28.68000030517578,28.399999618530273,28.549999237060547,101700,2004,1,14,3,12431
28.479999542236328,29.040000915527344,28.559999465942383,28.639999389648438,215100,2004,1,15,4,12432
28.219999313354492,29.1200008392334,28.950000762939453,28.270000457763672,159800,2004,1,16,5,12433
28.25,28.68000030517578,28.31999969482422,28.6299991607666,58900,2004,1,20,2,12437
28.350000381469727,28.600000381469727,28.520000457763672,28.600000381469727,110100,2004,1,21,3,12438
28.549999237060547,29.020000457763672,28.600000381469727,28.90999984741211,130600,2004,1,22,4,12439
28.299999237060547,29.110000610351562,28.850000381469727,28.479999542236328,53100,2004,1,23,5,12440
28.43000030517578,28.719999313354492,28.469999313354492,28.559999465942383,51400,2004,1,26,1,12443
28.5,28.760000228881836,28.610000610351562,28.579999923706055,56100,2004,1,27,2,12444
27.889999389648438,28.5,28.350000381469727,27.889999389648438,97800,2004,1,28,3,12445
27.6299991607666,28.200000762939453,28.149999618530273,27.6299991607666,73000,2004,1,29,4,12446
27.350000381469727,28.030000686645508,27.56999969482422,27.93000030517578,189300,2004,1,30,5,12447
27.81999969482422,28.149999618530273,28.149999618530273,27.989999771118164,179900,2004,2,2,1,12450
27.790000915527344,28.0,27.989999771118164,27.93000030517578,68100,2004,2,3,2,12451
27.65999984741211,27.989999771118164,27.979999542236328,27.799999237060547,201000,2004,2,4,3,12452
27.350000381469727,27.829999923706055,27.799999237060547,27.420000076293945,205900,2004,2,5,4,12453
27.440000534057617,27.6299991607666,27.5,27.549999237060547,161900,2004,2,6,5,12454
27.15999984741211,27.540000915527344,27.540000915527344,27.3700008392334,207600,2004,2,9,1,12457
27.31999969482422,27.6200008392334,27.3799991607666,27.469999313354492,124100,2004,2,10,2,12458
27.309999465942383,28.18000030517578,27.350000381469727,28.100000381469727,393500,2004,2,11,3,12459
27.899999618530273,28.40999984741211,28.100000381469727,28.079999923706055,142600,2004,2,12,4,12460
28.139999389648438,28.450000762939453,28.25,28.40999984741211,76600,2004,2,13,5,12461
28.1299991607666,28.899999618530273,28.450000762939453,28.889999389648438,113300,2004,2,17,2,12465
28.6200008392334,29.18000030517578,28.75,28.65999984741211,74500,2004,2,18,3,12466
28.479999542236328,28.700000762939453,28.610000610351562,28.56999969482422,31600,2004,2,19,4,12467
27.950000762939453,28.56999969482422,28.56999969482422,28.43000030517578,51900,2004,2,20,5,12468
28.329999923706055,28.610000610351562,28.420000076293945,28.510000228881836,62700,2004,2,23,1,12471
28.450000762939453,28.940000534057617,28.450000762939453,28.920000076293945,90700,2004,2,24,2,12472
28.760000228881836,29.68000030517578,28.81999969482422,29.450000762939453,153900,2004,2,25,3,12473
29.34000015258789,29.799999237060547,29.43000030517578,29.440000534057617,65400,2004,2,26,4,12474
29.34000015258789,29.690000534057617,29.520000457763672,29.510000228881836,83800,2004,2,27,5,12475
29.290000915527344,29.610000610351562,29.579999923706055,29.389999389648438,172300,2004,3,1,1,12478
29.100000381469727,29.6200008392334,29.299999237060547,29.170000076293945,127200,2004,3,2,2,12479
28.75,29.3799991607666,28.950000762939453,29.149999618530273,154500,2004,3,3,3,12480
29.290000915527344,29.809999465942383,29.399999618530273,29.540000915527344,356300,2004,3,4,4,12481
29.579999923706055,30.3799991607666,29.600000381469727,30.299999237060547,193000,2004,3,5,5,12482
30.110000610351562,30.399999618530273,30.309999465942383,30.350000381469727,81300,2004,3,8,1,12485
30.020000457763672,30.229999542236328,30.200000762939453,30.1200008392334,90800,2004,3,9,2,12486
29.90999984741211,30.389999389648438,30.1200008392334,30.31999969482422,91700,2004,3,10,3,12487
29.809999465942383,30.200000762939453,30.0,30.059999465942383,138800,2004,3,11,4,12488
29.5,30.040000915527344,29.959999084472656,29.700000762939453,47100,2004,3,12,5,12489
28.690000534057617,29.850000381469727,29.75,29.049999237060547,105300,2004,3,15,1,12492
29.049999237060547,29.459999084472656,29.149999618530273,29.18000030517578,68100,2004,3,16,2,12493
28.34000015258789,29.31999969482422,29.299999237060547,28.75,188900,2004,3,17,3,12494
28.760000228881836,29.360000610351562,28.799999237060547,29.15999984741211,140300,2004,3,18,4,12495
28.950000762939453,29.65999984741211,29.25,29.06999969482422,191900,2004,3,19,5,12496
28.200000762939453,28.950000762939453,28.899999618530273,28.239999771118164,65200,2004,3,22,1,12499
27.899999618530273,28.239999771118164,28.239999771118164,28.149999618530273,112500,2004,3,23,2,12500
27.8799991607666,28.31999969482422,28.0,28.309999465942383,69900,2004,3,24,3,12501
28.270000457763672,28.850000381469727,28.299999237060547,28.729999542236328,146000,2004,3,25,4,12502
28.739999771118164,29.040000915527344,28.93000030517578,28.799999237060547,84900,2004,3,26,5,12503
28.799999237060547,29.200000762939453,28.799999237060547,29.049999237060547,118300,2004,3,29,1,12506
29.049999237060547,29.389999389648438,29.049999237060547,29.389999389648438,32100,2004,3,30,2,12507
28.950000762939453,29.389999389648438,29.3700008392334,29.389999389648438,62700,2004,3,31,3,12508
29.3700008392334,29.90999984741211,29.3700008392334,29.68000030517578,40900,2004,4,1,4,12509
29.530000686645508,29.84000015258789,29.719999313354492,29.81999969482422,65100,2004,4,2,5,12510
29.579999923706055,29.920000076293945,29.799999237060547,29.84000015258789,163600,2004,4,5,1,12513
29.829999923706055,30.209999084472656,29.84000015258789,30.209999084472656,78300,2004,4,6,2,12514
30.139999389648438,30.40999984741211,30.40999984741211,30.40999984741211,55600,2004,4,7,3,12515
30.149999618530273,30.670000076293945,30.56999969482422,30.25,100900,2004,4,8,4,12516
30.049999237060547,30.399999618530273,30.350000381469727,30.149999618530273,85000,2004,4,12,1,12520
29.5,30.190000534057617,30.149999618530273,29.5,73300,2004,4,13,2,12521
28.75,29.399999618530273,29.399999618530273,28.90999984741211,76800,2004,4,14,3,12522
28.940000534057617,29.399999618530273,28.950000762939453,29.399999618530273,101100,2004,4,15,4,12523
29.18000030517578,29.559999465942383,29.549999237060547,29.399999618530273,145300,2004,4,16,5,12524
29.200000762939453,29.700000762939453,29.389999389648438,29.649999618530273,79600,2004,4,19,1,12527
29.579999923706055,30.559999465942383,29.579999923706055,30.399999618530273,256100,2004,4,20,2,12528
30.649999618530273,32.349998474121094,30.649999618530273,31.43000030517578,250100,2004,4,21,3,12529
29.860000610351562,31.440000534057617,31.440000534057617,29.889999389648438,221600,2004,4,22,4,12530
30.049999237060547,30.899999618530273,30.049999237060547,30.59000015258789,124600,2004,4,23,5,12531
30.18000030517578,30.6299991607666,30.450000762939453,30.350000381469727,91600,2004,4,26,1,12534
30.34000015258789,30.690000534057617,30.549999237060547,30.40999984741211,85900,2004,4,27,2,12535
29.799999237060547,30.200000762939453,30.200000762939453,29.899999618530273,115200,2004,4,28,3,12536
29.8799991607666,30.200000762939453,30.040000915527344,30.190000534057617,101200,2004,4,29,4,12537
29.899999618530273,30.6200008392334,30.190000534057617,30.360000610351562,313200,2004,4,30,5,12538
30.399999618530273,31.799999237060547,30.399999618530273,31.350000381469727,537700,2004,5,3,1,12541
31.329999923706055,31.56999969482422,31.420000076293945,31.420000076293945,429300,2004,5,4,2,12542
31.25,32.720001220703125,31.5,32.709999084472656,412400,2004,5,5,3,12543
31.690000534057617,32.599998474121094,32.5,32.119998931884766,255000,2004,5,6,4,12544
31.299999237060547,31.899999618530273,31.899999618530273,31.350000381469727,106900,2004,5,7,5,12545
30.399999618530273,31.25,30.850000381469727,30.459999084472656,111100,2004,5,10,1,12548
30.5,31.06999969482422,30.600000381469727,30.979999542236328,89100,2004,5,11,2,12549
30.75,31.200000762939453,30.799999237060547,31.18000030517578,92500,2004,5,12,3,12550
31.079999923706055,32.099998474121094,31.079999923706055,31.780000686645508,237600,2004,5,13,4,12551
30.8799991607666,31.950000762939453,31.8799991607666,31.040000915527344,182300,2004,5,14,5,12552
30.6200008392334,31.06999969482422,30.790000915527344,30.6200008392334,208300,2004,5,17,1,12555
30.719999313354492,31.280000686645508,30.920000076293945,31.040000915527344,117100,2004,5,18,2,12556
31.040000915527344,32.61000061035156,31.040000915527344,31.770000457763672,254900,2004,5,19,3,12557
29.200000762939453,31.56999969482422,31.56999969482422,30.239999771118164,2527800,2004,5,20,4,12558
30.06999969482422,30.700000762939453,30.06999969482422,30.399999618530273,747600,2004,5,21,5,12559
30.299999237060547,30.899999618530273,30.3700008392334,30.610000610351562,409000,2004,5,24,1,12562
30.5,30.84000015258789,30.5,30.829999923706055,409500,2004,5,25,2,12563
30.350000381469727,30.989999771118164,30.75,30.559999465942383,325400,2004,5,26,3,12564
30.610000610351562,31.200000762939453,30.649999618530273,31.190000534057617,541100,2004,5,27,4,12565
31.049999237060547,31.8799991607666,31.200000762939453,31.760000228881836,932500,2004,5,28,5,12566
31.549999237060547,31.799999237060547,31.549999237060547,31.700000762939453,330300,2004,6,1,2,12570
31.600000381469727,31.770000457763672,31.709999084472656,31.700000762939453,261300,2004,6,2,3,12571
31.690000534057617,32.43000030517578,31.690000534057617,32.130001068115234,754000,2004,6,3,4,12572
32.11000061035156,32.43000030517578,32.189998626708984,32.25,361600,2004,6,4,5,12573
32.47999954223633,33.02000045776367,32.5,32.97999954223633,334600,2004,6,7,1,12576
32.86000061035156,33.220001220703125,32.900001525878906,33.02000045776367,304500,2004,6,8,2,12577
32.75,33.16999816894531,33.119998931884766,32.810001373291016,223600,2004,6,9,3,12578
32.31999969482422,32.849998474121094,32.810001373291016,32.380001068115234,246800,2004,6,10,4,12579
32.400001525878906,32.63999938964844,32.540000915527344,32.54999923706055,258600,2004,6,14,1,12583
32.5,33.04999923706055,32.52000045776367,33.040000915527344,219900,2004,6,15,2,12584
32.45000076293945,33.209999084472656,33.15999984741211,32.4900016784668,293600,2004,6,16,3,12585
32.4900016784668,33.20000076293945,32.4900016784668,33.20000076293945,216400,2004,6,17,4,12586
32.959999084472656,33.290000915527344,33.16999816894531,33.04999923706055,114900,2004,6,18,5,12587
33.119998931884766,33.66999816894531,33.119998931884766,33.27000045776367,275500,2004,6,21,1,12590
33.099998474121094,33.470001220703125,33.470001220703125,33.36000061035156,248400,2004,6,22,2,12591
32.06999969482422,33.20000076293945,32.77000045776367,33.130001068115234,2175600,2004,6,23,3,12592
32.779998779296875,33.20000076293945,33.13999938964844,32.79999923706055,393700,2004,6,24,4,12593
32.54999923706055,32.849998474121094,32.849998474121094,32.689998626708984,451200,2004,6,25,5,12594
32.20000076293945,32.70000076293945,32.689998626708984,32.290000915527344,657700,2004,6,28,1,12597
32.29999923706055,32.68000030517578,32.400001525878906,32.380001068115234,238800,2004,6,29,2,12598
32.29999923706055,32.65999984741211,32.47999954223633,32.400001525878906,286700,2004,6,30,3,12599
31.709999084472656,32.150001525878906,31.850000381469727,31.959999084472656,311000,2004,7,1,4,12600
32.20000076293945,32.95000076293945,32.20000076293945,32.63999938964844,346800,2004,7,2,5,12601
32.599998474121094,32.9900016784668,32.70000076293945,32.650001525878906,238100,2004,7,6,2,12605
32.20000076293945,32.81999969482422,32.65999984741211,32.20000076293945,214300,2004,7,7,3,12606
31.969999313354492,32.279998779296875,32.150001525878906,32.15999984741211,345800,2004,7,8,4,12607
32.25,32.90999984741211,32.29999923706055,32.79999923706055,228900,2004,7,9,5,12608
32.630001068115234,32.9900016784668,32.95000076293945,32.88999938964844,203300,2004,7,12,1,12611
32.650001525878906,32.939998626708984,32.91999816894531,32.869998931884766,177100,2004,7,13,2,12612
32.36000061035156,32.849998474121094,32.70000076293945,32.45000076293945,244000,2004,7,14,3,12613
32.02000045776367,32.650001525878906,32.5,32.220001220703125,201200,2004,7,15,4,12614
32.099998474121094,32.439998626708984,32.29999923706055,32.27000045776367,154900,2004,7,16,5,12615
32.18000030517578,32.75,32.20000076293945,32.630001068115234,347500,2004,7,19,1,12618
32.34000015258789,32.709999084472656,32.630001068115234,32.380001068115234,113800,2004,7,20,2,12619
31.700000762939453,32.540000915527344,32.47999954223633,31.780000686645508,164700,2004,7,21,3,12620
28.81999969482422,31.920000076293945,31.700000762939453,30.639999389648438,1293000,2004,7,22,4,12621
30.1299991607666,31.06999969482422,30.600000381469727,30.40999984741211,364300,2004,7,23,5,12622
29.510000228881836,30.440000534057617,30.309999465942383,29.59000015258789,393400,2004,7,26,1,12625
29.3799991607666,29.809999465942383,29.5,29.40999984741211,221000,2004,7,27,2,12626
29.31999969482422,29.75,29.350000381469727,29.549999237060547,614900,2004,7,28,3,12627
28.149999618530273,29.739999771118164,29.489999771118164,28.149999618530273,1213700,2004,7,29,4,12628
27.6200008392334,28.450000762939453,28.18000030517578,27.979999542236328,781900,2004,7,30,5,12629
27.709999084472656,28.149999618530273,27.93000030517578,28.09000015258789,498100,2004,8,2,1,12632
28.049999237060547,28.56999969482422,28.149999618530273,28.489999771118164,453000,2004,8,3,2,12633
28.09000015258789,28.399999618530273,28.200000762939453,28.270000457763672,374500,2004,8,4,3,12634
27.670000076293945,28.299999237060547,28.219999313354492,27.799999237060547,304700,2004,8,5,4,12635
26.5,27.559999465942383,27.549999237060547,26.719999313354492,933000,2004,8,6,5,12636
26.690000534057617,27.510000228881836,26.700000762939453,27.3700008392334,385300,2004,8,9,1,12639
27.43000030517578,28.34000015258789,27.450000762939453,28.290000915527344,450400,2004,8,10,2,12640
27.940000534057617,28.93000030517578,28.040000915527344,28.829999923706055,460800,2004,8,11,3,12641
28.260000228881836,28.950000762939453,28.8700008392334,28.260000228881836,196800,2004,8,12,4,12642
28.219999313354492,28.75,28.270000457763672,28.6200008392334,329300,2004,8,13,5,12643
28.350000381469727,28.989999771118164,28.6200008392334,28.969999313354492,218700,2004,8,16,1,12646
28.549999237060547,28.979999542236328,28.850000381469727,28.559999465942383,323900,2004,8,17,2,12647
28.450000762939453,28.729999542236328,28.450000762939453,28.549999237060547,266700,2004,8,18,3,12648
28.06999969482422,28.850000381469727,28.329999923706055,28.68000030517578,139000,2004,8,19,4,12649
28.5,28.940000534057617,28.600000381469727,28.940000534057617,126800,2004,8,20,5,12650
28.09000015258789,28.809999465942383,28.799999237060547,28.139999389648438,275500,2004,8,23,1,12653
26.700000762939453,28.270000457763672,28.149999618530273,26.860000610351562,1202800,2004,8,24,2,12654
25.0,27.510000228881836,27.5,27.1299991607666,1347700,2004,8,25,3,12655
26.90999984741211,27.350000381469727,27.229999542236328,27.059999465942383,132100,2004,8,26,4,12656
26.899999618530273,27.440000534057617,26.899999618530273,27.360000610351562,165000,2004,8,27,5,12657
26.780000686645508,27.350000381469727,27.299999237060547,26.81999969482422,448100,2004,8,30,1,12660
26.389999389648438,27.18000030517578,26.700000762939453,27.110000610351562,179200,2004,8,31,2,12661
27.100000381469727,27.670000076293945,27.100000381469727,27.639999389648438,168200,2004,9,1,3,12662
27.399999618530273,27.84000015258789,27.729999542236328,27.56999969482422,264100,2004,9,2,4,12663
27.280000686645508,27.639999389648438,27.549999237060547,27.549999237060547,328200,2004,9,3,5,12664
27.450000762939453,27.75,27.75,27.56999969482422,287500,2004,9,7,2,12668
25.719999313354492,27.329999923706055,27.31999969482422,25.75,575200,2004,9,8,3,12669
24.829999923706055,27.31999969482422,25.799999237060547,27.190000534057617,1193500,2004,9,9,4,12670
27.100000381469727,27.530000686645508,27.260000228881836,27.40999984741211,430200,2004,9,10,5,12671
27.0,28.1200008392334,27.25,28.010000228881836,487600,2004,9,13,1,12674
27.450000762939453,28.079999923706055,28.0,28.079999923706055,304300,2004,9,14,2,12675
27.510000228881836,27.899999618530273,27.600000381469727,27.8799991607666,956500,2004,9,15,3,12676
27.649999618530273,27.940000534057617,27.780000686645508,27.860000610351562,283600,2004,9,16,4,12677
27.6299991607666,27.899999618530273,27.8799991607666,27.8700008392334,227000,2004,9,17,5,12678
27.690000534057617,28.0,27.780000686645508,27.989999771118164,427800,2004,9,20,1,12681
27.90999984741211,28.09000015258789,27.950000762939453,28.0,453500,2004,9,21,2,12682
27.81999969482422,28.239999771118164,27.850000381469727,27.84000015258789,378700,2004,9,22,3,12683
27.649999618530273,27.989999771118164,27.68000030517578,27.84000015258789,329100,2004,9,23,4,12684
27.700000762939453,28.450000762939453,27.84000015258789,28.3700008392334,747700,2004,9,24,5,12685
28.09000015258789,28.5,28.3799991607666,28.18000030517578,455400,2004,9,27,1,12688
28.100000381469727,28.450000762939453,28.18000030517578,28.309999465942383,587000,2004,9,28,2,12689
28.239999771118164,28.649999618530273,28.309999465942383,28.6200008392334,189300,2004,9,29,3,12690
28.559999465942383,28.969999313354492,28.559999465942383,28.84000015258789,203300,2004,9,30,4,12691
28.739999771118164,29.020000457763672,28.850000381469727,28.860000610351562,307800,2004,10,1,5,12692
28.530000686645508,29.040000915527344,28.65999984741211,29.0,185300,2004,10,4,1,12695
28.75,29.229999542236328,28.899999618530273,29.190000534057617,144700,2004,10,5,2,12696
28.739999771118164,29.219999313354492,29.219999313354492,28.889999389648438,392500,2004,10,6,3,12697
28.309999465942383,28.989999771118164,28.850000381469727,28.440000534057617,166000,2004,10,7,4,12698
28.290000915527344,28.450000762939453,28.299999237060547,28.3700008392334,223700,2004,10,8,5,12699
28.139999389648438,28.399999618530273,28.200000762939453,28.399999618530273,59700,2004,10,11,1,12702
28.110000610351562,28.459999084472656,28.149999618530273,28.389999389648438,327400,2004,10,12,2,12703
28.030000686645508,28.5,28.399999618530273,28.1299991607666,149600,2004,10,13,3,12704
28.079999923706055,28.479999542236328,28.229999542236328,28.200000762939453,604100,2004,10,14,4,12705
27.719999313354492,28.190000534057617,28.18000030517578,27.729999542236328,150800,2004,10,15,5,12706
27.079999923706055,27.899999618530273,27.899999618530273,27.110000610351562,311700,2004,10,18,1,12709
26.729999542236328,27.290000915527344,27.049999237060547,26.959999084472656,507800,2004,10,19,2,12710
22.850000381469727,26.0,26.0,24.299999237060547,2968900,2004,10,20,3,12711
24.09000015258789,24.979999542236328,24.299999237060547,24.84000015258789,1170700,2004,10,21,4,12712
24.84000015258789,25.479999542236328,24.84000015258789,25.139999389648438,957600,2004,10,22,5,12713
25.059999465942383,26.260000228881836,25.239999771118164,26.09000015258789,777800,2004,10,25,1,12716
25.690000534057617,26.75,25.950000762939453,25.81999969482422,821900,2004,10,26,2,12717
25.639999389648438,26.579999923706055,25.799999237060547,26.299999237060547,421200,2004,10,27,3,12718
26.100000381469727,26.350000381469727,26.299999237060547,26.219999313354492,310000,2004,10,28,4,12719
26.049999237060547,26.350000381469727,26.100000381469727,26.260000228881836,236800,2004,10,29,5,12720
25.84000015258789,26.06999969482422,26.059999465942383,25.979999542236328,128800,2004,11,1,1,12723
24.59000015258789,25.700000762939453,25.690000534057617,24.969999313354492,912900,2004,11,2,2,12724
24.31999969482422,25.3700008392334,25.25,24.729999542236328,1078300,2004,11,3,3,12725
23.280000686645508,24.790000915527344,24.719999313354492,24.079999923706055,1519300,2004,11,4,4,12726
24.170000076293945,24.729999542236328,24.200000762939453,24.65999984741211,339800,2004,11,5,5,12727
24.6299991607666,25.1200008392334,24.6299991607666,25.059999465942383,320300,2004,11,8,1,12730
24.299999237060547,25.040000915527344,25.0,24.6299991607666,260400,2004,11,9,2,12731
24.649999618530273,25.559999465942383,24.649999618530273,25.450000762939453,400900,2004,11,10,3,12732
25.34000015258789,25.799999237060547,25.399999618530273,25.799999237060547,313200,2004,11,11,4,12733
25.799999237060547,26.3700008392334,25.799999237060547,26.270000457763672,431300,2004,11,12,5,12734
25.90999984741211,26.299999237060547,26.25,26.15999984741211,666600,2004,11,15,1,12737
25.90999984741211,26.489999771118164,26.209999084472656,26.329999923706055,271900,2004,11,16,2,12738
26.170000076293945,26.420000076293945,26.329999923706055,26.299999237060547,166800,2004,11,17,3,12739
26.049999237060547,26.25,26.25,26.15999984741211,199700,2004,11,18,4,12740
26.100000381469727,26.350000381469727,26.100000381469727,26.15999984741211,198300,2004,11,19,5,12741
25.290000915527344,26.170000076293945,26.170000076293945,25.75,223000,2004,11,22,1,12744
25.610000610351562,26.209999084472656,25.690000534057617,26.1200008392334,178100,2004,11,23,2,12745
25.729999542236328,26.549999237060547,26.170000076293945,25.889999389648438,82200,2004,11,24,3,12746
25.760000228881836,26.100000381469727,25.780000686645508,25.8799991607666,40200,2004,11,26,5,12748
25.600000381469727,25.889999389648438,25.889999389648438,25.75,229100,2004,11,29,1,12751
24.920000076293945,25.729999542236328,25.729999542236328,25.549999237060547,570100,2004,11,30,2,12752
25.3799991607666,25.850000381469727,25.56999969482422,25.75,605000,2004,12,1,3,12753
25.75,26.670000076293945,25.770000457763672,26.440000534057617,513600,2004,12,2,4,12754
26.479999542236328,27.260000228881836,26.6200008392334,27.15999984741211,902300,2004,12,3,5,12755
26.93000030517578,27.399999618530273,27.25,27.219999313354492,225800,2004,12,6,1,12758
26.639999389648438,27.149999618530273,27.149999618530273,26.790000915527344,252700,2004,12,7,2,12759
26.06999969482422,26.639999389648438,26.639999389648438,26.350000381469727,456200,2004,12,8,3,12760
26.34000015258789,27.860000610351562,26.34000015258789,27.299999237060547,704400,2004,12,9,4,12761
27.059999465942383,27.479999542236328,27.299999237060547,27.239999771118164,124900,2004,12,10,5,12762
26.1200008392334,27.25,27.25,26.450000762939453,446400,2004,12,13,1,12765
26.149999618530273,26.540000915527344,26.350000381469727,26.40999984741211,218900,2004,12,14,2,12766
26.209999084472656,26.450000762939453,26.25,26.31999969482422,206100,2004,12,15,3,12767
26.09000015258789,26.25,26.200000762939453,26.100000381469727,325200,2004,12,16,4,12768
26.3799991607666,27.100000381469727,26.469999313354492,27.100000381469727,420000,2004,12,17,5,12769
24.270000457763672,26.65999984741211,26.600000381469727,24.40999984741211,1641100,2004,12,20,1,12772
23.399999618530273,24.329999923706055,24.25,23.770000457763672,850900,2004,12,21,2,12773
23.719999313354492,24.559999465942383,23.780000686645508,24.43000030517578,360100,2004,12,22,3,12774
24.100000381469727,24.530000686645508,24.450000762939453,24.170000076293945,289800,2004,12,23,4,12775
23.950000762939453,24.350000381469727,24.219999313354492,24.020000457763672,69600,2004,12,27,1,12779
24.020000457763672,24.459999084472656,24.100000381469727,24.459999084472656,102300,2004,12,28,2,12780
24.25,24.530000686645508,24.360000610351562,24.420000076293945,82700,2004,12,29,3,12781
24.309999465942383,24.920000076293945,24.399999618530273,24.790000915527344,147100,2004,12,30,4,12782
24.719999313354492,24.889999389648438,24.739999771118164,24.729999542236328,91900,2004,12,31,5,12783
23.889999389648438,24.68000030517578,24.68000030517578,23.950000762939453,316100,2005,1,3,1,12786
23.709999084472656,24.350000381469727,23.950000762939453,23.829999923706055,208700,2005,1,4,2,12787
23.459999084472656,23.799999237060547,23.790000915527344,23.549999237060547,153400,2005,1,5,3,12788
23.489999771118164,24.079999923706055,23.56999969482422,24.010000228881836,203500,2005,1,6,4,12789
23.860000610351562,24.280000686645508,24.170000076293945,24.010000228881836,224900,2005,1,7,5,12790
23.950000762939453,24.3799991607666,23.950000762939453,24.299999237060547,297900,2005,1,10,1,12793
24.190000534057617,24.40999984741211,24.350000381469727,24.190000534057617,107700,2005,1,11,2,12794
24.329999923706055,24.59000015258789,24.329999923706055,24.420000076293945,230400,2005,1,12,3,12795
24.219999313354492,24.450000762939453,24.440000534057617,24.360000610351562,92900,2005,1,13,4,12796
24.06999969482422,24.450000762939453,24.450000762939453,24.18000030517578,88000,2005,1,14,5,12797
24.079999923706055,24.489999771118164,24.190000534057617,24.389999389648438,141100,2005,1,18,2,12801
24.0,24.5,24.389999389648438,24.059999465942383,147300,2005,1,19,3,12802
23.860000610351562,24.18000030517578,23.950000762939453,23.93000030517578,104500,2005,1,20,4,12803
23.729999542236328,24.010000228881836,23.799999237060547,23.760000228881836,298100,2005,1,21,5,12804
23.479999542236328,23.850000381469727,23.780000686645508,23.649999618530273,316300,2005,1,24,1,12807
23.56999969482422,23.93000030517578,23.719999313354492,23.780000686645508,322200,2005,1,25,2,12808
24.15999984741211,24.690000534057617,24.15999984741211,24.5,1045100,2005,1,26,3,12809
24.0,24.440000534057617,24.350000381469727,24.010000228881836,255800,2005,1,27,4,12810
23.110000610351562,23.700000762939453,23.670000076293945,23.700000762939453,914700,2005,1,28,5,12811
23.3700008392334,24.350000381469727,23.649999618530273,24.25,940600,2005,1,31,1,12814
24.010000228881836,24.329999923706055,24.149999618530273,24.239999771118164,730200,2005,2,1,2,12815
24.18000030517578,24.969999313354492,24.239999771118164,24.959999084472656,699700,2005,2,2,3,12816
24.829999923706055,25.3799991607666,24.959999084472656,24.950000762939453,504400,2005,2,3,4,12817
24.899999618530273,25.360000610351562,24.93000030517578,25.260000228881836,573800,2005,2,4,5,12818
24.920000076293945,25.290000915527344,25.25,25.030000686645508,494400,2005,2,7,1,12821
24.729999542236328,25.06999969482422,24.950000762939453,25.06999969482422,293200,2005,2,8,2,12822
24.780000686645508,25.190000534057617,25.100000381469727,24.799999237060547,140900,2005,2,9,3,12823
24.690000534057617,25.0,24.75,24.700000762939453,179800,2005,2,10,4,12824
24.489999771118164,24.860000610351562,24.719999313354492,24.670000076293945,227400,2005,2,11,5,12825
24.600000381469727,25.079999923706055,24.75,24.700000762939453,322600,2005,2,14,1,12828
24.649999618530273,24.90999984741211,24.75,24.719999313354492,227700,2005,2,15,2,12829
24.549999237060547,24.8799991607666,24.81999969482422,24.719999313354492,376000,2005,2,16,3,12830
24.489999771118164,24.809999465942383,24.709999084472656,24.700000762939453,375800,2005,2,17,4,12831
24.450000762939453,24.729999542236328,24.700000762939453,24.579999923706055,343500,2005,2,18,5,12832
24.309999465942383,24.719999313354492,24.610000610351562,24.360000610351562,244400,2005,2,22,2,12836
24.15999984741211,24.399999618530273,24.3700008392334,24.309999465942383,235900,2005,2,23,3,12837
23.969999313354492,24.329999923706055,24.329999923706055,24.010000228881836,643600,2005,2,24,4,12838
23.8799991607666,24.06999969482422,24.010000228881836,24.049999237060547,340300,2005,2,25,5,12839
23.649999618530273,24.200000762939453,24.049999237060547,24.010000228881836,462400,2005,2,28,1,12842
24.0,24.459999084472656,24.010000228881836,24.360000610351562,332800,2005,3,1,2,12843
24.270000457763672,24.489999771118164,24.3700008392334,24.469999313354492,159000,2005,3,2,3,12844
24.3799991607666,24.579999923706055,24.5,24.389999389648438,105700,2005,3,3,4,12845
24.420000076293945,24.610000610351562,24.420000076293945,24.420000076293945,128300,2005,3,4,5,12846
24.25,24.56999969482422,24.56999969482422,24.270000457763672,168600,2005,3,7,1,12849
24.079999923706055,24.360000610351562,24.329999923706055,24.15999984741211,314000,2005,3,8,2,12850
24.110000610351562,24.350000381469727,24.25,24.190000534057617,410000,2005,3,9,3,12851
24.18000030517578,24.440000534057617,24.25,24.309999465942383,247300,2005,3,10,4,12852
24.229999542236328,24.3799991607666,24.280000686645508,24.299999237060547,185400,2005,3,11,5,12853
24.25,24.389999389648438,24.299999237060547,24.299999237060547,250200,2005,3,14,1,12856
24.149999618530273,24.559999465942383,24.299999237060547,24.170000076293945,216200,2005,3,15,2,12857
23.969999313354492,24.280000686645508,24.200000762939453,24.200000762939453,131600,2005,3,16,3,12858
23.959999084472656,24.229999542236328,24.15999984741211,24.0,93100,2005,3,17,4,12859
23.639999389648438,24.149999618530273,23.899999618530273,24.09000015258789,152400,2005,3,18,5,12860
23.799999237060547,24.190000534057617,23.959999084472656,24.040000915527344,153300,2005,3,21,1,12863
23.950000762939453,24.15999984741211,24.059999465942383,24.06999969482422,317000,2005,3,22,2,12864
23.780000686645508,24.0,24.0,23.90999984741211,109800,2005,3,23,3,12865
23.81999969482422,24.270000457763672,23.899999618530273,24.15999984741211,215800,2005,3,24,4,12866
24.1299991607666,24.600000381469727,24.1299991607666,24.579999923706055,104300,2005,3,28,1,12870
24.639999389648438,24.8799991607666,24.709999084472656,24.8700008392334,282400,2005,3,29,2,12871
24.3799991607666,25.0,24.8700008392334,24.5,282000,2005,3,30,3,12872
24.229999542236328,24.670000076293945,24.579999923706055,24.229999542236328,335000,2005,3,31,4,12873
23.68000030517578,24.329999923706055,24.239999771118164,23.8700008392334,270800,2005,4,1,5,12874
23.5,23.8700008392334,23.8700008392334,23.65999984741211,287600,2005,4,4,1,12877
23.510000228881836,23.700000762939453,23.59000015258789,23.6299991607666,337800,2005,4,5,2,12878
23.479999542236328,23.639999389648438,23.559999465942383,23.600000381469727,239400,2005,4,6,3,12879
23.399999618530273,23.59000015258789,23.59000015258789,23.399999618530273,213500,2005,4,7,4,12880
23.270000457763672,23.450000762939453,23.399999618530273,23.360000610351562,335800,2005,4,8,5,12881
23.229999542236328,23.350000381469727,23.350000381469727,23.34000015258789,286700,2005,4,11,1,12884
23.3799991607666,24.34000015258789,23.3799991607666,24.260000228881836,601900,2005,4,12,2,12885
23.729999542236328,24.270000457763672,24.260000228881836,23.799999237060547,342600,2005,4,13,3,12886
23.239999771118164,23.989999771118164,23.850000381469727,23.280000686645508,394500,2005,4,14,4,12887
23.059999465942383,23.540000915527344,23.350000381469727,23.110000610351562,182900,2005,4,15,5,12888
23.030000686645508,23.239999771118164,23.139999389648438,23.149999618530273,315100,2005,4,18,1,12891
23.049999237060547,23.420000076293945,23.200000762939453,23.40999984741211,120400,2005,4,19,2,12892
23.1299991607666,23.309999465942383,23.309999465942383,23.299999237060547,388900,2005,4,20,3,12893
22.139999389648438,22.899999618530273,22.25,22.799999237060547,2678300,2005,4,21,4,12894
22.700000762939453,23.200000762939453,22.75,23.010000228881836,856300,2005,4,22,5,12895
22.829999923706055,23.040000915527344,23.020000457763672,22.950000762939453,633700,2005,4,25,1,12898
22.780000686645508,23.1299991607666,22.950000762939453,22.84000015258789,612200,2005,4,26,2,12899
22.709999084472656,22.920000076293945,22.84000015258789,22.899999618530273,265000,2005,4,27,3,12900
22.420000076293945,22.899999618530273,22.549999237060547,22.5,1386900,2005,4,28,4,12901
22.350000381469727,22.75,22.510000228881836,22.389999389648438,406500,2005,4,29,5,12902
22.31999969482422,22.510000228881836,22.389999389648438,22.3799991607666,424400,2005,5,2,1,12905
22.260000228881836,22.399999618530273,22.31999969482422,22.309999465942383,350700,2005,5,3,2,12906
22.31999969482422,22.600000381469727,22.350000381469727,22.549999237060547,540400,2005,5,4,3,12907
22.479999542236328,22.579999923706055,22.579999923706055,22.5,220800,2005,5,5,4,12908
22.510000228881836,22.65999984741211,22.510000228881836,22.56999969482422,164500,2005,5,6,5,12909
22.559999465942383,22.700000762939453,22.649999618530273,22.610000610351562,129700,2005,5,9,1,12912
22.489999771118164,22.739999771118164,22.579999923706055,22.489999771118164,89800,2005,5,10,2,12913
22.100000381469727,22.5,22.5,22.280000686645508,257600,2005,5,11,3,12914
22.09000015258789,22.43000030517578,22.280000686645508,22.170000076293945,190500,2005,5,12,4,12915
21.8700008392334,22.100000381469727,22.09000015258789,21.899999618530273,124400,2005,5,13,5,12916
21.790000915527344,22.280000686645508,21.889999389648438,22.280000686645508,287500,2005,5,16,1,12919
22.1200008392334,22.329999923706055,22.280000686645508,22.25,112900,2005,5,17,2,12920
22.229999542236328,22.489999771118164,22.350000381469727,22.489999771118164,173300,2005,5,18,3,12921
22.489999771118164,22.829999923706055,22.5,22.6200008392334,115700,2005,5,19,4,12922
22.479999542236328,22.700000762939453,22.639999389648438,22.540000915527344,115300,2005,5,20,5,12923
22.459999084472656,22.68000030517578,22.540000915527344,22.68000030517578,38600,2005,5,23,1,12926
22.149999618530273,22.75,22.68000030517578,22.420000076293945,144600,2005,5,24,2,12927
22.149999618530273,22.43000030517578,22.420000076293945,22.219999313354492,122200,2005,5,25,3,12928
21.940000534057617,22.209999084472656,22.209999084472656,22.170000076293945,152900,2005,5,26,4,12929
22.100000381469727,22.399999618530273,22.1200008392334,22.360000610351562,113400,2005,5,27,5,12930
22.1299991607666,22.399999618530273,22.299999237060547,22.260000228881836,120200,2005,5,31,2,12934
22.280000686645508,22.559999465942383,22.3700008392334,22.350000381469727,157400,2005,6,1,3,12935
21.8799991607666,22.309999465942383,22.309999465942383,21.920000076293945,174100,2005,6,2,4,12936
21.760000228881836,22.110000610351562,21.860000610351562,22.09000015258789,86200,2005,6,3,5,12937
22.030000686645508,22.299999237060547,22.09000015258789,22.260000228881836,213800,2005,6,6,1,12940
22.06999969482422,22.43000030517578,22.190000534057617,22.1299991607666,143600,2005,6,7,2,12941
21.899999618530273,22.190000534057617,22.1299991607666,21.969999313354492,80000,2005,6,8,3,12942
21.770000457763672,21.950000762939453,21.950000762939453,21.799999237060547,65500,2005,6,9,4,12943
21.450000762939453,21.979999542236328,21.850000381469727,21.59000015258789,77700,2005,6,10,5,12944
21.1200008392334,21.600000381469727,21.510000228881836,21.1200008392334,194700,2005,6,13,1,12947
20.93000030517578,21.549999237060547,21.09000015258789,21.5,408600,2005,6,14,2,12948
21.510000228881836,21.860000610351562,21.559999465942383,21.860000610351562,271800,2005,6,15,3,12949
21.75,22.079999923706055,21.899999618530273,21.8799991607666,360200,2005,6,16,4,12950
21.809999465942383,22.030000686645508,21.950000762939453,21.950000762939453,150000,2005,6,17,5,12951
21.889999389648438,22.329999923706055,21.889999389648438,22.170000076293945,182700,2005,6,20,1,12954
21.81999969482422,22.239999771118164,22.139999389648438,22.219999313354492,203600,2005,6,21,2,12955
22.200000762939453,22.450000762939453,22.209999084472656,22.350000381469727,376000,2005,6,22,3,12956
22.030000686645508,22.739999771118164,22.34000015258789,22.1299991607666,152800,2005,6,23,4,12957
22.040000915527344,22.299999237060547,22.040000915527344,22.200000762939453,119800,2005,6,24,5,12958
21.959999084472656,22.260000228881836,22.200000762939453,22.049999237060547,273800,2005,6,27,1,12961
21.969999313354492,22.3799991607666,22.049999237060547,22.200000762939453,231300,2005,6,28,2,12962
22.100000381469727,22.40999984741211,22.209999084472656,22.3799991607666,209300,2005,6,29,3,12963
21.829999923706055,22.549999237060547,22.350000381469727,21.829999923706055,120300,2005,6,30,4,12964
21.700000762939453,21.940000534057617,21.84000015258789,21.770000457763672,60800,2005,7,1,5,12965
21.40999984741211,21.75,21.6299991607666,21.729999542236328,129400,2005,7,5,2,12969
21.450000762939453,21.84000015258789,21.729999542236328,21.5,174400,2005,7,6,3,12970
21.299999237060547,21.920000076293945,21.299999237060547,21.829999923706055,137900,2005,7,7,4,12971
21.75,22.209999084472656,21.799999237060547,22.040000915527344,116100,2005,7,8,5,12972
22.040000915527344,22.389999389648438,22.040000915527344,22.299999237060547,118300,2005,7,11,1,12975
22.299999237060547,22.510000228881836,22.299999237060547,22.450000762939453,259900,2005,7,12,2,12976
22.389999389648438,22.600000381469727,22.5,22.450000762939453,271300,2005,7,13,3,12977
22.440000534057617,22.639999389648438,22.520000457763672,22.639999389648438,118100,2005,7,14,4,12978
22.510000228881836,22.770000457763672,22.600000381469727,22.600000381469727,92700,2005,7,15,5,12979
22.299999237060547,22.6200008392334,22.600000381469727,22.399999618530273,187600,2005,7,18,1,12982
22.5,24.280000686645508,22.510000228881836,23.809999465942383,443200,2005,7,19,2,12983
22.0,22.770000457763672,22.0,22.559999465942383,1200500,2005,7,20,3,12984
22.200000762939453,23.010000228881836,22.549999237060547,22.889999389648438,906400,2005,7,21,4,12985
22.6299991607666,23.1299991607666,22.799999237060547,23.1200008392334,662800,2005,7,22,5,12986
23.06999969482422,23.760000228881836,23.06999969482422,23.709999084472656,908500,2005,7,25,1,12989
23.399999618530273,23.729999542236328,23.520000457763672,23.719999313354492,325700,2005,7,26,2,12990
22.739999771118164,23.639999389648438,23.639999389648438,23.110000610351562,551800,2005,7,27,3,12991
22.93000030517578,23.209999084472656,23.190000534057617,22.959999084472656,419500,2005,7,28,4,12992
22.959999084472656,23.25,22.959999084472656,23.200000762939453,266400,2005,7,29,5,12993
23.170000076293945,23.3700008392334,23.200000762939453,23.329999923706055,50700,2005,8,1,1,12996
23.399999618530273,24.280000686645508,23.989999771118164,23.68000030517578,728600,2005,8,2,2,12997
23.559999465942383,23.729999542236328,23.579999923706055,23.649999618530273,441600,2005,8,3,3,12998
23.639999389648438,23.809999465942383,23.690000534057617,23.690000534057617,211100,2005,8,4,4,12999
23.3799991607666,23.729999542236328,23.729999542236328,23.489999771118164,522400,2005,8,5,5,13000
23.5,23.600000381469727,23.59000015258789,23.59000015258789,111400,2005,8,8,1,13003
23.479999542236328,23.670000076293945,23.670000076293945,23.59000015258789,159100,2005,8,9,2,13004
23.860000610351562,25.350000381469727,23.860000610351562,25.049999237060547,1101700,2005,8,10,3,13005
24.780000686645508,25.280000686645508,25.100000381469727,25.25,667000,2005,8,11,4,13006
25.170000076293945,25.649999618530273,25.25,25.3700008392334,512300,2005,8,12,5,13007
25.1299991607666,25.93000030517578,25.3700008392334,25.93000030517578,294600,2005,8,15,1,13010
25.760000228881836,26.639999389648438,25.979999542236328,25.790000915527344,439700,2005,8,16,2,13011
25.479999542236328,25.989999771118164,25.809999465942383,25.530000686645508,249300,2005,8,17,3,13012
25.270000457763672,25.780000686645508,25.549999237060547,25.739999771118164,149800,2005,8,18,4,13013
25.790000915527344,26.030000686645508,25.799999237060547,25.850000381469727,81800,2005,8,19,5,13014
25.530000686645508,25.989999771118164,25.989999771118164,25.93000030517578,148200,2005,8,22,1,13017
25.770000457763672,25.969999313354492,25.920000076293945,25.790000915527344,74100,2005,8,23,2,13018
25.1200008392334,25.940000534057617,25.889999389648438,25.3700008392334,211500,2005,8,24,3,13019
25.170000076293945,25.40999984741211,25.40999984741211,25.18000030517578,99900,2005,8,25,4,13020
25.0,25.440000534057617,25.18000030517578,25.010000228881836,207900,2005,8,26,5,13021
24.84000015258789,25.65999984741211,25.010000228881836,25.530000686645508,117600,2005,8,29,1,13024
24.940000534057617,25.450000762939453,25.450000762939453,25.010000228881836,105300,2005,8,30,2,13025
24.799999237060547,25.450000762939453,25.059999465942383,25.360000610351562,148200,2005,8,31,3,13026
25.170000076293945,25.600000381469727,25.360000610351562,25.479999542236328,166800,2005,9,1,4,13027
25.15999984741211,25.59000015258789,25.579999923706055,25.450000762939453,101000,2005,9,2,5,13028
25.239999771118164,25.510000228881836,25.440000534057617,25.510000228881836,135000,2005,9,6,2,13032
25.3700008392334,25.530000686645508,25.469999313354492,25.450000762939453,137900,2005,9,7,3,13033
24.399999618530273,25.459999084472656,25.459999084472656,24.479999542236328,846300,2005,9,8,4,13034
23.989999771118164,24.5,24.479999542236328,24.06999969482422,676100,2005,9,9,5,13035
23.950000762939453,24.1299991607666,24.06999969482422,24.049999237060547,706200,2005,9,12,1,13038
24.079999923706055,24.40999984741211,24.079999923706055,24.270000457763672,430500,2005,9,13,2,13039
24.1299991607666,24.459999084472656,24.219999313354492,24.139999389648438,471600,2005,9,14,3,13040
23.829999923706055,24.200000762939453,24.139999389648438,24.100000381469727,319800,2005,9,15,4,13041
23.639999389648438,24.200000762939453,24.100000381469727,23.670000076293945,249200,2005,9,16,5,13042
23.420000076293945,23.739999771118164,23.610000610351562,23.739999771118164,309300,2005,9,19,1,13045
22.469999313354492,23.329999923706055,23.260000228881836,22.489999771118164,1339200,2005,9,20,2,13046
17.760000228881836,20.15999984741211,19.829999923706055,18.739999771118164,3041000,2005,9,21,3,13047
17.079999923706055,18.639999389648438,18.639999389648438,17.399999618530273,2197000,2005,9,22,4,13048
17.299999237060547,18.06999969482422,17.31999969482422,17.5,2031700,2005,9,23,5,13049
17.459999084472656,18.18000030517578,17.5,17.719999313354492,1051400,2005,9,26,1,13052
17.700000762939453,18.139999389648438,17.719999313354492,18.040000915527344,568000,2005,9,27,2,13053
17.93000030517578,18.09000015258789,18.030000686645508,17.940000534057617,605300,2005,9,28,3,13054
17.549999237060547,18.040000915527344,18.020000457763672,18.0,264600,2005,9,29,4,13055
16.799999237060547,17.829999923706055,17.780000686645508,17.700000762939453,3194800,2005,9,30,5,13056
17.440000534057617,18.0,17.700000762939453,17.510000228881836,364300,2005,10,3,1,13059
16.979999542236328,17.59000015258789,17.540000915527344,16.989999771118164,752100,2005,10,4,2,13060
16.81999969482422,17.170000076293945,16.989999771118164,17.059999465942383,707800,2005,10,5,3,13061
16.8700008392334,17.149999618530273,17.100000381469727,16.979999542236328,368200,2005,10,6,4,13062
16.81999969482422,16.989999771118164,16.969999313354492,16.889999389648438,261300,2005,10,7,5,13063
16.270000457763672,16.809999465942383,16.799999237060547,16.299999237060547,208500,2005,10,10,1,13066
16.100000381469727,16.389999389648438,16.299999237060547,16.15999984741211,581000,2005,10,11,2,13067
16.219999313354492,16.489999771118164,16.280000686645508,16.25,178800,2005,10,12,3,13068
16.1200008392334,16.610000610351562,16.18000030517578,16.520000457763672,163200,2005,10,13,4,13069
16.170000076293945,16.75,16.489999771118164,16.40999984741211,167200,2005,10,14,5,13070
16.420000076293945,16.8799991607666,16.420000076293945,16.84000015258789,230900,2005,10,17,1,13073
16.530000686645508,16.860000610351562,16.719999313354492,16.729999542236328,209400,2005,10,18,2,13074
15.930000305175781,16.829999923706055,16.780000686645508,16.43000030517578,361900,2005,10,19,3,13075
14.270000457763672,16.0,15.989999771118164,14.600000381469727,2449100,2005,10,20,4,13076
13.640000343322754,14.600000381469727,14.600000381469727,13.770000457763672,1066500,2005,10,21,5,13077
13.770000457763672,14.40999984741211,13.770000457763672,14.15999984741211,1119000,2005,10,24,1,13080
14.149999618530273,14.430000305175781,14.149999618530273,14.210000038146973,608900,2005,10,25,2,13081
14.149999618530273,14.529999732971191,14.149999618530273,14.5,530200,2005,10,26,3,13082
14.25,14.5600004196167,14.430000305175781,14.470000267028809,625800,2005,10,27,4,13083
14.470000267028809,15.079999923706055,14.470000267028809,15.020000457763672,935400,2005,10,28,5,13084
14.789999961853027,15.170000076293945,15.039999961853027,14.8100004196167,448800,2005,10,31,1,13087
14.800000190734863,15.100000381469727,14.829999923706055,14.949999809265137,229300,2005,11,1,2,13088
14.899999618530273,15.479999542236328,14.899999618530273,15.380000114440918,365500,2005,11,2,3,13089
14.829999923706055,15.479999542236328,15.369999885559082,14.829999923706055,237600,2005,11,3,4,13090
14.779999732971191,15.069999694824219,14.829999923706055,14.84000015258789,260500,2005,11,4,5,13091
14.609999656677246,14.960000038146973,14.8100004196167,14.859999656677246,166700,2005,11,7,1,13094
14.720000267028809,14.850000381469727,14.789999961853027,14.800000190734863,175000,2005,11,8,2,13095
14.5,14.760000228881836,14.75,14.609999656677246,248700,2005,11,9,3,13096
14.300000190734863,14.649999618530273,14.649999618530273,14.359999656677246,438500,2005,11,10,4,13097
14.119999885559082,14.300000190734863,14.210000038146973,14.1899995803833,477400,2005,11,11,5,13098
14.119999885559082,14.199999809265137,14.199999809265137,14.1899995803833,292400,2005,11,14,1,13101
13.829999923706055,14.180000305175781,14.170000076293945,13.90999984741211,276800,2005,11,15,2,13102
13.569999694824219,13.90999984741211,13.90999984741211,13.579999923706055,326700,2005,11,16,3,13103
13.300000190734863,13.75,13.550000190734863,13.640000343322754,359600,2005,11,17,4,13104
13.670000076293945,13.979999542236328,13.729999542236328,13.869999885559082,182800,2005,11,18,5,13105
13.899999618530273,14.069999694824219,13.899999618530273,14.010000228881836,193000,2005,11,21,1,13108
13.829999923706055,14.010000228881836,13.960000038146973,13.829999923706055,226800,2005,11,22,2,13109
13.4399995803833,14.270000457763672,13.4399995803833,14.199999809265137,173000,2005,11,23,3,13110
13.90999984741211,14.109999656677246,14.039999961853027,14.050000190734863,59200,2005,11,25,5,13112
13.989999771118164,14.149999618530273,14.140000343322754,14.100000381469727,106600,2005,11,28,1,13115
13.8100004196167,14.170000076293945,14.09000015258789,13.859999656677246,165100,2005,11,29,2,13116
13.729999542236328,13.90999984741211,13.90999984741211,13.779999732971191,287800,2005,11,30,3,13117
13.729999542236328,14.15999984741211,13.779999732971191,14.15999984741211,317000,2005,12,1,4,13118
14.130000114440918,14.390000343322754,14.15999984741211,14.380000114440918,327800,2005,12,2,5,13119
14.229999542236328,14.350000381469727,14.3100004196167,14.270000457763672,211500,2005,12,5,1,13122
14.270000457763672,14.399999618530273,14.300000190734863,14.3100004196167,184800,2005,12,6,2,13123
14.140000343322754,14.329999923706055,14.260000228881836,14.1899995803833,164000,2005,12,7,3,13124
14.050000190734863,14.260000228881836,14.229999542236328,14.100000381469727,144600,2005,12,8,4,13125
14.029999732971191,14.180000305175781,14.09000015258789,14.069999694824219,85500,2005,12,9,5,13126
14.050000190734863,14.220000267028809,14.09000015258789,14.15999984741211,220800,2005,12,12,1,13129
14.0600004196167,14.270000457763672,14.149999618530273,14.100000381469727,159900,2005,12,13,2,13130
14.069999694824219,14.380000114440918,14.100000381469727,14.1899995803833,196000,2005,12,14,3,13131
13.989999771118164,14.180000305175781,14.140000343322754,14.100000381469727,213100,2005,12,15,4,13132
14.010000228881836,14.180000305175781,14.180000305175781,14.069999694824219,132900,2005,12,16,5,13133
14.100000381469727,14.34000015258789,14.100000381469727,14.25,224500,2005,12,19,1,13136
14.260000228881836,14.710000038146973,14.260000228881836,14.59000015258789,352000,2005,12,20,2,13137
14.479999542236328,14.720000267028809,14.550000190734863,14.600000381469727,300000,2005,12,21,3,13138
14.449999809265137,14.649999618530273,14.569999694824219,14.479999542236328,238000,2005,12,22,4,13139
14.289999961853027,14.729999542236328,14.460000038146973,14.6899995803833,193100,2005,12,23,5,13140
14.609999656677246,14.9399995803833,14.619999885559082,14.75,341000,2005,12,27,2,13144
14.550000190734863,14.779999732971191,14.75,14.5600004196167,79300,2005,12,28,3,13145
14.489999771118164,14.739999771118164,14.489999771118164,14.670000076293945,90100,2005,12,29,4,13146
14.529999732971191,14.720000267028809,14.609999656677246,14.699999809265137,67600,2005,12,30,5,13147
14.609999656677246,14.770000457763672,14.75,14.619999885559082,175400,2006,1,3,2,13151
14.520000457763672,14.739999771118164,14.649999618530273,14.619999885559082,343100,2006,1,4,3,13152
14.5600004196167,14.630000114440918,14.630000114440918,14.569999694824219,97500,2006,1,5,4,13153
14.279999732971191,14.59000015258789,14.579999923706055,14.399999618530273,221800,2006,1,6,5,13154
14.130000114440918,14.390000343322754,14.300000190734863,14.1899995803833,342500,2006,1,9,1,13157
14.0600004196167,14.239999771118164,14.09000015258789,14.130000114440918,435200,2006,1,10,2,13158
14.130000114440918,14.420000076293945,14.130000114440918,14.300000190734863,333500,2006,1,11,3,13159
14.1899995803833,14.399999618530273,14.229999542236328,14.229999542236328,212200,2006,1,12,4,13160
14.210000038146973,14.369999885559082,14.239999771118164,14.210000038146973,109200,2006,1,13,5,13161
13.920000076293945,14.220000267028809,14.210000038146973,13.979999542236328,165700,2006,1,17,2,13165
13.720000267028809,13.989999771118164,13.979999542236328,13.8100004196167,200700,2006,1,18,3,13166
13.609999656677246,13.850000381469727,13.779999732971191,13.640000343322754,420900,2006,1,19,4,13167
13.65999984741211,13.800000190734863,13.6899995803833,13.699999809265137,380400,2006,1,20,5,13168
13.670000076293945,13.84000015258789,13.680000305175781,13.8100004196167,396900,2006,1,23,1,13171
13.369999885559082,13.739999771118164,13.729999542236328,13.390000343322754,1012800,2006,1,24,2,13172
13.199999809265137,13.4399995803833,13.399999618530273,13.229999542236328,699300,2006,1,25,3,13173
11.210000038146973,12.050000190734863,12.0,11.3100004196167,3485100,2006,1,26,4,13174
11.010000228881836,11.59000015258789,11.319999694824219,11.5,935200,2006,1,27,5,13175
11.359999656677246,11.859999656677246,11.5,11.770000457763672,690500,2006,1,30,1,13178
11.569999694824219,11.8100004196167,11.739999771118164,11.649999618530273,314300,2006,1,31,2,13179
11.5600004196167,11.729999542236328,11.59000015258789,11.630000114440918,579500,2006,2,1,3,13180
11.520000457763672,11.760000228881836,11.550000190734863,11.670000076293945,373300,2006,2,2,4,13181
11.5600004196167,11.770000457763672,11.6899995803833,11.65999984741211,332900,2006,2,3,5,13182
11.699999809265137,12.09000015258789,11.729999542236328,11.970000267028809,592500,2006,2,6,1,13185
11.65999984741211,12.149999618530273,11.899999618530273,11.800000190734863,1209200,2006,2,7,2,13186
11.649999618530273,11.850000381469727,11.800000190734863,11.800000190734863,1345700,2006,2,8,3,13187
11.800000190734863,12.039999961853027,11.869999885559082,12.0,438500,2006,2,9,4,13188
12.0,12.199999809265137,12.0,12.149999618530273,433600,2006,2,10,5,13189
12.0,12.15999984741211,12.149999618530273,12.100000381469727,582200,2006,2,13,1,13192
12.050000190734863,12.170000076293945,12.09000015258789,12.109999656677246,291300,2006,2,14,2,13193
12.069999694824219,12.149999618530273,12.109999656677246,12.119999885559082,203800,2006,2,15,3,13194
12.079999923706055,12.15999984741211,12.079999923706055,12.140000343322754,185100,2006,2,16,4,13195
12.09000015258789,12.199999809265137,12.140000343322754,12.149999618530273,193100,2006,2,17,5,13196
12.100000381469727,12.199999809265137,12.149999618530273,12.109999656677246,209000,2006,2,21,2,13200
12.020000457763672,12.140000343322754,12.119999885559082,12.119999885559082,184300,2006,2,22,3,13201
12.119999885559082,12.180000305175781,12.119999885559082,12.119999885559082,101600,2006,2,23,4,13202
12.0600004196167,12.170000076293945,12.109999656677246,12.130000114440918,158700,2006,2,24,5,13203
12.119999885559082,12.270000457763672,12.119999885559082,12.25,152800,2006,2,27,1,13206
12.180000305175781,12.449999809265137,12.1899995803833,12.319999694824219,154900,2006,2,28,2,13207
12.119999885559082,12.550000190734863,12.270000457763672,12.550000190734863,258500,2006,3,1,3,13208
12.510000228881836,12.800000190734863,12.539999961853027,12.75,287500,2006,3,2,4,13209
12.710000038146973,12.84000015258789,12.760000228881836,12.819999694824219,207600,2006,3,3,5,13210
12.84000015258789,13.100000381469727,12.850000381469727,13.039999961853027,263800,2006,3,6,1,13213
12.960000038146973,13.279999732971191,13.0,13.130000114440918,322100,2006,3,7,2,13214
13.15999984741211,13.430000305175781,13.199999809265137,13.329999923706055,211700,2006,3,8,3,13215
13.359999656677246,13.680000305175781,13.359999656677246,13.670000076293945,445100,2006,3,9,4,13216
13.710000038146973,14.100000381469727,13.710000038146973,14.09000015258789,540000,2006,3,10,5,13217
13.989999771118164,14.390000343322754,14.15999984741211,14.170000076293945,279300,2006,3,13,1,13220
13.15999984741211,14.100000381469727,14.079999923706055,13.25,490700,2006,3,14,2,13221
13.229999542236328,13.550000190734863,13.25,13.359999656677246,373000,2006,3,15,3,13222
13.220000267028809,13.760000228881836,13.34000015258789,13.699999809265137,384700,2006,3,16,4,13223
13.4399995803833,13.729999542236328,13.729999542236328,13.510000228881836,147600,2006,3,17,5,13224
13.380000114440918,13.550000190734863,13.520000457763672,13.479999542236328,80500,2006,3,20,1,13227
13.40999984741211,13.539999961853027,13.489999771118164,13.479999542236328,180300,2006,3,21,2,13228
13.039999961853027,13.470000267028809,13.470000267028809,13.119999885559082,135100,2006,3,22,3,13229
12.670000076293945,12.979999542236328,12.970000267028809,12.720000267028809,357000,2006,3,23,4,13230
12.510000228881836,12.819999694824219,12.6899995803833,12.710000038146973,339600,2006,3,24,5,13231
12.529999732971191,12.979999542236328,12.59000015258789,12.880000114440918,254500,2006,3,27,1,13234
12.729999542236328,12.880000114440918,12.880000114440918,12.760000228881836,167200,2006,3,28,2,13235
12.630000114440918,12.770000457763672,12.729999542236328,12.760000228881836,146100,2006,3,29,3,13236
12.75,13.020000457763672,12.770000457763672,12.930000305175781,257900,2006,3,30,4,13237
12.779999732971191,12.960000038146973,12.829999923706055,12.880000114440918,291100,2006,3,31,5,13238
12.880000114440918,12.949999809265137,12.880000114440918,12.920000076293945,117500,2006,4,3,1,13241
12.90999984741211,13.140000343322754,12.920000076293945,13.09000015258789,211300,2006,4,4,2,13242
12.770000457763672,13.039999961853027,13.039999961853027,12.899999618530273,205500,2006,4,5,3,13243
12.890000343322754,13.020000457763672,12.920000076293945,12.979999542236328,211200,2006,4,6,4,13244
12.680000305175781,12.989999771118164,12.979999542236328,12.680000305175781,74000,2006,4,7,5,13245
12.630000114440918,13.029999732971191,12.670000076293945,13.020000457763672,90800,2006,4,10,1,13248
12.84000015258789,13.079999923706055,12.930000305175781,12.949999809265137,138000,2006,4,11,2,13249
12.949999809265137,13.149999618530273,12.949999809265137,13.119999885559082,225600,2006,4,12,3,13250
13.029999732971191,13.289999961853027,13.119999885559082,13.270000457763672,303000,2006,4,13,4,13251
13.3100004196167,13.569999694824219,13.3100004196167,13.569999694824219,406400,2006,4,17,1,13255
12.930000305175781,13.59000015258789,13.59000015258789,13.029999732971191,500400,2006,4,18,2,13256
12.899999618530273,13.079999923706055,12.899999618530273,13.079999923706055,295400,2006,4,19,3,13257
12.949999809265137,15.09000015258789,12.949999809265137,15.069999694824219,911100,2006,4,20,4,13258
14.100000381469727,15.130000114440918,15.130000114440918,14.380000114440918,816100,2006,4,21,5,13259
14.100000381469727,14.600000381469727,14.289999961853027,14.300000190734863,512700,2006,4,24,1,13262
14.449999809265137,14.920000076293945,14.449999809265137,14.699999809265137,700900,2006,4,25,2,13263
14.59000015258789,14.819999694824219,14.699999809265137,14.720000267028809,542800,2006,4,26,3,13264
14.670000076293945,14.90999984741211,14.739999771118164,14.6899995803833,525800,2006,4,27,4,13265
14.59000015258789,15.09000015258789,14.649999618530273,14.960000038146973,628800,2006,4,28,5,13266
15.0600004196167,15.829999923706055,15.0600004196167,15.149999618530273,560800,2006,5,1,1,13269
15.020000457763672,15.59000015258789,15.100000381469727,15.529999732971191,196400,2006,5,2,2,13270
15.15999984741211,15.899999618530273,15.449999809265137,15.239999771118164,190700,2006,5,3,3,13271
15.180000305175781,15.319999694824219,15.25,15.25,57500,2006,5,4,4,13272
15.25,15.770000457763672,15.25,15.729999542236328,90200,2006,5,5,5,13273
14.949999809265137,15.699999809265137,15.6899995803833,15.039999961853027,316100,2006,5,8,1,13276
15.010000228881836,15.210000038146973,15.130000114440918,15.039999961853027,118200,2006,5,9,2,13277
14.949999809265137,15.300000190734863,14.989999771118164,15.229999542236328,103600,2006,5,10,3,13278
14.90999984741211,15.329999923706055,15.170000076293945,15.25,110700,2006,5,11,4,13279
15.069999694824219,15.380000114440918,15.329999923706055,15.380000114440918,254500,2006,5,12,5,13280
15.130000114440918,15.390000343322754,15.3100004196167,15.260000228881836,238000,2006,5,15,1,13283
15.319999694824219,15.550000190734863,15.359999656677246,15.539999961853027,249200,2006,5,16,2,13284
14.710000038146973,15.609999656677246,15.529999732971191,14.8100004196167,739000,2006,5,17,3,13285
14.699999809265137,15.010000228881836,14.770000457763672,14.890000343322754,511400,2006,5,18,4,13286
14.619999885559082,14.859999656677246,14.859999656677246,14.65999984741211,183000,2006,5,19,5,13287
14.609999656677246,15.300000190734863,14.609999656677246,15.020000457763672,140700,2006,5,22,1,13290
14.520000457763672,15.100000381469727,14.520000457763672,14.779999732971191,305000,2006,5,23,2,13291
14.4399995803833,14.779999732971191,14.779999732971191,14.569999694824219,172500,2006,5,24,3,13292
14.619999885559082,14.890000343322754,14.619999885559082,14.829999923706055,91200,2006,5,25,4,13293
14.619999885559082,14.829999923706055,14.8100004196167,14.630000114440918,164200,2006,5,26,5,13294
14.460000038146973,14.75,14.729999542236328,14.460000038146973,169300,2006,5,30,2,13298
14.4399995803833,14.640000343322754,14.550000190734863,14.479999542236328,137200,2006,5,31,3,13299
14.220000267028809,14.489999771118164,14.470000267028809,14.369999885559082,137200,2006,6,1,4,13300
14.239999771118164,14.430000305175781,14.399999618530273,14.300000190734863,86000,2006,6,2,5,13301
14.020000457763672,14.25,14.25,14.0600004196167,201000,2006,6,5,1,13304
13.5,14.0,13.960000038146973,13.829999923706055,177800,2006,6,6,2,13305
13.770000457763672,14.15999984741211,13.829999923706055,13.989999771118164,201200,2006,6,7,3,13306
13.479999542236328,13.890000343322754,13.890000343322754,13.630000114440918,144600,2006,6,8,4,13307
13.609999656677246,13.8100004196167,13.630000114440918,13.760000228881836,122400,2006,6,9,5,13308
13.710000038146973,14.020000457763672,13.710000038146973,13.8100004196167,92000,2006,6,12,1,13311
13.390000343322754,13.979999542236328,13.789999961853027,13.470000267028809,108600,2006,6,13,2,13312
13.390000343322754,13.710000038146973,13.390000343322754,13.670000076293945,75400,2006,6,14,3,13313
13.399999618530273,13.670000076293945,13.609999656677246,13.579999923706055,75200,2006,6,15,4,13314
12.8100004196167,13.470000267028809,13.25,13.34000015258789,135600,2006,6,16,5,13315
13.229999542236328,13.380000114440918,13.300000190734863,13.300000190734863,75900,2006,6,19,1,13318
12.899999618530273,13.319999694824219,13.319999694824219,12.989999771118164,128000,2006,6,20,2,13319
12.899999618530273,13.369999885559082,12.899999618530273,13.270000457763672,222400,2006,6,21,3,13320
12.979999542236328,13.180000305175781,13.020000457763672,13.100000381469727,90500,2006,6,22,4,13321
12.899999618530273,13.050000190734863,12.899999618530273,12.9399995803833,45200,2006,6,23,5,13322
12.770000457763672,13.130000114440918,12.84000015258789,13.069999694824219,45700,2006,6,26,1,13325
12.800000190734863,13.109999656677246,13.050000190734863,12.880000114440918,148000,2006,6,27,2,13326
12.930000305175781,13.119999885559082,12.949999809265137,13.069999694824219,42100,2006,6,28,3,13327
12.680000305175781,13.199999809265137,13.079999923706055,12.9399995803833,58200,2006,6,29,4,13328
12.920000076293945,13.100000381469727,12.979999542236328,13.0600004196167,83900,2006,6,30,5,13329
13.100000381469727,13.289999961853027,13.100000381469727,13.270000457763672,27800,2006,7,3,1,13332
12.300000190734863,12.90999984741211,12.899999618530273,12.600000381469727,340200,2006,7,5,3,13334
12.420000076293945,12.600000381469727,12.550000190734863,12.520000457763672,156100,2006,7,6,4,13335
12.319999694824219,12.529999732971191,12.470000267028809,12.470000267028809,130100,2006,7,7,5,13336
12.369999885559082,12.470000267028809,12.470000267028809,12.399999618530273,106200,2006,7,10,1,13339
12.260000228881836,12.350000381469727,12.319999694824219,12.319999694824219,74000,2006,7,11,2,13340
12.210000038146973,12.390000343322754,12.380000114440918,12.25,175800,2006,7,12,3,13341
12.199999809265137,12.329999923706055,12.229999542236328,12.239999771118164,170000,2006,7,13,4,13342
12.199999809265137,12.289999961853027,12.199999809265137,12.239999771118164,207000,2006,7,14,5,13343
12.0,12.220000267028809,12.140000343322754,12.170000076293945,245800,2006,7,17,1,13346
12.069999694824219,12.210000038146973,12.119999885559082,12.15999984741211,163500,2006,7,18,2,13347
12.149999618530273,12.350000381469727,12.180000305175781,12.3100004196167,110400,2006,7,19,3,13348
12.25,12.369999885559082,12.279999732971191,12.3100004196167,152200,2006,7,20,4,13349
12.199999809265137,12.34000015258789,12.3100004196167,12.25,156700,2006,7,21,5,13350
11.819999694824219,12.350000381469727,12.170000076293945,12.25,265200,2006,7,24,1,13353
12.210000038146973,12.430000305175781,12.319999694824219,12.399999618530273,287600,2006,7,25,2,13354
12.399999618530273,12.680000305175781,12.460000038146973,12.649999618530273,161200,2006,7,26,3,13355
12.65999984741211,14.079999923706055,12.65999984741211,13.399999618530273,498600,2006,7,27,4,13356
13.15999984741211,13.829999923706055,13.510000228881836,13.300000190734863,294600,2006,7,28,5,13357
13.109999656677246,13.359999656677246,13.359999656677246,13.239999771118164,155000,2006,7,31,1,13360
12.989999771118164,13.270000457763672,13.270000457763672,13.130000114440918,114000,2006,8,1,2,13361
13.170000076293945,13.760000228881836,13.210000038146973,13.739999771118164,210000,2006,8,2,3,13362
13.579999923706055,13.779999732971191,13.739999771118164,13.670000076293945,129500,2006,8,3,4,13363
13.9399995803833,14.760000228881836,14.210000038146973,14.359999656677246,329600,2006,8,4,5,13364
14.119999885559082,14.479999542236328,14.4399995803833,14.140000343322754,162600,2006,8,7,1,13367
14.109999656677246,14.8100004196167,14.239999771118164,14.529999732971191,316600,2006,8,8,2,13368
14.520000457763672,14.960000038146973,14.600000381469727,14.800000190734863,512000,2006,8,9,3,13369
14.84000015258789,15.430000305175781,14.850000381469727,15.09000015258789,977700,2006,8,10,4,13370
14.850000381469727,15.100000381469727,15.09000015258789,14.880000114440918,162500,2006,8,11,5,13371
14.4399995803833,14.979999542236328,14.930000305175781,14.520000457763672,222800,2006,8,14,1,13374
14.520000457763672,14.859999656677246,14.520000457763672,14.600000381469727,143100,2006,8,15,2,13375
14.619999885559082,15.119999885559082,14.619999885559082,15.079999923706055,153300,2006,8,16,3,13376
15.029999732971191,15.220000267028809,15.079999923706055,15.140000343322754,75000,2006,8,17,4,13377
14.989999771118164,15.140000343322754,15.140000343322754,15.039999961853027,35400,2006,8,18,5,13378
15.130000114440918,15.220000267028809,15.130000114440918,15.220000267028809,74600,2006,8,21,1,13381
14.989999771118164,15.220000267028809,15.220000267028809,15.119999885559082,156700,2006,8,22,2,13382
15.020000457763672,15.15999984741211,15.100000381469727,15.130000114440918,71400,2006,8,23,3,13383
15.100000381469727,15.260000228881836,15.100000381469727,15.229999542236328,54300,2006,8,24,4,13384
15.220000267028809,15.510000228881836,15.229999542236328,15.5,199000,2006,8,25,5,13385
15.430000305175781,17.43000030517578,15.460000038146973,16.530000686645508,526900,2006,8,28,1,13388
16.40999984741211,17.149999618530273,16.510000228881836,16.68000030517578,543200,2006,8,29,2,13389
16.59000015258789,16.829999923706055,16.68000030517578,16.75,135200,2006,8,30,3,13390
16.770000457763672,17.149999618530273,16.770000457763672,16.920000076293945,254900,2006,8,31,4,13391
16.829999923706055,17.260000228881836,17.020000457763672,16.84000015258789,434200,2006,9,1,5,13392
16.600000381469727,17.1200008392334,16.889999389648438,16.709999084472656,168800,2006,9,5,2,13396
16.43000030517578,16.6200008392334,16.579999923706055,16.469999313354492,240400,2006,9,6,3,13397
16.1299991607666,17.010000228881836,16.440000534057617,16.719999313354492,182100,2006,9,7,4,13398
16.579999923706055,16.729999542236328,16.729999542236328,16.700000762939453,190300,2006,9,8,5,13399
16.59000015258789,17.0,16.670000076293945,16.899999618530273,295400,2006,9,11,1,13402
16.81999969482422,17.059999465942383,16.850000381469727,16.959999084472656,158800,2006,9,12,2,13403
16.84000015258789,17.139999389648438,16.969999313354492,16.950000762939453,102600,2006,9,13,3,13404
17.209999084472656,17.959999084472656,17.329999923706055,17.360000610351562,555600,2006,9,14,4,13405
17.440000534057617,18.1200008392334,17.59000015258789,18.030000686645508,323500,2006,9,15,5,13406
17.739999771118164,18.09000015258789,18.0,17.899999618530273,351400,2006,9,18,1,13409
17.469999313354492,17.899999618530273,17.850000381469727,17.540000915527344,414600,2006,9,19,2,13410
17.200000762939453,17.65999984741211,17.610000610351562,17.209999084472656,275900,2006,9,20,3,13411
17.200000762939453,17.540000915527344,17.34000015258789,17.280000686645508,338100,2006,9,21,4,13412
16.889999389648438,17.350000381469727,17.309999465942383,16.950000762939453,363400,2006,9,22,5,13413
16.610000610351562,17.110000610351562,16.8700008392334,17.06999969482422,211600,2006,9,25,1,13416
17.020000457763672,17.600000381469727,17.06999969482422,17.559999465942383,321200,2006,9,26,2,13417
17.459999084472656,17.729999542236328,17.670000076293945,17.510000228881836,196800,2006,9,27,3,13418
17.43000030517578,17.579999923706055,17.579999923706055,17.459999084472656,131700,2006,9,28,4,13419
17.1200008392334,17.440000534057617,17.389999389648438,17.170000076293945,111300,2006,9,29,5,13420
16.959999084472656,17.260000228881836,17.239999771118164,17.149999618530273,117400,2006,10,2,1,13423
16.6299991607666,17.0,16.950000762939453,16.729999542236328,201300,2006,10,3,2,13424
16.610000610351562,17.31999969482422,16.639999389648438,17.15999984741211,199300,2006,10,4,3,13425
17.0,17.219999313354492,17.15999984741211,17.09000015258789,155800,2006,10,5,4,13426
17.0,17.170000076293945,17.110000610351562,17.0,95600,2006,10,6,5,13427
16.829999923706055,17.0,17.0,16.969999313354492,110200,2006,10,9,1,13430
16.799999237060547,17.09000015258789,17.0,16.920000076293945,174800,2006,10,10,2,13431
16.489999771118164,16.920000076293945,16.6299991607666,16.829999923706055,85000,2006,10,11,3,13432
16.40999984741211,16.780000686645508,16.760000228881836,16.610000610351562,149300,2006,10,12,4,13433
16.290000915527344,16.860000610351562,16.479999542236328,16.729999542236328,158700,2006,10,13,5,13434
16.760000228881836,17.040000915527344,16.809999465942383,17.0,53800,2006,10,16,1,13437
16.739999771118164,16.940000534057617,16.90999984741211,16.889999389648438,63300,2006,10,17,2,13438
17.15999984741211,17.479999542236328,17.270000457763672,17.31999969482422,168600,2006,10,18,3,13439
16.8799991607666,17.31999969482422,17.219999313354492,17.190000534057617,124300,2006,10,19,4,13440
16.5,17.34000015258789,17.34000015258789,16.719999313354492,178400,2006,10,20,5,13441
16.520000457763672,16.850000381469727,16.780000686645508,16.579999923706055,325500,2006,10,23,1,13444
16.399999618530273,16.579999923706055,16.579999923706055,16.479999542236328,198100,2006,10,24,2,13445
16.479999542236328,16.8700008392334,16.5,16.81999969482422,135400,2006,10,25,3,13446
14.510000228881836,16.280000686645508,16.280000686645508,15.350000381469727,1226200,2006,10,26,4,13447
14.8100004196167,15.149999618530273,15.149999618530273,14.84000015258789,671200,2006,10,27,5,13448
14.449999809265137,14.930000305175781,14.520000457763672,14.829999923706055,238300,2006,10,30,1,13451
14.600000381469727,14.949999809265137,14.829999923706055,14.640000343322754,407600,2006,10,31,2,13452
13.989999771118164,14.550000190734863,14.350000381469727,14.020000457763672,405200,2006,11,1,3,13453
13.90999984741211,14.260000228881836,14.149999618530273,14.260000228881836,373200,2006,11,2,4,13454
13.930000305175781,14.619999885559082,14.619999885559082,14.1899995803833,665400,2006,11,3,5,13455
14.180000305175781,14.390000343322754,14.1899995803833,14.260000228881836,306800,2006,11,6,1,13458
14.1899995803833,14.359999656677246,14.300000190734863,14.260000228881836,157400,2006,11,7,2,13459
14.050000190734863,14.369999885559082,14.329999923706055,14.199999809265137,406000,2006,11,8,3,13460
14.09000015258789,14.4399995803833,14.1899995803833,14.380000114440918,621500,2006,11,9,4,13461
14.359999656677246,14.65999984741211,14.420000076293945,14.619999885559082,274100,2006,11,10,5,13462
13.729999542236328,14.630000114440918,14.630000114440918,14.0,687100,2006,11,13,1,13465
13.399999618530273,13.899999618530273,13.899999618530273,13.40999984741211,845800,2006,11,14,2,13466
13.510000228881836,14.039999961853027,13.800000190734863,13.65999984741211,852600,2006,11,15,3,13467
13.609999656677246,14.260000228881836,13.680000305175781,14.229999542236328,573900,2006,11,16,4,13468
13.869999885559082,14.34000015258789,14.199999809265137,13.989999771118164,227600,2006,11,17,5,13469
13.859999656677246,14.1899995803833,14.0,13.979999542236328,345400,2006,11,20,1,13472
13.869999885559082,14.0600004196167,13.989999771118164,13.930000305175781,122700,2006,11,21,2,13473
13.710000038146973,14.0,13.859999656677246,13.720000267028809,178400,2006,11,22,3,13474
13.779999732971191,13.970000267028809,13.960000038146973,13.859999656677246,101900,2006,11,24,5,13476
13.609999656677246,13.9399995803833,13.880000114440918,13.630000114440918,120200,2006,11,27,1,13479
13.5600004196167,13.829999923706055,13.5600004196167,13.619999885559082,163500,2006,11,28,2,13480
13.600000381469727,13.720000267028809,13.680000305175781,13.649999618530273,150900,2006,11,29,3,13481
13.579999923706055,13.699999809265137,13.640000343322754,13.619999885559082,91400,2006,11,30,4,13482
13.359999656677246,13.65999984741211,13.619999885559082,13.359999656677246,156100,2006,12,1,5,13483
13.149999618530273,13.470000267028809,13.470000267028809,13.210000038146973,385500,2006,12,4,1,13486
13.1899995803833,13.329999923706055,13.220000267028809,13.260000228881836,371000,2006,12,5,2,13487
13.649999618530273,14.350000381469727,14.0,13.8100004196167,1759800,2006,12,6,3,13488
13.8100004196167,14.170000076293945,13.829999923706055,13.920000076293945,549900,2006,12,7,4,13489
13.899999618530273,14.100000381469727,14.039999961853027,13.970000267028809,174600,2006,12,8,5,13490
13.680000305175781,14.100000381469727,14.0,13.739999771118164,481800,2006,12,11,1,13493
13.619999885559082,13.949999809265137,13.699999809265137,13.90999984741211,387500,2006,12,12,2,13494
14.0,14.149999618530273,14.020000457763672,14.020000457763672,470400,2006,12,13,3,13495
13.850000381469727,14.100000381469727,13.850000381469727,14.050000190734863,359200,2006,12,14,4,13496
13.880000114440918,14.029999732971191,14.020000457763672,13.989999771118164,174500,2006,12,15,5,13497
13.8100004196167,14.100000381469727,14.050000190734863,13.880000114440918,152800,2006,12,18,1,13500
13.819999694824219,14.050000190734863,13.920000076293945,13.960000038146973,362300,2006,12,19,2,13501
13.90999984741211,14.0,13.9399995803833,13.930000305175781,526100,2006,12,20,3,13502
13.930000305175781,14.140000343322754,14.0600004196167,13.960000038146973,472300,2006,12,21,4,13503
13.960000038146973,14.1899995803833,13.960000038146973,14.180000305175781,240100,2006,12,22,5,13504
14.079999923706055,14.359999656677246,14.079999923706055,14.239999771118164,58700,2006,12,26,2,13508
14.199999809265137,14.6899995803833,14.199999809265137,14.579999923706055,291900,2006,12,27,3,13509
14.399999618530273,14.5600004196167,14.539999961853027,14.4399995803833,139600,2006,12,28,4,13510
14.3100004196167,14.470000267028809,14.399999618530273,14.3100004196167,74300,2006,12,29,5,13511
13.649999618530273,14.460000038146973,14.279999732971191,13.899999618530273,463900,2007,1,3,3,13516
13.649999618530273,13.880000114440918,13.8100004196167,13.819999694824219,413200,2007,1,4,4,13517
13.670000076293945,13.90999984741211,13.859999656677246,13.770000457763672,188500,2007,1,5,5,13518
13.65999984741211,14.0600004196167,13.65999984741211,14.020000457763672,159600,2007,1,8,1,13521
13.960000038146973,14.15999984741211,13.979999542236328,14.039999961853027,117400,2007,1,9,2,13522
13.729999542236328,14.039999961853027,14.020000457763672,13.819999694824219,350900,2007,1,10,3,13523
13.760000228881836,14.079999923706055,13.850000381469727,14.039999961853027,513500,2007,1,11,4,13524
14.09000015258789,14.270000457763672,14.119999885559082,14.149999618530273,222500,2007,1,12,5,13525
14.140000343322754,14.3100004196167,14.149999618530273,14.210000038146973,378800,2007,1,16,2,13529
14.100000381469727,14.399999618530273,14.1899995803833,14.34000015258789,184900,2007,1,17,3,13530
14.09000015258789,14.449999809265137,14.399999618530273,14.210000038146973,126500,2007,1,18,4,13531
14.170000076293945,14.300000190734863,14.260000228881836,14.210000038146973,98200,2007,1,19,5,13532
14.050000190734863,14.289999961853027,14.229999542236328,14.130000114440918,76200,2007,1,22,1,13535
13.9399995803833,14.199999809265137,14.199999809265137,13.979999542236328,197200,2007,1,23,2,13536
13.829999923706055,14.199999809265137,13.829999923706055,14.149999618530273,116600,2007,1,24,3,13537
14.170000076293945,14.529999732971191,14.170000076293945,14.359999656677246,457700,2007,1,25,4,13538
14.369999885559082,14.5,14.489999771118164,14.40999984741211,121200,2007,1,26,5,13539
14.260000228881836,14.479999542236328,14.40999984741211,14.319999694824219,314100,2007,1,29,1,13542
14.09000015258789,14.270000457763672,14.270000457763672,14.1899995803833,534800,2007,1,30,2,13543
14.0,14.329999923706055,14.079999923706055,14.170000076293945,563700,2007,1,31,3,13544
13.859999656677246,14.229999542236328,14.140000343322754,14.0600004196167,547700,2007,2,1,4,13545
13.569999694824219,14.670000076293945,13.8100004196167,14.25,1469200,2007,2,2,5,13546
14.010000228881836,14.619999885559082,14.149999618530273,14.529999732971191,775500,2007,2,5,1,13549
14.470000267028809,14.75,14.630000114440918,14.59000015258789,478800,2007,2,6,2,13550
14.430000305175781,14.649999618530273,14.600000381469727,14.510000228881836,344800,2007,2,7,3,13551
14.149999618530273,14.449999809265137,14.390000343322754,14.239999771118164,514100,2007,2,8,4,13552
14.260000228881836,14.970000267028809,14.260000228881836,14.930000305175781,814100,2007,2,9,5,13553
14.739999771118164,15.220000267028809,14.930000305175781,14.789999961853027,395900,2007,2,12,1,13556
14.649999618530273,14.8100004196167,14.800000190734863,14.739999771118164,222700,2007,2,13,2,13557
14.710000038146973,15.029999732971191,14.800000190734863,14.760000228881836,304900,2007,2,14,3,13558
14.710000038146973,15.010000228881836,14.779999732971191,14.770000457763672,262200,2007,2,15,4,13559
14.649999618530273,14.920000076293945,14.770000457763672,14.739999771118164,234500,2007,2,16,5,13560
14.510000228881836,14.640000343322754,14.579999923706055,14.529999732971191,96500,2007,2,20,2,13564
14.600000381469727,14.779999732971191,14.600000381469727,14.6899995803833,225000,2007,2,21,3,13565
14.510000228881836,14.920000076293945,14.699999809265137,14.550000190734863,294100,2007,2,22,4,13566
14.59000015258789,14.760000228881836,14.600000381469727,14.630000114440918,292700,2007,2,23,5,13567
14.079999923706055,14.699999809265137,14.640000343322754,14.539999961853027,406600,2007,2,26,1,13570
13.8100004196167,14.369999885559082,14.119999885559082,13.890000343322754,347000,2007,2,27,2,13571
13.859999656677246,14.069999694824219,13.9399995803833,14.039999961853027,529200,2007,2,28,3,13572
13.789999961853027,14.15999984741211,13.789999961853027,14.15999984741211,457000,2007,3,1,4,13573
13.949999809265137,14.130000114440918,13.949999809265137,14.020000457763672,331900,2007,3,2,5,13574
13.869999885559082,14.050000190734863,14.020000457763672,13.90999984741211,215900,2007,3,5,1,13577
13.960000038146973,14.199999809265137,14.079999923706055,14.0600004196167,258900,2007,3,6,2,13578
13.960000038146973,14.109999656677246,14.109999656677246,14.010000228881836,95800,2007,3,7,3,13579
13.960000038146973,14.130000114440918,14.020000457763672,13.960000038146973,256700,2007,3,8,4,13580
14.010000228881836,14.229999542236328,14.039999961853027,14.170000076293945,118200,2007,3,9,5,13581
14.1899995803833,14.460000038146973,14.1899995803833,14.460000038146973,63700,2007,3,12,1,13584
13.829999923706055,14.529999732971191,14.529999732971191,13.850000381469727,148700,2007,3,13,2,13585
13.829999923706055,14.140000343322754,13.890000343322754,14.020000457763672,162100,2007,3,14,3,13586
13.90999984741211,14.3100004196167,14.029999732971191,14.300000190734863,242200,2007,3,15,4,13587
14.199999809265137,14.4399995803833,14.25,14.329999923706055,253600,2007,3,16,5,13588
14.149999618530273,14.449999809265137,14.390000343322754,14.149999618530273,101400,2007,3,19,1,13591
14.020000457763672,14.239999771118164,14.079999923706055,14.0600004196167,126200,2007,3,20,2,13592
14.020000457763672,14.34000015258789,14.109999656677246,14.319999694824219,101700,2007,3,21,3,13593
14.100000381469727,14.350000381469727,14.350000381469727,14.199999809265137,102500,2007,3,22,4,13594
13.920000076293945,14.15999984741211,14.15999984741211,13.960000038146973,189200,2007,3,23,5,13595
13.699999809265137,14.020000457763672,13.960000038146973,13.890000343322754,274700,2007,3,26,1,13598
13.300000190734863,13.9399995803833,13.890000343322754,13.390000343322754,753700,2007,3,27,2,13599
13.170000076293945,13.319999694824219,13.300000190734863,13.260000228881836,474900,2007,3,28,3,13600
13.25,13.5600004196167,13.25,13.5,153400,2007,3,29,4,13601
13.220000267028809,13.579999923706055,13.5,13.380000114440918,187700,2007,3,30,5,13602
13.350000381469727,13.449999809265137,13.369999885559082,13.430000305175781,92100,2007,4,2,1,13605
13.359999656677246,13.649999618530273,13.479999542236328,13.40999984741211,384600,2007,4,3,2,13606
13.260000228881836,13.510000228881836,13.479999542236328,13.34000015258789,130000,2007,4,4,3,13607
13.079999923706055,13.470000267028809,13.380000114440918,13.109999656677246,161900,2007,4,5,4,13608
12.640000343322754,13.069999694824219,13.020000457763672,12.949999809265137,379100,2007,4,9,1,13612
12.819999694824219,13.170000076293945,12.819999694824219,13.0600004196167,157800,2007,4,10,2,13613
12.949999809265137,13.140000343322754,13.079999923706055,13.100000381469727,226300,2007,4,11,3,13614
12.930000305175781,13.130000114440918,13.130000114440918,12.9399995803833,257300,2007,4,12,4,13615
15.0,17.329999923706055,15.0,16.100000381469727,3949200,2007,4,13,5,13616
16.270000457763672,17.260000228881836,16.270000457763672,16.93000030517578,2415500,2007,4,16,1,13619
16.84000015258789,17.18000030517578,17.1200008392334,16.920000076293945,668200,2007,4,17,2,13620
16.90999984741211,17.030000686645508,17.0,16.940000534057617,498300,2007,4,18,3,13621
16.639999389648438,16.950000762939453,16.780000686645508,16.649999618530273,339500,2007,4,19,4,13622
16.68000030517578,17.030000686645508,16.729999542236328,16.84000015258789,329500,2007,4,20,5,13623
16.75,16.899999618530273,16.780000686645508,16.770000457763672,228500,2007,4,23,1,13626
16.649999618530273,16.8700008392334,16.790000915527344,16.68000030517578,238700,2007,4,24,2,13627
16.270000457763672,16.700000762939453,16.65999984741211,16.450000762939453,787200,2007,4,25,3,13628
16.40999984741211,16.780000686645508,16.530000686645508,16.600000381469727,1055900,2007,4,26,4,13629
16.0,16.469999313354492,16.280000686645508,16.170000076293945,332300,2007,4,27,5,13630
16.149999618530273,16.3700008392334,16.25,16.190000534057617,154000,2007,4,30,1,13633
16.149999618530273,16.350000381469727,16.350000381469727,16.239999771118164,245800,2007,5,1,2,13634
16.0,16.290000915527344,16.149999618530273,16.110000610351562,183700,2007,5,2,3,13635
16.0,16.149999618530273,16.059999465942383,16.040000915527344,167000,2007,5,3,4,13636
15.600000381469727,16.219999313354492,16.100000381469727,16.06999969482422,282100,2007,5,4,5,13637
16.09000015258789,16.219999313354492,16.1200008392334,16.1299991607666,137100,2007,5,7,1,13640
15.90999984741211,16.34000015258789,16.030000686645508,16.040000915527344,276300,2007,5,8,2,13641
15.880000114440918,16.030000686645508,15.890000343322754,15.979999542236328,92600,2007,5,9,3,13642
15.449999809265137,16.020000457763672,15.800000190734863,15.619999885559082,184800,2007,5,10,4,13643
15.4399995803833,15.6899995803833,15.579999923706055,15.670000076293945,133700,2007,5,11,5,13644
15.460000038146973,15.760000228881836,15.710000038146973,15.539999961853027,137200,2007,5,14,1,13647
15.489999771118164,15.789999961853027,15.600000381469727,15.6899995803833,159200,2007,5,15,2,13648
15.739999771118164,16.149999618530273,15.869999885559082,15.859999656677246,304300,2007,5,16,3,13649
15.350000381469727,15.84000015258789,15.84000015258789,15.489999771118164,297200,2007,5,17,4,13650
15.670000076293945,16.030000686645508,15.670000076293945,16.0,232800,2007,5,18,5,13651
16.190000534057617,16.559999465942383,16.25,16.3700008392334,1549700,2007,5,21,1,13654
15.960000038146973,16.459999084472656,16.459999084472656,15.970000267028809,415500,2007,5,22,2,13655
15.899999618530273,16.200000762939453,16.18000030517578,15.90999984741211,150200,2007,5,23,3,13656
15.649999618530273,16.0,15.9399995803833,15.699999809265137,102800,2007,5,24,4,13657
15.760000228881836,16.0,16.0,15.880000114440918,130400,2007,5,25,5,13658
15.869999885559082,16.190000534057617,16.040000915527344,16.010000228881836,370500,2007,5,29,2,13662
15.880000114440918,16.360000610351562,16.0,16.309999465942383,280600,2007,5,30,3,13663
16.040000915527344,16.360000610351562,16.360000610351562,16.100000381469727,340500,2007,5,31,4,13664
15.899999618530273,16.299999237060547,15.9399995803833,16.209999084472656,266000,2007,6,1,5,13665
15.869999885559082,16.40999984741211,16.229999542236328,15.979999542236328,256100,2007,6,4,1,13668
15.59000015258789,16.020000457763672,15.970000267028809,15.710000038146973,205200,2007,6,5,2,13669
15.279999732971191,15.779999732971191,15.670000076293945,15.619999885559082,278200,2007,6,6,3,13670
15.119999885559082,15.600000381469727,15.600000381469727,15.300000190734863,282500,2007,6,7,4,13671
15.039999961853027,15.319999694824219,15.300000190734863,15.239999771118164,170900,2007,6,8,5,13672
15.050000190734863,15.25,15.199999809265137,15.09000015258789,183400,2007,6,11,1,13675
14.819999694824219,15.109999656677246,15.039999961853027,14.899999618530273,332300,2007,6,12,2,13676
14.75,15.0,15.0,14.949999809265137,279100,2007,6,13,3,13677
14.899999618530273,15.119999885559082,14.979999542236328,15.079999923706055,176100,2007,6,14,4,13678
15.119999885559082,15.470000267028809,15.199999809265137,15.210000038146973,183200,2007,6,15,5,13679
15.100000381469727,15.800000190734863,15.210000038146973,15.210000038146973,484200,2007,6,18,1,13682
14.720000267028809,15.210000038146973,15.210000038146973,14.989999771118164,425800,2007,6,19,2,13683
14.779999732971191,14.989999771118164,14.779999732971191,14.90999984741211,144300,2007,6,20,3,13684
14.399999618530273,14.800000190734863,14.699999809265137,14.800000190734863,301800,2007,6,21,4,13685
14.550000190734863,15.010000228881836,14.770000457763672,14.800000190734863,217500,2007,6,22,5,13686
14.3100004196167,14.770000457763672,14.760000228881836,14.59000015258789,298800,2007,6,25,1,13689
14.430000305175781,14.720000267028809,14.6899995803833,14.539999961853027,184300,2007,6,26,2,13690
14.09000015258789,14.4399995803833,14.4399995803833,14.430000305175781,376100,2007,6,27,3,13691
14.449999809265137,14.739999771118164,14.510000228881836,14.619999885559082,261500,2007,6,28,4,13692
14.34000015258789,14.640000343322754,14.640000343322754,14.390000343322754,244600,2007,6,29,5,13693
14.1899995803833,14.670000076293945,14.399999618530273,14.579999923706055,291300,2007,7,2,1,13696
14.460000038146973,14.710000038146973,14.710000038146973,14.5,95500,2007,7,3,2,13697
14.4399995803833,15.449999809265137,14.619999885559082,15.40999984741211,482800,2007,7,5,4,13699
14.970000267028809,15.470000267028809,15.460000038146973,15.100000381469727,160900,2007,7,6,5,13700
14.899999618530273,15.630000114440918,14.970000267028809,15.420000076293945,170400,2007,7,9,1,13703
15.25,15.600000381469727,15.300000190734863,15.5,324200,2007,7,10,2,13704
15.130000114440918,15.4399995803833,15.4399995803833,15.130000114440918,139500,2007,7,11,3,13705
15.130000114440918,15.470000267028809,15.239999771118164,15.430000305175781,164900,2007,7,12,4,13706
15.319999694824219,15.890000343322754,15.40999984741211,15.75,148100,2007,7,13,5,13707
15.59000015258789,16.1200008392334,15.729999542236328,15.829999923706055,372900,2007,7,16,1,13710
15.430000305175781,15.8100004196167,15.8100004196167,15.479999542236328,152700,2007,7,17,2,13711
15.0,15.470000267028809,15.210000038146973,15.460000038146973,303300,2007,7,18,3,13712
14.399999618530273,15.319999694824219,14.670000076293945,14.609999656677246,1145500,2007,7,19,4,13713
14.319999694824219,14.739999771118164,14.6899995803833,14.390000343322754,804600,2007,7,20,5,13714
14.029999732971191,14.479999542236328,14.479999542236328,14.199999809265137,530000,2007,7,23,1,13717
13.460000038146973,14.140000343322754,14.0,13.630000114440918,445300,2007,7,24,2,13718
13.350000381469727,13.930000305175781,13.619999885559082,13.640000343322754,594000,2007,7,25,3,13719
12.850000381469727,13.600000381469727,13.600000381469727,13.050000190734863,425200,2007,7,26,4,13720
12.640000343322754,13.020000457763672,12.930000305175781,12.699999809265137,368300,2007,7,27,5,13721
11.680000305175781,12.800000190734863,12.550000190734863,12.579999923706055,593300,2007,7,30,1,13724
12.279999732971191,12.75,12.289999961853027,12.3100004196167,547500,2007,7,31,2,13725
12.229999542236328,12.510000228881836,12.270000457763672,12.479999542236328,513800,2007,8,1,3,13726
12.210000038146973,12.619999885559082,12.479999542236328,12.300000190734863,340300,2007,8,2,4,13727
11.829999923706055,12.300000190734863,12.300000190734863,11.979999542236328,425800,2007,8,3,5,13728
11.739999771118164,12.170000076293945,12.09000015258789,12.100000381469727,141200,2007,8,6,1,13731
11.84000015258789,12.210000038146973,12.020000457763672,11.949999809265137,203500,2007,8,7,2,13732
12.050000190734863,12.699999809265137,12.350000381469727,12.0600004196167,571800,2007,8,8,3,13733
11.449999809265137,12.079999923706055,12.0,11.470000267028809,540800,2007,8,9,4,13734
11.5,11.949999809265137,11.5600004196167,11.720000267028809,218900,2007,8,10,5,13735
11.130000114440918,11.729999542236328,11.710000038146973,11.180000305175781,214100,2007,8,13,1,13738
10.970000267028809,11.399999618530273,11.149999618530273,11.199999809265137,358700,2007,8,14,2,13739
10.760000228881836,11.170000076293945,11.050000190734863,10.880000114440918,459500,2007,8,15,3,13740
10.380000114440918,11.0600004196167,10.880000114440918,10.90999984741211,418500,2007,8,16,4,13741
10.859999656677246,11.399999618530273,11.390000343322754,11.050000190734863,326200,2007,8,17,5,13742
10.90999984741211,11.199999809265137,11.149999618530273,11.029999732971191,94200,2007,8,20,1,13745
10.529999732971191,11.75,10.850000381469727,11.609999656677246,540300,2007,8,21,2,13746
11.65999984741211,11.960000038146973,11.670000076293945,11.800000190734863,333200,2007,8,22,3,13747
11.65999984741211,11.9399995803833,11.9399995803833,11.770000457763672,262900,2007,8,23,4,13748
11.600000381469727,11.829999923706055,11.699999809265137,11.720000267028809,181800,2007,8,24,5,13749
11.670000076293945,11.739999771118164,11.710000038146973,11.699999809265137,136000,2007,8,27,1,13752
11.069999694824219,11.59000015258789,11.529999732971191,11.069999694824219,235100,2007,8,28,2,13753
10.989999771118164,11.390000343322754,11.010000228881836,11.289999961853027,214500,2007,8,29,3,13754
11.0,11.34000015258789,11.279999732971191,11.0600004196167,150600,2007,8,30,4,13755
11.149999618530273,11.539999961853027,11.3100004196167,11.289999961853027,234600,2007,8,31,5,13756
11.300000190734863,11.579999923706055,11.34000015258789,11.579999923706055,124900,2007,9,4,2,13760
11.300000190734863,11.449999809265137,11.40999984741211,11.3100004196167,102100,2007,9,5,3,13761
11.029999732971191,11.270000457763672,11.270000457763672,11.079999923706055,77200,2007,9,6,4,13762
10.90999984741211,11.279999732971191,10.930000305175781,11.199999809265137,178400,2007,9,7,5,13763
10.979999542236328,11.260000228881836,11.100000381469727,11.029999732971191,166900,2007,9,10,1,13766
10.970000267028809,11.199999809265137,11.079999923706055,11.199999809265137,139000,2007,9,11,2,13767
10.819999694824219,11.239999771118164,11.229999542236328,10.899999618530273,160600,2007,9,12,3,13768
10.0,10.859999656677246,10.800000190734863,10.210000038146973,469200,2007,9,13,4,13769
9.899999618530273,10.239999771118164,10.239999771118164,10.100000381469727,437500,2007,9,14,5,13770
9.640000343322754,10.0600004196167,10.029999732971191,9.699999809265137,221900,2007,9,17,1,13773
9.520000457763672,9.890000343322754,9.779999732971191,9.850000381469727,352100,2007,9,18,2,13774
9.84000015258789,10.229999542236328,9.84000015258789,10.15999984741211,501500,2007,9,19,3,13775
8.069999694824219,9.579999923706055,9.579999923706055,8.210000038146973,2054500,2007,9,20,4,13776
7.690000057220459,8.279999732971191,8.210000038146973,8.0,1690200,2007,9,21,5,13777
7.389999866485596,7.929999828338623,7.880000114440918,7.619999885559082,1984300,2007,9,24,1,13780
7.389999866485596,7.96999979019165,7.519999980926514,7.809999942779541,1112100,2007,9,25,2,13781
7.710000038146973,8.050000190734863,7.75,7.989999771118164,1180200,2007,9,26,3,13782
7.889999866485596,8.119999885559082,8.020000457763672,7.980000019073486,582500,2007,9,27,4,13783
7.900000095367432,8.079999923706055,8.020000457763672,7.96999979019165,485200,2007,9,28,5,13784
7.949999809265137,8.09000015258789,8.0,7.96999979019165,659600,2007,10,1,1,13787
7.980000019073486,8.079999923706055,8.020000457763672,8.039999961853027,669600,2007,10,2,2,13788
7.920000076293945,8.039999961853027,7.96999979019165,8.0,848800,2007,10,3,3,13789
7.920000076293945,8.029999732971191,8.010000228881836,8.020000457763672,325700,2007,10,4,4,13790
7.96999979019165,8.0600004196167,7.96999979019165,8.039999961853027,625900,2007,10,5,5,13791
8.020000457763672,8.170000076293945,8.050000190734863,8.15999984741211,535700,2007,10,8,1,13794
8.039999961853027,8.289999961853027,8.170000076293945,8.170000076293945,285900,2007,10,9,2,13795
7.980000019073486,8.199999809265137,8.15999984741211,8.130000114440918,448700,2007,10,10,3,13796
7.989999771118164,8.229999542236328,8.140000343322754,8.149999618530273,231400,2007,10,11,4,13797
8.09000015258789,8.359999656677246,8.180000305175781,8.260000228881836,198000,2007,10,12,5,13798
7.809999942779541,8.260000228881836,8.210000038146973,7.840000152587891,252500,2007,10,15,1,13801
7.75,7.920000076293945,7.849999904632568,7.820000171661377,162900,2007,10,16,2,13802
7.679999828338623,7.900000095367432,7.860000133514404,7.849999904632568,195500,2007,10,17,3,13803
7.75,7.869999885559082,7.760000228881836,7.849999904632568,84700,2007,10,18,4,13804
7.139999866485596,7.78000020980835,7.75,7.380000114440918,779500,2007,10,19,5,13805
7.010000228881836,7.380000114440918,7.199999809265137,7.380000114440918,499000,2007,10,22,1,13808
7.159999847412109,7.429999828338623,7.369999885559082,7.269999980926514,244900,2007,10,23,2,13809
7.119999885559082,7.380000114440918,7.269999980926514,7.260000228881836,346800,2007,10,24,3,13810
6.860000133514404,8.069999694824219,7.090000152587891,7.489999771118164,1095300,2007,10,25,4,13811
7.170000076293945,7.760000228881836,7.760000228881836,7.420000076293945,561700,2007,10,26,5,13812
7.130000114440918,7.440000057220459,7.440000057220459,7.190000057220459,270900,2007,10,29,1,13815
7.099999904632568,7.400000095367432,7.150000095367432,7.309999942779541,259200,2007,10,30,2,13816
7.099999904632568,7.489999771118164,7.349999904632568,7.170000076293945,352700,2007,10,31,3,13817
6.730000019073486,7.010000228881836,6.860000133514404,6.909999847412109,402800,2007,11,1,4,13818
6.909999847412109,7.289999961853027,7.139999866485596,7.260000228881836,414100,2007,11,2,5,13819
7.170000076293945,7.349999904632568,7.28000020980835,7.300000190734863,298400,2007,11,5,1,13822
7.010000228881836,7.349999904632568,7.340000152587891,7.03000020980835,219200,2007,11,6,2,13823
6.650000095367432,7.050000190734863,7.0,6.650000095367432,327500,2007,11,7,3,13824
6.300000190734863,6.659999847412109,6.650000095367432,6.369999885559082,500000,2007,11,8,4,13825
6.260000228881836,6.659999847412109,6.429999828338623,6.519999980926514,890800,2007,11,9,5,13826
6.190000057220459,6.599999904632568,6.309999942779541,6.199999809265137,394400,2007,11,12,1,13829
6.019999980926514,6.349999904632568,6.309999942779541,6.159999847412109,431500,2007,11,13,2,13830
6.090000152587891,6.349999904632568,6.119999885559082,6.25,277200,2007,11,14,3,13831
5.980000019073486,6.25,6.25,6.039999961853027,189300,2007,11,15,4,13832
5.909999847412109,6.150000095367432,6.070000171661377,6.0,279200,2007,11,16,5,13833
5.599999904632568,6.079999923706055,5.920000076293945,5.699999809265137,599700,2007,11,19,1,13836
5.590000152587891,5.760000228881836,5.679999828338623,5.710000038146973,302800,2007,11,20,2,13837
5.519999980926514,5.769999980926514,5.630000114440918,5.730000019073486,216500,2007,11,21,3,13838
5.5,5.690000057220459,5.590000152587891,5.610000133514404,162900,2007,11,23,5,13840
5.400000095367432,5.840000152587891,5.550000190734863,5.46999979019165,422800,2007,11,26,1,13843
5.449999809265137,5.619999885559082,5.460000038146973,5.519999980926514,195300,2007,11,27,2,13844
5.519999980926514,6.059999942779541,5.519999980926514,5.96999979019165,230700,2007,11,28,3,13845
5.860000133514404,6.579999923706055,5.860000133514404,6.369999885559082,593500,2007,11,29,4,13846
6.010000228881836,6.519999980926514,6.460000038146973,6.360000133514404,362600,2007,11,30,5,13847
6.159999847412109,6.329999923706055,6.25,6.300000190734863,291400,2007,12,3,1,13850
6.230000019073486,6.400000095367432,6.329999923706055,6.269999980926514,264600,2007,12,4,2,13851
6.03000020980835,6.349999904632568,6.289999961853027,6.170000076293945,297800,2007,12,5,3,13852
6.159999847412109,6.480000019073486,6.159999847412109,6.46999979019165,634300,2007,12,6,4,13853
6.489999771118164,6.610000133514404,6.489999771118164,6.550000190734863,237200,2007,12,7,5,13854
6.460000038146973,6.690000057220459,6.599999904632568,6.559999942779541,324200,2007,12,10,1,13857
6.420000076293945,6.559999942779541,6.559999942779541,6.489999771118164,227300,2007,12,11,2,13858
6.320000171661377,6.650000095367432,6.590000152587891,6.400000095367432,265100,2007,12,12,3,13859
6.159999847412109,6.380000114440918,6.349999904632568,6.260000228881836,439200,2007,12,13,4,13860
6.130000114440918,6.300000190734863,6.25,6.239999771118164,174200,2007,12,14,5,13861
6.0,6.329999923706055,6.329999923706055,6.170000076293945,432300,2007,12,17,1,13864
6.03000020980835,6.230000019073486,6.230000019073486,6.090000152587891,545300,2007,12,18,2,13865
6.059999942779541,6.409999847412109,6.090000152587891,6.329999923706055,493000,2007,12,19,3,13866
6.380000114440918,6.599999904632568,6.389999866485596,6.489999771118164,214000,2007,12,20,4,13867
6.440000057220459,6.639999866485596,6.440000057220459,6.599999904632568,258800,2007,12,21,5,13868
6.570000171661377,6.949999809265137,6.619999885559082,6.949999809265137,67700,2007,12,24,1,13871
6.869999885559082,7.119999885559082,6.880000114440918,6.929999828338623,153100,2007,12,26,3,13873
6.710000038146973,7.079999923706055,6.96999979019165,6.820000171661377,167700,2007,12,27,4,13874
6.710000038146973,6.929999828338623,6.809999942779541,6.71999979019165,132900,2007,12,28,5,13875
6.599999904632568,6.989999771118164,6.78000020980835,6.659999847412109,268800,2007,12,31,1,13878
6.659999847412109,6.809999942779541,6.670000076293945,6.71999979019165,78000,2008,1,2,3,13880
6.630000114440918,7.0,6.690000057220459,7.0,189300,2008,1,3,4,13881
6.71999979019165,7.0,6.989999771118164,6.900000095367432,264400,2008,1,4,5,13882
6.849999904632568,7.480000019073486,6.980000019073486,7.0,428100,2008,1,7,1,13885
6.710000038146973,7.239999771118164,7.130000114440918,6.760000228881836,868200,2008,1,8,2,13886
6.630000114440918,6.989999771118164,6.900000095367432,6.860000133514404,187600,2008,1,9,3,13887
6.71999979019165,6.96999979019165,6.71999979019165,6.900000095367432,138800,2008,1,10,4,13888
6.760000228881836,6.960000038146973,6.760000228881836,6.860000133514404,99600,2008,1,11,5,13889
6.960000038146973,7.190000057220459,6.960000038146973,7.03000020980835,314300,2008,1,14,1,13892
6.860000133514404,6.980000019073486,6.900000095367432,6.929999828338623,139800,2008,1,15,2,13893
6.690000057220459,6.929999828338623,6.860000133514404,6.710000038146973,83000,2008,1,16,3,13894
6.650000095367432,6.860000133514404,6.769999980926514,6.679999828338623,216600,2008,1,17,4,13895
6.360000133514404,6.809999942779541,6.659999847412109,6.409999847412109,211800,2008,1,18,5,13896
6.119999885559082,6.380000114440918,6.130000114440918,6.320000171661377,117200,2008,1,22,2,13900
6.139999866485596,6.28000020980835,6.210000038146973,6.199999809265137,221000,2008,1,23,3,13901
6.03000020980835,6.300000190734863,6.300000190734863,6.119999885559082,179200,2008,1,24,4,13902
5.940000057220459,6.230000019073486,6.230000019073486,5.96999979019165,117600,2008,1,25,5,13903
5.960000038146973,6.050000190734863,5.989999771118164,6.010000228881836,149400,2008,1,28,1,13906
5.840000152587891,6.059999942779541,6.059999942779541,5.889999866485596,182000,2008,1,29,2,13907
5.809999942779541,5.929999828338623,5.880000114440918,5.840000152587891,103300,2008,1,30,3,13908
5.639999866485596,5.880000114440918,5.809999942779541,5.710000038146973,140500,2008,1,31,4,13909
5.699999809265137,5.920000076293945,5.699999809265137,5.840000152587891,329900,2008,2,1,5,13910
5.789999961853027,5.900000095367432,5.900000095367432,5.840000152587891,312700,2008,2,4,1,13913
5.710000038146973,5.849999904632568,5.800000190734863,5.789999961853027,224500,2008,2,5,2,13914
5.539999961853027,5.929999828338623,5.739999771118164,5.590000152587891,294700,2008,2,6,3,13915
5.590000152587891,5.75,5.599999904632568,5.650000095367432,245900,2008,2,7,4,13916
5.449999809265137,5.869999885559082,5.510000228881836,5.809999942779541,440500,2008,2,8,5,13917
5.75,5.960000038146973,5.900000095367432,5.960000038146973,184800,2008,2,11,1,13920
5.920000076293945,6.239999771118164,5.989999771118164,6.090000152587891,186800,2008,2,12,2,13921
5.869999885559082,6.179999828338623,6.179999828338623,5.949999809265137,234700,2008,2,13,3,13922
5.559999942779541,5.949999809265137,5.949999809265137,5.590000152587891,355200,2008,2,14,4,13923
5.429999828338623,5.650000095367432,5.599999904632568,5.440000057220459,203300,2008,2,15,5,13924
5.309999942779541,5.559999942779541,5.559999942779541,5.380000114440918,155500,2008,2,19,2,13928
5.340000152587891,5.400000095367432,5.340000152587891,5.369999885559082,57100,2008,2,20,3,13929
4.989999771118164,5.349999904632568,5.349999904632568,5.0,198400,2008,2,21,4,13930
4.929999828338623,5.050000190734863,5.0,4.960000038146973,90300,2008,2,22,5,13931
3.809999942779541,5.0,4.960000038146973,4.050000190734863,1382500,2008,2,25,1,13934
2.4200000762939453,3.950000047683716,3.809999942779541,2.5399999618530273,4656000,2008,2,26,2,13935
2.390000104904175,2.700000047683716,2.700000047683716,2.549999952316284,3142100,2008,2,27,3,13936
2.509999990463257,2.609999895095825,2.509999990463257,2.5399999618530273,1532300,2008,2,28,4,13937
2.200000047683716,2.559999942779541,2.559999942779541,2.200000047683716,1905200,2008,2,29,5,13938
2.049999952316284,2.309999942779541,2.259999990463257,2.119999885559082,2603600,2008,3,3,1,13941
2.0299999713897705,2.140000104904175,2.140000104904175,2.049999952316284,749300,2008,3,4,2,13942
2.059999942779541,2.200000047683716,2.0899999141693115,2.130000114440918,1201300,2008,3,5,3,13943
2.049999952316284,2.200000047683716,2.0899999141693115,2.059999942779541,577800,2008,3,6,4,13944
1.9800000190734863,2.119999885559082,2.009999990463257,2.0199999809265137,468600,2008,3,7,5,13945
1.9199999570846558,2.059999942779541,2.059999942779541,1.9299999475479126,465200,2008,3,10,1,13948
1.7999999523162842,1.9900000095367432,1.940000057220459,1.8200000524520874,711800,2008,3,11,2,13949
1.809999942779541,1.940000057220459,1.899999976158142,1.8700000047683716,727200,2008,3,12,3,13950
1.8300000429153442,1.909999966621399,1.8700000047683716,1.899999976158142,176900,2008,3,13,4,13951
1.8300000429153442,1.9600000381469727,1.9600000381469727,1.8600000143051147,231400,2008,3,14,5,13952
1.7699999809265137,1.8600000143051147,1.850000023841858,1.7699999809265137,258200,2008,3,17,1,13955
1.7899999618530273,1.8700000047683716,1.7899999618530273,1.840000033378601,359100,2008,3,18,2,13956
1.7699999809265137,1.8600000143051147,1.8300000429153442,1.7999999523162842,264600,2008,3,19,3,13957
1.7599999904632568,1.840000033378601,1.7999999523162842,1.840000033378601,607900,2008,3,20,4,13958
1.8899999856948853,2.319999933242798,1.9700000286102295,2.309999942779541,638000,2008,3,24,1,13962
2.2899999618530273,2.549999952316284,2.319999933242798,2.390000104904175,1125900,2008,3,25,2,13963
2.309999942779541,2.390000104904175,2.390000104904175,2.380000114440918,473700,2008,3,26,3,13964
2.490000009536743,3.0399999618530273,2.5,2.950000047683716,2880000,2008,3,27,4,13965
2.950000047683716,3.490000009536743,3.009999990463257,3.4200000762939453,2972200,2008,3,28,5,13966
3.2899999618530273,3.8499999046325684,3.4600000381469727,3.509999990463257,2222400,2008,3,31,1,13969
3.2100000381469727,3.690000057220459,3.690000057220459,3.440000057220459,1756800,2008,4,1,2,13970
3.2799999713897705,3.6500000953674316,3.2799999713897705,3.549999952316284,809600,2008,4,2,3,13971
3.2899999618530273,3.5899999141693115,3.5899999141693115,3.4000000953674316,782200,2008,4,3,4,13972
3.3299999237060547,3.440000057220459,3.4100000858306885,3.380000114440918,783500,2008,4,4,5,13973
3.369999885559082,3.5799999237060547,3.4000000953674316,3.490000009536743,562600,2008,4,7,1,13976
3.4200000762939453,3.559999942779541,3.5199999809265137,3.5299999713897705,510900,2008,4,8,2,13977
3.259999990463257,3.5999999046325684,3.5999999046325684,3.3499999046325684,911700,2008,4,9,3,13978
3.0999999046325684,3.390000104904175,3.390000104904175,3.1600000858306885,886500,2008,4,10,4,13979
2.9800000190734863,3.1600000858306885,3.1600000858306885,3.0899999141693115,610000,2008,4,11,5,13980
3.0299999713897705,3.240000009536743,3.049999952316284,3.0999999046325684,604000,2008,4,14,1,13983
3.059999942779541,3.180000066757202,3.0899999141693115,3.119999885559082,319500,2008,4,15,2,13984
3.119999885559082,3.2200000286102295,3.140000104904175,3.1500000953674316,475900,2008,4,16,3,13985
2.809999942779541,3.190000057220459,3.119999885559082,2.8499999046325684,877000,2008,4,17,4,13986
2.640000104904175,2.950000047683716,2.799999952316284,2.890000104904175,604000,2008,4,18,5,13987
2.7699999809265137,2.990000009536743,2.9000000953674316,2.799999952316284,376900,2008,4,21,1,13990
2.7300000190734863,2.819999933242798,2.7699999809265137,2.7300000190734863,309100,2008,4,22,2,13991
2.680000066757202,2.890000104904175,2.740000009536743,2.7799999713897705,548100,2008,4,23,3,13992
2.680000066757202,2.7799999713897705,2.7799999713897705,2.700000047683716,429300,2008,4,24,4,13993
2.5999999046325684,2.75,2.700000047683716,2.630000114440918,412200,2008,4,25,5,13994
2.3399999141693115,2.9200000762939453,2.549999952316284,2.809999942779541,1398200,2008,4,28,1,13997
2.7200000286102295,2.940000057220459,2.7200000286102295,2.9200000762939453,797300,2008,4,29,2,13998
2.9200000762939453,3.0899999141693115,2.9700000286102295,2.990000009536743,635700,2008,4,30,3,13999
2.8499999046325684,3.0199999809265137,3.0199999809265137,2.9000000953674316,740100,2008,5,1,4,14000
2.759999990463257,2.940000057220459,2.859999895095825,2.809999942779541,916500,2008,5,2,5,14001
2.7699999809265137,2.8499999046325684,2.8499999046325684,2.7899999618530273,716800,2008,5,5,1,14004
2.690000057220459,2.890000104904175,2.8499999046325684,2.7100000381469727,979100,2008,5,6,2,14005
2.690000057220459,2.7699999809265137,2.7699999809265137,2.759999990463257,835900,2008,5,7,3,14006
2.5299999713897705,2.759999990463257,2.75,2.5399999618530273,653000,2008,5,8,4,14007
2.380000114440918,2.569999933242798,2.549999952316284,2.490000009536743,462900,2008,5,9,5,14008
2.369999885559082,2.4700000286102295,2.4600000381469727,2.380000114440918,390000,2008,5,12,1,14011
2.359999895095825,2.569999933242798,2.359999895095825,2.4700000286102295,850400,2008,5,13,2,14012
2.5199999809265137,2.7899999618530273,2.559999942779541,2.690000057220459,1133400,2008,5,14,3,14013
2.5399999618530273,2.7699999809265137,2.740000009536743,2.5899999141693115,906600,2008,5,15,4,14014
2.559999942779541,2.690000057220459,2.619999885559082,2.619999885559082,944900,2008,5,16,5,14015
2.569999933242798,2.7799999713897705,2.6500000953674316,2.7699999809265137,1003300,2008,5,19,1,14018
2.7100000381469727,3.0299999713897705,2.7100000381469727,3.0,1788100,2008,5,20,2,14019
2.75,3.240000009536743,3.0399999618530273,2.759999990463257,1834100,2008,5,21,3,14020
2.809999942779541,3.0399999618530273,2.809999942779541,3.0199999809265137,1230100,2008,5,22,4,14021
2.9700000286102295,3.240000009536743,3.0,3.1700000762939453,1525600,2008,5,23,5,14022
3.319999933242798,3.680000066757202,3.509999990463257,3.430000066757202,1943100,2008,5,27,2,14026
3.2799999713897705,3.430000066757202,3.430000066757202,3.319999933242798,1119200,2008,5,28,3,14027
3.109999895095825,3.3499999046325684,3.3299999237060547,3.119999885559082,455000,2008,5,29,4,14028
2.859999895095825,3.1500000953674316,3.130000114440918,2.9100000858306885,660800,2008,5,30,5,14029
2.7300000190734863,3.0199999809265137,3.0199999809265137,2.7300000190734863,562400,2008,6,2,1,14032
2.6700000762939453,2.880000114440918,2.6700000762939453,2.880000114440918,246400,2008,6,3,2,14033
2.7699999809265137,2.9000000953674316,2.880000114440918,2.8499999046325684,446700,2008,6,4,3,14034
2.819999933242798,2.9200000762939453,2.9200000762939453,2.859999895095825,146700,2008,6,5,4,14035
2.7200000286102295,2.8299999237060547,2.8299999237060547,2.740000009536743,395800,2008,6,6,5,14036
2.690000057220459,2.7699999809265137,2.7699999809265137,2.7300000190734863,181900,2008,6,9,1,14039
2.5999999046325684,2.7200000286102295,2.6700000762939453,2.630000114440918,194100,2008,6,10,2,14040
2.549999952316284,2.6500000953674316,2.609999895095825,2.559999942779541,212700,2008,6,11,3,14041
2.5,2.5799999237060547,2.569999933242798,2.5,161200,2008,6,12,4,14042
2.509999990463257,2.5999999046325684,2.5199999809265137,2.5999999046325684,359900,2008,6,13,5,14043
2.549999952316284,2.6500000953674316,2.6500000953674316,2.559999942779541,108000,2008,6,16,1,14046
2.490000009536743,2.6600000858306885,2.619999885559082,2.490000009536743,141700,2008,6,17,2,14047
2.430000066757202,2.509999990463257,2.4800000190734863,2.509999990463257,301800,2008,6,18,3,14048
2.5399999618530273,3.0,2.5999999046325684,2.990000009536743,1158800,2008,6,19,4,14049
2.9100000858306885,3.0999999046325684,3.059999942779541,2.9100000858306885,913400,2008,6,20,5,14050
2.9100000858306885,3.049999952316284,3.0,3.0,791500,2008,6,23,1,14053
2.9200000762939453,3.049999952316284,3.0399999618530273,3.0399999618530273,522800,2008,6,24,2,14054
2.9600000381469727,3.2200000286102295,2.9600000381469727,3.200000047683716,558600,2008,6,25,3,14055
3.0,3.2100000381469727,3.2100000381469727,3.130000114440918,376800,2008,6,26,4,14056
3.049999952316284,3.1700000762939453,3.1700000762939453,3.049999952316284,272200,2008,6,27,5,14057
3.0299999713897705,3.200000047683716,3.059999942779541,3.130000114440918,432100,2008,6,30,1,14060
2.869999885559082,3.200000047683716,3.1600000858306885,3.109999895095825,290900,2008,7,1,2,14061
2.940000057220459,3.190000057220459,3.1600000858306885,2.990000009536743,389600,2008,7,2,3,14062
2.9000000953674316,3.0399999618530273,3.0299999713897705,3.0199999809265137,104900,2008,7,3,4,14063
2.9800000190734863,3.190000057220459,2.9800000190734863,3.0399999618530273,316500,2008,7,7,1,14067
2.9600000381469727,3.049999952316284,3.0399999618530273,3.0399999618530273,200500,2008,7,8,2,14068
2.930000066757202,3.059999942779541,3.0399999618530273,2.950000047683716,190000,2008,7,9,3,14069
2.799999952316284,2.990000009536743,2.9200000762939453,2.809999942779541,139700,2008,7,10,4,14070
2.7300000190734863,2.8499999046325684,2.799999952316284,2.75,299500,2008,7,11,5,14071
2.740000009536743,3.0,2.75,2.9600000381469727,262400,2008,7,14,1,14074
2.8299999237060547,3.009999990463257,2.8299999237060547,3.0,329600,2008,7,15,2,14075
2.869999885559082,3.0399999618530273,2.9800000190734863,3.0399999618530273,476900,2008,7,16,3,14076
3.0199999809265137,3.119999885559082,3.0999999046325684,3.059999942779541,452500,2008,7,17,4,14077
3.0799999237060547,3.4000000953674316,3.180000066757202,3.4000000953674316,605100,2008,7,18,5,14078
3.2300000190734863,3.359999895095825,3.359999895095825,3.2799999713897705,356200,2008,7,21,1,14081
3.180000066757202,3.359999895095825,3.25,3.359999895095825,314000,2008,7,22,2,14082
3.3399999141693115,3.490000009536743,3.3399999141693115,3.490000009536743,203300,2008,7,23,3,14083
3.130000114440918,3.569999933242798,3.430000066757202,3.1700000762939453,413400,2008,7,24,4,14084
3.0999999046325684,3.3399999141693115,3.2100000381469727,3.3299999237060547,203200,2008,7,25,5,14085
3.2200000286102295,3.359999895095825,3.359999895095825,3.2899999618530273,166700,2008,7,28,1,14088
3.2200000286102295,3.309999942779541,3.309999942779541,3.2699999809265137,181000,2008,7,29,2,14089
3.200000047683716,3.359999895095825,3.2799999713897705,3.2699999809265137,378000,2008,7,30,3,14090
2.9700000286102295,3.4000000953674316,3.0999999046325684,3.3399999141693115,658300,2008,7,31,4,14091
3.2100000381469727,3.4800000190734863,3.2200000286102295,3.4100000858306885,310000,2008,8,1,5,14092
3.259999990463257,3.430000066757202,3.3299999237060547,3.309999942779541,87800,2008,8,4,1,14095
3.1500000953674316,3.4000000953674316,3.3299999237060547,3.190000057220459,292200,2008,8,5,2,14096
2.9000000953674316,3.0999999046325684,3.0999999046325684,3.0899999141693115,400600,2008,8,6,3,14097
2.940000057220459,3.059999942779541,3.0399999618530273,2.9600000381469727,280700,2008,8,7,4,14098
2.869999885559082,2.9200000762939453,2.9100000858306885,2.890000104904175,330400,2008,8,8,5,14099
2.759999990463257,2.950000047683716,2.9200000762939453,2.8499999046325684,407300,2008,8,11,1,14102
2.7699999809265137,2.859999895095825,2.8299999237060547,2.809999942779541,241000,2008,8,12,2,14103
2.740000009536743,2.8499999046325684,2.740000009536743,2.7899999618530273,141700,2008,8,13,3,14104
2.75,2.8399999141693115,2.819999933242798,2.7699999809265137,418400,2008,8,14,4,14105
2.7300000190734863,2.9200000762939453,2.75,2.880000114440918,603000,2008,8,15,5,14106
2.700000047683716,2.9200000762939453,2.8299999237060547,2.7100000381469727,463300,2008,8,18,1,14109
2.5199999809265137,2.690000057220459,2.690000057220459,2.559999942779541,758200,2008,8,19,2,14110
2.5199999809265137,2.640000104904175,2.5899999141693115,2.559999942779541,379600,2008,8,20,3,14111
2.5,2.5899999141693115,2.5,2.549999952316284,143900,2008,8,21,4,14112
2.5299999713897705,2.619999885559082,2.569999933242798,2.5799999237060547,354900,2008,8,22,5,14113
2.4100000858306885,2.569999933242798,2.5299999713897705,2.4700000286102295,244100,2008,8,25,1,14116
1.9700000286102295,2.259999990463257,2.2200000286102295,2.059999942779541,1481500,2008,8,26,2,14117
1.7200000286102295,2.0899999141693115,2.059999942779541,1.7300000190734863,1232100,2008,8,27,3,14118
1.7400000095367432,1.9199999570846558,1.840000033378601,1.8700000047683716,990200,2008,8,28,4,14119
1.8899999856948853,1.9700000286102295,1.940000057220459,1.899999976158142,364900,2008,8,29,5,14120
1.909999966621399,2.0199999809265137,1.9800000190734863,1.9500000476837158,245900,2008,9,2,2,14124
1.9500000476837158,2.0,2.0,1.9800000190734863,140200,2008,9,3,3,14125
1.75,2.0199999809265137,2.0199999809265137,1.75,503600,2008,9,4,4,14126
1.7100000381469727,1.8600000143051147,1.7899999618530273,1.7999999523162842,570000,2008,9,5,5,14127
1.7300000190734863,1.899999976158142,1.8899999856948853,1.7699999809265137,209600,2008,9,8,1,14130
1.6399999856948853,1.7999999523162842,1.7999999523162842,1.649999976158142,217000,2008,9,9,2,14131
1.590000033378601,1.659999966621399,1.659999966621399,1.600000023841858,232100,2008,9,10,3,14132
1.440000057220459,1.6100000143051147,1.6100000143051147,1.5399999618530273,280700,2008,9,11,4,14133
1.5299999713897705,1.7000000476837158,1.5700000524520874,1.649999976158142,410400,2008,9,12,5,14134
1.440000057220459,1.6699999570846558,1.6699999570846558,1.4800000190734863,277800,2008,9,15,1,14137
1.3200000524520874,1.5,1.5,1.3200000524520874,551900,2008,9,16,2,14138
1.0099999904632568,1.3700000047683716,1.340000033378601,1.100000023841858,575100,2008,9,17,3,14139
1.0,1.3899999856948853,1.3899999856948853,1.100000023841858,920200,2008,9,18,4,14140
1.1100000143051147,1.350000023841858,1.1100000143051147,1.2400000095367432,560600,2008,9,19,5,14141
1.2200000286102295,1.3700000047683716,1.340000033378601,1.2200000286102295,498500,2008,9,22,1,14144
1.1699999570846558,1.2699999809265137,1.2000000476837158,1.2000000476837158,367100,2008,9,23,2,14145
1.2000000476837158,1.2999999523162842,1.2799999713897705,1.2899999618530273,257900,2008,9,24,3,14146
1.2599999904632568,1.350000023841858,1.2599999904632568,1.3200000524520874,231200,2008,9,25,4,14147
1.149999976158142,1.340000033378601,1.340000033378601,1.1699999570846558,246700,2008,9,26,5,14148
1.059999942779541,1.2200000286102295,1.190000057220459,1.059999942779541,204400,2008,9,29,1,14151
1.059999942779541,1.25,1.25,1.0800000429153442,169200,2008,9,30,2,14152
1.0700000524520874,1.190000057220459,1.100000023841858,1.190000057220459,158800,2008,10,1,3,14153
1.0800000429153442,1.2200000286102295,1.2100000381469727,1.0800000429153442,129700,2008,10,2,4,14154
1.1200000047683716,1.190000057220459,1.190000057220459,1.149999976158142,102800,2008,10,3,5,14155
1.0499999523162842,1.159999966621399,1.159999966621399,1.0800000429153442,217600,2008,10,6,1,14158
1.0499999523162842,1.100000023841858,1.100000023841858,1.059999942779541,225200,2008,10,7,2,14159
0.8899999856948853,1.0499999523162842,1.0499999523162842,0.9200000166893005,190300,2008,10,8,3,14160
0.8500000238418579,1.1699999570846558,1.1699999570846558,0.8600000143051147,108500,2008,10,9,4,14161
0.6200000047683716,0.9800000190734863,0.7599999904632568,0.6600000262260437,237700,2008,10,10,5,14162
0.75,1.2400000095367432,1.2400000095367432,0.949999988079071,210200,2008,10,13,1,14165
0.9599999785423279,1.2000000476837158,1.2000000476837158,0.9900000095367432,240100,2008,10,14,2,14166
0.9599999785423279,1.059999942779541,0.9900000095367432,1.0,79600,2008,10,15,3,14167
0.800000011920929,1.1799999475479126,1.1799999475479126,0.9599999785423279,59600,2008,10,16,4,14168
0.7599999904632568,1.090000033378601,1.090000033378601,0.7599999904632568,200200,2008,10,17,5,14169
0.8700000047683716,0.9900000095367432,0.9599999785423279,0.9200000166893005,346100,2008,10,20,1,14172
0.8100000023841858,1.0,0.8899999856948853,0.8100000023841858,116100,2008,10,21,2,14173
0.75,0.949999988079071,0.949999988079071,0.7900000214576721,88000,2008,10,22,3,14174
0.7400000095367432,0.9200000166893005,0.9200000166893005,0.75,82600,2008,10,23,4,14175
0.6700000166893005,0.8600000143051147,0.75,0.7200000286102295,289800,2008,10,24,5,14176
0.7200000286102295,0.9900000095367432,0.9900000095367432,0.7200000286102295,173700,2008,10,27,1,14179
0.7200000286102295,0.8899999856948853,0.8899999856948853,0.7599999904632568,141600,2008,10,28,2,14180
0.7599999904632568,0.8799999952316284,0.8799999952316284,0.7699999809265137,84800,2008,10,29,3,14181
0.7699999809265137,0.8500000238418579,0.8500000238418579,0.8299999833106995,165000,2008,10,30,4,14182
0.8299999833106995,0.9599999785423279,0.8999999761581421,0.9599999785423279,266000,2008,10,31,5,14183
0.9200000166893005,1.090000033378601,1.090000033378601,1.0700000524520874,165700,2008,11,3,1,14186
1.1200000047683716,1.5499999523162842,1.2000000476837158,1.2799999713897705,703400,2008,11,4,2,14187
1.2799999713897705,1.5399999618530273,1.440000057220459,1.2999999523162842,774500,2008,11,5,3,14188
0.8899999856948853,1.440000057220459,1.440000057220459,1.2100000381469727,493300,2008,11,6,4,14189
1.1799999475479126,1.440000057220459,1.440000057220459,1.2599999904632568,399900,2008,11,7,5,14190
1.2400000095367432,1.2999999523162842,1.2999999523162842,1.2599999904632568,216900,2008,11,10,1,14193
1.2200000286102295,1.2799999713897705,1.2599999904632568,1.25,105900,2008,11,11,2,14194
1.0399999618530273,1.25,1.190000057220459,1.0800000429153442,134500,2008,11,12,3,14195
0.8999999761581421,1.0800000429153442,1.0499999523162842,0.9700000286102295,137700,2008,11,13,4,14196
0.9800000190734863,1.2999999523162842,1.2999999523162842,1.159999966621399,108700,2008,11,14,5,14197
1.149999976158142,1.2000000476837158,1.190000057220459,1.149999976158142,50700,2008,11,17,1,14200
0.949999988079071,1.159999966621399,1.1100000143051147,0.9700000286102295,184800,2008,11,18,2,14201
0.9200000166893005,1.059999942779541,0.9700000286102295,0.9200000166893005,110000,2008,11,19,3,14202
0.8500000238418579,0.9900000095367432,0.949999988079071,0.8899999856948853,88300,2008,11,20,4,14203
0.800000011920929,0.949999988079071,0.949999988079071,0.8700000047683716,123100,2008,11,21,5,14204
0.800000011920929,1.059999942779541,0.800000011920929,0.8999999761581421,117800,2008,11,24,1,14207
0.6299999952316284,1.0,1.0,0.6700000166893005,264800,2008,11,25,2,14208
0.7300000190734863,0.9399999976158142,0.9399999976158142,0.800000011920929,90100,2008,11,26,3,14209
0.8100000023841858,0.8600000143051147,0.8199999928474426,0.8500000238418579,12300,2008,11,28,5,14211
0.800000011920929,0.9700000286102295,0.9700000286102295,0.800000011920929,123400,2008,12,1,1,14214
0.7599999904632568,0.8500000238418579,0.8399999737739563,0.7699999809265137,137300,2008,12,2,2,14215
0.7599999904632568,0.8199999928474426,0.800000011920929,0.7900000214576721,71600,2008,12,3,3,14216
0.699999988079071,0.800000011920929,0.800000011920929,0.699999988079071,110000,2008,12,4,4,14217
0.6800000071525574,0.7699999809265137,0.7300000190734863,0.7099999785423279,151800,2008,12,5,5,14218
0.6700000166893005,0.75,0.699999988079071,0.6800000071525574,167400,2008,12,8,1,14221
0.5899999737739563,0.7099999785423279,0.6700000166893005,0.6800000071525574,425800,2008,12,9,2,14222
0.6299999952316284,0.7300000190734863,0.6299999952316284,0.6600000262260437,181700,2008,12,10,3,14223
0.6700000166893005,0.7799999713897705,0.6800000071525574,0.75,239900,2008,12,11,4,14224
0.75,0.8299999833106995,0.7699999809265137,0.8199999928474426,252000,2008,12,12,5,14225
0.6800000071525574,0.8500000238418579,0.8100000023841858,0.7300000190734863,301900,2008,12,15,1,14228
0.7200000286102295,0.7900000214576721,0.7599999904632568,0.75,243700,2008,12,16,2,14229
0.7099999785423279,0.7900000214576721,0.7099999785423279,0.7699999809265137,128600,2008,12,17,3,14230
0.7400000095367432,0.7900000214576721,0.75,0.7699999809265137,366000,2008,12,18,4,14231
0.7300000190734863,0.800000011920929,0.7400000095367432,0.75,263100,2008,12,19,5,14232
0.7099999785423279,0.8500000238418579,0.7099999785423279,0.8500000238418579,252900,2008,12,22,1,14235
0.8199999928474426,0.9700000286102295,0.8399999737739563,0.9700000286102295,230800,2008,12,23,2,14236
0.9599999785423279,1.1399999856948853,0.9599999785423279,1.059999942779541,172200,2008,12,24,3,14237
0.8100000023841858,1.2000000476837158,1.1399999856948853,1.2000000476837158,270600,2008,12,26,5,14239
1.0299999713897705,1.25,1.100000023841858,1.159999966621399,494400,2008,12,29,1,14242
1.159999966621399,1.25,1.1699999570846558,1.2300000190734863,583700,2008,12,30,2,14243
1.1799999475479126,1.2799999713897705,1.2699999809265137,1.2799999713897705,263700,2008,12,31,3,14244
1.2899999618530273,1.4199999570846558,1.4199999570846558,1.340000033378601,241800,2009,1,2,5,14246
1.2999999523162842,1.5099999904632568,1.340000033378601,1.4500000476837158,512000,2009,1,5,1,14249
1.3600000143051147,1.590000033378601,1.4500000476837158,1.3600000143051147,479600,2009,1,6,2,14250
1.2699999809265137,1.5,1.4500000476837158,1.2999999523162842,515700,2009,1,7,3,14251
1.2000000476837158,1.3799999952316284,1.25,1.3700000047683716,713400,2009,1,8,4,14252
1.3300000429153442,1.4700000286102295,1.3700000047683716,1.440000057220459,273500,2009,1,9,5,14253
1.2999999523162842,1.4600000381469727,1.399999976158142,1.2999999523162842,206000,2009,1,12,1,14256
1.25,1.3300000429153442,1.25,1.2899999618530273,38900,2009,1,13,2,14257
1.2300000190734863,1.3200000524520874,1.2300000190734863,1.2899999618530273,341200,2009,1,14,3,14258
1.25,1.3200000524520874,1.2999999523162842,1.2899999618530273,325800,2009,1,15,4,14259
1.2200000286102295,1.3700000047683716,1.3600000143051147,1.2400000095367432,105400,2009,1,16,5,14260
1.1799999475479126,1.2999999523162842,1.1799999475479126,1.2699999809265137,264900,2009,1,20,2,14264
1.25,1.350000023841858,1.2599999904632568,1.340000033378601,392600,2009,1,21,3,14265
1.309999942779541,1.350000023841858,1.3200000524520874,1.350000023841858,143300,2009,1,22,4,14266
1.2799999713897705,1.3600000143051147,1.3300000429153442,1.309999942779541,217900,2009,1,23,5,14267
1.2899999618530273,1.3600000143051147,1.3200000524520874,1.2899999618530273,124100,2009,1,26,1,14270
0.8799999952316284,1.25,1.25,0.9200000166893005,1117000,2009,1,27,2,14271
0.7599999904632568,0.8999999761581421,0.8600000143051147,0.7599999904632568,790800,2009,1,28,3,14272
0.7400000095367432,0.8100000023841858,0.75,0.800000011920929,421700,2009,1,29,4,14273
0.7300000190734863,0.8100000023841858,0.8100000023841858,0.7400000095367432,265700,2009,1,30,5,14274
0.7099999785423279,0.7400000095367432,0.7300000190734863,0.7300000190734863,178100,2009,2,2,1,14277
0.6800000071525574,0.7300000190734863,0.7200000286102295,0.7099999785423279,199200,2009,2,3,2,14278
0.699999988079071,0.800000011920929,0.7200000286102295,0.7699999809265137,158400,2009,2,4,3,14279
0.7599999904632568,0.8100000023841858,0.7699999809265137,0.7699999809265137,192700,2009,2,5,4,14280
0.7699999809265137,0.800000011920929,0.7900000214576721,0.800000011920929,67400,2009,2,6,5,14281
0.7699999809265137,0.8299999833106995,0.8199999928474426,0.7900000214576721,83100,2009,2,9,1,14284
0.7400000095367432,0.7799999713897705,0.75,0.7599999904632568,54300,2009,2,10,2,14285
0.7599999904632568,0.7900000214576721,0.7699999809265137,0.7599999904632568,37600,2009,2,11,3,14286
0.7599999904632568,0.8399999737739563,0.7599999904632568,0.8199999928474426,61100,2009,2,12,4,14287
0.8299999833106995,1.0499999523162842,0.8399999737739563,1.0499999523162842,409500,2009,2,13,5,14288
0.8399999737739563,1.0,0.949999988079071,0.8600000143051147,122100,2009,2,17,2,14292
0.7699999809265137,0.8700000047683716,0.8600000143051147,0.7699999809265137,135500,2009,2,18,3,14293
0.7799999713897705,0.8199999928474426,0.800000011920929,0.7799999713897705,40900,2009,2,19,4,14294
0.7799999713897705,0.800000011920929,0.7900000214576721,0.7900000214576721,30900,2009,2,20,5,14295
0.7699999809265137,0.8100000023841858,0.7900000214576721,0.7699999809265137,73100,2009,2,23,1,14298
0.8100000023841858,0.8799999952316284,0.8799999952316284,0.8299999833106995,64400,2009,2,24,2,14299
0.7699999809265137,0.8999999761581421,0.7699999809265137,0.8899999856948853,126100,2009,2,25,3,14300
0.8100000023841858,0.9399999976158142,0.8199999928474426,0.8199999928474426,101800,2009,2,26,4,14301
0.7799999713897705,0.8299999833106995,0.8199999928474426,0.7799999713897705,237800,2009,2,27,5,14302
0.7599999904632568,0.8100000023841858,0.7900000214576721,0.7599999904632568,52000,2009,3,2,1,14305
0.75,0.800000011920929,0.75,0.7599999904632568,130100,2009,3,3,2,14306
0.7599999904632568,0.800000011920929,0.7900000214576721,0.7900000214576721,159900,2009,3,4,3,14307
0.75,0.800000011920929,0.7799999713897705,0.7699999809265137,101200,2009,3,5,4,14308
0.6600000262260437,0.7900000214576721,0.7900000214576721,0.6700000166893005,375500,2009,3,6,5,14309
0.6700000166893005,0.7300000190734863,0.6700000166893005,0.7300000190734863,221100,2009,3,9,1,14312
0.6499999761581421,0.8399999737739563,0.8399999737739563,0.6600000262260437,387500,2009,3,10,2,14313
0.6600000262260437,0.7099999785423279,0.6700000166893005,0.6800000071525574,155100,2009,3,11,3,14314
0.6899999976158142,0.7400000095367432,0.699999988079071,0.7200000286102295,234000,2009,3,12,4,14315
0.7300000190734863,0.8199999928474426,0.8199999928474426,0.7599999904632568,251600,2009,3,13,5,14316
0.7599999904632568,0.8399999737739563,0.800000011920929,0.800000011920929,457600,2009,3,16,1,14319
0.699999988079071,0.7799999713897705,0.75,0.7400000095367432,446500,2009,3,17,2,14320
0.7400000095367432,0.800000011920929,0.75,0.7599999904632568,1092100,2009,3,18,3,14321
0.7599999904632568,0.8700000047683716,0.8399999737739563,0.8299999833106995,887200,2009,3,19,4,14322
0.8299999833106995,0.8899999856948853,0.8399999737739563,0.8500000238418579,713800,2009,3,20,5,14323
0.8799999952316284,0.9399999976158142,0.8899999856948853,0.8799999952316284,226000,2009,3,23,1,14326
0.8999999761581421,0.9399999976158142,0.9200000166893005,0.9399999976158142,186100,2009,3,24,2,14327
0.8799999952316284,0.9399999976158142,0.9399999976158142,0.8899999856948853,381900,2009,3,25,3,14328
0.8399999737739563,0.9300000071525574,0.8799999952316284,0.8399999737739563,1357300,2009,3,26,4,14329
0.8399999737739563,0.9399999976158142,0.8899999856948853,0.9100000262260437,784300,2009,3,27,5,14330
0.8999999761581421,0.9399999976158142,0.9100000262260437,0.9300000071525574,140600,2009,3,30,1,14333
0.9300000071525574,1.0700000524520874,0.9300000071525574,0.9900000095367432,322100,2009,3,31,2,14334
0.9700000286102295,1.0700000524520874,1.0700000524520874,0.9700000286102295,315500,2009,4,1,3,14335
0.9700000286102295,1.0499999523162842,0.9800000190734863,1.0499999523162842,795300,2009,4,2,4,14336
0.9900000095367432,1.0399999618530273,1.0399999618530273,0.9900000095367432,216500,2009,4,3,5,14337
0.9800000190734863,1.0499999523162842,1.0,0.9900000095367432,516300,2009,4,6,1,14340
0.9300000071525574,1.0,0.9900000095367432,0.9300000071525574,223500,2009,4,7,2,14341
0.8799999952316284,0.949999988079071,0.949999988079071,0.8799999952316284,461000,2009,4,8,3,14342
0.8700000047683716,1.0,0.9300000071525574,0.9200000166893005,1706300,2009,4,9,4,14343
0.8799999952316284,1.0399999618530273,0.8799999952316284,1.0299999713897705,537400,2009,4,13,1,14347
1.0199999809265137,1.100000023841858,1.0299999713897705,1.100000023841858,260200,2009,4,14,2,14348
1.0700000524520874,1.25,1.0800000429153442,1.2300000190734863,467500,2009,4,15,3,14349
1.2000000476837158,1.4900000095367432,1.2599999904632568,1.4199999570846558,588800,2009,4,16,4,14350
1.2999999523162842,1.6299999952316284,1.409999966621399,1.559999942779541,765300,2009,4,17,5,14351
1.559999942779541,1.7999999523162842,1.590000033378601,1.7200000286102295,761500,2009,4,20,1,14354
1.5700000524520874,1.8200000524520874,1.7000000476837158,1.7000000476837158,624000,2009,4,21,2,14355
1.690000057220459,1.75,1.75,1.7300000190734863,403600,2009,4,22,3,14356
1.7300000190734863,1.8700000047683716,1.7400000095367432,1.8600000143051147,361000,2009,4,23,4,14357
1.7699999809265137,2.0199999809265137,1.8899999856948853,1.9600000381469727,2044100,2009,4,24,5,14358
1.9800000190734863,2.200000047683716,2.0399999618530273,2.119999885559082,892200,2009,4,27,1,14361
1.9900000095367432,2.200000047683716,2.119999885559082,2.069999933242798,406100,2009,4,28,2,14362
1.7799999713897705,2.069999933242798,2.069999933242798,1.9800000190734863,1291800,2009,4,29,3,14363
1.9600000381469727,2.0299999713897705,1.9800000190734863,2.0199999809265137,492100,2009,4,30,4,14364
2.6500000953674316,4.340000152587891,2.7699999809265137,3.4100000858306885,10958900,2009,5,1,5,14365
3.75,4.5,3.8499999046325684,4.269999980926514,7713000,2009,5,4,1,14368
3.8499999046325684,4.28000020980835,4.139999866485596,4.150000095367432,2268900,2009,5,5,2,14369
3.940000057220459,4.260000228881836,4.260000228881836,4.010000228881836,1578200,2009,5,6,3,14370
3.6700000762939453,4.150000095367432,3.950000047683716,4.0,1455900,2009,5,7,4,14371
3.9800000190734863,4.260000228881836,4.119999885559082,4.070000171661377,1768000,2009,5,8,5,14372
4.010000228881836,4.840000152587891,4.010000228881836,4.510000228881836,3878800,2009,5,11,1,14375
4.349999904632568,4.78000020980835,4.46999979019165,4.690000057220459,2593400,2009,5,12,2,14376
4.190000057220459,4.730000019073486,4.610000133514404,4.300000190734863,1640400,2009,5,13,3,14377
4.150000095367432,4.519999980926514,4.150000095367432,4.46999979019165,1701700,2009,5,14,4,14378
4.429999828338623,4.71999979019165,4.429999828338623,4.449999809265137,882800,2009,5,15,5,14379
4.599999904632568,4.940000057220459,4.639999866485596,4.820000171661377,1023800,2009,5,18,1,14382
4.760000228881836,5.03000020980835,4.789999961853027,4.940000057220459,1834900,2009,5,19,2,14383
4.940000057220459,5.199999809265137,4.940000057220459,5.110000133514404,1316300,2009,5,20,3,14384
5.0,5.369999885559082,5.130000114440918,5.349999904632568,1837000,2009,5,21,4,14385
5.199999809265137,5.489999771118164,5.349999904632568,5.289999961853027,925200,2009,5,22,5,14386
5.289999961853027,5.650000095367432,5.289999961853027,5.449999809265137,1696200,2009,5,26,2,14390
5.429999828338623,5.789999961853027,5.5,5.53000020980835,904500,2009,5,27,3,14391
5.289999961853027,5.670000076293945,5.630000114440918,5.599999904632568,1104000,2009,5,28,4,14392
5.599999904632568,5.949999809265137,5.619999885559082,5.880000114440918,1256700,2009,5,29,5,14393
5.940000057220459,6.46999979019165,5.949999809265137,6.46999979019165,1532100,2009,6,1,1,14396
6.289999961853027,6.800000190734863,6.559999942779541,6.5,1764900,2009,6,2,2,14397
5.510000228881836,6.460000038146973,6.400000095367432,5.949999809265137,1713100,2009,6,3,3,14398
5.400000095367432,6.400000095367432,5.900000095367432,6.130000114440918,1725600,2009,6,4,4,14399
5.869999885559082,6.269999980926514,6.239999771118164,6.070000171661377,645100,2009,6,5,5,14400
5.699999809265137,6.099999904632568,5.880000114440918,6.050000190734863,572300,2009,6,8,1,14403
5.809999942779541,6.090000152587891,6.090000152587891,5.829999923706055,446200,2009,6,9,2,14404
5.71999979019165,5.989999771118164,5.880000114440918,5.889999866485596,478500,2009,6,10,3,14405
5.710000038146973,5.889999866485596,5.889999866485596,5.739999771118164,399300,2009,6,11,4,14406
5.179999828338623,5.670000076293945,5.670000076293945,5.440000057220459,1243800,2009,6,12,5,14407
4.909999847412109,5.409999847412109,5.400000095367432,5.239999771118164,2139800,2009,6,15,1,14410
4.980000019073486,5.539999961853027,5.139999866485596,5.159999847412109,1427600,2009,6,16,2,14411
4.949999809265137,5.110000133514404,5.070000171661377,5.039999961853027,1170500,2009,6,17,3,14412
5.0,5.309999942779541,5.0,5.25,427400,2009,6,18,4,14413
5.110000133514404,5.340000152587891,5.21999979019165,5.139999866485596,358600,2009,6,19,5,14414
4.75,5.059999942779541,5.039999961853027,4.769999980926514,1275700,2009,6,22,1,14417
4.53000020980835,4.789999961853027,4.75,4.739999771118164,523100,2009,6,23,2,14418
4.670000076293945,4.860000133514404,4.690000057220459,4.730000019073486,390300,2009,6,24,3,14419
4.650000095367432,4.920000076293945,4.670000076293945,4.909999847412109,592900,2009,6,25,4,14420
4.809999942779541,5.400000095367432,4.940000057220459,5.309999942779541,741300,2009,6,26,5,14421
5.269999980926514,5.570000171661377,5.360000133514404,5.460000038146973,931300,2009,6,29,1,14424
5.409999847412109,5.699999809265137,5.409999847412109,5.639999866485596,537800,2009,6,30,2,14425
5.619999885559082,5.860000133514404,5.690000057220459,5.760000228881836,495000,2009,7,1,3,14426
5.579999923706055,5.75,5.679999828338623,5.75,437400,2009,7,2,4,14427
5.329999923706055,5.75,5.710000038146973,5.650000095367432,656500,2009,7,6,1,14431
5.639999866485596,5.840000152587891,5.650000095367432,5.78000020980835,571000,2009,7,7,2,14432
5.440000057220459,5.869999885559082,5.75,5.519999980926514,830500,2009,7,8,3,14433
5.449999809265137,5.690000057220459,5.619999885559082,5.630000114440918,223600,2009,7,9,4,14434
5.519999980926514,5.809999942779541,5.539999961853027,5.599999904632568,442700,2009,7,10,5,14435
5.550000190734863,5.949999809265137,5.679999828338623,5.920000076293945,543400,2009,7,13,1,14438
5.880000114440918,6.28000020980835,5.949999809265137,6.190000057220459,861800,2009,7,14,2,14439
6.230000019073486,6.579999923706055,6.230000019073486,6.489999771118164,1114800,2009,7,15,3,14440
6.480000019073486,6.71999979019165,6.519999980926514,6.699999809265137,496300,2009,7,16,4,14441
6.670000076293945,7.360000133514404,6.670000076293945,7.010000228881836,1603000,2009,7,17,5,14442
7.059999942779541,7.260000228881836,7.159999847412109,7.199999809265137,920600,2009,7,20,1,14445
6.75,7.260000228881836,7.179999828338623,6.989999771118164,617600,2009,7,21,2,14446
6.860000133514404,7.21999979019165,7.0,7.130000114440918,414400,2009,7,22,3,14447
7.0,7.21999979019165,7.110000133514404,7.099999904632568,637900,2009,7,23,4,14448
7.050000190734863,7.940000057220459,7.110000133514404,7.730000019073486,1893400,2009,7,24,5,14449
5.5,8.260000228881836,8.199999809265137,5.650000095367432,9271600,2009,7,27,1,14452
5.659999847412109,6.090000152587891,5.920000076293945,5.769999980926514,3149000,2009,7,28,2,14453
5.449999809265137,5.820000171661377,5.800000190734863,5.519999980926514,1869000,2009,7,29,3,14454
5.190000057220459,5.769999980926514,5.550000190734863,5.400000095367432,2838800,2009,7,30,4,14455
5.380000114440918,5.599999904632568,5.380000114440918,5.539999961853027,947100,2009,7,31,5,14456
5.5,5.730000019073486,5.690000057220459,5.599999904632568,749100,2009,8,3,1,14459
5.570000171661377,5.690000057220459,5.639999866485596,5.599999904632568,858200,2009,8,4,2,14460
5.409999847412109,6.099999904632568,5.409999847412109,6.070000171661377,3464600,2009,8,5,3,14461
5.75,6.269999980926514,6.210000038146973,5.889999866485596,1318100,2009,8,6,4,14462
5.880000114440918,6.199999809265137,5.889999866485596,6.179999828338623,1426900,2009,8,7,5,14463
6.110000133514404,6.420000076293945,6.239999771118164,6.260000228881836,1130300,2009,8,10,1,14466
5.849999904632568,6.239999771118164,6.150000095367432,6.070000171661377,973800,2009,8,11,2,14467
5.989999771118164,6.28000020980835,5.989999771118164,6.119999885559082,1077600,2009,8,12,3,14468
6.099999904632568,6.329999923706055,6.230000019073486,6.329999923706055,971600,2009,8,13,4,14469
6.190000057220459,6.349999904632568,6.329999923706055,6.239999771118164,595900,2009,8,14,5,14470
5.730000019073486,6.050000190734863,6.019999980926514,5.869999885559082,771600,2009,8,17,1,14473
5.849999904632568,6.099999904632568,5.849999904632568,6.010000228881836,734400,2009,8,18,2,14474
5.900000095367432,6.130000114440918,5.909999847412109,6.050000190734863,475200,2009,8,19,3,14475
5.96999979019165,6.110000133514404,6.110000133514404,6.03000020980835,459300,2009,8,20,4,14476
6.0,6.25,6.079999923706055,6.050000190734863,1664600,2009,8,21,5,14477
5.960000038146973,6.199999809265137,6.119999885559082,6.039999961853027,709900,2009,8,24,1,14480
5.980000019073486,6.170000076293945,6.03000020980835,6.090000152587891,655500,2009,8,25,2,14481
5.980000019073486,6.239999771118164,6.079999923706055,6.190000057220459,436500,2009,8,26,3,14482
6.050000190734863,6.349999904632568,6.179999828338623,6.340000152587891,723100,2009,8,27,4,14483
6.340000152587891,6.679999828338623,6.409999847412109,6.610000133514404,1512500,2009,8,28,5,14484
6.300000190734863,6.610000133514404,6.610000133514404,6.369999885559082,612800,2009,8,31,1,14487
5.900000095367432,6.400000095367432,6.269999980926514,6.070000171661377,1280400,2009,9,1,2,14488
5.900000095367432,6.550000190734863,5.949999809265137,6.369999885559082,1241300,2009,9,2,3,14489
6.400000095367432,6.75,6.46999979019165,6.71999979019165,1288600,2009,9,3,4,14490
6.610000133514404,7.0,6.71999979019165,6.960000038146973,1010300,2009,9,4,5,14491
6.739999771118164,7.090000152587891,7.090000152587891,6.909999847412109,559800,2009,9,8,2,14495
7.090000152587891,7.670000076293945,7.099999904632568,7.519999980926514,2048200,2009,9,9,3,14496
7.340000152587891,7.71999979019165,7.650000095367432,7.610000133514404,1715700,2009,9,10,4,14497
7.519999980926514,7.760000228881836,7.659999847412109,7.599999904632568,903900,2009,9,11,5,14498
7.429999828338623,7.639999866485596,7.510000228881836,7.599999904632568,566800,2009,9,14,1,14501
7.639999866485596,8.0,7.650000095367432,7.699999809265137,1509100,2009,9,15,2,14502
7.699999809265137,8.079999923706055,7.809999942779541,8.0600004196167,933100,2009,9,16,3,14503
7.650000095367432,8.09000015258789,8.09000015258789,7.940000057220459,807400,2009,9,17,4,14504
7.710000038146973,7.989999771118164,7.96999979019165,7.860000133514404,572400,2009,9,18,5,14505
7.739999771118164,7.889999866485596,7.869999885559082,7.869999885559082,540700,2009,9,21,1,14508
7.900000095367432,8.1899995803833,7.900000095367432,8.09000015258789,1087500,2009,9,22,2,14509
7.860000133514404,8.149999618530273,8.100000381469727,7.860000133514404,639200,2009,9,23,3,14510
7.269999980926514,7.940000057220459,7.889999866485596,7.340000152587891,1125100,2009,9,24,4,14511
7.079999923706055,7.579999923706055,7.340000152587891,7.559999942779541,727800,2009,9,25,5,14512
7.429999828338623,7.929999828338623,7.539999961853027,7.610000133514404,745300,2009,9,28,1,14515
7.539999961853027,7.699999809265137,7.610000133514404,7.579999923706055,488900,2009,9,29,2,14516
7.21999979019165,7.760000228881836,7.690000057220459,7.349999904632568,1121900,2009,9,30,3,14517
6.980000019073486,7.539999961853027,7.409999847412109,7.039999961853027,1032700,2009,10,1,4,14518
6.670000076293945,7.449999809265137,6.960000038146973,7.28000020980835,888400,2009,10,2,5,14519
7.28000020980835,7.579999923706055,7.400000095367432,7.539999961853027,609300,2009,10,5,1,14522
7.650000095367432,7.900000095367432,7.650000095367432,7.900000095367432,634500,2009,10,6,2,14523
7.800000190734863,7.989999771118164,7.949999809265137,7.960000038146973,522700,2009,10,7,3,14524
7.739999771118164,8.050000190734863,8.0,7.78000020980835,605300,2009,10,8,4,14525
7.789999961853027,8.0,7.789999961853027,7.960000038146973,470300,2009,10,9,5,14526
7.679999828338623,8.029999732971191,8.029999732971191,7.699999809265137,244800,2009,10,12,1,14529
7.739999771118164,8.220000267028809,7.929999828338623,8.210000038146973,1520900,2009,10,13,2,14530
8.300000190734863,8.739999771118164,8.380000114440918,8.489999771118164,1422200,2009,10,14,3,14531
8.069999694824219,8.479999542236328,8.460000038146973,8.420000076293945,987400,2009,10,15,4,14532
8.260000228881836,8.4399995803833,8.279999732971191,8.390000343322754,606900,2009,10,16,5,14533
8.3100004196167,8.569999694824219,8.430000305175781,8.5600004196167,762000,2009,10,19,1,14536
8.270000457763672,8.550000190734863,8.550000190734863,8.279999732971191,574300,2009,10,20,2,14537
7.989999771118164,8.380000114440918,8.260000228881836,8.020000457763672,767000,2009,10,21,3,14538
7.75,8.149999618530273,7.960000038146973,8.020000457763672,995100,2009,10,22,4,14539
7.96999979019165,8.119999885559082,7.989999771118164,8.079999923706055,733900,2009,10,23,5,14540
8.069999694824219,8.479999542236328,8.079999923706055,8.449999809265137,1137000,2009,10,26,1,14543
7.980000019073486,8.4399995803833,8.4399995803833,8.149999618530273,1404700,2009,10,27,2,14544
7.519999980926514,8.210000038146973,8.130000114440918,7.860000133514404,1639900,2009,10,28,3,14545
7.760000228881836,8.390000343322754,7.760000228881836,8.359999656677246,1879900,2009,10,29,4,14546
7.739999771118164,8.350000381469727,8.319999694824219,7.900000095367432,1287800,2009,10,30,5,14547
7.929999828338623,8.520000457763672,8.050000190734863,8.479999542236328,2086500,2009,11,2,1,14550
8.239999771118164,8.949999809265137,8.289999961853027,8.920000076293945,1347900,2009,11,3,2,14551
8.630000114440918,9.34000015258789,8.859999656677246,9.149999618530273,2121300,2009,11,4,3,14552
9.050000190734863,9.380000114440918,9.25,9.329999923706055,1007300,2009,11,5,4,14553
8.960000038146973,9.369999885559082,9.270000457763672,9.0,884300,2009,11,6,5,14554
9.029999732971191,9.270000457763672,9.130000114440918,9.069999694824219,915300,2009,11,9,1,14557
9.029999732971191,9.25,9.029999732971191,9.229999542236328,819700,2009,11,10,2,14558
9.09000015258789,9.390000343322754,9.260000228881836,9.109999656677246,710800,2009,11,11,3,14559
8.84000015258789,9.149999618530273,9.149999618530273,8.949999809265137,631800,2009,11,12,4,14560
8.880000114440918,9.069999694824219,8.970000267028809,9.039999961853027,944300,2009,11,13,5,14561
8.989999771118164,9.180000305175781,9.069999694824219,9.050000190734863,679000,2009,11,16,1,14564
8.920000076293945,9.109999656677246,8.960000038146973,8.989999771118164,1245800,2009,11,17,2,14565
8.539999961853027,9.039999961853027,9.010000228881836,8.680000305175781,881400,2009,11,18,3,14566
8.149999618530273,8.609999656677246,8.569999694824219,8.329999923706055,1187700,2009,11,19,4,14567
8.25,8.5600004196167,8.279999732971191,8.380000114440918,868900,2009,11,20,5,14568
8.25,8.619999885559082,8.4399995803833,8.260000228881836,512600,2009,11,23,1,14571
8.050000190734863,8.390000343322754,8.380000114440918,8.34000015258789,528000,2009,11,24,2,14572
8.350000381469727,8.579999923706055,8.489999771118164,8.359999656677246,458500,2009,11,25,3,14573
8.0600004196167,8.449999809265137,8.109999656677246,8.229999542236328,293200,2009,11,27,5,14575
8.039999961853027,8.520000457763672,8.039999961853027,8.479999542236328,639600,2009,11,30,1,14578
8.300000190734863,8.619999885559082,8.399999618530273,8.420000076293945,675600,2009,12,1,2,14579
8.199999809265137,8.520000457763672,8.380000114440918,8.279999732971191,509000,2009,12,2,3,14580
7.829999923706055,8.239999771118164,8.15999984741211,8.029999732971191,1063300,2009,12,3,4,14581
8.0,8.239999771118164,8.180000305175781,8.140000343322754,744200,2009,12,4,5,14582
8.039999961853027,8.279999732971191,8.079999923706055,8.25,394300,2009,12,7,1,14585
8.170000076293945,8.449999809265137,8.210000038146973,8.430000305175781,487200,2009,12,8,2,14586
8.40999984741211,8.729999542236328,8.479999542236328,8.489999771118164,644500,2009,12,9,3,14587
8.489999771118164,8.630000114440918,8.489999771118164,8.579999923706055,467800,2009,12,10,4,14588
8.579999923706055,8.699999809265137,8.680000305175781,8.649999618530273,485600,2009,12,11,5,14589
8.569999694824219,8.859999656677246,8.640000343322754,8.729999542236328,801600,2009,12,14,1,14592
8.609999656677246,8.84000015258789,8.729999542236328,8.649999618530273,455600,2009,12,15,2,14593
8.609999656677246,8.739999771118164,8.710000038146973,8.649999618530273,382600,2009,12,16,3,14594
8.380000114440918,8.609999656677246,8.609999656677246,8.40999984741211,658900,2009,12,17,4,14595
8.319999694824219,8.640000343322754,8.319999694824219,8.5600004196167,910300,2009,12,18,5,14596
8.470000267028809,8.670000076293945,8.550000190734863,8.470000267028809,512000,2009,12,21,1,14599
8.359999656677246,8.569999694824219,8.539999961853027,8.510000228881836,335100,2009,12,22,2,14600
8.5,8.600000381469727,8.550000190734863,8.579999923706055,287100,2009,12,23,3,14601
8.350000381469727,8.5600004196167,8.550000190734863,8.359999656677246,121900,2009,12,24,4,14602
8.300000190734863,8.4399995803833,8.359999656677246,8.319999694824219,169200,2009,12,28,1,14606
8.25,8.470000267028809,8.380000114440918,8.289999961853027,469100,2009,12,29,2,14607
8.180000305175781,8.5,8.210000038146973,8.5,361200,2009,12,30,3,14608
8.1899995803833,8.5,8.5,8.199999809265137,386100,2009,12,31,4,14609
8.210000038146973,8.34000015258789,8.34000015258789,8.239999771118164,563200,2010,1,4,1,14613
8.1899995803833,8.520000457763672,8.229999542236328,8.520000457763672,452000,2010,1,5,2,14614
8.350000381469727,8.600000381469727,8.489999771118164,8.359999656677246,478800,2010,1,6,3,14615
8.3100004196167,8.550000190734863,8.430000305175781,8.479999542236328,413200,2010,1,7,4,14616
8.350000381469727,8.529999732971191,8.5,8.350000381469727,240200,2010,1,8,5,14617
8.359999656677246,8.5,8.359999656677246,8.470000267028809,222800,2010,1,11,1,14620
8.140000343322754,8.40999984741211,8.390000343322754,8.289999961853027,340800,2010,1,12,2,14621
8.199999809265137,8.479999542236328,8.3100004196167,8.430000305175781,275300,2010,1,13,3,14622
8.40999984741211,8.529999732971191,8.489999771118164,8.489999771118164,419300,2010,1,14,4,14623
8.359999656677246,8.479999542236328,8.460000038146973,8.420000076293945,229900,2010,1,15,5,14624
8.359999656677246,8.649999618530273,8.359999656677246,8.479999542236328,719600,2010,1,19,2,14628
8.359999656677246,8.579999923706055,8.380000114440918,8.460000038146973,375800,2010,1,20,3,14629
8.180000305175781,8.489999771118164,8.430000305175781,8.180000305175781,456200,2010,1,21,4,14630
8.149999618530273,8.359999656677246,8.180000305175781,8.220000267028809,388500,2010,1,22,5,14631
8.15999984741211,8.3100004196167,8.279999732971191,8.260000228881836,253400,2010,1,25,1,14634
7.929999828338623,8.449999809265137,8.15999984741211,8.359999656677246,393800,2010,1,26,2,14635
8.079999923706055,8.380000114440918,8.350000381469727,8.229999542236328,318800,2010,1,27,3,14636
8.25,8.399999618530273,8.25,8.350000381469727,578200,2010,1,28,4,14637
8.0,8.420000076293945,8.34000015258789,8.079999923706055,595200,2010,1,29,5,14638
7.539999961853027,8.0,7.539999961853027,7.820000171661377,1166600,2010,2,1,1,14641
7.480000019073486,7.820000171661377,7.769999980926514,7.510000228881836,1024600,2010,2,2,2,14642
7.210000038146973,7.420000076293945,7.420000076293945,7.260000228881836,1107600,2010,2,3,3,14643
6.869999885559082,7.25,7.190000057220459,6.940000057220459,1174800,2010,2,4,4,14644
6.75,7.300000190734863,7.0,7.25,955000,2010,2,5,5,14645
7.119999885559082,7.340000152587891,7.230000019073486,7.25,374800,2010,2,8,1,14648
7.269999980926514,7.5,7.269999980926514,7.449999809265137,459600,2010,2,9,2,14649
7.440000057220459,7.590000152587891,7.440000057220459,7.510000228881836,268300,2010,2,10,3,14650
7.489999771118164,7.730000019073486,7.53000020980835,7.630000114440918,381600,2010,2,11,4,14651
7.440000057220459,7.650000095367432,7.590000152587891,7.610000133514404,154400,2010,2,12,5,14652
7.650000095367432,7.760000228881836,7.690000057220459,7.75,407700,2010,2,16,2,14656
7.639999866485596,7.860000133514404,7.739999771118164,7.670000076293945,462100,2010,2,17,3,14657
7.630000114440918,7.710000038146973,7.670000076293945,7.650000095367432,375300,2010,2,18,4,14658
7.610000133514404,7.710000038146973,7.619999885559082,7.670000076293945,314600,2010,2,19,5,14659
7.519999980926514,7.739999771118164,7.650000095367432,7.539999961853027,325800,2010,2,22,1,14662
7.400000095367432,7.570000171661377,7.46999979019165,7.510000228881836,598100,2010,2,23,2,14663
7.380000114440918,7.989999771118164,7.900000095367432,7.510000228881836,1212500,2010,2,24,3,14664
7.260000228881836,7.5,7.489999771118164,7.289999961853027,898400,2010,2,25,4,14665
7.190000057220459,7.389999866485596,7.28000020980835,7.190000057220459,594500,2010,2,26,5,14666
6.920000076293945,7.360000133514404,7.21999979019165,6.960000038146973,1041700,2010,3,1,1,14669
6.809999942779541,6.989999771118164,6.929999828338623,6.860000133514404,1807700,2010,3,2,2,14670
6.71999979019165,6.96999979019165,6.820000171661377,6.960000038146973,1501900,2010,3,3,3,14671
6.909999847412109,7.119999885559082,6.960000038146973,6.960000038146973,652400,2010,3,4,4,14672
6.900000095367432,7.03000020980835,7.010000228881836,6.960000038146973,719500,2010,3,5,5,14673
6.929999828338623,7.119999885559082,6.960000038146973,6.980000019073486,524000,2010,3,8,1,14676
6.769999980926514,7.0,7.0,6.900000095367432,444100,2010,3,9,2,14677
6.809999942779541,7.139999866485596,6.920000076293945,7.139999866485596,691400,2010,3,10,3,14678
7.039999961853027,7.389999866485596,7.130000114440918,7.329999923706055,646800,2010,3,11,4,14679
7.179999828338623,7.489999771118164,7.380000114440918,7.300000190734863,504800,2010,3,12,5,14680
7.050000190734863,7.360000133514404,7.329999923706055,7.110000133514404,602900,2010,3,15,1,14683
7.090000152587891,7.21999979019165,7.170000076293945,7.119999885559082,586600,2010,3,16,2,14684
7.039999961853027,7.389999866485596,7.150000095367432,7.360000133514404,500300,2010,3,17,3,14685
7.349999904632568,7.510000228881836,7.369999885559082,7.510000228881836,503100,2010,3,18,4,14686
7.420000076293945,7.510000228881836,7.5,7.5,640400,2010,3,19,5,14687
7.349999904632568,7.480000019073486,7.480000019073486,7.440000057220459,252100,2010,3,22,1,14690
7.429999828338623,7.579999923706055,7.460000038146973,7.550000190734863,360100,2010,3,23,2,14691
7.409999847412109,7.550000190734863,7.550000190734863,7.5,322600,2010,3,24,3,14692
7.46999979019165,7.880000114440918,7.510000228881836,7.800000190734863,697900,2010,3,25,4,14693
7.710000038146973,8.050000190734863,7.800000190734863,7.769999980926514,791800,2010,3,26,5,14694
7.789999961853027,8.029999732971191,7.909999847412109,8.0,604000,2010,3,29,1,14697
7.670000076293945,8.029999732971191,8.029999732971191,7.769999980926514,563400,2010,3,30,2,14698
7.690000057220459,7.820000171661377,7.789999961853027,7.75,333100,2010,3,31,3,14699
7.690000057220459,7.909999847412109,7.75,7.880000114440918,696300,2010,4,1,4,14700
7.860000133514404,8.09000015258789,7.900000095367432,8.09000015258789,930600,2010,4,5,1,14704
8.010000228881836,8.100000381469727,8.09000015258789,8.0600004196167,571300,2010,4,6,2,14705
7.980000019073486,8.100000381469727,8.069999694824219,8.0,302500,2010,4,7,3,14706
7.929999828338623,8.079999923706055,7.960000038146973,8.050000190734863,451000,2010,4,8,4,14707
7.980000019073486,8.100000381469727,8.020000457763672,7.989999771118164,243400,2010,4,9,5,14708
7.800000190734863,8.029999732971191,7.960000038146973,7.980000019073486,351000,2010,4,12,1,14711
7.880000114440918,8.0,7.949999809265137,7.96999979019165,282300,2010,4,13,2,14712
8.0,8.170000076293945,8.0,8.09000015258789,460500,2010,4,14,3,14713
8.100000381469727,8.1899995803833,8.130000114440918,8.180000305175781,237900,2010,4,15,4,14714
7.989999771118164,8.279999732971191,8.199999809265137,8.069999694824219,374700,2010,4,16,5,14715
7.840000152587891,8.09000015258789,7.980000019073486,7.929999828338623,349400,2010,4,19,1,14718
7.960000038146973,8.25,7.980000019073486,8.229999542236328,268800,2010,4,20,2,14719
8.119999885559082,8.279999732971191,8.279999732971191,8.239999771118164,209900,2010,4,21,3,14720
8.149999618530273,8.289999961853027,8.229999542236328,8.289999961853027,256300,2010,4,22,4,14721
8.260000228881836,8.869999885559082,8.289999961853027,8.65999984741211,543400,2010,4,23,5,14722
8.649999618530273,8.880000114440918,8.649999618530273,8.680000305175781,266800,2010,4,26,1,14725
8.34000015258789,8.630000114440918,8.630000114440918,8.390000343322754,318600,2010,4,27,2,14726
8.350000381469727,8.520000457763672,8.4399995803833,8.420000076293945,351900,2010,4,28,3,14727
8.449999809265137,8.75,8.449999809265137,8.579999923706055,267300,2010,4,29,4,14728
8.369999885559082,8.600000381469727,8.489999771118164,8.369999885559082,272900,2010,4,30,5,14729
8.359999656677246,8.579999923706055,8.359999656677246,8.470000267028809,269800,2010,5,3,1,14732
8.180000305175781,8.399999618530273,8.399999618530273,8.25,300700,2010,5,4,2,14733
7.730000019073486,8.210000038146973,8.180000305175781,8.100000381469727,735200,2010,5,5,3,14734
6.5,8.130000114440918,8.130000114440918,7.710000038146973,1406200,2010,5,6,4,14735
7.449999809265137,7.78000020980835,7.690000057220459,7.78000020980835,994000,2010,5,7,5,14736
7.889999866485596,8.100000381469727,8.100000381469727,7.980000019073486,798400,2010,5,10,1,14739
7.889999866485596,8.149999618530273,7.940000057220459,8.039999961853027,471200,2010,5,11,2,14740
8.0,8.199999809265137,8.050000190734863,8.1899995803833,215300,2010,5,12,3,14741
8.140000343322754,8.399999618530273,8.199999809265137,8.279999732971191,341100,2010,5,13,4,14742
7.880000114440918,8.170000076293945,8.15999984741211,8.109999656677246,360300,2010,5,14,5,14743
7.829999923706055,8.15999984741211,8.15999984741211,7.960000038146973,453000,2010,5,17,1,14746
7.849999904632568,8.1899995803833,8.0600004196167,7.880000114440918,471500,2010,5,18,2,14747
7.320000171661377,7.880000114440918,7.800000190734863,7.5,883700,2010,5,19,3,14748
6.989999771118164,7.320000171661377,7.289999961853027,7.159999847412109,672600,2010,5,20,4,14749
6.989999771118164,7.510000228881836,7.119999885559082,7.380000114440918,469000,2010,5,21,5,14750
7.130000114440918,7.380000114440918,7.380000114440918,7.190000057220459,289100,2010,5,24,1,14753
6.929999828338623,7.170000076293945,7.039999961853027,7.139999866485596,332300,2010,5,25,2,14754
7.170000076293945,7.579999923706055,7.21999979019165,7.429999828338623,409400,2010,5,26,3,14755
7.539999961853027,7.800000190734863,7.539999961853027,7.730000019073486,503000,2010,5,27,4,14756
7.130000114440918,7.730000019073486,7.730000019073486,7.329999923706055,769400,2010,5,28,5,14757
7.25,7.579999923706055,7.340000152587891,7.340000152587891,440200,2010,6,1,2,14761
7.340000152587891,7.53000020980835,7.380000114440918,7.460000038146973,304000,2010,6,2,3,14762
7.309999942779541,7.550000190734863,7.5,7.539999961853027,596800,2010,6,3,4,14763
7.230000019073486,7.380000114440918,7.340000152587891,7.260000228881836,301300,2010,6,4,5,14764
7.25,7.440000057220459,7.269999980926514,7.320000171661377,336900,2010,6,7,1,14767
7.159999847412109,7.409999847412109,7.349999904632568,7.380000114440918,477500,2010,6,8,2,14768
7.340000152587891,7.5,7.429999828338623,7.400000095367432,431900,2010,6,9,3,14769
7.289999961853027,7.559999942779541,7.409999847412109,7.489999771118164,676600,2010,6,10,4,14770
7.440000057220459,7.809999942779541,7.440000057220459,7.75,441000,2010,6,11,5,14771
7.650000095367432,8.0,7.809999942779541,7.829999923706055,707400,2010,6,14,1,14774
7.789999961853027,7.949999809265137,7.900000095367432,7.909999847412109,358000,2010,6,15,2,14775
7.820000171661377,7.960000038146973,7.840000152587891,7.929999828338623,304500,2010,6,16,3,14776
7.760000228881836,7.949999809265137,7.940000057220459,7.829999923706055,269200,2010,6,17,4,14777
7.130000114440918,7.760000228881836,7.650000095367432,7.170000076293945,1966700,2010,6,18,5,14778
6.860000133514404,7.289999961853027,7.289999961853027,6.920000076293945,1471500,2010,6,21,1,14781
6.550000190734863,6.929999828338623,6.900000095367432,6.579999923706055,646200,2010,6,22,2,14782
6.429999828338623,6.610000133514404,6.550000190734863,6.519999980926514,445400,2010,6,23,3,14783
6.21999979019165,6.53000020980835,6.5,6.21999979019165,379600,2010,6,24,4,14784
6.079999923706055,6.309999942779541,6.25,6.309999942779541,1463500,2010,6,25,5,14785
6.039999961853027,6.389999866485596,6.389999866485596,6.079999923706055,1127700,2010,6,28,1,14788
5.670000076293945,5.989999771118164,5.989999771118164,5.769999980926514,1126300,2010,6,29,2,14789
5.710000038146973,6.010000228881836,5.710000038146973,5.820000171661377,922600,2010,6,30,3,14790
5.579999923706055,5.849999904632568,5.829999923706055,5.75,254500,2010,7,1,4,14791
5.590000152587891,5.829999923706055,5.760000228881836,5.670000076293945,277100,2010,7,2,5,14792
5.539999961853027,5.760000228881836,5.659999847412109,5.570000171661377,716100,2010,7,6,2,14796
5.53000020980835,5.760000228881836,5.539999961853027,5.730000019073486,724100,2010,7,7,3,14797
5.409999847412109,6.050000190734863,5.849999904632568,5.929999828338623,1716100,2010,7,8,4,14798
5.75,5.920000076293945,5.920000076293945,5.840000152587891,273700,2010,7,9,5,14799
5.829999923706055,6.039999961853027,5.889999866485596,6.019999980926514,507100,2010,7,12,1,14802
5.989999771118164,6.179999828338623,6.099999904632568,6.019999980926514,378600,2010,7,13,2,14803
5.989999771118164,6.420000076293945,6.03000020980835,6.329999923706055,645200,2010,7,14,3,14804
6.159999847412109,6.369999885559082,6.349999904632568,6.230000019073486,502100,2010,7,15,4,14805
6.170000076293945,6.25,6.199999809265137,6.199999809265137,267100,2010,7,16,5,14806
6.03000020980835,6.230000019073486,6.190000057220459,6.059999942779541,234500,2010,7,19,1,14809
5.96999979019165,6.230000019073486,6.039999961853027,6.179999828338623,258600,2010,7,20,2,14810
5.96999979019165,6.21999979019165,6.179999828338623,6.050000190734863,234800,2010,7,21,3,14811
6.079999923706055,6.199999809265137,6.119999885559082,6.199999809265137,290200,2010,7,22,4,14812
6.099999904632568,6.21999979019165,6.190000057220459,6.210000038146973,319600,2010,7,23,5,14813
6.170000076293945,6.360000133514404,6.260000228881836,6.340000152587891,217600,2010,7,26,1,14816
6.150000095367432,6.449999809265137,6.409999847412109,6.21999979019165,429300,2010,7,27,2,14817
6.03000020980835,6.210000038146973,6.179999828338623,6.050000190734863,292400,2010,7,28,3,14818
5.980000019073486,6.110000133514404,6.099999904632568,6.070000171661377,406700,2010,7,29,4,14819
5.940000057220459,6.139999866485596,6.03000020980835,5.940000057220459,201300,2010,7,30,5,14820
5.78000020980835,6.119999885559082,6.010000228881836,5.840000152587891,401100,2010,8,2,1,14823
5.840000152587891,5.940000057220459,5.840000152587891,5.889999866485596,292000,2010,8,3,2,14824
5.849999904632568,5.96999979019165,5.960000038146973,5.900000095367432,262200,2010,8,4,3,14825
5.809999942779541,6.0,6.0,5.869999885559082,626200,2010,8,5,4,14826
5.71999979019165,5.860000133514404,5.860000133514404,5.75,783800,2010,8,6,5,14827
5.679999828338623,5.760000228881836,5.760000228881836,5.71999979019165,495700,2010,8,9,1,14830
5.550000190734863,5.769999980926514,5.659999847412109,5.619999885559082,2044600,2010,8,10,2,14831
5.550000190734863,5.849999904632568,5.579999923706055,5.670000076293945,3703400,2010,8,11,3,14832
5.920000076293945,6.329999923706055,5.920000076293945,6.260000228881836,9207800,2010,8,12,4,14833
6.260000228881836,6.679999828338623,6.28000020980835,6.320000171661377,2029400,2010,8,13,5,14834
6.199999809265137,6.360000133514404,6.269999980926514,6.340000152587891,824100,2010,8,16,1,14837
6.449999809265137,6.650000095367432,6.550000190734863,6.559999942779541,2066400,2010,8,17,2,14838
6.510000228881836,6.820000171661377,6.579999923706055,6.789999961853027,1443300,2010,8,18,3,14839
6.650000095367432,6.860000133514404,6.78000020980835,6.699999809265137,1192200,2010,8,19,4,14840
6.5,6.650000095367432,6.610000133514404,6.579999923706055,785200,2010,8,20,5,14841
6.519999980926514,6.650000095367432,6.570000171661377,6.570000171661377,545200,2010,8,23,1,14844
6.449999809265137,6.789999961853027,6.449999809265137,6.789999961853027,1723800,2010,8,24,2,14845
6.599999904632568,6.820000171661377,6.730000019073486,6.809999942779541,1044300,2010,8,25,3,14846
6.840000152587891,7.039999961853027,6.840000152587891,6.949999809265137,887600,2010,8,26,4,14847
6.820000171661377,7.0,6.96999979019165,6.960000038146973,710600,2010,8,27,5,14848
6.789999961853027,6.920000076293945,6.909999847412109,6.789999961853027,445100,2010,8,30,1,14851
6.650000095367432,6.940000057220459,6.75,6.869999885559082,800400,2010,8,31,2,14852
6.869999885559082,7.269999980926514,6.900000095367432,7.170000076293945,1251500,2010,9,1,3,14853
7.059999942779541,7.269999980926514,7.190000057220459,7.079999923706055,1767900,2010,9,2,4,14854
6.989999771118164,7.380000114440918,7.25,7.070000171661377,921300,2010,9,3,5,14855
6.929999828338623,7.070000171661377,7.019999980926514,7.010000228881836,534100,2010,9,7,2,14859
6.980000019073486,7.050000190734863,7.03000020980835,7.0,608800,2010,9,8,3,14860
6.900000095367432,7.110000133514404,7.090000152587891,7.03000020980835,581400,2010,9,9,4,14861
6.980000019073486,7.409999847412109,7.070000171661377,7.309999942779541,1019700,2010,9,10,5,14862
7.309999942779541,7.5,7.329999923706055,7.46999979019165,1107300,2010,9,13,1,14865
7.400000095367432,7.579999923706055,7.440000057220459,7.570000171661377,2253100,2010,9,14,2,14866
7.5,7.610000133514404,7.570000171661377,7.550000190734863,932700,2010,9,15,3,14867
7.46999979019165,7.659999847412109,7.539999961853027,7.590000152587891,709500,2010,9,16,4,14868
7.489999771118164,7.650000095367432,7.590000152587891,7.539999961853027,1137100,2010,9,17,5,14869
7.510000228881836,7.710000038146973,7.599999904632568,7.679999828338623,1007800,2010,9,20,1,14872
7.75,8.260000228881836,7.75,8.15999984741211,3213200,2010,9,21,2,14873
7.880000114440918,8.15999984741211,8.149999618530273,7.980000019073486,1493000,2010,9,22,3,14874
7.869999885559082,8.149999618530273,7.929999828338623,8.0600004196167,615900,2010,9,23,4,14875
8.109999656677246,8.350000381469727,8.149999618530273,8.350000381469727,795100,2010,9,24,5,14876
8.119999885559082,8.420000076293945,8.390000343322754,8.119999885559082,601800,2010,9,27,1,14879
7.980000019073486,8.140000343322754,8.119999885559082,8.0,820100,2010,9,28,2,14880
7.760000228881836,8.039999961853027,7.989999771118164,7.789999961853027,869900,2010,9,29,3,14881
7.78000020980835,8.020000457763672,7.829999923706055,7.849999904632568,871900,2010,9,30,4,14882
7.769999980926514,7.940000057220459,7.860000133514404,7.909999847412109,532900,2010,10,1,5,14883
7.699999809265137,7.889999866485596,7.860000133514404,7.78000020980835,496900,2010,10,4,1,14886
7.800000190734863,7.909999847412109,7.809999942779541,7.889999866485596,1153800,2010,10,5,2,14887
7.829999923706055,8.0,7.849999904632568,7.920000076293945,618900,2010,10,6,3,14888
7.789999961853027,7.96999979019165,7.920000076293945,7.809999942779541,437000,2010,10,7,4,14889
7.619999885559082,7.880000114440918,7.829999923706055,7.679999828338623,850900,2010,10,8,5,14890
7.489999771118164,8.210000038146973,7.730000019073486,8.069999694824219,1034300,2010,10,11,1,14893
7.349999904632568,7.900000095367432,7.599999904632568,7.710000038146973,2124400,2010,10,12,2,14894
7.699999809265137,7.860000133514404,7.789999961853027,7.75,1086800,2010,10,13,3,14895
7.519999980926514,7.75,7.699999809265137,7.550000190734863,875100,2010,10,14,4,14896
7.449999809265137,7.730000019073486,7.559999942779541,7.679999828338623,1176000,2010,10,15,5,14897
7.619999885559082,7.860000133514404,7.679999828338623,7.860000133514404,936300,2010,10,18,1,14900
7.679999828338623,7.849999904632568,7.71999979019165,7.78000020980835,891400,2010,10,19,2,14901
7.789999961853027,7.909999847412109,7.840000152587891,7.809999942779541,776800,2010,10,20,3,14902
7.809999942779541,8.039999961853027,7.820000171661377,7.940000057220459,930200,2010,10,21,4,14903
7.96999979019165,8.239999771118164,8.0,8.170000076293945,546100,2010,10,22,5,14904
8.010000228881836,8.300000190734863,8.210000038146973,8.050000190734863,811400,2010,10,25,1,14907
7.949999809265137,8.279999732971191,7.980000019073486,8.140000343322754,860200,2010,10,26,2,14908
8.029999732971191,8.170000076293945,8.149999618530273,8.050000190734863,452800,2010,10,27,3,14909
8.029999732971191,8.119999885559082,8.100000381469727,8.109999656677246,667000,2010,10,28,4,14910
8.0,8.239999771118164,8.069999694824219,8.199999809265137,625900,2010,10,29,5,14911
8.1899995803833,8.479999542236328,8.210000038146973,8.369999885559082,1290300,2010,11,1,1,14914
8.100000381469727,8.420000076293945,8.369999885559082,8.109999656677246,1147000,2010,11,2,2,14915
7.889999866485596,8.170000076293945,8.109999656677246,8.15999984741211,945200,2010,11,3,3,14916
8.029999732971191,8.4399995803833,8.199999809265137,8.40999984741211,1868000,2010,11,4,4,14917
8.260000228881836,8.460000038146973,8.399999618530273,8.350000381469727,1129700,2010,11,5,5,14918
8.25,8.430000305175781,8.3100004196167,8.3100004196167,798500,2010,11,8,1,14921
8.0600004196167,8.380000114440918,8.3100004196167,8.1899995803833,904300,2010,11,9,2,14922
7.840000152587891,8.1899995803833,8.1899995803833,7.980000019073486,1097100,2010,11,10,3,14923
7.570000171661377,7.989999771118164,7.940000057220459,7.929999828338623,1138000,2010,11,11,4,14924
7.630000114440918,7.900000095367432,7.869999885559082,7.880000114440918,830600,2010,11,12,5,14925
7.809999942779541,7.949999809265137,7.849999904632568,7.809999942779541,420300,2010,11,15,1,14928
7.559999942779541,7.760000228881836,7.71999979019165,7.579999923706055,558800,2010,11,16,2,14929
7.550000190734863,7.789999961853027,7.550000190734863,7.760000228881836,650100,2010,11,17,3,14930
7.820000171661377,8.09000015258789,7.829999923706055,8.020000457763672,848700,2010,11,18,4,14931
7.920000076293945,8.069999694824219,7.980000019073486,8.029999732971191,390800,2010,11,19,5,14932
7.829999923706055,8.069999694824219,7.980000019073486,7.829999923706055,608100,2010,11,22,1,14935
7.539999961853027,7.78000020980835,7.739999771118164,7.690000057220459,722700,2010,11,23,2,14936
7.889999866485596,8.100000381469727,7.889999866485596,8.09000015258789,859300,2010,11,24,3,14937
7.949999809265137,8.25,7.96999979019165,8.25,334900,2010,11,26,5,14939
8.140000343322754,8.5600004196167,8.15999984741211,8.529999732971191,1437300,2010,11,29,1,14942
8.300000190734863,8.529999732971191,8.40999984741211,8.300000190734863,537600,2010,11,30,2,14943
8.289999961853027,8.470000267028809,8.420000076293945,8.34000015258789,741400,2010,12,1,3,14944
8.3100004196167,8.460000038146973,8.399999618530273,8.380000114440918,460000,2010,12,2,4,14945
8.350000381469727,8.470000267028809,8.359999656677246,8.399999618530273,435200,2010,12,3,5,14946
8.25,8.399999618530273,8.329999923706055,8.289999961853027,681300,2010,12,6,1,14949
8.079999923706055,8.390000343322754,8.390000343322754,8.140000343322754,784300,2010,12,7,2,14950
8.079999923706055,8.25,8.180000305175781,8.199999809265137,408500,2010,12,8,3,14951
8.020000457763672,8.270000457763672,8.270000457763672,8.079999923706055,618900,2010,12,9,4,14952
8.079999923706055,8.270000457763672,8.109999656677246,8.210000038146973,710200,2010,12,10,5,14953
8.09000015258789,8.270000457763672,8.25,8.130000114440918,723300,2010,12,13,1,14956
8.140000343322754,8.210000038146973,8.199999809265137,8.15999984741211,540100,2010,12,14,2,14957
8.079999923706055,8.329999923706055,8.15999984741211,8.260000228881836,682500,2010,12,15,3,14958
8.229999542236328,8.40999984741211,8.319999694824219,8.359999656677246,974100,2010,12,16,4,14959
8.289999961853027,8.40999984741211,8.329999923706055,8.40999984741211,529900,2010,12,17,5,14960
8.229999542236328,8.390000343322754,8.390000343322754,8.329999923706055,536200,2010,12,20,1,14963
8.270000457763672,8.65999984741211,8.329999923706055,8.510000228881836,631200,2010,12,21,2,14964
8.5,8.8100004196167,8.520000457763672,8.789999961853027,484900,2010,12,22,3,14965
8.710000038146973,8.899999618530273,8.819999694824219,8.829999923706055,190700,2010,12,23,4,14966
8.550000190734863,8.84000015258789,8.84000015258789,8.699999809265137,253000,2010,12,27,1,14970
8.630000114440918,8.8100004196167,8.6899995803833,8.8100004196167,566400,2010,12,28,2,14971
8.680000305175781,8.880000114440918,8.8100004196167,8.680000305175781,186400,2010,12,29,3,14972
8.619999885559082,9.0,8.65999984741211,8.979999542236328,357800,2010,12,30,4,14973
8.9399995803833,9.079999923706055,8.949999809265137,9.010000228881836,344200,2010,12,31,5,14974
8.770000457763672,9.079999923706055,9.069999694824219,8.869999885559082,416900,2011,1,3,1,14977
8.529999732971191,8.829999923706055,8.829999923706055,8.609999656677246,590200,2011,1,4,2,14978
8.529999732971191,8.75,8.5600004196167,8.75,482100,2011,1,5,3,14979
8.6899995803833,8.989999771118164,8.6899995803833,8.829999923706055,565400,2011,1,6,4,14980
8.670000076293945,8.890000343322754,8.869999885559082,8.770000457763672,348100,2011,1,7,5,14981
8.649999618530273,8.890000343322754,8.739999771118164,8.789999961853027,671400,2011,1,10,1,14984
8.6899995803833,8.859999656677246,8.84000015258789,8.829999923706055,374700,2011,1,11,2,14985
8.680000305175781,8.899999618530273,8.859999656677246,8.789999961853027,600000,2011,1,12,3,14986
8.579999923706055,8.789999961853027,8.75,8.710000038146973,979000,2011,1,13,4,14987
8.630000114440918,9.050000190734863,8.680000305175781,8.949999809265137,1009200,2011,1,14,5,14988
8.670000076293945,9.0,8.920000076293945,8.739999771118164,727200,2011,1,18,2,14992
8.0,8.510000228881836,8.470000267028809,8.210000038146973,2066600,2011,1,19,3,14993
8.0,8.180000305175781,8.170000076293945,8.0,1014000,2011,1,20,4,14994
7.900000095367432,8.109999656677246,8.0600004196167,7.929999828338623,651600,2011,1,21,5,14995
7.820000171661377,8.050000190734863,7.920000076293945,7.840000152587891,780900,2011,1,24,1,14998
7.71999979019165,7.849999904632568,7.820000171661377,7.849999904632568,670900,2011,1,25,2,14999
7.679999828338623,7.880000114440918,7.860000133514404,7.789999961853027,840700,2011,1,26,3,15000
7.739999771118164,8.1899995803833,7.739999771118164,8.170000076293945,695800,2011,1,27,4,15001
7.880000114440918,8.199999809265137,8.199999809265137,7.949999809265137,666400,2011,1,28,5,15002
7.820000171661377,8.100000381469727,7.949999809265137,8.039999961853027,725200,2011,1,31,1,15005
7.960000038146973,8.390000343322754,8.079999923706055,8.329999923706055,836300,2011,2,1,2,15006
8.199999809265137,8.369999885559082,8.270000457763672,8.260000228881836,385900,2011,2,2,3,15007
8.050000190734863,8.279999732971191,8.279999732971191,8.210000038146973,540700,2011,2,3,4,15008
8.170000076293945,8.239999771118164,8.180000305175781,8.239999771118164,396400,2011,2,4,5,15009
8.199999809265137,8.34000015258789,8.289999961853027,8.270000457763672,1127100,2011,2,7,1,15012
8.170000076293945,8.300000190734863,8.270000457763672,8.270000457763672,810900,2011,2,8,2,15013
8.25,8.390000343322754,8.300000190734863,8.350000381469727,695100,2011,2,9,3,15014
8.100000381469727,8.300000190734863,8.300000190734863,8.199999809265137,858300,2011,2,10,4,15015
8.0,8.199999809265137,8.1899995803833,8.15999984741211,1040900,2011,2,11,5,15016
8.039999961853027,8.199999809265137,8.119999885559082,8.199999809265137,783900,2011,2,14,1,15019
8.140000343322754,8.199999809265137,8.199999809265137,8.180000305175781,312400,2011,2,15,2,15020
8.199999809265137,8.520000457763672,8.229999542236328,8.520000457763672,588900,2011,2,16,3,15021
8.529999732971191,8.789999961853027,8.529999732971191,8.770000457763672,765700,2011,2,17,4,15022
8.640000343322754,8.8100004196167,8.770000457763672,8.729999542236328,519800,2011,2,18,5,15023
8.359999656677246,8.65999984741211,8.569999694824219,8.380000114440918,1177200,2011,2,22,2,15027
8.199999809265137,8.359999656677246,8.350000381469727,8.300000190734863,686200,2011,2,23,3,15028
8.15999984741211,8.420000076293945,8.289999961853027,8.329999923706055,1002000,2011,2,24,4,15029
8.369999885559082,8.649999618530273,8.369999885559082,8.630000114440918,3126400,2011,2,25,5,15030
8.260000228881836,8.6899995803833,8.6899995803833,8.359999656677246,956700,2011,2,28,1,15033
8.079999923706055,8.470000267028809,8.34000015258789,8.149999618530273,1527100,2011,3,1,2,15034
7.989999771118164,8.239999771118164,8.149999618530273,8.0,2091000,2011,3,2,3,15035
7.699999809265137,8.4399995803833,7.710000038146973,8.369999885559082,1764700,2011,3,3,4,15036
8.260000228881836,8.529999732971191,8.399999618530273,8.489999771118164,597100,2011,3,4,5,15037
8.369999885559082,8.550000190734863,8.550000190734863,8.430000305175781,956300,2011,3,7,1,15040
8.3100004196167,8.680000305175781,8.470000267028809,8.680000305175781,932800,2011,3,8,2,15041
8.579999923706055,8.770000457763672,8.710000038146973,8.699999809265137,690300,2011,3,9,3,15042
8.470000267028809,8.6899995803833,8.649999618530273,8.600000381469727,809200,2011,3,10,4,15043
8.34000015258789,8.539999961853027,8.539999961853027,8.5,382900,2011,3,11,5,15044
8.319999694824219,8.520000457763672,8.5,8.489999771118164,806100,2011,3,14,1,15047
8.119999885559082,8.430000305175781,8.199999809265137,8.40999984741211,573600,2011,3,15,2,15048
8.220000267028809,8.4399995803833,8.399999618530273,8.3100004196167,467200,2011,3,16,3,15049
8.300000190734863,8.460000038146973,8.399999618530273,8.369999885559082,248600,2011,3,17,4,15050
8.300000190734863,8.449999809265137,8.449999809265137,8.380000114440918,317500,2011,3,18,5,15051
8.489999771118164,8.819999694824219,8.489999771118164,8.739999771118164,845200,2011,3,21,1,15054
8.479999542236328,8.75,8.75,8.510000228881836,270300,2011,3,22,2,15055
8.399999618530273,8.579999923706055,8.510000228881836,8.5,362300,2011,3,23,3,15056
8.5,8.75,8.539999961853027,8.65999984741211,336000,2011,3,24,4,15057
8.449999809265137,8.670000076293945,8.630000114440918,8.489999771118164,687300,2011,3,25,5,15058
8.369999885559082,8.529999732971191,8.510000228881836,8.390000343322754,244400,2011,3,28,1,15061
8.3100004196167,8.5,8.399999618530273,8.369999885559082,352300,2011,3,29,2,15062
8.350000381469727,8.539999961853027,8.4399995803833,8.420000076293945,336300,2011,3,30,3,15063
8.279999732971191,8.460000038146973,8.4399995803833,8.399999618530273,447700,2011,3,31,4,15064
8.4399995803833,8.739999771118164,8.4399995803833,8.710000038146973,728400,2011,4,1,5,15065
8.5600004196167,8.75,8.75,8.609999656677246,994400,2011,4,4,1,15068
8.4399995803833,8.789999961853027,8.619999885559082,8.520000457763672,1364900,2011,4,5,2,15069
8.460000038146973,8.670000076293945,8.600000381469727,8.600000381469727,1027100,2011,4,6,3,15070
8.479999542236328,8.640000343322754,8.5600004196167,8.529999732971191,777300,2011,4,7,4,15071
8.510000228881836,8.630000114440918,8.619999885559082,8.619999885559082,408900,2011,4,8,5,15072
8.5600004196167,8.6899995803833,8.640000343322754,8.649999618530273,431300,2011,4,11,1,15075
8.550000190734863,8.779999732971191,8.579999923706055,8.65999984741211,710700,2011,4,12,2,15076
8.59000015258789,8.75,8.710000038146973,8.720000267028809,490800,2011,4,13,3,15077
8.550000190734863,8.6899995803833,8.6899995803833,8.600000381469727,739200,2011,4,14,4,15078
8.5,8.670000076293945,8.59000015258789,8.539999961853027,672800,2011,4,15,5,15079
8.380000114440918,8.600000381469727,8.390000343322754,8.600000381469727,676400,2011,4,18,1,15082
8.520000457763672,8.729999542236328,8.609999656677246,8.609999656677246,1361000,2011,4,19,2,15083
8.600000381469727,8.720000267028809,8.710000038146973,8.65999984741211,361600,2011,4,20,3,15084
8.579999923706055,8.75,8.6899995803833,8.609999656677246,652600,2011,4,21,4,15085
8.5600004196167,8.739999771118164,8.609999656677246,8.600000381469727,475600,2011,4,25,1,15089
8.520000457763672,8.649999618530273,8.600000381469727,8.579999923706055,864800,2011,4,26,2,15090
8.510000228881836,8.649999618530273,8.609999656677246,8.5600004196167,276000,2011,4,27,3,15091
8.520000457763672,8.649999618530273,8.520000457763672,8.619999885559082,718400,2011,4,28,4,15092
8.579999923706055,9.050000190734863,8.649999618530273,8.920000076293945,1731200,2011,4,29,5,15093
8.850000381469727,8.979999542236328,8.949999809265137,8.9399995803833,1207500,2011,5,2,1,15096
8.850000381469727,8.9399995803833,8.90999984741211,8.9399995803833,1008100,2011,5,3,2,15097
8.539999961853027,8.9399995803833,8.680000305175781,8.760000228881836,1648000,2011,5,4,3,15098
8.369999885559082,8.829999923706055,8.59000015258789,8.600000381469727,2727100,2011,5,5,4,15099
8.5,8.75,8.710000038146973,8.539999961853027,1507900,2011,5,6,5,15100
8.449999809265137,8.630000114440918,8.5600004196167,8.460000038146973,1068400,2011,5,9,1,15103
8.4399995803833,8.520000457763672,8.479999542236328,8.460000038146973,839200,2011,5,10,2,15104
8.279999732971191,8.479999542236328,8.4399995803833,8.329999923706055,1090700,2011,5,11,3,15105
8.0600004196167,8.470000267028809,8.270000457763672,8.420000076293945,949000,2011,5,12,4,15106
8.289999961853027,8.5,8.399999618530273,8.3100004196167,368200,2011,5,13,5,15107
8.0600004196167,8.300000190734863,8.25,8.170000076293945,1376700,2011,5,16,1,15110
8.119999885559082,8.380000114440918,8.140000343322754,8.270000457763672,746200,2011,5,17,2,15111
8.279999732971191,8.4399995803833,8.300000190734863,8.4399995803833,732800,2011,5,18,3,15112
8.380000114440918,8.539999961853027,8.460000038146973,8.529999732971191,397800,2011,5,19,4,15113
8.430000305175781,8.600000381469727,8.5,8.539999961853027,765100,2011,5,20,5,15114
8.390000343322754,8.819999694824219,8.6899995803833,8.569999694824219,682200,2011,5,23,1,15117
8.5,8.75,8.59000015258789,8.670000076293945,1079200,2011,5,24,2,15118
8.5,8.720000267028809,8.670000076293945,8.609999656677246,557500,2011,5,25,3,15119
8.579999923706055,8.710000038146973,8.59000015258789,8.630000114440918,269600,2011,5,26,4,15120
8.579999923706055,8.649999618530273,8.619999885559082,8.600000381469727,303300,2011,5,27,5,15121
8.520000457763672,8.75,8.710000038146973,8.75,397500,2011,5,31,2,15125
8.4399995803833,8.800000190734863,8.800000190734863,8.489999771118164,444200,2011,6,1,3,15126
8.350000381469727,8.579999923706055,8.569999694824219,8.569999694824219,399900,2011,6,2,4,15127
8.350000381469727,8.539999961853027,8.470000267028809,8.5,349100,2011,6,3,5,15128
8.149999618530273,8.5,8.460000038146973,8.319999694824219,879300,2011,6,6,1,15131
8.199999809265137,8.420000076293945,8.380000114440918,8.199999809265137,288600,2011,6,7,2,15132
7.849999904632568,8.199999809265137,8.199999809265137,7.949999809265137,1507600,2011,6,8,3,15133
7.829999923706055,7.960000038146973,7.960000038146973,7.909999847412109,856200,2011,6,9,4,15134
7.71999979019165,7.949999809265137,7.869999885559082,7.829999923706055,690500,2011,6,10,5,15135
7.730000019073486,7.869999885559082,7.840000152587891,7.820000171661377,602400,2011,6,13,1,15138
7.889999866485596,8.130000114440918,7.889999866485596,8.079999923706055,556100,2011,6,14,2,15139
7.739999771118164,8.010000228881836,8.010000228881836,7.869999885559082,614700,2011,6,15,3,15140
7.800000190734863,7.949999809265137,7.829999923706055,7.929999828338623,553900,2011,6,16,4,15141
7.75,7.980000019073486,7.980000019073486,7.820000171661377,559600,2011,6,17,5,15142
7.730000019073486,7.920000076293945,7.800000190734863,7.909999847412109,257900,2011,6,20,1,15145
7.940000057220459,8.369999885559082,7.949999809265137,8.300000190734863,795600,2011,6,21,2,15146
8.0600004196167,8.430000305175781,8.300000190734863,8.140000343322754,836200,2011,6,22,3,15147
7.849999904632568,8.010000228881836,8.010000228881836,7.989999771118164,570600,2011,6,23,4,15148
7.889999866485596,8.359999656677246,7.989999771118164,8.289999961853027,1496500,2011,6,24,5,15149
8.109999656677246,8.300000190734863,8.25,8.130000114440918,484900,2011,6,27,1,15152
8.119999885559082,8.289999961853027,8.119999885559082,8.270000457763672,808400,2011,6,28,2,15153
8.289999961853027,8.619999885559082,8.350000381469727,8.5,1468500,2011,6,29,3,15154
8.34000015258789,8.510000228881836,8.470000267028809,8.40999984741211,485500,2011,6,30,4,15155
8.420000076293945,8.600000381469727,8.449999809265137,8.5600004196167,328000,2011,7,1,5,15156
8.279999732971191,8.479999542236328,8.40999984741211,8.369999885559082,706800,2011,7,5,2,15160
8.25,8.380000114440918,8.350000381469727,8.34000015258789,576600,2011,7,6,3,15161
8.380000114440918,8.510000228881836,8.399999618530273,8.449999809265137,437100,2011,7,7,4,15162
8.300000190734863,8.420000076293945,8.399999618530273,8.40999984741211,416000,2011,7,8,5,15163
8.210000038146973,8.369999885559082,8.270000457763672,8.279999732971191,488700,2011,7,11,1,15166
8.15999984741211,8.279999732971191,8.220000267028809,8.15999984741211,288800,2011,7,12,2,15167
8.109999656677246,8.300000190734863,8.199999809265137,8.279999732971191,789700,2011,7,13,3,15168
8.1899995803833,8.359999656677246,8.300000190734863,8.279999732971191,431100,2011,7,14,4,15169
8.25,8.489999771118164,8.300000190734863,8.40999984741211,522700,2011,7,15,5,15170
8.25,8.4399995803833,8.34000015258789,8.270000457763672,465600,2011,7,18,1,15173
8.270000457763672,8.449999809265137,8.369999885559082,8.350000381469727,293900,2011,7,19,2,15174
8.239999771118164,8.369999885559082,8.369999885559082,8.270000457763672,376200,2011,7,20,3,15175
8.25,8.40999984741211,8.289999961853027,8.300000190734863,614000,2011,7,21,4,15176
8.199999809265137,8.289999961853027,8.289999961853027,8.229999542236328,486200,2011,7,22,5,15177
8.319999694824219,8.569999694824219,8.550000190734863,8.550000190734863,1469600,2011,7,25,1,15180
8.430000305175781,8.600000381469727,8.550000190734863,8.449999809265137,309200,2011,7,26,2,15181
8.34000015258789,8.5600004196167,8.420000076293945,8.470000267028809,625200,2011,7,27,3,15182
8.1899995803833,8.5,8.5,8.199999809265137,504700,2011,7,28,4,15183
7.980000019073486,8.380000114440918,8.100000381469727,8.289999961853027,439600,2011,7,29,5,15184
8.170000076293945,8.5,8.40999984741211,8.199999809265137,430300,2011,8,1,1,15187
7.989999771118164,8.270000457763672,8.210000038146973,7.989999771118164,1397400,2011,8,2,2,15188
7.670000076293945,8.430000305175781,8.430000305175781,8.09000015258789,1749800,2011,8,3,3,15189
7.610000133514404,8.0600004196167,8.0,7.630000114440918,966900,2011,8,4,4,15190
7.46999979019165,7.96999979019165,7.659999847412109,7.869999885559082,591900,2011,8,5,5,15191
7.170000076293945,7.650000095367432,7.550000190734863,7.199999809265137,1110600,2011,8,8,1,15194
7.139999866485596,7.550000190734863,7.349999904632568,7.539999961853027,791400,2011,8,9,2,15195
7.239999771118164,7.659999847412109,7.420000076293945,7.349999904632568,767700,2011,8,10,3,15196
7.289999961853027,7.699999809265137,7.389999866485596,7.599999904632568,754600,2011,8,11,4,15197
7.539999961853027,7.900000095367432,7.650000095367432,7.820000171661377,319800,2011,8,12,5,15198
7.739999771118164,7.96999979019165,7.889999866485596,7.800000190734863,584900,2011,8,15,1,15201
7.630000114440918,7.989999771118164,7.699999809265137,7.960000038146973,733300,2011,8,16,2,15202
7.75,8.069999694824219,7.929999828338623,7.849999904632568,559400,2011,8,17,3,15203
7.230000019073486,7.619999885559082,7.619999885559082,7.340000152587891,565400,2011,8,18,4,15204
7.179999828338623,7.340000152587891,7.239999771118164,7.199999809265137,595200,2011,8,19,5,15205
7.190000057220459,7.400000095367432,7.380000114440918,7.239999771118164,376500,2011,8,22,1,15208
7.260000228881836,7.480000019073486,7.260000228881836,7.46999979019165,310900,2011,8,23,2,15209
7.269999980926514,7.460000038146973,7.420000076293945,7.360000133514404,260500,2011,8,24,3,15210
7.28000020980835,7.5,7.400000095367432,7.340000152587891,342600,2011,8,25,4,15211
7.179999828338623,7.5,7.300000190734863,7.449999809265137,207500,2011,8,26,5,15212
7.489999771118164,7.849999904632568,7.539999961853027,7.730000019073486,307100,2011,8,29,1,15215
7.590000152587891,7.900000095367432,7.710000038146973,7.840000152587891,257300,2011,8,30,2,15216
7.820000171661377,8.0,7.900000095367432,7.929999828338623,269600,2011,8,31,3,15217
7.889999866485596,8.289999961853027,7.920000076293945,7.940000057220459,595300,2011,9,1,4,15218
7.71999979019165,7.869999885559082,7.800000190734863,7.789999961853027,213700,2011,9,2,5,15219
7.46999979019165,7.639999866485596,7.579999923706055,7.619999885559082,290700,2011,9,6,2,15223
7.610000133514404,7.78000020980835,7.679999828338623,7.760000228881836,337300,2011,9,7,3,15224
7.699999809265137,7.900000095367432,7.75,7.889999866485596,502200,2011,9,8,4,15225
7.53000020980835,7.800000190734863,7.769999980926514,7.650000095367432,343800,2011,9,9,5,15226
7.420000076293945,7.78000020980835,7.519999980926514,7.71999979019165,337100,2011,9,12,1,15229
7.429999828338623,7.800000190734863,7.710000038146973,7.599999904632568,503500,2011,9,13,2,15230
7.559999942779541,7.71999979019165,7.630000114440918,7.650000095367432,442000,2011,9,14,3,15231
7.510000228881836,7.760000228881836,7.75,7.550000190734863,199400,2011,9,15,4,15232
7.400000095367432,7.590000152587891,7.559999942779541,7.539999961853027,346700,2011,9,16,5,15233
7.389999866485596,7.619999885559082,7.389999866485596,7.539999961853027,243200,2011,9,19,1,15236
7.289999961853027,7.570000171661377,7.550000190734863,7.340000152587891,239700,2011,9,20,2,15237
7.179999828338623,7.400000095367432,7.329999923706055,7.179999828338623,196900,2011,9,21,3,15238
6.809999942779541,7.199999809265137,7.039999961853027,7.150000095367432,829700,2011,9,22,4,15239
6.900000095367432,7.260000228881836,7.139999866485596,7.019999980926514,730000,2011,9,23,5,15240
6.809999942779541,7.079999923706055,7.079999923706055,6.909999847412109,288200,2011,9,26,1,15243
6.909999847412109,7.150000095367432,7.090000152587891,6.949999809265137,281000,2011,9,27,2,15244
6.739999771118164,6.96999979019165,6.949999809265137,6.769999980926514,296300,2011,9,28,3,15245
6.699999809265137,6.960000038146973,6.829999923706055,6.849999904632568,215300,2011,9,29,4,15246
6.659999847412109,6.840000152587891,6.71999979019165,6.809999942779541,255000,2011,9,30,5,15247
6.610000133514404,6.960000038146973,6.820000171661377,6.659999847412109,469500,2011,10,3,1,15250
6.320000171661377,6.840000152587891,6.599999904632568,6.829999923706055,222100,2011,10,4,2,15251
6.75,6.889999866485596,6.829999923706055,6.849999904632568,159700,2011,10,5,3,15252
6.789999961853027,6.980000019073486,6.800000190734863,6.949999809265137,169000,2011,10,6,4,15253
6.880000114440918,7.079999923706055,7.0,6.940000057220459,183000,2011,10,7,5,15254
7.010000228881836,7.179999828338623,7.039999961853027,7.159999847412109,163700,2011,10,10,1,15257
7.0,7.239999771118164,7.099999904632568,7.190000057220459,223600,2011,10,11,2,15258
7.25,7.570000171661377,7.269999980926514,7.519999980926514,224900,2011,10,12,3,15259
7.25,7.510000228881836,7.510000228881836,7.340000152587891,382700,2011,10,13,4,15260
7.269999980926514,7.440000057220459,7.429999828338623,7.329999923706055,196800,2011,10,14,5,15261
7.289999961853027,7.409999847412109,7.309999942779541,7.380000114440918,98900,2011,10,17,1,15264
7.199999809265137,7.400000095367432,7.349999904632568,7.25,219400,2011,10,18,2,15265
7.199999809265137,7.460000038146973,7.25,7.289999961853027,249100,2011,10,19,3,15266
7.28000020980835,7.389999866485596,7.320000171661377,7.329999923706055,128300,2011,10,20,4,15267
7.210000038146973,7.420000076293945,7.409999847412109,7.360000133514404,276000,2011,10,21,5,15268
7.179999828338623,7.380000114440918,7.329999923706055,7.21999979019165,176700,2011,10,24,1,15271
7.050000190734863,7.210000038146973,7.159999847412109,7.179999828338623,158300,2011,10,25,2,15272
7.03000020980835,7.28000020980835,7.28000020980835,7.110000133514404,192700,2011,10,26,3,15273
7.130000114440918,7.300000190734863,7.300000190734863,7.159999847412109,287000,2011,10,27,4,15274
7.099999904632568,7.25,7.119999885559082,7.110000133514404,307600,2011,10,28,5,15275
6.96999979019165,7.190000057220459,7.090000152587891,7.079999923706055,488600,2011,10,31,1,15278
6.809999942779541,7.010000228881836,6.920000076293945,6.920000076293945,675900,2011,11,1,2,15279
6.400000095367432,7.03000020980835,7.0,6.730000019073486,1308300,2011,11,2,3,15280
6.800000190734863,7.199999809265137,6.840000152587891,7.150000095367432,1405100,2011,11,3,4,15281
7.059999942779541,7.28000020980835,7.090000152587891,7.25,588400,2011,11,4,5,15282
7.019999980926514,7.25,7.159999847412109,7.090000152587891,242100,2011,11,7,1,15285
6.949999809265137,7.130000114440918,7.110000133514404,7.099999904632568,413100,2011,11,8,2,15286
6.840000152587891,6.989999771118164,6.929999828338623,6.849999904632568,341300,2011,11,9,3,15287
6.71999979019165,6.949999809265137,6.920000076293945,6.849999904632568,232100,2011,11,10,4,15288
6.869999885559082,6.96999979019165,6.880000114440918,6.909999847412109,170600,2011,11,11,5,15289
6.650000095367432,6.920000076293945,6.900000095367432,6.730000019073486,487600,2011,11,14,1,15292
6.599999904632568,6.739999771118164,6.699999809265137,6.630000114440918,626500,2011,11,15,2,15293
6.400000095367432,6.650000095367432,6.619999885559082,6.46999979019165,565200,2011,11,16,3,15294
5.940000057220459,6.510000228881836,6.46999979019165,6.179999828338623,1715700,2011,11,17,4,15295
6.059999942779541,6.25,6.25,6.239999771118164,382200,2011,11,18,5,15296
6.139999866485596,6.289999961853027,6.190000057220459,6.210000038146973,207500,2011,11,21,1,15299
6.110000133514404,6.28000020980835,6.210000038146973,6.179999828338623,250800,2011,11,22,2,15300
5.960000038146973,6.150000095367432,6.119999885559082,6.03000020980835,247600,2011,11,23,3,15301
5.940000057220459,6.019999980926514,5.940000057220459,5.949999809265137,87800,2011,11,25,5,15303
6.010000228881836,6.150000095367432,6.070000171661377,6.03000020980835,360300,2011,11,28,1,15306
6.0,6.150000095367432,6.03000020980835,6.099999904632568,603000,2011,11,29,2,15307
6.130000114440918,6.28000020980835,6.230000019073486,6.28000020980835,574300,2011,11,30,3,15308
6.230000019073486,6.429999828338623,6.230000019073486,6.300000190734863,390600,2011,12,1,4,15309
6.369999885559082,6.539999961853027,6.380000114440918,6.449999809265137,364200,2011,12,2,5,15310
6.369999885559082,6.559999942779541,6.5,6.420000076293945,178600,2011,12,5,1,15313
6.360000133514404,6.489999771118164,6.420000076293945,6.429999828338623,161500,2011,12,6,2,15314
6.380000114440918,6.510000228881836,6.420000076293945,6.5,180100,2011,12,7,3,15315
6.260000228881836,6.519999980926514,6.409999847412109,6.380000114440918,208700,2011,12,8,4,15316
6.329999923706055,6.5,6.349999904632568,6.429999828338623,182200,2011,12,9,5,15317
6.349999904632568,6.46999979019165,6.389999866485596,6.460000038146973,182400,2011,12,12,1,15320
6.170000076293945,6.480000019073486,6.480000019073486,6.25,542000,2011,12,13,2,15321
6.090000152587891,6.239999771118164,6.21999979019165,6.139999866485596,321100,2011,12,14,3,15322
6.059999942779541,6.239999771118164,6.21999979019165,6.210000038146973,195000,2011,12,15,4,15323
6.239999771118164,6.360000133514404,6.25,6.260000228881836,154200,2011,12,16,5,15324
6.190000057220459,6.360000133514404,6.289999961853027,6.260000228881836,151400,2011,12,19,1,15327
6.230000019073486,6.380000114440918,6.340000152587891,6.340000152587891,181700,2011,12,20,2,15328
6.289999961853027,6.539999961853027,6.320000171661377,6.460000038146973,243300,2011,12,21,3,15329
6.400000095367432,6.670000076293945,6.480000019073486,6.570000171661377,268200,2011,12,22,4,15330
6.46999979019165,6.590000152587891,6.590000152587891,6.510000228881836,119700,2011,12,23,5,15331
6.340000152587891,6.5,6.480000019073486,6.380000114440918,171600,2011,12,27,2,15335
6.25,6.389999866485596,6.369999885559082,6.309999942779541,353100,2011,12,28,3,15336
6.320000171661377,6.5,6.389999866485596,6.369999885559082,210900,2011,12,29,4,15337
6.260000228881836,6.409999847412109,6.349999904632568,6.260000228881836,220600,2011,12,30,5,15338
6.260000228881836,6.429999828338623,6.369999885559082,6.389999866485596,430100,2012,1,3,2,15342
6.320000171661377,6.46999979019165,6.369999885559082,6.409999847412109,314400,2012,1,4,3,15343
6.199999809265137,6.369999885559082,6.369999885559082,6.300000190734863,518400,2012,1,5,4,15344
6.21999979019165,6.309999942779541,6.300000190734863,6.239999771118164,251100,2012,1,6,5,15345
6.090000152587891,6.329999923706055,6.289999961853027,6.25,425200,2012,1,9,1,15348
6.230000019073486,6.349999904632568,6.300000190734863,6.28000020980835,485800,2012,1,10,2,15349
6.210000038146973,6.340000152587891,6.260000228881836,6.260000228881836,291400,2012,1,11,3,15350
6.239999771118164,6.300000190734863,6.28000020980835,6.28000020980835,207700,2012,1,12,4,15351
6.150000095367432,6.28000020980835,6.28000020980835,6.150000095367432,297700,2012,1,13,5,15352
6.179999828338623,6.309999942779541,6.260000228881836,6.199999809265137,346700,2012,1,17,2,15356
6.210000038146973,6.360000133514404,6.210000038146973,6.300000190734863,312200,2012,1,18,3,15357
6.21999979019165,6.380000114440918,6.300000190734863,6.360000133514404,262300,2012,1,19,4,15358
6.300000190734863,6.610000133514404,6.300000190734863,6.53000020980835,502500,2012,1,20,5,15359
6.480000019073486,6.699999809265137,6.510000228881836,6.659999847412109,345400,2012,1,23,1,15362
6.369999885559082,6.659999847412109,6.659999847412109,6.519999980926514,416800,2012,1,24,2,15363
6.46999979019165,6.880000114440918,6.519999980926514,6.78000020980835,1425200,2012,1,25,3,15364
6.869999885559082,7.099999904632568,6.880000114440918,7.03000020980835,860800,2012,1,26,4,15365
6.989999771118164,7.130000114440918,7.03000020980835,7.03000020980835,250000,2012,1,27,5,15366
6.880000114440918,7.070000171661377,6.989999771118164,7.059999942779541,151800,2012,1,30,1,15369
6.920000076293945,7.119999885559082,7.119999885559082,7.03000020980835,302800,2012,1,31,2,15370
7.039999961853027,7.210000038146973,7.070000171661377,7.139999866485596,366600,2012,2,1,3,15371
7.0,7.150000095367432,7.139999866485596,7.039999961853027,461000,2012,2,2,4,15372
7.010000228881836,7.170000076293945,7.050000190734863,7.070000171661377,531700,2012,2,3,5,15373
7.010000228881836,7.099999904632568,7.090000152587891,7.099999904632568,250800,2012,2,6,1,15376
7.050000190734863,7.309999942779541,7.099999904632568,7.300000190734863,346500,2012,2,7,2,15377
7.139999866485596,7.340000152587891,7.340000152587891,7.150000095367432,322100,2012,2,8,3,15378
7.059999942779541,7.269999980926514,7.150000095367432,7.110000133514404,395700,2012,2,9,4,15379
6.949999809265137,7.079999923706055,7.079999923706055,6.96999979019165,203800,2012,2,10,5,15380
6.829999923706055,7.050000190734863,6.960000038146973,6.860000133514404,332400,2012,2,13,1,15383
6.769999980926514,6.940000057220459,6.849999904632568,6.809999942779541,320100,2012,2,14,2,15384
6.78000020980835,6.980000019073486,6.840000152587891,6.800000190734863,212500,2012,2,15,3,15385
6.769999980926514,6.889999866485596,6.820000171661377,6.820000171661377,144100,2012,2,16,4,15386
6.010000228881836,6.699999809265137,6.440000057220459,6.539999961853027,2392800,2012,2,17,5,15387
6.5,6.75,6.550000190734863,6.579999923706055,645700,2012,2,21,2,15391
6.510000228881836,6.730000019073486,6.570000171661377,6.690000057220459,457800,2012,2,22,3,15392
6.590000152587891,6.789999961853027,6.659999847412109,6.71999979019165,192500,2012,2,23,4,15393
6.630000114440918,6.769999980926514,6.75,6.659999847412109,163200,2012,2,24,5,15394
6.519999980926514,6.670000076293945,6.619999885559082,6.550000190734863,276800,2012,2,27,1,15397
6.46999979019165,6.650000095367432,6.570000171661377,6.570000171661377,238700,2012,2,28,2,15398
6.519999980926514,6.650000095367432,6.570000171661377,6.559999942779541,244500,2012,2,29,3,15399
6.489999771118164,6.630000114440918,6.550000190734863,6.619999885559082,490400,2012,3,1,4,15400
6.5,6.610000133514404,6.590000152587891,6.5,229400,2012,3,2,5,15401
6.369999885559082,6.510000228881836,6.510000228881836,6.440000057220459,163300,2012,3,5,1,15404
6.28000020980835,6.369999885559082,6.369999885559082,6.329999923706055,333300,2012,3,6,2,15405
6.269999980926514,6.46999979019165,6.289999961853027,6.420000076293945,168300,2012,3,7,3,15406
6.380000114440918,6.5,6.449999809265137,6.449999809265137,187900,2012,3,8,4,15407
6.360000133514404,6.5,6.440000057220459,6.480000019073486,460700,2012,3,9,5,15408
6.389999866485596,6.489999771118164,6.480000019073486,6.409999847412109,165500,2012,3,12,1,15411
6.420000076293945,6.590000152587891,6.440000057220459,6.519999980926514,162600,2012,3,13,2,15412
6.389999866485596,6.570000171661377,6.5,6.480000019073486,929300,2012,3,14,3,15413
6.360000133514404,6.46999979019165,6.449999809265137,6.409999847412109,166700,2012,3,15,4,15414
6.420000076293945,6.550000190734863,6.429999828338623,6.519999980926514,165500,2012,3,16,5,15415
6.519999980926514,6.599999904632568,6.539999961853027,6.570000171661377,120100,2012,3,19,1,15418
6.440000057220459,6.599999904632568,6.559999942779541,6.510000228881836,467700,2012,3,20,2,15419
6.400000095367432,6.559999942779541,6.489999771118164,6.449999809265137,626600,2012,3,21,3,15420
6.400000095367432,6.519999980926514,6.400000095367432,6.510000228881836,212000,2012,3,22,4,15421
6.449999809265137,6.550000190734863,6.53000020980835,6.53000020980835,367500,2012,3,23,5,15422
6.570000171661377,6.639999866485596,6.570000171661377,6.610000133514404,230500,2012,3,26,1,15425
6.480000019073486,6.630000114440918,6.599999904632568,6.53000020980835,200000,2012,3,27,2,15426
6.420000076293945,6.539999961853027,6.539999961853027,6.449999809265137,107400,2012,3,28,3,15427
6.380000114440918,6.519999980926514,6.420000076293945,6.510000228881836,164400,2012,3,29,4,15428
6.489999771118164,6.619999885559082,6.559999942779541,6.590000152587891,285100,2012,3,30,5,15429
6.510000228881836,6.900000095367432,6.510000228881836,6.840000152587891,535200,2012,4,2,1,15432
6.570000171661377,6.829999923706055,6.829999923706055,6.710000038146973,652800,2012,4,3,2,15433
6.5,6.639999866485596,6.630000114440918,6.570000171661377,258000,2012,4,4,3,15434
6.510000228881836,6.599999904632568,6.590000152587891,6.53000020980835,258500,2012,4,5,4,15435
6.429999828338623,6.599999904632568,6.460000038146973,6.590000152587891,156300,2012,4,9,1,15439
6.349999904632568,6.559999942779541,6.559999942779541,6.369999885559082,626100,2012,4,10,2,15440
6.380000114440918,6.559999942779541,6.429999828338623,6.510000228881836,218800,2012,4,11,3,15441
6.400000095367432,6.550000190734863,6.5,6.5,141100,2012,4,12,4,15442
6.420000076293945,6.610000133514404,6.480000019073486,6.53000020980835,116400,2012,4,13,5,15443
6.440000057220459,6.570000171661377,6.53000020980835,6.480000019073486,98700,2012,4,16,1,15446
6.5,6.730000019073486,6.519999980926514,6.690000057220459,227300,2012,4,17,2,15447
6.5,6.699999809265137,6.699999809265137,6.570000171661377,144900,2012,4,18,3,15448
6.46999979019165,6.610000133514404,6.550000190734863,6.489999771118164,254800,2012,4,19,4,15449
6.539999961853027,6.619999885559082,6.550000190734863,6.579999923706055,66200,2012,4,20,5,15450
6.420000076293945,6.539999961853027,6.510000228881836,6.510000228881836,127300,2012,4,23,1,15453
6.480000019073486,6.610000133514404,6.510000228881836,6.599999904632568,372800,2012,4,24,2,15454
6.570000171661377,6.699999809265137,6.619999885559082,6.610000133514404,249200,2012,4,25,3,15455
6.590000152587891,6.730000019073486,6.610000133514404,6.690000057220459,160800,2012,4,26,4,15456
6.550000190734863,6.730000019073486,6.710000038146973,6.550000190734863,259700,2012,4,27,5,15457
6.489999771118164,6.659999847412109,6.519999980926514,6.550000190734863,269000,2012,4,30,1,15460
6.5,6.579999923706055,6.550000190734863,6.550000190734863,374200,2012,5,1,2,15461
6.449999809265137,6.849999904632568,6.46999979019165,6.769999980926514,1399000,2012,5,2,3,15462
6.679999828338623,6.800000190734863,6.769999980926514,6.769999980926514,244800,2012,5,3,4,15463
6.75,7.190000057220459,6.769999980926514,7.179999828338623,569700,2012,5,4,5,15464
7.119999885559082,7.309999942779541,7.25,7.139999866485596,490600,2012,5,7,1,15467
7.050000190734863,7.25,7.110000133514404,7.159999847412109,284100,2012,5,8,2,15468
7.070000171661377,7.389999866485596,7.119999885559082,7.340000152587891,402900,2012,5,9,3,15469
7.260000228881836,7.409999847412109,7.360000133514404,7.360000133514404,283700,2012,5,10,4,15470
7.329999923706055,7.46999979019165,7.369999885559082,7.440000057220459,160000,2012,5,11,5,15471
7.190000057220459,7.400000095367432,7.400000095367432,7.21999979019165,138000,2012,5,14,1,15474
7.070000171661377,7.25,7.21999979019165,7.119999885559082,126000,2012,5,15,2,15475
7.099999904632568,7.199999809265137,7.119999885559082,7.110000133514404,829300,2012,5,16,3,15476
7.03000020980835,7.179999828338623,7.119999885559082,7.050000190734863,289300,2012,5,17,4,15477
7.010000228881836,7.179999828338623,7.079999923706055,7.179999828338623,558100,2012,5,18,5,15478
7.110000133514404,7.28000020980835,7.179999828338623,7.25,103900,2012,5,21,1,15481
7.230000019073486,7.53000020980835,7.260000228881836,7.309999942779541,2135900,2012,5,22,2,15482
7.21999979019165,7.489999771118164,7.28000020980835,7.46999979019165,569000,2012,5,23,3,15483
7.369999885559082,7.5,7.5,7.440000057220459,184900,2012,5,24,4,15484
7.389999866485596,7.550000190734863,7.429999828338623,7.550000190734863,181100,2012,5,25,5,15485
7.610000133514404,7.800000190734863,7.71999979019165,7.710000038146973,476200,2012,5,29,2,15489
7.579999923706055,7.690000057220459,7.679999828338623,7.619999885559082,221500,2012,5,30,3,15490
7.519999980926514,7.650000095367432,7.619999885559082,7.559999942779541,313900,2012,5,31,4,15491
7.409999847412109,7.559999942779541,7.510000228881836,7.440000057220459,336200,2012,6,1,5,15492
7.449999809265137,7.71999979019165,7.449999809265137,7.710000038146973,232700,2012,6,4,1,15495
7.630000114440918,7.71999979019165,7.679999828338623,7.679999828338623,213300,2012,6,5,2,15496
7.670000076293945,7.78000020980835,7.730000019073486,7.670000076293945,259300,2012,6,6,3,15497
7.630000114440918,7.75,7.710000038146973,7.690000057220459,384100,2012,6,7,4,15498
7.630000114440918,7.909999847412109,7.650000095367432,7.829999923706055,301900,2012,6,8,5,15499
7.949999809265137,8.109999656677246,7.949999809265137,8.0600004196167,816500,2012,6,11,1,15502
8.0,8.180000305175781,8.050000190734863,8.079999923706055,809300,2012,6,12,2,15503
8.020000457763672,8.1899995803833,8.09000015258789,8.149999618530273,589500,2012,6,13,3,15504
8.010000228881836,8.210000038146973,8.199999809265137,8.1899995803833,742800,2012,6,14,4,15505
8.09000015258789,8.239999771118164,8.170000076293945,8.170000076293945,270500,2012,6,15,5,15506
8.140000343322754,8.260000228881836,8.170000076293945,8.149999618530273,272000,2012,6,18,1,15509
8.180000305175781,8.25,8.1899995803833,8.1899995803833,323300,2012,6,19,2,15510
8.130000114440918,8.270000457763672,8.1899995803833,8.140000343322754,318900,2012,6,20,3,15511
7.800000190734863,8.130000114440918,8.109999656677246,7.829999923706055,476000,2012,6,21,4,15512
7.769999980926514,7.949999809265137,7.840000152587891,7.900000095367432,243800,2012,6,22,5,15513
7.809999942779541,7.889999866485596,7.820000171661377,7.849999904632568,197000,2012,6,25,1,15516
7.78000020980835,7.880000114440918,7.849999904632568,7.829999923706055,358300,2012,6,26,2,15517
7.820000171661377,8.119999885559082,7.849999904632568,8.039999961853027,623200,2012,6,27,3,15518
7.949999809265137,8.050000190734863,7.980000019073486,7.989999771118164,290900,2012,6,28,4,15519
7.989999771118164,8.210000038146973,8.140000343322754,8.210000038146973,553000,2012,6,29,5,15520
8.15999984741211,8.3100004196167,8.260000228881836,8.260000228881836,322000,2012,7,2,1,15523
8.260000228881836,8.449999809265137,8.270000457763672,8.449999809265137,150900,2012,7,3,2,15524
8.380000114440918,8.5600004196167,8.390000343322754,8.479999542236328,560300,2012,7,5,4,15526
8.34000015258789,8.470000267028809,8.430000305175781,8.399999618530273,230400,2012,7,6,5,15527
8.390000343322754,8.550000190734863,8.399999618530273,8.460000038146973,438700,2012,7,9,1,15530
8.40999984741211,8.5,8.5,8.449999809265137,346400,2012,7,10,2,15531
8.40999984741211,8.529999732971191,8.510000228881836,8.420000076293945,436600,2012,7,11,3,15532
8.369999885559082,8.460000038146973,8.420000076293945,8.390000343322754,337000,2012,7,12,4,15533
8.130000114440918,8.40999984741211,8.390000343322754,8.180000305175781,436500,2012,7,13,5,15534
8.149999618530273,8.359999656677246,8.199999809265137,8.350000381469727,363100,2012,7,16,1,15537
8.15999984741211,8.430000305175781,8.380000114440918,8.300000190734863,343600,2012,7,17,2,15538
8.170000076293945,8.359999656677246,8.300000190734863,8.3100004196167,295900,2012,7,18,3,15539
8.3100004196167,8.479999542236328,8.350000381469727,8.399999618530273,548000,2012,7,19,4,15540
8.050000190734863,8.3100004196167,8.3100004196167,8.130000114440918,221500,2012,7,20,5,15541
7.800000190734863,8.0600004196167,8.020000457763672,7.989999771118164,185100,2012,7,23,1,15544
7.940000057220459,8.170000076293945,7.960000038146973,8.130000114440918,290300,2012,7,24,2,15545
8.119999885559082,8.220000267028809,8.130000114440918,8.199999809265137,397500,2012,7,25,3,15546
8.270000457763672,8.430000305175781,8.279999732971191,8.350000381469727,772500,2012,7,26,4,15547
8.350000381469727,8.5,8.359999656677246,8.5,355800,2012,7,27,5,15548
8.399999618530273,8.59000015258789,8.470000267028809,8.59000015258789,371900,2012,7,30,1,15551
8.40999984741211,8.609999656677246,8.550000190734863,8.430000305175781,402400,2012,7,31,2,15552
8.40999984741211,8.600000381469727,8.449999809265137,8.4399995803833,470800,2012,8,1,3,15553
8.289999961853027,8.479999542236328,8.34000015258789,8.460000038146973,376100,2012,8,2,4,15554
8.3100004196167,8.75,8.479999542236328,8.529999732971191,860300,2012,8,3,5,15555
8.529999732971191,8.760000228881836,8.529999732971191,8.710000038146973,489700,2012,8,6,1,15558
8.609999656677246,8.770000457763672,8.6899995803833,8.609999656677246,275700,2012,8,7,2,15559
8.520000457763672,8.75,8.670000076293945,8.550000190734863,405000,2012,8,8,3,15560
8.449999809265137,8.569999694824219,8.539999961853027,8.550000190734863,495800,2012,8,9,4,15561
8.170000076293945,8.479999542236328,8.479999542236328,8.270000457763672,1309700,2012,8,10,5,15562
8.100000381469727,8.470000267028809,8.239999771118164,8.420000076293945,1749200,2012,8,13,1,15565
8.3100004196167,8.5,8.449999809265137,8.5,457700,2012,8,14,2,15566
8.399999618530273,8.5,8.489999771118164,8.399999618530273,274500,2012,8,15,3,15567
8.390000343322754,8.539999961853027,8.430000305175781,8.489999771118164,345200,2012,8,16,4,15568
8.430000305175781,8.550000190734863,8.479999542236328,8.520000457763672,475800,2012,8,17,5,15569
8.40999984741211,8.630000114440918,8.520000457763672,8.579999923706055,430400,2012,8,20,1,15572
8.460000038146973,8.630000114440918,8.579999923706055,8.479999542236328,103500,2012,8,21,2,15573
8.399999618530273,8.520000457763672,8.4399995803833,8.399999618530273,388900,2012,8,22,3,15574
8.220000267028809,8.420000076293945,8.399999618530273,8.319999694824219,542500,2012,8,23,4,15575
8.289999961853027,8.520000457763672,8.289999961853027,8.5,189100,2012,8,24,5,15576
8.470000267028809,8.529999732971191,8.479999542236328,8.5,236400,2012,8,27,1,15579
8.390000343322754,8.529999732971191,8.529999732971191,8.399999618530273,286600,2012,8,28,2,15580
8.359999656677246,8.470000267028809,8.4399995803833,8.40999984741211,140800,2012,8,29,3,15581
8.180000305175781,8.359999656677246,8.359999656677246,8.210000038146973,262900,2012,8,30,4,15582
8.109999656677246,8.300000190734863,8.25,8.279999732971191,688800,2012,8,31,5,15583
8.170000076293945,8.420000076293945,8.279999732971191,8.390000343322754,837200,2012,9,4,2,15587
8.300000190734863,8.449999809265137,8.390000343322754,8.329999923706055,336800,2012,9,5,3,15588
8.359999656677246,8.470000267028809,8.369999885559082,8.359999656677246,381800,2012,9,6,4,15589
8.260000228881836,8.430000305175781,8.369999885559082,8.279999732971191,359700,2012,9,7,5,15590
8.199999809265137,8.40999984741211,8.300000190734863,8.399999618530273,547000,2012,9,10,1,15593
8.329999923706055,8.479999542236328,8.479999542236328,8.420000076293945,349000,2012,9,11,2,15594
8.34000015258789,8.460000038146973,8.4399995803833,8.380000114440918,436400,2012,9,12,3,15595
8.3100004196167,8.430000305175781,8.399999618530273,8.34000015258789,148400,2012,9,13,4,15596
8.130000114440918,8.390000343322754,8.369999885559082,8.180000305175781,450600,2012,9,14,5,15597
7.78000020980835,8.149999618530273,8.130000114440918,7.809999942779541,497800,2012,9,17,1,15600
7.829999923706055,7.949999809265137,7.829999923706055,7.929999828338623,300400,2012,9,18,2,15601
7.869999885559082,8.010000228881836,7.920000076293945,7.949999809265137,119200,2012,9,19,3,15602
7.889999866485596,8.09000015258789,7.949999809265137,8.09000015258789,268200,2012,9,20,4,15603
7.980000019073486,8.170000076293945,8.100000381469727,8.149999618530273,218500,2012,9,21,5,15604
7.860000133514404,8.109999656677246,8.100000381469727,7.869999885559082,186300,2012,9,24,1,15607
7.789999961853027,7.949999809265137,7.920000076293945,7.809999942779541,307000,2012,9,25,2,15608
7.650000095367432,7.800000190734863,7.789999961853027,7.699999809265137,229300,2012,9,26,3,15609
7.679999828338623,8.039999961853027,7.730000019073486,7.989999771118164,252400,2012,9,27,4,15610
7.829999923706055,8.109999656677246,7.960000038146973,7.900000095367432,192500,2012,9,28,5,15611
7.920000076293945,8.09000015258789,7.920000076293945,8.0,328200,2012,10,1,1,15614
7.860000133514404,8.09000015258789,8.020000457763672,7.909999847412109,319600,2012,10,2,2,15615
7.820000171661377,8.010000228881836,7.909999847412109,8.010000228881836,422100,2012,10,3,3,15616
7.940000057220459,8.050000190734863,8.020000457763672,7.949999809265137,345200,2012,10,4,4,15617
7.960000038146973,8.130000114440918,8.020000457763672,8.0600004196167,283800,2012,10,5,5,15618
7.980000019073486,8.149999618530273,8.0,8.109999656677246,85500,2012,10,8,1,15621
7.989999771118164,8.149999618530273,8.0600004196167,8.020000457763672,169500,2012,10,9,2,15622
7.96999979019165,8.050000190734863,8.039999961853027,8.039999961853027,253200,2012,10,10,3,15623
8.09000015258789,8.390000343322754,8.170000076293945,8.359999656677246,588000,2012,10,11,4,15624
8.300000190734863,8.4399995803833,8.369999885559082,8.390000343322754,360800,2012,10,12,5,15625
8.34000015258789,8.430000305175781,8.420000076293945,8.369999885559082,163600,2012,10,15,1,15628
8.350000381469727,8.4399995803833,8.369999885559082,8.420000076293945,147000,2012,10,16,2,15629
8.350000381469727,8.40999984741211,8.390000343322754,8.369999885559082,58900,2012,10,17,3,15630
8.25,8.399999618530273,8.3100004196167,8.289999961853027,315800,2012,10,18,4,15631
8.069999694824219,8.289999961853027,8.25,8.119999885559082,330500,2012,10,19,5,15632
7.949999809265137,8.119999885559082,8.119999885559082,8.09000015258789,353300,2012,10,22,1,15635
7.929999828338623,8.039999961853027,8.029999732971191,8.039999961853027,198500,2012,10,23,2,15636
8.010000228881836,8.140000343322754,8.130000114440918,8.050000190734863,147000,2012,10,24,3,15637
7.869999885559082,8.079999923706055,8.079999923706055,7.869999885559082,396500,2012,10,25,4,15638
7.679999828338623,7.889999866485596,7.860000133514404,7.739999771118164,182900,2012,10,26,5,15639
7.460000038146973,7.71999979019165,7.699999809265137,7.650000095367432,396600,2012,10,31,3,15644
7.239999771118164,8.180000305175781,7.420000076293945,8.109999656677246,562600,2012,11,1,4,15645
7.920000076293945,8.170000076293945,8.09000015258789,7.960000038146973,675800,2012,11,2,5,15646
7.900000095367432,8.0600004196167,7.929999828338623,7.900000095367432,472000,2012,11,5,1,15649
7.820000171661377,8.100000381469727,7.929999828338623,8.0600004196167,377900,2012,11,6,2,15650
7.980000019073486,8.09000015258789,7.980000019073486,8.010000228881836,297800,2012,11,7,3,15651
7.96999979019165,8.09000015258789,7.96999979019165,8.029999732971191,152600,2012,11,8,4,15652
7.989999771118164,8.069999694824219,7.989999771118164,8.050000190734863,194100,2012,11,9,5,15653
8.039999961853027,8.119999885559082,8.069999694824219,8.050000190734863,121100,2012,11,12,1,15656
7.980000019073486,8.0600004196167,8.0,8.020000457763672,469200,2012,11,13,2,15657
8.029999732971191,8.3100004196167,8.029999732971191,8.229999542236328,205200,2012,11,14,3,15658
8.130000114440918,8.289999961853027,8.229999542236328,8.25,412700,2012,11,15,4,15659
8.199999809265137,8.359999656677246,8.239999771118164,8.3100004196167,267300,2012,11,16,5,15660
8.329999923706055,8.670000076293945,8.369999885559082,8.640000343322754,474200,2012,11,19,1,15663
8.550000190734863,8.75,8.600000381469727,8.710000038146973,313600,2012,11,20,2,15664
8.510000228881836,8.710000038146973,8.710000038146973,8.59000015258789,193400,2012,11,21,3,15665
8.5600004196167,8.710000038146973,8.59000015258789,8.710000038146973,71800,2012,11,23,5,15667
8.489999771118164,8.699999809265137,8.65999984741211,8.510000228881836,751500,2012,11,26,1,15670
8.460000038146973,8.680000305175781,8.5,8.59000015258789,687500,2012,11,27,2,15671
8.550000190734863,8.640000343322754,8.59000015258789,8.600000381469727,182300,2012,11,28,3,15672
8.479999542236328,8.609999656677246,8.600000381469727,8.569999694824219,322600,2012,11,29,4,15673
8.529999732971191,8.619999885559082,8.529999732971191,8.600000381469727,743100,2012,11,30,5,15674
8.529999732971191,8.6899995803833,8.649999618530273,8.600000381469727,149000,2012,12,3,1,15677
8.180000305175781,8.489999771118164,8.449999809265137,8.270000457763672,899600,2012,12,4,2,15678
8.199999809265137,8.34000015258789,8.319999694824219,8.3100004196167,519300,2012,12,5,3,15679
8.220000267028809,8.329999923706055,8.279999732971191,8.319999694824219,188100,2012,12,6,4,15680
8.239999771118164,8.329999923706055,8.319999694824219,8.289999961853027,250600,2012,12,7,5,15681
8.270000457763672,8.319999694824219,8.3100004196167,8.289999961853027,231300,2012,12,10,1,15684
8.25,8.510000228881836,8.3100004196167,8.5,495500,2012,12,11,2,15685
8.329999923706055,8.609999656677246,8.5,8.350000381469727,284700,2012,12,12,3,15686
8.119999885559082,8.430000305175781,8.3100004196167,8.180000305175781,206200,2012,12,13,4,15687
8.039999961853027,8.220000267028809,8.140000343322754,8.100000381469727,156500,2012,12,14,5,15688
8.0600004196167,8.180000305175781,8.119999885559082,8.130000114440918,258900,2012,12,17,1,15691
8.119999885559082,8.239999771118164,8.239999771118164,8.180000305175781,329300,2012,12,18,2,15692
8.079999923706055,8.170000076293945,8.170000076293945,8.100000381469727,133900,2012,12,19,3,15693
8.079999923706055,8.149999618530273,8.079999923706055,8.09000015258789,89200,2012,12,20,4,15694
7.989999771118164,8.079999923706055,8.039999961853027,8.039999961853027,338400,2012,12,21,5,15695
7.929999828338623,8.09000015258789,8.020000457763672,8.050000190734863,134500,2012,12,24,1,15698
7.909999847412109,8.079999923706055,8.0600004196167,7.940000057220459,153900,2012,12,26,3,15700
7.829999923706055,8.029999732971191,7.96999979019165,7.980000019073486,392200,2012,12,27,4,15701
7.849999904632568,7.949999809265137,7.940000057220459,7.900000095367432,130900,2012,12,28,5,15702
7.420000076293945,8.109999656677246,7.869999885559082,8.029999732971191,868000,2012,12,31,1,15705
8.119999885559082,8.399999618530273,8.170000076293945,8.390000343322754,676000,2013,1,2,3,15707
8.25,8.420000076293945,8.359999656677246,8.369999885559082,281500,2013,1,3,4,15708
8.359999656677246,8.609999656677246,8.390000343322754,8.59000015258789,260600,2013,1,4,5,15709
8.380000114440918,8.579999923706055,8.579999923706055,8.40999984741211,248700,2013,1,7,1,15712
8.390000343322754,8.489999771118164,8.40999984741211,8.460000038146973,64200,2013,1,8,2,15713
8.4399995803833,8.510000228881836,8.5,8.5,70900,2013,1,9,3,15714
8.489999771118164,8.550000190734863,8.550000190734863,8.529999732971191,131900,2013,1,10,4,15715
8.510000228881836,8.600000381469727,8.5600004196167,8.600000381469727,241700,2013,1,11,5,15716
8.5,8.619999885559082,8.579999923706055,8.609999656677246,144900,2013,1,14,1,15719
8.579999923706055,8.739999771118164,8.609999656677246,8.729999542236328,536200,2013,1,15,2,15720
8.630000114440918,8.850000381469727,8.6899995803833,8.75,275800,2013,1,16,3,15721
8.520000457763672,8.8100004196167,8.680000305175781,8.640000343322754,509400,2013,1,17,4,15722
8.470000267028809,8.779999732971191,8.59000015258789,8.779999732971191,503300,2013,1,18,5,15723
8.699999809265137,8.90999984741211,8.779999732971191,8.899999618530273,313100,2013,1,22,2,15727
8.699999809265137,8.90999984741211,8.869999885559082,8.739999771118164,293000,2013,1,23,3,15728
8.5600004196167,8.770000457763672,8.739999771118164,8.649999618530273,270500,2013,1,24,4,15729
8.640000343322754,8.829999923706055,8.6899995803833,8.819999694824219,307200,2013,1,25,5,15730
8.649999618530273,8.850000381469727,8.850000381469727,8.65999984741211,137800,2013,1,28,1,15733
8.5600004196167,8.880000114440918,8.630000114440918,8.770000457763672,253500,2013,1,29,2,15734
8.779999732971191,8.850000381469727,8.8100004196167,8.84000015258789,203600,2013,1,30,3,15735
8.729999542236328,9.069999694824219,8.819999694824219,9.0600004196167,398500,2013,1,31,4,15736
9.0,9.15999984741211,9.079999923706055,9.0600004196167,449700,2013,2,1,5,15737
9.050000190734863,9.180000305175781,9.0600004196167,9.09000015258789,391900,2013,2,4,1,15740
8.9399995803833,9.119999885559082,9.100000381469727,8.989999771118164,213100,2013,2,5,2,15741
8.930000305175781,9.020000457763672,9.0,9.020000457763672,159800,2013,2,6,3,15742
8.979999542236328,9.100000381469727,9.020000457763672,8.989999771118164,248200,2013,2,7,4,15743
8.920000076293945,9.029999732971191,9.0,8.920000076293945,97100,2013,2,8,5,15744
8.880000114440918,9.0,8.930000305175781,8.960000038146973,174300,2013,2,11,1,15747
8.920000076293945,9.010000228881836,8.949999809265137,8.979999542236328,411700,2013,2,12,2,15748
8.800000190734863,9.0,8.960000038146973,8.899999618530273,197000,2013,2,13,3,15749
8.59000015258789,8.930000305175781,8.890000343322754,8.600000381469727,649000,2013,2,14,4,15750
8.399999618530273,9.0,8.5600004196167,8.960000038146973,1319400,2013,2,15,5,15751
8.90999984741211,9.430000305175781,8.90999984741211,9.390000343322754,1410500,2013,2,19,2,15755
9.130000114440918,9.380000114440918,9.329999923706055,9.199999809265137,1107100,2013,2,20,3,15756
9.149999618530273,9.329999923706055,9.199999809265137,9.260000228881836,600500,2013,2,21,4,15757
9.229999542236328,9.40999984741211,9.289999961853027,9.350000381469727,486400,2013,2,22,5,15758
9.289999961853027,9.430000305175781,9.350000381469727,9.3100004196167,301000,2013,2,25,1,15761
9.149999618530273,9.380000114440918,9.34000015258789,9.359999656677246,405700,2013,2,26,2,15762
9.289999961853027,9.4399995803833,9.369999885559082,9.390000343322754,259100,2013,2,27,3,15763
9.359999656677246,9.59000015258789,9.399999618530273,9.550000190734863,354400,2013,2,28,4,15764
9.380000114440918,9.550000190734863,9.550000190734863,9.5,249200,2013,3,1,5,15765
9.4399995803833,9.510000228881836,9.449999809265137,9.470000267028809,383500,2013,3,4,1,15768
9.380000114440918,9.520000457763672,9.5,9.510000228881836,305900,2013,3,5,2,15769
9.390000343322754,9.630000114440918,9.529999732971191,9.420000076293945,353000,2013,3,6,3,15770
9.390000343322754,9.529999732971191,9.420000076293945,9.5,377500,2013,3,7,4,15771
9.449999809265137,9.5600004196167,9.5,9.460000038146973,358800,2013,3,8,5,15772
9.380000114440918,9.510000228881836,9.479999542236328,9.5,343900,2013,3,11,1,15775
9.399999618530273,9.529999732971191,9.529999732971191,9.449999809265137,331700,2013,3,12,2,15776
9.369999885559082,9.5,9.460000038146973,9.449999809265137,188900,2013,3,13,3,15777
9.390000343322754,9.609999656677246,9.479999542236328,9.600000381469727,885700,2013,3,14,4,15778
9.550000190734863,9.619999885559082,9.600000381469727,9.59000015258789,271200,2013,3,15,5,15779
9.430000305175781,9.670000076293945,9.5,9.649999618530273,240600,2013,3,18,1,15782
9.640000343322754,9.8100004196167,9.640000343322754,9.729999542236328,303000,2013,3,19,2,15783
9.739999771118164,9.859999656677246,9.789999961853027,9.84000015258789,390100,2013,3,20,3,15784
9.800000190734863,9.979999542236328,9.84000015258789,9.869999885559082,391500,2013,3,21,4,15785
9.819999694824219,9.949999809265137,9.880000114440918,9.899999618530273,208800,2013,3,22,5,15786
9.90999984741211,9.989999771118164,9.949999809265137,9.930000305175781,371000,2013,3,25,1,15789
9.899999618530273,9.979999542236328,9.970000267028809,9.90999984741211,638300,2013,3,26,2,15790
9.819999694824219,10.0,9.930000305175781,9.989999771118164,631100,2013,3,27,3,15791
9.970000267028809,10.149999618530273,9.979999542236328,10.119999885559082,491900,2013,3,28,4,15792
10.069999694824219,10.229999542236328,10.140000343322754,10.220000267028809,404600,2013,4,1,1,15796
10.199999809265137,10.380000114440918,10.239999771118164,10.289999961853027,260500,2013,4,2,2,15797
10.0,10.359999656677246,10.329999923706055,10.050000190734863,261600,2013,4,3,3,15798
10.069999694824219,10.229999542236328,10.069999694824219,10.170000076293945,550600,2013,4,4,4,15799
10.039999961853027,10.140000343322754,10.039999961853027,10.109999656677246,570400,2013,4,5,5,15800
10.050000190734863,10.140000343322754,10.140000343322754,10.100000381469727,528400,2013,4,8,1,15803
10.100000381469727,10.34000015258789,10.109999656677246,10.300000190734863,441400,2013,4,9,2,15804
10.279999732971191,10.449999809265137,10.279999732971191,10.359999656677246,711500,2013,4,10,3,15805
10.369999885559082,10.479999542236328,10.369999885559082,10.470000267028809,464400,2013,4,11,4,15806
10.369999885559082,10.5,10.479999542236328,10.420000076293945,521200,2013,4,12,5,15807
10.210000038146973,10.40999984741211,10.399999618530273,10.239999771118164,460700,2013,4,15,1,15810
10.319999694824219,10.5,10.329999923706055,10.460000038146973,820900,2013,4,16,2,15811
10.40999984741211,10.609999656677246,10.460000038146973,10.5,734800,2013,4,17,3,15812
10.489999771118164,10.850000381469727,10.489999771118164,10.710000038146973,1543300,2013,4,18,4,15813
10.520000457763672,10.800000190734863,10.529999732971191,10.75,814200,2013,4,19,5,15814
10.699999809265137,10.819999694824219,10.739999771118164,10.819999694824219,664800,2013,4,22,1,15817
10.819999694824219,11.050000190734863,10.880000114440918,10.9399995803833,807700,2013,4,23,2,15818
10.9399995803833,11.09000015258789,10.989999771118164,10.960000038146973,886100,2013,4,24,3,15819
10.949999809265137,11.100000381469727,11.079999923706055,11.079999923706055,755300,2013,4,25,4,15820
11.050000190734863,11.25,11.09000015258789,11.130000114440918,652800,2013,4,26,5,15821
11.0,11.1899995803833,11.1899995803833,11.050000190734863,394800,2013,4,29,1,15824
10.869999885559082,11.079999923706055,11.0,10.949999809265137,639500,2013,4,30,2,15825
9.390000343322754,10.149999618530273,10.020000457763672,9.430000305175781,2004300,2013,5,1,3,15826
9.15999984741211,9.369999885559082,9.359999656677246,9.289999961853027,1510300,2013,5,2,4,15827
8.899999618530273,9.350000381469727,9.350000381469727,9.0600004196167,1149800,2013,5,3,5,15828
8.970000267028809,9.09000015258789,9.029999732971191,8.979999542236328,805700,2013,5,6,1,15831
8.9399995803833,9.100000381469727,8.970000267028809,8.989999771118164,536300,2013,5,7,2,15832
8.920000076293945,8.989999771118164,8.960000038146973,8.949999809265137,316300,2013,5,8,3,15833
8.779999732971191,8.979999542236328,8.920000076293945,8.789999961853027,501100,2013,5,9,4,15834
8.720000267028809,8.859999656677246,8.760000228881836,8.84000015258789,445700,2013,5,10,5,15835
8.619999885559082,8.880000114440918,8.869999885559082,8.670000076293945,414400,2013,5,13,1,15838
8.609999656677246,8.75,8.649999618530273,8.729999542236328,366600,2013,5,14,2,15839
8.649999618530273,8.779999732971191,8.6899995803833,8.75,489000,2013,5,15,3,15840
8.739999771118164,8.949999809265137,8.739999771118164,8.880000114440918,499200,2013,5,16,4,15841
8.84000015258789,8.970000267028809,8.880000114440918,8.880000114440918,504000,2013,5,17,5,15842
8.729999542236328,8.880000114440918,8.859999656677246,8.760000228881836,400300,2013,5,20,1,15845
8.699999809265137,8.880000114440918,8.850000381469727,8.779999732971191,406300,2013,5,21,2,15846
8.59000015258789,8.800000190734863,8.770000457763672,8.59000015258789,382600,2013,5,22,3,15847
8.470000267028809,8.579999923706055,8.579999923706055,8.5,352700,2013,5,23,4,15848
8.380000114440918,8.550000190734863,8.4399995803833,8.510000228881836,403900,2013,5,24,5,15849
8.489999771118164,8.770000457763672,8.770000457763672,8.5,367000,2013,5,28,2,15853
8.329999923706055,8.529999732971191,8.489999771118164,8.369999885559082,335000,2013,5,29,3,15854
8.25,8.4399995803833,8.399999618530273,8.260000228881836,299300,2013,5,30,4,15855
8.130000114440918,8.279999732971191,8.270000457763672,8.1899995803833,304200,2013,5,31,5,15856
8.029999732971191,8.15999984741211,8.15999984741211,8.079999923706055,671200,2013,6,3,1,15859
7.989999771118164,8.210000038146973,8.050000190734863,8.069999694824219,645200,2013,6,4,2,15860
8.020000457763672,8.130000114440918,8.079999923706055,8.100000381469727,501100,2013,6,5,3,15861
8.0600004196167,8.229999542236328,8.119999885559082,8.140000343322754,444100,2013,6,6,4,15862
8.020000457763672,8.25,8.15999984741211,8.050000190734863,321900,2013,6,7,5,15863
7.929999828338623,8.149999618530273,8.0600004196167,8.130000114440918,338300,2013,6,10,1,15866
7.949999809265137,8.109999656677246,8.100000381469727,7.989999771118164,299700,2013,6,11,2,15867
7.960000038146973,8.140000343322754,7.989999771118164,8.109999656677246,328800,2013,6,12,3,15868
8.029999732971191,8.109999656677246,8.109999656677246,8.09000015258789,164200,2013,6,13,4,15869
7.949999809265137,8.130000114440918,8.09000015258789,7.980000019073486,178200,2013,6,14,5,15870
7.900000095367432,8.079999923706055,7.989999771118164,7.980000019073486,214400,2013,6,17,1,15873
7.860000133514404,7.989999771118164,7.980000019073486,7.96999979019165,390000,2013,6,18,2,15874
7.789999961853027,8.010000228881836,7.920000076293945,7.840000152587891,491900,2013,6,19,3,15875
7.579999923706055,7.800000190734863,7.730000019073486,7.599999904632568,691700,2013,6,20,4,15876
7.53000020980835,7.670000076293945,7.610000133514404,7.639999866485596,502400,2013,6,21,5,15877
7.389999866485596,7.639999866485596,7.570000171661377,7.559999942779541,454100,2013,6,24,1,15880
7.539999961853027,7.650000095367432,7.599999904632568,7.599999904632568,533900,2013,6,25,2,15881
7.630000114440918,7.789999961853027,7.630000114440918,7.690000057220459,470800,2013,6,26,3,15882
7.679999828338623,7.809999942779541,7.739999771118164,7.710000038146973,409300,2013,6,27,4,15883
7.630000114440918,7.880000114440918,7.670000076293945,7.809999942779541,596500,2013,6,28,5,15884
7.809999942779541,8.0600004196167,7.849999904632568,8.0,458800,2013,7,1,1,15887
7.900000095367432,8.0600004196167,7.929999828338623,7.96999979019165,501900,2013,7,2,2,15888
7.820000171661377,7.980000019073486,7.920000076293945,7.909999847412109,159600,2013,7,3,3,15889
7.820000171661377,8.0,7.920000076293945,7.860000133514404,277800,2013,7,5,5,15891
7.769999980926514,7.96999979019165,7.860000133514404,7.820000171661377,173700,2013,7,8,1,15894
7.809999942779541,8.079999923706055,7.849999904632568,7.96999979019165,291600,2013,7,9,2,15895
7.960000038146973,8.119999885559082,8.0,7.989999771118164,218300,2013,7,10,3,15896
8.0,8.180000305175781,8.09000015258789,8.170000076293945,202400,2013,7,11,4,15897
8.1899995803833,8.40999984741211,8.1899995803833,8.300000190734863,381600,2013,7,12,5,15898
8.149999618530273,8.350000381469727,8.270000457763672,8.199999809265137,317900,2013,7,15,1,15901
8.149999618530273,8.239999771118164,8.15999984741211,8.210000038146973,438000,2013,7,16,2,15902
8.199999809265137,8.34000015258789,8.199999809265137,8.319999694824219,335400,2013,7,17,3,15903
8.279999732971191,8.449999809265137,8.319999694824219,8.380000114440918,508300,2013,7,18,4,15904
8.319999694824219,8.40999984741211,8.319999694824219,8.380000114440918,163600,2013,7,19,5,15905
8.369999885559082,8.449999809265137,8.40999984741211,8.40999984741211,233600,2013,7,22,1,15908
8.369999885559082,8.4399995803833,8.40999984741211,8.430000305175781,149800,2013,7,23,2,15909
8.420000076293945,8.59000015258789,8.449999809265137,8.510000228881836,748500,2013,7,24,3,15910
8.489999771118164,8.569999694824219,8.489999771118164,8.550000190734863,405800,2013,7,25,4,15911
8.460000038146973,8.5600004196167,8.5,8.529999732971191,649000,2013,7,26,5,15912
8.380000114440918,8.510000228881836,8.489999771118164,8.430000305175781,507000,2013,7,29,1,15915
8.34000015258789,8.470000267028809,8.399999618530273,8.380000114440918,487700,2013,7,30,2,15916
8.359999656677246,8.479999542236328,8.40999984741211,8.369999885559082,828600,2013,7,31,3,15917
8.289999961853027,8.84000015258789,8.380000114440918,8.75,1829000,2013,8,1,4,15918
8.619999885559082,8.8100004196167,8.770000457763672,8.640000343322754,466500,2013,8,2,5,15919
8.520000457763672,8.649999618530273,8.630000114440918,8.649999618530273,188100,2013,8,5,1,15922
8.529999732971191,8.699999809265137,8.649999618530273,8.5600004196167,244700,2013,8,6,2,15923
8.489999771118164,8.579999923706055,8.529999732971191,8.5,194800,2013,8,7,3,15924
8.430000305175781,8.550000190734863,8.550000190734863,8.489999771118164,285200,2013,8,8,4,15925
8.359999656677246,8.489999771118164,8.489999771118164,8.380000114440918,214400,2013,8,9,5,15926
8.229999542236328,8.399999618530273,8.319999694824219,8.350000381469727,324700,2013,8,12,1,15929
8.270000457763672,8.399999618530273,8.34000015258789,8.289999961853027,113800,2013,8,13,2,15930
8.140000343322754,8.279999732971191,8.270000457763672,8.260000228881836,359700,2013,8,14,3,15931
8.109999656677246,8.229999542236328,8.180000305175781,8.119999885559082,222800,2013,8,15,4,15932
8.010000228881836,8.149999618530273,8.149999618530273,8.119999885559082,235200,2013,8,16,5,15933
7.940000057220459,8.069999694824219,8.069999694824219,7.980000019073486,334100,2013,8,19,1,15936
7.940000057220459,8.039999961853027,7.960000038146973,8.039999961853027,266200,2013,8,20,2,15937
7.920000076293945,8.039999961853027,8.010000228881836,7.989999771118164,720300,2013,8,21,3,15938
7.949999809265137,8.050000190734863,8.010000228881836,8.0,205300,2013,8,22,4,15939
7.889999866485596,8.050000190734863,8.0,8.010000228881836,356800,2013,8,23,5,15940
7.949999809265137,8.140000343322754,8.0,7.96999979019165,367400,2013,8,26,1,15943
7.849999904632568,7.980000019073486,7.869999885559082,7.900000095367432,436500,2013,8,27,2,15944
7.869999885559082,7.960000038146973,7.880000114440918,7.900000095367432,291000,2013,8,28,3,15945
7.849999904632568,7.949999809265137,7.880000114440918,7.900000095367432,213800,2013,8,29,4,15946
7.880000114440918,8.039999961853027,7.880000114440918,7.989999771118164,301700,2013,8,30,5,15947
7.989999771118164,8.069999694824219,8.0,7.989999771118164,430600,2013,9,3,2,15951
7.920000076293945,8.100000381469727,7.96999979019165,8.010000228881836,1554300,2013,9,4,3,15952
8.0,8.229999542236328,8.039999961853027,8.170000076293945,698700,2013,9,5,4,15953
8.0,8.239999771118164,8.229999542236328,8.0,217800,2013,9,6,5,15954
7.960000038146973,8.069999694824219,8.039999961853027,8.029999732971191,449300,2013,9,9,1,15957
8.029999732971191,8.109999656677246,8.079999923706055,8.069999694824219,561500,2013,9,10,2,15958
8.020000457763672,8.199999809265137,8.079999923706055,8.170000076293945,634500,2013,9,11,3,15959
8.020000457763672,8.220000267028809,8.170000076293945,8.020000457763672,215400,2013,9,12,4,15960
8.010000228881836,8.0600004196167,8.0600004196167,8.020000457763672,173200,2013,9,13,5,15961
7.96999979019165,8.100000381469727,8.069999694824219,8.029999732971191,543000,2013,9,16,1,15964
8.0,8.210000038146973,8.050000190734863,8.100000381469727,403700,2013,9,17,2,15965
8.020000457763672,8.289999961853027,8.09000015258789,8.239999771118164,418800,2013,9,18,3,15966
8.119999885559082,8.279999732971191,8.270000457763672,8.130000114440918,204300,2013,9,19,4,15967
8.010000228881836,8.15999984741211,8.149999618530273,8.010000228881836,206400,2013,9,20,5,15968
7.909999847412109,8.029999732971191,7.980000019073486,8.0,432100,2013,9,23,1,15971
7.980000019073486,8.119999885559082,7.980000019073486,8.010000228881836,243300,2013,9,24,2,15972
7.929999828338623,8.050000190734863,8.039999961853027,7.940000057220459,571700,2013,9,25,3,15973
7.860000133514404,7.960000038146973,7.940000057220459,7.880000114440918,292500,2013,9,26,4,15974
7.789999961853027,7.880000114440918,7.849999904632568,7.869999885559082,255900,2013,9,27,5,15975
7.650000095367432,7.849999904632568,7.849999904632568,7.690000057220459,362900,2013,9,30,1,15978
7.619999885559082,7.789999961853027,7.670000076293945,7.710000038146973,265100,2013,10,1,2,15979
7.630000114440918,7.71999979019165,7.630000114440918,7.71999979019165,210300,2013,10,2,3,15980
7.599999904632568,7.739999771118164,7.730000019073486,7.619999885559082,410500,2013,10,3,4,15981
7.539999961853027,7.630000114440918,7.599999904632568,7.599999904632568,445600,2013,10,4,5,15982
7.559999942779541,7.679999828338623,7.570000171661377,7.590000152587891,153300,2013,10,7,1,15985
7.539999961853027,7.690000057220459,7.579999923706055,7.590000152587891,347200,2013,10,8,2,15986
7.489999771118164,7.579999923706055,7.579999923706055,7.579999923706055,240700,2013,10,9,3,15987
7.550000190734863,7.75,7.590000152587891,7.650000095367432,256000,2013,10,10,4,15988
7.590000152587891,7.739999771118164,7.650000095367432,7.71999979019165,143900,2013,10,11,5,15989
7.690000057220459,7.809999942779541,7.71999979019165,7.760000228881836,117800,2013,10,14,1,15992
7.739999771118164,7.920000076293945,7.789999961853027,7.869999885559082,248400,2013,10,15,2,15993
7.900000095367432,8.050000190734863,7.920000076293945,7.980000019073486,162400,2013,10,16,3,15994
7.900000095367432,8.100000381469727,7.980000019073486,8.050000190734863,272600,2013,10,17,4,15995
7.96999979019165,8.09000015258789,8.079999923706055,8.020000457763672,246100,2013,10,18,5,15996
7.96999979019165,8.079999923706055,8.0,8.010000228881836,221500,2013,10,21,1,15999
8.010000228881836,8.079999923706055,8.029999732971191,8.029999732971191,372400,2013,10,22,2,16000
7.96999979019165,8.079999923706055,7.980000019073486,8.020000457763672,218700,2013,10,23,3,16001
7.940000057220459,8.210000038146973,8.010000228881836,8.119999885559082,403600,2013,10,24,4,16002
8.050000190734863,8.140000343322754,8.109999656677246,8.100000381469727,144400,2013,10,25,5,16003
8.029999732971191,8.140000343322754,8.0600004196167,8.050000190734863,166700,2013,10,28,1,16006
8.0,8.119999885559082,8.039999961853027,8.050000190734863,289300,2013,10,29,2,16007
7.949999809265137,8.079999923706055,8.079999923706055,7.960000038146973,469400,2013,10,30,3,16008
7.960000038146973,8.289999961853027,7.980000019073486,8.199999809265137,1138600,2013,10,31,4,16009
8.199999809265137,8.619999885559082,8.229999542236328,8.619999885559082,847600,2013,11,1,5,16010
8.430000305175781,8.680000305175781,8.619999885559082,8.479999542236328,305200,2013,11,4,1,16013
8.3100004196167,8.430000305175781,8.430000305175781,8.430000305175781,318000,2013,11,5,2,16014
8.369999885559082,8.4399995803833,8.4399995803833,8.399999618530273,228300,2013,11,6,3,16015
8.229999542236328,8.430000305175781,8.390000343322754,8.25,287800,2013,11,7,4,16016
8.149999618530273,8.239999771118164,8.239999771118164,8.210000038146973,138200,2013,11,8,5,16017
8.180000305175781,8.25,8.180000305175781,8.210000038146973,133200,2013,11,11,1,16020
8.210000038146973,8.319999694824219,8.220000267028809,8.300000190734863,195800,2013,11,12,2,16021
8.229999542236328,8.3100004196167,8.279999732971191,8.300000190734863,312700,2013,11,13,3,16022
8.279999732971191,8.380000114440918,8.289999961853027,8.329999923706055,109800,2013,11,14,4,16023
8.229999542236328,8.319999694824219,8.300000190734863,8.279999732971191,168800,2013,11,15,5,16024
8.3100004196167,8.550000190734863,8.3100004196167,8.5,249600,2013,11,18,1,16027
8.420000076293945,8.5600004196167,8.520000457763672,8.550000190734863,405900,2013,11,19,2,16028
8.550000190734863,8.65999984741211,8.579999923706055,8.609999656677246,381200,2013,11,20,3,16029
8.470000267028809,8.609999656677246,8.609999656677246,8.520000457763672,233800,2013,11,21,4,16030
8.5,8.600000381469727,8.510000228881836,8.569999694824219,154100,2013,11,22,5,16031
8.550000190734863,8.739999771118164,8.59000015258789,8.5600004196167,306600,2013,11,25,1,16034
8.4399995803833,8.619999885559082,8.520000457763672,8.460000038146973,224300,2013,11,26,2,16035
8.319999694824219,8.520000457763672,8.390000343322754,8.489999771118164,105700,2013,11,27,3,16036
8.369999885559082,8.539999961853027,8.489999771118164,8.369999885559082,120000,2013,11,29,5,16038
8.350000381469727,8.5,8.399999618530273,8.369999885559082,709700,2013,12,2,1,16041
8.34000015258789,8.449999809265137,8.390000343322754,8.399999618530273,951500,2013,12,3,2,16042
8.390000343322754,8.579999923706055,8.40999984741211,8.5,522900,2013,12,4,3,16043
8.460000038146973,8.680000305175781,8.510000228881836,8.460000038146973,220800,2013,12,5,4,16044
8.5,8.609999656677246,8.529999732971191,8.529999732971191,204700,2013,12,6,5,16045
8.550000190734863,8.630000114440918,8.579999923706055,8.5600004196167,204900,2013,12,9,1,16048
8.470000267028809,8.710000038146973,8.569999694824219,8.489999771118164,165200,2013,12,10,2,16049
8.279999732971191,8.479999542236328,8.34000015258789,8.329999923706055,324500,2013,12,11,3,16050
8.100000381469727,8.319999694824219,8.300000190734863,8.130000114440918,857300,2013,12,12,4,16051
8.09000015258789,8.220000267028809,8.09000015258789,8.180000305175781,216800,2013,12,13,5,16052
8.069999694824219,8.25,8.25,8.079999923706055,240400,2013,12,16,1,16055
7.900000095367432,8.079999923706055,8.0600004196167,7.909999847412109,206100,2013,12,17,2,16056
7.880000114440918,8.010000228881836,7.909999847412109,7.940000057220459,277600,2013,12,18,3,16057
7.809999942779541,8.0,7.929999828338623,7.949999809265137,195900,2013,12,19,4,16058
7.889999866485596,8.029999732971191,7.96999979019165,8.010000228881836,255900,2013,12,20,5,16059
7.900000095367432,8.140000343322754,8.020000457763672,7.989999771118164,232900,2013,12,23,1,16062
7.960000038146973,8.109999656677246,7.960000038146973,8.079999923706055,231700,2013,12,24,2,16063
8.0,8.140000343322754,8.119999885559082,8.039999961853027,122200,2013,12,26,4,16065
8.0,8.09000015258789,8.039999961853027,8.0600004196167,70000,2013,12,27,5,16066
8.0600004196167,8.130000114440918,8.130000114440918,8.100000381469727,230500,2013,12,30,1,16069
8.050000190734863,8.170000076293945,8.09000015258789,8.0600004196167,156200,2013,12,31,2,16070
7.909999847412109,8.039999961853027,8.020000457763672,7.929999828338623,154700,2014,1,2,4,16072
7.869999885559082,8.010000228881836,7.96999979019165,7.949999809265137,179300,2014,1,3,5,16073
7.869999885559082,7.96999979019165,7.949999809265137,7.900000095367432,125700,2014,1,6,1,16076
7.880000114440918,8.119999885559082,7.900000095367432,8.079999923706055,255100,2014,1,7,2,16077
8.050000190734863,8.149999618530273,8.050000190734863,8.09000015258789,219900,2014,1,8,3,16078
7.960000038146973,8.09000015258789,8.09000015258789,8.069999694824219,208900,2014,1,9,4,16079
8.029999732971191,8.170000076293945,8.039999961853027,8.15999984741211,184900,2014,1,10,5,16080
8.069999694824219,8.180000305175781,8.100000381469727,8.109999656677246,133800,2014,1,13,1,16083
7.920000076293945,8.119999885559082,8.109999656677246,7.96999979019165,233700,2014,1,14,2,16084
7.920000076293945,8.199999809265137,8.010000228881836,8.109999656677246,257000,2014,1,15,3,16085
8.029999732971191,8.119999885559082,8.119999885559082,8.050000190734863,80300,2014,1,16,4,16086
7.889999866485596,8.029999732971191,8.020000457763672,7.949999809265137,214700,2014,1,17,5,16087
7.949999809265137,8.029999732971191,7.980000019073486,8.010000228881836,162900,2014,1,21,2,16091
7.929999828338623,8.0600004196167,8.0,8.010000228881836,125700,2014,1,22,3,16092
7.889999866485596,8.020000457763672,8.0,7.909999847412109,160800,2014,1,23,4,16093
7.71999979019165,7.929999828338623,7.909999847412109,7.730000019073486,244600,2014,1,24,5,16094
7.599999904632568,7.960000038146973,7.710000038146973,7.900000095367432,492200,2014,1,27,1,16097
7.860000133514404,8.050000190734863,7.929999828338623,8.0,210900,2014,1,28,2,16098
7.909999847412109,8.029999732971191,7.940000057220459,7.920000076293945,391300,2014,1,29,3,16099
7.820000171661377,7.960000038146973,7.900000095367432,7.849999904632568,148700,2014,1,30,4,16100
7.679999828338623,7.860000133514404,7.829999923706055,7.860000133514404,363000,2014,1,31,5,16101
7.630000114440918,7.949999809265137,7.909999847412109,7.769999980926514,429100,2014,2,3,1,16104
7.710000038146973,7.96999979019165,7.820000171661377,7.960000038146973,265800,2014,2,4,2,16105
7.900000095367432,8.550000190734863,7.96999979019165,7.96999979019165,2980800,2014,2,5,3,16106
7.929999828338623,8.09000015258789,8.0,7.949999809265137,944500,2014,2,6,4,16107
7.920000076293945,8.010000228881836,7.940000057220459,8.0,306800,2014,2,7,5,16108
7.929999828338623,8.039999961853027,8.0,7.989999771118164,918000,2014,2,10,1,16111
7.940000057220459,8.100000381469727,8.039999961853027,7.960000038146973,1625800,2014,2,11,2,16112
7.869999885559082,8.420000076293945,7.920000076293945,8.039999961853027,2789400,2014,2,12,3,16113
7.889999866485596,8.039999961853027,7.909999847412109,8.0,1096000,2014,2,13,4,16114
7.940000057220459,8.069999694824219,8.0,8.029999732971191,367800,2014,2,14,5,16115
8.020000457763672,8.100000381469727,8.050000190734863,8.0600004196167,692000,2014,2,18,2,16119
8.0,8.149999618530273,8.050000190734863,8.119999885559082,426200,2014,2,19,3,16120
8.079999923706055,8.40999984741211,8.100000381469727,8.390000343322754,301300,2014,2,20,4,16121
8.279999732971191,8.460000038146973,8.40999984741211,8.279999732971191,307600,2014,2,21,5,16122
8.3100004196167,8.380000114440918,8.319999694824219,8.3100004196167,147000,2014,2,24,1,16125
8.1899995803833,8.329999923706055,8.279999732971191,8.220000267028809,202300,2014,2,25,2,16126
8.15999984741211,8.220000267028809,8.210000038146973,8.170000076293945,349500,2014,2,26,3,16127
8.079999923706055,8.180000305175781,8.149999618530273,8.119999885559082,971000,2014,2,27,4,16128
8.079999923706055,8.1899995803833,8.140000343322754,8.140000343322754,1167900,2014,2,28,5,16129
8.029999732971191,8.149999618530273,8.069999694824219,8.119999885559082,656600,2014,3,3,1,16132
8.079999923706055,8.1899995803833,8.1899995803833,8.109999656677246,604400,2014,3,4,2,16133
8.109999656677246,8.210000038146973,8.119999885559082,8.15999984741211,276000,2014,3,5,3,16134
7.909999847412109,8.149999618530273,8.020000457763672,8.119999885559082,1218200,2014,3,6,4,16135
8.0,8.130000114440918,8.029999732971191,8.0600004196167,649000,2014,3,7,5,16136
8.020000457763672,8.100000381469727,8.050000190734863,8.09000015258789,360500,2014,3,10,1,16139
7.980000019073486,8.119999885559082,8.0600004196167,8.029999732971191,793600,2014,3,11,2,16140
7.960000038146973,8.079999923706055,7.96999979019165,7.980000019073486,794700,2014,3,12,3,16141
7.960000038146973,8.050000190734863,7.980000019073486,7.980000019073486,642700,2014,3,13,4,16142
7.949999809265137,8.050000190734863,7.96999979019165,8.020000457763672,450800,2014,3,14,5,16143
7.900000095367432,8.09000015258789,7.900000095367432,8.050000190734863,219300,2014,3,17,1,16146
7.980000019073486,8.149999618530273,8.029999732971191,8.149999618530273,252000,2014,3,18,2,16147
8.0600004196167,8.15999984741211,8.149999618530273,8.09000015258789,438700,2014,3,19,3,16148
8.039999961853027,8.119999885559082,8.079999923706055,8.050000190734863,495400,2014,3,20,4,16149
7.989999771118164,8.109999656677246,8.09000015258789,8.020000457763672,473700,2014,3,21,5,16150
7.960000038146973,8.069999694824219,8.010000228881836,7.96999979019165,1677900,2014,3,24,1,16153
7.949999809265137,8.1899995803833,8.0,8.170000076293945,684200,2014,3,25,2,16154
7.989999771118164,8.210000038146973,8.199999809265137,8.029999732971191,562100,2014,3,26,3,16155
8.0,8.25,8.010000228881836,8.170000076293945,1835200,2014,3,27,4,16156
8.170000076293945,8.550000190734863,8.1899995803833,8.460000038146973,938700,2014,3,28,5,16157
8.4399995803833,8.539999961853027,8.489999771118164,8.470000267028809,457700,2014,3,31,1,16160
8.119999885559082,8.550000190734863,8.5,8.119999885559082,610000,2014,4,1,2,16161
8.020000457763672,8.149999618530273,8.149999618530273,8.119999885559082,408300,2014,4,2,3,16162
8.079999923706055,8.15999984741211,8.140000343322754,8.149999618530273,311500,2014,4,3,4,16163
8.199999809265137,8.470000267028809,8.199999809265137,8.380000114440918,433600,2014,4,4,5,16164
8.3100004196167,8.569999694824219,8.34000015258789,8.420000076293945,610300,2014,4,7,1,16167
8.260000228881836,8.470000267028809,8.420000076293945,8.279999732971191,203000,2014,4,8,2,16168
8.210000038146973,8.329999923706055,8.279999732971191,8.300000190734863,159400,2014,4,9,3,16169
8.170000076293945,8.34000015258789,8.3100004196167,8.210000038146973,230500,2014,4,10,4,16170
8.020000457763672,8.170000076293945,8.140000343322754,8.029999732971191,221000,2014,4,11,5,16171
8.039999961853027,8.130000114440918,8.069999694824219,8.0600004196167,212300,2014,4,14,1,16174
8.020000457763672,8.119999885559082,8.09000015258789,8.050000190734863,248500,2014,4,15,2,16175
8.039999961853027,8.119999885559082,8.079999923706055,8.069999694824219,193100,2014,4,16,3,16176
8.0,8.119999885559082,8.09000015258789,8.119999885559082,106000,2014,4,17,4,16177
8.050000190734863,8.119999885559082,8.119999885559082,8.0600004196167,92000,2014,4,21,1,16181
8.050000190734863,8.109999656677246,8.09000015258789,8.069999694824219,234300,2014,4,22,2,16182
8.0600004196167,8.140000343322754,8.069999694824219,8.119999885559082,449700,2014,4,23,3,16183
8.149999618530273,8.239999771118164,8.170000076293945,8.210000038146973,300400,2014,4,24,4,16184
8.15999984741211,8.239999771118164,8.180000305175781,8.220000267028809,210600,2014,4,25,5,16185
8.130000114440918,8.239999771118164,8.239999771118164,8.140000343322754,202400,2014,4,28,1,16188
8.09000015258789,8.199999809265137,8.140000343322754,8.1899995803833,226000,2014,4,29,2,16189
8.09000015258789,8.180000305175781,8.149999618530273,8.119999885559082,72700,2014,4,30,3,16190
8.069999694824219,8.180000305175781,8.140000343322754,8.15999984741211,144000,2014,5,1,4,16191
8.109999656677246,8.239999771118164,8.140000343322754,8.239999771118164,375700,2014,5,2,5,16192
8.140000343322754,8.229999542236328,8.229999542236328,8.15999984741211,111900,2014,5,5,1,16195
8.039999961853027,8.149999618530273,8.130000114440918,8.079999923706055,253300,2014,5,6,2,16196
6.840000152587891,7.909999847412109,7.880000114440918,7.260000228881836,2318700,2014,5,7,3,16197
7.010000228881836,7.320000171661377,7.260000228881836,7.239999771118164,763600,2014,5,8,4,16198
7.210000038146973,7.309999942779541,7.210000038146973,7.269999980926514,411500,2014,5,9,5,16199
7.150000095367432,7.340000152587891,7.28000020980835,7.179999828338623,431000,2014,5,12,1,16202
7.119999885559082,7.25,7.190000057220459,7.21999979019165,318900,2014,5,13,2,16203
7.099999904632568,7.210000038146973,7.190000057220459,7.110000133514404,290300,2014,5,14,3,16204
7.03000020980835,7.150000095367432,7.099999904632568,7.03000020980835,210100,2014,5,15,4,16205
7.03000020980835,7.119999885559082,7.03000020980835,7.110000133514404,179300,2014,5,16,5,16206
7.070000171661377,7.130000114440918,7.070000171661377,7.090000152587891,213400,2014,5,19,1,16209
7.050000190734863,7.130000114440918,7.110000133514404,7.119999885559082,260100,2014,5,20,2,16210
7.070000171661377,7.139999866485596,7.070000171661377,7.119999885559082,117600,2014,5,21,3,16211
7.070000171661377,7.139999866485596,7.119999885559082,7.079999923706055,179700,2014,5,22,4,16212
7.099999904632568,7.21999979019165,7.139999866485596,7.210000038146973,164800,2014,5,23,5,16213
7.110000133514404,7.329999923706055,7.260000228881836,7.139999866485596,274000,2014,5,27,2,16217
6.940000057220459,7.199999809265137,7.099999904632568,6.989999771118164,2029300,2014,5,28,3,16218
6.78000020980835,7.0,7.0,6.820000171661377,550600,2014,5,29,4,16219
6.880000114440918,7.099999904632568,6.920000076293945,7.099999904632568,416600,2014,5,30,5,16220
7.019999980926514,7.150000095367432,7.099999904632568,7.039999961853027,215600,2014,6,2,1,16223
6.980000019073486,7.079999923706055,7.03000020980835,7.0,239900,2014,6,3,2,16224
6.929999828338623,7.050000190734863,6.949999809265137,6.96999979019165,319600,2014,6,4,3,16225
6.929999828338623,7.099999904632568,6.949999809265137,7.03000020980835,305400,2014,6,5,4,16226
7.0,7.130000114440918,7.010000228881836,7.110000133514404,349500,2014,6,6,5,16227
7.150000095367432,7.260000228881836,7.150000095367432,7.260000228881836,266500,2014,6,9,1,16230
7.150000095367432,7.269999980926514,7.230000019073486,7.179999828338623,203300,2014,6,10,2,16231
7.150000095367432,7.199999809265137,7.150000095367432,7.159999847412109,106700,2014,6,11,3,16232
7.0,7.150000095367432,7.110000133514404,7.079999923706055,260800,2014,6,12,4,16233
7.070000171661377,7.139999866485596,7.119999885559082,7.110000133514404,241200,2014,6,13,5,16234
7.059999942779541,7.139999866485596,7.130000114440918,7.099999904632568,252600,2014,6,16,1,16237
7.059999942779541,7.139999866485596,7.139999866485596,7.110000133514404,207700,2014,6,17,2,16238
7.110000133514404,7.210000038146973,7.130000114440918,7.139999866485596,570700,2014,6,18,3,16239
7.019999980926514,7.210000038146973,7.179999828338623,7.090000152587891,475900,2014,6,19,4,16240
7.019999980926514,7.139999866485596,7.050000190734863,7.119999885559082,379100,2014,6,20,5,16241
7.0,7.159999847412109,7.150000095367432,7.050000190734863,342700,2014,6,23,1,16244
6.909999847412109,7.039999961853027,7.03000020980835,6.929999828338623,385300,2014,6,24,2,16245
6.869999885559082,6.960000038146973,6.900000095367432,6.929999828338623,265700,2014,6,25,3,16246
6.889999866485596,7.0,6.989999771118164,6.940000057220459,108900,2014,6,26,4,16247
6.869999885559082,6.940000057220459,6.920000076293945,6.929999828338623,359800,2014,6,27,5,16248
7.019999980926514,7.099999904632568,7.090000152587891,7.070000171661377,245300,2014,6,30,1,16251
7.039999961853027,7.159999847412109,7.070000171661377,7.090000152587891,326400,2014,7,1,2,16252
7.039999961853027,7.150000095367432,7.150000095367432,7.150000095367432,276000,2014,7,2,3,16253
7.119999885559082,7.190000057220459,7.139999866485596,7.150000095367432,84500,2014,7,3,4,16254
7.050000190734863,7.159999847412109,7.119999885559082,7.139999866485596,187700,2014,7,7,1,16258
7.090000152587891,7.130000114440918,7.130000114440918,7.110000133514404,239100,2014,7,8,2,16259
7.039999961853027,7.139999866485596,7.059999942779541,7.110000133514404,617100,2014,7,9,3,16260
6.989999771118164,7.099999904632568,7.059999942779541,7.059999942779541,491300,2014,7,10,4,16261
7.010000228881836,7.110000133514404,7.019999980926514,7.050000190734863,300000,2014,7,11,5,16262
6.989999771118164,7.059999942779541,7.039999961853027,7.010000228881836,149600,2014,7,14,1,16265
6.929999828338623,6.989999771118164,6.940000057220459,6.96999979019165,140500,2014,7,15,2,16266
6.949999809265137,7.010000228881836,7.010000228881836,6.96999979019165,122200,2014,7,16,3,16267
6.900000095367432,6.980000019073486,6.949999809265137,6.900000095367432,182300,2014,7,17,4,16268
6.900000095367432,6.960000038146973,6.920000076293945,6.909999847412109,118100,2014,7,18,5,16269
6.849999904632568,6.929999828338623,6.900000095367432,6.860000133514404,131600,2014,7,21,1,16272
6.849999904632568,6.920000076293945,6.889999866485596,6.880000114440918,163800,2014,7,22,2,16273
6.829999923706055,6.920000076293945,6.889999866485596,6.849999904632568,466900,2014,7,23,3,16274
6.849999904632568,6.929999828338623,6.849999904632568,6.929999828338623,203800,2014,7,24,4,16275
6.809999942779541,6.960000038146973,6.940000057220459,6.809999942779541,407500,2014,7,25,5,16276
6.739999771118164,6.860000133514404,6.800000190734863,6.75,215100,2014,7,28,1,16279
6.679999828338623,6.769999980926514,6.730000019073486,6.679999828338623,235500,2014,7,29,2,16280
6.599999904632568,6.699999809265137,6.670000076293945,6.630000114440918,189800,2014,7,30,3,16281
6.610000133514404,6.960000038146973,6.710000038146973,6.869999885559082,567100,2014,7,31,4,16282
6.929999828338623,7.110000133514404,7.019999980926514,6.940000057220459,866800,2014,8,1,5,16283
6.980000019073486,7.300000190734863,7.0,7.300000190734863,763900,2014,8,4,1,16286
7.139999866485596,7.380000114440918,7.199999809265137,7.269999980926514,500800,2014,8,5,2,16287
7.260000228881836,7.360000133514404,7.260000228881836,7.340000152587891,121000,2014,8,6,3,16288
7.190000057220459,7.380000114440918,7.340000152587891,7.340000152587891,249800,2014,8,7,4,16289
7.28000020980835,7.380000114440918,7.380000114440918,7.309999942779541,185900,2014,8,8,5,16290
7.28000020980835,7.409999847412109,7.309999942779541,7.320000171661377,220400,2014,8,11,1,16293
7.269999980926514,7.420000076293945,7.300000190734863,7.329999923706055,188900,2014,8,12,2,16294
7.28000020980835,7.360000133514404,7.320000171661377,7.28000020980835,276900,2014,8,13,3,16295
7.28000020980835,7.389999866485596,7.309999942779541,7.369999885559082,674100,2014,8,14,4,16296
7.389999866485596,7.75,7.400000095367432,7.5,1395600,2014,8,15,5,16297
7.360000133514404,7.630000114440918,7.630000114440918,7.400000095367432,1774300,2014,8,18,1,16300
7.409999847412109,7.670000076293945,7.480000019073486,7.599999904632568,997300,2014,8,19,2,16301
7.440000057220459,7.639999866485596,7.619999885559082,7.559999942779541,734400,2014,8,20,3,16302
7.510000228881836,7.590000152587891,7.590000152587891,7.539999961853027,413100,2014,8,21,4,16303
7.340000152587891,7.559999942779541,7.53000020980835,7.349999904632568,569600,2014,8,22,5,16304
7.300000190734863,7.460000038146973,7.420000076293945,7.349999904632568,408000,2014,8,25,1,16307
7.289999961853027,7.400000095367432,7.320000171661377,7.309999942779541,246100,2014,8,26,2,16308
7.28000020980835,7.380000114440918,7.320000171661377,7.289999961853027,319300,2014,8,27,3,16309
7.440000057220459,7.639999866485596,7.630000114440918,7.489999771118164,2370900,2014,8,28,4,16310
7.480000019073486,7.550000190734863,7.489999771118164,7.5,1305300,2014,8,29,5,16311
7.320000171661377,7.550000190734863,7.400000095367432,7.510000228881836,1280100,2014,9,2,2,16315
7.5,7.630000114440918,7.53000020980835,7.579999923706055,571200,2014,9,3,3,16316
7.550000190734863,7.699999809265137,7.550000190734863,7.659999847412109,426300,2014,9,4,4,16317
7.570000171661377,7.699999809265137,7.699999809265137,7.570000171661377,467200,2014,9,5,5,16318
7.510000228881836,7.639999866485596,7.579999923706055,7.510000228881836,332600,2014,9,8,1,16321
7.46999979019165,7.610000133514404,7.489999771118164,7.599999904632568,379100,2014,9,9,2,16322
7.550000190734863,7.659999847412109,7.630000114440918,7.590000152587891,907300,2014,9,10,3,16323
7.550000190734863,7.630000114440918,7.610000133514404,7.599999904632568,406800,2014,9,11,4,16324
7.400000095367432,7.610000133514404,7.590000152587891,7.449999809265137,478500,2014,9,12,5,16325
7.420000076293945,7.510000228881836,7.480000019073486,7.440000057220459,225300,2014,9,15,1,16328
7.420000076293945,7.480000019073486,7.460000038146973,7.449999809265137,523100,2014,9,16,2,16329
7.400000095367432,7.5,7.480000019073486,7.46999979019165,253700,2014,9,17,3,16330
7.409999847412109,7.46999979019165,7.460000038146973,7.449999809265137,363800,2014,9,18,4,16331
7.340000152587891,7.480000019073486,7.46999979019165,7.360000133514404,210300,2014,9,19,5,16332
7.239999771118164,7.340000152587891,7.320000171661377,7.289999961853027,507100,2014,9,22,1,16335
7.199999809265137,7.269999980926514,7.25,7.199999809265137,349900,2014,9,23,2,16336
7.070000171661377,7.210000038146973,7.190000057220459,7.099999904632568,512500,2014,9,24,3,16337
7.010000228881836,7.099999904632568,7.03000020980835,7.070000171661377,445600,2014,9,25,4,16338
7.039999961853027,7.150000095367432,7.099999904632568,7.119999885559082,264200,2014,9,26,5,16339
6.949999809265137,7.090000152587891,7.079999923706055,6.960000038146973,262200,2014,9,29,1,16342
6.869999885559082,6.96999979019165,6.920000076293945,6.869999885559082,259200,2014,9,30,2,16343
6.800000190734863,6.900000095367432,6.840000152587891,6.849999904632568,425500,2014,10,1,3,16344
6.840000152587891,6.940000057220459,6.869999885559082,6.860000133514404,310700,2014,10,2,4,16345
6.809999942779541,6.929999828338623,6.849999904632568,6.909999847412109,184200,2014,10,3,5,16346
6.820000171661377,6.920000076293945,6.869999885559082,6.860000133514404,464100,2014,10,6,1,16349
6.710000038146973,6.860000133514404,6.809999942779541,6.71999979019165,295500,2014,10,7,2,16350
6.630000114440918,6.789999961853027,6.75,6.769999980926514,251600,2014,10,8,3,16351
6.559999942779541,6.739999771118164,6.71999979019165,6.639999866485596,444000,2014,10,9,4,16352
6.579999923706055,6.71999979019165,6.590000152587891,6.619999885559082,473100,2014,10,10,5,16353
6.599999904632568,6.800000190734863,6.610000133514404,6.690000057220459,457000,2014,10,13,1,16356
6.440000057220459,6.739999771118164,6.679999828338623,6.480000019073486,763200,2014,10,14,2,16357
6.349999904632568,6.559999942779541,6.409999847412109,6.46999979019165,605100,2014,10,15,3,16358
6.360000133514404,6.489999771118164,6.449999809265137,6.460000038146973,390600,2014,10,16,4,16359
6.400000095367432,6.510000228881836,6.449999809265137,6.400000095367432,211600,2014,10,17,5,16360
6.400000095367432,6.550000190734863,6.480000019073486,6.5,348300,2014,10,20,1,16363
6.480000019073486,6.570000171661377,6.5,6.550000190734863,495100,2014,10,21,2,16364
6.480000019073486,6.590000152587891,6.590000152587891,6.480000019073486,291600,2014,10,22,3,16365
6.429999828338623,6.610000133514404,6.53000020980835,6.449999809265137,278200,2014,10,23,4,16366
6.400000095367432,6.53000020980835,6.429999828338623,6.489999771118164,211400,2014,10,24,5,16367
6.409999847412109,6.53000020980835,6.5,6.5,257300,2014,10,27,1,16370
6.440000057220459,6.550000190734863,6.489999771118164,6.510000228881836,438000,2014,10,28,2,16371
6.099999904632568,6.539999961853027,6.46999979019165,6.25,1896700,2014,10,29,3,16372
5.949999809265137,6.21999979019165,6.190000057220459,6.050000190734863,2944400,2014,10,30,4,16373
6.0,6.159999847412109,6.079999923706055,6.070000171661377,2477700,2014,10,31,5,16374
6.059999942779541,6.239999771118164,6.079999923706055,6.21999979019165,655300,2014,11,3,1,16377
6.0,6.25,6.21999979019165,6.039999961853027,901500,2014,11,4,2,16378
6.010000228881836,6.139999866485596,6.059999942779541,6.059999942779541,652700,2014,11,5,3,16379
6.199999809265137,7.059999942779541,6.400000095367432,6.239999771118164,8118200,2014,11,6,4,16380
6.019999980926514,6.440000057220459,6.25,6.369999885559082,5159500,2014,11,7,5,16381
6.349999904632568,6.639999866485596,6.360000133514404,6.53000020980835,1731800,2014,11,10,1,16384
6.400000095367432,6.610000133514404,6.539999961853027,6.449999809265137,727400,2014,11,11,2,16385
6.400000095367432,6.519999980926514,6.429999828338623,6.46999979019165,2832400,2014,11,12,3,16386
6.510000228881836,6.639999866485596,6.510000228881836,6.619999885559082,2014100,2014,11,13,4,16387
6.590000152587891,6.730000019073486,6.630000114440918,6.71999979019165,586700,2014,11,14,5,16388
6.630000114440918,6.909999847412109,6.730000019073486,6.880000114440918,886500,2014,11,17,1,16391
6.630000114440918,6.909999847412109,6.909999847412109,6.690000057220459,2575300,2014,11,18,2,16392
6.590000152587891,6.71999979019165,6.679999828338623,6.659999847412109,1174600,2014,11,19,3,16393
6.610000133514404,6.71999979019165,6.659999847412109,6.619999885559082,1569000,2014,11,20,4,16394
6.559999942779541,6.75,6.710000038146973,6.670000076293945,847500,2014,11,21,5,16395
6.590000152587891,6.730000019073486,6.690000057220459,6.590000152587891,468400,2014,11,24,1,16398
6.570000171661377,6.659999847412109,6.619999885559082,6.590000152587891,596200,2014,11,25,2,16399
6.510000228881836,6.730000019073486,6.510000228881836,6.679999828338623,754800,2014,11,26,3,16400
6.539999961853027,6.659999847412109,6.659999847412109,6.550000190734863,297700,2014,11,28,5,16402
6.349999904632568,6.579999923706055,6.570000171661377,6.420000076293945,942100,2014,12,1,1,16405
6.260000228881836,6.659999847412109,6.369999885559082,6.579999923706055,1128700,2014,12,2,2,16406
6.550000190734863,6.650000095367432,6.550000190734863,6.610000133514404,568200,2014,12,3,3,16407
6.590000152587891,6.650000095367432,6.619999885559082,6.590000152587891,760000,2014,12,4,4,16408
6.489999771118164,6.670000076293945,6.570000171661377,6.650000095367432,719600,2014,12,5,5,16409
6.5,6.630000114440918,6.630000114440918,6.550000190734863,680700,2014,12,8,1,16412
6.389999866485596,6.579999923706055,6.46999979019165,6.519999980926514,700300,2014,12,9,2,16413
6.429999828338623,6.579999923706055,6.539999961853027,6.460000038146973,519900,2014,12,10,3,16414
6.46999979019165,6.579999923706055,6.480000019073486,6.539999961853027,275400,2014,12,11,4,16415
6.440000057220459,6.53000020980835,6.489999771118164,6.449999809265137,527500,2014,12,12,5,16416
6.309999942779541,6.510000228881836,6.449999809265137,6.389999866485596,591700,2014,12,15,1,16419
6.320000171661377,6.5,6.380000114440918,6.349999904632568,283300,2014,12,16,2,16420
6.369999885559082,6.579999923706055,6.400000095367432,6.579999923706055,647200,2014,12,17,3,16421
6.619999885559082,6.820000171661377,6.630000114440918,6.769999980926514,602700,2014,12,18,4,16422
6.670000076293945,6.860000133514404,6.809999942779541,6.769999980926514,353400,2014,12,19,5,16423
6.71999979019165,6.809999942779541,6.75,6.739999771118164,249000,2014,12,22,1,16426
6.71999979019165,7.019999980926514,6.730000019073486,6.929999828338623,356100,2014,12,23,2,16427
6.849999904632568,6.960000038146973,6.949999809265137,6.900000095367432,94200,2014,12,24,3,16428
6.699999809265137,6.889999866485596,6.889999866485596,6.760000228881836,200200,2014,12,26,5,16430
6.75,6.889999866485596,6.789999961853027,6.860000133514404,273400,2014,12,29,1,16433
6.849999904632568,6.920000076293945,6.849999904632568,6.900000095367432,352600,2014,12,30,2,16434
6.820000171661377,6.909999847412109,6.880000114440918,6.880000114440918,485700,2014,12,31,3,16435
6.849999904632568,7.0,6.920000076293945,7.0,304400,2015,1,2,5,16437
6.760000228881836,7.0,6.989999771118164,6.909999847412109,597100,2015,1,5,1,16440
6.809999942779541,7.110000133514404,6.900000095367432,7.059999942779541,665800,2015,1,6,2,16441
7.070000171661377,7.269999980926514,7.119999885559082,7.190000057220459,394600,2015,1,7,3,16442
7.130000114440918,7.289999961853027,7.230000019073486,7.289999961853027,359900,2015,1,8,4,16443
7.239999771118164,7.420000076293945,7.320000171661377,7.340000152587891,290600,2015,1,9,5,16444
7.269999980926514,7.429999828338623,7.329999923706055,7.400000095367432,428000,2015,1,12,1,16447
7.349999904632568,7.46999979019165,7.449999809265137,7.429999828338623,523400,2015,1,13,2,16448
7.389999866485596,7.579999923706055,7.389999866485596,7.579999923706055,333500,2015,1,14,3,16449
7.440000057220459,7.599999904632568,7.599999904632568,7.519999980926514,517400,2015,1,15,4,16450
7.449999809265137,7.559999942779541,7.510000228881836,7.559999942779541,482300,2015,1,16,5,16451
7.510000228881836,7.650000095367432,7.519999980926514,7.650000095367432,1219800,2015,1,20,2,16455
7.570000171661377,7.840000152587891,7.619999885559082,7.730000019073486,732900,2015,1,21,3,16456
7.659999847412109,7.840000152587891,7.71999979019165,7.800000190734863,499900,2015,1,22,4,16457
7.75,8.0,7.760000228881836,7.920000076293945,583600,2015,1,23,5,16458
7.730000019073486,7.920000076293945,7.900000095367432,7.760000228881836,416900,2015,1,26,1,16461
7.610000133514404,7.820000171661377,7.690000057220459,7.789999961853027,186100,2015,1,27,2,16462
7.670000076293945,7.920000076293945,7.739999771118164,7.679999828338623,404200,2015,1,28,3,16463
7.570000171661377,7.730000019073486,7.71999979019165,7.679999828338623,379700,2015,1,29,4,16464
7.550000190734863,7.659999847412109,7.639999866485596,7.599999904632568,365700,2015,1,30,5,16465
7.539999961853027,7.679999828338623,7.619999885559082,7.619999885559082,216500,2015,2,2,1,16468
7.619999885559082,7.789999961853027,7.619999885559082,7.730000019073486,386800,2015,2,3,2,16469
7.659999847412109,7.800000190734863,7.730000019073486,7.75,184700,2015,2,4,3,16470
7.75,7.860000133514404,7.75,7.820000171661377,214600,2015,2,5,4,16471
7.789999961853027,7.940000057220459,7.849999904632568,7.820000171661377,346700,2015,2,6,5,16472
7.78000020980835,7.909999847412109,7.809999942779541,7.789999961853027,246100,2015,2,9,1,16475
7.789999961853027,7.860000133514404,7.820000171661377,7.820000171661377,230300,2015,2,10,2,16476
7.730000019073486,7.889999866485596,7.800000190734863,7.829999923706055,231900,2015,2,11,3,16477
7.849999904632568,8.0,7.920000076293945,7.940000057220459,683400,2015,2,12,4,16478
7.869999885559082,7.989999771118164,7.949999809265137,7.940000057220459,299600,2015,2,13,5,16479
7.880000114440918,8.09000015258789,7.940000057220459,7.900000095367432,469700,2015,2,17,2,16483
7.820000171661377,7.929999828338623,7.869999885559082,7.880000114440918,781300,2015,2,18,3,16484
7.820000171661377,7.940000057220459,7.820000171661377,7.900000095367432,691700,2015,2,19,4,16485
7.900000095367432,8.079999923706055,7.900000095367432,7.989999771118164,547000,2015,2,20,5,16486
7.909999847412109,8.010000228881836,7.989999771118164,7.949999809265137,840100,2015,2,23,1,16489
8.119999885559082,9.34000015258789,8.180000305175781,9.3100004196167,4233800,2015,2,24,2,16490
8.90999984741211,9.619999885559082,9.359999656677246,9.25,2531000,2015,2,25,3,16491
9.239999771118164,9.869999885559082,9.270000457763672,9.670000076293945,1550000,2015,2,26,4,16492
9.539999961853027,9.789999961853027,9.670000076293945,9.680000305175781,951400,2015,2,27,5,16493
9.579999923706055,9.90999984741211,9.619999885559082,9.710000038146973,1150100,2015,3,2,1,16496
9.760000228881836,10.050000190734863,9.800000190734863,9.84000015258789,852000,2015,3,3,2,16497
9.680000305175781,9.890000343322754,9.859999656677246,9.75,642300,2015,3,4,3,16498
9.699999809265137,9.960000038146973,9.75,9.8100004196167,1503900,2015,3,5,4,16499
9.619999885559082,9.789999961853027,9.739999771118164,9.670000076293945,574500,2015,3,6,5,16500
9.470000267028809,9.710000038146973,9.649999618530273,9.6899995803833,470700,2015,3,9,1,16503
9.399999618530273,9.640000343322754,9.640000343322754,9.529999732971191,573400,2015,3,10,2,16504
9.40999984741211,9.630000114440918,9.529999732971191,9.539999961853027,406700,2015,3,11,3,16505
9.40999984741211,9.670000076293945,9.600000381469727,9.510000228881836,406400,2015,3,12,4,16506
9.329999923706055,9.569999694824219,9.470000267028809,9.539999961853027,266300,2015,3,13,5,16507
9.329999923706055,9.579999923706055,9.569999694824219,9.4399995803833,486300,2015,3,16,1,16510
9.15999984741211,9.420000076293945,9.369999885559082,9.300000190734863,463800,2015,3,17,2,16511
9.109999656677246,9.369999885559082,9.300000190734863,9.3100004196167,475700,2015,3,18,3,16512
9.0,9.300000190734863,9.260000228881836,9.039999961853027,358400,2015,3,19,4,16513
9.050000190734863,9.289999961853027,9.050000190734863,9.180000305175781,280000,2015,3,20,5,16514
9.029999732971191,9.25,9.15999984741211,9.199999809265137,213500,2015,3,23,1,16517
9.180000305175781,9.449999809265137,9.210000038146973,9.390000343322754,273100,2015,3,24,2,16518
9.300000190734863,9.569999694824219,9.40999984741211,9.329999923706055,942000,2015,3,25,3,16519
9.300000190734863,9.710000038146973,9.300000190734863,9.5,1278200,2015,3,26,4,16520
9.229999542236328,9.579999923706055,9.5,9.359999656677246,290300,2015,3,27,5,16521
9.260000228881836,9.399999618530273,9.390000343322754,9.369999885559082,354100,2015,3,30,1,16524
9.279999732971191,9.460000038146973,9.329999923706055,9.369999885559082,393900,2015,3,31,2,16525
9.220000267028809,9.380000114440918,9.300000190734863,9.34000015258789,391900,2015,4,1,3,16526
9.300000190734863,9.670000076293945,9.300000190734863,9.479999542236328,503300,2015,4,2,4,16527
9.529999732971191,9.800000190734863,9.609999656677246,9.569999694824219,292400,2015,4,6,1,16531
9.550000190734863,9.720000267028809,9.550000190734863,9.600000381469727,1052900,2015,4,7,2,16532
9.510000228881836,9.649999618530273,9.649999618530273,9.5600004196167,377200,2015,4,8,3,16533
9.479999542236328,9.59000015258789,9.579999923706055,9.5,204100,2015,4,9,4,16534
9.300000190734863,9.539999961853027,9.5,9.359999656677246,221500,2015,4,10,5,16535
9.34000015258789,9.59000015258789,9.369999885559082,9.539999961853027,384200,2015,4,13,1,16538
9.529999732971191,9.670000076293945,9.569999694824219,9.630000114440918,539700,2015,4,14,2,16539
9.5600004196167,9.710000038146973,9.65999984741211,9.649999618530273,372300,2015,4,15,3,16540
9.4399995803833,9.680000305175781,9.619999885559082,9.470000267028809,172500,2015,4,16,4,16541
9.149999618530273,9.399999618530273,9.399999618530273,9.229999542236328,471000,2015,4,17,5,16542
9.109999656677246,9.260000228881836,9.260000228881836,9.119999885559082,544900,2015,4,20,1,16545
9.069999694824219,9.220000267028809,9.109999656677246,9.140000343322754,325600,2015,4,21,2,16546
9.050000190734863,9.199999809265137,9.130000114440918,9.109999656677246,209800,2015,4,22,3,16547
9.010000228881836,9.1899995803833,9.100000381469727,9.020000457763672,589700,2015,4,23,4,16548
8.789999961853027,9.039999961853027,8.989999771118164,8.859999656677246,778200,2015,4,24,5,16549
8.819999694824219,8.930000305175781,8.850000381469727,8.84000015258789,382000,2015,4,27,1,16552
8.619999885559082,8.869999885559082,8.829999923706055,8.75,921700,2015,4,28,2,16553
8.5600004196167,8.779999732971191,8.710000038146973,8.65999984741211,841800,2015,4,29,3,16554
8.600000381469727,8.760000228881836,8.65999984741211,8.710000038146973,834300,2015,4,30,4,16555
8.6899995803833,8.970000267028809,8.760000228881836,8.930000305175781,353500,2015,5,1,5,16556
8.920000076293945,9.239999771118164,8.949999809265137,9.210000038146973,433600,2015,5,4,1,16559
9.220000267028809,9.470000267028809,9.220000267028809,9.399999618530273,587000,2015,5,5,2,16560
9.09000015258789,9.479999542236328,9.449999809265137,9.15999984741211,765000,2015,5,6,3,16561
8.65999984741211,9.15999984741211,9.149999618530273,8.729999542236328,1718400,2015,5,7,4,16562
8.630000114440918,9.039999961853027,8.75,9.0,837400,2015,5,8,5,16563
9.0600004196167,9.680000305175781,9.069999694824219,9.5,1013100,2015,5,11,1,16566
9.359999656677246,9.640000343322754,9.479999542236328,9.630000114440918,590800,2015,5,12,2,16567
9.5,9.649999618530273,9.649999618530273,9.569999694824219,378300,2015,5,13,3,16568
9.34000015258789,9.619999885559082,9.619999885559082,9.539999961853027,305300,2015,5,14,4,16569
9.390000343322754,9.550000190734863,9.510000228881836,9.489999771118164,343200,2015,5,15,5,16570
9.40999984741211,9.569999694824219,9.510000228881836,9.5,169800,2015,5,18,1,16573
9.430000305175781,9.569999694824219,9.510000228881836,9.529999732971191,202100,2015,5,19,2,16574
9.5,9.930000305175781,9.529999732971191,9.800000190734863,477700,2015,5,20,3,16575
9.720000267028809,9.850000381469727,9.850000381469727,9.760000228881836,210100,2015,5,21,4,16576
9.550000190734863,9.779999732971191,9.729999542236328,9.600000381469727,172200,2015,5,22,5,16577
9.449999809265137,9.670000076293945,9.569999694824219,9.59000015258789,318100,2015,5,26,2,16581
9.170000076293945,9.40999984741211,9.220000267028809,9.350000381469727,3759400,2015,5,27,3,16582
9.220000267028809,9.510000228881836,9.3100004196167,9.510000228881836,984600,2015,5,28,4,16583
9.399999618530273,9.6899995803833,9.449999809265137,9.59000015258789,791500,2015,5,29,5,16584
9.449999809265137,9.600000381469727,9.600000381469727,9.510000228881836,375800,2015,6,1,1,16587
9.4399995803833,9.739999771118164,9.489999771118164,9.600000381469727,657800,2015,6,2,2,16588
9.5,9.720000267028809,9.539999961853027,9.649999618530273,530000,2015,6,3,3,16589
9.489999771118164,9.680000305175781,9.640000343322754,9.609999656677246,669300,2015,6,4,4,16590
9.569999694824219,9.720000267028809,9.609999656677246,9.649999618530273,424100,2015,6,5,5,16591
9.479999542236328,9.75,9.649999618530273,9.699999809265137,902900,2015,6,8,1,16594
9.630000114440918,9.75,9.720000267028809,9.649999618530273,501300,2015,6,9,2,16595
9.649999618530273,9.800000190734863,9.710000038146973,9.739999771118164,444000,2015,6,10,3,16596
9.760000228881836,10.050000190734863,9.829999923706055,9.960000038146973,1049600,2015,6,11,4,16597
9.899999618530273,10.180000305175781,9.960000038146973,10.079999923706055,1079400,2015,6,12,5,16598
10.010000228881836,10.229999542236328,10.069999694824219,10.210000038146973,790100,2015,6,15,1,16601
10.119999885559082,10.300000190734863,10.229999542236328,10.270000457763672,770200,2015,6,16,2,16602
10.25,10.510000228881836,10.300000190734863,10.479999542236328,762200,2015,6,17,3,16603
10.449999809265137,10.65999984741211,10.529999732971191,10.510000228881836,845500,2015,6,18,4,16604
10.300000190734863,10.550000190734863,10.520000457763672,10.350000381469727,648600,2015,6,19,5,16605
10.369999885559082,10.5,10.399999618530273,10.399999618530273,558700,2015,6,22,1,16608
10.180000305175781,10.40999984741211,10.40999984741211,10.239999771118164,631000,2015,6,23,2,16609
10.0,10.270000457763672,10.199999809265137,10.170000076293945,516200,2015,6,24,3,16610
10.130000114440918,10.399999618530273,10.199999809265137,10.210000038146973,607900,2015,6,25,4,16611
10.029999732971191,10.229999542236328,10.229999542236328,10.119999885559082,253100,2015,6,26,5,16612
9.869999885559082,10.050000190734863,10.039999961853027,9.880000114440918,412000,2015,6,29,1,16615
9.739999771118164,9.9399995803833,9.9399995803833,9.779999732971191,561700,2015,6,30,2,16616
9.760000228881836,9.949999809265137,9.859999656677246,9.920000076293945,236000,2015,7,1,3,16617
9.729999542236328,10.029999732971191,10.010000228881836,9.819999694824219,379600,2015,7,2,4,16618
9.5600004196167,9.90999984741211,9.720000267028809,9.880000114440918,327400,2015,7,6,1,16622
9.779999732971191,10.100000381469727,9.899999618530273,10.100000381469727,622000,2015,7,7,2,16623
9.960000038146973,10.109999656677246,10.020000457763672,9.989999771118164,343200,2015,7,8,3,16624
9.84000015258789,10.100000381469727,10.09000015258789,9.880000114440918,317500,2015,7,9,4,16625
9.9399995803833,10.25,9.960000038146973,10.25,512800,2015,7,10,5,16626
10.199999809265137,10.5600004196167,10.279999732971191,10.470000267028809,503800,2015,7,13,1,16629
10.460000038146973,10.600000381469727,10.5,10.569999694824219,327700,2015,7,14,2,16630
10.3100004196167,10.609999656677246,10.579999923706055,10.329999923706055,247100,2015,7,15,3,16631
10.359999656677246,10.520000457763672,10.390000343322754,10.520000457763672,239100,2015,7,16,4,16632
10.460000038146973,10.619999885559082,10.539999961853027,10.609999656677246,796200,2015,7,17,5,16633
10.5600004196167,10.729999542236328,10.630000114440918,10.6899995803833,389100,2015,7,20,1,16636
10.680000305175781,11.239999771118164,10.680000305175781,11.140000343322754,1739700,2015,7,21,2,16637
10.930000305175781,11.199999809265137,11.180000305175781,10.970000267028809,569300,2015,7,22,3,16638
10.789999961853027,11.0,10.960000038146973,10.819999694824219,287600,2015,7,23,4,16639
10.59000015258789,10.90999984741211,10.739999771118164,10.609999656677246,384900,2015,7,24,5,16640
10.3100004196167,10.619999885559082,10.579999923706055,10.329999923706055,391000,2015,7,27,1,16643
10.210000038146973,10.5,10.40999984741211,10.289999961853027,435300,2015,7,28,2,16644
10.289999961853027,10.470000267028809,10.289999961853027,10.390000343322754,344400,2015,7,29,3,16645
10.239999771118164,11.15999984741211,10.369999885559082,11.09000015258789,1844300,2015,7,30,4,16646
11.119999885559082,11.449999809265137,11.119999885559082,11.239999771118164,1492500,2015,7,31,5,16647
11.140000343322754,11.529999732971191,11.350000381469727,11.300000190734863,1184400,2015,8,3,1,16650
11.3100004196167,11.869999885559082,11.3100004196167,11.649999618530273,2119000,2015,8,4,2,16651
11.270000457763672,11.720000267028809,11.720000267028809,11.430000305175781,1369900,2015,8,5,3,16652
11.260000228881836,11.449999809265137,11.380000114440918,11.34000015258789,803800,2015,8,6,4,16653
11.239999771118164,11.350000381469727,11.34000015258789,11.289999961853027,472700,2015,8,7,5,16654
11.199999809265137,11.359999656677246,11.229999542236328,11.229999542236328,655700,2015,8,10,1,16657
10.920000076293945,11.170000076293945,11.170000076293945,11.0600004196167,689700,2015,8,11,2,16658
10.9399995803833,11.199999809265137,11.069999694824219,11.170000076293945,962900,2015,8,12,3,16659
11.180000305175781,11.529999732971191,11.180000305175781,11.5,770800,2015,8,13,4,16660
11.289999961853027,11.529999732971191,11.529999732971191,11.300000190734863,409400,2015,8,14,5,16661
11.130000114440918,11.399999618530273,11.170000076293945,11.399999618530273,374700,2015,8,17,1,16664
11.229999542236328,11.449999809265137,11.399999618530273,11.229999542236328,279800,2015,8,18,2,16665
10.960000038146973,11.210000038146973,11.170000076293945,10.989999771118164,546800,2015,8,19,3,16666
10.850000381469727,10.979999542236328,10.979999542236328,10.890000343322754,456500,2015,8,20,4,16667
10.460000038146973,10.8100004196167,10.8100004196167,10.550000190734863,743100,2015,8,21,5,16668
9.779999732971191,10.430000305175781,10.229999542236328,10.260000228881836,716100,2015,8,24,1,16671
10.229999542236328,10.529999732971191,10.529999732971191,10.350000381469727,623300,2015,8,25,2,16672
10.270000457763672,10.630000114440918,10.529999732971191,10.59000015258789,483500,2015,8,26,3,16673
10.569999694824219,10.84000015258789,10.6899995803833,10.649999618530273,353100,2015,8,27,4,16674
10.510000228881836,10.640000343322754,10.609999656677246,10.619999885559082,268000,2015,8,28,5,16675
10.329999923706055,10.600000381469727,10.5600004196167,10.5600004196167,753500,2015,8,31,1,16678
10.119999885559082,10.449999809265137,10.350000381469727,10.15999984741211,383500,2015,9,1,2,16679
10.050000190734863,10.229999542236328,10.199999809265137,10.130000114440918,744900,2015,9,2,3,16680
10.180000305175781,10.399999618530273,10.180000305175781,10.350000381469727,462200,2015,9,3,4,16681
10.09000015258789,10.289999961853027,10.229999542236328,10.15999984741211,239000,2015,9,4,5,16682
10.399999618530273,11.300000190734863,10.550000190734863,11.289999961853027,1523200,2015,9,8,2,16686
10.970000267028809,11.479999542236328,11.380000114440918,10.979999542236328,917000,2015,9,9,3,16687
10.9399995803833,11.350000381469727,11.0,11.319999694824219,498900,2015,9,10,4,16688
11.130000114440918,11.399999618530273,11.3100004196167,11.369999885559082,572500,2015,9,11,5,16689
11.199999809265137,11.399999618530273,11.380000114440918,11.210000038146973,699400,2015,9,14,1,16692
11.020000457763672,11.239999771118164,11.220000267028809,11.130000114440918,679100,2015,9,15,2,16693
11.149999618530273,11.420000076293945,11.199999809265137,11.390000343322754,392400,2015,9,16,3,16694
11.279999732971191,11.430000305175781,11.390000343322754,11.350000381469727,354700,2015,9,17,4,16695
11.239999771118164,11.4399995803833,11.270000457763672,11.260000228881836,357900,2015,9,18,5,16696
11.279999732971191,11.600000381469727,11.300000190734863,11.569999694824219,474800,2015,9,21,1,16699
11.279999732971191,11.479999542236328,11.479999542236328,11.300000190734863,670900,2015,9,22,2,16700
11.220000267028809,11.359999656677246,11.350000381469727,11.279999732971191,225800,2015,9,23,3,16701
10.970000267028809,11.239999771118164,11.170000076293945,11.149999618530273,381300,2015,9,24,4,16702
11.079999923706055,11.350000381469727,11.210000038146973,11.140000343322754,262500,2015,9,25,5,16703
10.649999618530273,11.180000305175781,11.09000015258789,10.720000267028809,612600,2015,9,28,1,16706
10.510000228881836,10.920000076293945,10.699999809265137,10.550000190734863,465200,2015,9,29,2,16707
10.649999618530273,10.890000343322754,10.65999984741211,10.829999923706055,467700,2015,9,30,3,16708
10.729999542236328,10.880000114440918,10.880000114440918,10.859999656677246,395200,2015,10,1,4,16709
10.680000305175781,10.8100004196167,10.779999732971191,10.789999961853027,301300,2015,10,2,5,16710
10.789999961853027,11.199999809265137,10.829999923706055,11.079999923706055,507800,2015,10,5,1,16713
10.789999961853027,11.109999656677246,11.100000381469727,10.789999961853027,240600,2015,10,6,2,16714
10.369999885559082,10.859999656677246,10.819999694824219,10.460000038146973,607600,2015,10,7,3,16715
10.329999923706055,10.579999923706055,10.399999618530273,10.5600004196167,528100,2015,10,8,4,16716
10.520000457763672,10.800000190734863,10.550000190734863,10.699999809265137,372300,2015,10,9,5,16717
10.640000343322754,10.789999961853027,10.720000267028809,10.649999618530273,224300,2015,10,12,1,16720
10.569999694824219,10.789999961853027,10.569999694824219,10.65999984741211,267600,2015,10,13,2,16721
10.470000267028809,10.829999923706055,10.699999809265137,10.59000015258789,428900,2015,10,14,3,16722
10.520000457763672,10.960000038146973,10.619999885559082,10.880000114440918,498100,2015,10,15,4,16723
10.789999961853027,10.979999542236328,10.930000305175781,10.819999694824219,195900,2015,10,16,5,16724
10.699999809265137,11.039999961853027,10.829999923706055,11.039999961853027,362800,2015,10,19,1,16727
10.960000038146973,11.630000114440918,11.020000457763672,11.479999542236328,957600,2015,10,20,2,16728
11.40999984741211,11.539999961853027,11.489999771118164,11.430000305175781,531300,2015,10,21,3,16729
11.430000305175781,11.619999885559082,11.510000228881836,11.510000228881836,744200,2015,10,22,4,16730
11.420000076293945,11.6899995803833,11.609999656677246,11.600000381469727,1835100,2015,10,23,5,16731
11.520000457763672,11.84000015258789,11.619999885559082,11.720000267028809,1959400,2015,10,26,1,16734
11.380000114440918,11.8100004196167,11.710000038146973,11.4399995803833,1133600,2015,10,27,2,16735
10.050000190734863,11.119999885559082,10.890000343322754,10.729999542236328,2839100,2015,10,28,3,16736
10.239999771118164,10.609999656677246,10.600000381469727,10.279999732971191,1301000,2015,10,29,4,16737
10.210000038146973,10.5,10.3100004196167,10.449999809265137,1545600,2015,10,30,5,16738
9.930000305175781,10.479999542236328,10.4399995803833,10.180000305175781,1767600,2015,11,2,1,16741
9.920000076293945,10.199999809265137,10.15999984741211,10.09000015258789,1530500,2015,11,3,2,16742
9.899999618530273,10.149999618530273,10.079999923706055,10.0600004196167,956400,2015,11,4,3,16743
9.9399995803833,10.09000015258789,10.050000190734863,9.989999771118164,568600,2015,11,5,4,16744
9.729999542236328,9.979999542236328,9.949999809265137,9.789999961853027,769600,2015,11,6,5,16745
9.510000228881836,9.8100004196167,9.75,9.569999694824219,819400,2015,11,9,1,16748
9.40999984741211,9.59000015258789,9.550000190734863,9.470000267028809,888700,2015,11,10,2,16749
9.25,9.529999732971191,9.5,9.25,873600,2015,11,11,3,16750
9.09000015258789,9.260000228881836,9.199999809265137,9.220000267028809,1323400,2015,11,12,4,16751
8.960000038146973,9.289999961853027,9.170000076293945,9.229999542236328,744300,2015,11,13,5,16752
9.069999694824219,9.300000190734863,9.180000305175781,9.300000190734863,691000,2015,11,16,1,16755
9.229999542236328,9.359999656677246,9.300000190734863,9.300000190734863,584400,2015,11,17,2,16756
9.210000038146973,9.40999984741211,9.3100004196167,9.390000343322754,571600,2015,11,18,3,16757
9.380000114440918,10.109999656677246,9.390000343322754,10.069999694824219,1048500,2015,11,19,4,16758
10.069999694824219,10.369999885559082,10.15999984741211,10.25,989500,2015,11,20,5,16759
10.1899995803833,10.329999923706055,10.270000457763672,10.199999809265137,491500,2015,11,23,1,16762
10.010000228881836,10.380000114440918,10.1899995803833,10.359999656677246,761900,2015,11,24,2,16763
10.25,10.680000305175781,10.34000015258789,10.5,614800,2015,11,25,3,16764
10.399999618530273,10.600000381469727,10.470000267028809,10.510000228881836,166300,2015,11,27,5,16766
10.350000381469727,10.5600004196167,10.539999961853027,10.460000038146973,473700,2015,11,30,1,16769
10.6899995803833,10.9399995803833,10.729999542236328,10.819999694824219,711700,2015,12,1,2,16770
10.699999809265137,10.880000114440918,10.869999885559082,10.800000190734863,589200,2015,12,2,3,16771
10.329999923706055,10.880000114440918,10.880000114440918,10.489999771118164,647300,2015,12,3,4,16772
10.390000343322754,10.670000076293945,10.520000457763672,10.4399995803833,413700,2015,12,4,5,16773
10.279999732971191,10.479999542236328,10.449999809265137,10.3100004196167,700600,2015,12,7,1,16776
10.220000267028809,10.890000343322754,10.260000228881836,10.850000381469727,802900,2015,12,8,2,16777
10.619999885559082,10.960000038146973,10.8100004196167,10.819999694824219,1088600,2015,12,9,3,16778
10.569999694824219,10.930000305175781,10.859999656677246,10.59000015258789,587600,2015,12,10,4,16779
10.279999732971191,10.520000457763672,10.470000267028809,10.359999656677246,564100,2015,12,11,5,16780
10.109999656677246,10.4399995803833,10.380000114440918,10.359999656677246,532300,2015,12,14,1,16783
10.390000343322754,10.600000381469727,10.420000076293945,10.5600004196167,343500,2015,12,15,2,16784
10.550000190734863,10.770000457763672,10.649999618530273,10.739999771118164,345900,2015,12,16,3,16785
10.470000267028809,10.720000267028809,10.680000305175781,10.529999732971191,418700,2015,12,17,4,16786
10.40999984741211,10.529999732971191,10.470000267028809,10.4399995803833,346000,2015,12,18,5,16787
10.449999809265137,10.680000305175781,10.520000457763672,10.65999984741211,311200,2015,12,21,1,16790
10.420000076293945,10.710000038146973,10.6899995803833,10.699999809265137,388000,2015,12,22,2,16791
10.65999984741211,10.920000076293945,10.760000228881836,10.90999984741211,321300,2015,12,23,3,16792
10.90999984741211,11.140000343322754,10.930000305175781,10.979999542236328,198000,2015,12,24,4,16793
10.869999885559082,11.020000457763672,10.989999771118164,10.949999809265137,499400,2015,12,28,1,16797
10.970000267028809,11.25,10.970000267028809,11.220000267028809,478500,2015,12,29,2,16798
11.130000114440918,11.300000190734863,11.170000076293945,11.25,344800,2015,12,30,3,16799
10.960000038146973,11.220000267028809,11.220000267028809,10.989999771118164,261100,2015,12,31,4,16800
10.800000190734863,11.050000190734863,10.8100004196167,11.039999961853027,1058400,2016,1,4,1,16804
10.819999694824219,11.079999923706055,11.029999732971191,11.050000190734863,595500,2016,1,5,2,16805
10.869999885559082,11.289999961853027,10.920000076293945,11.229999542236328,1210200,2016,1,6,3,16806
10.989999771118164,11.270000457763672,11.09000015258789,11.25,883600,2016,1,7,4,16807
11.149999618530273,11.34000015258789,11.300000190734863,11.15999984741211,855400,2016,1,8,5,16808
10.6899995803833,11.289999961853027,11.260000228881836,10.770000457763672,640900,2016,1,11,1,16811
10.630000114440918,11.020000457763672,10.829999923706055,10.84000015258789,439800,2016,1,12,2,16812
10.369999885559082,10.899999618530273,10.859999656677246,10.420000076293945,630100,2016,1,13,3,16813
10.15999984741211,10.479999542236328,10.40999984741211,10.289999961853027,702300,2016,1,14,4,16814
9.680000305175781,10.140000343322754,10.069999694824219,9.979999542236328,794300,2016,1,15,5,16815
9.729999542236328,10.010000228881836,10.0,9.789999961853027,958700,2016,1,19,2,16819
9.319999694824219,10.050000190734863,9.65999984741211,10.0,1185400,2016,1,20,3,16820
9.829999923706055,10.119999885559082,10.0600004196167,9.869999885559082,444400,2016,1,21,4,16821
9.90999984741211,10.149999618530273,9.979999542236328,9.970000267028809,432300,2016,1,22,5,16822
9.800000190734863,10.109999656677246,9.930000305175781,9.930000305175781,265700,2016,1,25,1,16825
9.949999809265137,10.550000190734863,10.0,10.140000343322754,658400,2016,1,26,2,16826
9.979999542236328,10.279999732971191,10.119999885559082,10.0600004196167,372500,2016,1,27,3,16827
10.050000190734863,10.1899995803833,10.140000343322754,10.119999885559082,245500,2016,1,28,4,16828
10.119999885559082,10.329999923706055,10.149999618530273,10.270000457763672,273400,2016,1,29,5,16829
10.09000015258789,10.270000457763672,10.220000267028809,10.180000305175781,439000,2016,2,1,1,16832
9.90999984741211,10.359999656677246,10.109999656677246,10.300000190734863,766000,2016,2,2,2,16833
10.149999618530273,10.529999732971191,10.390000343322754,10.460000038146973,562800,2016,2,3,3,16834
10.109999656677246,10.489999771118164,10.470000267028809,10.149999618530273,643400,2016,2,4,4,16835
9.930000305175781,10.1899995803833,10.119999885559082,9.970000267028809,452100,2016,2,5,5,16836
9.430000305175781,9.90999984741211,9.880000114440918,9.460000038146973,833400,2016,2,8,1,16839
9.180000305175781,9.529999732971191,9.399999618530273,9.359999656677246,688500,2016,2,9,2,16840
9.34000015258789,9.579999923706055,9.40999984741211,9.430000305175781,643500,2016,2,10,3,16841
9.069999694824219,9.390000343322754,9.34000015258789,9.180000305175781,396000,2016,2,11,4,16842
9.1899995803833,9.460000038146973,9.25,9.4399995803833,261400,2016,2,12,5,16843
9.489999771118164,9.760000228881836,9.529999732971191,9.75,414100,2016,2,16,2,16847
9.760000228881836,10.010000228881836,9.789999961853027,9.949999809265137,430000,2016,2,17,3,16848
10.09000015258789,11.130000114440918,10.229999542236328,10.65999984741211,2167200,2016,2,18,4,16849
10.619999885559082,11.4399995803833,10.630000114440918,11.220000267028809,1344400,2016,2,19,5,16850
11.289999961853027,11.9399995803833,11.420000076293945,11.3100004196167,594900,2016,2,22,1,16853
11.239999771118164,11.479999542236328,11.270000457763672,11.4399995803833,499000,2016,2,23,2,16854
11.350000381469727,11.800000190734863,11.399999618530273,11.779999732971191,747300,2016,2,24,3,16855
11.710000038146973,12.5,11.800000190734863,12.470000267028809,1243200,2016,2,25,4,16856
12.079999923706055,12.529999732971191,12.510000228881836,12.229999542236328,570000,2016,2,26,5,16857
12.140000343322754,12.399999618530273,12.3100004196167,12.239999771118164,759300,2016,2,29,1,16860
12.34000015258789,12.770000457763672,12.399999618530273,12.59000015258789,1585200,2016,3,1,2,16861
11.59000015258789,12.369999885559082,12.010000228881836,12.289999961853027,5785100,2016,3,2,3,16862
12.119999885559082,12.770000457763672,12.279999732971191,12.670000076293945,1160900,2016,3,3,4,16863
12.350000381469727,12.770000457763672,12.600000381469727,12.729999542236328,926200,2016,3,4,5,16864
12.529999732971191,12.84000015258789,12.699999809265137,12.6899995803833,744900,2016,3,7,1,16867
12.420000076293945,12.710000038146973,12.670000076293945,12.569999694824219,710200,2016,3,8,2,16868
12.539999961853027,13.050000190734863,12.670000076293945,13.0,1637300,2016,3,9,3,16869
12.59000015258789,13.210000038146973,12.960000038146973,12.699999809265137,570500,2016,3,10,4,16870
12.770000457763672,13.020000457763672,12.819999694824219,12.970000267028809,518900,2016,3,11,5,16871
12.800000190734863,13.010000228881836,12.970000267028809,12.949999809265137,602200,2016,3,14,1,16874
12.760000228881836,12.979999542236328,12.90999984741211,12.949999809265137,337500,2016,3,15,2,16875
12.739999771118164,13.140000343322754,12.899999618530273,13.0,466100,2016,3,16,3,16876
12.989999771118164,13.220000267028809,13.079999923706055,13.09000015258789,356100,2016,3,17,4,16877
12.899999618530273,13.149999618530273,13.140000343322754,12.90999984741211,485600,2016,3,18,5,16878
12.829999923706055,13.010000228881836,12.850000381469727,12.90999984741211,226800,2016,3,21,1,16881
12.680000305175781,12.890000343322754,12.869999885559082,12.859999656677246,443000,2016,3,22,2,16882
12.649999618530273,12.869999885559082,12.779999732971191,12.699999809265137,339400,2016,3,23,3,16883
12.630000114440918,12.859999656677246,12.640000343322754,12.779999732971191,307800,2016,3,24,4,16884
12.779999732971191,13.0,12.779999732971191,12.960000038146973,295500,2016,3,28,1,16888
12.869999885559082,13.199999809265137,12.960000038146973,13.069999694824219,544400,2016,3,29,2,16889
13.130000114440918,13.829999923706055,13.15999984741211,13.779999732971191,966900,2016,3,30,3,16890
13.800000190734863,14.260000228881836,13.800000190734863,13.890000343322754,1106400,2016,3,31,4,16891
13.5600004196167,14.260000228881836,13.779999732971191,14.1899995803833,876300,2016,4,1,5,16892
13.970000267028809,14.350000381469727,14.199999809265137,14.0600004196167,890500,2016,4,4,1,16895
13.779999732971191,14.140000343322754,14.020000457763672,13.9399995803833,864900,2016,4,5,2,16896
13.819999694824219,14.069999694824219,13.970000267028809,14.010000228881836,542900,2016,4,6,3,16897
13.850000381469727,14.069999694824219,13.920000076293945,13.949999809265137,317000,2016,4,7,4,16898
14.069999694824219,14.470000267028809,14.100000381469727,14.279999732971191,611700,2016,4,8,5,16899
14.039999961853027,14.4399995803833,14.40999984741211,14.050000190734863,535900,2016,4,11,1,16902
13.760000228881836,14.149999618530273,14.050000190734863,13.920000076293945,457400,2016,4,12,2,16903
13.680000305175781,14.039999961853027,13.9399995803833,13.880000114440918,458200,2016,4,13,3,16904
13.239999771118164,13.65999984741211,13.520000457763672,13.59000015258789,1764800,2016,4,14,4,16905
13.40999984741211,13.65999984741211,13.59000015258789,13.470000267028809,884000,2016,4,15,5,16906
13.40999984741211,13.699999809265137,13.460000038146973,13.430000305175781,422600,2016,4,18,1,16909
13.430000305175781,13.630000114440918,13.520000457763672,13.510000228881836,415900,2016,4,19,2,16910
13.229999542236328,13.520000457763672,13.449999809265137,13.40999984741211,376800,2016,4,20,3,16911
13.079999923706055,13.380000114440918,13.329999923706055,13.149999618530273,483600,2016,4,21,4,16912
12.869999885559082,13.15999984741211,13.130000114440918,13.0,506300,2016,4,22,5,16913
12.899999618530273,13.15999984741211,13.0,13.0,500800,2016,4,25,1,16916
12.960000038146973,13.4399995803833,13.0,13.430000305175781,1071300,2016,4,26,2,16917
13.140000343322754,13.520000457763672,13.5,13.25,460700,2016,4,27,3,16918
13.149999618530273,13.670000076293945,13.149999618530273,13.520000457763672,882500,2016,4,28,4,16919
13.100000381469727,13.579999923706055,13.579999923706055,13.260000228881836,494300,2016,4,29,5,16920
13.010000228881836,13.420000076293945,13.220000267028809,13.359999656677246,570400,2016,5,2,1,16923
13.0600004196167,13.350000381469727,13.279999732971191,13.210000038146973,420500,2016,5,3,2,16924
13.039999961853027,13.470000267028809,13.130000114440918,13.359999656677246,480900,2016,5,4,3,16925
13.170000076293945,14.069999694824219,13.270000457763672,14.010000228881836,2040000,2016,5,5,4,16926
14.0,14.470000267028809,14.050000190734863,14.359999656677246,1357900,2016,5,6,5,16927
14.300000190734863,14.569999694824219,14.34000015258789,14.5,818500,2016,5,9,1,16930
14.550000190734863,14.880000114440918,14.609999656677246,14.6899995803833,696200,2016,5,10,2,16931
14.640000343322754,14.850000381469727,14.680000305175781,14.75,490900,2016,5,11,3,16932
14.5,14.84000015258789,14.819999694824219,14.550000190734863,468800,2016,5,12,4,16933
14.260000228881836,14.539999961853027,14.5,14.270000457763672,754000,2016,5,13,5,16934
14.319999694824219,14.859999656677246,14.319999694824219,14.760000228881836,812000,2016,5,16,1,16937
14.260000228881836,14.789999961853027,14.779999732971191,14.260000228881836,524600,2016,5,17,2,16938
14.069999694824219,14.729999542236328,14.300000190734863,14.5,645900,2016,5,18,3,16939
14.319999694824219,14.579999923706055,14.369999885559082,14.569999694824219,293500,2016,5,19,4,16940
14.449999809265137,14.680000305175781,14.619999885559082,14.539999961853027,356300,2016,5,20,5,16941
14.220000267028809,14.550000190734863,14.5,14.4399995803833,460100,2016,5,23,1,16944
14.300000190734863,14.739999771118164,14.449999809265137,14.550000190734863,478000,2016,5,24,2,16945
14.300000190734863,14.630000114440918,14.630000114440918,14.390000343322754,314100,2016,5,25,3,16946
14.329999923706055,14.5600004196167,14.430000305175781,14.399999618530273,224300,2016,5,26,4,16947
14.329999923706055,14.550000190734863,14.380000114440918,14.520000457763672,189700,2016,5,27,5,16948
14.399999618530273,14.720000267028809,14.65999984741211,14.479999542236328,343400,2016,5,31,2,16952
14.180000305175781,14.600000381469727,14.390000343322754,14.539999961853027,633100,2016,6,1,3,16953
14.4399995803833,14.869999885559082,14.569999694824219,14.829999923706055,687200,2016,6,2,4,16954
14.819999694824219,14.979999542236328,14.920000076293945,14.859999656677246,673800,2016,6,3,5,16955
14.609999656677246,15.010000228881836,15.010000228881836,14.649999618530273,362500,2016,6,6,1,16958
15.430000305175781,16.290000915527344,15.430000305175781,16.139999389648438,2084700,2016,6,7,2,16959
16.15999984741211,16.700000762939453,16.299999237060547,16.3799991607666,1791500,2016,6,8,3,16960
16.229999542236328,16.549999237060547,16.31999969482422,16.479999542236328,749200,2016,6,9,4,16961
15.789999961853027,16.3700008392334,16.350000381469727,16.059999465942383,665800,2016,6,10,5,16962
15.75,16.040000915527344,15.930000305175781,15.819999694824219,483000,2016,6,13,1,16965
15.479999542236328,15.8100004196167,15.8100004196167,15.699999809265137,443800,2016,6,14,2,16966
15.649999618530273,16.18000030517578,15.770000457763672,15.979999542236328,834100,2016,6,15,3,16967
15.640000343322754,16.049999237060547,15.869999885559082,15.779999732971191,415400,2016,6,16,4,16968
15.619999885559082,15.90999984741211,15.710000038146973,15.789999961853027,465700,2016,6,17,5,16969
15.800000190734863,16.049999237060547,15.9399995803833,15.859999656677246,398700,2016,6,20,1,16972
15.779999732971191,16.040000915527344,15.930000305175781,15.800000190734863,337900,2016,6,21,2,16973
15.100000381469727,15.289999961853027,15.25,15.239999771118164,4588500,2016,6,22,3,16974
15.229999542236328,15.369999885559082,15.3100004196167,15.289999961853027,1379700,2016,6,23,4,16975
14.020000457763672,15.130000114440918,14.6899995803833,14.199999809265137,2402800,2016,6,24,5,16976
13.069999694824219,14.119999885559082,14.0600004196167,13.25,3561400,2016,6,27,1,16979
13.380000114440918,14.220000267028809,13.390000343322754,14.199999809265137,1616300,2016,6,28,2,16980
13.859999656677246,14.550000190734863,14.25,13.880000114440918,1128100,2016,6,29,3,16981
13.640000343322754,13.979999542236328,13.859999656677246,13.960000038146973,690400,2016,6,30,4,16982
13.9399995803833,14.399999618530273,14.020000457763672,13.960000038146973,365400,2016,7,1,5,16983
13.9399995803833,14.470000267028809,13.970000267028809,14.119999885559082,947500,2016,7,5,2,16987
13.9399995803833,14.359999656677246,14.020000457763672,14.300000190734863,829000,2016,7,6,3,16988
14.34000015258789,14.569999694824219,14.34000015258789,14.430000305175781,784800,2016,7,7,4,16989
14.180000305175781,14.520000457763672,14.489999771118164,14.34000015258789,403300,2016,7,8,5,16990
14.25,14.449999809265137,14.319999694824219,14.279999732971191,392200,2016,7,11,1,16993
14.3100004196167,14.899999618530273,14.359999656677246,14.880000114440918,1388400,2016,7,12,2,16994
14.649999618530273,14.920000076293945,14.850000381469727,14.75,469400,2016,7,13,3,16995
14.569999694824219,14.800000190734863,14.760000228881836,14.600000381469727,410000,2016,7,14,4,16996
14.479999542236328,14.65999984741211,14.609999656677246,14.550000190734863,476800,2016,7,15,5,16997
14.350000381469727,14.619999885559082,14.539999961853027,14.5,309000,2016,7,18,1,17000
14.329999923706055,14.529999732971191,14.449999809265137,14.399999618530273,282000,2016,7,19,2,17001
14.229999542236328,14.449999809265137,14.449999809265137,14.319999694824219,460100,2016,7,20,3,17002
14.0600004196167,14.359999656677246,14.260000228881836,14.1899995803833,506600,2016,7,21,4,17003
14.15999984741211,14.350000381469727,14.199999809265137,14.25,230600,2016,7,22,5,17004
14.050000190734863,14.329999923706055,14.25,14.239999771118164,470100,2016,7,25,1,17007
14.119999885559082,14.390000343322754,14.229999542236328,14.1899995803833,381500,2016,7,26,2,17008
14.020000457763672,14.319999694824219,14.140000343322754,14.279999732971191,890100,2016,7,27,3,17009
14.15999984741211,14.859999656677246,14.25,14.6899995803833,1014500,2016,7,28,4,17010
14.59000015258789,14.949999809265137,14.739999771118164,14.930000305175781,610300,2016,7,29,5,17011
14.649999618530273,15.010000228881836,14.979999542236328,14.6899995803833,376600,2016,8,1,1,17014
14.430000305175781,14.920000076293945,14.84000015258789,14.789999961853027,695800,2016,8,2,2,17015
14.239999771118164,14.789999961853027,14.710000038146973,14.4399995803833,1284300,2016,8,3,3,17016
15.0,16.0,15.079999923706055,15.880000114440918,3278000,2016,8,4,4,17017
15.960000038146973,16.84000015258789,16.0,16.65999984741211,2733900,2016,8,5,5,17018
16.280000686645508,16.739999771118164,16.719999313354492,16.6200008392334,979500,2016,8,8,1,17021
16.520000457763672,17.209999084472656,16.540000915527344,17.09000015258789,1398700,2016,8,9,2,17022
16.93000030517578,17.260000228881836,17.139999389648438,17.049999237060547,1132500,2016,8,10,3,17023
16.979999542236328,17.3799991607666,17.170000076293945,16.989999771118164,889400,2016,8,11,4,17024
16.799999237060547,17.190000534057617,16.940000534057617,16.899999618530273,823900,2016,8,12,5,17025
16.760000228881836,17.200000762939453,16.780000686645508,17.049999237060547,695200,2016,8,15,1,17028
16.670000076293945,17.06999969482422,17.010000228881836,16.780000686645508,548900,2016,8,16,2,17029
16.540000915527344,16.899999618530273,16.700000762939453,16.760000228881836,442300,2016,8,17,3,17030
16.68000030517578,17.309999465942383,16.68000030517578,17.139999389648438,874900,2016,8,18,4,17031
16.739999771118164,17.030000686645508,16.979999542236328,16.920000076293945,439400,2016,8,19,5,17032
16.700000762939453,16.93000030517578,16.790000915527344,16.729999542236328,482300,2016,8,22,1,17035
16.350000381469727,16.889999389648438,16.729999542236328,16.389999389648438,408400,2016,8,23,2,17036
16.110000610351562,16.420000076293945,16.420000076293945,16.170000076293945,694800,2016,8,24,3,17037
15.989999771118164,16.270000457763672,16.079999923706055,16.020000457763672,390600,2016,8,25,4,17038
15.899999618530273,16.25,16.079999923706055,16.040000915527344,426700,2016,8,26,5,17039
15.989999771118164,16.190000534057617,16.010000228881836,16.010000228881836,525200,2016,8,29,1,17042
15.899999618530273,16.15999984741211,15.9399995803833,16.06999969482422,421600,2016,8,30,2,17043
15.899999618530273,16.110000610351562,16.030000686645508,15.9399995803833,489800,2016,8,31,3,17044
15.760000228881836,16.09000015258789,15.899999618530273,16.0,321100,2016,9,1,4,17045
16.110000610351562,16.420000076293945,16.110000610351562,16.3799991607666,676200,2016,9,2,5,17046
16.170000076293945,16.489999771118164,16.3799991607666,16.209999084472656,312300,2016,9,6,2,17050
15.760000228881836,16.290000915527344,16.270000457763672,15.779999732971191,421100,2016,9,7,3,17051
15.40999984741211,15.75,15.729999542236328,15.460000038146973,610000,2016,9,8,4,17052
15.039999961853027,15.350000381469727,15.34000015258789,15.119999885559082,882400,2016,9,9,5,17053
14.829999923706055,15.369999885559082,15.100000381469727,15.180000305175781,488200,2016,9,12,1,17056
14.699999809265137,15.100000381469727,15.09000015258789,14.869999885559082,508800,2016,9,13,2,17057
14.699999809265137,15.029999732971191,14.9399995803833,14.739999771118164,406700,2016,9,14,3,17058
14.710000038146973,15.220000267028809,14.739999771118164,15.210000038146973,511900,2016,9,15,4,17059
14.869999885559082,15.260000228881836,15.130000114440918,15.100000381469727,571400,2016,9,16,5,17060
14.789999961853027,15.210000038146973,15.050000190734863,14.890000343322754,359400,2016,9,19,1,17063
14.829999923706055,15.119999885559082,14.880000114440918,15.050000190734863,352300,2016,9,20,2,17064
14.819999694824219,15.279999732971191,15.010000228881836,15.119999885559082,439400,2016,9,21,3,17065
15.220000267028809,15.369999885559082,15.220000267028809,15.25,530500,2016,9,22,4,17066
14.979999542236328,15.270000457763672,15.220000267028809,15.029999732971191,369900,2016,9,23,5,17067
14.640000343322754,15.039999961853027,15.010000228881836,14.649999618530273,867800,2016,9,26,1,17070
14.520000457763672,14.6899995803833,14.579999923706055,14.600000381469727,351600,2016,9,27,2,17071
14.529999732971191,14.779999732971191,14.649999618530273,14.75,608300,2016,9,28,3,17072
14.100000381469727,14.8100004196167,14.789999961853027,14.239999771118164,1312100,2016,9,29,4,17073
14.15999984741211,14.329999923706055,14.319999694824219,14.25,781900,2016,9,30,5,17074
13.75,14.239999771118164,14.15999984741211,13.899999618530273,847600,2016,10,3,1,17077
13.630000114440918,14.069999694824219,13.890000343322754,13.680000305175781,624400,2016,10,4,2,17078
13.5600004196167,14.199999809265137,13.699999809265137,14.170000076293945,1081600,2016,10,5,3,17079
13.880000114440918,14.210000038146973,14.15999984741211,13.9399995803833,598100,2016,10,6,4,17080
13.65999984741211,14.039999961853027,13.930000305175781,13.760000228881836,508200,2016,10,7,5,17081
13.609999656677246,13.8100004196167,13.699999809265137,13.760000228881836,549300,2016,10,10,1,17084
13.430000305175781,13.75,13.75,13.550000190734863,925300,2016,10,11,2,17085
13.489999771118164,13.970000267028809,13.59000015258789,13.890000343322754,347200,2016,10,12,3,17086
13.600000381469727,13.779999732971191,13.75,13.670000076293945,189400,2016,10,13,4,17087
13.40999984741211,13.739999771118164,13.729999542236328,13.479999542236328,583800,2016,10,14,5,17088
13.279999732971191,13.569999694824219,13.430000305175781,13.479999542236328,976100,2016,10,17,1,17091
13.529999732971191,13.800000190734863,13.619999885559082,13.789999961853027,651500,2016,10,18,2,17092
13.8100004196167,14.369999885559082,13.850000381469727,14.329999923706055,1206400,2016,10,19,3,17093
13.829999923706055,14.3100004196167,14.279999732971191,13.890000343322754,874400,2016,10,20,4,17094
13.75,14.100000381469727,13.850000381469727,14.050000190734863,928200,2016,10,21,5,17095
13.720000267028809,14.140000343322754,14.0,13.8100004196167,422800,2016,10,24,1,17098
13.65999984741211,13.869999885559082,13.800000190734863,13.720000267028809,743300,2016,10,25,2,17099
13.4399995803833,13.699999809265137,13.680000305175781,13.510000228881836,631400,2016,10,26,3,17100
13.140000343322754,13.579999923706055,13.5600004196167,13.149999618530273,671100,2016,10,27,4,17101
13.079999923706055,13.25,13.199999809265137,13.140000343322754,362400,2016,10,28,5,17102
13.069999694824219,13.34000015258789,13.149999618530273,13.109999656677246,473700,2016,10,31,1,17105
12.960000038146973,13.239999771118164,13.140000343322754,13.050000190734863,816400,2016,11,1,2,17106
12.979999542236328,13.199999809265137,13.0600004196167,13.079999923706055,591900,2016,11,2,3,17107
12.859999656677246,13.180000305175781,13.039999961853027,12.890000343322754,513100,2016,11,3,4,17108
12.720000267028809,13.010000228881836,12.850000381469727,12.84000015258789,831300,2016,11,4,5,17109
12.760000228881836,13.0,12.970000267028809,12.84000015258789,770600,2016,11,7,1,17112
12.789999961853027,13.199999809265137,12.829999923706055,13.100000381469727,471900,2016,11,8,2,17113
12.8100004196167,13.210000038146973,13.0,13.1899995803833,713300,2016,11,9,3,17114
13.399999618530273,14.220000267028809,13.739999771118164,13.779999732971191,1641200,2016,11,10,4,17115
12.460000038146973,13.65999984741211,13.609999656677246,12.539999961853027,2078100,2016,11,11,5,17116
11.75,12.569999694824219,12.569999694824219,12.1899995803833,1935600,2016,11,14,1,17119
12.109999656677246,12.390000343322754,12.25,12.329999923706055,659000,2016,11,15,2,17120
11.90999984741211,12.350000381469727,12.25,11.970000267028809,902600,2016,11,16,3,17121
11.8100004196167,12.0600004196167,12.010000228881836,11.920000076293945,485400,2016,11,17,4,17122
11.850000381469727,12.029999732971191,11.930000305175781,11.960000038146973,361100,2016,11,18,5,17123
11.760000228881836,12.100000381469727,11.9399995803833,11.979999542236328,537900,2016,11,21,1,17126
12.020000457763672,12.329999923706055,12.020000457763672,12.199999809265137,922700,2016,11,22,2,17127
11.899999618530273,12.25,12.140000343322754,11.979999542236328,603600,2016,11,23,3,17128
11.779999732971191,12.039999961853027,11.960000038146973,11.90999984741211,238900,2016,11,25,5,17130
11.760000228881836,11.949999809265137,11.890000343322754,11.930000305175781,552100,2016,11,28,1,17133
11.680000305175781,11.979999542236328,11.979999542236328,11.829999923706055,953200,2016,11,29,2,17134
11.350000381469727,11.9399995803833,11.9399995803833,11.350000381469727,1279600,2016,11,30,3,17135
10.979999542236328,11.449999809265137,11.369999885559082,11.0,1457700,2016,12,1,4,17136
10.819999694824219,11.220000267028809,10.989999771118164,11.050000190734863,1158400,2016,12,2,5,17137
10.960000038146973,11.199999809265137,11.079999923706055,11.029999732971191,1108200,2016,12,5,1,17140
10.100000381469727,10.880000114440918,10.600000381469727,10.399999618530273,2831600,2016,12,6,2,17141
10.300000190734863,10.869999885559082,10.40999984741211,10.770000457763672,1464500,2016,12,7,3,17142
10.34000015258789,10.829999923706055,10.720000267028809,10.390000343322754,1021900,2016,12,8,4,17143
10.319999694824219,10.59000015258789,10.4399995803833,10.539999961853027,928900,2016,12,9,5,17144
10.359999656677246,10.65999984741211,10.529999732971191,10.539999961853027,825700,2016,12,12,1,17147
10.40999984741211,10.970000267028809,10.550000190734863,10.899999618530273,1229900,2016,12,13,2,17148
10.850000381469727,11.020000457763672,10.920000076293945,10.890000343322754,1224900,2016,12,14,3,17149
10.819999694824219,11.09000015258789,10.850000381469727,11.069999694824219,614000,2016,12,15,4,17150
11.029999732971191,11.390000343322754,11.140000343322754,11.369999885559082,1020000,2016,12,16,5,17151
11.100000381469727,11.539999961853027,11.350000381469727,11.119999885559082,743100,2016,12,19,1,17154
11.010000228881836,11.359999656677246,11.079999923706055,11.300000190734863,557800,2016,12,20,2,17155
11.260000228881836,11.550000190734863,11.3100004196167,11.510000228881836,917300,2016,12,21,3,17156
11.279999732971191,11.550000190734863,11.550000190734863,11.380000114440918,499400,2016,12,22,4,17157
11.260000228881836,11.40999984741211,11.40999984741211,11.359999656677246,445000,2016,12,23,5,17158
11.260000228881836,11.510000228881836,11.34000015258789,11.470000267028809,494500,2016,12,27,2,17162
11.300000190734863,11.510000228881836,11.5,11.390000343322754,556900,2016,12,28,3,17163
11.239999771118164,11.460000038146973,11.449999809265137,11.430000305175781,529600,2016,12,29,4,17164
11.260000228881836,11.569999694824219,11.5,11.329999923706055,389300,2016,12,30,5,17165
11.220000267028809,11.4399995803833,11.420000076293945,11.359999656677246,668800,2017,1,3,2,17169
11.100000381469727,11.420000076293945,11.420000076293945,11.270000457763672,996900,2017,1,4,3,17170
11.109999656677246,11.6899995803833,11.300000190734863,11.579999923706055,956600,2017,1,5,4,17171
11.430000305175781,11.630000114440918,11.600000381469727,11.489999771118164,752600,2017,1,6,5,17172
10.989999771118164,11.529999732971191,11.529999732971191,11.020000457763672,923600,2017,1,9,1,17175
10.8100004196167,11.130000114440918,10.989999771118164,11.100000381469727,1359600,2017,1,10,2,17176
10.899999618530273,11.1899995803833,11.109999656677246,10.920000076293945,610000,2017,1,11,3,17177
10.850000381469727,11.1899995803833,10.979999542236328,11.109999656677246,793000,2017,1,12,4,17178
10.899999618530273,11.149999618530273,11.140000343322754,10.9399995803833,571500,2017,1,13,5,17179
10.989999771118164,11.34000015258789,11.0,11.130000114440918,478500,2017,1,17,2,17183
10.819999694824219,11.119999885559082,11.079999923706055,10.850000381469727,437400,2017,1,18,3,17184
10.600000381469727,10.869999885559082,10.789999961853027,10.630000114440918,497600,2017,1,19,4,17185
10.600000381469727,10.84000015258789,10.649999618530273,10.819999694824219,582500,2017,1,20,5,17186
10.710000038146973,10.869999885559082,10.770000457763672,10.850000381469727,443300,2017,1,23,1,17189
10.8100004196167,11.1899995803833,10.8100004196167,11.130000114440918,522400,2017,1,24,2,17190
11.0600004196167,11.25,11.130000114440918,11.119999885559082,632400,2017,1,25,3,17191
10.869999885559082,11.109999656677246,11.069999694824219,10.880000114440918,398900,2017,1,26,4,17192
10.579999923706055,10.899999618530273,10.899999618530273,10.59000015258789,736500,2017,1,27,5,17193
10.34000015258789,10.600000381469727,10.550000190734863,10.510000228881836,352800,2017,1,30,1,17196
10.399999618530273,10.640000343322754,10.470000267028809,10.600000381469727,615800,2017,1,31,2,17197
10.420000076293945,10.609999656677246,10.569999694824219,10.430000305175781,534900,2017,2,1,3,17198
10.40999984741211,10.539999961853027,10.5,10.5,874000,2017,2,2,4,17199
10.539999961853027,10.779999732971191,10.59000015258789,10.699999809265137,342100,2017,2,3,5,17200
10.510000228881836,10.680000305175781,10.680000305175781,10.579999923706055,335800,2017,2,6,1,17203
10.470000267028809,10.619999885559082,10.520000457763672,10.569999694824219,413400,2017,2,7,2,17204
10.489999771118164,10.760000228881836,10.550000190734863,10.670000076293945,538800,2017,2,8,3,17205
10.569999694824219,10.8100004196167,10.670000076293945,10.760000228881836,1005900,2017,2,9,4,17206
10.699999809265137,10.899999618530273,10.75,10.800000190734863,456400,2017,2,10,5,17207
10.6899995803833,10.880000114440918,10.829999923706055,10.819999694824219,359300,2017,2,13,1,17210
10.710000038146973,10.869999885559082,10.829999923706055,10.779999732971191,567600,2017,2,14,2,17211
10.699999809265137,11.050000190734863,10.75,10.9399995803833,616400,2017,2,15,3,17212
10.649999618530273,11.050000190734863,10.90999984741211,11.050000190734863,897600,2017,2,16,4,17213
10.960000038146973,11.119999885559082,11.039999961853027,11.079999923706055,570800,2017,2,17,5,17214
11.069999694824219,11.369999885559082,11.109999656677246,11.319999694824219,649000,2017,2,21,2,17218
11.199999809265137,11.670000076293945,11.319999694824219,11.649999618530273,1358400,2017,2,22,3,17219
11.539999961853027,12.0,11.6899995803833,11.59000015258789,2320100,2017,2,23,4,17220
10.770000457763672,11.5,11.5,10.920000076293945,2401000,2017,2,24,5,17221
10.649999618530273,10.899999618530273,10.880000114440918,10.710000038146973,1384500,2017,2,27,1,17224
10.59000015258789,10.760000228881836,10.680000305175781,10.65999984741211,1097700,2017,2,28,2,17225
10.4399995803833,10.680000305175781,10.670000076293945,10.569999694824219,2011900,2017,3,1,3,17226
10.449999809265137,10.600000381469727,10.5600004196167,10.5600004196167,1453600,2017,3,2,4,17227
10.5600004196167,10.880000114440918,10.609999656677246,10.819999694824219,1914700,2017,3,3,5,17228
10.75,11.140000343322754,10.880000114440918,11.050000190734863,2085400,2017,3,6,1,17231
10.90999984741211,11.15999984741211,11.039999961853027,11.079999923706055,1904800,2017,3,7,2,17232
11.0,11.630000114440918,11.15999984741211,11.619999885559082,1967400,2017,3,8,3,17233
11.600000381469727,11.819999694824219,11.649999618530273,11.739999771118164,1212800,2017,3,9,4,17234
11.760000228881836,12.3100004196167,11.760000228881836,12.279999732971191,1637300,2017,3,10,5,17235
11.779999732971191,12.300000190734863,12.260000228881836,11.819999694824219,1692100,2017,3,13,1,17238
11.579999923706055,11.859999656677246,11.760000228881836,11.800000190734863,1030400,2017,3,14,2,17239
11.640000343322754,12.109999656677246,11.789999961853027,12.100000381469727,1003100,2017,3,15,3,17240
12.140000343322754,12.380000114440918,12.149999618530273,12.239999771118164,1335000,2017,3,16,4,17241
12.109999656677246,12.270000457763672,12.260000228881836,12.140000343322754,659600,2017,3,17,5,17242
12.029999732971191,12.229999542236328,12.180000305175781,12.15999984741211,1541900,2017,3,20,1,17245
11.899999618530273,12.319999694824219,12.15999984741211,12.130000114440918,1319300,2017,3,21,2,17246
11.989999771118164,12.140000343322754,12.109999656677246,12.109999656677246,698800,2017,3,22,3,17247
12.050000190734863,12.270000457763672,12.09000015258789,12.109999656677246,826000,2017,3,23,4,17248
12.050000190734863,12.199999809265137,12.09000015258789,12.100000381469727,1002500,2017,3,24,5,17249
12.020000457763672,12.239999771118164,12.100000381469727,12.149999618530273,644900,2017,3,27,1,17252
11.949999809265137,12.220000267028809,12.15999984741211,12.140000343322754,1028200,2017,3,28,2,17253
12.079999923706055,12.34000015258789,12.079999923706055,12.300000190734863,1006000,2017,3,29,3,17254
12.239999771118164,12.510000228881836,12.260000228881836,12.430000305175781,852000,2017,3,30,4,17255
12.359999656677246,12.600000381469727,12.420000076293945,12.359999656677246,1182600,2017,3,31,5,17256
12.140000343322754,12.350000381469727,12.319999694824219,12.25,785200,2017,4,3,1,17259
11.9399995803833,12.239999771118164,12.239999771118164,12.100000381469727,871700,2017,4,4,2,17260
12.010000228881836,12.279999732971191,12.130000114440918,12.010000228881836,1001200,2017,4,5,3,17261
12.0,12.300000190734863,12.029999732971191,12.210000038146973,737100,2017,4,6,4,17262
12.069999694824219,12.34000015258789,12.300000190734863,12.319999694824219,722800,2017,4,7,5,17263
12.279999732971191,12.670000076293945,12.3100004196167,12.619999885559082,579600,2017,4,10,1,17266
12.489999771118164,12.65999984741211,12.609999656677246,12.640000343322754,835900,2017,4,11,2,17267
12.529999732971191,12.770000457763672,12.619999885559082,12.710000038146973,611900,2017,4,12,3,17268
12.600000381469727,12.8100004196167,12.720000267028809,12.649999618530273,1109300,2017,4,13,4,17269
12.640000343322754,12.859999656677246,12.699999809265137,12.8100004196167,2266600,2017,4,17,1,17273
12.670000076293945,12.9399995803833,12.829999923706055,12.859999656677246,591100,2017,4,18,2,17274
12.819999694824219,12.920000076293945,12.859999656677246,12.880000114440918,538400,2017,4,19,3,17275
12.789999961853027,12.920000076293945,12.819999694824219,12.829999923706055,471500,2017,4,20,4,17276
12.65999984741211,12.850000381469727,12.8100004196167,12.800000190734863,500500,2017,4,21,5,17277
12.739999771118164,12.979999542236328,12.930000305175781,12.850000381469727,853900,2017,4,24,1,17280
12.770000457763672,13.279999732971191,12.890000343322754,13.220000267028809,1123500,2017,4,25,2,17281
13.09000015258789,13.289999961853027,13.199999809265137,13.149999618530273,841800,2017,4,26,3,17282
13.050000190734863,13.380000114440918,13.149999618530273,13.270000457763672,1210700,2017,4,27,4,17283
13.109999656677246,13.329999923706055,13.260000228881836,13.170000076293945,1244400,2017,4,28,5,17284
13.180000305175781,13.479999542236328,13.210000038146973,13.420000076293945,1660800,2017,5,1,1,17287
13.34000015258789,13.460000038146973,13.420000076293945,13.34000015258789,1270100,2017,5,2,2,17288
12.630000114440918,13.300000190734863,13.279999732971191,12.699999809265137,1981800,2017,5,3,3,17289
12.039999961853027,13.119999885559082,12.279999732971191,13.0600004196167,3189300,2017,5,4,4,17290
12.520000457763672,13.170000076293945,13.170000076293945,12.739999771118164,2737000,2017,5,5,5,17291
12.460000038146973,12.75,12.680000305175781,12.479999542236328,1095200,2017,5,8,1,17294
12.34000015258789,12.520000457763672,12.449999809265137,12.479999542236328,776300,2017,5,9,2,17295
12.359999656677246,12.550000190734863,12.430000305175781,12.40999984741211,817000,2017,5,10,3,17296
12.34000015258789,12.5600004196167,12.380000114440918,12.470000267028809,687600,2017,5,11,4,17297
12.460000038146973,12.699999809265137,12.479999542236328,12.630000114440918,702800,2017,5,12,5,17298
12.670000076293945,12.84000015258789,12.699999809265137,12.829999923706055,559500,2017,5,15,1,17301
12.84000015258789,13.0600004196167,12.869999885559082,13.020000457763672,897600,2017,5,16,2,17302
12.539999961853027,13.029999732971191,12.930000305175781,12.539999961853027,1287300,2017,5,17,3,17303
12.3100004196167,12.630000114440918,12.539999961853027,12.609999656677246,1441800,2017,5,18,4,17304
12.640000343322754,13.170000076293945,12.670000076293945,13.039999961853027,1096100,2017,5,19,5,17305
13.0,13.170000076293945,13.050000190734863,13.15999984741211,512800,2017,5,22,1,17308
13.15999984741211,13.390000343322754,13.15999984741211,13.289999961853027,757300,2017,5,23,2,17309
13.199999809265137,13.5600004196167,13.239999771118164,13.5,913000,2017,5,24,3,17310
13.460000038146973,13.859999656677246,13.59000015258789,13.460000038146973,1055000,2017,5,25,4,17311
13.369999885559082,13.529999732971191,13.4399995803833,13.489999771118164,361800,2017,5,26,5,17312
13.140000343322754,13.520000457763672,13.449999809265137,13.1899995803833,641700,2017,5,30,2,17316
13.09000015258789,13.239999771118164,13.180000305175781,13.1899995803833,452700,2017,5,31,3,17317
13.170000076293945,13.739999771118164,13.199999809265137,13.699999809265137,1591400,2017,6,1,4,17318
13.520000457763672,13.90999984741211,13.800000190734863,13.770000457763672,1047100,2017,6,2,5,17319
13.609999656677246,13.869999885559082,13.75,13.859999656677246,616900,2017,6,5,1,17322
13.800000190734863,14.029999732971191,13.829999923706055,14.0,2463400,2017,6,6,2,17323
14.319999694824219,14.770000457763672,14.390000343322754,14.600000381469727,2528600,2017,6,7,3,17324
14.170000076293945,14.640000343322754,14.550000190734863,14.289999961853027,983000,2017,6,8,4,17325
13.989999771118164,14.380000114440918,14.34000015258789,14.039999961853027,864900,2017,6,9,5,17326
13.869999885559082,14.260000228881836,14.039999961853027,14.149999618530273,1295000,2017,6,12,1,17329
13.979999542236328,14.520000457763672,14.25,14.479999542236328,1084100,2017,6,13,2,17330
14.260000228881836,14.619999885559082,14.579999923706055,14.359999656677246,616000,2017,6,14,3,17331
14.100000381469727,14.399999618530273,14.270000457763672,14.329999923706055,390500,2017,6,15,4,17332
14.0600004196167,14.369999885559082,14.3100004196167,14.1899995803833,506900,2017,6,16,5,17333
14.15999984741211,14.520000457763672,14.1899995803833,14.390000343322754,913400,2017,6,19,1,17336
14.350000381469727,14.59000015258789,14.399999618530273,14.430000305175781,622000,2017,6,20,2,17337
14.170000076293945,14.479999542236328,14.420000076293945,14.270000457763672,486100,2017,6,21,3,17338
14.239999771118164,14.390000343322754,14.3100004196167,14.329999923706055,976200,2017,6,22,4,17339
14.130000114440918,14.369999885559082,14.319999694824219,14.149999618530273,686900,2017,6,23,5,17340
14.15999984741211,14.369999885559082,14.210000038146973,14.350000381469727,1231700,2017,6,26,1,17343
14.25,14.5600004196167,14.390000343322754,14.350000381469727,692600,2017,6,27,2,17344
14.369999885559082,14.729999542236328,14.369999885559082,14.520000457763672,757500,2017,6,28,3,17345
14.239999771118164,14.520000457763672,14.510000228881836,14.329999923706055,633400,2017,6,29,4,17346
14.15999984741211,14.489999771118164,14.380000114440918,14.4399995803833,575700,2017,6,30,5,17347
14.380000114440918,14.579999923706055,14.5,14.510000228881836,342300,2017,7,3,1,17350
14.0,14.430000305175781,14.430000305175781,14.020000457763672,698400,2017,7,5,3,17352
13.729999542236328,14.039999961853027,13.979999542236328,13.8100004196167,964600,2017,7,6,4,17353
13.6899995803833,14.649999618530273,13.869999885559082,14.170000076293945,1910700,2017,7,7,5,17354
14.270000457763672,14.59000015258789,14.329999923706055,14.489999771118164,1427700,2017,7,10,1,17357
14.239999771118164,14.529999732971191,14.529999732971191,14.319999694824219,635100,2017,7,11,2,17358
14.40999984741211,14.680000305175781,14.460000038146973,14.510000228881836,1431100,2017,7,12,3,17359
14.40999984741211,14.600000381469727,14.550000190734863,14.460000038146973,457900,2017,7,13,4,17360
14.479999542236328,14.859999656677246,14.479999542236328,14.8100004196167,1830300,2017,7,14,5,17361
14.649999618530273,14.899999618530273,14.829999923706055,14.8100004196167,901500,2017,7,17,1,17364
14.550000190734863,14.819999694824219,14.760000228881836,14.5600004196167,591600,2017,7,18,2,17365
14.5,14.670000076293945,14.579999923706055,14.609999656677246,752500,2017,7,19,3,17366
14.550000190734863,14.739999771118164,14.670000076293945,14.729999542236328,818700,2017,7,20,4,17367
14.489999771118164,14.75,14.729999542236328,14.550000190734863,886600,2017,7,21,5,17368
14.449999809265137,14.880000114440918,14.510000228881836,14.729999542236328,924500,2017,7,24,1,17371
15.399999618530273,16.18000030517578,16.059999465942383,15.6899995803833,8745900,2017,7,25,2,17372
15.239999771118164,15.729999542236328,15.239999771118164,15.5,2249000,2017,7,26,3,17373
15.140000343322754,15.6899995803833,15.529999732971191,15.390000343322754,1400300,2017,7,27,4,17374
15.380000114440918,15.649999618530273,15.399999618530273,15.489999771118164,1979700,2017,7,28,5,17375
15.380000114440918,15.600000381469727,15.520000457763672,15.539999961853027,1587700,2017,7,31,1,17378
15.449999809265137,15.779999732971191,15.529999732971191,15.539999961853027,949300,2017,8,1,2,17379
15.260000228881836,15.5600004196167,15.5600004196167,15.399999618530273,1037500,2017,8,2,3,17380
15.109999656677246,15.989999771118164,15.140000343322754,15.989999771118164,5230400,2017,8,3,4,17381
15.680000305175781,15.989999771118164,15.930000305175781,15.90999984741211,1634200,2017,8,4,5,17382
15.619999885559082,15.890000343322754,15.869999885559082,15.710000038146973,789300,2017,8,7,1,17385
15.5,15.8100004196167,15.710000038146973,15.579999923706055,906200,2017,8,8,2,17386
15.180000305175781,15.510000228881836,15.460000038146973,15.470000267028809,1075600,2017,8,9,3,17387
15.149999618530273,15.479999542236328,15.479999542236328,15.170000076293945,621800,2017,8,10,4,17388
15.010000228881836,15.220000267028809,15.010000228881836,15.180000305175781,801300,2017,8,11,5,17389
15.180000305175781,15.569999694824219,15.3100004196167,15.430000305175781,583700,2017,8,14,1,17392
15.319999694824219,15.569999694824219,15.470000267028809,15.420000076293945,661100,2017,8,15,2,17393
15.329999923706055,15.520000457763672,15.430000305175781,15.479999542236328,587100,2017,8,16,3,17394
15.15999984741211,15.529999732971191,15.479999542236328,15.180000305175781,906600,2017,8,17,4,17395
15.020000457763672,15.25,15.140000343322754,15.180000305175781,875700,2017,8,18,5,17396
15.050000190734863,15.319999694824219,15.170000076293945,15.3100004196167,695400,2017,8,21,1,17399
15.25,15.420000076293945,15.3100004196167,15.369999885559082,626600,2017,8,22,2,17400
15.180000305175781,15.390000343322754,15.34000015258789,15.210000038146973,554700,2017,8,23,3,17401
14.979999542236328,15.260000228881836,15.25,15.0,706700,2017,8,24,4,17402
14.9399995803833,15.100000381469727,15.069999694824219,14.970000267028809,793700,2017,8,25,5,17403
14.899999618530273,15.130000114440918,15.029999732971191,14.949999809265137,658100,2017,8,28,1,17406
14.789999961853027,15.359999656677246,14.890000343322754,15.270000457763672,1212900,2017,8,29,2,17407
15.109999656677246,15.300000190734863,15.289999961853027,15.220000267028809,578200,2017,8,30,3,17408
15.140000343322754,15.3100004196167,15.25,15.180000305175781,531200,2017,8,31,4,17409
15.170000076293945,15.899999618530273,15.25,15.789999961853027,1037500,2017,9,1,5,17410
15.65999984741211,16.139999389648438,15.850000381469727,15.960000038146973,1583300,2017,9,5,2,17414
15.600000381469727,15.970000267028809,15.970000267028809,15.789999961853027,880800,2017,9,6,3,17415
15.680000305175781,15.930000305175781,15.8100004196167,15.6899995803833,1165600,2017,9,7,4,17416
15.3100004196167,15.65999984741211,15.65999984741211,15.40999984741211,932700,2017,9,8,5,17417
15.3100004196167,15.569999694824219,15.489999771118164,15.3100004196167,530600,2017,9,11,1,17420
15.149999618530273,15.369999885559082,15.359999656677246,15.270000457763672,1185200,2017,9,12,2,17421
15.1899995803833,15.4399995803833,15.199999809265137,15.239999771118164,519800,2017,9,13,3,17422
15.100000381469727,15.3100004196167,15.210000038146973,15.229999542236328,489900,2017,9,14,4,17423
15.029999732971191,15.380000114440918,15.289999961853027,15.289999961853027,1043500,2017,9,15,5,17424
15.1899995803833,15.489999771118164,15.3100004196167,15.279999732971191,886400,2017,9,18,1,17427
14.9399995803833,15.300000190734863,15.300000190734863,14.9399995803833,668100,2017,9,19,2,17428
14.829999923706055,15.130000114440918,14.90999984741211,14.9399995803833,1069300,2017,9,20,3,17429
14.800000190734863,15.0600004196167,14.9399995803833,14.960000038146973,851700,2017,9,21,4,17430
14.720000267028809,15.039999961853027,14.970000267028809,14.9399995803833,1203300,2017,9,22,5,17431
14.739999771118164,15.0,14.930000305175781,14.779999732971191,934800,2017,9,25,1,17434
14.550000190734863,14.859999656677246,14.75,14.84000015258789,2168900,2017,9,26,2,17435
14.6899995803833,14.989999771118164,14.869999885559082,14.739999771118164,856400,2017,9,27,3,17436
14.729999542236328,15.010000228881836,14.729999542236328,14.960000038146973,525800,2017,9,28,4,17437
14.90999984741211,15.170000076293945,14.960000038146973,15.010000228881836,662000,2017,9,29,5,17438
14.890000343322754,15.130000114440918,15.039999961853027,15.050000190734863,697200,2017,10,2,1,17441
15.140000343322754,15.40999984741211,15.15999984741211,15.289999961853027,1242700,2017,10,3,2,17442
15.239999771118164,15.630000114440918,15.300000190734863,15.399999618530273,1849100,2017,10,4,3,17443
15.399999618530273,15.550000190734863,15.5,15.4399995803833,1193600,2017,10,5,4,17444
15.319999694824219,15.569999694824219,15.40999984741211,15.529999732971191,1754300,2017,10,6,5,17445
15.40999984741211,15.619999885559082,15.619999885559082,15.470000267028809,725600,2017,10,9,1,17448
15.1899995803833,15.600000381469727,15.5,15.1899995803833,658100,2017,10,10,2,17449
15.039999961853027,15.279999732971191,15.149999618530273,15.050000190734863,750500,2017,10,11,3,17450
14.960000038146973,15.1899995803833,15.100000381469727,15.109999656677246,660700,2017,10,12,4,17451
14.989999771118164,15.170000076293945,15.119999885559082,15.0,626400,2017,10,13,5,17452
14.9399995803833,15.270000457763672,14.9399995803833,15.220000267028809,2631600,2017,10,16,1,17455
14.930000305175781,15.279999732971191,15.15999984741211,15.109999656677246,2389000,2017,10,17,2,17456
15.010000228881836,15.329999923706055,15.119999885559082,15.029999732971191,783300,2017,10,18,3,17457
14.779999732971191,15.0600004196167,15.0,14.979999542236328,659000,2017,10,19,4,17458
14.770000457763672,15.020000457763672,15.0,14.84000015258789,1487600,2017,10,20,5,17459
14.75,14.960000038146973,14.84000015258789,14.819999694824219,485400,2017,10,23,1,17462
14.710000038146973,14.899999618530273,14.800000190734863,14.729999542236328,749700,2017,10,24,2,17463
14.380000114440918,14.859999656677246,14.800000190734863,14.739999771118164,1001800,2017,10,25,3,17464
14.739999771118164,15.260000228881836,14.739999771118164,15.100000381469727,711300,2017,10,26,4,17465
14.819999694824219,15.109999656677246,15.050000190734863,15.079999923706055,476900,2017,10,27,5,17466
14.720000267028809,15.079999923706055,15.0,14.760000228881836,577800,2017,10,30,1,17469
14.789999961853027,15.09000015258789,14.789999961853027,15.0,662300,2017,10,31,2,17470
15.0,15.25,15.130000114440918,15.100000381469727,875700,2017,11,1,3,17471
14.670000076293945,15.069999694824219,14.989999771118164,14.739999771118164,1133300,2017,11,2,4,17472
14.729999542236328,14.930000305175781,14.729999542236328,14.739999771118164,516500,2017,11,3,5,17473
14.550000190734863,14.800000190734863,14.800000190734863,14.5600004196167,1522700,2017,11,6,1,17476
14.319999694824219,14.640000343322754,14.640000343322754,14.390000343322754,708200,2017,11,7,2,17477
14.25,14.529999732971191,14.430000305175781,14.470000267028809,1398900,2017,11,8,3,17478
14.65999984741211,15.539999961853027,14.75,15.010000228881836,2977300,2017,11,9,4,17479
15.050000190734863,16.260000228881836,15.130000114440918,16.149999618530273,5867000,2017,11,10,5,17480
15.890000343322754,16.3799991607666,16.15999984741211,16.31999969482422,2923400,2017,11,13,1,17483
16.270000457763672,16.530000686645508,16.31999969482422,16.479999542236328,2799700,2017,11,14,2,17484
16.25,16.610000610351562,16.3799991607666,16.540000915527344,2424900,2017,11,15,3,17485
16.290000915527344,16.84000015258789,16.68000030517578,16.5,6746100,2017,11,16,4,17486
16.510000228881836,16.969999313354492,16.59000015258789,16.959999084472656,9116400,2017,11,17,5,17487
16.84000015258789,17.190000534057617,17.010000228881836,17.18000030517578,1288500,2017,11,20,1,17490
17.040000915527344,17.459999084472656,17.219999313354492,17.09000015258789,2293200,2017,11,21,2,17491
17.059999465942383,17.260000228881836,17.1299991607666,17.170000076293945,1255000,2017,11,22,3,17492
17.219999313354492,17.360000610351562,17.299999237060547,17.25,560800,2017,11,24,5,17494
17.09000015258789,17.350000381469727,17.209999084472656,17.31999969482422,827600,2017,11,27,1,17497
17.079999923706055,17.3700008392334,17.329999923706055,17.200000762939453,1251200,2017,11,28,2,17498
16.850000381469727,17.170000076293945,17.149999618530273,16.93000030517578,1541500,2017,11,29,3,17499
16.8799991607666,17.200000762939453,16.940000534057617,17.170000076293945,1322800,2017,11,30,4,17500
17.1200008392334,17.65999984741211,17.280000686645508,17.56999969482422,2589300,2017,12,1,5,17501
17.229999542236328,17.770000457763672,17.649999618530273,17.34000015258789,1247200,2017,12,4,1,17504
17.290000915527344,17.579999923706055,17.299999237060547,17.389999389648438,1374600,2017,12,5,2,17505
17.329999923706055,17.479999542236328,17.420000076293945,17.440000534057617,1462200,2017,12,6,3,17506
17.280000686645508,17.649999618530273,17.389999389648438,17.5,1382900,2017,12,7,4,17507
17.459999084472656,17.690000534057617,17.459999084472656,17.6200008392334,818500,2017,12,8,5,17508
17.450000762939453,17.690000534057617,17.639999389648438,17.540000915527344,776100,2017,12,11,1,17511
17.110000610351562,17.510000228881836,17.510000228881836,17.110000610351562,537900,2017,12,12,2,17512
17.010000228881836,17.280000686645508,17.06999969482422,17.079999923706055,1343500,2017,12,13,3,17513
16.93000030517578,17.06999969482422,17.059999465942383,16.979999542236328,499100,2017,12,14,4,17514
16.559999465942383,17.049999237060547,16.989999771118164,16.579999923706055,1138600,2017,12,15,5,17515
16.649999618530273,16.8799991607666,16.690000534057617,16.65999984741211,847400,2017,12,18,1,17518
16.770000457763672,17.049999237060547,17.0,16.969999313354492,1030500,2017,12,19,2,17519
16.489999771118164,17.010000228881836,17.010000228881836,16.8700008392334,950400,2017,12,20,3,17520
16.700000762939453,17.0,16.979999542236328,16.739999771118164,448800,2017,12,21,4,17521
16.530000686645508,16.75,16.700000762939453,16.56999969482422,309900,2017,12,22,5,17522
16.40999984741211,16.6299991607666,16.530000686645508,16.420000076293945,340500,2017,12,26,2,17526
16.299999237060547,16.690000534057617,16.540000915527344,16.600000381469727,457200,2017,12,27,3,17527
16.40999984741211,16.700000762939453,16.700000762939453,16.479999542236328,468000,2017,12,28,4,17528
16.389999389648438,16.760000228881836,16.520000457763672,16.65999984741211,786600,2017,12,29,5,17529
16.299999237060547,16.670000076293945,16.670000076293945,16.600000381469727,1154900,2018,1,2,2,17533
16.489999771118164,16.81999969482422,16.68000030517578,16.5,821300,2018,1,3,3,17534
16.3700008392334,16.610000610351562,16.530000686645508,16.440000534057617,666000,2018,1,4,4,17535
16.399999618530273,16.639999389648438,16.459999084472656,16.579999923706055,666500,2018,1,5,5,17536
16.40999984741211,16.860000610351562,16.6200008392334,16.760000228881836,934600,2018,1,8,1,17539
16.739999771118164,16.969999313354492,16.829999923706055,16.829999923706055,1063800,2018,1,9,2,17540
16.530000686645508,16.899999618530273,16.790000915527344,16.739999771118164,1201400,2018,1,10,3,17541
16.549999237060547,16.760000228881836,16.760000228881836,16.690000534057617,903900,2018,1,11,4,17542
16.579999923706055,16.81999969482422,16.700000762939453,16.75,545000,2018,1,12,5,17543
16.31999969482422,16.799999237060547,16.770000457763672,16.399999618530273,1098400,2018,1,16,2,17547
16.479999542236328,17.010000228881836,16.479999542236328,16.93000030517578,1380600,2018,1,17,3,17548
16.68000030517578,17.0,16.8799991607666,16.790000915527344,625500,2018,1,18,4,17549
16.770000457763672,17.049999237060547,16.770000457763672,17.040000915527344,877600,2018,1,19,5,17550
17.06999969482422,17.31999969482422,17.06999969482422,17.25,710700,2018,1,22,1,17553
16.940000534057617,17.25,17.149999618530273,17.110000610351562,788300,2018,1,23,2,17554
16.81999969482422,17.229999542236328,17.149999618530273,16.81999969482422,657300,2018,1,24,3,17555
16.829999923706055,17.34000015258789,16.8799991607666,17.149999618530273,1012700,2018,1,25,4,17556
17.110000610351562,17.329999923706055,17.15999984741211,17.200000762939453,637200,2018,1,26,5,17557
16.729999542236328,17.25,17.200000762939453,16.739999771118164,787000,2018,1,29,1,17560
16.479999542236328,16.809999465942383,16.510000228881836,16.770000457763672,980700,2018,1,30,2,17561
16.600000381469727,16.979999542236328,16.8700008392334,16.65999984741211,864600,2018,1,31,3,17562
16.469999313354492,16.719999313354492,16.639999389648438,16.670000076293945,1699900,2018,2,1,4,17563
16.3700008392334,16.709999084472656,16.520000457763672,16.600000381469727,2562800,2018,2,2,5,17564
15.949999809265137,16.489999771118164,16.489999771118164,15.949999809265137,1525400,2018,2,5,1,17567
15.550000190734863,16.110000610351562,15.699999809265137,15.9399995803833,1265200,2018,2,6,2,17568
15.569999694824219,15.970000267028809,15.84000015258789,15.59000015258789,1172400,2018,2,7,3,17569
15.300000190734863,15.779999732971191,15.65999984741211,15.3100004196167,954000,2018,2,8,4,17570
14.8100004196167,15.529999732971191,15.4399995803833,15.229999542236328,1254100,2018,2,9,5,17571
15.149999618530273,15.390000343322754,15.300000190734863,15.199999809265137,898400,2018,2,12,1,17574
15.199999809265137,15.789999961853027,15.210000038146973,15.6899995803833,1196600,2018,2,13,2,17575
15.319999694824219,15.619999885559082,15.619999885559082,15.479999542236328,900000,2018,2,14,3,17576
15.4399995803833,15.640000343322754,15.5600004196167,15.600000381469727,532900,2018,2,15,4,17577
15.520000457763672,15.760000228881836,15.569999694824219,15.630000114440918,595600,2018,2,16,5,17578
15.34000015258789,15.640000343322754,15.529999732971191,15.489999771118164,925800,2018,2,20,2,17582
14.949999809265137,15.609999656677246,15.5,14.979999542236328,558900,2018,2,21,3,17583
14.869999885559082,15.180000305175781,15.029999732971191,14.90999984741211,806100,2018,2,22,4,17584
14.630000114440918,15.069999694824219,15.0,14.770000457763672,1253600,2018,2,23,5,17585
14.729999542236328,14.920000076293945,14.800000190734863,14.84000015258789,934800,2018,2,26,1,17588
14.479999542236328,14.890000343322754,14.819999694824219,14.5600004196167,738500,2018,2,27,2,17589
14.479999542236328,14.789999961853027,14.640000343322754,14.550000190734863,1050300,2018,2,28,3,17590
14.920000076293945,15.65999984741211,15.09000015258789,15.609999656677246,3575800,2018,3,1,4,17591
15.0600004196167,15.829999923706055,15.619999885559082,15.789999961853027,1735000,2018,3,2,5,17592
15.529999732971191,16.09000015258789,15.529999732971191,15.869999885559082,1723300,2018,3,5,1,17595
15.729999542236328,16.219999313354492,15.899999618530273,15.930000305175781,1299100,2018,3,6,2,17596
15.5600004196167,15.859999656677246,15.770000457763672,15.569999694824219,1317900,2018,3,7,3,17597
15.59000015258789,16.010000228881836,15.640000343322754,15.899999618530273,958200,2018,3,8,4,17598
15.670000076293945,15.970000267028809,15.899999618530273,15.770000457763672,978400,2018,3,9,5,17599
15.449999809265137,15.8100004196167,15.8100004196167,15.5,800200,2018,3,12,1,17602
15.279999732971191,15.579999923706055,15.4399995803833,15.359999656677246,705100,2018,3,13,2,17603
15.25,15.40999984741211,15.359999656677246,15.279999732971191,704000,2018,3,14,3,17604
15.109999656677246,15.319999694824219,15.25,15.149999618530273,649100,2018,3,15,4,17605
15.119999885559082,15.319999694824219,15.210000038146973,15.220000267028809,519200,2018,3,16,5,17606
15.15999984741211,15.359999656677246,15.270000457763672,15.25,898000,2018,3,19,1,17609
15.180000305175781,15.640000343322754,15.25,15.600000381469727,1587900,2018,3,20,2,17610
15.380000114440918,15.699999809265137,15.609999656677246,15.479999542236328,944400,2018,3,21,3,17611
15.359999656677246,15.600000381469727,15.449999809265137,15.430000305175781,642700,2018,3,22,4,17612
14.800000190734863,15.520000457763672,15.520000457763672,14.8100004196167,930400,2018,3,23,5,17613
14.319999694824219,14.869999885559082,14.319999694824219,14.779999732971191,1774400,2018,3,26,1,17616
14.4399995803833,14.8100004196167,14.770000457763672,14.5600004196167,823400,2018,3,27,2,17617
14.399999618530273,14.84000015258789,14.630000114440918,14.4399995803833,978100,2018,3,28,3,17618
14.479999542236328,14.819999694824219,14.479999542236328,14.720000267028809,771400,2018,3,29,4,17619
14.449999809265137,14.720000267028809,14.65999984741211,14.550000190734863,941200,2018,4,2,1,17623
14.529999732971191,14.8100004196167,14.600000381469727,14.760000228881836,774600,2018,4,3,2,17624
14.5600004196167,14.869999885559082,14.630000114440918,14.84000015258789,530100,2018,4,4,3,17625
14.739999771118164,14.899999618530273,14.850000381469727,14.800000190734863,524000,2018,4,5,4,17626
14.569999694824219,14.84000015258789,14.710000038146973,14.739999771118164,605800,2018,4,6,5,17627
14.65999984741211,14.859999656677246,14.800000190734863,14.670000076293945,329600,2018,4,9,1,17630
14.539999961853027,14.8100004196167,14.8100004196167,14.569999694824219,354300,2018,4,10,2,17631
14.489999771118164,14.8100004196167,14.489999771118164,14.710000038146973,1376100,2018,4,11,3,17632
14.670000076293945,14.84000015258789,14.710000038146973,14.760000228881836,676100,2018,4,12,4,17633
14.449999809265137,14.789999961853027,14.75,14.510000228881836,646700,2018,4,13,5,17634
14.420000076293945,14.680000305175781,14.539999961853027,14.579999923706055,954800,2018,4,16,1,17637
14.350000381469727,14.8100004196167,14.720000267028809,14.359999656677246,490500,2018,4,17,2,17638
14.210000038146973,14.4399995803833,14.380000114440918,14.239999771118164,744500,2018,4,18,3,17639
14.0600004196167,14.369999885559082,14.25,14.289999961853027,599600,2018,4,19,4,17640
14.239999771118164,14.6899995803833,14.319999694824219,14.65999984741211,996500,2018,4,20,5,17641
14.279999732971191,14.65999984741211,14.65999984741211,14.390000343322754,503800,2018,4,23,1,17644
14.399999618530273,14.729999542236328,14.489999771118164,14.449999809265137,684500,2018,4,24,2,17645
14.220000267028809,14.470000267028809,14.420000076293945,14.229999542236328,629700,2018,4,25,3,17646
14.1899995803833,14.640000343322754,14.199999809265137,14.460000038146973,720300,2018,4,26,4,17647
14.399999618530273,14.579999923706055,14.5,14.510000228881836,334900,2018,4,27,5,17648
14.279999732971191,14.640000343322754,14.59000015258789,14.300000190734863,452900,2018,4,30,1,17651
14.140000343322754,14.34000015258789,14.329999923706055,14.229999542236328,456300,2018,5,1,2,17652
14.15999984741211,14.300000190734863,14.180000305175781,14.170000076293945,571200,2018,5,2,3,17653
14.609999656677246,15.270000457763672,14.710000038146973,15.050000190734863,1303200,2018,5,3,4,17654
14.989999771118164,15.569999694824219,15.119999885559082,15.420000076293945,1709600,2018,5,4,5,17655
15.289999961853027,15.59000015258789,15.489999771118164,15.489999771118164,1054700,2018,5,7,1,17658
15.449999809265137,15.859999656677246,15.5,15.699999809265137,654000,2018,5,8,2,17659
15.600000381469727,15.869999885559082,15.760000228881836,15.779999732971191,791500,2018,5,9,3,17660
16.100000381469727,16.43000030517578,16.100000381469727,16.190000534057617,3247000,2018,5,10,4,17661
15.960000038146973,16.25,16.25,16.0,616600,2018,5,11,5,17662
15.8100004196167,16.110000610351562,15.949999809265137,15.850000381469727,565300,2018,5,14,1,17665
15.59000015258789,15.880000114440918,15.75,15.829999923706055,848100,2018,5,15,2,17666
15.899999618530273,16.260000228881836,16.06999969482422,16.06999969482422,749900,2018,5,16,3,17667
15.880000114440918,16.09000015258789,16.030000686645508,15.920000076293945,702100,2018,5,17,4,17668
15.59000015258789,15.9399995803833,15.9399995803833,15.609999656677246,676300,2018,5,18,5,17669
15.609999656677246,16.079999923706055,15.630000114440918,15.989999771118164,637000,2018,5,21,1,17672
15.710000038146973,16.09000015258789,15.979999542236328,15.869999885559082,513700,2018,5,22,2,17673
15.779999732971191,16.09000015258789,15.84000015258789,15.90999984741211,395200,2018,5,23,3,17674
15.8100004196167,16.110000610351562,15.899999618530273,15.84000015258789,519600,2018,5,24,4,17675
15.75,16.06999969482422,15.819999694824219,15.829999923706055,441300,2018,5,25,5,17676
15.739999771118164,16.1200008392334,15.84000015258789,15.850000381469727,518200,2018,5,29,2,17680
15.779999732971191,16.149999618530273,15.84000015258789,16.010000228881836,576500,2018,5,30,3,17681
15.649999618530273,15.979999542236328,15.960000038146973,15.779999732971191,642600,2018,5,31,4,17682
15.970000267028809,16.309999465942383,16.239999771118164,16.18000030517578,944000,2018,6,1,5,17683
16.020000457763672,16.299999237060547,16.200000762939453,16.049999237060547,668800,2018,6,4,1,17686
15.9399995803833,16.229999542236328,15.989999771118164,16.139999389648438,719200,2018,6,5,2,17687
15.979999542236328,16.239999771118164,16.15999984741211,16.1200008392334,674400,2018,6,6,3,17688
15.890000343322754,16.15999984741211,16.059999465942383,15.90999984741211,470400,2018,6,7,4,17689
15.90999984741211,16.15999984741211,15.90999984741211,16.0,786400,2018,6,8,5,17690
15.949999809265137,16.270000457763672,16.0,16.1299991607666,649900,2018,6,11,1,17693
16.110000610351562,16.280000686645508,16.209999084472656,16.25,323900,2018,6,12,2,17694
16.219999313354492,16.56999969482422,16.25,16.520000457763672,1373700,2018,6,13,3,17695
16.309999465942383,16.639999389648438,16.579999923706055,16.450000762939453,718000,2018,6,14,4,17696
16.309999465942383,16.549999237060547,16.399999618530273,16.510000228881836,445700,2018,6,15,5,17697
16.200000762939453,16.469999313354492,16.43000030517578,16.260000228881836,891600,2018,6,18,1,17700
16.059999465942383,16.420000076293945,16.229999542236328,16.209999084472656,559600,2018,6,19,2,17701
16.1299991607666,16.329999923706055,16.190000534057617,16.280000686645508,314900,2018,6,20,3,17702
16.190000534057617,16.530000686645508,16.280000686645508,16.450000762939453,943600,2018,6,21,4,17703
16.420000076293945,16.6200008392334,16.540000915527344,16.5,386900,2018,6,22,5,17704
16.420000076293945,16.75,16.510000228881836,16.719999313354492,783900,2018,6,25,1,17707
16.520000457763672,16.75,16.739999771118164,16.610000610351562,476300,2018,6,26,2,17708
16.360000610351562,16.65999984741211,16.600000381469727,16.450000762939453,547500,2018,6,27,3,17709
16.3700008392334,16.540000915527344,16.43000030517578,16.389999389648438,377800,2018,6,28,4,17710
16.299999237060547,16.700000762939453,16.459999084472656,16.549999237060547,531200,2018,6,29,5,17711
16.43000030517578,16.68000030517578,16.450000762939453,16.530000686645508,701100,2018,7,2,1,17714
16.549999237060547,16.81999969482422,16.579999923706055,16.700000762939453,330600,2018,7,3,2,17715
16.469999313354492,16.81999969482422,16.780000686645508,16.709999084472656,392200,2018,7,5,4,17717
16.690000534057617,16.850000381469727,16.690000534057617,16.780000686645508,492400,2018,7,6,5,17718
16.799999237060547,17.059999465942383,16.850000381469727,17.0,822500,2018,7,9,1,17721
16.8799991607666,17.059999465942383,17.020000457763672,16.989999771118164,461000,2018,7,10,2,17722
16.299999237060547,16.959999084472656,16.959999084472656,16.6299991607666,1257900,2018,7,11,3,17723
16.600000381469727,16.780000686645508,16.6299991607666,16.68000030517578,563000,2018,7,12,4,17724
16.56999969482422,16.790000915527344,16.59000015258789,16.75,991900,2018,7,13,5,17725
16.68000030517578,16.860000610351562,16.739999771118164,16.850000381469727,1046100,2018,7,16,1,17728
16.719999313354492,16.969999313354492,16.850000381469727,16.799999237060547,770500,2018,7,17,2,17729
16.610000610351562,16.799999237060547,16.799999237060547,16.770000457763672,389500,2018,7,18,3,17730
16.5,16.700000762939453,16.59000015258789,16.549999237060547,460500,2018,7,19,4,17731
16.459999084472656,16.68000030517578,16.559999465942383,16.5,550900,2018,7,20,5,17732
16.260000228881836,16.479999542236328,16.43000030517578,16.360000610351562,493500,2018,7,23,1,17735
16.149999618530273,16.40999984741211,16.31999969482422,16.229999542236328,639300,2018,7,24,2,17736
16.110000610351562,16.34000015258789,16.190000534057617,16.219999313354492,578800,2018,7,25,3,17737
16.1299991607666,16.3700008392334,16.200000762939453,16.25,1018500,2018,7,26,4,17738
16.190000534057617,16.350000381469727,16.329999923706055,16.270000457763672,750800,2018,7,27,5,17739
15.880000114440918,16.239999771118164,16.200000762939453,15.970000267028809,732500,2018,7,30,1,17742
15.869999885559082,16.020000457763672,15.949999809265137,15.989999771118164,577000,2018,7,31,2,17743
15.819999694824219,16.040000915527344,15.960000038146973,15.890000343322754,980900,2018,8,1,3,17744
14.989999771118164,16.0,15.800000190734863,15.850000381469727,2563900,2018,8,2,4,17745
15.270000457763672,15.930000305175781,15.829999923706055,15.550000190734863,1382500,2018,8,3,5,17746
15.34000015258789,15.699999809265137,15.550000190734863,15.460000038146973,629900,2018,8,6,1,17749
15.369999885559082,15.6899995803833,15.460000038146973,15.510000228881836,1254300,2018,8,7,2,17750
15.34000015258789,15.710000038146973,15.550000190734863,15.350000381469727,791600,2018,8,8,3,17751
15.350000381469727,15.609999656677246,15.350000381469727,15.550000190734863,838200,2018,8,9,4,17752
15.289999961853027,15.529999732971191,15.520000457763672,15.369999885559082,704400,2018,8,10,5,17753
15.329999923706055,15.630000114440918,15.420000076293945,15.550000190734863,726800,2018,8,13,1,17756
15.470000267028809,15.670000076293945,15.579999923706055,15.579999923706055,658000,2018,8,14,2,17757
15.430000305175781,15.569999694824219,15.470000267028809,15.510000228881836,424200,2018,8,15,3,17758
15.420000076293945,15.65999984741211,15.5,15.640000343322754,1847800,2018,8,16,4,17759
15.770000457763672,16.170000076293945,15.949999809265137,15.970000267028809,1727800,2018,8,17,5,17760
15.970000267028809,16.31999969482422,15.989999771118164,16.09000015258789,953700,2018,8,20,1,17763
16.059999465942383,16.170000076293945,16.079999923706055,16.100000381469727,822000,2018,8,21,2,17764
15.84000015258789,16.110000610351562,16.040000915527344,15.850000381469727,647700,2018,8,22,3,17765
15.390000343322754,15.869999885559082,15.84000015258789,15.399999618530273,763200,2018,8,23,4,17766
15.25,15.520000457763672,15.449999809265137,15.270000457763672,941500,2018,8,24,5,17767
15.199999809265137,15.319999694824219,15.319999694824219,15.270000457763672,705700,2018,8,27,1,17770
15.15999984741211,15.399999618530273,15.270000457763672,15.199999809265137,705500,2018,8,28,2,17771
15.170000076293945,15.319999694824219,15.1899995803833,15.239999771118164,727700,2018,8,29,3,17772
15.170000076293945,15.319999694824219,15.170000076293945,15.210000038146973,929100,2018,8,30,4,17773
15.119999885559082,15.770000457763672,15.239999771118164,15.600000381469727,1815700,2018,8,31,5,17774
15.229999542236328,15.65999984741211,15.520000457763672,15.260000228881836,847000,2018,9,4,2,17778
15.109999656677246,15.289999961853027,15.220000267028809,15.1899995803833,743600,2018,9,5,3,17779
15.119999885559082,15.3100004196167,15.119999885559082,15.140000343322754,1434800,2018,9,6,4,17780
15.069999694824219,15.3100004196167,15.100000381469727,15.109999656677246,2624400,2018,9,7,5,17781
15.119999885559082,15.390000343322754,15.210000038146973,15.34000015258789,551200,2018,9,10,1,17784
15.109999656677246,15.569999694824219,15.319999694824219,15.5600004196167,1196000,2018,9,11,2,17785
15.369999885559082,15.65999984741211,15.59000015258789,15.460000038146973,956100,2018,9,12,3,17786
15.180000305175781,15.529999732971191,15.529999732971191,15.380000114440918,807400,2018,9,13,4,17787
15.289999961853027,15.420000076293945,15.420000076293945,15.350000381469727,692700,2018,9,14,5,17788
15.050000190734863,15.350000381469727,15.34000015258789,15.130000114440918,524300,2018,9,17,1,17791
15.079999923706055,15.369999885559082,15.119999885559082,15.289999961853027,846900,2018,9,18,2,17792
15.140000343322754,15.34000015258789,15.25,15.170000076293945,641600,2018,9,19,3,17793
15.109999656677246,15.239999771118164,15.220000267028809,15.210000038146973,452500,2018,9,20,4,17794
15.140000343322754,15.300000190734863,15.210000038146973,15.180000305175781,1374300,2018,9,21,5,17795
15.039999961853027,15.649999618530273,15.649999618530273,15.0600004196167,925400,2018,9,24,1,17798
14.8100004196167,15.0600004196167,15.050000190734863,14.90999984741211,1017500,2018,9,25,2,17799
14.84000015258789,15.270000457763672,14.920000076293945,15.100000381469727,844400,2018,9,26,3,17800
15.149999618530273,16.049999237060547,15.149999618530273,15.880000114440918,2085600,2018,9,27,4,17801
16.0,16.3700008392334,16.079999923706055,16.149999618530273,2287800,2018,9,28,5,17802
15.800000190734863,16.149999618530273,16.149999618530273,15.869999885559082,1054900,2018,10,1,1,17805
15.369999885559082,15.859999656677246,15.859999656677246,15.449999809265137,1475400,2018,10,2,2,17806
15.0,15.420000076293945,15.420000076293945,15.100000381469727,1106100,2018,10,3,3,17807
14.800000190734863,15.119999885559082,15.109999656677246,14.899999618530273,954400,2018,10,4,4,17808
14.84000015258789,15.079999923706055,14.899999618530273,14.920000076293945,585700,2018,10,5,5,17809
14.899999618530273,15.109999656677246,14.899999618530273,15.09000015258789,494000,2018,10,8,1,17812
14.859999656677246,15.140000343322754,14.90999984741211,14.899999618530273,816900,2018,10,9,2,17813
14.420000076293945,14.949999809265137,14.9399995803833,14.4399995803833,1577200,2018,10,10,3,17814
14.359999656677246,14.619999885559082,14.470000267028809,14.40999984741211,738600,2018,10,11,4,17815
14.460000038146973,14.930000305175781,14.529999732971191,14.84000015258789,1330900,2018,10,12,5,17816
14.649999618530273,14.880000114440918,14.829999923706055,14.800000190734863,707000,2018,10,15,1,17819
15.0600004196167,15.630000114440918,15.260000228881836,15.539999961853027,1029500,2018,10,16,2,17820
15.079999923706055,15.569999694824219,15.369999885559082,15.170000076293945,994000,2018,10,17,3,17821
14.800000190734863,15.1899995803833,15.119999885559082,14.819999694824219,547700,2018,10,18,4,17822
14.630000114440918,14.899999618530273,14.880000114440918,14.760000228881836,1270900,2018,10,19,5,17823
14.350000381469727,14.880000114440918,14.760000228881836,14.510000228881836,1184000,2018,10,22,1,17826
13.989999771118164,14.65999984741211,14.34000015258789,14.579999923706055,1781000,2018,10,23,2,17827
14.420000076293945,15.039999961853027,14.609999656677246,14.449999809265137,1188600,2018,10,24,3,17828
14.289999961853027,14.710000038146973,14.449999809265137,14.579999923706055,816600,2018,10,25,4,17829
14.100000381469727,14.539999961853027,14.40999984741211,14.380000114440918,747500,2018,10,26,5,17830
14.369999885559082,14.630000114440918,14.5,14.460000038146973,1075600,2018,10,29,1,17833
14.470000267028809,14.699999809265137,14.510000228881836,14.640000343322754,1341500,2018,10,30,2,17834
14.699999809265137,15.180000305175781,14.699999809265137,15.039999961853027,2405000,2018,10,31,3,17835
14.979999542236328,15.470000267028809,15.140000343322754,15.100000381469727,1269900,2018,11,1,4,17836
14.920000076293945,15.229999542236328,15.130000114440918,14.960000038146973,788400,2018,11,2,5,17837
14.899999618530273,15.069999694824219,14.949999809265137,15.029999732971191,1788800,2018,11,5,1,17840
15.020000457763672,15.34000015258789,15.020000457763672,15.329999923706055,931900,2018,11,6,2,17841
15.369999885559082,15.720000267028809,15.430000305175781,15.4399995803833,1523400,2018,11,7,3,17842
15.239999771118164,16.260000228881836,15.720000267028809,15.819999694824219,2503800,2018,11,8,4,17843
15.4399995803833,15.960000038146973,15.720000267028809,15.65999984741211,1640900,2018,11,9,5,17844
14.869999885559082,15.800000190734863,15.609999656677246,15.210000038146973,2134200,2018,11,12,1,17847
15.050000190734863,15.289999961853027,15.210000038146973,15.170000076293945,1531400,2018,11,13,2,17848
14.920000076293945,15.270000457763672,15.229999542236328,14.989999771118164,999200,2018,11,14,3,17849
14.779999732971191,15.029999732971191,14.869999885559082,14.819999694824219,1151700,2018,11,15,4,17850
14.670000076293945,15.0,14.720000267028809,14.859999656677246,1041200,2018,11,16,5,17851
14.8100004196167,15.029999732971191,14.8100004196167,14.899999618530273,982300,2018,11,19,1,17854
14.460000038146973,14.770000457763672,14.739999771118164,14.489999771118164,1176900,2018,11,20,2,17855
14.369999885559082,14.739999771118164,14.539999961853027,14.579999923706055,913300,2018,11,21,3,17856
14.5,14.859999656677246,14.579999923706055,14.75,519800,2018,11,23,5,17858
14.619999885559082,14.9399995803833,14.770000457763672,14.829999923706055,868200,2018,11,26,1,17861
14.430000305175781,14.819999694824219,14.789999961853027,14.539999961853027,680400,2018,11,27,2,17862
14.5,14.789999961853027,14.510000228881836,14.760000228881836,527500,2018,11,28,3,17863
14.539999961853027,14.760000228881836,14.729999542236328,14.550000190734863,838300,2018,11,29,4,17864
14.510000228881836,14.859999656677246,14.5600004196167,14.850000381469727,523700,2018,11,30,5,17865
14.729999542236328,15.210000038146973,14.960000038146973,15.09000015258789,1383900,2018,12,3,1,17868
14.949999809265137,15.380000114440918,15.050000190734863,14.970000267028809,1422600,2018,12,4,2,17869
14.5,14.850000381469727,14.75,14.84000015258789,1051200,2018,12,6,4,17871
14.649999618530273,15.0,14.829999923706055,14.699999809265137,742500,2018,12,7,5,17872
14.489999771118164,14.770000457763672,14.699999809265137,14.630000114440918,719800,2018,12,10,1,17875
14.420000076293945,14.8100004196167,14.789999961853027,14.680000305175781,1174700,2018,12,11,2,17876
14.65999984741211,15.100000381469727,14.989999771118164,14.720000267028809,876000,2018,12,12,3,17877
14.670000076293945,14.90999984741211,14.75,14.720000267028809,647100,2018,12,13,4,17878
14.390000343322754,14.720000267028809,14.569999694824219,14.390000343322754,1164000,2018,12,14,5,17879
13.989999771118164,14.550000190734863,14.300000190734863,14.09000015258789,1292900,2018,12,17,1,17882
13.819999694824219,14.1899995803833,14.1899995803833,13.960000038146973,1390700,2018,12,18,2,17883
13.960000038146973,14.210000038146973,13.979999542236328,14.029999732971191,1730700,2018,12,19,3,17884
13.850000381469727,14.149999618530273,14.0600004196167,13.90999984741211,1242100,2018,12,20,4,17885
13.59000015258789,14.039999961853027,13.899999618530273,13.680000305175781,1663400,2018,12,21,5,17886
13.399999618530273,13.6899995803833,13.600000381469727,13.4399995803833,1085900,2018,12,24,1,17889
13.34000015258789,13.800000190734863,13.550000190734863,13.770000457763672,1730600,2018,12,26,3,17891
13.59000015258789,13.859999656677246,13.699999809265137,13.789999961853027,1802900,2018,12,27,4,17892
13.609999656677246,13.9399995803833,13.869999885559082,13.65999984741211,1850700,2018,12,28,5,17893
13.649999618530273,13.949999809265137,13.710000038146973,13.9399995803833,2425900,2018,12,31,1,17896
13.739999771118164,14.390000343322754,13.75,14.279999732971191,3174500,2019,1,2,3,17898
14.0600004196167,14.300000190734863,14.1899995803833,14.15999984741211,1465000,2019,1,3,4,17899
14.270000457763672,14.699999809265137,14.350000381469727,14.5,1018600,2019,1,4,5,17900
14.350000381469727,14.770000457763672,14.460000038146973,14.710000038146973,1185100,2019,1,7,1,17903
14.569999694824219,14.920000076293945,14.739999771118164,14.880000114440918,1583600,2019,1,8,2,17904
14.680000305175781,14.970000267028809,14.869999885559082,14.800000190734863,968700,2019,1,9,3,17905
14.720000267028809,14.949999809265137,14.829999923706055,14.920000076293945,1410600,2019,1,10,4,17906
14.90999984741211,15.3100004196167,14.960000038146973,15.199999809265137,1074700,2019,1,11,5,17907
15.050000190734863,15.300000190734863,15.210000038146973,15.130000114440918,545500,2019,1,14,1,17910
15.029999732971191,15.210000038146973,15.0600004196167,15.09000015258789,469400,2019,1,15,2,17911
14.8100004196167,15.140000343322754,15.0600004196167,14.979999542236328,884100,2019,1,16,3,17912
14.899999618530273,15.15999984741211,14.899999618530273,15.020000457763672,630100,2019,1,17,4,17913
14.989999771118164,15.220000267028809,15.100000381469727,15.079999923706055,878900,2019,1,18,5,17914
14.829999923706055,15.0600004196167,15.0,14.920000076293945,793900,2019,1,22,2,17918
14.920000076293945,15.119999885559082,14.9399995803833,15.029999732971191,548700,2019,1,23,3,17919
14.949999809265137,15.109999656677246,14.970000267028809,14.970000267028809,690300,2019,1,24,4,17920
14.890000343322754,15.149999618530273,15.0600004196167,15.050000190734863,473200,2019,1,25,5,17921
14.84000015258789,15.010000228881836,14.949999809265137,14.850000381469727,726200,2019,1,28,1,17924
14.800000190734863,15.069999694824219,14.850000381469727,14.90999984741211,691300,2019,1,29,2,17925
14.899999618530273,15.079999923706055,14.899999618530273,14.920000076293945,381500,2019,1,30,3,17926
14.890000343322754,15.1899995803833,14.989999771118164,15.180000305175781,645000,2019,1,31,4,17927
15.109999656677246,15.460000038146973,15.149999618530273,15.430000305175781,819500,2019,2,1,5,17928
15.380000114440918,15.600000381469727,15.489999771118164,15.550000190734863,968200,2019,2,4,1,17931
15.479999542236328,15.609999656677246,15.59000015258789,15.5600004196167,1049800,2019,2,5,2,17932
15.369999885559082,15.579999923706055,15.569999694824219,15.529999732971191,1417200,2019,2,6,3,17933
15.3100004196167,15.640000343322754,15.430000305175781,15.510000228881836,851100,2019,2,7,4,17934
15.420000076293945,15.619999885559082,15.479999542236328,15.479999542236328,541500,2019,2,8,5,17935
15.380000114440918,15.630000114440918,15.430000305175781,15.5600004196167,989700,2019,2,11,1,17938
15.489999771118164,15.739999771118164,15.619999885559082,15.729999542236328,1258300,2019,2,12,2,17939
15.75,15.920000076293945,15.789999961853027,15.770000457763672,850800,2019,2,13,3,17940
15.539999961853027,15.829999923706055,15.789999961853027,15.609999656677246,1021200,2019,2,14,4,17941
15.579999923706055,15.850000381469727,15.75,15.6899995803833,696000,2019,2,15,5,17942
15.420000076293945,15.65999984741211,15.640000343322754,15.59000015258789,1094200,2019,2,19,2,17946
15.430000305175781,15.619999885559082,15.5600004196167,15.5600004196167,1299000,2019,2,20,3,17947
15.460000038146973,15.680000305175781,15.539999961853027,15.59000015258789,1461100,2019,2,21,4,17948
13.640000343322754,15.420000076293945,15.25,13.859999656677246,6358300,2019,2,22,5,17949
13.949999809265137,14.59000015258789,13.960000038146973,14.59000015258789,3006100,2019,2,25,1,17952
14.489999771118164,15.109999656677246,14.489999771118164,14.770000457763672,2862100,2019,2,26,2,17953
14.380000114440918,14.770000457763672,14.710000038146973,14.720000267028809,1807300,2019,2,27,3,17954
14.680000305175781,15.130000114440918,14.739999771118164,15.010000228881836,1864400,2019,2,28,4,17955
14.850000381469727,15.140000343322754,15.050000190734863,15.039999961853027,1655000,2019,3,1,5,17956
14.960000038146973,15.149999618530273,15.029999732971191,15.09000015258789,2163400,2019,3,4,1,17959
14.970000267028809,15.210000038146973,15.050000190734863,15.050000190734863,1381200,2019,3,5,2,17960
14.930000305175781,15.079999923706055,15.079999923706055,14.989999771118164,1066700,2019,3,6,3,17961
14.770000457763672,14.979999542236328,14.960000038146973,14.850000381469727,1366500,2019,3,7,4,17962
14.75,14.880000114440918,14.770000457763672,14.850000381469727,653100,2019,3,8,5,17963
14.890000343322754,15.210000038146973,15.0,15.1899995803833,1415500,2019,3,11,1,17966
14.899999618530273,15.220000267028809,15.199999809265137,15.0,1169800,2019,3,12,2,17967
14.859999656677246,15.09000015258789,15.069999694824219,15.0600004196167,1043700,2019,3,13,3,17968
14.979999542236328,15.15999984741211,15.0600004196167,15.050000190734863,504600,2019,3,14,4,17969
14.949999809265137,15.069999694824219,15.0600004196167,15.0,659400,2019,3,15,5,17970
14.979999542236328,15.100000381469727,15.050000190734863,15.050000190734863,536200,2019,3,18,1,17973
14.970000267028809,15.220000267028809,15.1899995803833,15.039999961853027,702700,2019,3,19,2,17974
14.819999694824219,15.029999732971191,15.0,14.829999923706055,845300,2019,3,20,3,17975
14.760000228881836,14.960000038146973,14.800000190734863,14.9399995803833,621800,2019,3,21,4,17976
14.630000114440918,14.949999809265137,14.930000305175781,14.670000076293945,1584500,2019,3,22,5,17977
14.489999771118164,14.6899995803833,14.609999656677246,14.630000114440918,726100,2019,3,25,1,17980
14.579999923706055,14.760000228881836,14.65999984741211,14.619999885559082,1159500,2019,3,26,2,17981
14.579999923706055,14.729999542236328,14.65999984741211,14.630000114440918,687600,2019,3,27,3,17982
14.5600004196167,14.720000267028809,14.640000343322754,14.569999694824219,445600,2019,3,28,4,17983
14.529999732971191,14.65999984741211,14.609999656677246,14.609999656677246,682000,2019,3,29,5,17984
14.520000457763672,14.880000114440918,14.520000457763672,14.819999694824219,1074200,2019,4,1,1,17987
14.729999542236328,14.930000305175781,14.84000015258789,14.880000114440918,742300,2019,4,2,2,17988
14.760000228881836,14.9399995803833,14.859999656677246,14.770000457763672,525500,2019,4,3,3,17989
14.6899995803833,14.829999923706055,14.770000457763672,14.829999923706055,458500,2019,4,4,4,17990
14.699999809265137,14.960000038146973,14.850000381469727,14.9399995803833,1235200,2019,4,5,5,17991
14.819999694824219,15.039999961853027,14.899999618530273,14.869999885559082,761700,2019,4,8,1,17994
14.739999771118164,14.949999809265137,14.800000190734863,14.869999885559082,558400,2019,4,9,2,17995
14.760000228881836,14.920000076293945,14.920000076293945,14.789999961853027,595500,2019,4,10,3,17996
14.729999542236328,14.930000305175781,14.75,14.84000015258789,418100,2019,4,11,4,17997
14.710000038146973,14.920000076293945,14.84000015258789,14.890000343322754,1383400,2019,4,12,5,17998
14.8100004196167,15.039999961853027,14.880000114440918,15.010000228881836,889700,2019,4,15,1,18001
14.720000267028809,15.09000015258789,15.050000190734863,14.779999732971191,850800,2019,4,16,2,18002
14.710000038146973,14.850000381469727,14.800000190734863,14.819999694824219,677900,2019,4,17,3,18003
14.75,15.020000457763672,14.869999885559082,14.869999885559082,1198200,2019,4,18,4,18004
14.760000228881836,14.949999809265137,14.819999694824219,14.800000190734863,754200,2019,4,22,1,18008
14.720000267028809,14.920000076293945,14.829999923706055,14.819999694824219,1068400,2019,4,23,2,18009
14.779999732971191,15.050000190734863,14.779999732971191,15.010000228881836,1348700,2019,4,24,3,18010
14.90999984741211,15.1899995803833,15.0,15.039999961853027,1313200,2019,4,25,4,18011
14.989999771118164,15.569999694824219,14.989999771118164,15.449999809265137,1691800,2019,4,26,5,18012
15.260000228881836,15.529999732971191,15.390000343322754,15.359999656677246,1015300,2019,4,29,1,18015
15.3100004196167,15.579999923706055,15.329999923706055,15.510000228881836,1191800,2019,4,30,2,18016
15.180000305175781,15.630000114440918,15.479999542236328,15.239999771118164,2209400,2019,5,1,3,18017
13.739999771118164,14.760000228881836,14.729999542236328,14.039999961853027,6524700,2019,5,2,4,18018
13.899999618530273,14.649999618530273,14.039999961853027,14.239999771118164,1670600,2019,5,3,5,18019
13.9399995803833,14.220000267028809,14.100000381469727,14.119999885559082,1120900,2019,5,6,1,18022
13.970000267028809,14.289999961853027,14.119999885559082,14.270000457763672,1594600,2019,5,7,2,18023
14.020000457763672,14.3100004196167,14.260000228881836,14.100000381469727,1207700,2019,5,8,3,18024
13.859999656677246,14.079999923706055,14.050000190734863,13.979999542236328,1208100,2019,5,9,4,18025
13.819999694824219,14.069999694824219,14.0,13.979999542236328,1016500,2019,5,10,5,18026
13.770000457763672,14.039999961853027,13.869999885559082,14.0,1101500,2019,5,13,1,18029
13.949999809265137,14.119999885559082,14.069999694824219,14.020000457763672,583700,2019,5,14,2,18030
13.819999694824219,14.069999694824219,13.949999809265137,13.829999923706055,1559000,2019,5,15,3,18031
13.770000457763672,14.020000457763672,13.800000190734863,13.850000381469727,2894100,2019,5,16,4,18032
13.779999732971191,14.029999732971191,13.789999961853027,13.930000305175781,1238500,2019,5,17,5,18033
13.550000190734863,13.880000114440918,13.869999885559082,13.579999923706055,1529900,2019,5,20,1,18036
13.279999732971191,13.760000228881836,13.609999656677246,13.40999984741211,3179500,2019,5,21,2,18037
13.25,13.5600004196167,13.420000076293945,13.380000114440918,2006700,2019,5,22,3,18038
13.210000038146973,13.369999885559082,13.3100004196167,13.279999732971191,916300,2019,5,23,4,18039
13.199999809265137,13.420000076293945,13.289999961853027,13.289999961853027,948000,2019,5,24,5,18040
13.039999961853027,13.289999961853027,13.260000228881836,13.050000190734863,1252400,2019,5,28,2,18044
12.949999809265137,13.15999984741211,12.989999771118164,13.0,1757600,2019,5,29,3,18045
12.8100004196167,13.149999618530273,12.949999809265137,12.850000381469727,1303300,2019,5,30,4,18046
12.720000267028809,13.170000076293945,12.779999732971191,13.020000457763672,1412900,2019,5,31,5,18047
12.979999542236328,13.260000228881836,13.010000228881836,13.1899995803833,1557100,2019,6,3,1,18050
13.1899995803833,13.319999694824219,13.279999732971191,13.220000267028809,1718500,2019,6,4,2,18051
13.180000305175781,13.430000305175781,13.25,13.220000267028809,874100,2019,6,5,3,18052
13.069999694824219,13.260000228881836,13.229999542236328,13.210000038146973,757900,2019,6,6,4,18053
13.149999618530273,13.3100004196167,13.25,13.25,588800,2019,6,7,5,18054
13.15999984741211,13.369999885559082,13.329999923706055,13.270000457763672,514900,2019,6,10,1,18057
13.15999984741211,13.34000015258789,13.3100004196167,13.220000267028809,392000,2019,6,11,2,18058
13.220000267028809,13.399999618530273,13.260000228881836,13.390000343322754,686100,2019,6,12,3,18059
13.40999984741211,13.760000228881836,13.430000305175781,13.739999771118164,1733500,2019,6,13,4,18060
13.65999984741211,13.859999656677246,13.75,13.760000228881836,1498400,2019,6,14,5,18061
13.739999771118164,13.920000076293945,13.770000457763672,13.859999656677246,1250100,2019,6,17,1,18064
13.800000190734863,13.9399995803833,13.890000343322754,13.880000114440918,940500,2019,6,18,2,18065
13.720000267028809,13.90999984741211,13.84000015258789,13.789999961853027,886300,2019,6,19,3,18066
13.479999542236328,13.930000305175781,13.84000015258789,13.489999771118164,941100,2019,6,20,4,18067
13.279999732971191,13.489999771118164,13.4399995803833,13.359999656677246,1031700,2019,6,21,5,18068
13.239999771118164,13.5,13.369999885559082,13.399999618530273,777000,2019,6,24,1,18071
13.319999694824219,13.5,13.369999885559082,13.369999885559082,510700,2019,6,25,2,18072
13.069999694824219,13.40999984741211,13.329999923706055,13.069999694824219,655900,2019,6,26,3,18073
12.880000114440918,13.180000305175781,13.109999656677246,13.140000343322754,3093700,2019,6,27,4,18074
13.130000114440918,13.420000076293945,13.140000343322754,13.350000381469727,887000,2019,6,28,5,18075
13.319999694824219,13.569999694824219,13.390000343322754,13.390000343322754,1307600,2019,7,1,1,18078
13.34000015258789,13.470000267028809,13.449999809265137,13.470000267028809,872600,2019,7,2,2,18079
13.390000343322754,13.479999542236328,13.470000267028809,13.460000038146973,301500,2019,7,3,3,18080
13.100000381469727,13.390000343322754,13.390000343322754,13.220000267028809,550700,2019,7,5,5,18082
12.949999809265137,13.220000267028809,13.220000267028809,13.140000343322754,1062900,2019,7,8,1,18085
13.0,13.149999618530273,13.149999618530273,13.079999923706055,619900,2019,7,9,2,18086
13.039999961853027,13.210000038146973,13.069999694824219,13.180000305175781,932400,2019,7,10,3,18087
13.09000015258789,13.229999542236328,13.180000305175781,13.09000015258789,509900,2019,7,11,4,18088
12.9399995803833,13.1899995803833,13.09000015258789,12.989999771118164,915700,2019,7,12,5,18089
12.920000076293945,13.170000076293945,13.010000228881836,13.149999618530273,568900,2019,7,15,1,18092
12.899999618530273,13.1899995803833,13.149999618530273,12.899999618530273,1333000,2019,7,16,2,18093
12.609999656677246,12.920000076293945,12.920000076293945,12.609999656677246,594300,2019,7,17,3,18094
12.220000267028809,12.670000076293945,12.600000381469727,12.600000381469727,1176200,2019,7,18,4,18095
12.279999732971191,12.600000381469727,12.550000190734863,12.279999732971191,801400,2019,7,19,5,18096
12.180000305175781,12.329999923706055,12.289999961853027,12.289999961853027,776300,2019,7,22,1,18099
12.260000228881836,12.5,12.399999618530273,12.329999923706055,767800,2019,7,23,2,18100
12.75,12.979999542236328,12.859999656677246,12.890000343322754,1527400,2019,7,24,3,18101
12.850000381469727,13.0600004196167,12.880000114440918,12.869999885559082,1194900,2019,7,25,4,18102
12.710000038146973,12.899999618530273,12.859999656677246,12.850000381469727,683900,2019,7,26,5,18103
12.789999961853027,12.9399995803833,12.850000381469727,12.930000305175781,541100,2019,7,29,1,18106
12.84000015258789,12.960000038146973,12.869999885559082,12.899999618530273,524500,2019,7,30,2,18107
12.760000228881836,12.979999542236328,12.869999885559082,12.789999961853027,730200,2019,7,31,3,18108
12.779999732971191,13.010000228881836,12.819999694824219,12.800000190734863,913800,2019,8,1,4,18109
12.65999984741211,12.829999923706055,12.75,12.779999732971191,513700,2019,8,2,5,18110
12.359999656677246,12.739999771118164,12.65999984741211,12.4399995803833,832500,2019,8,5,1,18113
12.25,12.489999771118164,12.329999923706055,12.449999809265137,1068600,2019,8,6,2,18114
12.170000076293945,12.449999809265137,12.369999885559082,12.3100004196167,1737000,2019,8,7,3,18115
12.520000457763672,13.489999771118164,12.699999809265137,13.300000190734863,1665100,2019,8,8,4,18116
12.5600004196167,13.399999618530273,13.399999618530273,12.65999984741211,1644200,2019,8,9,5,18117
12.239999771118164,12.5600004196167,12.430000305175781,12.25,1210200,2019,8,12,1,18120
12.130000114440918,12.34000015258789,12.279999732971191,12.199999809265137,1435800,2019,8,13,2,18121
11.720000267028809,12.0600004196167,12.029999732971191,12.020000457763672,1966900,2019,8,14,3,18122
12.140000343322754,12.300000190734863,12.239999771118164,12.270000457763672,975400,2019,8,15,4,18123
12.140000343322754,12.539999961853027,12.300000190734863,12.4399995803833,907500,2019,8,16,5,18124
12.430000305175781,12.569999694824219,12.449999809265137,12.529999732971191,606400,2019,8,19,1,18127
12.350000381469727,12.539999961853027,12.430000305175781,12.390000343322754,807000,2019,8,20,2,18128
12.380000114440918,12.529999732971191,12.430000305175781,12.529999732971191,933600,2019,8,21,3,18129
12.40999984741211,12.550000190734863,12.539999961853027,12.420000076293945,1003100,2019,8,22,4,18130
12.149999618530273,12.399999618530273,12.399999618530273,12.180000305175781,1069400,2019,8,23,5,18131
11.960000038146973,12.25,12.25,12.010000228881836,776200,2019,8,26,1,18134
11.760000228881836,12.069999694824219,12.069999694824219,11.829999923706055,1079800,2019,8,27,2,18135
11.729999542236328,11.989999771118164,11.770000457763672,11.880000114440918,829600,2019,8,28,3,18136
11.979999542236328,12.25,11.979999542236328,12.15999984741211,658500,2019,8,29,4,18137
12.149999618530273,12.640000343322754,12.149999618530273,12.609999656677246,1480600,2019,8,30,5,18138
12.319999694824219,12.5600004196167,12.539999961853027,12.539999961853027,1087300,2019,9,3,2,18142
12.430000305175781,12.649999618530273,12.539999961853027,12.630000114440918,681100,2019,9,4,3,18143
12.59000015258789,13.039999961853027,12.649999618530273,12.9399995803833,1268200,2019,9,5,4,18144
12.890000343322754,13.130000114440918,13.020000457763672,13.079999923706055,1304800,2019,9,6,5,18145
12.989999771118164,13.130000114440918,13.09000015258789,13.020000457763672,706900,2019,9,9,1,18148
12.90999984741211,13.460000038146973,13.020000457763672,13.430000305175781,1274300,2019,9,10,2,18149
13.3100004196167,13.670000076293945,13.430000305175781,13.579999923706055,1279300,2019,9,11,3,18150
13.4399995803833,13.640000343322754,13.609999656677246,13.579999923706055,1092200,2019,9,12,4,18151
13.369999885559082,13.640000343322754,13.520000457763672,13.520000457763672,721700,2019,9,13,5,18152
13.300000190734863,13.550000190734863,13.460000038146973,13.369999885559082,660200,2019,9,16,1,18155
13.050000190734863,13.329999923706055,13.300000190734863,13.100000381469727,714000,2019,9,17,2,18156
12.75,13.109999656677246,13.09000015258789,12.960000038146973,774000,2019,9,18,3,18157
12.84000015258789,13.039999961853027,12.930000305175781,12.880000114440918,373700,2019,9,19,4,18158
12.770000457763672,12.920000076293945,12.850000381469727,12.890000343322754,623800,2019,9,20,5,18159
12.8100004196167,12.960000038146973,12.829999923706055,12.949999809265137,380900,2019,9,23,1,18162
12.630000114440918,12.979999542236328,12.970000267028809,12.729999542236328,724300,2019,9,24,2,18163
12.6899995803833,12.829999923706055,12.720000267028809,12.739999771118164,483600,2019,9,25,3,18164
12.5600004196167,12.789999961853027,12.760000228881836,12.59000015258789,452700,2019,9,26,4,18165
12.329999923706055,12.600000381469727,12.600000381469727,12.399999618530273,665100,2019,9,27,5,18166
12.399999618530273,12.529999732971191,12.399999618530273,12.470000267028809,469900,2019,9,30,1,18169
12.229999542236328,12.510000228881836,12.510000228881836,12.359999656677246,966300,2019,10,1,2,18170
12.210000038146973,12.399999618530273,12.300000190734863,12.369999885559082,869100,2019,10,2,3,18171
12.300000190734863,12.739999771118164,12.420000076293945,12.699999809265137,968800,2019,10,3,4,18172
12.470000267028809,12.779999732971191,12.699999809265137,12.609999656677246,588900,2019,10,4,5,18173
12.380000114440918,12.59000015258789,12.579999923706055,12.399999618530273,689900,2019,10,7,1,18176
12.25,12.550000190734863,12.34000015258789,12.479999542236328,1420900,2019,10,8,2,18177
12.529999732971191,12.75,12.529999732971191,12.720000267028809,437500,2019,10,9,3,18178
12.640000343322754,12.770000457763672,12.710000038146973,12.720000267028809,448700,2019,10,10,4,18179
12.779999732971191,12.970000267028809,12.789999961853027,12.789999961853027,722700,2019,10,11,5,18180
12.4399995803833,12.729999542236328,12.729999542236328,12.520000457763672,561100,2019,10,14,1,18183
12.359999656677246,12.520000457763672,12.479999542236328,12.399999618530273,1566400,2019,10,15,2,18184
12.430000305175781,12.75,12.430000305175781,12.579999923706055,798400,2019,10,16,3,18185
12.520000457763672,12.6899995803833,12.600000381469727,12.579999923706055,380800,2019,10,17,4,18186
12.380000114440918,12.609999656677246,12.5600004196167,12.510000228881836,667200,2019,10,18,5,18187
12.479999542236328,12.720000267028809,12.529999732971191,12.6899995803833,410500,2019,10,21,1,18190
12.670000076293945,12.819999694824219,12.720000267028809,12.8100004196167,428400,2019,10,22,2,18191
12.770000457763672,12.869999885559082,12.800000190734863,12.829999923706055,361300,2019,10,23,3,18192
12.720000267028809,12.930000305175781,12.850000381469727,12.829999923706055,465200,2019,10,24,4,18193
12.65999984741211,12.819999694824219,12.779999732971191,12.789999961853027,335100,2019,10,25,5,18194
12.789999961853027,12.920000076293945,12.800000190734863,12.890000343322754,415100,2019,10,28,1,18197
12.8100004196167,12.920000076293945,12.899999618530273,12.8100004196167,355400,2019,10,29,2,18198
12.619999885559082,12.8100004196167,12.789999961853027,12.640000343322754,430000,2019,10,30,3,18199
12.609999656677246,12.9399995803833,12.670000076293945,12.850000381469727,745600,2019,10,31,4,18200
12.779999732971191,13.140000343322754,12.779999732971191,13.140000343322754,563800,2019,11,1,5,18201
13.0,13.25,13.15999984741211,13.020000457763672,888500,2019,11,4,1,18204
12.90999984741211,13.119999885559082,12.970000267028809,13.079999923706055,713300,2019,11,5,2,18205
12.859999656677246,13.100000381469727,13.029999732971191,12.949999809265137,1338200,2019,11,6,3,18206
12.479999542236328,13.329999923706055,12.770000457763672,12.640000343322754,1980700,2019,11,7,4,18207
12.359999656677246,12.670000076293945,12.600000381469727,12.65999984741211,1663800,2019,11,8,5,18208
12.609999656677246,12.979999542236328,12.630000114440918,12.899999618530273,540000,2019,11,11,1,18211
12.579999923706055,12.979999542236328,12.979999542236328,12.850000381469727,823700,2019,11,12,2,18212
12.770000457763672,13.0,12.819999694824219,12.90999984741211,430000,2019,11,13,3,18213
12.789999961853027,12.90999984741211,12.850000381469727,12.890000343322754,463200,2019,11,14,4,18214
12.8100004196167,13.0,12.9399995803833,12.850000381469727,552800,2019,11,15,5,18215
12.6899995803833,12.859999656677246,12.710000038146973,12.729999542236328,669200,2019,11,18,1,18218
12.569999694824219,12.850000381469727,12.75,12.819999694824219,1362600,2019,11,19,2,18219
12.670000076293945,12.949999809265137,12.779999732971191,12.850000381469727,869400,2019,11,20,3,18220
12.850000381469727,13.130000114440918,12.9399995803833,13.100000381469727,899600,2019,11,21,4,18221
13.050000190734863,13.449999809265137,13.140000343322754,13.390000343322754,973400,2019,11,22,5,18222
13.270000457763672,13.420000076293945,13.359999656677246,13.380000114440918,572000,2019,11,25,1,18225
13.289999961853027,13.449999809265137,13.359999656677246,13.40999984741211,355200,2019,11,26,2,18226
13.369999885559082,13.5,13.4399995803833,13.40999984741211,475500,2019,11,27,3,18227
13.3100004196167,13.479999542236328,13.380000114440918,13.369999885559082,187600,2019,11,29,5,18229
13.25,13.4399995803833,13.319999694824219,13.390000343322754,756200,2019,12,2,1,18232
13.300000190734863,13.430000305175781,13.34000015258789,13.380000114440918,476600,2019,12,3,2,18233
13.380000114440918,13.739999771118164,13.380000114440918,13.630000114440918,779500,2019,12,4,3,18234
13.619999885559082,13.8100004196167,13.649999618530273,13.779999732971191,753000,2019,12,5,4,18235
13.739999771118164,13.84000015258789,13.84000015258789,13.760000228881836,482900,2019,12,6,5,18236
13.770000457763672,13.880000114440918,13.819999694824219,13.869999885559082,471200,2019,12,9,1,18239
13.600000381469727,13.829999923706055,13.829999923706055,13.630000114440918,597500,2019,12,10,2,18240
13.65999984741211,13.739999771118164,13.739999771118164,13.670000076293945,401200,2019,12,11,3,18241
13.59000015258789,14.130000114440918,13.859999656677246,13.619999885559082,1045200,2019,12,12,4,18242
13.279999732971191,13.619999885559082,13.600000381469727,13.279999732971191,748000,2019,12,13,5,18243
13.140000343322754,13.369999885559082,13.3100004196167,13.239999771118164,893400,2019,12,16,1,18246
12.989999771118164,13.300000190734863,13.180000305175781,13.020000457763672,899800,2019,12,17,2,18247
13.039999961853027,13.289999961853027,13.100000381469727,13.260000228881836,726600,2019,12,18,3,18248
13.239999771118164,13.390000343322754,13.350000381469727,13.270000457763672,562000,2019,12,19,4,18249
13.3100004196167,13.529999732971191,13.319999694824219,13.5,727700,2019,12,20,5,18250
13.449999809265137,13.579999923706055,13.489999771118164,13.5,387800,2019,12,23,1,18253
13.369999885559082,13.489999771118164,13.489999771118164,13.40999984741211,102600,2019,12,24,2,18254
13.359999656677246,13.5,13.40999984741211,13.359999656677246,194200,2019,12,26,4,18256
13.380000114440918,13.539999961853027,13.420000076293945,13.449999809265137,529600,2019,12,27,5,18257
13.449999809265137,13.630000114440918,13.470000267028809,13.489999771118164,744200,2019,12,30,1,18260
13.420000076293945,13.6899995803833,13.479999542236328,13.680000305175781,795500,2019,12,31,2,18261
13.470000267028809,13.739999771118164,13.680000305175781,13.6899995803833,882300,2020,1,2,4,18263
13.569999694824219,13.829999923706055,13.729999542236328,13.8100004196167,755200,2020,1,3,5,18264
13.65999984741211,13.890000343322754,13.760000228881836,13.770000457763672,732100,2020,1,6,1,18267
13.630000114440918,13.960000038146973,13.960000038146973,13.65999984741211,610400,2020,1,7,2,18268
13.710000038146973,14.380000114440918,13.829999923706055,14.1899995803833,2484700,2020,1,8,3,18269
13.890000343322754,14.279999732971191,14.260000228881836,13.90999984741211,533200,2020,1,9,4,18270
13.949999809265137,14.399999618530273,14.359999656677246,14.119999885559082,776900,2020,1,10,5,18271
13.329999923706055,13.699999809265137,13.609999656677246,13.640000343322754,7107500,2020,1,13,1,18274
13.5,13.979999542236328,13.640000343322754,13.9399995803833,3457200,2020,1,14,2,18275
13.760000228881836,14.359999656677246,14.0,14.34000015258789,4249200,2020,1,15,3,18276
14.239999771118164,14.800000190734863,14.350000381469727,14.779999732971191,5051100,2020,1,16,4,18277
14.65999984741211,14.9399995803833,14.84000015258789,14.720000267028809,3213100,2020,1,17,5,18278
14.470000267028809,14.65999984741211,14.65999984741211,14.520000457763672,1490100,2020,1,21,2,18282
14.34000015258789,14.59000015258789,14.510000228881836,14.430000305175781,1818700,2020,1,22,3,18283
14.199999809265137,14.899999618530273,14.319999694824219,14.829999923706055,1675100,2020,1,23,4,18284
14.6899995803833,14.960000038146973,14.880000114440918,14.890000343322754,996400,2020,1,24,5,18285
14.600000381469727,14.90999984741211,14.630000114440918,14.789999961853027,1612200,2020,1,27,1,18288
14.789999961853027,14.960000038146973,14.789999961853027,14.90999984741211,854000,2020,1,28,2,18289
14.760000228881836,15.020000457763672,14.989999771118164,14.8100004196167,1083800,2020,1,29,3,18290
14.619999885559082,14.859999656677246,14.8100004196167,14.680000305175781,718900,2020,1,30,4,18291
14.890000343322754,15.550000190734863,14.890000343322754,15.289999961853027,3178400,2020,1,31,5,18292
15.239999771118164,15.4399995803833,15.329999923706055,15.430000305175781,1227500,2020,2,3,1,18295
15.359999656677246,15.619999885559082,15.449999809265137,15.479999542236328,1175500,2020,2,4,2,18296
15.5600004196167,15.8100004196167,15.59000015258789,15.649999618530273,1667300,2020,2,5,3,18297
15.579999923706055,15.819999694824219,15.6899995803833,15.670000076293945,997100,2020,2,6,4,18298
15.5,15.670000076293945,15.670000076293945,15.630000114440918,856000,2020,2,7,5,18299
15.550000190734863,15.789999961853027,15.640000343322754,15.779999732971191,909400,2020,2,10,1,18302
15.720000267028809,15.859999656677246,15.800000190734863,15.789999961853027,779000,2020,2,11,2,18303
15.520000457763672,15.84000015258789,15.710000038146973,15.729999542236328,1030100,2020,2,12,3,18304
15.619999885559082,15.859999656677246,15.649999618530273,15.819999694824219,1151100,2020,2,13,4,18305
15.630000114440918,15.829999923706055,15.8100004196167,15.649999618530273,931700,2020,2,14,5,18306
15.449999809265137,15.760000228881836,15.699999809265137,15.489999771118164,1820900,2020,2,18,2,18310
15.399999618530273,15.770000457763672,15.420000076293945,15.739999771118164,2787400,2020,2,19,3,18311
15.270000457763672,15.979999542236328,15.3100004196167,15.779999732971191,2174500,2020,2,20,4,18312
15.460000038146973,15.899999618530273,15.680000305175781,15.880000114440918,2297700,2020,2,21,5,18313
15.529999732971191,16.0,15.84000015258789,15.640000343322754,2243800,2020,2,24,1,18316
15.130000114440918,15.6899995803833,15.630000114440918,15.130000114440918,2283100,2020,2,25,2,18317
14.899999618530273,15.34000015258789,15.149999618530273,15.100000381469727,1886900,2020,2,26,3,18318
14.680000305175781,15.130000114440918,14.899999618530273,14.989999771118164,2401000,2020,2,27,4,18319
13.8100004196167,14.779999732971191,14.699999809265137,14.25,5100800,2020,2,28,5,18320
14.029999732971191,14.779999732971191,14.270000457763672,14.619999885559082,4251400,2020,3,2,1,18323
14.430000305175781,15.180000305175781,14.430000305175781,14.779999732971191,1849300,2020,3,3,2,18324
14.75,15.489999771118164,15.039999961853027,15.40999984741211,2475200,2020,3,4,3,18325
15.0600004196167,15.489999771118164,15.1899995803833,15.300000190734863,2003500,2020,3,5,4,18326
14.729999542236328,15.140000343322754,15.039999961853027,15.09000015258789,2551800,2020,3,6,5,18327
13.710000038146973,14.640000343322754,14.539999961853027,14.09000015258789,2483500,2020,3,9,1,18330
14.09000015258789,14.710000038146973,14.220000267028809,14.670000076293945,3063900,2020,3,10,2,18331
13.369999885559082,14.369999885559082,14.149999618530273,13.579999923706055,1999300,2020,3,11,3,18332
11.609999656677246,13.0,12.819999694824219,11.699999809265137,2539500,2020,3,12,4,18333
11.380000114440918,13.319999694824219,12.1899995803833,13.319999694824219,3122700,2020,3,13,5,18334
10.329999923706055,12.960000038146973,12.390000343322754,10.390000343322754,3669100,2020,3,16,1,18337
8.279999732971191,10.630000114440918,10.630000114440918,8.569999694824219,3500400,2020,3,17,2,18338
6.329999923706055,8.020000457763672,8.010000228881836,7.139999866485596,4208400,2020,3,18,3,18339
6.349999904632568,8.989999771118164,6.980000019073486,8.779999732971191,3989900,2020,3,19,4,18340
7.949999809265137,9.270000457763672,9.09000015258789,8.210000038146973,2198200,2020,3,20,5,18341
8.0,8.90999984741211,8.100000381469727,8.239999771118164,2793300,2020,3,23,1,18344
8.430000305175781,8.960000038146973,8.880000114440918,8.609999656677246,2707500,2020,3,24,2,18345
8.350000381469727,9.09000015258789,8.640000343322754,8.75,3293000,2020,3,25,3,18346
8.65999984741211,9.239999771118164,8.930000305175781,8.920000076293945,1557100,2020,3,26,4,18347
8.319999694824219,9.020000457763672,8.710000038146973,8.770000457763672,1289700,2020,3,27,5,18348
8.359999656677246,9.039999961853027,8.819999694824219,9.0,1502600,2020,3,30,1,18351
8.90999984741211,9.350000381469727,8.970000267028809,9.0600004196167,2026400,2020,3,31,2,18352
8.489999771118164,8.979999542236328,8.739999771118164,8.920000076293945,1129600,2020,4,1,3,18353
8.920000076293945,9.319999694824219,8.920000076293945,9.279999732971191,1281500,2020,4,2,4,18354
8.399999618530273,9.350000381469727,9.289999961853027,8.640000343322754,1449300,2020,4,3,5,18355
8.6899995803833,9.140000343322754,8.880000114440918,8.819999694824219,1592300,2020,4,6,1,18358
8.829999923706055,9.369999885559082,9.039999961853027,8.869999885559082,1940500,2020,4,7,2,18359
8.8100004196167,9.319999694824219,8.979999542236328,9.130000114440918,1632300,2020,4,8,3,18360
9.130000114440918,9.510000228881836,9.130000114440918,9.430000305175781,2116200,2020,4,9,4,18361
9.220000267028809,9.699999809265137,9.40999984741211,9.579999923706055,1158300,2020,4,13,1,18365
9.510000228881836,9.8100004196167,9.649999618530273,9.65999984741211,843500,2020,4,14,2,18366
8.979999542236328,9.449999809265137,9.399999618530273,9.0600004196167,1652300,2020,4,15,3,18367
8.930000305175781,9.399999618530273,9.100000381469727,9.359999656677246,1238200,2020,4,16,4,18368
9.479999542236328,9.819999694824219,9.550000190734863,9.65999984741211,1050400,2020,4,17,5,18369
9.300000190734863,9.789999961853027,9.34000015258789,9.640000343322754,1489100,2020,4,20,1,18372
9.180000305175781,9.779999732971191,9.399999618530273,9.3100004196167,1321900,2020,4,21,2,18373
9.119999885559082,9.510000228881836,9.489999771118164,9.25,963900,2020,4,22,3,18374
9.270000457763672,9.6899995803833,9.279999732971191,9.5,1302400,2020,4,23,4,18375
9.479999542236328,9.760000228881836,9.65999984741211,9.729999542236328,705300,2020,4,24,5,18376
9.6899995803833,10.069999694824219,9.800000190734863,9.920000076293945,813000,2020,4,27,1,18379
10.0,10.369999885559082,10.020000457763672,10.199999809265137,1691300,2020,4,28,2,18380
10.010000228881836,10.649999618530273,10.300000190734863,10.40999984741211,1523000,2020,4,29,3,18381
10.069999694824219,10.369999885559082,10.350000381469727,10.260000228881836,895700,2020,4,30,4,18382
9.899999618530273,10.100000381469727,10.09000015258789,10.0600004196167,1225400,2020,5,1,5,18383
9.640000343322754,10.029999732971191,9.930000305175781,9.760000228881836,1460300,2020,5,4,1,18386
9.710000038146973,10.100000381469727,9.9399995803833,9.850000381469727,1289800,2020,5,5,2,18387
9.489999771118164,10.050000190734863,9.920000076293945,9.489999771118164,2031000,2020,5,6,3,18388
10.100000381469727,10.899999618530273,10.270000457763672,10.75,2637600,2020,5,7,4,18389
10.539999961853027,11.390000343322754,10.930000305175781,11.3100004196167,2022400,2020,5,8,5,18390
10.640000343322754,11.170000076293945,11.170000076293945,10.670000076293945,1776600,2020,5,11,1,18393
10.65999984741211,10.970000267028809,10.65999984741211,10.710000038146973,956200,2020,5,12,2,18394
9.960000038146973,10.720000267028809,10.720000267028809,10.069999694824219,1441400,2020,5,13,3,18395
9.720000267028809,10.220000267028809,9.949999809265137,10.210000038146973,1637900,2020,5,14,4,18396
9.989999771118164,10.270000457763672,10.130000114440918,10.079999923706055,916900,2020,5,15,5,18397
10.220000267028809,10.779999732971191,10.300000190734863,10.550000190734863,1003600,2020,5,18,1,18400
10.539999961853027,11.25,10.649999618530273,11.029999732971191,1873700,2020,5,19,2,18401
11.119999885559082,11.600000381469727,11.170000076293945,11.5600004196167,1755100,2020,5,20,3,18402
11.130000114440918,11.5,11.489999771118164,11.319999694824219,939900,2020,5,21,4,18403
11.180000305175781,11.369999885559082,11.34000015258789,11.34000015258789,1125000,2020,5,22,5,18404
11.460000038146973,11.859999656677246,11.75,11.550000190734863,1018200,2020,5,26,2,18408
11.609999656677246,12.140000343322754,11.710000038146973,12.109999656677246,2355200,2020,5,27,3,18409
11.579999923706055,12.260000228881836,12.239999771118164,11.739999771118164,1251900,2020,5,28,4,18410
11.510000228881836,12.149999618530273,11.619999885559082,12.029999732971191,999000,2020,5,29,5,18411
12.010000228881836,12.680000305175781,12.1899995803833,12.449999809265137,1311600,2020,6,1,1,18414
12.260000228881836,12.550000190734863,12.470000267028809,12.420000076293945,992300,2020,6,2,2,18415
12.270000457763672,12.680000305175781,12.539999961853027,12.3100004196167,1971000,2020,6,3,3,18416
12.039999961853027,12.600000381469727,12.199999809265137,12.460000038146973,1515400,2020,6,4,4,18417
12.399999618530273,13.119999885559082,12.6899995803833,12.4399995803833,1853500,2020,6,5,5,18418
12.65999984741211,13.229999542236328,12.760000228881836,12.989999771118164,2382700,2020,6,8,1,18421
12.479999542236328,13.010000228881836,12.869999885559082,12.869999885559082,2594400,2020,6,9,2,18422
12.619999885559082,12.890000343322754,12.890000343322754,12.640000343322754,1878400,2020,6,10,3,18423
12.09000015258789,12.649999618530273,12.289999961853027,12.550000190734863,3337600,2020,6,11,4,18424
12.4399995803833,13.069999694824219,12.920000076293945,12.5600004196167,2612100,2020,6,12,5,18425
12.420000076293945,13.020000457763672,12.5,12.989999771118164,2357800,2020,6,15,1,18428
13.050000190734863,13.510000228881836,13.229999542236328,13.329999923706055,2625400,2020,6,16,2,18429
12.899999618530273,13.479999542236328,13.479999542236328,13.199999809265137,2234100,2020,6,17,3,18430
12.989999771118164,13.699999809265137,13.0600004196167,13.699999809265137,3038800,2020,6,18,4,18431
13.640000343322754,14.149999618530273,13.859999656677246,14.100000381469727,4531900,2020,6,19,5,18432
14.029999732971191,14.5,14.09000015258789,14.430000305175781,4053800,2020,6,22,1,18435
14.130000114440918,14.84000015258789,14.649999618530273,14.59000015258789,4166000,2020,6,23,2,18436
14.229999542236328,14.729999542236328,14.489999771118164,14.609999656677246,3565800,2020,6,24,3,18437
14.210000038146973,14.770000457763672,14.550000190734863,14.399999618530273,4189400,2020,6,25,4,18438
13.520000457763672,14.300000190734863,14.270000457763672,13.630000114440918,21179100,2020,6,26,5,18439
13.1899995803833,13.729999542236328,13.710000038146973,13.40999984741211,2263100,2020,6,29,1,18442
13.180000305175781,13.760000228881836,13.3100004196167,13.75,1869200,2020,6,30,2,18443
13.59000015258789,13.960000038146973,13.65999984741211,13.739999771118164,1663100,2020,7,1,3,18444
13.670000076293945,14.069999694824219,13.880000114440918,13.739999771118164,1160900,2020,7,2,4,18445
13.510000228881836,13.960000038146973,13.960000038146973,13.8100004196167,1231800,2020,7,6,1,18449
13.539999961853027,13.760000228881836,13.640000343322754,13.640000343322754,1365700,2020,7,7,2,18450
13.399999618530273,13.710000038146973,13.579999923706055,13.5,1266900,2020,7,8,3,18451
13.359999656677246,13.59000015258789,13.4399995803833,13.430000305175781,1449200,2020,7,9,4,18452
13.260000228881836,13.59000015258789,13.4399995803833,13.279999732971191,1067500,2020,7,10,5,18453
13.199999809265137,13.529999732971191,13.470000267028809,13.239999771118164,1020600,2020,7,13,1,18456
13.149999618530273,13.729999542236328,13.1899995803833,13.720000267028809,1311400,2020,7,14,2,18457
13.699999809265137,14.010000228881836,13.960000038146973,13.8100004196167,1124600,2020,7,15,3,18458
13.649999618530273,13.84000015258789,13.680000305175781,13.739999771118164,810900,2020,7,16,4,18459
13.670000076293945,13.829999923706055,13.729999542236328,13.710000038146973,512300,2020,7,17,5,18460
13.680000305175781,13.829999923706055,13.789999961853027,13.710000038146973,733400,2020,7,20,1,18463
13.829999923706055,14.0600004196167,13.890000343322754,14.039999961853027,1232500,2020,7,21,2,18464
13.930000305175781,14.180000305175781,13.930000305175781,14.109999656677246,954200,2020,7,22,3,18465
13.850000381469727,14.210000038146973,14.15999984741211,14.020000457763672,810900,2020,7,23,4,18466
13.829999923706055,14.0,13.9399995803833,13.920000076293945,673000,2020,7,24,5,18467
13.84000015258789,14.270000457763672,13.84000015258789,14.229999542236328,865200,2020,7,27,1,18470
14.069999694824219,14.300000190734863,14.279999732971191,14.079999923706055,644200,2020,7,28,2,18471
13.930000305175781,14.15999984741211,14.130000114440918,14.140000343322754,611200,2020,7,29,3,18472
13.880000114440918,14.319999694824219,13.9399995803833,14.300000190734863,866800,2020,7,30,4,18473
13.9399995803833,14.270000457763672,13.9399995803833,14.210000038146973,737900,2020,7,31,5,18474
14.069999694824219,14.34000015258789,14.140000343322754,14.140000343322754,777500,2020,8,3,1,18477
13.970000267028809,14.239999771118164,14.039999961853027,14.149999618530273,893100,2020,8,4,2,18478
14.239999771118164,14.59000015258789,14.3100004196167,14.59000015258789,1452400,2020,8,5,3,18479
13.800000190734863,14.899999618530273,14.65999984741211,14.399999618530273,1232600,2020,8,6,4,18480
14.239999771118164,14.579999923706055,14.380000114440918,14.319999694824219,863100,2020,8,7,5,18481
14.149999618530273,14.670000076293945,14.430000305175781,14.569999694824219,1753000,2020,8,10,1,18484
14.520000457763672,14.979999542236328,14.670000076293945,14.890000343322754,1590000,2020,8,11,2,18485
14.899999618530273,15.229999542236328,15.039999961853027,15.09000015258789,1866000,2020,8,12,3,18486
14.8100004196167,15.119999885559082,14.9399995803833,14.920000076293945,856300,2020,8,13,4,18487
14.6899995803833,14.869999885559082,14.779999732971191,14.760000228881836,1701800,2020,8,14,5,18488
14.569999694824219,14.899999618530273,14.8100004196167,14.710000038146973,1095000,2020,8,17,1,18491
14.449999809265137,14.84000015258789,14.630000114440918,14.75,1775500,2020,8,18,2,18492
14.479999542236328,14.90999984741211,14.8100004196167,14.569999694824219,889000,2020,8,19,3,18493
14.350000381469727,14.579999923706055,14.390000343322754,14.479999542236328,654400,2020,8,20,4,18494
14.140000343322754,14.399999618530273,14.279999732971191,14.199999809265137,1058700,2020,8,21,5,18495
14.130000114440918,14.3100004196167,14.3100004196167,14.300000190734863,673300,2020,8,24,1,18498
14.15999984741211,14.399999618530273,14.399999618530273,14.210000038146973,799500,2020,8,25,2,18499
13.869999885559082,14.300000190734863,14.149999618530273,13.970000267028809,720400,2020,8,26,3,18500
13.8100004196167,14.079999923706055,14.0600004196167,13.890000343322754,752100,2020,8,27,4,18501
13.710000038146973,14.029999732971191,13.970000267028809,14.0,721200,2020,8,28,5,18502
13.609999656677246,14.029999732971191,13.9399995803833,13.680000305175781,700600,2020,8,31,1,18505
13.5600004196167,14.079999923706055,13.600000381469727,14.010000228881836,991400,2020,9,1,2,18506
13.930000305175781,14.1899995803833,14.020000457763672,14.119999885559082,1185300,2020,9,2,3,18507
13.850000381469727,14.359999656677246,14.170000076293945,13.979999542236328,934400,2020,9,3,4,18508
13.569999694824219,14.100000381469727,14.100000381469727,13.920000076293945,896800,2020,9,4,5,18509
13.5,13.890000343322754,13.800000190734863,13.520000457763672,971300,2020,9,8,2,18513
13.520000457763672,13.779999732971191,13.630000114440918,13.75,1012000,2020,9,9,3,18514
13.65999984741211,13.970000267028809,13.770000457763672,13.670000076293945,664200,2020,9,10,4,18515
13.640000343322754,14.020000457763672,13.75,14.0,1038900,2020,9,11,5,18516
14.050000190734863,14.520000457763672,14.100000381469727,14.4399995803833,1253900,2020,9,14,1,18519
14.300000190734863,14.630000114440918,14.399999618530273,14.5,928400,2020,9,15,2,18520
14.449999809265137,14.710000038146973,14.5600004196167,14.449999809265137,803900,2020,9,16,3,18521
14.239999771118164,14.630000114440918,14.319999694824219,14.600000381469727,959200,2020,9,17,4,18522
14.289999961853027,14.739999771118164,14.630000114440918,14.600000381469727,2597500,2020,9,18,5,18523
14.109999656677246,14.420000076293945,14.329999923706055,14.25,1212000,2020,9,21,1,18526
14.300000190734863,14.5600004196167,14.449999809265137,14.380000114440918,813800,2020,9,22,2,18527
13.880000114440918,14.5,14.319999694824219,13.920000076293945,786100,2020,9,23,3,18528
13.609999656677246,13.979999542236328,13.869999885559082,13.710000038146973,618900,2020,9,24,4,18529
13.569999694824219,13.9399995803833,13.600000381469727,13.84000015258789,832600,2020,9,25,5,18530
13.979999542236328,14.260000228881836,13.979999542236328,14.1899995803833,618200,2020,9,28,1,18533
13.9399995803833,14.260000228881836,14.260000228881836,13.949999809265137,782800,2020,9,29,2,18534
14.020000457763672,14.350000381469727,14.020000457763672,14.199999809265137,930400,2020,9,30,3,18535
14.079999923706055,14.40999984741211,14.239999771118164,14.260000228881836,836900,2020,10,1,4,18536
13.920000076293945,14.380000114440918,13.970000267028809,14.199999809265137,749900,2020,10,2,5,18537
14.010000228881836,14.359999656677246,14.289999961853027,14.279999732971191,899200,2020,10,5,1,18540
14.180000305175781,14.520000457763672,14.390000343322754,14.25,696500,2020,10,6,2,18541
14.300000190734863,14.539999961853027,14.319999694824219,14.449999809265137,792100,2020,10,7,3,18542
14.390000343322754,14.640000343322754,14.579999923706055,14.4399995803833,1297300,2020,10,8,4,18543
14.25,14.5600004196167,14.470000267028809,14.399999618530273,734800,2020,10,9,5,18544
14.319999694824219,14.569999694824219,14.319999694824219,14.539999961853027,824700,2020,10,12,1,18547
14.239999771118164,14.529999732971191,14.460000038146973,14.399999618530273,980600,2020,10,13,2,18548
14.170000076293945,14.539999961853027,14.4399995803833,14.229999542236328,508700,2020,10,14,3,18549
13.859999656677246,14.199999809265137,14.039999961853027,14.100000381469727,1786800,2020,10,15,4,18550
13.970000267028809,14.3100004196167,14.109999656677246,14.210000038146973,839500,2020,10,16,5,18551
13.869999885559082,14.3100004196167,14.25,13.960000038146973,787700,2020,10,19,1,18554
13.819999694824219,14.09000015258789,14.09000015258789,13.9399995803833,840600,2020,10,20,2,18555
13.699999809265137,14.0,13.90999984741211,13.779999732971191,709800,2020,10,21,3,18556
13.680000305175781,13.989999771118164,13.850000381469727,13.829999923706055,586300,2020,10,22,4,18557
13.819999694824219,13.989999771118164,13.930000305175781,13.880000114440918,374300,2020,10,23,5,18558
13.550000190734863,13.800000190734863,13.75,13.739999771118164,710100,2020,10,26,1,18561
13.270000457763672,13.800000190734863,13.75,13.270000457763672,558000,2020,10,27,2,18562
12.720000267028809,13.029999732971191,12.970000267028809,12.720000267028809,838600,2020,10,28,3,18563
12.420000076293945,12.720000267028809,12.65999984741211,12.670000076293945,758700,2020,10,29,4,18564
12.390000343322754,12.619999885559082,12.619999885559082,12.529999732971191,1591600,2020,10,30,5,18565
12.539999961853027,12.819999694824219,12.619999885559082,12.720000267028809,881900,2020,11,2,1,18568
12.789999961853027,13.020000457763672,12.920000076293945,12.899999618530273,954600,2020,11,3,2,18569
12.819999694824219,13.470000267028809,12.850000381469727,13.430000305175781,948800,2020,11,4,3,18570
13.529999732971191,14.380000114440918,13.529999732971191,14.0,3001000,2020,11,5,4,18571
13.90999984741211,14.319999694824219,14.270000457763672,13.930000305175781,1734800,2020,11,6,5,18572
14.5600004196167,14.899999618530273,14.670000076293945,14.670000076293945,1534200,2020,11,9,1,18575
14.59000015258789,14.90999984741211,14.739999771118164,14.710000038146973,1973900,2020,11,10,2,18576
14.640000343322754,14.859999656677246,14.819999694824219,14.859999656677246,1722100,2020,11,11,3,18577
14.4399995803833,14.800000190734863,14.800000190734863,14.59000015258789,965000,2020,11,12,4,18578
14.5600004196167,14.90999984741211,14.710000038146973,14.90999984741211,604900,2020,11,13,5,18579
14.989999771118164,15.34000015258789,15.010000228881836,15.100000381469727,1509900,2020,11,16,1,18582
14.8100004196167,15.149999618530273,14.960000038146973,15.079999923706055,1261100,2020,11,17,2,18583
14.859999656677246,15.199999809265137,15.119999885559082,14.859999656677246,1693100,2020,11,18,3,18584
14.75,15.050000190734863,14.8100004196167,14.9399995803833,800700,2020,11,19,4,18585
14.729999542236328,14.970000267028809,14.8100004196167,14.789999961853027,870100,2020,11,20,5,18586
14.699999809265137,14.899999618530273,14.899999618530273,14.770000457763672,650200,2020,11,23,1,18589
14.819999694824219,15.020000457763672,14.859999656677246,14.930000305175781,905700,2020,11,24,2,18590
14.699999809265137,15.020000457763672,14.930000305175781,15.0,998100,2020,11,25,3,18591
14.84000015258789,15.050000190734863,14.920000076293945,15.020000457763672,316600,2020,11,27,5,18593
14.90999984741211,15.109999656677246,14.949999809265137,15.029999732971191,948500,2020,11,30,1,18596
15.069999694824219,15.300000190734863,15.210000038146973,15.289999961853027,832400,2020,12,1,2,18597
15.140000343322754,15.329999923706055,15.329999923706055,15.3100004196167,586500,2020,12,2,3,18598
15.289999961853027,15.5600004196167,15.329999923706055,15.489999771118164,935400,2020,12,3,4,18599
15.399999618530273,15.609999656677246,15.569999694824219,15.59000015258789,496000,2020,12,4,5,18600
15.390000343322754,15.539999961853027,15.460000038146973,15.489999771118164,710700,2020,12,7,1,18603
15.270000457763672,15.65999984741211,15.350000381469727,15.630000114440918,650000,2020,12,8,2,18604
15.670000076293945,15.890000343322754,15.729999542236328,15.84000015258789,1371800,2020,12,9,3,18605
15.960000038146973,16.34000015258789,16.0,16.18000030517578,986300,2020,12,10,4,18606
15.75,16.229999542236328,16.200000762939453,15.859999656677246,914100,2020,12,11,5,18607
15.930000305175781,16.170000076293945,16.0,16.110000610351562,905500,2020,12,14,1,18610
15.829999923706055,16.149999618530273,16.149999618530273,16.0,838900,2020,12,15,2,18611
15.680000305175781,16.059999465942383,16.020000457763672,15.869999885559082,679100,2020,12,16,3,18612
15.819999694824219,16.049999237060547,15.960000038146973,15.9399995803833,625600,2020,12,17,4,18613
15.630000114440918,16.09000015258789,15.899999618530273,15.8100004196167,1582500,2020,12,18,5,18614
15.220000267028809,15.6899995803833,15.5,15.670000076293945,698300,2020,12,21,1,18617
15.5,15.710000038146973,15.699999809265137,15.640000343322754,532700,2020,12,22,2,18618
15.609999656677246,15.859999656677246,15.779999732971191,15.819999694824219,2081200,2020,12,23,3,18619
15.75,16.020000457763672,15.789999961853027,16.0,606900,2020,12,24,4,18620
16.049999237060547,16.329999923706055,16.1200008392334,16.15999984741211,697600,2020,12,28,1,18624
15.619999885559082,16.209999084472656,16.06999969482422,15.630000114440918,951000,2020,12,29,2,18625
15.529999732971191,15.760000228881836,15.619999885559082,15.600000381469727,579700,2020,12,30,3,18626
15.399999618530273,15.789999961853027,15.520000457763672,15.680000305175781,961900,2020,12,31,4,18627
15.739999771118164,16.360000610351562,15.869999885559082,16.350000381469727,2903900,2021,1,4,1,18631
15.75,16.360000610351562,16.200000762939453,15.960000038146973,2582100,2021,1,5,2,18632
15.84000015258789,16.149999618530273,15.979999542236328,15.949999809265137,2762600,2021,1,6,3,18633
15.75,16.010000228881836,15.930000305175781,15.800000190734863,1148400,2021,1,7,4,18634
15.829999923706055,16.280000686645508,16.110000610351562,16.079999923706055,4260200,2021,1,8,5,18635
15.869999885559082,16.1299991607666,15.869999885559082,15.930000305175781,2353400,2021,1,11,1,18638
15.880000114440918,16.280000686645508,15.930000305175781,16.25,2514900,2021,1,12,2,18639
16.06999969482422,16.450000762939453,16.219999313354492,16.309999465942383,684300,2021,1,13,3,18640
16.299999237060547,16.700000762939453,16.399999618530273,16.559999465942383,1009900,2021,1,14,4,18641
15.920000076293945,16.489999771118164,16.40999984741211,16.299999237060547,1224200,2021,1,15,5,18642
16.139999389648438,16.399999618530273,16.309999465942383,16.209999084472656,718300,2021,1,19,2,18646
16.059999465942383,16.34000015258789,16.200000762939453,16.31999969482422,644100,2021,1,20,3,18647
16.079999923706055,16.329999923706055,16.329999923706055,16.110000610351562,463100,2021,1,21,4,18648
15.760000228881836,16.139999389648438,15.989999771118164,16.1299991607666,766800,2021,1,22,5,18649
15.779999732971191,16.280000686645508,15.9399995803833,15.84000015258789,773900,2021,1,25,1,18652
15.770000457763672,16.100000381469727,15.869999885559082,16.059999465942383,862800,2021,1,26,2,18653
15.0600004196167,15.880000114440918,15.779999732971191,15.210000038146973,3750700,2021,1,27,3,18654
15.149999618530273,15.779999732971191,15.399999618530273,15.680000305175781,2023100,2021,1,28,4,18655
15.289999961853027,15.680000305175781,15.680000305175781,15.449999809265137,3010000,2021,1,29,5,18656
15.270000457763672,15.970000267028809,15.520000457763672,15.649999618530273,3220600,2021,2,1,1,18659
15.720000267028809,16.549999237060547,15.890000343322754,16.510000228881836,1594000,2021,2,2,2,18660
16.360000610351562,17.43000030517578,16.450000762939453,17.200000762939453,2074800,2021,2,3,3,18661
16.799999237060547,17.25,17.049999237060547,17.06999969482422,1733000,2021,2,4,4,18662
17.079999923706055,17.559999465942383,17.239999771118164,17.350000381469727,1661300,2021,2,5,5,18663
17.239999771118164,17.850000381469727,17.469999313354492,17.43000030517578,1884200,2021,2,8,1,18666
16.969999313354492,17.549999237060547,17.469999313354492,17.479999542236328,2488400,2021,2,9,2,18667
17.020000457763672,17.690000534057617,17.520000457763672,17.329999923706055,1530300,2021,2,10,3,18668
16.93000030517578,17.440000534057617,17.440000534057617,17.34000015258789,1488300,2021,2,11,4,18669
17.040000915527344,17.43000030517578,17.190000534057617,17.43000030517578,1321300,2021,2,12,5,18670
17.040000915527344,17.5,17.5,17.1200008392334,1604300,2021,2,16,2,18674
15.510000228881836,16.700000762939453,16.65999984741211,16.229999542236328,4726600,2021,2,17,3,18675
15.710000038146973,16.360000610351562,16.1299991607666,15.729999542236328,1765700,2021,2,18,4,18676
15.670000076293945,16.010000228881836,15.8100004196167,15.729999542236328,1321300,2021,2,19,5,18677
15.460000038146973,15.890000343322754,15.670000076293945,15.479999542236328,802400,2021,2,22,1,18680
15.079999923706055,15.640000343322754,15.3100004196167,15.600000381469727,2428400,2021,2,23,2,18681
15.229999542236328,15.729999542236328,15.729999542236328,15.319999694824219,1315100,2021,2,24,3,18682
14.430000305175781,15.430000305175781,15.34000015258789,14.779999732971191,2366000,2021,2,25,4,18683
14.279999732971191,14.90999984741211,14.859999656677246,14.289999961853027,2484500,2021,2,26,5,18684
14.229999542236328,14.699999809265137,14.5,14.300000190734863,2337800,2021,3,1,1,18687
14.199999809265137,14.90999984741211,14.25,14.75,1917800,2021,3,2,2,18688
14.529999732971191,15.029999732971191,14.800000190734863,14.680000305175781,1513400,2021,3,3,3,18689
14.630000114440918,15.199999809265137,15.140000343322754,14.930000305175781,1836400,2021,3,4,4,18690
14.739999771118164,15.270000457763672,14.989999771118164,15.260000228881836,1555100,2021,3,5,5,18691
15.210000038146973,15.65999984741211,15.25,15.380000114440918,1271300,2021,3,8,1,18694
15.479999542236328,16.010000228881836,15.6899995803833,15.789999961853027,2474600,2021,3,9,2,18695
15.829999923706055,16.510000228881836,15.84000015258789,16.350000381469727,1380400,2021,3,10,3,18696
16.1299991607666,16.850000381469727,16.260000228881836,16.809999465942383,1503300,2021,3,11,4,18697
16.700000762939453,17.049999237060547,16.719999313354492,16.770000457763672,1205800,2021,3,12,5,18698
16.40999984741211,16.790000915527344,16.709999084472656,16.520000457763672,1053400,2021,3,15,1,18701
16.18000030517578,16.59000015258789,16.530000686645508,16.190000534057617,1469200,2021,3,16,2,18702
15.90999984741211,16.329999923706055,16.149999618530273,16.31999969482422,1621700,2021,3,17,3,18703
16.059999465942383,16.43000030517578,16.190000534057617,16.139999389648438,1328300,2021,3,18,4,18704
16.1299991607666,16.6299991607666,16.290000915527344,16.559999465942383,2119600,2021,3,19,5,18705
16.149999618530273,16.510000228881836,16.450000762939453,16.260000228881836,551200,2021,3,22,1,18708
15.670000076293945,16.260000228881836,16.239999771118164,15.729999542236328,702000,2021,3,23,2,18709
15.609999656677246,15.970000267028809,15.850000381469727,15.619999885559082,1038200,2021,3,24,3,18710
15.369999885559082,15.869999885559082,15.520000457763672,15.8100004196167,571600,2021,3,25,4,18711
15.789999961853027,16.049999237060547,15.869999885559082,16.030000686645508,589700,2021,3,26,5,18712
15.739999771118164,16.1299991607666,15.789999961853027,15.880000114440918,897200,2021,3,29,1,18715
15.779999732971191,16.260000228881836,15.850000381469727,16.229999542236328,791600,2021,3,30,2,18716
16.1299991607666,16.34000015258789,16.329999923706055,16.260000228881836,1157300,2021,3,31,3,18717
16.059999465942383,16.68000030517578,16.31999969482422,16.649999618530273,748500,2021,4,1,4,18718
16.559999465942383,16.899999618530273,16.81999969482422,16.8700008392334,648500,2021,4,5,1,18722
16.739999771118164,16.940000534057617,16.739999771118164,16.920000076293945,778800,2021,4,6,2,18723
16.579999923706055,16.989999771118164,16.989999771118164,16.59000015258789,406900,2021,4,7,3,18724
16.56999969482422,16.8700008392334,16.68000030517578,16.850000381469727,391100,2021,4,8,4,18725
16.6299991607666,16.84000015258789,16.84000015258789,16.6299991607666,396000,2021,4,9,5,18726
16.469999313354492,16.81999969482422,16.530000686645508,16.670000076293945,504400,2021,4,12,1,18729
16.34000015258789,16.6200008392334,16.600000381469727,16.5,429100,2021,4,13,2,18730
16.3700008392334,16.6200008392334,16.5,16.389999389648438,444600,2021,4,14,3,18731
16.43000030517578,16.610000610351562,16.549999237060547,16.510000228881836,304000,2021,4,15,4,18732
16.450000762939453,16.690000534057617,16.610000610351562,16.6200008392334,430000,2021,4,16,5,18733
16.31999969482422,16.670000076293945,16.489999771118164,16.420000076293945,750800,2021,4,19,1,18736
16.190000534057617,16.489999771118164,16.329999923706055,16.420000076293945,699900,2021,4,20,2,18737
16.360000610351562,16.690000534057617,16.479999542236328,16.68000030517578,650700,2021,4,21,3,18738
16.639999389648438,16.850000381469727,16.760000228881836,16.780000686645508,939300,2021,4,22,4,18739
16.75,17.06999969482422,16.979999542236328,17.010000228881836,1567000,2021,4,23,5,18740
16.860000610351562,17.15999984741211,17.110000610351562,16.90999984741211,1279600,2021,4,26,1,18743
16.84000015258789,16.969999313354492,16.950000762939453,16.899999618530273,1172200,2021,4,27,2,18744
16.739999771118164,17.010000228881836,16.899999618530273,16.780000686645508,1164300,2021,4,28,3,18745
16.639999389648438,16.920000076293945,16.920000076293945,16.809999465942383,1448600,2021,4,29,4,18746
16.649999618530273,16.780000686645508,16.75,16.739999771118164,935200,2021,4,30,5,18747
16.729999542236328,17.010000228881836,16.8700008392334,16.969999313354492,1427000,2021,5,3,1,18750
16.25,16.920000076293945,16.850000381469727,16.399999618530273,1291800,2021,5,4,2,18751
16.229999542236328,16.690000534057617,16.690000534057617,16.40999984741211,1031900,2021,5,5,3,18752
16.110000610351562,16.639999389648438,16.389999389648438,16.600000381469727,1203500,2021,5,6,4,18753
16.600000381469727,16.940000534057617,16.6299991607666,16.920000076293945,575000,2021,5,7,5,18754
16.670000076293945,17.049999237060547,17.049999237060547,16.700000762939453,852400,2021,5,10,1,18757
16.399999618530273,16.639999389648438,16.5,16.56999969482422,1310800,2021,5,11,2,18758
16.350000381469727,16.56999969482422,16.459999084472656,16.559999465942383,1293800,2021,5,12,3,18759
16.5,16.950000762939453,16.520000457763672,16.950000762939453,816400,2021,5,13,4,18760
16.969999313354492,17.34000015258789,17.06999969482422,17.329999923706055,1462900,2021,5,14,5,18761
17.209999084472656,17.479999542236328,17.260000228881836,17.479999542236328,1343700,2021,5,17,1,18764
17.229999542236328,17.510000228881836,17.510000228881836,17.309999465942383,1026400,2021,5,18,2,18765
16.940000534057617,17.190000534057617,17.149999618530273,17.170000076293945,729000,2021,5,19,3,18766
17.09000015258789,17.360000610351562,17.15999984741211,17.329999923706055,978500,2021,5,20,4,18767
17.350000381469727,17.610000610351562,17.420000076293945,17.540000915527344,1088300,2021,5,21,5,18768
17.469999313354492,17.649999618530273,17.59000015258789,17.549999237060547,602400,2021,5,24,1,18771
17.25,17.790000915527344,17.6200008392334,17.25,947800,2021,5,25,2,18772
17.06999969482422,17.270000457763672,17.239999771118164,17.25,762100,2021,5,26,3,18773
17.290000915527344,17.6200008392334,17.420000076293945,17.299999237060547,1194400,2021,5,27,4,18774
17.219999313354492,17.40999984741211,17.25,17.309999465942383,738600,2021,5,28,5,18775
17.170000076293945,17.440000534057617,17.440000534057617,17.260000228881836,1345300,2021,6,1,2,18779
17.229999542236328,17.3799991607666,17.270000457763672,17.329999923706055,678300,2021,6,2,3,18780
17.139999389648438,17.34000015258789,17.25,17.290000915527344,1259100,2021,6,3,4,18781
17.239999771118164,17.469999313354492,17.350000381469727,17.239999771118164,903100,2021,6,4,5,18782
17.149999618530273,17.350000381469727,17.239999771118164,17.290000915527344,2052800,2021,6,7,1,18785
17.25,17.350000381469727,17.290000915527344,17.280000686645508,686100,2021,6,8,2,18786
17.170000076293945,17.40999984741211,17.329999923706055,17.399999618530273,1177600,2021,6,9,3,18787
17.350000381469727,17.639999389648438,17.469999313354492,17.6299991607666,954000,2021,6,10,4,18788
17.510000228881836,17.709999084472656,17.6299991607666,17.690000534057617,1218400,2021,6,11,5,18789
17.229999542236328,17.690000534057617,17.690000534057617,17.34000015258789,1878200,2021,6,14,1,18792
17.229999542236328,17.399999618530273,17.3799991607666,17.309999465942383,1770400,2021,6,15,2,18793
17.139999389648438,17.34000015258789,17.34000015258789,17.239999771118164,2272200,2021,6,16,3,18794
16.649999618530273,17.329999923706055,17.1200008392334,16.65999984741211,2295000,2021,6,17,4,18795
16.0,16.559999465942383,16.540000915527344,16.010000228881836,1710500,2021,6,18,5,18796
15.960000038146973,16.479999542236328,16.079999923706055,16.459999084472656,1840900,2021,6,21,1,18799
16.270000457763672,16.59000015258789,16.420000076293945,16.559999465942383,1072800,2021,6,22,2,18800
16.40999984741211,16.6299991607666,16.6200008392334,16.43000030517578,1181300,2021,6,23,3,18801
16.329999923706055,16.540000915527344,16.459999084472656,16.479999542236328,925900,2021,6,24,4,18802
16.3799991607666,17.0,16.440000534057617,16.799999237060547,4939100,2021,6,25,5,18803
16.600000381469727,16.889999389648438,16.799999237060547,16.709999084472656,837300,2021,6,28,1,18806
16.5,16.739999771118164,16.719999313354492,16.56999969482422,771600,2021,6,29,2,18807
16.510000228881836,16.889999389648438,16.75,16.729999542236328,692600,2021,6,30,3,18808
16.649999618530273,16.860000610351562,16.860000610351562,16.700000762939453,1401400,2021,7,1,4,18809
16.479999542236328,16.81999969482422,16.719999313354492,16.489999771118164,701000,2021,7,2,5,18810
16.299999237060547,16.5,16.5,16.350000381469727,641900,2021,7,6,2,18814
16.170000076293945,16.399999618530273,16.25,16.18000030517578,585600,2021,7,7,3,18815
15.899999618530273,16.190000534057617,15.930000305175781,16.15999984741211,915800,2021,7,8,4,18816
16.260000228881836,16.450000762939453,16.31999969482422,16.3799991607666,758400,2021,7,9,5,18817
16.260000228881836,16.510000228881836,16.309999465942383,16.450000762939453,916600,2021,7,12,1,18820
16.34000015258789,16.510000228881836,16.399999618530273,16.3700008392334,611600,2021,7,13,2,18821
16.399999618530273,16.540000915527344,16.43000030517578,16.440000534057617,600500,2021,7,14,3,18822
16.299999237060547,16.469999313354492,16.389999389648438,16.450000762939453,567100,2021,7,15,4,18823
16.329999923706055,16.600000381469727,16.56999969482422,16.34000015258789,937500,2021,7,16,5,18824
15.949999809265137,16.350000381469727,16.34000015258789,16.190000534057617,1192800,2021,7,19,1,18827
16.18000030517578,16.709999084472656,16.260000228881836,16.670000076293945,910300,2021,7,20,2,18828
16.559999465942383,16.860000610351562,16.81999969482422,16.799999237060547,659000,2021,7,21,3,18829
16.700000762939453,16.8799991607666,16.81999969482422,16.81999969482422,620400,2021,7,22,4,18830
16.770000457763672,16.969999313354492,16.850000381469727,16.959999084472656,496300,2021,7,23,5,18831
16.8799991607666,17.100000381469727,16.979999542236328,17.079999923706055,812600,2021,7,26,1,18834
16.8700008392334,17.100000381469727,17.040000915527344,16.920000076293945,528300,2021,7,27,2,18835
16.770000457763672,17.020000457763672,16.93000030517578,16.799999237060547,1048200,2021,7,28,3,18836
16.690000534057617,17.049999237060547,16.969999313354492,16.700000762939453,820400,2021,7,29,4,18837
16.440000534057617,16.75,16.709999084472656,16.530000686645508,948100,2021,7,30,5,18838
16.420000076293945,16.56999969482422,16.5,16.450000762939453,733200,2021,8,2,1,18841
16.270000457763672,16.510000228881836,16.450000762939453,16.489999771118164,1581200,2021,8,3,2,18842
16.170000076293945,16.549999237060547,16.479999542236328,16.239999771118164,527700,2021,8,4,3,18843
16.18000030517578,16.84000015258789,16.200000762939453,16.829999923706055,921800,2021,8,5,4,18844
16.809999465942383,17.329999923706055,16.93000030517578,16.8799991607666,698200,2021,8,6,5,18845
16.8799991607666,17.100000381469727,16.959999084472656,17.059999465942383,477800,2021,8,9,1,18848
16.959999084472656,17.1299991607666,17.06999969482422,17.1200008392334,589600,2021,8,10,2,18849
17.139999389648438,17.489999771118164,17.200000762939453,17.360000610351562,708200,2021,8,11,3,18850
17.110000610351562,17.350000381469727,17.309999465942383,17.1200008392334,519300,2021,8,12,4,18851
17.06999969482422,17.239999771118164,17.190000534057617,17.18000030517578,400800,2021,8,13,5,18852
17.010000228881836,17.229999542236328,17.040000915527344,17.15999984741211,585500,2021,8,16,1,18855
16.940000534057617,17.18000030517578,17.139999389648438,17.030000686645508,497500,2021,8,17,2,18856
16.670000076293945,17.010000228881836,16.940000534057617,16.690000534057617,423500,2021,8,18,3,18857
16.510000228881836,16.979999542236328,16.530000686645508,16.979999542236328,747300,2021,8,19,4,18858
16.780000686645508,16.989999771118164,16.850000381469727,16.93000030517578,598200,2021,8,20,5,18859
16.969999313354492,17.399999618530273,16.969999313354492,17.34000015258789,1121800,2021,8,23,1,18862
17.139999389648438,17.360000610351562,17.329999923706055,17.229999542236328,397100,2021,8,24,2,18863
17.15999984741211,17.530000686645508,17.329999923706055,17.469999313354492,722900,2021,8,25,3,18864
17.350000381469727,17.520000457763672,17.3700008392334,17.40999984741211,389400,2021,8,26,4,18865
17.469999313354492,17.739999771118164,17.530000686645508,17.700000762939453,508200,2021,8,27,5,18866
17.6299991607666,17.829999923706055,17.780000686645508,17.790000915527344,558200,2021,8,30,1,18869
17.670000076293945,17.809999465942383,17.790000915527344,17.760000228881836,515900,2021,8,31,2,18870
17.670000076293945,17.940000534057617,17.790000915527344,17.93000030517578,734400,2021,9,1,3,18871
17.739999771118164,18.0,18.0,17.84000015258789,574500,2021,9,2,4,18872
17.719999313354492,17.850000381469727,17.729999542236328,17.760000228881836,268000,2021,9,3,5,18873
17.549999237060547,17.959999084472656,17.84000015258789,17.559999465942383,2067800,2021,9,7,2,18877
17.450000762939453,17.68000030517578,17.489999771118164,17.559999465942383,390400,2021,9,8,3,18878
17.239999771118164,17.610000610351562,17.489999771118164,17.239999771118164,398500,2021,9,9,4,18879
17.049999237060547,17.299999237060547,17.299999237060547,17.15999984741211,543200,2021,9,10,5,18880
17.149999618530273,17.280000686645508,17.260000228881836,17.18000030517578,385400,2021,9,13,1,18883
17.110000610351562,17.309999465942383,17.200000762939453,17.25,736700,2021,9,14,2,18884
16.979999542236328,17.260000228881836,17.149999618530273,17.1200008392334,707700,2021,9,15,3,18885
16.829999923706055,17.1200008392334,17.1200008392334,16.889999389648438,676200,2021,9,16,4,18886
16.559999465942383,16.899999618530273,16.899999618530273,16.670000076293945,1535000,2021,9,17,5,18887
16.149999618530273,16.540000915527344,16.420000076293945,16.389999389648438,700600,2021,9,20,1,18890
16.420000076293945,16.610000610351562,16.5,16.450000762939453,367000,2021,9,21,2,18891
16.350000381469727,16.56999969482422,16.479999542236328,16.360000610351562,743200,2021,9,22,3,18892
16.479999542236328,16.670000076293945,16.479999542236328,16.56999969482422,441100,2021,9,23,4,18893
16.0,16.559999465942383,16.43000030517578,16.030000686645508,2014800,2021,9,24,5,18894
15.949999809265137,16.450000762939453,15.970000267028809,16.100000381469727,1999700,2021,9,27,1,18897
15.84000015258789,16.190000534057617,16.049999237060547,15.869999885559082,1226900,2021,9,28,2,18898
15.8100004196167,16.020000457763672,15.890000343322754,15.869999885559082,592300,2021,9,29,3,18899
15.720000267028809,15.960000038146973,15.930000305175781,15.720000267028809,792900,2021,9,30,4,18900
15.760000228881836,16.360000610351562,15.819999694824219,16.299999237060547,814200,2021,10,1,5,18901
16.100000381469727,16.389999389648438,16.260000228881836,16.18000030517578,433800,2021,10,4,1,18904
16.020000457763672,16.270000457763672,16.200000762939453,16.049999237060547,501300,2021,10,5,2,18905
15.84000015258789,16.020000457763672,15.899999618530273,15.949999809265137,990000,2021,10,6,3,18906
16.079999923706055,16.520000457763672,16.09000015258789,16.350000381469727,614800,2021,10,7,4,18907
16.190000534057617,16.549999237060547,16.389999389648438,16.219999313354492,389300,2021,10,8,5,18908
16.200000762939453,16.360000610351562,16.209999084472656,16.239999771118164,232300,2021,10,11,1,18911
16.079999923706055,16.329999923706055,16.329999923706055,16.100000381469727,584100,2021,10,12,2,18912
15.9399995803833,16.149999618530273,16.030000686645508,16.010000228881836,679600,2021,10,13,3,18913
16.010000228881836,16.200000762939453,16.170000076293945,16.030000686645508,757600,2021,10,14,4,18914
15.899999618530273,16.280000686645508,16.280000686645508,15.920000076293945,503500,2021,10,15,5,18915
15.699999809265137,15.920000076293945,15.800000190734863,15.789999961853027,529700,2021,10,18,1,18918
15.770000457763672,16.040000915527344,15.819999694824219,16.040000915527344,593600,2021,10,19,2,18919
16.0,16.200000762939453,16.079999923706055,16.040000915527344,590000,2021,10,20,3,18920
15.779999732971191,16.079999923706055,16.059999465942383,15.84000015258789,344400,2021,10,21,4,18921
15.84000015258789,15.979999542236328,15.90999984741211,15.9399995803833,243100,2021,10,22,5,18922
15.899999618530273,16.110000610351562,15.90999984741211,15.960000038146973,471800,2021,10,25,1,18925
15.899999618530273,16.239999771118164,16.020000457763672,15.899999618530273,828600,2021,10,26,2,18926
15.729999542236328,15.970000267028809,15.970000267028809,15.770000457763672,579000,2021,10,27,3,18927
15.800000190734863,16.030000686645508,15.880000114440918,15.970000267028809,621000,2021,10,28,4,18928
15.84000015258789,16.110000610351562,15.960000038146973,15.899999618530273,386700,2021,10,29,5,18929
15.880000114440918,16.239999771118164,15.899999618530273,16.18000030517578,964200,2021,11,1,1,18932
16.049999237060547,16.280000686645508,16.280000686645508,16.100000381469727,861700,2021,11,2,2,18933
16.149999618530273,16.809999465942383,16.149999618530273,16.649999618530273,1156900,2021,11,3,3,18934
16.649999618530273,18.610000610351562,16.709999084472656,18.600000381469727,3119100,2021,11,4,4,18935
18.469999313354492,19.06999969482422,18.600000381469727,19.030000686645508,1296500,2021,11,5,5,18936
18.670000076293945,19.170000076293945,19.09000015258789,18.799999237060547,1260600,2021,11,8,1,18939
18.770000457763672,19.1299991607666,18.809999465942383,19.110000610351562,864000,2021,11,9,2,18940
18.889999389648438,19.309999465942383,19.100000381469727,18.90999984741211,749100,2021,11,10,3,18941
18.889999389648438,19.360000610351562,19.0,19.329999923706055,652600,2021,11,11,4,18942
19.329999923706055,19.600000381469727,19.360000610351562,19.479999542236328,1003700,2021,11,12,5,18943
19.299999237060547,19.670000076293945,19.559999465942383,19.540000915527344,1359900,2021,11,15,1,18946
19.399999618530273,19.68000030517578,19.440000534057617,19.610000610351562,1161300,2021,11,16,2,18947
19.139999389648438,20.1200008392334,19.479999542236328,19.18000030517578,996600,2021,11,17,3,18948
18.6299991607666,19.229999542236328,19.18000030517578,18.739999771118164,855100,2021,11,18,4,18949
18.559999465942383,18.829999923706055,18.559999465942383,18.56999969482422,560200,2021,11,19,5,18950
18.309999465942383,18.700000762939453,18.5,18.329999923706055,590000,2021,11,22,1,18953
17.989999771118164,18.360000610351562,18.209999084472656,18.049999237060547,700800,2021,11,23,2,18954
17.8799991607666,18.020000457763672,18.0,17.969999313354492,531400,2021,11,24,3,18955
17.3799991607666,17.790000915527344,17.56999969482422,17.489999771118164,584300,2021,11,26,5,18957
17.110000610351562,17.649999618530273,17.559999465942383,17.270000457763672,1014900,2021,11,29,1,18960
16.59000015258789,17.299999237060547,17.149999618530273,16.6200008392334,771600,2021,11,30,2,18961
16.010000228881836,16.889999389648438,16.860000610351562,16.010000228881836,1178000,2021,12,1,3,18962
16.020000457763672,16.489999771118164,16.149999618530273,16.299999237060547,647000,2021,12,2,4,18963
16.1200008392334,16.549999237060547,16.450000762939453,16.260000228881836,518600,2021,12,3,5,18964
16.280000686645508,17.15999984741211,16.459999084472656,17.110000610351562,955400,2021,12,6,1,18967
17.299999237060547,17.68000030517578,17.350000381469727,17.549999237060547,808300,2021,12,7,2,18968
17.18000030517578,17.639999389648438,17.59000015258789,17.329999923706055,541800,2021,12,8,3,18969
16.979999542236328,17.399999618530273,17.170000076293945,17.049999237060547,699900,2021,12,9,4,18970
16.90999984741211,17.18000030517578,17.1200008392334,17.020000457763672,551900,2021,12,10,5,18971
16.899999618530273,17.139999389648438,16.90999984741211,17.010000228881836,547300,2021,12,13,1,18974
16.979999542236328,17.34000015258789,17.040000915527344,17.170000076293945,537100,2021,12,14,2,18975
17.1299991607666,17.459999084472656,17.209999084472656,17.399999618530273,949900,2021,12,15,3,18976
17.399999618530273,17.700000762939453,17.559999465942383,17.530000686645508,1542600,2021,12,16,4,18977
17.149999618530273,17.639999389648438,17.40999984741211,17.219999313354492,1206600,2021,12,17,5,18978
16.700000762939453,17.059999465942383,16.950000762939453,16.969999313354492,700400,2021,12,20,1,18981
17.020000457763672,17.40999984741211,17.020000457763672,17.280000686645508,625300,2021,12,21,2,18982
17.170000076293945,17.40999984741211,17.170000076293945,17.3799991607666,304000,2021,12,22,3,18983
17.31999969482422,17.510000228881836,17.3700008392334,17.469999313354492,331100,2021,12,23,4,18984
17.31999969482422,17.6200008392334,17.389999389648438,17.6200008392334,256200,2021,12,27,1,18988
17.540000915527344,17.719999313354492,17.56999969482422,17.65999984741211,281100,2021,12,28,2,18989
17.309999465942383,17.799999237060547,17.6200008392334,17.719999313354492,358600,2021,12,29,3,18990
17.579999923706055,17.84000015258789,17.790000915527344,17.579999923706055,307100,2021,12,30,4,18991
17.459999084472656,17.709999084472656,17.459999084472656,17.6299991607666,250200,2021,12,31,5,18992
17.520000457763672,17.860000610351562,17.520000457763672,17.850000381469727,542600,2022,1,3,1,18995
17.479999542236328,17.90999984741211,17.850000381469727,17.639999389648438,461600,2022,1,4,2,18996
17.440000534057617,17.780000686645508,17.690000534057617,17.479999542236328,446200,2022,1,5,3,18997
17.229999542236328,17.59000015258789,17.510000228881836,17.420000076293945,555100,2022,1,6,4,18998
17.06999969482422,17.420000076293945,17.299999237060547,17.360000610351562,823300,2022,1,7,5,18999
17.0,17.270000457763672,17.270000457763672,17.200000762939453,481000,2022,1,10,1,19002
16.950000762939453,17.459999084472656,17.15999984741211,17.399999618530273,393400,2022,1,11,2,19003
17.190000534057617,17.5,17.440000534057617,17.270000457763672,386900,2022,1,12,3,19004
17.25,17.540000915527344,17.309999465942383,17.489999771118164,519800,2022,1,13,4,19005
16.81999969482422,17.399999618530273,17.3700008392334,17.25,690900,2022,1,14,5,19006
16.829999923706055,17.43000030517578,16.959999084472656,17.3700008392334,658400,2022,1,18,2,19010
17.079999923706055,17.450000762939453,17.350000381469727,17.3700008392334,637600,2022,1,19,3,19011
16.93000030517578,17.56999969482422,17.510000228881836,16.959999084472656,582100,2022,1,20,4,19012
16.90999984741211,17.540000915527344,17.010000228881836,17.0,813700,2022,1,21,5,19013
16.389999389648438,17.190000534057617,16.93000030517578,17.1200008392334,684000,2022,1,24,1,19016
16.56999969482422,17.030000686645508,16.8799991607666,16.850000381469727,380000,2022,1,25,2,19017
16.56999969482422,17.219999313354492,17.040000915527344,16.75,946100,2022,1,26,3,19018
16.1200008392334,17.06999969482422,16.889999389648438,16.31999969482422,1058600,2022,1,27,4,19019
16.25,17.030000686645508,16.25,17.020000457763672,1020500,2022,1,28,5,19020
16.5,16.90999984741211,16.860000610351562,16.700000762939453,833100,2022,1,31,1,19023
16.540000915527344,16.979999542236328,16.799999237060547,16.950000762939453,1150400,2022,2,1,2,19024
16.649999618530273,17.100000381469727,16.969999313354492,16.739999771118164,717600,2022,2,2,3,19025
16.290000915527344,16.68000030517578,16.610000610351562,16.34000015258789,569900,2022,2,3,4,19026
15.529999732971191,16.219999313354492,16.149999618530273,15.850000381469727,1268900,2022,2,4,5,19027
15.8100004196167,16.299999237060547,15.850000381469727,16.1299991607666,1142100,2022,2,7,1,19030
16.079999923706055,16.350000381469727,16.079999923706055,16.280000686645508,723300,2022,2,8,2,19031
16.040000915527344,16.469999313354492,16.459999084472656,16.139999389648438,997200,2022,2,9,3,19032
15.84000015258789,16.31999969482422,15.84000015258789,16.190000534057617,1350300,2022,2,10,4,19033
16.1299991607666,16.530000686645508,16.219999313354492,16.190000534057617,687600,2022,2,11,5,19034
15.960000038146973,16.25,16.209999084472656,15.979999542236328,661000,2022,2,14,1,19037
15.84000015258789,16.149999618530273,15.960000038146973,15.9399995803833,873500,2022,2,15,2,19038
15.65999984741211,15.930000305175781,15.899999618530273,15.899999618530273,781900,2022,2,16,3,19039
15.649999618530273,15.869999885559082,15.770000457763672,15.699999809265137,686200,2022,2,17,4,19040
15.430000305175781,15.8100004196167,15.630000114440918,15.640000343322754,686000,2022,2,18,5,19041
15.1899995803833,15.619999885559082,15.539999961853027,15.319999694824219,660000,2022,2,22,2,19045
15.1899995803833,15.600000381469727,15.5,15.260000228881836,1036200,2022,2,23,3,19046
14.069999694824219,15.050000190734863,14.539999961853027,14.970000267028809,951100,2022,2,24,4,19047
14.710000038146973,15.180000305175781,14.869999885559082,14.920000076293945,1002700,2022,2,25,5,19048
14.1899995803833,14.789999961853027,14.789999961853027,14.539999961853027,1543300,2022,2,28,1,19051
14.010000228881836,14.609999656677246,14.5,14.119999885559082,1091200,2022,3,1,2,19052
14.020000457763672,14.710000038146973,14.119999885559082,14.6899995803833,967600,2022,3,2,3,19053
14.460000038146973,14.9399995803833,14.770000457763672,14.600000381469727,648600,2022,3,3,4,19054
14.3100004196167,14.699999809265137,14.359999656677246,14.680000305175781,897000,2022,3,4,5,19055
13.579999923706055,14.59000015258789,14.59000015258789,13.649999618530273,2023400,2022,3,7,1,19058
13.34000015258789,14.039999961853027,13.680000305175781,13.649999618530273,3009200,2022,3,8,2,19059
13.869999885559082,14.449999809265137,13.9399995803833,14.3100004196167,724800,2022,3,9,3,19060
13.75,14.029999732971191,13.989999771118164,13.890000343322754,1029700,2022,3,10,4,19061
13.630000114440918,14.029999732971191,13.979999542236328,13.640000343322754,833400,2022,3,11,5,19062
13.489999771118164,13.84000015258789,13.720000267028809,13.619999885559082,492800,2022,3,14,1,19065
13.5,13.960000038146973,13.75,13.579999923706055,656200,2022,3,15,2,19066
13.789999961853027,14.359999656677246,13.789999961853027,14.15999984741211,748700,2022,3,16,3,19067
14.0,14.449999809265137,14.020000457763672,14.279999732971191,580600,2022,3,17,4,19068
14.09000015258789,14.630000114440918,14.279999732971191,14.609999656677246,1341300,2022,3,18,5,19069
14.369999885559082,14.670000076293945,14.550000190734863,14.470000267028809,678400,2022,3,21,1,19072
14.420000076293945,14.619999885559082,14.5,14.4399995803833,559900,2022,3,22,2,19073
14.170000076293945,14.40999984741211,14.329999923706055,14.210000038146973,510600,2022,3,23,3,19074
14.09000015258789,14.289999961853027,14.270000457763672,14.149999618530273,582600,2022,3,24,4,19075
14.0,14.239999771118164,14.149999618530273,14.130000114440918,725300,2022,3,25,5,19076
13.880000114440918,14.130000114440918,14.039999961853027,14.079999923706055,1051800,2022,3,28,1,19079
14.25,14.520000457763672,14.329999923706055,14.460000038146973,812800,2022,3,29,2,19080
14.180000305175781,14.520000457763672,14.479999542236328,14.279999732971191,923100,2022,3,30,3,19081
14.180000305175781,14.40999984741211,14.199999809265137,14.25,890200,2022,3,31,4,19082
14.220000267028809,14.470000267028809,14.25,14.470000267028809,967200,2022,4,1,5,19083
14.239999771118164,14.520000457763672,14.449999809265137,14.510000228881836,737600,2022,4,4,1,19086
14.09000015258789,14.59000015258789,14.5,14.15999984741211,1085800,2022,4,5,2,19087
14.020000457763672,14.34000015258789,14.050000190734863,14.210000038146973,927800,2022,4,6,3,19088
14.140000343322754,14.470000267028809,14.270000457763672,14.399999618530273,947400,2022,4,7,4,19089
14.210000038146973,14.5,14.470000267028809,14.220000267028809,941300,2022,4,8,5,19090
14.239999771118164,14.539999961853027,14.300000190734863,14.420000076293945,685800,2022,4,11,1,19093
14.3100004196167,14.609999656677246,14.449999809265137,14.390000343322754,532900,2022,4,12,2,19094
14.34000015258789,14.670000076293945,14.359999656677246,14.65999984741211,568900,2022,4,13,3,19095
14.470000267028809,14.760000228881836,14.680000305175781,14.520000457763672,551400,2022,4,14,4,19096
14.4399995803833,14.600000381469727,14.510000228881836,14.470000267028809,544900,2022,4,18,1,19100
14.4399995803833,14.6899995803833,14.460000038146973,14.65999984741211,561600,2022,4,19,2,19101
14.65999984741211,14.970000267028809,14.770000457763672,14.800000190734863,855300,2022,4,20,3,19102
14.640000343322754,14.970000267028809,14.9399995803833,14.680000305175781,446500,2022,4,21,4,19103
14.619999885559082,14.789999961853027,14.65999984741211,14.670000076293945,650000,2022,4,22,5,19104
14.5600004196167,14.960000038146973,14.649999618530273,14.949999809265137,805600,2022,4,25,1,19107
14.510000228881836,14.949999809265137,14.819999694824219,14.539999961853027,667100,2022,4,26,2,19108
14.40999984741211,14.760000228881836,14.539999961853027,14.579999923706055,503800,2022,4,27,3,19109
14.5,15.069999694824219,14.609999656677246,14.979999542236328,830300,2022,4,28,4,19110
14.59000015258789,14.979999542236328,14.899999618530273,14.640000343322754,719800,2022,4,29,5,19111
14.279999732971191,14.640000343322754,14.640000343322754,14.449999809265137,880300,2022,5,2,1,19114
14.319999694824219,14.600000381469727,14.489999771118164,14.399999618530273,499600,2022,5,3,2,19115
14.270000457763672,14.84000015258789,14.359999656677246,14.800000190734863,617300,2022,5,4,3,19116
14.220000267028809,14.6899995803833,14.579999923706055,14.369999885559082,722900,2022,5,5,4,19117
14.170000076293945,14.449999809265137,14.289999961853027,14.270000457763672,635300,2022,5,6,5,19118
14.0,14.289999961853027,14.130000114440918,14.050000190734863,943600,2022,5,9,1,19121
13.949999809265137,14.270000457763672,14.220000267028809,14.0600004196167,1010900,2022,5,10,2,19122
13.579999923706055,14.329999923706055,14.170000076293945,13.699999809265137,1332300,2022,5,11,3,19123
13.399999618530273,14.380000114440918,14.380000114440918,13.819999694824219,1047700,2022,5,12,4,19124
13.84000015258789,14.25,13.850000381469727,14.119999885559082,1076000,2022,5,13,5,19125
13.970000267028809,14.3100004196167,14.0,14.180000305175781,924800,2022,5,16,1,19128
14.170000076293945,14.359999656677246,14.3100004196167,14.25,606600,2022,5,17,2,19129
13.880000114440918,14.260000228881836,14.260000228881836,13.90999984741211,757900,2022,5,18,3,19130
13.390000343322754,13.960000038146973,13.960000038146973,13.510000228881836,915700,2022,5,19,4,19131
13.260000228881836,13.680000305175781,13.59000015258789,13.670000076293945,704400,2022,5,20,5,19132
13.760000228881836,14.220000267028809,13.869999885559082,13.949999809265137,585100,2022,5,23,1,19135
13.710000038146973,13.989999771118164,13.960000038146973,13.899999618530273,454200,2022,5,24,2,19136
13.8100004196167,14.130000114440918,13.819999694824219,14.100000381469727,540800,2022,5,25,3,19137
14.149999618530273,14.380000114440918,14.199999809265137,14.289999961853027,558500,2022,5,26,4,19138
14.289999961853027,14.479999542236328,14.430000305175781,14.369999885559082,461900,2022,5,27,5,19139
14.220000267028809,14.449999809265137,14.239999771118164,14.319999694824219,785800,2022,5,31,2,19143
14.050000190734863,14.489999771118164,14.420000076293945,14.260000228881836,1233200,2022,6,1,3,19144
14.25,14.539999961853027,14.279999732971191,14.489999771118164,1160000,2022,6,2,4,19145
14.34000015258789,14.5,14.399999618530273,14.479999542236328,707200,2022,6,3,5,19146
14.399999618530273,14.75,14.65999984741211,14.460000038146973,398100,2022,6,6,1,19149
14.279999732971191,14.539999961853027,14.350000381469727,14.529999732971191,407400,2022,6,7,2,19150
14.279999732971191,14.5600004196167,14.470000267028809,14.399999618530273,984900,2022,6,8,3,19151
14.180000305175781,14.399999618530273,14.229999542236328,14.229999542236328,427300,2022,6,9,4,19152
13.600000381469727,14.069999694824219,14.069999694824219,13.609999656677246,534500,2022,6,10,5,19153
13.020000457763672,13.390000343322754,13.359999656677246,13.050000190734863,676000,2022,6,13,1,19156
12.829999923706055,13.119999885559082,13.0,12.9399995803833,508000,2022,6,14,2,19157
12.920000076293945,13.289999961853027,13.119999885559082,13.109999656677246,464400,2022,6,15,3,19158
12.5,12.949999809265137,12.9399995803833,12.649999618530273,987600,2022,6,16,4,19159
12.5,12.8100004196167,12.779999732971191,12.619999885559082,1817500,2022,6,17,5,19160
12.600000381469727,12.920000076293945,12.800000190734863,12.619999885559082,1577300,2022,6,21,2,19164
12.460000038146973,12.90999984741211,12.510000228881836,12.75,1994500,2022,6,22,3,19165
12.720000267028809,13.199999809265137,12.75,13.130000114440918,1652100,2022,6,23,4,19166
13.180000305175781,13.699999809265137,13.279999732971191,13.609999656677246,2026400,2022,6,24,5,19167
13.470000267028809,13.779999732971191,13.6899995803833,13.670000076293945,1065500,2022,6,27,1,19170
13.3100004196167,13.890000343322754,13.65999984741211,13.350000381469727,1114400,2022,6,28,2,19171
13.229999542236328,13.510000228881836,13.380000114440918,13.460000038146973,1047000,2022,6,29,3,19172
13.130000114440918,13.399999618530273,13.399999618530273,13.380000114440918,637600,2022,6,30,4,19173
13.359999656677246,13.600000381469727,13.359999656677246,13.569999694824219,941200,2022,7,1,5,19174
13.329999923706055,13.720000267028809,13.40999984741211,13.710000038146973,917500,2022,7,5,2,19178
13.390000343322754,13.84000015258789,13.720000267028809,13.5,1504600,2022,7,6,3,19179
13.329999923706055,13.670000076293945,13.569999694824219,13.40999984741211,993300,2022,7,7,4,19180
13.289999961853027,13.550000190734863,13.369999885559082,13.449999809265137,527900,2022,7,8,5,19181
13.09000015258789,13.449999809265137,13.399999618530273,13.100000381469727,465500,2022,7,11,1,19184
13.100000381469727,13.270000457763672,13.149999618530273,13.180000305175781,408300,2022,7,12,2,19185
12.859999656677246,13.140000343322754,13.100000381469727,13.029999732971191,538500,2022,7,13,3,19186
12.6899995803833,12.890000343322754,12.800000190734863,12.84000015258789,523900,2022,7,14,4,19187
12.850000381469727,13.15999984741211,13.029999732971191,12.979999542236328,666300,2022,7,15,5,19188
13.0,13.260000228881836,13.119999885559082,13.039999961853027,1131500,2022,7,18,1,19191
13.119999885559082,13.229999542236328,13.140000343322754,13.199999809265137,711800,2022,7,19,2,19192
13.100000381469727,13.239999771118164,13.100000381469727,13.199999809265137,706500,2022,7,20,3,19193
12.829999923706055,13.180000305175781,13.109999656677246,13.09000015258789,720400,2022,7,21,4,19194
12.84000015258789,13.130000114440918,13.069999694824219,12.869999885559082,473800,2022,7,22,5,19195
12.829999923706055,13.010000228881836,12.880000114440918,13.0,578100,2022,7,25,1,19198
12.75,13.039999961853027,13.0,13.010000228881836,526100,2022,7,26,2,19199
12.859999656677246,13.149999618530273,12.979999542236328,13.119999885559082,854100,2022,7,27,3,19200
13.09000015258789,13.289999961853027,13.15999984741211,13.270000457763672,582200,2022,7,28,4,19201
13.109999656677246,13.289999961853027,13.229999542236328,13.220000267028809,720700,2022,7,29,5,19202
13.039999961853027,13.270000457763672,13.079999923706055,13.130000114440918,943300,2022,8,1,1,19205
12.9399995803833,13.140000343322754,13.130000114440918,13.050000190734863,359800,2022,8,2,2,19206
12.930000305175781,13.109999656677246,13.010000228881836,13.010000228881836,971900,2022,8,3,3,19207
12.9399995803833,13.180000305175781,12.949999809265137,13.039999961853027,1143000,2022,8,4,4,19208
12.670000076293945,13.020000457763672,12.899999618530273,12.710000038146973,728200,2022,8,5,5,19209
12.720000267028809,13.010000228881836,12.819999694824219,12.770000457763672,914400,2022,8,8,1,19212
12.149999618530273,12.8100004196167,12.8100004196167,12.170000076293945,1175400,2022,8,9,2,19213
12.470000267028809,13.199999809265137,12.550000190734863,12.930000305175781,1512000,2022,8,10,3,19214
13.529999732971191,14.239999771118164,13.680000305175781,13.850000381469727,2605400,2022,8,11,4,19215
13.960000038146973,14.279999732971191,14.010000228881836,14.149999618530273,1858000,2022,8,12,5,19216
13.989999771118164,14.25,14.010000228881836,14.220000267028809,2368500,2022,8,15,1,19219
14.15999984741211,14.40999984741211,14.220000267028809,14.350000381469727,2316900,2022,8,16,2,19220
14.0,14.329999923706055,14.199999809265137,14.180000305175781,1739300,2022,8,17,3,19221
14.050000190734863,14.5,14.1899995803833,14.479999542236328,1747900,2022,8,18,4,19222
14.1899995803833,14.470000267028809,14.369999885559082,14.3100004196167,907100,2022,8,19,5,19223
13.729999542236328,14.25,14.1899995803833,13.9399995803833,1023700,2022,8,22,1,19226
13.760000228881836,14.130000114440918,13.850000381469727,14.119999885559082,858600,2022,8,23,2,19227
13.880000114440918,14.180000305175781,14.109999656677246,13.970000267028809,623600,2022,8,24,3,19228
13.920000076293945,14.0600004196167,13.920000076293945,14.050000190734863,655400,2022,8,25,4,19229
13.529999732971191,14.119999885559082,14.119999885559082,13.539999961853027,718500,2022,8,26,5,19230
13.199999809265137,13.65999984741211,13.4399995803833,13.600000381469727,673100,2022,8,29,1,19233
13.539999961853027,13.75,13.619999885559082,13.59000015258789,574500,2022,8,30,2,19234
13.140000343322754,13.640000343322754,13.600000381469727,13.140000343322754,724000,2022,8,31,3,19235
12.819999694824219,13.1899995803833,13.109999656677246,13.15999984741211,1011900,2022,9,1,4,19236
12.979999542236328,13.319999694824219,13.300000190734863,13.100000381469727,639000,2022,9,2,5,19237
13.010000228881836,13.399999618530273,13.239999771118164,13.319999694824219,1018900,2022,9,6,2,19241
13.239999771118164,13.670000076293945,13.319999694824219,13.670000076293945,772800,2022,9,7,3,19242
13.489999771118164,13.979999542236328,13.619999885559082,13.930000305175781,806400,2022,9,8,4,19243
14.0,14.5600004196167,14.0,14.489999771118164,1131900,2022,9,9,5,19244
14.420000076293945,14.829999923706055,14.550000190734863,14.449999809265137,810600,2022,9,12,1,19247
13.760000228881836,14.3100004196167,14.15999984741211,13.84000015258789,694200,2022,9,13,2,19248
13.75,13.979999542236328,13.979999542236328,13.899999618530273,726500,2022,9,14,3,19249
13.739999771118164,13.960000038146973,13.819999694824219,13.779999732971191,668000,2022,9,15,4,19250
13.529999732971191,13.75,13.6899995803833,13.550000190734863,1058500,2022,9,16,5,19251
13.390000343322754,13.770000457763672,13.399999618530273,13.6899995803833,846600,2022,9,19,1,19254
13.430000305175781,13.640000343322754,13.529999732971191,13.550000190734863,784600,2022,9,20,2,19255
13.25,13.720000267028809,13.720000267028809,13.25,727600,2022,9,21,3,19256
12.850000381469727,13.260000228881836,13.220000267028809,13.029999732971191,826600,2022,9,22,4,19257
12.520000457763672,12.890000343322754,12.890000343322754,12.649999618530273,546400,2022,9,23,5,19258
12.520000457763672,12.739999771118164,12.600000381469727,12.65999984741211,652500,2022,9,26,1,19261
12.390000343322754,12.869999885559082,12.739999771118164,12.489999771118164,610400,2022,9,27,2,19262
12.489999771118164,13.100000381469727,12.619999885559082,13.029999732971191,773800,2022,9,28,3,19263
12.510000228881836,12.90999984741211,12.90999984741211,12.680000305175781,574600,2022,9,29,4,19264
12.520000457763672,12.859999656677246,12.579999923706055,12.550000190734863,657800,2022,9,30,5,19265
12.5600004196167,12.920000076293945,12.770000457763672,12.880000114440918,1010100,2022,10,3,1,19268
13.020000457763672,13.279999732971191,13.020000457763672,13.25,827600,2022,10,4,2,19269
13.029999732971191,13.350000381469727,13.079999923706055,13.25,697400,2022,10,5,3,19270
13.0600004196167,13.279999732971191,13.199999809265137,13.220000267028809,520400,2022,10,6,4,19271
12.890000343322754,13.199999809265137,13.140000343322754,12.989999771118164,649700,2022,10,7,5,19272
12.930000305175781,13.149999618530273,13.029999732971191,13.119999885559082,600300,2022,10,10,1,19275
12.9399995803833,13.34000015258789,13.010000228881836,13.25,1030400,2022,10,11,2,19276
13.229999542236328,13.5,13.369999885559082,13.279999732971191,1179300,2022,10,12,3,19277
12.800000190734863,13.539999961853027,13.010000228881836,13.529999732971191,1378600,2022,10,13,4,19278
13.279999732971191,13.710000038146973,13.579999923706055,13.279999732971191,1026600,2022,10,14,5,19279
13.449999809265137,13.710000038146973,13.609999656677246,13.6899995803833,1179100,2022,10,17,1,19282
13.75,14.09000015258789,13.899999618530273,13.930000305175781,921800,2022,10,18,2,19283
13.569999694824219,13.890000343322754,13.8100004196167,13.6899995803833,968600,2022,10,19,3,19284
13.520000457763672,13.779999732971191,13.760000228881836,13.6899995803833,969800,2022,10,20,4,19285
13.670000076293945,14.3100004196167,13.760000228881836,14.270000457763672,799500,2022,10,21,5,19286
14.390000343322754,14.65999984741211,14.40999984741211,14.550000190734863,869300,2022,10,24,1,19289
14.420000076293945,14.680000305175781,14.579999923706055,14.489999771118164,842800,2022,10,25,2,19290
14.279999732971191,14.619999885559082,14.420000076293945,14.34000015258789,1184700,2022,10,26,3,19291
14.329999923706055,14.630000114440918,14.479999542236328,14.350000381469727,721400,2022,10,27,4,19292
14.390000343322754,14.65999984741211,14.460000038146973,14.619999885559082,592100,2022,10,28,5,19293
14.460000038146973,14.75,14.5600004196167,14.59000015258789,762200,2022,10,31,1,19296
14.430000305175781,14.710000038146973,14.670000076293945,14.489999771118164,486400,2022,11,1,2,19297
13.279999732971191,14.479999542236328,14.460000038146973,13.369999885559082,1702100,2022,11,2,3,19298
12.9399995803833,13.260000228881836,13.1899995803833,12.979999542236328,1625500,2022,11,3,4,19299
12.850000381469727,13.260000228881836,13.199999809265137,12.920000076293945,1265100,2022,11,4,5,19300
13.020000457763672,13.5,13.079999923706055,13.420000076293945,1189300,2022,11,7,1,19303
13.109999656677246,13.460000038146973,13.380000114440918,13.359999656677246,1082200,2022,11,8,2,19304
13.199999809265137,13.449999809265137,13.289999961853027,13.319999694824219,1231200,2022,11,9,3,19305
13.550000190734863,14.470000267028809,13.550000190734863,14.34000015258789,1649900,2022,11,10,4,19306
14.260000228881836,14.670000076293945,14.579999923706055,14.3100004196167,1723500,2022,11,11,5,19307
13.899999618530273,14.350000381469727,14.34000015258789,14.069999694824219,1129100,2022,11,14,1,19310
14.199999809265137,14.609999656677246,14.260000228881836,14.390000343322754,780400,2022,11,15,2,19311
14.109999656677246,14.460000038146973,14.390000343322754,14.210000038146973,661100,2022,11,16,3,19312
13.930000305175781,14.270000457763672,14.010000228881836,14.229999542236328,618300,2022,11,17,4,19313
14.25,14.789999961853027,14.520000457763672,14.770000457763672,839100,2022,11,18,5,19314
14.75,15.170000076293945,14.84000015258789,15.130000114440918,1170700,2022,11,21,1,19317
15.199999809265137,15.609999656677246,15.329999923706055,15.4399995803833,1003300,2022,11,22,2,19318
15.0,15.4399995803833,15.390000343322754,15.130000114440918,589000,2022,11,23,3,19319
15.100000381469727,15.350000381469727,15.130000114440918,15.319999694824219,327900,2022,11,25,5,19321
15.020000457763672,15.260000228881836,15.229999542236328,15.039999961853027,658700,2022,11,28,1,19324
14.970000267028809,15.180000305175781,14.970000267028809,15.079999923706055,533000,2022,11,29,2,19325
15.020000457763672,15.65999984741211,15.130000114440918,15.649999618530273,1405000,2022,11,30,3,19326
15.609999656677246,15.90999984741211,15.770000457763672,15.850000381469727,923700,2022,12,1,4,19327
15.449999809265137,16.1200008392334,15.619999885559082,16.09000015258789,678000,2022,12,2,5,19328
15.829999923706055,16.06999969482422,15.90999984741211,15.960000038146973,790300,2022,12,5,1,19331
15.289999961853027,16.030000686645508,16.030000686645508,15.359999656677246,580500,2022,12,6,2,19332
15.140000343322754,15.460000038146973,15.350000381469727,15.220000267028809,643700,2022,12,7,3,19333
15.079999923706055,15.489999771118164,15.289999961853027,15.4399995803833,618700,2022,12,8,4,19334
15.300000190734863,15.489999771118164,15.3100004196167,15.319999694824219,627700,2022,12,9,5,19335
15.300000190734863,15.449999809265137,15.359999656677246,15.4399995803833,101758,2022,12,12,1,19338
