low,high,open,close,volume,year,days,month_sin,month_cos,day_sin,day_cos,weekday_sin,weekday_cos
0.08367406100972792,0.0016180831906848834,0.15618938544014266,-0.06827021556475817,-2.1776373422287025,0.5666666666666667,0.5629067731944881,0.5000000000000003,-0.8660254037844385,0.5712682150947923,0.8207634412072763,0.7818314824680298,0.6234898018587336
-0.013544190895225138,-0.05142093656273955,-0.06087918912197689,-0.0384407357125347,-0.26180106302674744,0.5666666666666667,0.5629516585125006,0.5000000000000003,-0.8660254037844385,0.72479278722912,0.6889669190756866,0.9749279121818236,-0.22252093395631434
0.0,-0.021941092330735934,-0.035245989788047716,-0.00904986988655931,-0.7447092809149587,0.5666666666666667,0.5629965438305131,0.5000000000000003,-0.8660254037844385,0.8486442574947509,0.5289640103269624,0.43388373911755823,-0.900968867902419
0.0,0.03210205072095506,-0.0013461424290932872,0.07232064544982789,-0.4297126513205029,0.5666666666666667,0.5630414291485255,0.5000000000000003,-0.8660254037844385,0.9377521321470804,0.3473052528448203,-0.433883739117558,-0.9009688679024191
0.06340153413452372,0.015050476784895905,0.060967924924678694,0.01302263622844716,0.12092940625584361,0.5666666666666667,0.563086314466538,0.5000000000000003,-0.8660254037844385,0.9884683243281114,0.1514277775045767,-0.9749279121818236,-0.2225209339563146
-0.018949771563689904,0.007441138146361348,-0.017903294715761128,0.012855303563215778,-0.3461487422372763,0.5666666666666667,0.5632209704205755,0.5000000000000003,-0.8660254037844385,0.8978045395707416,-0.4403941515576344,0.7818314824680298,0.6234898018587336
0.026176161019671875,0.1061838715327393,0.05562796900062,0.10659582740452248,0.2856101875005677,0.5666666666666667,0.5632658557385879,0.5000000000000003,-0.8660254037844385,0.7907757369376989,-0.6121059825476626,0.9749279121818236,-0.22252093395631434
-0.001271485075132937,0.0,0.05037751467750204,-0.07696104113612832,-0.06554478130407038,0.5666666666666667,0.5633107410566004,0.5000000000000003,-0.8660254037844385,0.6513724827222223,-0.758758122692791,0.43388373911755823,-0.900968867902419
-0.015815711032726897,-0.09065437445579876,-0.07425678536354183,-0.07042249704072889,0.45801537304234763,0.5666666666666667,0.5633556263746129,0.5000000000000003,-0.8660254037844385,0.48530196253108104,-0.8743466161445821,-0.433883739117558,-0.9009688679024191
0.0021519760897042318,-0.029214135836097038,-0.012578750015322493,0.004282678234058643,-1.5096580266517123,0.5666666666666667,0.5634005116926254,0.5000000000000003,-0.8660254037844385,0.29936312297335804,-0.9541392564000488,-0.9749279121818236,-0.2225209339563146
-0.060248537526920005,-0.03181604415484822,-0.021322768775038126,-0.02685301790002309,1.195936075498958,0.5666666666666667,0.5635351676466628,0.5000000000000003,-0.8660254037844385,-0.29936312297335776,-0.9541392564000489,0.7818314824680298,0.6234898018587336
0.010899280308923266,-0.0056192526001750944,-0.02620238840015348,0.011782748181824131,-1.0671433425292969,0.5666666666666667,0.5635800529646753,0.5000000000000003,-0.8660254037844385,-0.4853019625310808,-0.8743466161445822,0.9749279121818236,-0.22252093395631434
0.028497088448838324,0.039520771390535815,0.017544292771718168,0.03955439416664238,-0.26315513079540837,0.5666666666666667,0.5636249382826878,0.5000000000000003,-0.8660254037844385,-0.6513724827222217,-0.7587581226927913,0.43388373911755823,-0.900968867902419
0.0030681458732236683,0.0,0.01894977156368998,-0.00963760002932362,0.8350239019054889,0.5666666666666667,0.5636698236007003,0.5000000000000003,-0.8660254037844385,-0.7907757369376986,-0.6121059825476627,-0.433883739117558,-0.9009688679024191
-0.026609125422481946,-0.007108542438887166,0.008496179226463455,-0.019558407274511157,-0.5981008357427786,0.5666666666666667,0.5637147089187128,0.5000000000000003,-0.8660254037844385,-0.8978045395707417,-0.44039415155763423,-0.9749279121818236,-0.2225209339563146
-0.009936816629341228,0.005857731891197042,-0.023107532677714412,-0.047931799961263906,-0.7906920312364287,0.5666666666666667,0.5638493648727502,0.5000000000000003,-0.8660254037844385,-0.9884683243281114,0.15142777750457667,0.7818314824680298,0.6234898018587336
-0.0013627386245921623,-0.04130880387110584,-0.024097601926137087,0.0022496853673741267,0.9055158108139644,0.5666666666666667,0.5638942501907627,0.5000000000000003,-0.8660254037844385,-0.9377521321470804,0.3473052528448203,0.9749279121818236,-0.22252093395631434
0.0004544525790474929,0.0,-0.023783880032376956,-0.0008993012283022484,0.4659196798731357,0.5666666666666667,0.5639391355087752,0.5000000000000003,-0.8660254037844385,-0.8486442574947509,0.5289640103269624,0.43388373911755823,-0.900968867902419
0.004080719847417438,-0.006543081894418604,0.008141171161800539,0.01650721577348443,-0.6641289247332145,0.5666666666666667,0.5639840208267876,0.5000000000000003,-0.8660254037844385,-0.7247927872291207,0.6889669190756859,-0.433883739117558,-0.9009688679024191
0.018382039301867163,0.03863139644591899,0.024472822152084253,0.0030925447274204832,-0.6150233641559723,0.5666666666666667,0.5640289061448001,0.5000000000000003,-0.8660254037844385,-0.5712682150947924,0.8207634412072763,-0.9749279121818236,-0.2225209339563146
-0.0004443558762732804,0.002103018140498745,0.04512040322418959,0.0,1.5324157626128276,0.5666666666666667,0.56420844741685,1.2246467991473532e-16,-1.0,0.20129852008866006,0.9795299412524945,0.9749279121818236,-0.22252093395631434
0.003549246132313044,-0.03201981227781753,-0.04380256045964151,0.002203095746024634,-0.1818529938294556,0.5666666666666667,0.5642533327348624,1.2246467991473532e-16,-1.0,0.39435585511331855,0.9189578116202306,0.43388373911755823,-0.900968867902419
-0.0035492461323130718,0.025274430375971633,-0.0026374245306307453,0.0013195817660826966,-0.4395406022704004,0.5666666666666667,0.564298218052875,1.2246467991473532e-16,-1.0,0.5712682150947923,0.8207634412072763,-0.433883739117558,-0.9009688679024191
0.0,-0.01448683889183126,0.010507967945603783,0.022170011533706686,-0.43362676555344604,0.5666666666666667,0.5643431033708874,1.2246467991473532e-16,-1.0,0.72479278722912,0.6889669190756866,-0.9749279121818236,-0.2225209339563146
0.0004443558762732182,0.004282678234058643,-0.019793866489832855,-0.000430024897300676,-0.6519483647477046,0.5666666666666667,0.5644777593249248,1.2246467991473532e-16,-1.0,0.9884683243281114,0.1514277775045767,0.7818314824680298,0.6234898018587336
0.01148423509280672,0.0,0.03019264647093714,-0.011680879532846026,1.0134812186742106,0.5666666666666667,0.5645226446429373,1.2246467991473532e-16,-1.0,0.9987165071710528,-0.05064916883871264,0.9749279121818236,-0.22252093395631434
-0.011928590969079961,-0.01811175356101133,-0.009528059057065752,-0.010059107103559799,-1.354401170142878,0.5666666666666667,0.5645675299609498,1.2246467991473532e-16,-1.0,0.9680771188662043,-0.2506525322587204,0.43388373911755823,-0.900968867902419
-0.022018403273011206,0.005208381541069537,0.005208381541069537,-0.011049836186584935,2.375176538076974,0.5666666666666667,0.5646124152789623,1.2246467991473532e-16,-1.0,0.8978045395707416,-0.4403941515576344,-0.433883739117558,-0.9009688679024191
0.022018403273011206,0.008620693785883168,-0.02631732483121422,0.016747820621440722,-0.8763771931388855,0.5666666666666667,0.5647919565510122,1.2246467991473532e-16,-1.0,0.29936312297335804,-0.9541392564000488,0.7818314824680298,0.6234898018587336
0.011049836186584935,-0.006458563773402851,0.021978906718775167,0.011731634222253949,-0.22491839189150056,0.5666666666666667,0.5648368418690247,1.2246467991473532e-16,-1.0,0.10116832198743272,-0.994869323391895,0.9749279121818236,-0.22252093395631434
0.005697984434855657,0.03605906629387654,0.0077956351479338964,0.03605906629387654,-1.2305896300141523,0.5666666666666667,0.5648817271870371,1.2246467991473532e-16,-1.0,-0.10116832198743204,-0.9948693233918952,0.43388373911755823,-0.900968867902419
-0.0008744447656074602,0.0,-0.013026721245268491,-0.00041676303706088616,0.17488319958832396,0.5666666666666667,0.5649266125050496,1.2246467991473532e-16,-1.0,-0.29936312297335776,-0.9541392564000489,-0.433883739117558,-0.9009688679024191
0.028037187221280326,0.08004270767353636,0.03942241878933379,0.06612644032091188,0.8117256781260979,0.5666666666666667,0.5649714978230621,1.2246467991473532e-16,-1.0,-0.4853019625310808,-0.8743466161445822,-0.9749279121818236,-0.2225209339563146
0.048567339115006276,-0.0038535840445509595,0.049590205419991505,-0.03211374015089483,0.8835532658721506,0.5666666666666667,0.5651061537770995,1.2246467991473532e-16,-1.0,-0.8978045395707417,-0.44039415155763423,0.7818314824680298,0.6234898018587336
-0.007320093851812859,-0.009699397232266765,-0.02060263649045911,0.029770009887278123,-1.287722105453499,0.5666666666666667,0.565151039095112,1.2246467991473532e-16,-1.0,-0.9680771188662041,-0.2506525322587213,0.9749279121818236,-0.22252093395631434
-0.0061412523559747296,0.06344144040373006,0.03054900843270227,0.06326669551071464,0.4972166170570858,0.5666666666666667,0.5651959244131245,1.2246467991473532e-16,-1.0,-0.9987165071710528,-0.05064916883871355,0.43388373911755823,-0.900968867902419
0.0605521634436404,0.004381198600932054,0.08314406976594267,-0.023399364952372614,0.4073898497114831,0.5666666666666667,0.565240809731137,1.2246467991473532e-16,-1.0,-0.9884683243281114,0.15142777750457667,-0.433883739117558,-0.9009688679024191
-0.03300889576176359,-0.05426965772784416,-0.08631615501335627,-0.023960114303917635,1.309798260519976,0.5666666666666667,0.5652856950491495,1.2246467991473532e-16,-1.0,-0.9377521321470804,0.3473052528448203,-0.9749279121818236,-0.2225209339563146
-0.0007993788354428702,0.005752637901697272,0.03779913518720938,-0.018648541458224102,-1.220203030181045,0.5666666666666667,0.5654203510031869,1.2246467991473532e-16,-1.0,-0.5712682150947924,0.8207634412072763,0.7818314824680298,0.6234898018587336
-0.04581581825183456,-0.005752637901697286,-0.005752637901697286,-0.05688162920352448,-0.228043253188729,0.5666666666666667,0.5654652363211994,1.2246467991473532e-16,-1.0,-0.3943558551133187,0.9189578116202306,0.9749279121818236,-0.22252093395631434
-0.022862935337366365,-0.06515407012430327,-0.10493326303672726,-0.004159755649971282,0.5613375620879191,0.5666666666666667,0.5655101216392119,1.2246467991473532e-16,-1.0,-0.20129852008866114,0.9795299412524943,0.43388373911755823,-0.900968867902419
-0.006444688894354428,-0.01697411218474555,-0.009010963427169864,-0.015543221011042531,-0.3764150629172527,0.5666666666666667,0.5655550069572244,-0.4999999999999997,-0.8660254037844388,0.20129852008866006,0.9795299412524945,-0.433883739117558,-0.9009688679024191
0.018364744125640507,0.0,0.018364744125640507,0.013874509412591052,-0.9807984035724123,0.5666666666666667,0.5655998922752368,-0.4999999999999997,-0.8660254037844388,0.39435585511331855,0.9189578116202306,-0.9749279121818236,-0.2225209339563146
-0.016211923649860252,0.0012517747975405702,-0.007646528256206216,-0.023659801210897544,0.6058815009937576,0.5666666666666667,0.5657794335472868,-0.4999999999999997,-0.8660254037844388,0.9377521321470804,0.3473052528448203,0.9749279121818236,-0.22252093395631434
-0.004310367979296288,-0.002505198237996617,-0.00641719959954752,-0.006433632366441223,0.1814584404915846,0.5666666666666667,0.5658243188652992,-0.4999999999999997,-0.8660254037844388,0.9884683243281114,0.1514277775045767,0.43388373911755823,-0.900968867902419
-0.02754656086031028,0.007911785236388802,0.02960050252047377,-0.01125066963457517,-1.287835571236982,0.5666666666666667,0.5658692041833117,-0.4999999999999997,-0.8660254037844388,0.9987165071710528,-0.05064916883871264,-0.433883739117558,-0.9009688679024191
0.010116942203200691,-0.036321585475000716,-0.053488684950986236,0.0008699634286304303,0.807163809282476,0.5666666666666667,0.5659140895013242,-0.4999999999999997,-0.8660254037844388,0.9680771188662043,-0.2506525322587204,-0.9749279121818236,-0.2225209339563146
-0.024022548712026418,-0.009073256469245797,-0.014165783259145715,-0.020202666699625643,0.27807619151099944,0.5666666666666667,0.5660487454553615,-0.4999999999999997,-0.8660254037844388,0.6513724827222223,-0.758758122692791,0.7818314824680298,0.6234898018587336
-0.025537159856283142,-0.008718484095579345,0.016361140360324065,-0.026068974278875463,-0.5732390231559077,0.5666666666666667,0.566093630773374,-0.4999999999999997,-0.8660254037844388,0.48530196253108104,-0.8743466161445821,0.9749279121818236,-0.22252093395631434
-0.030482999105226897,-0.03252865984339053,-0.03480935041506312,-0.025831670748531058,0.8408097551082054,0.5666666666666667,0.5661385160913865,-0.4999999999999997,-0.8660254037844388,0.29936312297335804,-0.9541392564000488,0.43388373911755823,-0.900968867902419
0.00047608802743336965,-0.01637097409045659,-0.01740772630957992,-0.008918178790418636,1.5370809428988097,0.5666666666666667,0.566183401409399,-0.4999999999999997,-0.8660254037844388,0.10116832198743272,-0.994869323391895,-0.433883739117558,-0.9009688679024191
-0.027015605954493628,-0.018093714868188095,-0.017245775039784816,-0.0066225120795017425,-2.6385269902987796,0.5666666666666667,0.5662282867274115,-0.4999999999999997,-0.8660254037844388,-0.10116832198743204,-0.9948693233918952,-0.9749279121818236,-0.2225209339563146
0.01937104674435756,0.008855738480028357,-0.015111262611517295,-0.0009496894479619175,0.25642575975542076,0.5666666666666667,0.5663629426814489,-0.4999999999999997,-0.8660254037844388,-0.6513724827222217,-0.7587581226927913,0.7818314824680298,0.6234898018587336
0.0028735396024572417,0.0,0.028189393024340696,-0.003807711714589665,0.2778132001019304,0.5666666666666667,0.5664078279994614,-0.4999999999999997,-0.8660254037844388,-0.7907757369376986,-0.6121059825476627,0.9749279121818236,-0.22252093395631434
-0.06418783481041734,-0.010730196162950576,-0.027282968976887787,-0.04736053861565452,0.4660990286378798,0.5666666666666667,0.5664527133174739,-0.4999999999999997,-0.8660254037844388,-0.8978045395707417,-0.44039415155763423,0.43388373911755823,-0.900968867902419
-0.005625205763059252,-0.008478633413372362,-0.04636101541725292,0.03198302737994031,-0.44397400676665844,0.5666666666666667,0.5664975986354863,-0.4999999999999997,-0.8660254037844388,-0.9680771188662041,-0.2506525322587213,-0.433883739117558,-0.9009688679024191
0.024817671492790797,-0.001893893009055644,0.006472472708799203,-0.018080088352689785,-1.4010034963356885,0.5666666666666667,0.5665424839534988,-0.4999999999999997,-0.8660254037844388,-0.9987165071710528,-0.05064916883871355,-0.9749279121818236,-0.2225209339563146
-0.019192465729731534,-0.02107360225532967,0.01770831378262145,-0.01090745667046432,0.37276260580063825,0.5666666666666667,0.5666771399075363,-0.4999999999999997,-0.8660254037844388,-0.8486442574947509,0.5289640103269624,0.7818314824680298,0.6234898018587336
-0.145771792495125,-0.010216536509462179,-0.025180309689822156,-0.15439990544809565,2.1154473554077584,0.5666666666666667,0.5667220252255487,-0.4999999999999997,-0.8660254037844388,-0.7247927872291207,0.6889669190756859,0.9749279121818236,-0.22252093395631434
-0.2077755328535233,-0.17890443397957773,-0.15665378773720595,-0.17017920103615297,1.5048001718105997,0.5666666666666667,0.5667669105435612,-0.4999999999999997,-0.8660254037844388,-0.5712682150947924,0.8207634412072763,0.43388373911755823,-0.900968867902419
-0.05754298852257529,-0.16217501633499992,-0.16492983639025638,-0.06923922697988605,-1.430008576388229,0.5666666666666667,0.5668117958615737,-0.4999999999999997,-0.8660254037844388,-0.3943558551133187,0.9189578116202306,-0.433883739117558,-0.9009688679024191
0.027315784949151645,0.03580252290606921,-0.053837379290392284,0.07748102404729354,0.16842186956963617,0.5666666666666667,0.5668566811795862,-0.4999999999999997,-0.8660254037844388,-0.20129852008866114,0.9795299412524943,-0.9749279121818236,-0.2225209339563146
0.08188350701584031,-0.0013279885195568919,0.05521577078693671,0.007495752903638698,0.14666599835033384,0.5666666666666667,0.5669913371336236,-0.8660254037844385,-0.5000000000000004,0.39435585511331855,0.9189578116202306,0.7818314824680298,0.6234898018587336
-0.08939664740773882,-0.03035644902594366,0.004809332070009689,-0.055123824166825985,-0.2897930906262847,0.5666666666666667,0.5670362224516361,-0.8660254037844385,-0.5000000000000004,0.5712682150947923,0.8207634412072763,0.9749279121818236,-0.22252093395631434
0.018678166894978074,-0.04196422522709528,-0.07321205953564949,-0.012270029246636914,-1.4312787021775202,0.5666666666666667,0.5670811077696486,-0.8660254037844385,-0.5000000000000004,0.72479278722912,0.6889669190756866,0.43388373911755823,-0.900968867902419
-0.011165026503079606,-0.017291480476206843,0.011730328303046744,-0.02054369273122573,1.3790932785839298,0.5666666666666667,0.5671259930876611,-0.8660254037844385,-0.5000000000000004,0.8486442574947509,0.5289640103269624,-0.433883739117558,-0.9009688679024191
-0.15253018798878082,-0.03325018520560839,-0.03033897782703671,-0.14492720041680862,-0.3506070935533056,0.5666666666666667,0.5671708784056736,-0.8660254037844385,-0.5000000000000004,0.9377521321470804,0.3473052528448203,-0.9749279121818236,-0.2225209339563146
0.024118286168260398,-0.0953101798043249,-0.10360901414544316,0.027885196951922615,-0.6249363009577857,0.5666666666666667,0.567305534359711,-0.8660254037844385,-0.5000000000000004,0.9680771188662043,-0.2506525322587204,0.7818314824680298,0.6234898018587336
-0.02586352724798608,0.05389322176213149,-0.00626959701905776,0.0559075988715736,0.9522778392329599,0.5666666666666667,0.5673504196777235,-0.8660254037844385,-0.5000000000000004,0.8978045395707416,-0.4403941515576344,0.9749279121818236,-0.22252093395631434
0.03518165127944148,0.013997067525735749,0.0071026023805543315,-0.0031570636417548553,-1.9103405915100682,0.5666666666666667,0.567395304995736,-0.8660254037844385,-0.5000000000000004,0.7907757369376989,-0.6121059825476626,0.43388373911755823,-0.900968867902419
0.03480053635235579,0.0349049124979369,0.04078868762523287,-0.010329782783273829,1.69455547619713,0.5666666666666667,0.5674401903137484,-0.8660254037844385,-0.5000000000000004,0.6513724827222223,-0.758758122692791,-0.433883739117558,-0.9009688679024191
0.006493523278643216,-0.04811925785980708,0.011919061888544418,0.0,-0.6006600714569925,0.5666666666666667,0.5674850756317609,-0.8660254037844385,-0.5000000000000004,0.48530196253108104,-0.8743466161445821,-0.9749279121818236,-0.2225209339563146
0.03419818835556652,0.08544523233204492,0.010997781163458543,0.07090790163897705,-0.5188478294572209,0.5666666666666667,0.5676197315857984,-0.8660254037844385,-0.5000000000000004,-0.10116832198743204,-0.9948693233918952,0.7818314824680298,0.6234898018587336
0.008563669188140378,0.0057306692280980846,0.051761885698698454,-0.03251699375634653,1.3134890908995445,0.5666666666666667,0.5676646169038108,-0.8660254037844385,-0.5000000000000004,-0.29936312297335776,-0.9541392564000489,0.9749279121818236,-0.22252093395631434
-0.03149863748807392,0.0134801319853957,-0.05646043934702113,0.04140600334025738,-2.3225965811449,0.5666666666666667,0.5677095022218233,-0.8660254037844385,-0.5000000000000004,-0.4853019625310808,-0.8743466161445822,0.43388373911755823,-0.900968867902419
-0.01369333331967045,-0.0358718529516265,0.07191897647061785,-0.0821960076451542,1.432855252309164,0.5666666666666667,0.5677543875398358,-0.8660254037844385,-0.5000000000000004,-0.6513724827222217,-0.7587581226927913,-0.433883739117558,-0.9009688679024191
0.012892994823694099,0.06298511269870362,-0.08535261032497707,0.016673672633773198,0.8017024883876229,0.5666666666666667,0.5677992728578483,-0.8660254037844385,-0.5000000000000004,-0.7907757369376986,-0.6121059825476627,-0.9749279121818236,-0.2225209339563146
0.0315235377736307,-0.08141541747420884,0.0669223055494717,0.04239557398617887,-2.2219097854535486,0.5666666666666667,0.5679339288118856,-0.8660254037844385,-0.5000000000000004,-0.9987165071710528,-0.05064916883871355,0.7818314824680298,0.6234898018587336
0.0007754382104196469,0.04082202574173622,0.04082202574173622,-0.025995359393036526,-0.42199441005937505,0.5666666666666667,0.5679788141298981,-0.8660254037844385,-0.5000000000000004,-0.9884683243281114,0.15142777750457667,0.9749279121818236,-0.22252093395631434
-0.00232826908036237,-0.007168516922478154,-0.08415831689929162,0.03725248544978057,-0.16104942151841498,0.5666666666666667,0.5680236994479106,-0.8660254037844385,-0.5000000000000004,-0.9377521321470804,0.3473052528448203,0.43388373911755823,-0.900968867902419
-0.004672864050361494,-0.03514267546415202,0.03128484855042016,-0.03261565957243417,0.4861476953556181,0.5666666666666667,0.5680685847659231,-0.8660254037844385,-0.5000000000000004,-0.8486442574947509,0.5289640103269624,-0.433883739117558,-0.9009688679024191
-0.004694877061170422,-0.004480994817940142,-0.035957712600781566,-0.017107747312105938,0.9344570504822124,0.5666666666666667,0.5681134700839355,-0.8660254037844385,-0.5000000000000004,-0.7247927872291207,0.6889669190756859,-0.9749279121818236,-0.2225209339563146
-0.05149974238978596,-0.03736612969472142,0.004672864050361467,-0.04000533461369913,1.1076073515492817,0.5666666666666667,0.568248126037973,-0.8660254037844385,-0.5000000000000004,-0.20129852008866114,0.9795299412524943,0.7818314824680298,0.6234898018587336
-0.009958579264620671,-0.009367741111531847,-0.06169352858684841,0.034500036085834185,0.17262500869036515,0.5666666666666667,0.5682930113559855,-0.8660254037844385,-0.5000000000000004,-2.4492935982947064e-16,1.0,0.9749279121818236,-0.22252093395631434
0.0033305578396502613,0.0834756973865603,0.03412191810542689,-0.03859003697136464,-0.4809076518032425,0.5666666666666667,0.5683378966739979,-1.0,-1.8369701987210297e-16,0.20129852008866006,0.9795299412524945,0.43388373911755823,-0.900968867902419
-0.020151796475935516,-0.10969888634283302,-0.02507211098769186,-0.01569628095570861,0.11499535789291654,0.5666666666666667,0.5683827819920104,-1.0,-1.8369701987210297e-16,0.39435585511331855,0.9189578116202306,-0.433883739117558,-0.9009688679024191
0.005076188458934541,-0.01787214654295686,-0.01568332405629258,-0.0008330053614967008,-0.9229891821662287,0.5666666666666667,0.5684276673100229,-1.0,-1.8369701987210297e-16,0.5712682150947923,0.8207634412072763,-0.9749279121818236,-0.2225209339563146
-0.005924744217217743,0.024292708203049948,-0.020168811635100963,0.024692628097270908,0.27085827623642034,0.5666666666666667,0.5686072085820728,-1.0,-1.8369701987210297e-16,0.9884683243281114,0.1514277775045767,0.9749279121818236,-0.22252093395631434
0.039938793621596566,0.08434117648299506,0.039938793621596566,0.04917722637428878,1.31571839568539,0.5666666666666667,0.5686520939000853,-1.0,-1.8369701987210297e-16,0.9987165071710528,-0.05064916883871264,0.43388373911755823,-0.900968867902419
0.0391893224273785,-0.0022083694334767883,0.06014472276186611,0.03124062420758066,-0.5736402722328598,0.5666666666666667,0.5686969792180978,-1.0,-1.8369701987210297e-16,0.9680771188662043,-0.2506525322587204,-0.433883739117558,-0.9009688679024191
0.06159304185299809,0.10085520953622004,0.04505262038002677,0.08206043063021227,0.12090874770247112,0.5666666666666667,0.5687418645361103,-1.0,-1.8369701987210297e-16,0.8978045395707416,-0.4403941515576344,-0.9749279121818236,-0.2225209339563146
0.06702433596909532,0.13909548258337506,0.06260935710757927,0.14572349229122636,0.6757786680125467,0.5666666666666667,0.5688765204901477,-1.0,-1.8369701987210297e-16,0.48530196253108104,-0.8743466161445821,0.7818314824680298,0.6234898018587336
0.12191237776314315,-0.026433302481219292,0.1370595933132793,-0.002991281716177047,-0.30079680508613627,0.5666666666666667,0.5689214058081602,-1.0,-1.8369701987210297e-16,0.29936312297335804,-0.9541392564000488,0.9749279121818236,-0.22252093395631434
-0.0234723049498906,-0.0005953153785690693,0.00957528287777225,0.0005989954353034453,-1.4196536957283679,0.5666666666666667,0.5689662911261727,-1.0,-1.8369701987210297e-16,0.10116832198743272,-0.994869323391895,0.43388373911755823,-0.900968867902419
-0.03497973124132544,0.011252628306629155,0.009484353220055076,-0.05223924071692562,1.1800617626783383,0.5666666666666667,0.5690111764441852,-1.0,-1.8369701987210297e-16,-0.10116832198743204,-0.9948693233918952,-0.433883739117558,-0.9009688679024191
-0.009756150133735163,0.0011771901320065097,-0.071841494592275,-0.0063291591191378515,0.4904534169649875,0.5666666666666667,0.5690560617621976,-1.0,-1.8369701987210297e-16,-0.29936312297335776,-0.9541392564000489,-0.9749279121818236,-0.2225209339563146
-0.04136679688981036,-0.07891588936048946,-0.004128929549633829,-0.054808246728924745,-0.49147632344986003,0.5666666666666667,0.5691907177162351,-1.0,-1.8369701987210297e-16,-0.7907757369376986,-0.6121059825476627,0.7818314824680298,0.6234898018587336
-0.041730698663617984,-0.0630543719098978,-0.07122323184134804,-0.021695745549634476,0.274147894751103,0.5666666666666667,0.5692356030342476,-1.0,-1.8369701987210297e-16,-0.8978045395707417,-0.44039415155763423,0.9749279121818236,-0.22252093395631434
0.03077169561178105,0.028076715603876746,-0.007547181931305387,0.0356819901894602,-0.5354842246308166,0.5666666666666667,0.56928048835226,-1.0,-1.8369701987210297e-16,-0.9680771188662041,-0.2506525322587213,0.43388373911755823,-0.900968867902419
0.01163992069792682,-0.0033014352071624076,0.01163992069792682,-0.007968162080333081,-1.7621135172195812,0.5666666666666667,0.5693253736702725,-1.0,-1.8369701987210297e-16,-0.9987165071710528,-0.05064916883871355,-0.433883739117558,-0.9009688679024191
-0.02900749805351185,-0.002649005662013365,-0.02900749805351185,0.0,1.3592813352459283,0.5666666666666667,0.569370258988285,-1.0,-1.8369701987210297e-16,-0.9884683243281114,0.15142777750457667,-0.9749279121818236,-0.2225209339563146
-0.0028070836346435223,-0.0019913536522323375,-0.0028070836346435223,-0.013423007444650008,-0.4183335885727946,0.5666666666666667,0.5695049149423224,-1.0,-1.8369701987210297e-16,-0.7247927872291207,0.6889669190756859,0.7818314824680298,0.6234898018587336
0.03792251752030901,0.01778114052405749,0.05269782116936546,0.015420992340935078,0.15969306883954798,0.5666666666666667,0.5695498002603349,-1.0,-1.8369701987210297e-16,-0.5712682150947924,0.8207634412072763,0.9749279121818236,-0.22252093395631434
-0.002031814667324886,0.03590131863324175,-0.013423007444650008,-0.003332238467744764,-0.23881786174456876,0.5666666666666667,0.5695946855783474,-1.0,-1.8369701987210297e-16,-0.3943558551133187,0.9189578116202306,0.43388373911755823,-0.900968867902419
-0.025404722534589023,-0.025511624435312606,-0.004062322424309712,-0.02227563810656363,1.1711114144402213,0.5666666666666667,0.5696395708963599,-1.0,-1.8369701987210297e-16,-0.20129852008866114,0.9795299412524943,-0.433883739117558,-0.9009688679024191
0.02200912055828987,-0.022208567904445555,-0.002717390423720679,0.008157818111902202,0.19555251501557336,0.5666666666666667,0.5696844562143724,-0.866025403784439,0.49999999999999933,0.20129852008866006,0.9795299412524945,-0.9749279121818236,-0.2225209339563146
-0.010944011327744627,0.006583264554168489,-0.002724794759475359,-0.01020768104215273,0.3029895360795282,0.5666666666666667,0.5698191121684097,-0.866025403784439,0.49999999999999933,0.72479278722912,0.6889669190756866,0.7818314824680298,0.6234898018587336
0.008219216568269261,-0.011881285005265156,0.020257289046208105,0.025659754608273827,-0.9295800399565967,0.5666666666666667,0.5698639974864222,-0.866025403784439,0.49999999999999933,0.8486442574947509,0.5289640103269624,0.9749279121818236,-0.22252093395631434
0.010854913225728175,-0.003992049132531713,-0.009402375820479831,-0.0053476012130601,-1.7477687092654068,0.5666666666666667,0.5699088828044347,-0.866025403784439,0.49999999999999933,0.9377521321470804,0.3473052528448203,0.43388373911755823,-0.900968867902419
-0.003379471739693634,0.0,0.012072601826427531,0.0013395517287271479,1.2800360694376747,0.5666666666666667,0.5699537681224471,-0.866025403784439,0.49999999999999933,0.9884683243281114,0.1514277775045767,-0.433883739117558,-0.9009688679024191
-0.07010578155197697,-0.003338914023699601,-0.0040080494843330395,-0.043782601013913285,-0.44225471331515726,0.5666666666666667,0.5699986534404596,-0.866025403784439,0.49999999999999933,0.9987165071710528,-0.05064916883871264,-0.9749279121818236,-0.2225209339563146
0.03776720461985174,0.0,-0.043782601013913285,0.030983532181864972,0.24058327231624052,0.5666666666666667,0.5701333093944971,-0.866025403784439,0.49999999999999933,0.7907757369376989,-0.6121059825476626,0.7818314824680298,0.6234898018587336
-0.007722089003309558,0.0026720097670272615,0.047123746241573956,-0.03870562118517461,-1.0296443918942624,0.5666666666666667,0.5701781947125095,-0.866025403784439,0.49999999999999933,0.6513724827222223,-0.758758122692791,0.9749279121818236,-0.22252093395631434
-0.07992520227372238,-0.009383405908632517,-0.01546246216631202,-0.07232064645793995,1.7507432056445371,0.5666666666666667,0.570223080030522,-0.866025403784439,0.49999999999999933,0.48530196253108104,-0.8743466161445821,0.43388373911755823,-0.900968867902419
-0.07528312093706027,-0.1162690363145145,-0.11587934167321506,-0.05448817083445874,0.6721082395079067,0.5666666666666667,0.5702679653485345,-0.866025403784439,0.49999999999999933,0.29936312297335804,-0.9541392564000488,-0.433883739117558,-0.9009688679024191
0.009012810787185046,-0.012942706237990221,-0.06969954382895402,0.03922071315328133,1.231494475616366,0.5666666666666667,0.570312850666547,-0.866025403784439,0.49999999999999933,0.10116832198743272,-0.994869323391895,-0.9749279121818236,-0.2225209339563146
0.01054777417365936,0.0076335812302677835,0.07007978043761187,-0.04162357635589431,-2.4584546351731578,0.5666666666666667,0.5704475066205844,-0.866025403784439,0.49999999999999933,-0.4853019625310808,-0.8743466161445822,0.7818314824680298,0.6234898018587336
-0.036158460934272926,-0.042724885381861505,-0.050693085306413005,-0.03841913131764214,0.541232295133058,0.5666666666666667,0.5704923919385969,-0.866025403784439,0.49999999999999933,-0.6513724827222217,-0.7587581226927913,0.9749279121818236,-0.22252093395631434
-0.02972613141880339,-0.056318473677344015,-0.04919027624705185,-0.021904854883947514,0.26856226670797856,0.5666666666666667,0.5705372772566094,-0.866025403784439,0.49999999999999933,-0.7907757369376986,-0.6121059825476627,0.43388373911755823,-0.900968867902419
0.07472351331061577,0.1400174483563633,0.049190276247051835,0.10884679667458466,1.3986046477118823,0.5666666666666667,0.5705821625746219,-0.866025403784439,0.49999999999999933,-0.8978045395707417,-0.44039415155763423,-0.433883739117558,-0.9009688679024191
0.024497504357350125,-0.014706133467442603,0.024497504357350125,-0.004594220935269002,-1.23344020781013,0.5666666666666667,0.5706270478926344,-0.866025403784439,0.49999999999999933,-0.9680771188662041,-0.2506525322587213,-0.9749279121818236,-0.2225209339563146
-0.004694877061170422,-0.02702864625985619,0.02391162612770636,-0.021723099038933207,-0.5263962930330911,0.5666666666666667,0.5707617038466718,-0.866025403784439,0.49999999999999933,-0.9377521321470804,0.3473052528448203,0.7818314824680298,0.6234898018587336
-0.003929293158382831,0.030725522217555958,0.00985977763891926,0.04148059825036715,1.3695131075057114,0.5666666666666667,0.5708065891646843,-0.866025403784439,0.49999999999999933,-0.8486442574947509,0.5289640103269624,0.9749279121818236,-0.22252093395631434
0.017174525813507563,-0.007407469535266164,0.007518860988538249,-0.022062512393265583,0.934478191649602,0.5666666666666667,0.5708514744826968,-0.866025403784439,0.49999999999999933,-0.7247927872291207,0.6889669190756859,0.43388373911755823,-0.900968867902419
-0.005432663231971488,0.023513254117294904,-0.02272826503636881,0.04364875905090257,-0.6508410184751753,0.5666666666666667,0.5708963598007092,-0.866025403784439,0.49999999999999933,-0.5712682150947924,0.8207634412072763,-0.433883739117558,-0.9009688679024191
0.028387013594802432,-0.00728868966713133,0.012942706237990147,-0.013716579341648102,-1.4972455221712464,0.5666666666666667,0.5709412451187217,-0.866025403784439,0.49999999999999933,-0.3943558551133187,0.9189578116202306,-0.9749279121818236,-0.2225209339563146
0.009785558798378547,0.05549074504181592,0.0187341556238466,0.05483305995946397,0.43921206471476104,0.5666666666666667,0.5710759010727592,-0.5000000000000012,0.8660254037844379,0.20129852008866006,0.9795299412524945,0.7818314824680298,0.6234898018587336
0.030975932563342613,-0.011134412086507775,0.05277694092894491,-0.009229682873050316,-0.2499832142022642,0.5666666666666667,0.5711207863907716,-0.5000000000000012,0.8660254037844379,0.39435585511331855,0.9189578116202306,0.9749279121818236,-0.22252093395631434
-0.0014535218715317525,-0.0014005257048005611,0.004917512392305858,-0.008596101564424193,-0.5187528643404667,0.5666666666666667,0.5711656717087841,-0.5000000000000012,0.8660254037844379,0.5712682150947923,0.8207634412072763,0.43388373911755823,-0.900968867902419
-0.05148466813438013,-0.0169615884858208,-0.019102133952229535,0.009309062388886997,0.3222525196677909,0.5666666666666667,0.5712105570267966,-0.5000000000000012,0.8660254037844379,0.72479278722912,0.6889669190756866,-0.433883739117558,-0.9009688679024191
0.03904396053423894,0.009929184005109708,0.012069729471518567,0.0035574702296248453,-0.6115102311419505,0.5666666666666667,0.5712554423448091,-0.5000000000000012,0.8660254037844379,0.8486442574947509,0.5289640103269624,-0.9749279121818236,-0.2225209339563146
0.026881378082185325,0.009132491517186795,-0.015647564492152627,0.008486605863890113,0.8662691990814392,0.5666666666666667,0.5713900982988465,-0.5000000000000012,0.8660254037844379,0.9987165071710528,-0.05064916883871264,0.7818314824680298,0.6234898018587336
-0.016624852834144346,-0.003502643889304294,-0.016624852834144346,-0.004941746379601403,-1.1680163833306392,0.5666666666666667,0.571434983616859,-0.5000000000000012,0.8660254037844379,0.9680771188662043,-0.2506525322587204,0.9749279121818236,-0.22252093395631434
0.013753353205217205,0.055949085673194794,0.014472018626680403,0.06440578759227329,2.0390553686730244,0.5666666666666667,0.5714798689348715,-0.5000000000000012,0.8660254037844379,0.8978045395707416,-0.4403941515576344,0.43388373911755823,-0.900968867902419
0.139980727274084,0.20506473969642477,0.1700337205193744,0.170417383746738,1.0085540148898555,0.5666666666666667,0.571524754252884,-0.5000000000000012,0.8660254037844379,0.7907757369376989,-0.6121059825476626,-0.433883739117558,-0.9009688679024191
0.08961215868968714,-0.02241142424214504,0.06397018651762709,-0.002801971217393941,-1.087424711140568,0.5666666666666667,0.5715696395708963,-0.5000000000000012,0.8660254037844379,0.6513724827222223,-0.758758122692791,-0.9749279121818236,-0.2225209339563146
0.006266076238019039,0.004962797693545162,0.02248546781555394,0.02000070061848087,-0.4060515710485626,0.5666666666666667,0.5717042955249338,-0.5000000000000012,0.8660254037844379,0.10116832198743272,-0.994869323391895,0.7818314824680298,0.6234898018587336
0.0017020588107285537,-0.0011007407649489295,-0.01851384870421287,-0.007176463024903941,-0.14731537068991749,0.5666666666666667,0.5717491808429463,-0.5000000000000012,0.8660254037844379,-0.10116832198743204,-0.9948693233918952,0.9749279121818236,-0.22252093395631434
0.01853464660659392,0.004943715257770103,0.030119449466995962,0.0,0.39512565990472254,0.5666666666666667,0.5717940661609587,-0.5000000000000012,0.8660254037844379,-0.29936312297335776,-0.9541392564000489,0.43388373911755823,-0.900968867902419
-0.015704124223313333,0.0027359381281934782,-0.02842209764100242,0.003870704419365854,-0.6975745665487091,0.5666666666666667,0.5718389514789712,-0.5000000000000012,0.8660254037844379,-0.4853019625310808,-0.8743466161445822,-0.433883739117558,-0.9009688679024191
0.0061988760747749335,-0.0126479304410893,0.010683184446879448,-0.0055340693468601985,-0.7074499464465648,0.5666666666666667,0.5718838367969837,-0.5000000000000012,0.8660254037844379,-0.6513724827222217,-0.7587581226927913,-0.9749279121818236,-0.2225209339563146
-0.028491957033085696,0.002211217882177617,-0.019198683667798592,-0.006123070030364178,0.5900057728657456,0.5666666666666667,0.5720184927510211,-0.5000000000000012,0.8660254037844379,-0.9680771188662041,-0.2506525322587213,0.7818314824680298,0.6234898018587336
0.016624110020976177,0.0011036728792138668,0.01471437529569402,0.012208770924078986,-0.2299327272291524,0.5666666666666667,0.5720633780690336,-0.5000000000000012,0.8660254037844379,-0.9987165071710528,-0.05064916883871355,0.9749279121818236,-0.22252093395631434
0.009054948497262806,0.01097107921237311,0.008391743001606168,0.01097107921237311,-0.28550259806104716,0.5666666666666667,0.5721082633870461,-0.5000000000000012,0.8660254037844379,-0.9884683243281114,0.15142777750457667,0.43388373911755823,-0.900968867902419
0.017978291107271643,0.038528003834025076,0.007769150404256493,0.03484671137420019,-0.5174983298887315,0.5666666666666667,0.5721980340230711,-0.5000000000000012,0.8660254037844379,-0.8486442574947509,0.5289640103269624,-0.9749279121818236,-0.2225209339563146
-0.025329138891072793,0.03557996088711687,0.0,-0.041964133061070115,1.2010676162974543,0.5666666666666667,0.5723326899771085,-0.5000000000000012,0.8660254037844379,-0.3943558551133187,0.9189578116202306,0.7818314824680298,0.6234898018587336
0.01240846756737267,-0.07301742712139098,-0.013355778245633228,-0.011049878106334215,-1.2113266217602119,0.5666666666666667,0.572377575295121,-0.5000000000000012,0.8660254037844379,-0.20129852008866114,0.9795299412524943,0.9749279121818236,-0.22252093395631434
-0.0022447212687246683,0.0,0.027626065692619203,0.0016653174025607152,0.8928283345149455,0.5666666666666667,0.5724224606131335,-2.4492935982947064e-16,1.0,0.20129852008866006,0.9795299412524945,0.43388373911755823,-0.900968867902419
-0.00281289851484675,-0.019257837392955376,-0.0332440793676952,-0.004446917860847666,-0.7763555930432446,0.5666666666666667,0.572467345931146,-2.4492935982947064e-16,1.0,0.39435585511331855,0.9189578116202306,-0.433883739117558,-0.9009688679024191
-0.006216499943208919,0.0,0.01398624197473987,-0.013460757338639027,0.2939518135076527,0.5666666666666667,0.5725122312491584,-2.4492935982947064e-16,1.0,0.5712682150947923,0.8207634412072763,-0.9749279121818236,-0.2225209339563146
-0.06862851347934838,-0.017372219534668096,-0.017372219534668096,-0.04150447788695997,0.3584831983273818,0.5666666666666667,0.5726468872031959,-2.4492935982947064e-16,1.0,0.9377521321470804,0.3473052528448203,0.7818314824680298,0.6234898018587336
-0.0264548429827362,-0.03802300336714075,-0.03802300336714075,-0.05567076145326096,0.5103589231317425,0.5666666666666667,0.5726917725212084,-2.4492935982947064e-16,1.0,0.9884683243281114,0.1514277775045767,0.9749279121818236,-0.22252093395631434
-0.011916135125351437,-0.029799581622070682,-0.05864485972963968,-0.003116190544293624,-0.729555623959246,0.5666666666666667,0.5727366578392208,-2.4492935982947064e-16,1.0,0.9987165071710528,-0.05064916883871264,0.43388373911755823,-0.900968867902419
-0.028802039741958253,0.035070466361952095,0.0024876204194728023,0.05524924395605988,0.8287497972460369,0.5666666666666667,0.5727815431572333,-2.4492935982947064e-16,1.0,0.9680771188662043,-0.2506525322587204,-0.433883739117558,-0.9009688679024191
0.06717301785004594,0.015072651815700434,0.05085842506614268,0.026232857379153745,-1.8316655446638874,0.5666666666666667,0.5728264284752458,-2.4492935982947064e-16,1.0,0.8978045395707416,-0.4403941515576344,-0.9749279121818236,-0.2225209339563146
0.04858785014759362,0.010872813279928579,0.027941255053700608,0.005737272489598274,-0.03924389063095468,0.5666666666666667,0.5729610844292832,-2.4492935982947064e-16,1.0,0.48530196253108104,-0.8743466161445821,0.7818314824680298,0.6234898018587336
0.008064524394119066,0.0034090639773364335,0.0034383682355037613,0.0005719319045345556,-0.5884899704671285,0.5666666666666667,0.5730059697472957,-2.4492935982947064e-16,1.0,0.29936312297335804,-0.9541392564000488,0.9749279121818236,-0.22252093395631434
-0.025567954828301362,-0.006829789437949638,0.001200646726768541,-0.021381856209833294,1.9150318748972277,0.5666666666666667,0.5730508550653082,-2.4492935982947064e-16,1.0,0.10116832198743272,-0.994869323391895,0.43388373911755823,-0.900968867902419
-0.0023570433746432384,-0.012643806722791901,-0.029044646710088464,-0.009979540896601875,-0.1882995129026174,0.5666666666666667,0.5730957403833207,-2.4492935982947064e-16,1.0,-0.10116832198743204,-0.9948693233918952,-0.433883739117558,-0.9009688679024191
-0.0011806646668514559,-0.0023162091690923613,0.0,0.011146998722221592,-0.8266188155705257,0.5666666666666667,0.5731406257013332,-2.4492935982947064e-16,1.0,-0.29936312297335776,-0.9541392564000489,-0.9749279121818236,-0.2225209339563146
-0.022097097463526928,-0.018134422727037212,-0.011834503060066504,-0.026006112452151453,0.8344555825225402,0.5666666666666667,0.5732752816553706,-2.4492935982947064e-16,1.0,-0.7907757369376986,-0.6121059825476627,0.7818314824680298,0.6234898018587336
-0.010929089517585146,-0.007109084349155254,-0.021661418882859624,-0.0023981375279459893,0.22721233423913123,0.5666666666666667,0.5733201669733831,-2.4492935982947064e-16,1.0,-0.8978045395707417,-0.44039415155763423,0.9749279121818236,-0.22252093395631434
-0.017863056701980948,-0.01015844288581848,0.012692771402068138,-0.03419133189557065,-0.9991631604912844,0.5666666666666667,0.5733650522913956,-2.4492935982947064e-16,1.0,-0.9680771188662041,-0.2506525322587213,0.43388373911755823,-0.900968867902419
-0.005609248247909652,-0.013301242891879329,-0.013301242891879329,-0.005605754379385998,0.1738046667759034,0.5666666666666667,0.573409937609408,-2.4492935982947064e-16,1.0,-0.9987165071710528,-0.05064916883871355,-0.433883739117558,-0.9009688679024191
-0.004384579160524751,0.006068002748806503,0.006068002748806503,-0.0006248190650216568,0.4117648428990268,0.5666666666666667,0.573589478881458,-2.4492935982947064e-16,1.0,-0.7247927872291207,0.6889669190756859,0.7818314824680298,0.6234898018587336
-0.00629727400591538,-0.017699632732462455,-0.03885786813790626,0.011805078436643832,-0.21865287055039162,0.5666666666666667,0.5736343641994703,-2.4492935982947064e-16,1.0,-0.5712682150947924,0.8207634412072763,0.9749279121818236,-0.22252093395631434
0.010681853166440157,0.008583706549849173,0.007518884980345171,0.005543602075210697,0.10188151738891756,0.5666666666666667,0.5736792495174828,-2.4492935982947064e-16,1.0,-0.3943558551133187,0.9189578116202306,0.43388373911755823,-0.900968867902419
0.006851512835604004,0.06327866518022209,0.005602264860661147,0.05729484920770253,0.17359738929545612,0.5666666666666667,0.5737241348354953,-2.4492935982947064e-16,1.0,-0.20129852008866114,0.9795299412524943,-0.433883739117558,-0.9009688679024191
0.04312840132579117,-0.002869508072958211,0.07702994922155026,0.0005798915180305035,-1.011114940123231,0.5666666666666667,0.5737690201535078,-2.4492935982947064e-16,1.0,-2.4492935982947064e-16,1.0,-0.9749279121818236,-0.2225209339563146
-0.02224311281049844,-0.02384526208465694,-0.04526194155712757,-0.046271640978501186,0.5568505820163481,0.5833333333333334,0.5739036761075452,0.49999999999999994,0.8660254037844387,0.5712682150947923,0.8207634412072763,0.7818314824680298,0.6234898018587336
-0.006709424820516874,-0.017216157104573186,0.004200522367897412,0.008464457872365418,0.3977460202002943,0.5833333333333334,0.5739485614255577,0.49999999999999994,0.8660254037844387,0.72479278722912,0.6889669190756866,0.9749279121818236,-0.22252093395631434
-0.004907980574122873,0.010128181197259497,-0.016299814484227088,-0.02129684217519498,-1.0247282125396577,0.5833333333333334,0.5739934467435702,0.49999999999999994,0.8660254037844387,0.8486442574947509,0.5289640103269624,0.43388373911755823,-0.900968867902419
-0.0030798389276248898,0.0005332822256306448,0.02696127790711731,0.014652262710496907,0.4432973712906499,0.5833333333333334,0.5740383320615827,0.49999999999999994,0.8660254037844387,0.9377521321470804,0.3473052528448203,-0.433883739117558,-0.9009688679024191
0.016519217435990195,0.011837955362969388,-0.023922731826192385,0.03454780298703022,-0.2581670117405392,0.5833333333333334,0.5740832173795952,0.49999999999999994,0.8660254037844387,0.9884683243281114,0.1514277775045767,-0.9749279121818236,-0.2225209339563146
-0.16666800210977897,-0.033941912098304196,0.00121288420213145,-0.16721378253476857,3.34107099953435,0.5833333333333334,0.5742178733336326,0.49999999999999994,0.8660254037844387,0.8978045395707416,-0.4403941515576344,0.7818314824680298,0.6234898018587336
-0.05829758029227794,-0.10596638085835561,-0.1053604899696296,-0.07693333810558134,-0.5520586285278463,0.5833333333333334,0.5742627586516451,0.49999999999999994,0.8660254037844387,0.7907757369376989,-0.6121059825476626,0.9749279121818236,-0.22252093395631434
-0.019954632506017204,-0.06971463076061767,-0.11249400809665785,-0.013544248110501055,-0.31024625787961746,0.5833333333333334,0.5743076439696576,0.49999999999999994,0.8660254037844387,0.6513724827222223,-0.758758122692791,0.43388373911755823,-0.900968867902419
-0.0015515522349574427,-0.05262422099176006,-0.02055652537871082,-0.022989533346384886,-1.3456004909180304,0.5833333333333334,0.57435252928767,0.49999999999999994,0.8660254037844387,0.48530196253108104,-0.8743466161445821,-0.433883739117558,-0.9009688679024191
-0.045263755277544955,-0.023095729038920397,-0.019418085857101627,-0.03149863748807392,0.46280775563340065,0.5833333333333334,0.5743974146056825,0.49999999999999994,0.8660254037844387,0.29936312297335804,-0.9541392564000488,-0.9749279121818236,-0.2225209339563146
0.0,0.07932350254717335,-0.019802627296179754,0.08581064801069387,1.4481610105240528,0.5833333333333334,0.5745769558777324,0.49999999999999994,0.8660254037844387,-0.4853019625310808,-0.8743466161445822,0.9749279121818236,-0.22252093395631434
0.05845275742615571,0.014286011745932307,0.07547842721717565,-0.017778229065734136,-0.7905558580042412,0.5833333333333334,0.5746218411957449,0.49999999999999994,0.8660254037844387,-0.6513724827222217,-0.7587581226927913,0.43388373911755823,-0.900968867902419
-0.030417327046708638,-0.044967752913281686,-0.007446008272215814,-0.028811705791678445,-0.9312500096098798,0.5833333333333334,0.5746667265137574,0.49999999999999994,0.8660254037844387,-0.7907757369376986,-0.6121059825476627,-0.433883739117558,-0.9009688679024191
-0.008726723887484281,-0.021748136609453128,-0.014302128337237334,-0.019418085857101627,-0.15816535680312213,0.5833333333333334,0.5747116118317699,0.49999999999999994,0.8660254037844387,-0.8978045395707417,-0.44039415155763423,-0.9749279121818236,-0.2225209339563146
0.015810590828645273,0.0444847541229546,-0.02223165311964855,0.07477999853170136,1.6309347728009054,0.5833333333333334,0.5748462677858073,0.49999999999999994,0.8660254037844387,-0.9884683243281114,0.15142777750457667,0.7818314824680298,0.6234898018587336
0.045235780321414974,0.05707786580342143,0.033539770129520766,0.03994828046782731,-1.0989306573172015,0.5833333333333334,0.5748911531038198,0.49999999999999994,0.8660254037844387,-0.9377521321470804,0.3473052528448203,0.9749279121818236,-0.22252093395631434
0.03099879721320157,0.006145406778646152,0.08200130341820636,0.004256652724580903,0.21267087635572865,0.5833333333333334,0.5749360384218323,0.49999999999999994,0.8660254037844387,-0.8486442574947509,0.5289640103269624,0.43388373911755823,-0.900968867902419
0.05307223353111999,0.03872318758751523,0.027921514409131102,0.03348368760836069,-0.3820620226994322,0.5833333333333334,0.5749809237398448,0.49999999999999994,0.8660254037844387,-0.7247927872291207,0.6889669190756859,-0.433883739117558,-0.9009688679024191
0.010284603379882616,0.0013088682375589891,0.026509147692886457,0.010716769957088479,-0.5039021793801255,0.5833333333333334,0.5750258090578572,0.49999999999999994,0.8660254037844387,-0.5712682150947924,0.8207634412072763,-0.9749279121818236,-0.2225209339563146
0.012877204886851012,0.02773478654155163,0.012349821144209959,0.011262131177296335,-0.54888801462901,0.5833333333333334,0.5751604650118947,0.49999999999999994,0.8660254037844387,-2.4492935982947064e-16,1.0,0.7818314824680298,0.6234898018587336
-0.0040486167934377934,-0.01409378006242485,-0.013004072327617121,-0.002638521385451684,0.16481943255332526,0.5833333333333334,0.5752053503299072,0.8660254037844386,0.5000000000000001,0.20129852008866006,0.9795299412524945,0.9749279121818236,-0.22252093395631434
0.019418083377062235,0.011546010459801786,-0.013175408742137134,0.011818873706516483,-0.18147577157296846,0.5833333333333334,0.5752502356479195,0.8660254037844386,0.5000000000000001,0.39435585511331855,0.9189578116202306,0.43388373911755823,-0.900968867902419
-0.01941808337706224,-0.001276353566144664,0.03774032329832825,-0.025116992774477816,-0.5127061188902227,0.5833333333333334,0.575295120965932,0.8660254037844386,0.5000000000000001,0.5712682150947923,0.8207634412072763,-0.433883739117558,-0.9009688679024191
-0.018424233220394312,-0.03310917404300023,-0.04773704882731854,0.004008049484332985,1.2029464437196438,0.5833333333333334,0.5753400062839445,0.8660254037844386,0.5000000000000001,0.72479278722912,0.6889669190756866,-0.9749279121818236,-0.2225209339563146
0.032523160179136756,0.015067464742531797,0.029044918113231746,0.01718483975291039,0.5739031196723408,0.5833333333333334,0.575474662237982,0.8660254037844386,0.5000000000000001,0.9884683243281114,0.1514277775045767,0.7818314824680298,0.6234898018587336
-0.014098926958742507,-0.007177822309874626,-0.024367349002561316,-0.028582889849847942,-0.11559428329534298,0.5833333333333334,0.5755195475559944,0.8660254037844386,0.5000000000000001,0.9987165071710528,-0.05064916883871264,0.9749279121818236,-0.22252093395631434
-0.052753399061800134,-0.011195380124741082,0.006644567981564161,-0.05545427592360514,-1.6758547715269911,0.5833333333333334,0.5755644328740069,0.8660254037844386,0.5000000000000001,0.9680771188662043,-0.2506525322587204,0.43388373911755823,-0.900968867902419
-0.019504732389536556,-0.04400036772497755,-0.04400036772497755,0.016891480609553127,-0.264539191532691,0.5833333333333334,0.5756093181920194,0.8660254037844386,0.5000000000000001,0.8978045395707416,-0.4403941515576344,-0.433883739117558,-0.9009688679024191
0.010914852273566417,0.017153079450733237,-0.014639511448129652,0.027715241664347724,1.1013870771626262,0.5833333333333334,0.5756542035100319,0.8660254037844386,0.5000000000000001,0.7907757369376989,-0.6121059825476626,-0.9749279121818236,-0.2225209339563146
0.014275746567150319,0.04000536005519089,0.051328406934870945,-0.03892085582272073,0.2584483378233111,0.5833333333333334,0.5757888594640693,0.8660254037844386,0.5000000000000001,0.29936312297335804,-0.9541392564000488,0.7818314824680298,0.6234898018587336
-0.006398827275642784,-0.013158071780946533,-0.009383405908632517,0.043681129700402915,0.9616797874248602,0.5833333333333334,0.5758337447820818,0.8660254037844386,0.5000000000000001,0.10116832198743272,-0.994869323391895,0.9749279121818236,-0.22252093395631434
0.019075075015084125,-0.022096641547685154,-0.006756808151076523,-0.006807339249077386,-1.0125352885690297,0.5833333333333334,0.5758786301000943,0.8660254037844386,0.5000000000000001,-0.10116832198743204,-0.9948693233918952,0.43388373911755823,-0.900968867902419
-0.07631745605057458,0.0006767699170648134,0.0020318146673250154,-0.09074414942985135,1.4496589270090159,0.5833333333333334,0.5759235154181068,0.8660254037844386,0.5000000000000001,-0.29936312297335776,-0.9541392564000489,-0.433883739117558,-0.9009688679024191
0.0007550192105170016,-0.06643475729304112,-0.1092773450209225,0.014848068803452047,0.9171774331868353,0.5833333333333334,0.5759684007361192,0.8660254037844386,0.5000000000000001,-0.4853019625310808,-0.8743466161445822,-0.9749279121818236,-0.2225209339563146
0.005269089768916878,0.014357734921554781,0.04356540878242874,-0.0007371379003403583,-0.8182847981604199,0.5833333333333334,0.5761479420081692,0.8660254037844386,0.5000000000000001,-0.9680771188662041,-0.2506525322587213,0.9749279121818236,-0.22252093395631434
-0.011325120652948164,-0.016529269097141638,-0.0028943552301342276,-0.01560790003666382,-0.2233203513939624,0.5833333333333334,0.5761928273261816,0.8660254037844386,0.5000000000000001,-0.9987165071710528,-0.05064916883871355,0.43388373911755823,-0.900968867902419
-0.0466285232241493,-0.03090754273131056,-0.04672708443632585,-0.015855374236241913,-0.2593183903567308,0.5833333333333334,0.5762377126441941,0.8660254037844386,0.5000000000000001,-0.9884683243281114,0.15142777750457667,-0.433883739117558,-0.9009688679024191
0.03132602059249034,0.006703946993022255,-0.011454849609277227,0.011350830670274759,-0.061923177591057955,0.5833333333333334,0.5762825979622066,0.8660254037844386,0.5000000000000001,-0.9377521321470804,0.3473052528448203,-0.9749279121818236,-0.2225209339563146
0.01454289538580556,-0.0052103317572622,0.010695242363423906,-0.0037693366330880424,0.403567083209141,0.5833333333333334,0.576417253916244,0.8660254037844386,0.5000000000000001,-0.5712682150947924,0.8207634412072763,0.7818314824680298,0.6234898018587336
0.0068156381298846175,0.04665571739166887,0.030679537055427246,0.04792664826179871,-0.446725402878815,0.5833333333333334,0.5764621392342565,1.0,6.123233995736766e-17,0.20129852008866006,0.9795299412524945,0.9749279121818236,-0.22252093395631434
0.040671053552294584,0.03223825354588448,0.04185314577248114,0.030487958737828363,-0.7834393418157976,0.5833333333333334,0.576507024552269,1.0,6.123233995736766e-17,0.39435585511331855,0.9189578116202306,0.43388373911755823,-0.900968867902419
0.01724178989611847,-0.0034542480677321134,0.012640639385753858,-0.013356935425760413,-0.2570861039022278,0.5833333333333334,0.5765519098702815,1.0,6.123233995736766e-17,0.5712682150947923,0.8207634412072763,-0.433883739117558,-0.9009688679024191
0.004264428558068481,-0.006247861646988522,0.002091303195799169,0.004237256805073329,-0.06960132431942727,0.5833333333333334,0.576596795188294,1.0,6.123233995736766e-17,0.72479278722912,0.6889669190756866,-0.9749279121818236,-0.2225209339563146
-0.02440897529966096,0.0,-0.0034879168201296757,0.004219445114005378,0.7934159444079241,0.5833333333333334,0.5767314511423314,1.0,6.123233995736766e-17,0.9884683243281114,0.1514277775045767,0.7818314824680298,0.6234898018587336
0.0057971120756082056,0.0,-0.01691377345520192,0.006993062074226347,-0.1261759758857988,0.5833333333333334,0.5767763364603439,1.0,6.123233995736766e-17,0.9987165071710528,-0.05064916883871264,0.9749279121818236,-0.22252093395631434
0.01077981110234106,0.0,-0.004987519821217802,-0.006993062074226382,-0.5342232219800294,0.5833333333333334,0.5768212217783564,1.0,6.123233995736766e-17,0.9680771188662043,-0.2506525322587204,0.43388373911755823,-0.900968867902419
0.000714557298257394,0.03018065394575196,0.055569864042301534,0.020146562767125564,0.4865070339537062,0.5833333333333334,0.5768661070963688,1.0,6.123233995736766e-17,0.8978045395707416,-0.4403941515576344,-0.433883739117558,-0.9009688679024191
0.07298492061948318,0.07357694942169651,0.0338790434200462,0.055514080622986316,0.4502073013407198,0.5833333333333334,0.5769109924143813,1.0,6.123233995736766e-17,0.7907757369376989,-0.6121059825476626,-0.9749279121818236,-0.2225209339563146
0.0013271072857879425,-0.006929200030253409,0.027698991370237982,-0.011780261121626086,-0.9924623010457106,0.5833333333333334,0.5770456483684188,1.0,6.123233995736766e-17,0.29936312297335804,-0.9541392564000488,0.7818314824680298,0.6234898018587336
-0.026883313545619493,-0.017214292157852407,-0.01214457755669374,-0.03210975177653113,-0.8265857126145468,0.5833333333333334,0.5770905336864312,1.0,6.123233995736766e-17,0.10116832198743272,-0.994869323391895,0.9749279121818236,-0.22252093395631434
-0.029729137260250674,-0.02276523558726634,-0.06991200146462197,-0.008876815858883008,0.3359296910075365,0.5833333333333334,0.5771354190044437,1.0,6.123233995736766e-17,-0.10116832198743204,-0.9948693233918952,0.43388373911755823,-0.900968867902419
0.0,-0.01859281541473435,0.02654122032665895,-0.018692098456052797,1.0671638784198745,0.5833333333333334,0.5771803043224562,1.0,6.123233995736766e-17,-0.29936312297335776,-0.9541392564000489,-0.433883739117558,-0.9009688679024191
-0.002810961921134199,-0.03200819853035346,-0.029995468394390983,0.003487916820129643,-0.6528796891180755,0.5833333333333334,0.5772251896404686,1.0,6.123233995736766e-17,-0.4853019625310808,-0.8743466161445822,-0.9749279121818236,-0.2225209339563146
0.0028109619211343544,0.015859722768826568,-0.013235970322027167,0.004169597435837187,-2.1303779225043695,0.5833333333333334,0.577359845594506,1.0,6.123233995736766e-17,-0.8978045395707417,-0.44039415155763423,0.7818314824680298,0.6234898018587336
0.0,0.006720773325530484,0.0,-0.008356586543681422,1.8236226674133071,0.5833333333333334,0.5774047309125185,1.0,6.123233995736766e-17,-0.9680771188662041,-0.2506525322587213,0.9749279121818236,-0.22252093395631434
0.0,-0.015683890726727028,0.0,0.007662848818439051,0.2234719394083257,0.5833333333333334,0.577449616230531,1.0,6.123233995736766e-17,-0.9987165071710528,-0.05064916883871355,0.43388373911755823,-0.900968867902419
0.0,0.013652076059402114,0.011157706110875841,-0.009062461210461094,-0.26813200985172264,0.5833333333333334,0.5774945015485435,1.0,6.123233995736766e-17,-0.9884683243281114,0.15142777750457667,-0.433883739117558,-0.9009688679024191
-0.004219445114005268,-0.023320683363425996,-0.009056147875356442,-0.001401507175172368,-0.5999416677160865,0.5833333333333334,0.5776740428205934,1.0,6.123233995736766e-17,-0.5712682150947924,0.8207634412072763,0.7818314824680298,0.6234898018587336
-0.012052547343449526,-0.0006942193314015322,-0.011967765312073721,-0.0014035411261024474,0.5047616553155351,0.5833333333333334,0.5777189281386059,1.0,6.123233995736766e-17,-0.3943558551133187,0.9189578116202306,0.9749279121818236,-0.22252093395631434
0.0071073097030104095,0.006920469335527388,0.01963595613078631,0.018093759515861667,0.8078012038780321,0.5833333333333334,0.5777638134566184,1.0,6.123233995736766e-17,-0.20129852008866114,0.9795299412524943,0.43388373911755823,-0.900968867902419
0.01615774482867096,0.006187723566554254,0.013108192902081608,0.0034423572998980964,-0.6596259809862194,0.5833333333333334,0.5778086987746308,1.0,6.123233995736766e-17,-2.4492935982947064e-16,1.0,-0.433883739117558,-0.9009688679024191
-0.018284632048780503,0.00887075844819128,0.00887075844819128,-0.020834100011767158,0.6330083876493812,0.5833333333333334,0.5778535840926433,0.8660254037844387,-0.4999999999999998,0.20129852008866006,0.9795299412524945,-0.9749279121818236,-0.2225209339563146
0.004249260390149494,-0.021978951350272766,-0.036669669840619826,0.010471273376341742,-0.8800765250488362,0.5833333333333334,0.5779882400466808,0.8660254037844387,-0.4999999999999998,0.72479278722912,0.6889669190756866,0.7818314824680298,0.6234898018587336
0.002117945495290565,0.023336691142249084,0.012605230526401999,0.010362826635425426,0.32547284306875307,0.5833333333333334,0.5780331253646932,0.8660254037844387,-0.4999999999999998,0.8486442574947509,0.5289640103269624,0.9749279121818236,-0.22252093395631434
0.011917426163340534,-0.010228498240167505,0.01107276707737824,-0.007588902321075235,-1.4839533810794492,0.5833333333333334,0.5780780106827057,0.8660254037844387,-0.4999999999999998,0.9377521321470804,0.3473052528448203,0.43388373911755823,-0.900968867902419
-0.025407196471884844,-0.009641971634286331,-0.025088400117657218,-0.028804229323684087,1.0569836516565665,0.5833333333333334,0.5781228960007182,0.8660254037844387,-0.4999999999999998,0.9884683243281114,0.1514277775045767,-0.433883739117558,-0.9009688679024191
-0.0356530868726173,0.01306313062537652,0.004927830823889863,-0.009309062388886987,0.5898358967444157,0.5833333333333334,0.5781677813187307,0.8660254037844387,-0.4999999999999998,0.9987165071710528,-0.05064916883871264,-0.9749279121818236,-0.2225209339563146
-0.002967358393703002,-0.04470020236891438,-0.03720024815018676,-0.01741696972055315,-0.5272557611357278,0.5833333333333334,0.5783024372727681,0.8660254037844387,-0.4999999999999998,0.7907757369376989,-0.6121059825476626,0.7818314824680298,0.6234898018587336
-0.005961263797465516,0.010445279972599046,-0.01987554989366288,0.02815056638296252,0.3174519930989504,0.5833333333333334,0.5783473225907806,0.8660254037844387,-0.4999999999999998,0.6513724827222223,-0.758758122692791,0.9749279121818236,-0.22252093395631434
0.048861346101974595,0.028088397138569084,0.04364331748837241,0.030836331181553107,0.2518912127237169,0.5833333333333334,0.5783922079087931,0.8660254037844387,-0.4999999999999998,0.48530196253108104,-0.8743466161445821,0.43388373911755823,-0.900968867902419
0.01272997057765482,0.02377018062299135,0.019034730866151706,0.011663945513311397,0.20197571403625855,0.5833333333333334,0.5784370932268056,0.8660254037844387,-0.4999999999999998,0.29936312297335804,-0.9541392564000488,-0.433883739117558,-0.9009688679024191
-0.016295050317586057,-0.0101181045635892,0.02346554582871298,-0.03682248125447347,-0.2595986228336126,0.5833333333333334,0.578481978544818,0.8660254037844387,-0.4999999999999998,0.10116832198743272,-0.994869323391895,-0.9749279121818236,-0.2225209339563146
-0.018746059479122182,0.0027081913576386565,-0.05467372272637314,-0.00995743247857984,-0.3895066866946575,0.5833333333333334,0.5786166344988555,0.8660254037844387,-0.4999999999999998,-0.4853019625310808,-0.8743466161445822,0.7818314824680298,0.6234898018587336
-0.018362616883250176,-0.051328864788277785,-0.026278858850604114,0.004279637038188689,0.6864569464398594,0.5833333333333334,0.578661519816868,0.8660254037844387,-0.4999999999999998,-0.6513724827222217,-0.7587581226927913,0.9749279121818236,-0.22252093395631434
0.01836261688325027,0.0,0.03845230488211262,-0.021583585242609525,0.6548816700955761,0.5833333333333334,0.5787064051348804,0.8660254037844387,-0.4999999999999998,-0.7907757369376986,-0.6121059825476627,0.43388373911755823,-0.900968867902419
0.007973990040151285,0.01272997057765482,-0.010733596662409348,0.022295092114653546,-1.3887651884024146,0.5833333333333334,0.5787512904528929,0.8660254037844387,-0.4999999999999998,-0.8978045395707417,-0.44039415155763423,-0.433883739117558,-0.9009688679024191
0.0,-0.007052175137263678,0.01570341126743471,-0.012164734743720897,0.9861077829145755,0.5833333333333334,0.5787961757709054,0.8660254037844387,-0.4999999999999998,-0.9680771188662041,-0.2506525322587213,-0.9749279121818236,-0.2225209339563146
-0.003616654191761846,0.017538155455658733,-0.0021268872201095717,0.021368280117141286,-0.2795540206322853,0.5833333333333334,0.5789308317249429,0.8660254037844387,-0.4999999999999998,-0.9377521321470804,0.3473052528448203,0.7818314824680298,0.6234898018587336
-0.4682659834321325,-0.43046197615174375,-0.4707135935815287,-0.47778571844207735,4.4065371119645524,0.5833333333333334,0.5789757170429553,0.8660254037844387,-0.4999999999999998,-0.8486442574947509,0.5289640103269624,0.9749279121818236,-0.22252093395631434
-0.035339387885827966,-0.049325150223169835,-0.019507224802415565,-0.005698042789053764,-2.3739834138275624,0.5833333333333334,0.5790206023609678,0.8660254037844387,-0.4999999999999998,-0.7247927872291207,0.6889669190756859,0.43388373911755823,-0.900968867902419
0.03995832916419296,0.011173343459893216,0.03640899261944466,0.005698042789053831,0.6473186747336588,0.5833333333333334,0.5790654876789803,0.8660254037844387,-0.4999999999999998,-0.5712682150947924,0.8207634412072763,-0.433883739117558,-0.9009688679024191
-0.005777045474596997,-0.01567785146897707,-0.019177133741884938,-0.019507224802415565,-0.6073292102506515,0.5833333333333334,0.5791103729969928,0.8660254037844387,-0.4999999999999998,-0.3943558551133187,0.9189578116202306,-0.9749279121818236,-0.2225209339563146
-0.0414015822088496,0.0022548440243270436,-0.02771537390010107,-0.009313213099321559,-0.06818274765711085,0.5833333333333334,0.5792450289510301,0.5000000000000003,-0.8660254037844385,0.39435585511331855,0.9189578116202306,0.7818314824680298,0.6234898018587336
0.015578519693919378,-0.026242293048328865,-0.004694839837349066,-0.004689335775924461,-0.901212681425421,0.5833333333333334,0.5792899142690426,0.5000000000000003,-0.8660254037844385,0.5712682150947923,0.8207634412072763,0.9749279121818236,-0.22252093395631434
0.007109084349155305,-0.00579702922683453,-0.0035356233058845992,0.00234736071800499,-0.9793290687455444,0.5833333333333334,0.5793347995870551,0.5000000000000003,-0.8660254037844385,0.72479278722912,0.6889669190756866,0.43388373911755823,-0.900968867902419
0.008230463143233741,0.021852459740864652,0.008230463143233741,0.030025377158350318,0.44256988852812157,0.5833333333333334,0.5793796849050676,0.5000000000000003,-0.8660254037844385,0.8486442574947509,0.5289640103269624,-0.433883739117558,-0.9009688679024191
0.02429269703590315,0.006802794766490444,0.029990739824956966,-0.004561006987747727,-1.055616706939956,0.5833333333333334,0.57942457022308,0.5000000000000003,-0.8660254037844385,0.9377521321470804,0.3473052528448203,-0.9749279121818236,-0.2225209339563146
-0.013809182013361771,-0.005665758965184324,-0.009132474615119266,0.005698042789053831,0.6386251601170069,0.5833333333333334,0.5795592261771175,0.5000000000000003,-0.8660254037844385,0.9680771188662043,-0.2506525322587204,0.7818314824680298,0.6234898018587336
-0.0011594469567681991,0.0045351507520485805,0.013667625367167828,-0.005698042789053764,-0.17427330648644573,0.5833333333333334,0.57960411149513,0.5000000000000003,-0.8660254037844385,0.8978045395707416,-0.4403941515576344,0.9749279121818236,-0.22252093395631434
0.00923793233759718,0.017937683425593834,-0.00909096283426231,0.019242254775527844,1.1123559320544527,0.5833333333333334,0.5796489968131424,0.5000000000000003,-0.8660254037844385,0.7907757369376989,-0.6121059825476626,0.43388373911755823,-0.900968867902419
0.022728230139335913,0.021978885986724744,0.015855302799962914,-0.0011217307877977312,-0.1960553546404092,0.5833333333333334,0.5796938821311549,0.5000000000000003,-0.8660254037844385,0.6513724827222223,-0.758758122692791,-0.433883739117558,-0.9009688679024191
-0.0342889862599202,-0.03315222944661781,-0.006764339965700711,-0.015837365776620923,-0.4776386724561323,0.5833333333333334,0.5797387674491674,0.5000000000000003,-0.8660254037844385,0.48530196253108104,-0.8743466161445821,-0.9749279121818236,-0.2225209339563146
0.006952457338088807,0.006718997367987594,0.013483337333688235,-0.012622153626137344,0.3786638578264365,0.5833333333333334,0.5798734234032048,0.5000000000000003,-0.8660254037844385,-0.10116832198743204,-0.9948693233918952,0.7818314824680298,0.6234898018587336
-0.028104867639220824,-0.013483337333688223,-0.013483337333688223,-0.005790426389740454,0.08192892854965547,0.5833333333333334,0.5799183087212173,0.5000000000000003,-0.8660254037844385,-0.29936312297335776,-0.9541392564000489,0.9749279121818236,-0.22252093395631434
-0.008348252767513699,0.005640194234169278,-0.006810516676904582,0.011547516679332416,-0.6538119462526073,0.5833333333333334,0.5799631940392298,0.5000000000000003,-0.8660254037844385,-0.4853019625310808,-0.8743466161445822,0.43388373911755823,-0.900968867902419
0.039911306442231995,-0.002252304725326959,-0.00915337349673065,0.008004581989634052,-0.4955248902029678,0.5833333333333334,0.5800080793572423,0.5000000000000003,-0.8660254037844385,-0.6513724827222217,-0.7587581226927913,-0.433883739117558,-0.9009688679024191
0.006880809379530768,0.0192055852023957,0.01142873942158647,0.022523454104476055,-0.3975315568625859,0.5833333333333334,0.5800529646752548,0.5000000000000003,-0.8660254037844385,-0.7907757369376986,-0.6121059825476627,-0.9749279121818236,-0.2225209339563146
0.018120523987729936,0.016235522085589545,0.01913396268122543,0.00776494744931318,1.7413240200520606,0.5833333333333334,0.5801876206292922,0.5000000000000003,-0.8660254037844385,-0.9987165071710528,-0.05064916883871355,0.7818314824680298,0.6234898018587336
0.02329556718064069,0.0394718802488159,0.025317757483141815,0.032611605311986085,-0.1268564445863279,0.5833333333333334,0.5802325059473047,0.5000000000000003,-0.8660254037844385,-0.9884683243281114,0.15142777750457667,0.9749279121818236,-0.22252093395631434
0.021692804415423084,0.04399679879309802,0.07836906867822409,0.009579551606990765,0.25632581915314434,0.5833333333333334,0.5802773912653172,0.5000000000000003,-0.8660254037844385,-0.9377521321470804,0.3473052528448203,0.43388373911755823,-0.900968867902419
0.0010724107286640449,-0.05451218265313071,-0.06112727819144967,-0.002120839019070203,-0.7269761311760856,0.5833333333333334,0.5803222765833296,0.5000000000000003,-0.8660254037844385,-0.8486442574947509,0.5289640103269624,-0.433883739117558,-0.9009688679024191
0.00853793069980375,0.029168707059045205,0.03979584034556295,0.0,-0.16058028104756317,0.5833333333333334,0.5803671619013421,0.5000000000000003,-0.8660254037844385,-0.7247927872291207,0.6889669190756859,-0.9749279121818236,-0.2225209339563146
0.009518861224710863,0.021331437845886616,-0.008247461726703082,0.03443218832233914,0.5460521228726584,0.5833333333333334,0.5805467031733921,0.5000000000000003,-0.8660254037844385,-2.4492935982947064e-16,1.0,0.9749279121818236,-0.22252093395631434
0.011512388650132563,0.005012560992877433,0.0315869783283985,0.006135031341898183,-0.7714711216332757,0.5833333333333334,0.5805915884914045,1.2246467991473532e-16,-1.0,0.20129852008866006,0.9795299412524945,0.43388373911755823,-0.900968867902419
-0.015731800160391274,-0.020202687854778488,-0.01719820561771001,-0.00716122219637231,1.4812724667303108,0.5833333333333334,0.580636473809417,1.2246467991473532e-16,-1.0,0.39435585511331855,0.9189578116202306,-0.433883739117558,-0.9009688679024191
0.020921245332342103,0.02717827128576328,-0.0051151201295113365,0.005120358490613043,-0.17890253337117593,0.5833333333333334,0.5806813591274295,1.2246467991473532e-16,-1.0,0.5712682150947923,0.8207634412072763,-0.9749279121818236,-0.2225209339563146
0.0020683003863301726,-0.020060834574464757,0.003072171733410647,0.008138389204670993,-0.5940317749074034,0.5833333333333334,0.5808160150814669,1.2246467991473532e-16,-1.0,0.9377521321470804,0.3473052528448203,0.7818314824680298,0.6234898018587336
0.032523160179136756,0.09834512662072657,0.02424368459854837,0.09374316823730817,-0.004395707125769739,0.5833333333333334,0.5808609003994794,1.2246467991473532e-16,-1.0,0.9884683243281114,0.1514277775045767,0.9749279121818236,-0.22252093395631434
0.04974211367234334,0.0091407791178648,0.0860128359616691,-0.01299928644570159,-0.29628988134181294,0.5833333333333334,0.5809057857174919,1.2246467991473532e-16,-1.0,0.9987165071710528,-0.05064916883871264,0.43388373911755823,-0.900968867902419
0.0037986713348202323,0.014453716104438673,-0.025036120966704177,0.028560247880957054,0.6521306534240542,0.5833333333333334,0.5809506710355044,1.2246467991473532e-16,-1.0,0.9680771188662043,-0.2506525322587204,-0.433883739117558,-0.9009688679024191
0.020638655670677717,-0.0008971983755395133,0.03596518105692765,-0.005464532679328611,-0.008182138115295504,0.5833333333333334,0.5809955563535169,1.2246467991473532e-16,-1.0,0.8978045395707416,-0.4403941515576344,-0.9749279121818236,-0.2225209339563146
-0.01874476266162202,0.0,-0.004630235769245932,-0.009174323698832587,-0.5620282072107442,0.5833333333333334,0.5811302123075542,1.2246467991473532e-16,-1.0,0.48530196253108104,-0.8743466161445821,0.7818314824680298,0.6234898018587336
-0.028792702496900198,-0.014466870927352979,-0.0008194072336583948,-0.044284226382089016,0.3325475129472659,0.5833333333333334,0.5811750976255667,1.2246467991473532e-16,-1.0,0.29936312297335804,-0.9541392564000488,0.9749279121818236,-0.22252093395631434
-0.0216544150296869,-0.061023118644823585,-0.061023118644823585,-0.026355889689229056,0.35446923828106713,0.5833333333333334,0.5812199829435792,1.2246467991473532e-16,-1.0,0.10116832198743272,-0.994869323391895,0.43388373911755823,-0.900968867902419
-0.003988037291230684,-0.0019379370170411142,-0.021527276672229513,0.017647547065119444,-1.1393583832787852,0.5833333333333334,0.5812648682615916,1.2246467991473532e-16,-1.0,-0.10116832198743204,-0.9948693233918952,-0.433883739117558,-0.9009688679024191
0.0049825901905465875,0.0019379370170411938,0.014727862977144198,-0.0038948405543522678,-0.19127660275575956,0.5833333333333334,0.5813097535796041,1.2246467991473532e-16,-1.0,-0.29936312297335776,-0.9541392564000489,-0.9749279121818236,-0.2225209339563146
0.01382049520773499,0.014416359467275926,0.021215773162361187,0.013566132570294267,0.8760129340665845,0.5833333333333334,0.5814444095336416,1.2246467991473532e-16,-1.0,-0.7907757369376986,-0.6121059825476627,0.7818314824680298,0.6234898018587336
-0.014815048107050857,0.0189042268934043,-0.012482078644799628,0.020953082112767685,-0.48552388033980526,0.5833333333333334,0.581489294851654,1.2246467991473532e-16,-1.0,-0.8978045395707417,-0.44039415155763423,0.9749279121818236,-0.22252093395631434
0.056107549636022276,0.028612885482597394,0.028573299768324033,0.03518882732167816,0.6722018888370384,0.5833333333333334,0.5815341801696665,1.2246467991473532e-16,-1.0,-0.9680771188662041,-0.2506525322587213,0.43388373911755823,-0.900968867902419
0.025082551118174735,0.015350195691257638,0.04408431923297644,-0.007305961730235584,-0.20501577652307942,0.5833333333333334,0.581579065487679,1.2246467991473532e-16,-1.0,-0.9987165071710528,-0.05064916883871355,-0.433883739117558,-0.9009688679024191
-0.0018365022916115997,-0.005390800595484875,-0.022717923623393005,0.014558933293802307,0.730718894418509,0.5833333333333334,0.5816239508056915,1.2246467991473532e-16,-1.0,-0.9884683243281114,0.15142777750457667,-0.9749279121818236,-0.2225209339563146
0.001836502291611439,0.0026990328847262845,0.017312467206460697,0.0,-0.8184630165501148,0.5833333333333334,0.5817586067597289,1.2246467991473532e-16,-1.0,-0.7247927872291207,0.6889669190756859,0.7818314824680298,0.6234898018587336
0.009132518560495809,0.02747177370221359,0.005405456416932423,0.024097592602604277,0.06238827589201437,0.5833333333333334,0.5818034920777414,1.2246467991473532e-16,-1.0,-0.5712682150947924,0.8207634412072763,0.9749279121818236,-0.22252093395631434
0.04879018068327279,0.029287206283590283,0.04222259056884672,0.032960495177566135,0.22827235139930308,0.5833333333333334,0.5818483773957539,1.2246467991473532e-16,-1.0,-0.3943558551133187,0.9189578116202306,0.43388373911755823,-0.900968867902419
0.012048286106978013,0.005080486787890282,0.01198647445166489,0.010186835410455923,-0.41666722388036226,0.5833333333333334,0.5818932627137664,1.2246467991473532e-16,-1.0,-0.20129852008866114,0.9795299412524943,-0.433883739117558,-0.9009688679024191
-0.015517496969353766,0.0008442574293275293,0.008474659182509905,-0.01617749507582382,-1.03368888334554,0.5833333333333334,0.5819381480317788,-0.4999999999999997,-0.8660254037844388,0.20129852008866006,0.9795299412524945,-0.9749279121818236,-0.2225209339563146
-0.0008692072500632741,-0.011031092839783443,-0.029980864403473417,0.005990659665367771,0.14876913665712568,0.5833333333333334,0.5821176893038288,-0.4999999999999997,-0.8660254037844388,0.8486442574947509,0.5289640103269624,0.9749279121818236,-0.22252093395631434
-0.0417282263131144,-0.009430040794391251,-0.029115415457840386,-0.040928678282465145,0.24258848839539307,0.5833333333333334,0.5821625746218413,-0.4999999999999997,-0.8660254037844388,0.9377521321470804,0.3473052528448203,0.43388373911755823,-0.900968867902419
-0.009107478946711748,-0.03238794203611088,0.000894875112170222,-0.016129409497705242,-0.3562104360031857,0.5833333333333334,0.5822074599398537,-0.4999999999999997,-0.8660254037844388,0.9884683243281114,0.1514277775045767,-0.433883739117558,-0.9009688679024191
-0.02220264432562434,-0.026139385258591493,-0.03829091901834998,-0.01455893329380236,1.3089727338746435,0.5833333333333334,0.5822523452578662,-0.4999999999999997,-0.8660254037844388,0.9987165071710528,-0.05064916883871264,-0.9749279121818236,-0.2225209339563146
0.018536282687538454,0.08739182357264245,0.03110956667974563,0.07246983778142572,0.24449509508295372,0.5833333333333334,0.5823870012119037,-0.4999999999999997,-0.8660254037844388,0.7907757369376989,-0.6121059825476626,0.7818314824680298,0.6234898018587336
0.07174385703029289,-0.012631714780852734,0.05520448095541758,0.0,-0.603053309860629,0.5833333333333334,0.5824318865299161,-0.4999999999999997,-0.8660254037844388,0.6513724827222223,-0.758758122692791,0.9749279121818236,-0.22252093395631434
-0.038332182463057494,-0.011935379799684245,-0.01719731251886039,-0.012006953123209022,-0.7349507621314807,0.5833333333333334,0.5824767718479286,-0.4999999999999997,-0.8660254037844388,0.48530196253108104,-0.8743466161445821,0.43388373911755823,-0.900968867902419
0.018478311383379707,-0.0025761914651854663,0.006052819876152756,0.003445305853582317,0.27366807736869103,0.5833333333333334,0.5825216571659411,-0.4999999999999997,-0.8660254037844388,0.29936312297335804,-0.9541392564000488,-0.433883739117558,-0.9009688679024191
0.006084303352415819,0.0008594954276524692,0.0017226105775094342,-0.0034453058535824613,-0.8350094912715835,0.5833333333333334,0.5825665424839536,-0.4999999999999997,-0.8660254037844388,0.10116832198743272,-0.994869323391895,-0.9749279121818236,-0.2225209339563146
-0.00347222240511895,0.005141353703212036,0.0068610839264361964,-0.005190359395651242,-0.2332985663261863,0.5833333333333334,0.582701198437991,-0.4999999999999997,-0.8660254037844388,-0.4853019625310808,-0.8743466161445822,0.7818314824680298,0.6234898018587336
-0.0043573220270225225,-0.003424657665679023,-0.003424657665679023,-0.0017360685022192865,0.9441804716876946,0.5833333333333334,0.5827460837560035,-0.4999999999999997,-0.8660254037844388,-0.6513724827222217,-0.7587581226927913,0.9749279121818236,-0.22252093395631434
-0.006132274587677335,0.003424657665679008,0.003424657665679008,-0.0008692072500632741,0.15290399949746505,0.5833333333333334,0.582790969074016,-0.4999999999999997,-0.8660254037844388,-0.7907757369376986,-0.6121059825476627,0.43388373911755823,-0.900968867902419
-0.009713070084925822,-0.0017108219734411564,-0.017241790132380867,-0.014010723613876197,-0.020418779684472907,0.5833333333333334,0.5828358543920285,-0.4999999999999997,-0.8660254037844388,-0.8978045395707417,-0.44039415155763423,-0.433883739117558,-0.9009688679024191
0.013221842239016117,-0.003430531729770814,-0.0052310860973346284,0.017482946018995187,-0.38269010078676263,0.5833333333333334,0.5828807397100408,-0.4999999999999997,-0.8660254037844388,-0.9680771188662041,-0.2506525322587213,-0.9749279121818236,-0.2225209339563146
-0.008795165092549653,-0.012970399857799289,0.0008737640703120237,-0.014840960077042952,-0.3182903101730531,0.5833333333333334,0.5830153956640783,-0.4999999999999997,-0.8660254037844388,-0.9377521321470804,0.3473052528448203,0.7818314824680298,0.6234898018587336
-0.0017683032185590818,0.02152472296347873,-0.013186970744695659,0.008756656724627226,0.6302131235284413,0.5833333333333334,0.5830602809820908,-0.4999999999999997,-0.8660254037844388,-0.8486442574947509,0.5289640103269624,0.9749279121818236,-0.22252093395631434
0.02447672295893938,0.013536573157150787,0.027064023541016807,0.0232668404821452,-0.8308072624377302,0.5833333333333334,0.5831051663001032,-0.4999999999999997,-0.8660254037844388,-0.7247927872291207,0.6889669190756859,0.43388373911755823,-0.900968867902419
0.0025873005820773918,0.021613495928470873,0.008576414728763658,0.035150069085621745,0.5481956891226193,0.5833333333333334,0.5831500516181157,-0.4999999999999997,-0.8660254037844388,-0.5712682150947924,0.8207634412072763,-0.433883739117558,-0.9009688679024191
0.049569169966702555,0.035544980243132414,0.0418121103795869,0.027576780318580765,0.3206425402449135,0.5833333333333334,0.5831949369361282,-0.4999999999999997,-0.8660254037844388,-0.3943558551133187,0.9189578116202306,-0.9749279121818236,-0.2225209339563146
-0.016529286317205204,0.005540156121862238,0.01624729567410305,-0.040821994520255166,0.6307746831628008,0.5833333333333334,0.5833295928901656,-0.8660254037844385,-0.5000000000000004,0.20129852008866006,0.9795299412524945,0.7818314824680298,0.6234898018587336
-0.0815716157537852,-0.065222801374282,-0.0444883879405693,-0.08066793063527639,0.6240089440708507,0.5833333333333334,0.5833744782081781,-0.8660254037844385,-0.5000000000000004,0.39435585511331855,0.9189578116202306,0.9749279121818236,-0.22252093395631434
-0.0027162249781250676,-0.053646070329958086,-0.07248916158677976,0.015240104949668194,-0.7075515294442589,0.5833333333333334,0.5834193635261906,-0.8660254037844385,-0.5000000000000004,0.5712682150947923,0.8207634412072763,0.43388373911755823,-0.900968867902419
-0.01369255710982676,0.014998082258165799,0.014388723877542623,-0.028882846799008207,-1.0306861408409,0.5833333333333334,0.5834642488442031,-0.8660254037844385,-0.5000000000000004,0.72479278722912,0.6889669190756866,-0.433883739117558,-0.9009688679024191
-0.04319920829916665,-0.04752124243730262,-0.028068792799857932,-0.03447009930217467,-0.19924391319424395,0.5833333333333334,0.5835091341622156,-0.8660254037844385,-0.5000000000000004,0.8486442574947509,0.5289640103269624,-0.9749279121818236,-0.2225209339563146
-0.004810032441429016,-0.004601958383418544,-0.02604804820381329,0.0056710422662696325,0.4816074218522209,0.5833333333333334,0.583643790116253,-0.8660254037844385,-0.5000000000000004,0.9987165071710528,-0.05064916883871264,0.7818314824680298,0.6234898018587336
-0.0048332807235479565,0.014652262710496907,0.00470148415615843,0.03518882732167816,-0.17614419116255306,0.5833333333333334,0.5836886754342655,-0.8660254037844385,-0.5000000000000004,0.9680771188662043,-0.2506525322587204,0.9749279121818236,-0.22252093395631434
0.01347473180159524,-0.00546951416072432,0.025927354214008737,-0.02674202394698492,-0.20415028630782459,0.5833333333333334,0.583733560752278,-0.8660254037844385,-0.5000000000000004,0.8978045395707416,-0.4403941515576344,0.43388373911755823,-0.900968867902419
-0.020280756699297714,-0.02686590230096638,-0.028745555517945994,-0.02172967325554279,0.4042283855397514,0.5833333333333334,0.5837784460702904,-0.8660254037844385,-0.5000000000000004,0.7907757369376989,-0.6121059825476626,-0.433883739117558,-0.9009688679024191
0.005836633144421413,-0.010382316842720915,-0.018035660858378745,-0.011527493818273567,-1.3840602143851126,0.5833333333333334,0.5838233313883029,-0.8660254037844385,-0.5000000000000004,0.6513724827222223,-0.758758122692791,-0.9749279121818236,-0.2225209339563146
-0.02952972253639135,-0.010491241221855283,-0.0009582439892178605,-0.02742588014332542,1.314682272618078,0.5833333333333334,0.5839579873423404,-0.8660254037844385,-0.5000000000000004,0.10116832198743272,-0.994869323391895,0.7818314824680298,0.6234898018587336
0.0029924942716365696,-0.017408592687686415,-0.028198266250807312,0.007912991479540905,0.10851333162076311,0.5833333333333334,0.5840028726603529,-0.8660254037844385,-0.5000000000000004,-0.10116832198743204,-0.9948693233918952,0.9749279121818236,-0.22252093395631434
0.01962687942409006,0.004866208169120643,0.009715957866877682,0.014670245848966494,-0.29813203153316864,0.5833333333333334,0.5840477579783653,-0.8660254037844385,-0.5000000000000004,-0.29936312297335776,-0.9541392564000489,0.43388373911755823,-0.900968867902419
-0.02361889689412816,0.004842642814818042,0.01078256668018189,-0.024571260269859917,0.005282932818048546,0.5833333333333334,0.5840926432963778,-0.8660254037844385,-0.5000000000000004,-0.4853019625310808,-0.8743466161445822,-0.433883739117558,-0.9009688679024191
-0.0070245842042578575,-0.009708850983938668,-0.039414024567187594,0.011869564078653519,0.41500448008883417,0.5833333333333334,0.5841375286143903,-0.8660254037844385,-0.5000000000000004,-0.6513724827222217,-0.7587581226927913,-0.9749279121818236,-0.2225209339563146
-0.003025790181539968,0.017504412704122303,0.047209586287371146,-0.005917218488681364,-0.4302417817729542,0.5833333333333334,0.5842721845684277,-0.8660254037844385,-0.5000000000000004,-0.9680771188662041,-0.2506525322587213,0.7818314824680298,0.6234898018587336
0.012048422733466999,-0.019457583072187347,-0.03125711921488933,0.011799536142701907,-0.6309023899000433,0.5833333333333334,0.5843170698864402,-0.8660254037844385,-0.5000000000000004,-0.9987165071710528,-0.05064916883871355,0.9749279121818236,-0.22252093395631434
0.003984065041278843,0.010695348620980321,0.016675234977803592,-0.007850867311780753,-0.2816886472589311,0.5833333333333334,0.5843619552044527,-0.8660254037844385,-0.5000000000000004,-0.9884683243281114,0.15142777750457667,0.43388373911755823,-0.900968867902419
0.008906461521577482,0.0,-0.012726566146882343,0.0,0.24045328207083286,0.5833333333333334,0.5844068405224652,-0.8660254037844385,-0.5000000000000004,-0.9377521321470804,0.3473052528448203,-0.433883739117558,-0.9009688679024191
-0.020906689451049273,-0.004847337698562877,0.0,-0.008906461521577553,0.1919536507142508,0.5833333333333334,0.5844517258404777,-0.8660254037844385,-0.5000000000000004,-0.8486442574947509,0.5289640103269624,-0.9749279121818236,-0.2225209339563146
-0.00909548454163434,-0.005848010922417352,-0.017893057147594146,0.010875011179337606,0.24923118854374576,0.5833333333333334,0.584586381794515,-0.8660254037844385,-0.5000000000000004,-0.3943558551133187,0.9189578116202306,0.7818314824680298,0.6234898018587336
0.030986933219954816,0.011662021352003749,0.0218261952983915,0.009784850951033285,0.3174503621890963,0.5833333333333334,0.5846312671125276,-0.8660254037844385,-0.5000000000000004,-0.20129852008866114,0.9795299412524943,0.9749279121818236,-0.22252093395631434
-0.005922965515349665,0.014388700595121892,-0.00887134443887579,0.021195332075790555,0.8268477045167254,0.5833333333333334,0.58467615243054,-0.8660254037844385,-0.5000000000000004,-2.4492935982947064e-16,1.0,0.43388373911755823,-0.900968867902419
0.02445109495186299,0.0,0.03693317359666258,-0.0038204404304756135,-0.8764644109746396,0.5833333333333334,0.5847210377485524,-1.0,-1.8369701987210297e-16,0.20129852008866006,0.9795299412524945,-0.433883739117558,-0.9009688679024191
0.009615403590324112,0.011363747874334085,0.0019066219503222404,0.00952391784252951,-0.49220956762519996,0.5833333333333334,0.5847659230665649,-1.0,-1.8369701987210297e-16,0.39435585511331855,0.9189578116202306,-0.9749279121818236,-0.2225209339563146
0.0,-0.007561465543852873,0.0009519495029114922,-0.0009483385072504335,-0.18795832364473933,0.5833333333333334,0.5849454643386148,-1.0,-1.8369701987210297e-16,0.9377521321470804,0.3473052528448203,0.9749279121818236,-0.22252093395631434
-0.014458046405141967,0.024368612296850507,-0.020183292912851283,0.004732634528033123,1.8180388360381856,0.5833333333333334,0.5849903496566273,-1.0,-1.8369701987210297e-16,0.9884683243281114,0.1514277775045767,0.43388373911755823,-0.900968867902419
0.007447890900393103,-0.022472833776264838,0.024929404261006618,-0.0028368560074476397,-0.645099056526499,0.5833333333333334,0.5850352349746398,-1.0,-1.8369701987210297e-16,0.9987165071710528,-0.05064916883871264,-0.433883739117558,-0.9009688679024191
-0.0016396009618564074,0.06507105065503423,-0.0009474400133352274,0.05526262526587017,-0.23182618112418976,0.5833333333333334,0.5850801202926523,-1.0,-1.8369701987210297e-16,0.9680771188662043,-0.2506525322587204,-0.9749279121818236,-0.2225209339563146
0.15888302135890725,0.1812858002441893,0.2473042909125588,0.09482135274995744,1.3125418675697922,0.5833333333333334,0.5852147762466897,-1.0,-1.8369701987210297e-16,0.6513724827222223,-0.758758122692791,0.7818314824680298,0.6234898018587336
-0.03895722152283762,-0.0737094881379782,-0.08815599176086046,-0.03482939625769426,-0.5526033441677334,0.5833333333333334,0.5852596615647022,-1.0,-1.8369701987210297e-16,0.48530196253108104,-0.8743466161445821,0.9749279121818236,-0.22252093395631434
-0.036621360489616395,-0.053182312714586226,-0.050570215219685716,-0.051071256734149965,-0.08590633257701386,0.5833333333333334,0.5853045468827147,-1.0,-1.8369701987210297e-16,0.29936312297335804,-0.9541392564000488,0.43388373911755823,-0.900968867902419
0.002660731744214556,-0.009286656747460388,-0.04078658715047953,0.016733070303654046,0.2931837853834,0.5833333333333334,0.5853494322007272,-1.0,-1.8369701987210297e-16,0.10116832198743272,-0.994869323391895,-0.433883739117558,-0.9009688679024191
-0.008896889958167302,-0.014523969738594168,0.01755969715783167,0.0,-1.0346274338058348,0.5833333333333334,0.5853943175187396,-1.0,-1.8369701987210297e-16,-0.10116832198743204,-0.9948693233918952,-0.9749279121818236,-0.2225209339563146
-0.008075342139645024,0.007715439292117634,0.016400931587570125,-0.019400985354401833,0.38214054795134095,0.5833333333333334,0.5855289734727771,-1.0,-1.8369701987210297e-16,-0.6513724827222217,-0.7587581226927913,0.7818314824680298,0.6234898018587336
0.003776626716983808,0.007656366768323701,-0.03573363485856544,0.0349992483829407,-0.917865217726513,0.5833333333333334,0.5855738587907896,-1.0,-1.8369701987210297e-16,-0.7907757369376986,-0.6121059825476627,0.9749279121818236,-0.22252093395631434
0.0437257023964596,0.0075981919420158835,0.050183531103099005,0.01026526421944714,-0.5262784336754103,0.5833333333333334,0.5856187441088021,-1.0,-1.8369701987210297e-16,-0.8978045395707417,-0.44039415155763423,0.43388373911755823,-0.900968867902419
-0.006896572255120058,-0.014400932644711888,-0.011031092839783443,-0.01198647445166491,-0.5143401778064184,0.5833333333333334,0.5856636294268145,-1.0,-1.8369701987210297e-16,-0.9680771188662041,-0.2506525322587213,-0.433883739117558,-0.9009688679024191
0.0051768420318960414,0.0034071550003274003,-0.0025630673442729158,0.009430040794391182,-0.4820575535895482,0.5833333333333334,0.585708514744827,-1.0,-1.8369701987210297e-16,-0.9987165071710528,-0.05064916883871355,-0.9749279121818236,-0.2225209339563146
0.0017197302232241608,0.019368988016806744,0.005119501001546559,-0.006849335134521097,0.9610072225422316,0.5833333333333334,0.5858431706988645,-1.0,-1.8369701987210297e-16,-0.8486442574947509,0.5289640103269624,0.7818314824680298,0.6234898018587336
-0.008628214024050045,-0.018518989785433374,-0.012848109592528339,0.0,0.6775836715005609,0.5833333333333334,0.5858880560168769,-1.0,-1.8369701987210297e-16,-0.7247927872291207,0.6889669190756859,0.9749279121818236,-0.22252093395631434
-0.029905496503173076,-0.000849998231373242,0.013698830935582138,-0.025229694261294625,0.4463207340248388,0.5833333333333334,0.5859329413348894,-1.0,-1.8369701987210297e-16,-0.5712682150947924,0.8207634412072763,0.43388373911755823,-0.900968867902419
0.010657284544895063,0.007623937839456007,-0.038132916117176646,0.0431101222355992,-1.0739079095988977,0.5833333333333334,0.5859778266529019,-1.0,-1.8369701987210297e-16,-0.3943558551133187,0.9189578116202306,-0.433883739117558,-0.9009688679024191
0.011418667526136675,0.012578750015322444,0.03557857782430211,0.007566173048000586,0.2113659845788991,0.5833333333333334,0.5860227119709144,-1.0,-1.8369701987210297e-16,-0.20129852008866114,0.9795299412524943,-0.9749279121818236,-0.2225209339563146
-0.02655024964858622,0.0,0.01438874442085618,-0.008410430477327983,2.0061431185298706,0.5833333333333334,0.5861573679249518,-0.866025403784439,0.49999999999999933,0.5712682150947923,0.8207634412072763,0.7818314824680298,0.6234898018587336
0.031776778925672024,-0.005012576967322016,-0.03332212544193594,0.0008442574293275293,-1.7188457692744985,0.5833333333333334,0.5862022532429643,-0.866025403784439,0.49999999999999933,0.72479278722912,0.6889669190756866,0.9749279121818236,-0.22252093395631434
-0.0017391706786937654,-0.008410430477327983,0.02488330501632277,-0.026508641998354544,1.195283823485404,0.5833333333333334,0.5862471385609768,-0.866025403784439,0.49999999999999933,0.8486442574947509,0.5289640103269624,0.43388373911755823,-0.900968867902419
-0.007863750002381431,-0.021340971826212005,-0.02141409415394703,0.0,0.9140024356555775,0.5833333333333334,0.5862920238789893,-0.866025403784439,0.49999999999999933,0.9377521321470804,0.3473052528448203,-0.433883739117558,-0.9009688679024191
0.006121632483714955,0.007735333011005915,0.0017300613474695269,-0.004342185833749299,-1.1384968475684085,0.5833333333333334,0.5863369091970017,-0.866025403784439,0.49999999999999933,0.9884683243281114,0.1514277775045767,-0.9749279121818236,-0.2225209339563146
0.01814304910623649,0.022016069292534093,0.00946248869903123,0.037579189749785455,-0.19030657752772862,0.5833333333333334,0.5864715651510392,-0.866025403784439,0.49999999999999933,0.8978045395707416,-0.4403941515576344,0.7818314824680298,0.6234898018587336
0.022853258888299106,0.026447876356378408,0.024525538349908525,0.013322415557341916,0.22536558659754838,0.5833333333333334,0.5865164504690517,-0.866025403784439,0.49999999999999933,0.7907757369376989,-0.6121059825476626,0.9749279121818236,-0.22252093395631434
0.004175387371557201,0.0016299517969225398,0.0025031079099476186,0.015593223726277876,-1.1100039646397286,0.5833333333333334,0.586561335787064,-0.866025403784439,0.49999999999999933,0.6513724827222223,-0.758758122692791,0.43388373911755823,-0.900968867902419
0.007472027459700894,0.032054072102591064,0.023879270686039678,0.01935550126056622,-0.0401435399983262,0.5833333333333334,0.5866062211050765,-0.866025403784439,0.49999999999999933,0.48530196253108104,-0.8743466161445821,-0.433883739117558,-0.9009688679024191
0.009876613999152274,0.0007882755830037755,0.018541481760505293,-0.0015987579262899214,-0.1508539038748188,0.5833333333333334,0.586651106423089,-0.866025403784439,0.49999999999999933,0.29936312297335804,-0.9541392564000488,-0.9749279121818236,-0.2225209339563146
0.0065306292271865435,0.010192179028286692,0.013486846425028674,0.015085604351318602,0.723991338310423,0.5833333333333334,0.5867857623771264,-0.866025403784439,0.49999999999999933,-0.29936312297335776,-0.9541392564000489,0.7818314824680298,0.6234898018587336
0.01774242230068977,0.029967693734107785,0.008630937167158624,0.03484679052495349,-0.3483263848574572,0.5833333333333334,0.5868306476951389,-0.866025403784439,0.49999999999999933,-0.4853019625310808,-0.8743466161445822,0.9749279121818236,-0.22252093395631434
0.04913269640979789,0.011291020988720077,0.026215853357795006,0.016604103226160776,-0.36342295812523606,0.5833333333333334,0.5868755330131514,-0.866025403784439,0.49999999999999933,-0.6513724827222217,-0.7587581226927913,0.43388373911755823,-0.900968867902419
0.0045557759581865654,0.004480994817940094,0.02108509804410095,-0.011291020988719954,-0.24395114770842669,0.5833333333333334,0.5869204183311639,-0.866025403784439,0.49999999999999933,-0.7907757369376986,-0.6121059825476627,-0.433883739117558,-0.9009688679024191
-0.007604555815782332,0.005869441443404354,-0.019564222926281963,0.005285002518728153,0.7231364977506404,0.5833333333333334,0.5869653036491764,-0.866025403784439,0.49999999999999933,-0.8978045395707417,-0.44039415155763423,-0.9749279121818236,-0.2225209339563146
0.00911859529545901,0.025669681504254842,0.004548940320044254,0.03840948204382916,1.090001206263732,0.5833333333333334,0.5870999596032138,-0.866025403784439,0.49999999999999933,-0.9884683243281114,0.15142777750457667,0.7818314824680298,0.6234898018587336
0.03573798384036557,0.005041400210872771,0.04003499451666097,0.007220206708254736,-1.645654021791587,0.5833333333333334,0.5871448449212263,-0.866025403784439,0.49999999999999933,-0.9377521321470804,0.3473052528448203,0.9749279121818236,-0.22252093395631434
-0.022214159973781285,-0.004319691396165047,0.007241119851943655,-0.03365350881925807,0.4653687433465314,0.5833333333333334,0.5871897302392388,-0.866025403784439,0.49999999999999933,-0.8486442574947509,0.5289640103269624,0.43388373911755823,-0.900968867902419
0.0018639761133916958,-0.027058315738109098,-0.03188831438862852,0.0037133493793639664,0.07405287725274098,0.5833333333333334,0.5872346155572513,-0.866025403784439,0.49999999999999933,-0.7247927872291207,0.6889669190756859,-0.433883739117558,-0.9009688679024191
0.0026036724483139615,0.013986281249688929,0.015888022983238662,0.005175660204546922,-0.7147000990530563,0.5833333333333334,0.5872795008752637,-0.866025403784439,0.49999999999999933,-0.5712682150947924,0.8207634412072763,-0.9749279121818236,-0.2225209339563146
-0.01799147242828986,0.010181861754764434,0.013110118671734112,-0.008145221590616031,0.9696625941484601,0.5833333333333334,0.5874141568293012,-0.866025403784439,0.49999999999999933,-2.4492935982947064e-16,1.0,0.7818314824680298,0.6234898018587336
-0.02994468194137317,-0.0167825568663337,-0.037601132323896294,-0.003724413377842057,-0.09617088912033703,0.5833333333333334,0.5874590421473137,-0.5000000000000012,0.8660254037844379,0.20129852008866006,0.9795299412524945,0.9749279121818236,-0.22252093395631434
-0.3793097954472968,-0.2704172281853384,-0.24959865272777584,-0.31389322584308044,2.706769228077558,0.5833333333333334,0.5875039274653261,-0.5000000000000012,0.8660254037844379,0.39435585511331855,0.9189578116202306,0.43388373911755823,-0.900968867902419
0.03579807820883286,-0.046382292597419675,-0.06164972619591176,-0.010267070047317728,-0.9759607887075339,0.5833333333333334,0.5875488127833386,-0.5000000000000012,0.8660254037844379,0.5712682150947923,0.8207634412072763,-0.433883739117558,-0.9009688679024191
0.053488682767665975,-0.005063224696360059,-0.006172902411178798,-0.008290195341949283,-1.3108531984823864,0.5833333333333334,0.5875936981013511,-0.5000000000000012,0.8660254037844379,0.72479278722912,0.6889669190756866,-0.9749279121818236,-0.2225209339563146
0.0010410490464081417,-0.0030504026224772124,-0.005173238361729882,0.009321678589321146,-0.1766482807459021,0.5833333333333334,0.5877283540553885,-0.5000000000000012,0.8660254037844379,0.9884683243281114,0.1514277775045767,0.7818314824680298,0.6234898018587336
-0.0010410490464081012,0.0029488335742453506,0.0062047216091018825,-0.006204721609101773,-0.3640175146338976,0.5833333333333334,0.587773239373401,-0.5000000000000012,0.8660254037844379,0.9987165071710528,-0.05064916883871264,0.9749279121818236,-0.22252093395631434
-0.04169044690516168,-0.022486687169829732,-0.020834067239453857,-0.031614875659062826,0.6696289954056076,0.5833333333333334,0.5878181246914135,-0.5000000000000012,0.8660254037844379,0.9680771188662043,-0.2506525322587204,0.43388373911755823,-0.900968867902419
0.011016445055527822,0.000622813804899296,-0.020202662245909414,0.031199782920941097,0.7821249931722184,0.5833333333333334,0.587863010009426,-0.5000000000000012,0.8660254037844379,0.8978045395707416,-0.4403941515576344,-0.433883739117558,-0.9009688679024191
0.020202662245909442,0.03607851825064172,0.027544037215480304,0.03607851825064172,-0.9258995909807919,0.5833333333333334,0.5879078953274385,-0.5000000000000012,0.8660254037844379,0.7907757369376989,-0.6121059825476626,-0.9749279121818236,-0.2225209339563146
-0.004748104565238292,0.0,0.03893935842510229,-0.038780382492739476,-0.21145662437230248,0.5833333333333334,0.5880425512814759,-0.5000000000000012,0.8660254037844379,0.29936312297335804,-0.9541392564000488,0.7818314824680298,0.6234898018587336
-0.023001833158425803,-0.03152263693445839,-0.027510599186259418,-0.01890805824903724,-0.36325291073191335,0.5833333333333334,0.5880874365994884,-0.5000000000000012,0.8660254037844379,0.10116832198743272,-0.994869323391895,0.9749279121818236,-0.22252093395631434
0.011834523216664918,-0.018770134208413645,-0.018770134208413645,-0.0031864803135189745,0.10783579886740785,0.5833333333333334,0.5881323219175009,-0.5000000000000012,0.8660254037844379,-0.10116832198743204,-0.9948693233918952,0.43388373911755823,-0.900968867902419
-0.017206014023080963,-0.003162863211168782,-0.010582149912423542,-0.017167787811240575,-0.3398178268723095,0.5833333333333334,0.5881772072355133,-0.5000000000000012,0.8660254037844379,-0.29936312297335776,-0.9541392564000489,-0.433883739117558,-0.9009688679024191
-0.00005447936896178597,-0.007419286701254789,-0.022593757986618345,0.0,0.963722104690094,0.5833333333333334,0.5882220925535258,-0.5000000000000012,0.8660254037844379,-0.4853019625310808,-0.8743466161445822,-0.9749279121818236,-0.2225209339563146
0.006507660816880581,0.0021254479933449275,0.010822658012053525,0.004319657140621676,-0.9065988087585264,0.5833333333333334,0.5883567485075633,-0.5000000000000012,0.8660254037844379,-0.8978045395707417,-0.44039415155763423,0.7818314824680298,0.6234898018587336
-0.005420088201389771,0.0021208390190702413,-0.008648694310383363,0.005373488658528,-0.28801380242662605,0.5833333333333334,0.5884016338255756,-0.5000000000000012,0.8660254037844379,-0.9680771188662041,-0.2506525322587213,0.9749279121818236,-0.22252093395631434
0.005420088201389766,-0.007442851669701161,0.011872741544193257,-0.008611455157646839,0.12680120884290658,0.5833333333333334,0.5884465191435881,-0.5000000000000012,0.8660254037844379,-0.9987165071710528,-0.05064916883871355,0.43388373911755823,-0.900968867902419
-0.01634909608178012,-0.011809010661437025,-0.007539044428982934,-0.005420088201389771,-0.9314472965570949,0.5833333333333334,0.5885362897796131,-0.5000000000000012,0.8660254037844379,-0.9377521321470804,0.3473052528448203,-0.9749279121818236,-0.2225209339563146
0.002195336095339993,-0.0032450744557864872,-0.005420088201389771,-0.004357301294971973,1.3434250612873833,0.5833333333333334,0.5886709457336505,-0.5000000000000012,0.8660254037844379,-0.5712682150947924,0.8207634412072763,0.7818314824680298,0.6234898018587336
-0.009696010304717208,-0.00543176104361449,-0.0021762254469963062,-0.01208138324046207,-0.07919775075799027,0.5833333333333334,0.588715831051663,-0.5000000000000012,0.8660254037844379,-0.3943558551133187,0.9189578116202306,0.9749279121818236,-0.22252093395631434
-0.003549203896957085,0.012987182792387503,-0.010953053665162719,-0.0011056086032227262,-0.44958928282729244,0.5833333333333334,0.5887607163696755,-0.5000000000000012,0.8660254037844379,-0.20129852008866114,0.9795299412524943,0.43388373911755823,-0.900968867902419
0.0,-0.01626058307158657,-0.004415014026497771,0.003313060296034042,2.6430630860187416,0.5833333333333334,0.588805601687688,-2.4492935982947064e-16,1.0,0.20129852008866006,0.9795299412524945,-0.433883739117558,-0.9009688679024191
-0.0033388714964171524,-0.003284046058854915,0.005515754791446611,-0.009972399142124295,-1.5159822992825924,0.5833333333333334,0.5888504870057005,-2.4492935982947064e-16,1.0,0.39435585511331855,0.9189578116202306,-0.9749279121818236,-0.2225209339563146
-0.039800634440409176,-0.0021953360953400475,-0.012175093637536967,-0.021385123980926117,-0.4485591357249978,0.5833333333333334,0.5889851429597379,-2.4492935982947064e-16,1.0,0.8486442574947509,0.5289640103269624,0.7818314824680298,0.6234898018587336
0.010386723844693696,-0.02898756153192808,-0.030528036094110096,0.0034071280609999323,-0.5259614835513512,0.5833333333333334,0.5890300282777504,-2.4492935982947064e-16,1.0,0.9377521321470804,0.3473052528448203,0.9749279121818236,-0.22252093395631434
-0.012709547627680836,0.004514675980943794,0.019329774647482565,-0.02409755685351626,1.7583893773942973,0.5833333333333334,0.5890749135957629,-2.4492935982947064e-16,1.0,0.9884683243281114,0.1514277775045767,0.43388373911755823,-0.900968867902419
-0.019965439401482297,0.007851941084036479,-0.033202816131972436,0.03537167658029649,-0.6846370400019872,0.5833333333333334,0.5891197989137753,-2.4492935982947064e-16,1.0,0.9987165071710528,-0.05064916883871264,-0.433883739117558,-0.9009688679024191
0.03611335526466691,0.04158149570637491,0.017311409719993773,0.008928622191168457,0.8041256075397876,0.5833333333333334,0.5891646842317878,-2.4492935982947064e-16,1.0,0.9680771188662043,-0.2506525322587204,-0.9749279121818236,-0.2225209339563146
0.018141070396735515,-0.02826277620165947,0.03706206700073064,-0.0022247459980224804,-1.7433036670854416,0.5833333333333334,0.5892993401858253,-2.4492935982947064e-16,1.0,0.6513724827222223,-0.758758122692791,0.7818314824680298,0.6234898018587336
-0.01585530279996307,-0.009972399142124295,-0.009972399142124295,-0.020248088179620077,0.30071061546125183,0.5833333333333334,0.5893442255038377,-2.4492935982947064e-16,1.0,0.48530196253108104,-0.8743466161445821,0.9749279121818236,-0.22252093395631434
-0.0011422307068400766,-0.014582329214435748,-0.020248088179620077,-0.0034148845779447194,-0.8256363636060242,0.5833333333333334,0.5893891108218502,-2.4492935982947064e-16,1.0,0.29936312297335804,-0.9541392564000488,0.43388373911755823,-0.900968867902419
-0.0068808093795306845,-0.009080643543128963,-0.008100916917022569,0.0,0.7922380832041763,0.5833333333333334,0.5894339961398627,-2.4492935982947064e-16,1.0,0.10116832198743272,-0.994869323391895,-0.433883739117558,-0.9009688679024191
-0.006928372633831008,0.0034148845779447276,-0.007936121287059448,-0.01493423602823886,0.4124178210891761,0.5833333333333334,0.5894788814578752,-2.4492935982947064e-16,1.0,-0.10116832198743204,-0.9948693233918952,-0.9749279121818236,-0.2225209339563146
-0.044304362290827896,-0.011428739421586523,-0.006952457338088844,-0.036539175532579043,-0.5619252096474229,0.5833333333333334,0.5896135374119126,-2.4492935982947064e-16,1.0,-0.6513724827222217,-0.7587581226927913,0.7818314824680298,0.6234898018587336
0.0016944083225831953,0.01709449838677094,-0.03912768322848939,0.040005352572399275,1.4958507070060836,0.5833333333333334,0.5896584227299251,-2.4492935982947064e-16,1.0,-0.7907757369376986,-0.6121059825476627,0.9749279121818236,-0.22252093395631434
0.041450507011476505,-0.005665758965184324,0.041450507011476505,0.011468058988418588,-0.8549505790206237,0.5833333333333334,0.5897033080479376,-2.4492935982947064e-16,1.0,-0.8978045395707417,-0.44039415155763423,0.43388373911755823,-0.900968867902419
0.005206847365755918,0.01913396268122543,0.005206847365755918,0.02254884725917003,0.4616677121088638,0.5833333333333334,0.5897481933659501,-2.4492935982947064e-16,1.0,-0.9680771188662041,-0.2506525322587213,-0.433883739117558,-0.9009688679024191
0.016595568812529223,0.009983460530393624,0.016595568812529223,0.0,-0.16445444584499913,0.5833333333333334,0.5897930786839625,-2.4492935982947064e-16,1.0,-0.9987165071710528,-0.05064916883871355,-0.9749279121818236,-0.2225209339563146
0.015766023397927653,0.02614525429813922,0.015766023397927653,0.01986813175694637,-0.16315873231771139,0.5833333333333334,0.5899726199560125,-2.4492935982947064e-16,1.0,-0.7247927872291207,0.6889669190756859,0.9749279121818236,-0.22252093395631434
0.022100326621142714,0.0010747156922507012,0.0318883499072252,0.013029591362208418,-0.12371951372490206,0.5833333333333334,0.5900175052740249,-2.4492935982947064e-16,1.0,-0.5712682150947924,0.8207634412072763,0.43388373911755823,-0.900968867902419
-0.00547938215419498,0.0021458703213948437,0.009693145799149563,-0.010846134370633044,-0.657594796269726,0.5833333333333334,0.5900623905920374,-2.4492935982947064e-16,1.0,-0.3943558551133187,0.9189578116202306,-0.433883739117558,-0.9009688679024191
0.0010982181429509345,0.0010712618958036379,-0.008611455157646839,0.018368973989460545,0.437284242695862,0.5833333333333334,0.5901072759100499,-2.4492935982947064e-16,1.0,-0.20129852008866114,0.9795299412524943,-0.9749279121818236,-0.2225209339563146
0.03664204773656314,0.09101826663856782,0.021391169797733887,0.04807613656148289,1.3282973976366863,0.6,0.5902868171820997,0.49999999999999994,0.8660254037844387,0.5712682150947923,0.8207634412072763,0.9749279121818236,-0.22252093395631434
0.016789465934559968,-0.02273944222230642,0.04449780202079748,-0.006141310983985549,-0.8914637890440352,0.6,0.5903317025001122,0.49999999999999994,0.8660254037844387,0.72479278722912,0.6889669190756866,0.43388373911755823,-0.900968867902419
-0.005216416300358666,-0.02122364034815093,-0.013245238333109434,-0.015520189348788902,-0.5925772581562326,0.6,0.5903765878181247,0.49999999999999994,0.8660254037844387,0.8486442574947509,0.5289640103269624,-0.433883739117558,-0.9009688679024191
-0.028649222236762296,-0.0010219959027282497,-0.01654638020326304,-0.018947967424708466,0.3761608235005126,0.6,0.5904214731361372,0.49999999999999994,0.8660254037844387,0.9377521321470804,0.3473052528448203,-0.9749279121818236,-0.2225209339563146
0.004296457962473827,-0.03432473542109871,-0.018947967424708466,-0.0010632886877127252,0.2545533098216353,0.6,0.5905561290901746,0.49999999999999994,0.8660254037844387,0.9680771188662043,-0.2506525322587204,0.7818314824680298,0.6234898018587336
-0.008611455157646839,0.002114214073258479,0.002123191625806121,-0.0053332645945755675,0.15093718241180618,0.6,0.5906010144081871,0.49999999999999994,0.8660254037844387,0.8978045395707416,-0.4403941515576344,0.9749279121818236,-0.22252093395631434
0.006465584836251871,-0.002114214073258602,-0.01280699264700476,-0.0021413774175153195,0.27872218385424025,0.6,0.5906458997261996,0.49999999999999994,0.8660254037844387,0.7907757369376989,-0.6121059825476626,0.43388373911755823,-0.900968867902419
-0.029429966176298564,0.014706183484425107,0.02963176844590708,-0.009693145799149703,-0.21866632093999513,0.6,0.5906907850442121,0.49999999999999994,0.8660254037844387,0.6513724827222223,-0.758758122692791,-0.433883739117558,-0.9009688679024191
0.022964381340046462,-0.015764969100006018,-0.030706484138157682,0.02141407482365579,0.0841003897953718,0.6,0.5907356703622245,0.49999999999999994,0.8660254037844387,0.48530196253108104,-0.8743466161445821,-0.9749279121818236,-0.2225209339563146
0.01075283257516221,0.0010587856155809161,0.011758516713449135,-0.009579551606990724,-0.5051572375148742,0.6,0.5909152116342745,0.49999999999999994,0.8660254037844387,-0.29936312297335776,-0.9541392564000489,0.9749279121818236,-0.22252093395631434
0.00213669993728949,-0.0021185923144772054,-0.004259853344998796,0.008519744908094519,-0.15703929515554785,0.6,0.5909600969522869,0.49999999999999994,0.8660254037844387,-0.4853019625310808,-0.8743466161445822,0.43388373911755823,-0.900968867902419
-0.007498663368450492,0.04459000478720088,0.00425985334499876,-0.009589860429806165,0.5667492126611212,0.6,0.5910049822702994,0.49999999999999994,0.8660254037844387,-0.6513724827222217,-0.7587581226927913,-0.433883739117558,-0.9009688679024191
0.002148175284981716,-0.04459000478720093,-0.006396553282288274,-0.0010712618958037086,-1.5298059263863668,0.6,0.5910498675883119,0.49999999999999994,0.8660254037844387,-0.7907757369376986,-0.6121059825476627,-0.9749279121818236,-0.2225209339563146
-0.02278992236781202,-0.006383044970804946,-0.0032137881461793043,-0.016207768806032995,0.3733557612081021,0.6,0.5911845235423493,0.49999999999999994,0.8660254037844387,-0.9987165071710528,-0.05064916883871355,0.7818314824680298,0.6234898018587336
0.009830789737439394,-0.007498663368450492,-0.012959132630372643,0.011911310843559127,0.15275763122101513,0.6,0.5912294088603618,0.49999999999999994,0.8660254037844387,-0.9884683243281114,0.15142777750457667,0.9749279121818236,-0.22252093395631434
0.005420088201389766,0.025479060793225507,0.011885673037641797,0.012834388662277617,0.08477272532053672,0.6,0.5912742941783743,0.49999999999999994,0.8660254037844387,-0.9377521321470804,0.3473052528448203,0.43388373911755823,-0.900968867902419
0.01075283257516221,-0.0042016828550656025,0.020202662245909442,-0.006396553282288274,-0.15047287075051224,0.6,0.5913191794963868,0.49999999999999994,0.8660254037844387,-0.8486442574947509,0.5289640103269624,-0.433883739117558,-0.9009688679024191
-0.011834523216665033,0.010471339603724442,-0.012712023387837628,0.02116479036537965,0.06801935372230099,0.6,0.5913640648143993,0.49999999999999994,0.8660254037844387,-0.7247927872291207,0.6889669190756859,-0.9749279121818236,-0.2225209339563146
0.006472559785504116,0.040821954783826074,0.06400531777538825,0.01352075835003318,0.2650255292888577,0.6,0.5914987207684367,0.49999999999999994,0.8660254037844387,-0.20129852008866114,0.9795299412524943,0.7818314824680298,0.6234898018587336
-0.005390869144001345,-0.027371243842759164,-0.027371243842759164,-0.03468554871541276,0.42183680658541517,0.6,0.5915436060864492,0.49999999999999994,0.8660254037844387,-2.4492935982947064e-16,1.0,0.9749279121818236,-0.22252093395631434
-0.018549367313548833,-0.0345042004572149,-0.035568519368522074,-0.020530222071523958,-0.27660021581868266,0.6,0.5915884914044617,0.8660254037844386,0.5000000000000001,0.20129852008866006,0.9795299412524945,0.43388373911755823,-0.900968867902419
-0.004415014026497771,-0.017167787811240575,-0.024799167754792385,-0.007671237052238221,-0.6717554361210522,0.6,0.5916333767224741,0.8660254037844386,0.5000000000000001,0.39435585511331855,0.9189578116202306,-0.433883739117558,-0.9009688679024191
0.0,0.0010816906415026986,0.0,0.0010995304668196184,0.2524762654810365,0.6,0.5916782620404866,0.8660254037844386,0.5000000000000001,0.5712682150947923,0.8207634412072763,-0.9749279121818236,-0.2225209339563146
0.0022099961859085022,-0.002164552604771607,0.0010911325603517308,0.0,0.07939886964093917,0.6,0.5918129179945241,0.8660254037844386,0.5000000000000001,0.9377521321470804,0.3473052528448203,0.7818314824680298,0.6234898018587336
-0.03481546600067281,-0.00761283689159002,-0.01649290976394011,-0.02222322156622745,0.19875512720529057,0.6,0.5918578033125365,0.8660254037844386,0.5000000000000001,0.9884683243281114,0.1514277775045767,0.9749279121818236,-0.22252093395631434
-0.009184900777309562,-0.020960456188169864,-0.005558678984581508,-0.006764339965700711,-0.8199206298200552,0.6,0.591902688630549,0.8660254037844386,0.5000000000000001,0.9987165071710528,-0.05064916883871264,0.43388373911755823,-0.900968867902419
0.011468058988418588,-0.006711481482549159,-0.006711481482549159,-0.007950035329993409,-0.025200732529025337,0.6,0.5919475739485615,0.8660254037844386,0.5000000000000001,0.9680771188662043,-0.2506525322587204,-0.433883739117558,-0.9009688679024191
-0.03598768045340176,0.0011217307877978407,-0.020408906941444885,-0.02073810482103519,0.42538556221895596,0.6,0.591992459266574,0.8660254037844386,0.5000000000000001,0.8978045395707416,-0.4403941515576344,-0.9749279121818236,-0.2225209339563146
-0.013087593579470074,-0.05768611782977694,-0.03615548010053426,-0.028337169211836752,0.6367787208483687,0.6,0.5921271152206113,0.8660254037844386,0.5000000000000001,0.48530196253108104,-0.8743466161445821,0.7818314824680298,0.6234898018587336
0.0,0.04072702126535816,0.0011869708996496975,0.0011968014815340491,-0.23289599654826165,0.6,0.5921720005386238,0.8660254037844386,0.5000000000000001,0.29936312297335804,-0.9541392564000488,0.9749279121818236,-0.22252093395631434
-0.007211620002121469,-0.03835459969038604,-0.01674684366928503,0.004773274406909948,-0.6717183667443135,0.6,0.5922168858566363,0.8660254037844386,0.5000000000000001,0.10116832198743272,-0.994869323391895,0.43388373911755823,-0.900968867902419
0.008408421483655717,0.012949046366593695,0.021480575644747455,-0.004773274406909872,0.14018447869478973,0.6,0.5922617711746488,0.8660254037844386,0.5000000000000001,-0.10116832198743204,-0.9948693233918952,-0.433883739117558,-0.9009688679024191
-0.0035949390094800354,-0.009400765066453569,-0.01666709317057199,0.013072154161091762,0.019897386208104783,0.6,0.5923066564926613,0.8660254037844386,0.5000000000000001,-0.29936312297335776,-0.9541392564000489,-0.9749279121818236,-0.2225209339563146
0.02957045758798846,0.03480631839024588,0.02957045758798846,0.026792463546604178,0.812992084317651,0.6,0.5924861977647112,0.8660254037844386,0.5000000000000001,-0.8978045395707417,-0.44039415155763423,0.9749279121818236,-0.22252093395631434
0.02645358296987574,0.053286692943701655,0.030983597515958555,0.05479288697046302,1.1271166723490025,0.6,0.5925310830827237,0.8660254037844386,0.5000000000000001,-0.9680771188662041,-0.2506525322587213,0.43388373911755823,-0.900968867902419
0.03238696786487527,0.01075283257516221,0.03987235228536226,-0.0043620531107046445,-1.4866745502673981,0.6,0.5925759684007361,0.8660254037844386,0.5000000000000001,-0.9987165071710528,-0.05064916883871355,-0.433883739117558,-0.9009688679024191
-0.018858026379926878,-0.0011772309309068321,0.001085212121288424,-0.01652926026052914,0.826378014712075,0.6,0.5926208537187486,0.8660254037844386,0.5000000000000001,-0.9884683243281114,0.15142777750457667,-0.9749279121818236,-0.2225209339563146
0.005583402275570134,-0.019352991140617032,-0.018610287742901844,0.0033277605213776237,-0.5556899294930802,0.6,0.5927555096727861,0.8660254037844386,0.5000000000000001,-0.7247927872291207,0.6889669190756859,0.7818314824680298,0.6234898018587336
0.002224745998022385,-0.0010923244312234862,0.005509676655043644,0.008820335727907783,0.1076940541383367,0.6,0.5928003949907985,0.8660254037844386,0.5000000000000001,-0.5712682150947924,0.8207634412072763,0.9749279121818236,-0.22252093395631434
0.008849606874565697,0.02055243098103584,0.01850897351640324,0.002193033555974538,0.3090634309393092,0.6,0.592845280308811,1.0,6.123233995736766e-17,0.20129852008866006,0.9795299412524945,0.43388373911755823,-0.900968867902419
-0.0026466897089495473,-0.009682717053450515,-0.007579965636012906,0.007637756181464945,0.5215157453286797,0.6,0.5928901656268235,1.0,6.123233995736766e-17,0.39435585511331855,0.9189578116202306,-0.433883739117558,-0.9009688679024191
-0.003983109677451713,0.0,0.005420088201389766,-0.016438684535434,-0.22816996591145638,0.6,0.592935050944836,1.0,6.123233995736766e-17,0.5712682150947923,0.8207634412072763,-0.9749279121818236,-0.2225209339563146
0.016492909763940102,0.017149385857450614,-0.006507660816880593,0.026604216576807473,0.9844270390372156,0.6,0.5930697068988734,1.0,6.123233995736766e-17,0.9377521321470804,0.3473052528448203,0.7818314824680298,0.6234898018587336
0.013001254131182867,0.002123191625806121,0.025780238300137204,0.0017201409962681168,-1.0364824089584406,0.6,0.5931145922168859,1.0,6.123233995736766e-17,0.9884683243281114,0.1514277775045767,0.9749279121818236,-0.22252093395631434
-0.02617376993199683,0.0021185923144771313,0.0021185923144771313,-0.022814680918032095,-0.7620434927951926,0.6,0.5931594775348984,1.0,6.123233995736766e-17,0.9987165071710528,-0.05064916883871264,0.43388373911755823,-0.900968867902419
0.10381233167657376,0.11483931578366302,0.09867157695003581,0.11607215546106789,3.6128054355827506,0.6,0.5932043628529109,1.0,6.123233995736766e-17,0.9680771188662043,-0.2506525322587204,-0.433883739117558,-0.9009688679024191
0.005958351152409131,-0.01520949484440939,-0.027705279872229722,0.015534277859257572,-1.7871809797966802,0.6,0.5932492481709233,1.0,6.123233995736766e-17,0.8978045395707416,-0.4403941515576344,-0.9749279121818236,-0.2225209339563146
0.03741016999320737,0.04678121637632478,0.032964613209826306,0.05254486987476712,-0.04461074239335293,0.6,0.5933839041249608,1.0,6.123233995736766e-17,0.48530196253108104,-0.8743466161445821,0.7818314824680298,0.6234898018587336
0.0014296255537774027,0.0,0.006180246391509181,-0.014733217927556844,-0.24520722477948723,0.6,0.5934287894429733,1.0,6.123233995736766e-17,0.29936312297335804,-0.9541392564000488,0.9749279121818236,-0.22252093395631434
0.0009519495029114922,-0.0036630043997713676,0.01084147034526704,0.004627513258124211,-0.7578051652274691,0.6,0.5934736747609857,1.0,6.123233995736766e-17,0.10116832198743272,-0.994869323391895,0.43388373911755823,-0.900968867902419
0.0009510441568306737,0.0,0.0065420510026416,-0.015821649544576294,-0.03808790996734669,0.6,0.5935185600789982,1.0,6.123233995736766e-17,-0.10116832198743204,-0.9948693233918952,-0.433883739117558,-0.9009688679024191
0.006631923198772245,-0.013856999664202977,-0.009829196229417789,0.0028102813601165034,-0.323714010252112,0.6,0.5935634453970107,1.0,6.123233995736766e-17,-0.29936312297335776,-0.9541392564000489,-0.9749279121818236,-0.2225209339563146
-0.003784296020782848,0.001858779098215161,0.01308433055218681,-0.004688169603079944,0.12149765553203115,0.6,0.5936981013510481,1.0,6.123233995736766e-17,-0.7907757369376986,-0.6121059825476627,0.7818314824680298,0.6234898018587336
-0.004750620837731633,-0.0112046773352072,-0.023486282848667113,-0.01134226535745401,0.2140690281215816,0.6,0.5937429866690606,1.0,6.123233995736766e-17,-0.8978045395707417,-0.44039415155763423,0.9749279121818236,-0.22252093395631434
-0.008608389194418729,0.01860525880828827,-0.0019029936597422328,0.027193419645352164,-0.30315996507984494,0.6,0.5937878719870731,1.0,6.123233995736766e-17,-0.9680771188662041,-0.2506525322587213,0.43388373911755823,-0.900968867902419
0.033997665702828,0.06942286122575259,0.03922072013990626,0.0610054014720018,0.7616061141958169,0.6,0.5938327573050856,1.0,6.123233995736766e-17,-0.9987165071710528,-0.05064916883871355,-0.433883739117558,-0.9009688679024191
0.02927928144944094,-0.004308510814295122,0.05868348825304153,-0.014023003634458209,-0.6720120164135304,0.6,0.5938776426230981,1.0,6.123233995736766e-17,-0.9884683243281114,0.15142777750457667,-0.9749279121818236,-0.2225209339563146
0.01165410877258112,-0.0078023936158516305,-0.025362090773683354,0.0052817392954463745,-0.24716879596415972,0.6,0.5940122985771354,1.0,6.123233995736766e-17,-0.7247927872291207,0.6889669190756859,0.7818314824680298,0.6234898018587336
0.0026702047565201202,-0.004361122668704178,0.009695947155450288,0.0,-0.021301859446948186,0.6,0.5940571838951479,1.0,6.123233995736766e-17,-0.5712682150947924,0.8207634412072763,0.9749279121818236,-0.22252093395631434
-0.02156415712729978,0.005231086097334672,0.008733713431011883,-0.021296343907966468,0.21113909213678375,0.6,0.5941020692131604,1.0,6.123233995736766e-17,-0.3943558551133187,0.9189578116202306,0.43388373911755823,-0.900968867902419
-0.019257819732319964,-0.023758307381424384,-0.023758307381424384,-0.011727618429474947,0.16962803710777982,0.6,0.5941469545311729,1.0,6.123233995736766e-17,-0.20129852008866114,0.9795299412524943,-0.433883739117558,-0.9009688679024191
0.022884293434025937,0.015024593950412387,-0.016158282762944717,0.033901476674071666,0.10463515052718363,0.6,0.5941918398491853,1.0,6.123233995736766e-17,-2.4492935982947064e-16,1.0,-0.9749279121818236,-0.2225209339563146
-0.00362647370170591,0.004376391403989354,0.03205970527597715,-0.024868043407205727,-0.9664700553300064,0.6,0.5943264958032228,0.8660254037844387,-0.4999999999999998,0.5712682150947923,0.8207634412072763,0.7818314824680298,0.6234898018587336
-0.022039437851242315,-0.014958490945035971,-0.024845974931156044,0.0026941851626088357,0.2535715953646402,0.6,0.5943713811212353,0.8660254037844387,-0.4999999999999998,0.72479278722912,0.6889669190756866,0.9749279121818236,-0.22252093395631434
0.04182419431589306,0.010582099541046563,0.013387046827489613,0.015131582122449623,-0.3304166880650818,0.6,0.5944162664392477,0.8660254037844387,-0.4999999999999998,0.8486442574947509,0.5289640103269624,0.43388373911755823,-0.900968867902419
0.004442494409365816,0.04040087704219481,0.0017715202003403935,0.040256477624413076,1.116964539971225,0.6,0.5944611517572602,0.8660254037844387,-0.4999999999999998,0.9377521321470804,0.3473052528448203,-0.433883739117558,-0.9009688679024191
0.0,-0.0016862992077094458,0.020149568524000742,-0.03058601893419602,-0.3305302170999484,0.6,0.5945060370752727,0.8660254037844387,-0.4999999999999998,0.9884683243281114,0.1514277775045767,-0.9749279121818236,-0.2225209339563146
-0.048125467823473995,-0.029980864403473417,-0.012216503519924878,-0.05947697083437539,0.36386493161564637,0.6,0.5946406930293101,0.8660254037844387,-0.4999999999999998,0.8978045395707416,-0.4403941515576344,0.7818314824680298,0.6234898018587336
-0.062370292957178844,-0.06837196759964387,-0.0737703883825568,-0.04560171895107925,0.1345643486532547,0.6,0.5946855783473226,0.8660254037844387,-0.4999999999999998,0.7907757369376989,-0.6121059825476626,0.9749279121818236,-0.22252093395631434
0.014742243967924255,-0.005602205663000722,-0.031687713634588145,0.03345770145986623,-1.430143443591059,0.6,0.5947304636653351,0.8660254037844387,-0.4999999999999998,0.6513724827222223,-0.758758122692791,0.43388373911755823,-0.900968867902419
0.00970885098393867,-0.002813005769879938,0.03357633152131374,-0.027633959612318165,-0.23516403816833456,0.6,0.5947753489833476,0.8660254037844387,-0.4999999999999998,0.48530196253108104,-0.8743466161445821,-0.433883739117558,-0.9009688679024191
-0.034401463574310114,-0.03147612585456017,-0.027739698376892365,-0.02445109495186285,0.7079035989396667,0.6,0.5949548902553975,0.8660254037844387,-0.4999999999999998,-0.29936312297335776,-0.9541392564000489,0.7818314824680298,0.6234898018587336
0.004987560489632167,-0.010716094569309066,-0.02057887711234564,0.010832174296317524,0.1963942165286016,0.6,0.59499977557341,0.8660254037844387,-0.4999999999999998,-0.4853019625310808,-0.8743466161445822,0.9749279121818236,-0.22252093395631434
-0.014028320539146778,0.012652247924521874,-0.018991128671961732,0.012652247924521874,-0.27567484487817423,0.6,0.5950446608914225,0.8660254037844387,-0.4999999999999998,-0.6513724827222217,-0.7587581226927913,0.43388373911755823,-0.900968867902419
0.03275726431508856,-0.0009676080914527369,0.03859958080900674,-0.008742178252915178,-0.7613879817746282,0.6,0.5950895462094349,0.8660254037844387,-0.4999999999999998,-0.7907757369376986,-0.6121059825476627,-0.433883739117558,-0.9009688679024191
-0.006859379697288264,0.010592266515441798,-0.012701696191206363,0.013566132570294267,0.6645711434589662,0.6,0.5951344315274474,0.8660254037844387,-0.4999999999999998,-0.8978045395707417,-0.44039415155763423,-0.9749279121818236,-0.2225209339563146
0.01270169619120641,-0.001428150974025991,0.021401620592379947,-0.0027950749942409975,-0.4072324506119935,0.6,0.5952690874814849,0.8660254037844387,-0.4999999999999998,-0.9884683243281114,0.15142777750457667,0.7818314824680298,0.6234898018587336
-0.007308174517120327,-0.0014495233182365381,-0.016008098918293957,-0.008821694647105605,0.12941655125367857,0.6,0.5953139727994973,0.8660254037844387,-0.4999999999999998,-0.9377521321470804,0.3473052528448203,0.9749279121818236,-0.22252093395631434
-0.022250646242371802,-0.010622954215521119,0.0004887959799345898,-0.025642452320917553,-0.008025009630434933,0.6,0.5953588581175098,0.8660254037844387,-0.4999999999999998,-0.8486442574947509,0.5289640103269624,0.43388373911755823,-0.900968867902419
0.013902939027250689,0.017324721459617647,-0.008836503195055809,0.045884019020708225,0.18237284613813828,0.6,0.5954037434355223,0.8660254037844387,-0.4999999999999998,-0.7247927872291207,0.6889669190756859,-0.433883739117558,-0.9009688679024191
-0.003952570404803319,0.0,0.017595698460823362,-0.0173247214596177,0.3734629456252537,0.6,0.5954486287535348,0.8660254037844387,-0.4999999999999998,-0.5712682150947924,0.8207634412072763,-0.9749279121818236,-0.2225209339563146
-0.009950368622447227,-0.005933534652639976,-0.011696028891390823,-0.01171887265318695,0.06690669496467909,0.6,0.5955832847075722,0.5000000000000003,-0.8660254037844385,0.20129852008866006,0.9795299412524945,0.7818314824680298,0.6234898018587336
0.005982113388948107,0.03415744014957369,-0.01382049520773505,0.039485132921641186,0.7182321388997892,0.6,0.5956281700255847,0.5000000000000003,-0.8660254037844385,0.39435585511331855,0.9189578116202306,0.9749279121818236,-0.22252093395631434
0.03803475377568612,0.02383249668351827,0.0428080507804838,0.028852580215882696,-0.37584044200719363,0.6,0.5956730553435972,0.5000000000000003,-0.8660254037844385,0.5712682150947923,0.8207634412072763,0.43388373911755823,-0.900968867902419
0.020834112305305148,-0.012762283155732697,0.037387497074397126,-0.010142978503232154,-0.179386603548032,0.6,0.5957179406616097,0.5000000000000003,-0.8660254037844385,0.72479278722912,0.6889669190756866,-0.433883739117558,-0.9009688679024191
-0.01606081530050713,-0.005519744150001072,-0.009216602447065417,-0.024391474947620017,-0.10612020886903045,0.6,0.5957628259796222,0.5000000000000003,-0.8660254037844385,0.8486442574947509,0.5289640103269624,-0.9749279121818236,-0.2225209339563146
0.0028530436235449943,-0.016744605664236387,-0.022472833776264838,0.012270103636614781,0.14444597605185427,0.6,0.5958974819336595,0.5000000000000003,-0.8660254037844385,0.9987165071710528,-0.05064916883871264,0.7818314824680298,0.6234898018587336
-0.01338446263231122,0.008407350150034413,0.0047236022529345435,-0.012270103636614701,0.5440610887425472,0.6,0.595942367251672,0.5000000000000003,-0.8660254037844385,0.9680771188662043,-0.2506525322587204,0.9749279121818236,-0.22252093395631434
0.0067146241290035194,-0.009345898236991945,-0.004723602252934559,0.008510704250789035,-0.5882825037133737,0.6,0.5959872525696845,0.5000000000000003,-0.8660254037844385,0.8978045395707416,-0.4403941515576344,0.43388373911755823,-0.900968867902419
-0.05199795349392708,0.0,0.008486538322135275,-0.06315839428083461,0.2125415196235657,0.6,0.5960321378876969,0.5000000000000003,-0.8660254037844385,0.7907757369376989,-0.6121059825476626,-0.433883739117558,-0.9009688679024191
-0.028602632969435677,-0.03633278782331502,-0.06297476334263408,-0.03158697832839852,1.277076022881578,0.6,0.5960770232057094,0.5000000000000003,-0.8660254037844385,0.6513724827222223,-0.758758122692791,-0.9749279121818236,-0.2225209339563146
-0.0072802918014604435,0.022148188650112807,-0.030459227148096752,0.024541086179669235,-1.2959196179430905,0.6,0.5962116791597469,0.5000000000000003,-0.8660254037844385,0.10116832198743272,-0.994869323391895,0.7818314824680298,0.6234898018587336
0.024743507270518755,-0.03193303960114628,0.012295225443461677,0.0040322598452742905,-0.9644430613320752,0.6,0.5962565644777593,0.5000000000000003,-0.8660254037844385,-0.10116832198743204,-0.9948693233918952,0.9749279121818236,-0.22252093395631434
-0.03207719066462128,-0.002954185541035128,0.018164001704635117,-0.03480384024330247,0.8619154286886236,0.6,0.5963014497957718,0.5000000000000003,-0.8660254037844385,-0.29936312297335776,-0.9541392564000489,0.43388373911755823,-0.900968867902419
0.0,-0.008318585011455422,-0.05024119236925635,0.008298794604689132,-0.7050555186224685,0.6,0.5963463351137843,0.5000000000000003,-0.8660254037844385,-0.4853019625310808,-0.8743466161445822,-0.433883739117558,-0.9009688679024191
0.004825303290361438,-0.03295559785855445,0.022869948526497156,-0.0051786951210826045,0.24044915900963257,0.6,0.5963912204317968,0.5000000000000003,-0.8660254037844385,-0.6513724827222217,-0.7587581226927913,-0.9749279121818236,-0.2225209339563146
-0.005877405308655659,-0.009292704914439289,-0.01972036768972577,-0.0031200994836066325,-0.19824508329496948,0.6,0.5965258763858342,0.5000000000000003,-0.8660254037844385,-0.9680771188662041,-0.2506525322587213,0.7818314824680298,0.6234898018587336
-0.020202662245909414,0.0062047216091018825,0.010427662775286402,0.002081114571250138,0.5363158541802079,0.6,0.5965707617038467,0.5000000000000003,-0.8660254037844385,-0.9987165071710528,-0.05064916883871355,0.9749279121818236,-0.22252093395631434
0.00749063885807176,-0.007242628152122711,-0.007287970660781112,-0.019948123773879202,-0.7041840237969771,0.6,0.5966156470218592,0.5000000000000003,-0.8660254037844385,-0.9884683243281114,0.15142777750457667,0.43388373911755823,-0.900968867902419
0.007434946103410275,0.008273048538034771,-0.010504238180739651,0.01994812377387912,-0.34593808228735934,0.6,0.5966605323398717,0.5000000000000003,-0.8660254037844385,-0.9377521321470804,0.3473052528448203,-0.433883739117558,-0.9009688679024191
0.0,0.013299440339200287,0.00945883556094272,0.0103413931629773,0.8062479716088975,0.6,0.5967054176578841,0.5000000000000003,-0.8660254037844385,-0.8486442574947509,0.5289640103269624,-0.9749279121818236,-0.2225209339563146
0.021978911106510766,0.022111479811932424,0.01659787498817786,0.012270080626614402,-0.5805176659099567,0.6,0.5968849589299341,0.5000000000000003,-0.8660254037844385,-0.20129852008866114,0.9795299412524943,0.9749279121818236,-0.22252093395631434
0.019477861483309145,0.036119091889109826,0.0243914294820772,0.047628003911058245,0.5838190885190105,0.6,0.5969298442479465,0.5000000000000003,-0.8660254037844385,-2.4492935982947064e-16,1.0,0.43388373911755823,-0.900968867902419
-0.015345628065938826,-0.0028805288045587072,0.038409481141831694,-0.033500686026851405,0.14078365139157786,0.6,0.596974729565959,1.2246467991473532e-16,-1.0,0.20129852008866006,0.9795299412524945,-0.433883739117558,-0.9009688679024191
0.01534562806593886,-0.03224509304251446,-0.04951506265646803,-0.002005969028743923,-0.4921148202343975,0.6,0.5970196148839715,1.2246467991473532e-16,-1.0,0.39435585511331855,0.9189578116202306,-0.9749279121818236,-0.2225209339563146
0.01230968399073052,0.02742588014332535,0.02109571247110604,0.025769535477097212,0.24132673589889989,0.6,0.5971542708380089,1.2246467991473532e-16,-1.0,0.8486442574947509,0.5289640103269624,0.7818314824680298,0.6234898018587336
0.023586458010192136,0.007699741703747836,0.020659862130371024,0.007797302849916281,-0.0004340564530248838,0.6,0.5971991561560214,1.2246467991473532e-16,-1.0,0.9377521321470804,0.3473052528448203,0.9749279121818236,-0.22252093395631434
-0.0318434555640595,-0.0057692870664361,0.0067928153239674586,-0.021600592836040433,-0.4655925858389994,0.6,0.5972440414740339,1.2246467991473532e-16,-1.0,0.9884683243281114,0.1514277775045767,0.43388373911755823,-0.900968867902419
-0.029761042138531382,-0.02935633478063709,-0.026459207412301972,-0.04151500356253795,0.4307708884770492,0.6,0.5972889267920464,1.2246467991473532e-16,-1.0,0.9987165071710528,-0.05064916883871264,-0.433883739117558,-0.9009688679024191
-0.00941923758543038,-0.001988022941352476,-0.035375030480583436,0.030552293402017823,-0.07481183954288799,0.6,0.5973338121100589,1.2246467991473532e-16,-1.0,0.9680771188662043,-0.2506525322587204,-0.9749279121818236,-0.2225209339563146
0.008377004181703451,0.013834152571690708,0.03636760912993175,-0.002008078755808964,0.25581650010960216,0.6,0.5974684680640963,1.2246467991473532e-16,-1.0,0.6513724827222223,-0.758758122692791,0.7818314824680298,0.6234898018587336
0.01243538142536812,-0.012839599672374946,-0.01700892212984754,0.008008043349663842,-0.9551755369391659,0.6,0.5975133533821088,1.2246467991473532e-16,-1.0,0.48530196253108104,-0.8743466161445821,0.9749279121818236,-0.22252093395631434
0.010246030119793019,-0.003984065041278902,0.010040283247916185,-0.004997530895563827,0.624346555197064,0.6,0.5975582387001213,1.2246467991473532e-16,-1.0,0.29936312297335804,-0.9541392564000488,0.43388373911755823,-0.900968867902419
-0.004085803442954354,0.008941857731935213,0.006968638881931441,-0.014127317884206752,-0.3449860699321252,0.6,0.5976031240181338,1.2246467991473532e-16,-1.0,0.10116832198743272,-0.994869323391895,-0.433883739117558,-0.9009688679024191
0.0010229438344668172,-0.0019801495854477142,-0.030213798331212315,0.025089122917140886,0.2094449722590218,0.6,0.5976480093361461,1.2246467991473532e-16,-1.0,-0.10116832198743204,-0.9948693233918952,-0.9749279121818236,-0.2225209339563146
0.02424368459854837,0.004943182533093868,0.02424368459854837,0.001980149585447649,-0.4588652266155467,0.6,0.5977826652901836,1.2246467991473532e-16,-1.0,-0.6513724827222217,-0.7587581226927913,0.7818314824680298,0.6234898018587336
-0.027315856331959112,-0.006927355596265827,0.00497753508331559,-0.036257714063894324,0.4905708620196771,0.6,0.5978275506081961,1.2246467991473532e-16,-1.0,-0.7907757369376986,-0.6121059825476627,0.9749279121818236,-0.22252093395631434
0.0020492278989437734,0.004952976125897944,-0.030244163516330688,0.03229339141527463,-0.6026365637551867,0.6,0.5978724359262085,1.2246467991473532e-16,-1.0,-0.8978045395707417,-0.44039415155763423,0.43388373911755823,-0.900968867902419
0.0010229438344668172,-0.004952976125897885,0.01321820569954828,-0.0029835659609466097,0.5450943253731715,0.6,0.597917321244221,1.2246467991473532e-16,-1.0,-0.9680771188662041,-0.2506525322587213,-0.433883739117558,-0.9009688679024191
-0.0020470328671578298,0.02645920741230194,-0.014242294732239232,0.029442773373248396,0.13971206078592088,0.6,0.5979622065622335,1.2246467991473532e-16,-1.0,-0.9987165071710528,-0.05064916883871355,-0.9749279121818236,-0.2225209339563146
0.020284651550515558,-0.008742178252915178,0.04213261722434218,-0.028447230353654426,-0.24587033564286342,0.6,0.5980968625162709,1.2246467991473532e-16,-1.0,-0.8486442574947509,0.5289640103269624,0.7818314824680298,0.6234898018587336
0.01692425413129562,0.004866208169120643,-0.004923711542530988,0.024571260269859816,0.5571290372936554,0.6,0.5981417478342834,1.2246467991473532e-16,-1.0,-0.7247927872291207,0.6889669190756859,0.9749279121818236,-0.22252093395631434
0.008845281345801627,0.0,0.016642584195717992,-0.0058423164939181696,-1.2850518319381223,0.6,0.5981866331522959,1.2246467991473532e-16,-1.0,-0.5712682150947924,0.8207634412072763,0.43388373911755823,-0.900968867902419
-0.026774078902453233,0.059367416355840454,0.0,0.055094647953929606,1.7768425955989544,0.6,0.5982315184703084,1.2246467991473532e-16,-1.0,-0.3943558551133187,0.9189578116202306,-0.433883739117558,-0.9009688679024191
0.0613928872178371,-0.0073462149644101735,0.049252331460011546,0.0027688699314186373,-1.034896474282002,0.6,0.5982764037883209,1.2246467991473532e-16,-1.0,-0.20129852008866114,0.9795299412524943,-0.9749279121818236,-0.2225209339563146
0.015940335354666383,0.009174323698832552,0.011943193630251403,0.005514670713953448,-0.19592961338661338,0.6,0.5984110597423583,-0.4999999999999997,-0.8660254037844388,0.5712682150947923,0.8207634412072763,0.7818314824680298,0.6234898018587336
-0.017832436559127356,-0.0018281087344224256,-0.005494470372508465,-0.004593502966645918,0.20646429743275138,0.6,0.5985008303783833,-0.4999999999999997,-0.8660254037844388,0.8486442574947509,0.5289640103269624,0.43388373911755823,-0.900968867902419
0.00942508640909297,0.0,-0.00275868557901671,-0.008321749220388683,-0.3573285684754042,0.6,0.5985457156963957,-0.4999999999999997,-0.8660254037844388,0.9377521321470804,0.3473052528448203,-0.433883739117558,-0.9009688679024191
-0.008478633413372362,0.002740954891054335,-0.026120863673270277,0.010161718274376284,-0.13691270508197168,0.6,0.5985906010144082,-0.4999999999999997,-0.8660254037844388,0.9884683243281114,0.1514277775045767,-0.9749279121818236,-0.2225209339563146
0.004719234027546895,0.004551686522696643,0.02612086367327022,0.002753533912658222,0.8193886245899497,0.6,0.5987252569684457,-0.4999999999999997,-0.8660254037844388,0.8978045395707416,-0.4403941515576344,0.7818314824680298,0.6234898018587336
-0.0028288310158196607,-0.0036396728942579707,0.0,-0.00551467071395345,-0.5030899038388502,0.6,0.5987701422864581,-0.4999999999999997,-0.8660254037844388,0.7907757369376989,-0.6121059825476626,0.9749279121818236,-0.22252093395631434
0.0,-0.0045683213254873335,-0.006466507157632934,-0.012053934592908726,-0.06593910259619624,0.6,0.5988150276044706,-0.4999999999999997,-0.8660254037844388,0.6513724827222223,-0.758758122692791,0.43388373911755823,-0.900968867902419
-0.04638517494834198,-0.023159904839399077,-0.014939572614942567,-0.015037862537514927,0.7466795431319974,0.6,0.5988599129224831,-0.4999999999999997,-0.8660254037844388,0.48530196253108104,-0.8743466161445821,-0.433883739117558,-0.9009688679024191
-0.02301247573078491,0.018570618140989717,-0.015166152733070815,-0.043548318940894386,0.02055317904869969,0.6,0.5989047982404956,-0.4999999999999997,-0.8660254037844388,0.29936312297335804,-0.9541392564000488,-0.9749279121818236,-0.2225209339563146
-0.06372909438390836,-0.07347122898848174,-0.036969200898426945,-0.046567123253297885,0.10810978189702018,0.6,0.599039454194533,-0.4999999999999997,-0.8660254037844388,-0.29936312297335776,-0.9541392564000489,0.7818314824680298,0.6234898018587336
0.042244888396002565,0.03979174504989618,-0.04251653213324295,0.06324235823110148,-0.10500990700617312,0.6,0.5990843395125455,-0.4999999999999997,-0.8660254037844388,-0.4853019625310808,-0.8743466161445822,0.9749279121818236,-0.22252093395631434
0.0395388890280344,0.03643554757148572,0.05824938822945773,0.058562520186421184,-0.08389473646249672,0.6,0.599129224830558,-0.4999999999999997,-0.8660254037844388,-0.6513724827222217,-0.7587581226927913,0.43388373911755823,-0.900968867902419
0.04850611163155074,0.00457668460592583,0.06606173325938355,-0.010142978503232154,-0.3511062603330401,0.6,0.5991741101485705,-0.4999999999999997,-0.8660254037844388,-0.7907757369376986,-0.6121059825476627,-0.433883739117558,-0.9009688679024191
0.015970195966023334,0.0,-0.01379328705299136,0.00922519273664963,0.16988500177140758,0.6,0.599218995466583,-0.4999999999999997,-0.8660254037844388,-0.8978045395707417,-0.44039415155763423,-0.9749279121818236,-0.2225209339563146
-0.004670651874008084,0.009091006381034637,0.0128796068468369,0.01368006892231533,-0.4108069175763402,0.6,0.5993536514206204,-0.4999999999999997,-0.8660254037844388,-0.9884683243281114,0.15142777750457667,0.7818314824680298,0.6234898018587336
0.03133898315756106,0.011696049798699037,0.007286086626474546,0.012601457629926786,0.11621307099453289,0.6,0.5993985367386329,-0.4999999999999997,-0.8660254037844388,-0.9377521321470804,0.3473052528448203,0.9749279121818236,-0.22252093395631434
-0.0009078737409913783,0.0008939898010407571,0.005429829169281821,-0.004482319453877901,-0.45233576537807413,0.6,0.5994434220566454,-0.4999999999999997,-0.8660254037844388,-0.8486442574947509,0.5289640103269624,0.43388373911755823,-0.900968867902419
0.005434747629594556,0.0,-0.0009029552806786963,0.004482319453877906,0.10223180247365934,0.6,0.5994883073746577,-0.4999999999999997,-0.8660254037844388,-0.7247927872291207,0.6889669190756859,-0.433883739117558,-0.9009688679024191
-0.0018082739278886006,0.0,-0.0018082739278886006,-0.002687031329938637,-0.2980997228112977,0.6,0.5995331926926702,-0.4999999999999997,-0.8660254037844388,-0.5712682150947924,0.8207634412072763,-0.9749279121818236,-0.2225209339563146
-0.004535172426464753,-0.0035810211309792775,0.0090090184687603,-0.013544190895225138,0.6519078362050438,0.6,0.5996678486467077,-0.4999999999999997,-0.8660254037844388,-2.4492935982947064e-16,1.0,0.7818314824680298,0.6234898018587336
-0.05608950333082567,-0.017187178693162983,-0.06962406582943312,-0.047472872209215165,1.1051110930192758,0.6,0.5997127339647201,-0.8660254037844385,-0.5000000000000004,0.20129852008866006,0.9795299412524945,0.9749279121818236,-0.22252093395631434
-0.17275206909802185,-0.042877027836954934,0.009559859299315127,-0.10440767926708766,0.4375252190393646,0.6,0.5997576192827326,-0.8660254037844385,-0.5000000000000004,0.39435585511331855,0.9189578116202306,0.43388373911755823,-0.900968867902419
0.06525256820826132,-0.09274208358741164,-0.11386217312669207,0.005277077284427325,-1.4613512400659097,0.6,0.5998025046007451,-0.8660254037844385,-0.5000000000000004,0.5712682150947923,0.8207634412072763,-0.433883739117558,-0.9009688679024191
0.018037632047004818,0.0052110792054037,0.026331168744684122,0.0052493758583805105,-0.16641703933271124,0.6,0.5998473899187576,-0.8660254037844385,-0.5000000000000004,0.72479278722912,0.6889669190756866,-0.9749279121818236,-0.2225209339563146
-0.0010521020182940976,-0.004166668762577977,-0.007303078316594056,0.003136409554016123,0.131963656787717,0.6,0.599982045872795,-0.8660254037844385,-0.5000000000000004,0.9884683243281114,0.1514277775045767,0.7818314824680298,0.6234898018587336
-0.04191912502099047,0.01450806192555528,0.0010465964913934315,-0.008385785412396596,0.43123094636688236,0.6,0.6000269311908075,-0.8660254037844385,-0.5000000000000004,0.9987165071710528,-0.05064916883871264,0.9749279121818236,-0.22252093395631434
0.02064174708283048,-0.005157328589487541,0.003133133850223586,-0.021277377938160005,-0.4936586067820988,0.6,0.60007181650882,-0.8660254037844385,-0.5000000000000004,0.9680771188662043,-0.2506525322587204,0.43388373911755823,-0.900968867902419
-0.009724566259211694,-0.015633420467267328,-0.03934583827608095,0.0010747156922507012,-0.018801281389193084,0.6,0.6001167018268325,-0.8660254037844385,-0.5000000000000004,0.8978045395707416,-0.4403941515576344,-0.433883739117558,-0.9009688679024191
0.005414218966225243,-0.0021030982811969913,0.005408362428545063,0.0021458703213948437,0.30153457713779364,0.6,0.6001615871448449,-0.8660254037844385,-0.5000000000000004,0.7907757369376989,-0.6121059825476626,-0.9749279121818236,-0.2225209339563146
0.0075309333066320245,0.0052493758583805105,0.028710052502603715,0.005344768536676841,-0.2837938537014395,0.6,0.6002962430988824,-0.8660254037844385,-0.5000000000000004,0.29936312297335804,-0.9541392564000488,0.7818314824680298,0.6234898018587336
-0.02166929954050148,-0.0010476930033149533,-0.04392777432008149,0.012712023387837598,0.7886116932606333,0.6,0.6003411284168949,-0.8660254037844385,-0.5000000000000004,0.10116832198743272,-0.994869323391895,0.9749279121818236,-0.22252093395631434
0.01952342921910666,-0.0042016828550656025,0.01952342921910666,0.0,-0.05051329141936858,0.6,0.6003860137349073,-0.8660254037844385,-0.5000000000000004,-0.10116832198743204,-0.9948693233918952,0.43388373911755823,-0.900968867902419
-0.004305707401628778,-0.003162863211168782,0.01492558496148199,-0.02450836964753817,-0.17766869762501264,0.6,0.6004308990529198,-0.8660254037844385,-0.5000000000000004,-0.29936312297335776,-0.9541392564000489,-0.433883739117558,-0.9009688679024191
-0.015217721817477775,-0.0010565482990898625,-0.011708452744283424,-0.01412300593023449,-0.3616901823487592,0.6,0.6004757843709323,-0.8660254037844385,-0.5000000000000004,-0.4853019625310808,-0.8743466161445822,-0.9749279121818236,-0.2225209339563146
-0.01656587580328223,-0.025697320565824536,-0.012931202047372541,-0.01654760000479748,-0.2977066347772716,0.6,0.6006104403249698,-0.8660254037844385,-0.5000000000000004,-0.8978045395707417,-0.44039415155763423,0.7818314824680298,0.6234898018587336
-0.017977995919926257,0.0097140698301739,-0.035323832654085625,0.029591250351423643,0.19712860277979152,0.6,0.6006553256429822,-0.8660254037844385,-0.5000000000000004,-0.9680771188662041,-0.2506525322587213,0.9749279121818236,-0.22252093395631434
-0.0034071280609998247,0.0021458703213948437,0.045037902484259616,-0.0010805218510147644,0.29028271138248835,0.6,0.6007002109609947,-0.8660254037844385,-0.5000000000000004,-0.9987165071710528,-0.05064916883871355,0.43388373911755823,-0.900968867902419
0.02915007143023918,-0.0032205860136455453,-0.0010747156922506552,-0.004333697115210327,-0.8653598517866585,0.6,0.6007450962790072,-0.8660254037844385,-0.5000000000000004,-0.9884683243281114,0.15142777750457667,-0.433883739117558,-0.9009688679024191
0.010989058809238523,-0.007555421748772996,-0.01626058307158657,0.0021691445104387356,-0.11878485612110884,0.6,0.6007899815970197,-0.8660254037844385,-0.5000000000000004,-0.9377521321470804,0.3473052528448203,-0.9749279121818236,-0.2225209339563146
-0.010989058809238545,0.003245074455786388,0.009788023286082368,-0.015284073943828249,0.2833824131074273,0.6,0.6009246375510571,-0.8660254037844385,-0.5000000000000004,-0.5712682150947924,0.8207634412072763,0.7818314824680298,0.6234898018587336
0.005509676655043644,0.024534515128275192,-0.015267405440277368,0.024987670977582862,0.5779838667149876,0.6,0.6009695228690696,-0.8660254037844385,-0.5000000000000004,-0.3943558551133187,0.9189578116202306,0.9749279121818236,-0.22252093395631434
0.006571706585418501,-0.0010543205240016208,0.01634909608178023,0.008547052740754738,-0.6526720535644184,0.6,0.6010144081870821,-0.8660254037844385,-0.5000000000000004,-0.20129852008866114,0.9795299412524943,0.43388373911755823,-0.900968867902419
0.025863486666099427,0.0010543205240016488,0.022448835571902703,0.005305072627996198,-0.49960850603411905,0.6,0.6010592935050946,-0.8660254037844385,-0.5000000000000004,-2.4492935982947064e-16,1.0,-0.433883739117558,-0.9009688679024191
-0.001064318911307073,-0.0009487982007267391,-0.006362738402164858,0.002114214073258479,0.3833701047543442,0.6,0.601104178823107,-1.0,-1.8369701987210297e-16,0.20129852008866006,0.9795299412524945,-0.9749279121818236,-0.2225209339563146
0.0010643189113070952,0.00934338327316883,0.009528939809552267,-0.007419286701254789,0.44369008201652016,0.6,0.601283720095157,-1.0,-1.8369701987210297e-16,0.8486442574947509,0.5289640103269624,0.9749279121818236,-0.22252093395631434
-0.009620512333485775,-0.008394585072442288,-0.00952893980955218,0.0021254479933449275,0.3861334578277475,0.6,0.6013286054131693,-1.0,-1.8369701987210297e-16,0.9377521321470804,0.3473052528448203,0.43388373911755823,-0.900968867902419
-0.03831890511627199,-0.014862204404127792,-0.009620512333485775,-0.050064865443102895,-0.44946066969219217,0.6,0.6013734907311818,-1.0,-1.8369701987210297e-16,0.9884683243281114,0.1514277775045767,-0.433883739117558,-0.9009688679024191
0.0011154745954885343,-0.027101928656942442,-0.028324357573075783,0.014404693731420119,-0.19059704825883242,0.6,0.6014183760491943,-1.0,-1.8369701987210297e-16,0.9987165071710528,-0.05064916883871264,-0.9749279121818236,-0.2225209339563146
-0.0022321948641964204,0.01634909608178023,0.021858772736823823,-0.014918170539017835,-0.4212687732812898,0.6,0.6015530320032317,-1.0,-1.8369701987210297e-16,0.7907757369376989,-0.6121059825476626,0.7818314824680298,0.6234898018587336
0.004459312048319117,-0.001081690641502839,-0.022964381340046545,0.006078342586619618,-0.477668835943265,0.6,0.6015979173212442,-1.0,-1.8369701987210297e-16,0.6513724827222223,-0.758758122692791,0.9749279121818236,-0.22252093395631434
0.0011117543122943913,0.005396687836675687,0.013186991843684803,0.02736897635201304,1.0424006459900066,0.6,0.6016428026392567,-1.0,-1.8369701987210297e-16,0.48530196253108104,-0.8743466161445821,0.43388373911755823,-0.900968867902419
0.0011105196871161916,-0.0021551197605498766,0.011937266930984873,-0.022939294587838544,-0.17669541090395796,0.6,0.6016876879572692,-1.0,-1.8369701987210297e-16,0.29936312297335804,-0.9541392564000488,-0.433883739117558,-0.9009688679024191
0.01103757656216908,-0.0024842824157337274,-0.00975619108300919,0.014262459088437617,0.08105815709712347,0.6,0.6017325732752817,-1.0,-1.8369701987210297e-16,0.10116832198743272,-0.994869323391895,-0.9749279121818236,-0.2225209339563146
0.007654564290443036,0.0003244049811106727,0.0,0.0021762254469964042,-0.16870906491131762,0.6,0.6018672292293191,-1.0,-1.8369701987210297e-16,-0.4853019625310808,-0.8743466161445822,0.7818314824680298,0.6234898018587336
-0.005461530734468503,-0.001081690641502839,-0.005461530734468503,0.0010863910861795,-0.2753537546001199,0.6,0.6019121145473316,-1.0,-1.8369701987210297e-16,-0.6513724827222217,-0.7587581226927913,0.9749279121818236,-0.22252093395631434
0.0021881304552692662,0.01290339292688759,0.009809359388932595,0.01508652969037262,0.3384342550495473,0.6,0.6019569998653441,-1.0,-1.8369701987210297e-16,-0.7907757369376986,-0.6121059825476627,0.43388373911755823,-0.900968867902419
0.011950235778600117,-0.002674472729586804,0.0064864514930408875,-0.006437835379989196,-0.29400125523571347,0.6,0.6020018851833565,-1.0,-1.8369701987210297e-16,-0.8978045395707417,-0.44039415155763423,-0.433883739117558,-0.9009688679024191
-0.017429617932794926,0.010114729016361184,0.009651566013333014,-0.01191131084355911,0.37760082407100665,0.6,0.602046770501369,-1.0,-1.8369701987210297e-16,-0.9680771188662041,-0.2506525322587213,-0.9749279121818236,-0.2225209339563146
-0.002200271231768648,-0.02685827222054529,-0.029238628594231934,-0.008752782433394063,-0.3510086191348535,0.6,0.6021814264554065,-1.0,-1.8369701987210297e-16,-0.9377521321470804,0.3473052528448203,0.7818314824680298,0.6234898018587336
-0.008849606874565673,-0.0010899432876237873,0.005479382154194925,-0.00993935841921798,0.08315189550554795,0.6,0.602226311773419,-1.0,-1.8369701987210297e-16,-0.8486442574947509,0.5289640103269624,0.9749279121818236,-0.22252093395631434
-0.0011117543122943668,-0.002183456991575306,-0.009884671226552755,0.015418740573412977,0.11601426255304145,0.6,0.6022711970914314,-1.0,-1.8369701987210297e-16,-0.7247927872291207,0.6889669190756859,0.43388373911755823,-0.900968867902419
-0.00557728077549435,0.0010923244312234883,0.004405289072357788,-0.01652926026052914,-0.7366626154759808,0.6,0.6023160824094439,-1.0,-1.8369701987210297e-16,-0.5712682150947924,0.8207634412072763,-0.433883739117558,-0.9009688679024191
-0.004484308372104509,0.02373361319068536,-0.018858026379926878,0.025234421583342888,1.8354160507250488,0.6,0.6023609677274564,-1.0,-1.8369701987210297e-16,-0.3943558551133187,0.9189578116202306,-0.9749279121818236,-0.2225209339563146
0.011173343459893216,-0.0161207762990954,0.03304256985693549,-0.015284073943828249,-1.0706387610777568,0.6,0.6024956236814938,-0.866025403784439,0.49999999999999933,0.39435585511331855,0.9189578116202306,0.7818314824680298,0.6234898018587336
-0.01680707521245828,-0.0010839323891503395,-0.0010839323891503395,-0.007730540151350217,0.3480833126736611,0.6,0.6025405089995063,-0.866025403784439,0.49999999999999933,0.5712682150947923,0.8207634412072763,0.9749279121818236,-0.22252093395631434
0.011236008851844849,0.004329006844936752,-0.02303996950707621,0.001107953033213301,-0.07848545828370776,0.6,0.6025853943175188,-0.866025403784439,0.49999999999999933,0.72479278722912,0.6889669190756866,0.43388373911755823,-0.900968867902419
0.00111672026870777,-0.01195023577860001,-0.0055648657790219975,0.012108085171125563,-0.42024734328145935,0.6,0.6026302796355313,-0.866025403784439,0.49999999999999933,0.8486442574947509,0.5289640103269624,-0.433883739117558,-0.9009688679024191
0.005120742347757955,-0.001093414568026064,0.007782106613283274,-0.006586238817937466,-0.974713890804929,0.6,0.6026751649535438,-0.866025403784439,0.49999999999999933,0.9377521321470804,0.3473052528448203,-0.9749279121818236,-0.2225209339563146
0.00013331068095070585,0.010870600586976198,0.013201499739151518,-0.005521846353188035,1.186797677861429,0.6,0.6028098209075812,-0.866025403784439,0.49999999999999933,0.9680771188662043,-0.2506525322587204,0.7818314824680298,0.6234898018587336
-0.000799706936802863,-0.00432756029275462,-0.01652926026052914,0.0022124409299131074,0.08036035707068827,0.6,0.6028547062255937,-0.866025403784439,0.49999999999999933,0.8978045395707416,-0.4403941515576344,0.9749279121818236,-0.22252093395631434
-0.017937683425593903,-0.02086836629960838,0.0,-0.013348349724883307,0.18503730683015757,0.6,0.6028995915436062,-0.866025403784439,0.49999999999999933,0.7907757369376989,-0.6121059825476626,0.43388373911755823,-0.900968867902419
0.02126544394697142,0.007739087187449369,0.0033277605213776237,0.016657755148158194,0.1636779790750856,0.6,0.6029444768616186,-0.866025403784439,0.49999999999999933,0.6513724827222223,-0.758758122692791,-0.433883739117558,-0.9009688679024191
-0.0077821066132832155,0.007679653385963636,0.011013369283882156,0.003298489374719705,0.5216190096330318,0.6,0.6029893621796311,-0.866025403784439,0.49999999999999933,0.48530196253108104,-0.8743466161445821,-0.9749279121818236,-0.2225209339563146
0.004454346091905558,0.05320403822360349,0.013057844382854698,0.050304910433387154,1.370947077344541,0.6,0.6031240181336686,-0.866025403784439,0.49999999999999933,-0.10116832198743204,-0.9948693233918952,0.7818314824680298,0.6234898018587336
0.060363193620049715,0.0,0.03713958668588574,0.007280291801460394,-1.5278755097567178,0.6,0.603168903451681,-0.866025403784439,0.49999999999999933,-0.29936312297335776,-0.9541392564000489,0.9749279121818236,-0.22252093395631434
-0.027573350287934027,0.014403576825542478,-0.004175367253950448,-0.0347952798670354,-0.1518579921050212,0.6,0.6032137887696934,-0.866025403784439,0.49999999999999933,-0.4853019625310808,-0.8743466161445822,0.43388373911755823,-0.900968867902419
-0.0032309917093782284,-0.030069654039399638,-0.03080434199731214,-0.0010734595927309476,0.19859991100779778,0.6,0.603258674087706,-0.866025403784439,0.49999999999999933,-0.6513724827222217,-0.7587581226927913,-0.433883739117558,-0.9009688679024191
0.0053791669943597875,-0.006335862900008393,0.018172506747529855,0.0021458703213948437,-0.8436105200780439,0.6,0.6033035594057184,-0.866025403784439,0.49999999999999933,-0.7907757369376986,-0.6121059825476627,-0.9749279121818236,-0.2225209339563146
0.0,0.0,0.0,0.011720929024506083,1.1176344271287466,0.6,0.6034382153597558,-0.866025403784439,0.49999999999999933,-0.9987165071710528,-0.05064916883871355,0.7818314824680298,0.6234898018587336
-0.0021481752849815835,0.0021164513897495465,-0.009579551606990724,-0.010649667128702448,-0.33824937194633914,0.6,0.6034831006777683,-0.866025403784439,0.49999999999999933,-0.9884683243281114,0.15142777750457667,0.9749279121818236,-0.22252093395631434
-0.002152902644882432,-0.004237290408819877,0.007458712587920634,-0.0032171322171985588,-0.8837295346356183,0.6,0.6035279859957808,-0.866025403784439,0.49999999999999933,-0.9377521321470804,0.3473052528448203,0.43388373911755823,-0.900968867902419
0.0021529026448824772,0.017885808119076158,-0.004255321468759045,0.02963176844590708,0.8388520905967841,0.6,0.6035728713137933,-0.866025403784439,0.49999999999999933,-0.8486442574947509,0.5289640103269624,-0.433883739117558,-0.9009688679024191
0.03174871754188452,0.02166150033277434,0.02318336299156216,0.00830741254846665,-0.6797183632631781,0.6,0.6036177566318057,-0.866025403784439,0.49999999999999933,-0.7247927872291207,0.6889669190756859,-0.9749279121818236,-0.2225209339563146
-0.0157484168881519,-0.0020429483961007704,-0.013634202814893267,-0.0010346849263808073,-0.010513875650583362,0.6,0.6037524125858432,-0.866025403784439,0.49999999999999933,-0.20129852008866114,0.9795299412524943,0.7818314824680298,0.6234898018587336
0.013662862696823928,0.07008294384598905,0.05245410905994186,0.07573341121851797,1.1168450677399804,0.6,0.6037972979038557,-0.866025403784439,0.49999999999999933,-2.4492935982947064e-16,1.0,0.9749279121818236,-0.22252093395631434
0.0538573196354431,0.021688779962903904,0.05079221270820944,0.0142927273631683,-0.3295932485035352,0.6,0.6038421832218681,-0.5000000000000012,0.8660254037844379,0.20129852008866006,0.9795299412524945,0.43388373911755823,-0.900968867902419
0.008852797936393951,0.0009323334285083907,-0.02214818865011289,0.003777149257214053,-0.217746843691631,0.6,0.6038870685398806,-0.5000000000000012,0.8660254037844379,0.39435585511331855,0.9189578116202306,-0.433883739117558,-0.9009688679024191
-0.009852239974235892,-0.0027997903383956755,0.03539344766730909,-0.0028315010484736393,-0.0012856326498187352,0.6,0.6039319538578931,-0.5000000000000012,0.8660254037844379,0.5712682150947923,0.8207634412072763,-0.9749279121818236,-0.2225209339563146
0.025416742075581516,0.0046620309314996744,-0.005655096961668578,0.011278304423166925,-0.5795963133084039,0.6,0.6040666098119306,-0.5000000000000012,0.8660254037844379,0.9377521321470804,0.3473052528448203,0.7818314824680298,0.6234898018587336
-0.0009656471237186351,-0.0009306868041112958,-0.02197886265064953,0.0,0.4291655400260084,0.6,0.604111495129943,-0.5000000000000012,0.8660254037844379,0.9884683243281114,0.1514277775045767,0.9749279121818236,-0.22252093395631434
0.0019304546373117692,-0.001863887217501116,0.0019304546373117692,-0.0018708615356124029,-0.9702461897444116,0.6,0.6041563804479555,-0.5000000000000012,0.8660254037844379,0.9987165071710528,-0.05064916883871264,0.43388373911755823,-0.900968867902419
0.0028887582618774693,0.008360489916512757,0.029455850900892193,-0.0046926589868595886,0.7794170105529467,0.6,0.604201265765968,-0.5000000000000012,0.8660254037844379,0.9680771188662043,-0.2506525322587204,-0.433883739117558,-0.9009688679024191
-0.0038535657754703747,-0.024345792467362803,-0.012246984105350451,-0.0075543251184908644,-0.5826144885452461,0.6,0.6042461510839805,-0.5000000000000012,0.8660254037844379,0.8978045395707416,-0.4403941515576344,-0.9749279121818236,-0.2225209339563146
-0.01360559278845304,-0.004750620837731633,-0.03177926709758777,-0.016244989238330173,0.20285907332489872,0.6,0.6043808070380179,-0.5000000000000012,0.8660254037844379,0.48530196253108104,-0.8743466161445821,0.7818314824680298,0.6234898018587336
0.008767727825217045,0.0,0.008767727825217045,0.01149436840059853,-0.2482406061594247,0.6,0.6044256923560304,-0.5000000000000012,0.8660254037844379,0.29936312297335804,-0.9541392564000488,0.9749279121818236,-0.22252093395631434
-0.005836633144421355,-0.000952856574322218,0.010612704918257937,-0.003816794879762787,0.5861685970427665,0.6,0.6044705776740429,-0.5000000000000012,0.8660254037844379,0.10116832198743272,-0.994869323391895,0.43388373911755823,-0.900968867902419
-0.02469261259037152,-0.005736102317051884,-0.01547418159630223,-0.029100035151872438,-0.20388564122519948,0.6,0.6045154629920554,-0.5000000000000012,0.8660254037844379,-0.10116832198743204,-0.9948693233918952,-0.433883739117558,-0.9009688679024191
0.0,-0.021318662359293104,-0.0048852261379839345,-0.007905172057463813,-0.34780200485177504,0.6,0.6045603483100678,-0.5000000000000012,0.8660254037844379,-0.29936312297335776,-0.9541392564000489,-0.9749279121818236,-0.2225209339563146
-0.047091611532484985,0.02800762125066721,-0.023787025155833325,0.0029717439992714523,0.948388576997347,0.6,0.6046950042641053,-0.5000000000000012,0.8660254037844379,-0.7907757369376986,-0.6121059825476627,0.7818314824680298,0.6234898018587336
0.02790883489009325,-0.03390158925890639,-0.016178294405323188,0.002963032947646213,-0.9692747074399515,0.6,0.6047398895821178,-0.5000000000000012,0.8660254037844379,-0.8978045395707417,-0.44039415155763423,0.9749279121818236,-0.22252093395631434
0.019182776642391736,0.008827929355048414,0.04289928090796569,-0.012903415828849005,-0.03717669932202631,0.6,0.6047847749001302,-0.5000000000000012,0.8660254037844379,-0.9680771188662041,-0.2506525322587213,0.43388373911755823,-0.900968867902419
0.002995482356786256,-0.013766135643126768,-0.020721021908787718,0.008950845424045693,-0.8907993388051222,0.6,0.6048745455361552,-0.5000000000000012,0.8660254037844379,-0.9884683243281114,0.15142777750457667,-0.9749279121818236,-0.2225209339563146
-0.0029954823567862774,0.00690675594583843,0.01386164221149943,-0.005958351152409019,1.6053372083357214,0.6,0.6050092014901925,-0.5000000000000012,0.8660254037844379,-0.7247927872291207,0.6889669190756859,0.7818314824680298,0.6234898018587336
0.0,0.0009828235380193806,-0.016857124568285732,0.013847930636267053,-0.4789601080402699,0.6,0.605054086808205,-0.5000000000000012,0.8660254037844379,-0.5712682150947924,0.8207634412072763,0.9749279121818236,-0.22252093395631434
0.014888574910525745,0.006852664484066467,0.01882171306132292,0.0019626604903779277,-1.189562690902565,0.6,0.6050989721262175,-0.5000000000000012,0.8660254037844379,-0.3943558551133187,0.9189578116202306,0.43388373911755823,-0.900968867902419
-0.004938206288078408,0.002922528467036467,0.00879342799608501,0.001958909312892587,0.9592108188435928,0.6,0.60514385744423,-0.5000000000000012,0.8660254037844379,-0.20129852008866114,0.9795299412524943,-0.433883739117558,-0.9009688679024191
-0.02000074300824502,-0.0038986367918339817,-0.0038986367918339817,0.0009779243127306626,0.9153357419797564,0.6,0.6051887427622425,-2.4492935982947064e-16,1.0,0.20129852008866006,0.9795299412524945,-0.9749279121818236,-0.2225209339563146
0.012048422733466999,-0.003913895668890834,-0.00882792935504834,-0.008836503195055809,0.06353700147980976,0.6,0.6053233987162799,-2.4492935982947064e-16,1.0,0.72479278722912,0.6889669190756866,0.7818314824680298,0.6234898018587336
-0.004000096886446756,0.00293683362562326,0.0,-0.007920825638302495,-0.17792830487161088,0.6,0.6053682840342924,-2.4492935982947064e-16,1.0,0.8486442574947509,0.5289640103269624,0.9749279121818236,-0.22252093395631434
0.007984161927725523,-0.007850867311780753,0.0,0.008906461521577482,-0.47782030359110117,0.6,0.6054131693523049,-2.4492935982947064e-16,1.0,0.9377521321470804,0.3473052528448203,0.43388373911755823,-0.900968867902419
-0.002986631032161766,0.004914033686157417,0.0,0.0,0.4172150625244729,0.6,0.6054580546703173,-2.4492935982947064e-16,1.0,0.9884683243281114,0.1514277775045767,-0.433883739117558,-0.9009688679024191
0.0039801010741984276,0.005865160460065498,0.0,-0.0059288184163689694,-0.296395959921244,0.6,0.6055029399883298,-2.4492935982947064e-16,1.0,0.9987165071710528,-0.05064916883871264,-0.9749279121818236,-0.2225209339563146
0.003964322648619786,-0.005865160460065537,-0.00394866883092126,0.010842852102526486,0.10962566872044673,0.6,0.6056375959423673,-2.4492935982947064e-16,1.0,0.7907757369376989,-0.6121059825476626,0.7818314824680298,0.6234898018587336
0.0,0.00878484454804054,0.005917218488681301,0.0,-0.4848356347998646,0.6,0.6056824812603798,-2.4492935982947064e-16,1.0,0.6513724827222223,-0.758758122692791,0.9749279121818236,-0.22252093395631434
-0.003964322648619722,-0.012714119006926877,-0.003940888004511611,-0.00589966956943259,0.5877671223922738,0.6,0.6057273665783922,-2.4492935982947064e-16,1.0,0.48530196253108104,-0.8743466161445821,0.43388373911755823,-0.900968867902419
0.0009925786493482705,0.02238541102286881,-0.00494807448344103,0.02435580613341502,-0.6665355060539856,0.6,0.6057722518964047,-2.4492935982947064e-16,1.0,0.29936312297335804,-0.9541392564000488,-0.433883739117558,-0.9009688679024191
0.03029058308033268,0.010531419008766215,0.03604870508430106,0.00862479705844413,0.6037629533926879,0.6,0.6058171372144172,-2.4492935982947064e-16,1.0,0.10116832198743272,-0.994869323391895,-0.9749279121818236,-0.2225209339563146
0.0,0.0019029936597421166,0.0,-0.0019101729294405552,0.07940757183185952,0.6,0.6059517931684546,-2.4492935982947064e-16,1.0,-0.4853019625310808,-0.8743466161445822,0.7818314824680298,0.6234898018587336
-0.0028916344626369376,-0.012434412668508501,-0.008649756466605289,-0.006714624129003569,-0.5419066569330415,0.6,0.6059966784864671,-2.4492935982947064e-16,1.0,-0.6513724827222217,-0.7587581226927913,0.9749279121818236,-0.22252093395631434
-0.006779657553305017,0.01338446263231115,-0.006779657553305017,0.010531419008766215,0.692513615357291,0.6,0.6060415638044796,-2.4492935982947064e-16,1.0,-0.7907757369376986,-0.6121059825476627,0.43388373911755823,-0.900968867902419
0.013513752133334082,0.020677453786649133,0.013513752133334082,0.016060815300507226,-0.4363581885465075,0.6,0.6060864491224921,-2.4492935982947064e-16,1.0,-0.8978045395707417,-0.44039415155763423,-0.433883739117558,-0.9009688679024191
-0.02229859668137474,-0.020677453786649185,0.0,-0.01701367187482942,0.1173187413043798,0.6,0.6061313344405046,-2.4492935982947064e-16,1.0,-0.9680771188662041,-0.2506525322587213,-0.9749279121818236,-0.2225209339563146
0.017493187172150364,0.029014709300851167,-0.0019194303030447386,0.03189765337905811,-0.03687605329667449,0.6,0.6063108757125545,-2.4492935982947064e-16,1.0,-0.8486442574947509,0.5289640103269624,0.9749279121818236,-0.22252093395631434
0.0378116519472101,0.01918743513696162,0.03770480249951329,0.017391791295907035,0.4964522779410172,0.6,0.606355761030567,-2.4492935982947064e-16,1.0,-0.7247927872291207,0.6889669190756859,0.43388373911755823,-0.900968867902419
0.0009272350245533474,0.0,0.021958774756263115,-0.0201656934733114,-0.7326811086564272,0.6,0.6064006463485794,-2.4492935982947064e-16,1.0,-0.5712682150947924,0.8207634412072763,-0.433883739117558,-0.9009688679024191
-0.021546457720098215,-0.015504193278572085,-0.022884293434025923,-0.022472833776264838,0.4671538516511859,0.6,0.6064455316665919,-2.4492935982947064e-16,1.0,-0.3943558551133187,0.9189578116202306,-0.9749279121818236,-0.2225209339563146
-0.00569806085106681,-0.006454581477691041,-0.02531785100378671,0.017832436559127432,0.40582931775125863,0.6166666666666667,0.6066699582566543,0.49999999999999994,0.8660254037844387,0.5712682150947923,0.8207634412072763,0.43388373911755823,-0.900968867902419
0.012304945956222568,-0.0018518947339294517,0.013207771676962354,-0.004662030931499662,-0.5702215834649976,0.6166666666666667,0.6067148435746668,0.49999999999999994,0.8660254037844387,0.72479278722912,0.6889669190756866,-0.433883739117558,-0.9009688679024191
-0.012304945956222427,0.0174556186560606,0.00280765117818736,0.018519030595702535,0.42249383524826406,0.6166666666666667,0.6067597288926793,0.49999999999999994,0.8660254037844387,0.8486442574947509,0.5289640103269624,-0.9749279121818236,-0.2225209339563146
-0.04479814669939383,-0.015603723922131014,0.010227946826399938,-0.08218564377379088,0.05629907633490135,0.6166666666666667,0.6068943848467167,0.49999999999999994,0.8660254037844387,0.9987165071710528,-0.05064916883871264,0.7818314824680298,0.6234898018587336
-0.019105616552196024,-0.066946671394922,-0.07389456000448823,0.006947888609566167,-0.46701214386299256,0.6166666666666667,0.6069392701647291,0.49999999999999994,0.8660254037844387,0.9680771188662043,-0.2506525322587204,0.9749279121818236,-0.22252093395631434
0.06580675691133218,0.13489051575546268,0.06739795730547662,0.11569277846342861,1.9266145168475701,0.6166666666666667,0.6069841554827416,0.49999999999999994,0.8660254037844387,0.8978045395707416,-0.4403941515576344,0.43388373911755823,-0.900968867902419
0.04734055823287021,0.008605938006964811,0.0499423070131818,-0.010629049549298641,-0.9510136823586217,0.6166666666666667,0.6070290408007541,0.49999999999999994,0.8660254037844387,0.7907757369376989,-0.6121059825476626,-0.433883739117558,-0.9009688679024191
-0.004543414665386742,-0.045581989142482134,-0.014273199213085945,-0.01887688272365935,-0.9303744993564791,0.6166666666666667,0.6070739261187665,0.49999999999999994,0.8660254037844387,0.6513724827222223,-0.758758122692791,-0.9749279121818236,-0.2225209339563146
0.0018198784076674348,0.016014604612520026,-0.009932330305535541,0.026859200551924475,0.5067011596026622,0.6166666666666667,0.6072534673908165,0.49999999999999994,0.8660254037844387,-0.10116832198743204,-0.9948693233918952,0.9749279121818236,-0.22252093395631434
0.017125212026204442,0.0,0.02065628338630843,-0.005314402777517483,-0.9009831175702561,0.6166666666666667,0.607298352708829,0.49999999999999994,0.8660254037844387,-0.29936312297335776,-0.9541392564000489,0.43388373911755823,-0.900968867902419
-0.017125212026204404,-0.005309699636537061,0.0,-0.02336137024015725,0.08852280746817645,0.6166666666666667,0.6073432380268414,0.49999999999999994,0.8660254037844387,-0.4853019625310808,-0.8743466161445822,-0.433883739117558,-0.9009688679024191
0.0,0.0008868537275672272,-0.02156415712729978,0.023361370240157185,0.4492955988033143,0.6166666666666667,0.6073881233448539,0.49999999999999994,0.8660254037844387,-0.6513724827222217,-0.7587581226927913,-0.9749279121818236,-0.2225209339563146
0.01623122222516365,0.005305089358182302,0.015322523500404873,0.0044306841908887855,-0.4527468940996877,0.6166666666666667,0.6075227792988914,0.49999999999999994,0.8660254037844387,-0.9680771188662041,-0.2506525322587213,0.7818314824680298,0.6234898018587336
0.0017872662476158677,0.0008814657817504079,0.00267974546347565,-0.0070985992416364605,0.5212658433492098,0.6166666666666667,0.6075676646169038,0.49999999999999994,0.8660254037844387,-0.9987165071710528,-0.05064916883871355,0.9749279121818236,-0.22252093395631434
0.000892479215859691,0.01225929440349523,0.003561888163419271,0.01238956970950035,0.22158445009866892,0.6166666666666667,0.6076125499349163,0.49999999999999994,0.8660254037844387,-0.9884683243281114,0.15142777750457667,0.43388373911755823,-0.900968867902419
0.022056474128289854,0.03337925162699877,0.01936682577147842,0.03457566246731477,0.4304167096211555,0.6166666666666667,0.6076574352529288,0.49999999999999994,0.8660254037844387,-0.9377521321470804,0.3473052528448203,-0.433883739117558,-0.9009688679024191
0.013004051523203454,0.0008414160100335373,0.028364593213682853,-0.011965983793874348,-0.031174640739505214,0.6166666666666667,0.6077023205709413,0.49999999999999994,0.8660254037844387,-0.8486442574947509,0.5289640103269624,-0.9749279121818236,-0.2225209339563146
-0.013004051523203395,-0.02469260857996664,-0.017094416637950714,-0.0025828453730810637,-1.0390836509628614,0.6166666666666667,0.6078369765249787,0.49999999999999994,0.8660254037844387,-0.3943558551133187,0.9189578116202306,0.7818314824680298,0.6234898018587336
0.0017436364012355591,0.03223342347900572,-0.010398779981104425,0.03223342347900572,-0.15906174814521168,0.6166666666666667,0.6078818618429912,0.49999999999999994,0.8660254037844387,-0.20129852008866114,0.9795299412524943,0.9749279121818236,-0.22252093395631434
0.021543272623812178,0.0008260438284052738,0.043458247288515564,0.0,-0.1576631527043989,0.6166666666666667,0.6079267471610037,0.49999999999999994,0.8660254037844387,-2.4492935982947064e-16,1.0,0.43388373911755823,-0.900968867902419
-0.011144492642707634,0.009140885824067822,-0.000826043828405218,-0.0041822927862862225,0.3289543526296035,0.6166666666666667,0.6079716324790162,0.8660254037844386,0.5000000000000001,0.20129852008866006,0.9795299412524945,-0.433883739117558,-0.9009688679024191
0.0043010162698867834,0.0016514870697296878,-0.01598684316290217,0.01580070950848909,0.015162594153660622,0.6166666666666667,0.6080165177970286,0.8660254037844386,0.5000000000000001,0.39435585511331855,0.9189578116202306,-0.9749279121818236,-0.2225209339563146
0.0008580205683796197,-0.0016514870697297954,0.01848794383575363,-0.02168560657722506,0.2918925176568795,0.6166666666666667,0.6081511737510661,0.8660254037844386,0.5000000000000001,0.8486442574947509,0.5289640103269624,0.7818314824680298,0.6234898018587336
-0.024306729081401746,-0.020034119507495243,-0.053882216394992466,-0.014437625033001845,-0.9902912419827709,0.6166666666666667,0.6081960590690786,0.8660254037844386,0.5000000000000001,0.9377521321470804,0.3473052528448203,0.9749279121818236,-0.22252093395631434
0.013961819019818685,-0.00761740445702822,0.019147692243135082,0.004268055315431329,-0.11323842611262223,0.6166666666666667,0.608240944387091,0.8660254037844386,0.5000000000000001,0.9884683243281114,0.1514277775045767,0.43388373911755823,-0.900968867902419
-0.007829544432141447,0.0059296821787550935,0.0043010162698867834,-0.006837627068146496,0.9571876019138942,0.6166666666666667,0.6082858297051035,0.8660254037844386,0.5000000000000001,0.9987165071710528,-0.05064916883871264,-0.433883739117558,-0.9009688679024191
0.0017452410797257508,-0.011894816841765037,-0.012959111898322113,-0.012079472831732017,-0.8770872971893108,0.6166666666666667,0.608330715023116,0.8660254037844386,0.5000000000000001,0.9680771188662043,-0.2506525322587204,-0.9749279121818236,-0.2225209339563146
-0.004368743513312642,-0.01290337201994182,-0.006980824460609434,-0.0017376596349698245,-0.2839166722770473,0.6166666666666667,0.6084653709771534,0.8660254037844386,0.5000000000000001,0.6513724827222223,-0.758758122692791,0.7818314824680298,0.6234898018587336
0.001749738363274911,0.0129033720199418,0.0069808244606095774,0.017241790132380846,0.29286142960117806,0.6166666666666667,0.6085102562951659,0.8660254037844386,0.5000000000000001,0.48530196253108104,-0.8743466161445821,0.9749279121818236,-0.22252093395631434
0.0061002933473979296,-0.0025673726655074695,0.012959111898322221,-0.0025673726655074695,0.9055300719368005,0.6166666666666667,0.6085551416131784,0.8660254037844386,0.5000000000000001,0.29936312297335804,-0.9541392564000488,0.43388373911755823,-0.900968867902419
-0.006100293347397955,0.0034217280311888637,-0.01819019799565676,0.0034217280311888637,-0.035125940455563776,0.6166666666666667,0.6086000269311909,0.8660254037844386,0.5000000000000001,0.10116832198743272,-0.994869323391895,-0.433883739117558,-0.9009688679024191
0.005231086097334672,-0.008576414728763615,0.013889181725769988,-0.012027666038153853,-1.1693662994287572,0.6166666666666667,0.6086449122492034,0.8660254037844386,0.5000000000000001,-0.10116832198743204,-0.9948693233918952,-0.9749279121818236,-0.2225209339563146
-0.001740684352669165,0.020461133634174747,-0.010398779981104425,0.022223156711990294,1.2120797913747912,0.6166666666666667,0.6088244535212533,0.8660254037844386,0.5000000000000001,-0.7907757369376986,-0.6121059825476627,0.9749279121818236,-0.22252093395631434
0.015557816819370946,-0.0009287546093346938,0.015557816819370946,0.0007604736222400132,-1.6643453575588758,0.6166666666666667,0.6088693388392658,0.8660254037844386,0.5000000000000001,-0.8978045395707417,-0.44039415155763423,0.43388373911755823,-0.900968867902419
-0.013817132466701782,-0.004147433849599768,0.007689072754261737,-0.018671403588193997,1.1401454639961393,0.6166666666666667,0.6089142241572781,0.8660254037844386,0.5000000000000001,-0.9680771188662041,-0.2506525322587213,-0.433883739117558,-0.9009688679024191
0.002605275752282712,-0.008517971725121776,-0.018900929468680983,0.006005998013472425,-0.8883068738581826,0.6166666666666667,0.6089591094752906,0.8660254037844386,0.5000000000000001,-0.9987165071710528,-0.05064916883871355,-0.9749279121818236,-0.2225209339563146
-0.0026052757522825915,-0.0025695717527152357,0.011211856714419188,-0.013781428467134477,0.4278794387128326,0.6166666666666667,0.6090937654293281,0.8660254037844386,0.5000000000000001,-0.8486442574947509,0.5289640103269624,0.7818314824680298,0.6234898018587336
-0.009611227767642274,-0.007748653006793358,-0.0190482185640364,-0.0034752391809131132,1.01727860016848,0.6166666666666667,0.6091386507473406,0.8660254037844386,0.5000000000000001,-0.7247927872291207,0.6889669190756859,0.9749279121818236,-0.22252093395631434
0.009611227767642339,-0.0017300613474694334,0.005231086097334672,0.005208381541069537,-0.07748260973887859,0.6166666666666667,0.609183536065353,0.8660254037844386,0.5000000000000001,-0.5712682150947924,0.8207634412072763,0.43388373911755823,-0.900968867902419
-0.2732933349996813,-0.06344244339376967,-0.09097177820572676,-0.07271038571208292,2.7262058015294364,0.6166666666666667,0.6092284213833655,1.0,6.123233995736766e-17,0.20129852008866006,0.9795299412524945,-0.433883739117558,-0.9009688679024191
0.12549922861818033,-0.022388972982142884,0.009478779942253199,-0.06839449241872848,-1.8377006058662546,0.6166666666666667,0.609273306701378,1.0,6.123233995736766e-17,0.39435585511331855,0.9189578116202306,-0.9749279121818236,-0.2225209339563146
-0.011150612636049256,-0.03162696859236603,-0.07745172075407689,0.023646493162532804,0.6387424605951972,0.6166666666666667,0.6094079626554154,1.0,6.123233995736766e-17,0.8486442574947509,0.5289640103269624,0.7818314824680298,0.6234898018587336
0.01014201659287717,-0.0029254712537450855,0.04289928090796569,-0.027642498763997575,-1.0909176113015409,0.6166666666666667,0.6094528479734279,1.0,6.123233995736766e-17,0.9377521321470804,0.3473052528448203,0.9749279121818236,-0.22252093395631434
-0.0010096143362832743,-0.014756747771417361,-0.023716504265574045,-0.009049851141119275,-0.07130670493501823,0.6166666666666667,0.6094977332914404,1.0,6.123233995736766e-17,0.9884683243281114,0.1514277775045767,0.43388373911755823,-0.900968867902419
0.0,-0.008959756494156696,-0.01005037438579784,0.010050374385797877,-0.23440682431945603,0.6166666666666667,0.6095426186094529,1.0,6.123233995736766e-17,0.9987165071710528,-0.05064916883871264,-0.433883739117558,-0.9009688679024191
-0.08426026316569421,-0.00803216400634236,0.0020182103794553308,-0.07581246622916878,-0.06342914681170242,0.6166666666666667,0.6095875039274654,1.0,6.123233995736766e-17,0.9680771188662043,-0.2506525322587204,-0.9749279121818236,-0.2225209339563146
0.0010982181429509345,-0.0380117545228276,-0.08518025540219862,0.029768547699998774,0.37234297563673463,0.6166666666666667,0.6097221598815028,1.0,6.123233995736766e-17,0.6513724827222223,-0.758758122692791,0.7818314824680298,0.6234898018587336
0.024933594992279737,0.009379969771971504,0.024933594992279737,0.009379969771971504,-0.5165920051924221,0.6166666666666667,0.6097670451995153,1.0,6.123233995736766e-17,0.48530196253108104,-0.8743466161445821,0.9749279121818236,-0.22252093395631434
0.012766118518452095,-0.004158006026627518,0.022234905887091292,-0.0062435602179554415,0.13238577255378828,0.6166666666666667,0.6098119305175278,1.0,6.123233995736766e-17,0.29936312297335804,-0.9541392564000488,0.43388373911755823,-0.900968867902419
0.004219411510258739,-0.003129964634153556,0.0,-0.0020898130626226526,-0.3594668152833486,0.6166666666666667,0.6098568158355402,1.0,6.123233995736766e-17,0.10116832198743272,-0.994869323391895,-0.433883739117558,-0.9009688679024191
-0.016985530028710828,0.01760792057921564,0.0,0.018653323199012622,-0.17725914041659213,0.6166666666666667,0.6099017011535527,1.0,6.123233995736766e-17,-0.10116832198743204,-0.9948693233918952,-0.9749279121818236,-0.2225209339563146
0.0032068154590012936,-0.005146711556704622,0.014553208133701416,-0.019699919690406027,0.9975458665348355,0.6166666666666667,0.6100363571075902,1.0,6.123233995736766e-17,-0.6513724827222217,-0.7587581226927913,0.7818314824680298,0.6234898018587336
-0.0021366999372895547,-0.008290195341949283,-0.014553208133701345,0.004179730341617117,-0.41620259807536947,0.6166666666666667,0.6100812424256026,1.0,6.123233995736766e-17,-0.7907757369376986,-0.6121059825476627,0.9749279121818236,-0.22252093395631434
0.019068305546802222,0.0031169569802194166,-0.0020964848185773067,0.0052002394303543,-0.5670816450575032,0.6166666666666667,0.6101261277436151,1.0,6.123233995736766e-17,-0.8978045395707417,-0.44039415155763423,0.43388373911755823,-0.900968867902419
0.0020964848185773886,0.004140788578061737,0.0020964848185773886,0.0020724881917314445,-0.048632520229440174,0.6166666666666667,0.6101710130616276,1.0,6.123233995736766e-17,-0.9680771188662041,-0.2506525322587213,-0.433883739117558,-0.9009688679024191
0.015584691381073375,0.030521111640359328,0.016615111766985376,0.021506209421987107,0.4917339083223792,0.6166666666666667,0.6102158983796401,1.0,6.123233995736766e-17,-0.9987165071710528,-0.05064916883871355,-0.9749279121818236,-0.2225209339563146
0.0010304203859120096,-0.003010512454099954,0.0,0.0040444910939654265,-1.06388657729428,0.6166666666666667,0.6103505543336775,1.0,6.123233995736766e-17,-0.8486442574947509,0.5289640103269624,0.7818314824680298,0.6234898018587336
0.013299440339200287,0.009004578462915542,0.013299440339200287,0.013032777519552738,1.1871512241707318,0.6166666666666667,0.61039543965169,1.0,6.123233995736766e-17,-0.7247927872291207,0.6889669190756859,0.9749279121818236,-0.22252093395631434
0.019124848779770626,0.006947888609566167,0.020121383893022503,0.006947888609566167,-0.7850335783244679,0.6166666666666667,0.6104403249697025,1.0,6.123233995736766e-17,-0.5712682150947924,0.8207634412072763,0.43388373911755823,-0.900968867902419
-0.001995959158384717,-0.0009895374571572023,0.0009955430195941696,-0.005952345589972189,0.8855895208935585,0.6166666666666667,0.610485210287715,1.0,6.123233995736766e-17,-0.3943558551133187,0.9189578116202306,-0.433883739117558,-0.9009688679024191
-0.025292192316438554,0.0,-0.006989609028409792,0.0,0.9318069605578185,0.6166666666666667,0.6105300956057274,1.0,6.123233995736766e-17,-0.20129852008866114,0.9795299412524943,-0.9749279121818236,-0.2225209339563146
0.011207417974557038,-0.001982206542114215,-0.01108320260470249,0.0,-0.47660348436916317,0.6166666666666667,0.6106647515597649,0.8660254037844387,-0.4999999999999998,0.39435585511331855,0.9189578116202306,0.7818314824680298,0.6234898018587336
-0.011207417974557035,0.007905172057463819,0.015083299491149166,0.000994552899315938,-1.7012357698917049,0.6166666666666667,0.6107096368777774,0.8660254037844387,-0.4999999999999998,0.5712682150947923,0.8207634412072763,0.9749279121818236,-0.22252093395631434
0.009179070035879118,-0.0069135776436401964,-0.002998571592347738,-0.0009945528993158756,0.4314169861272998,0.6166666666666667,0.6107545221957899,0.8660254037844387,-0.4999999999999998,0.72479278722912,0.6889669190756866,0.43388373911755823,-0.900968867902419
0.015113599082157926,0.001980149585447649,0.00797610667566322,-0.0029895121419630504,2.1682635348495247,0.6166666666666667,0.6107994075138022,0.8660254037844387,-0.4999999999999998,0.8486442574947509,0.5289640103269624,-0.433883739117558,-0.9009688679024191
-0.01714616659630784,0.006900042026700784,-0.0069755834309847805,-0.0019980483476691635,-2.4717530362486686,0.6166666666666667,0.6109789487858522,0.8660254037844387,-0.4999999999999998,0.9680771188662043,-0.2506525322587204,0.7818314824680298,0.6234898018587336
0.017146166596307764,0.004899494116001298,0.0,0.013902939027250689,0.203489981231433,0.6166666666666667,0.6110238341038646,0.8660254037844387,-0.4999999999999998,0.8978045395707416,-0.4403941515576344,0.9749279121818236,-0.22252093395631434
-0.1165338591177195,-0.015763858791321656,0.006975583430984738,-0.0864736113529612,2.395361620344801,0.6166666666666667,0.6110687194218771,0.8660254037844387,-0.4999999999999998,0.7907757369376989,-0.6121059825476626,0.43388373911755823,-0.900968867902419
0.03315222944661791,-0.06566454741743988,-0.07954625575669534,0.0053619634311609515,-0.06463625210571436,0.6166666666666667,0.6111136047398896,0.8660254037844387,-0.4999999999999998,0.6513724827222223,-0.758758122692791,-0.433883739117558,-0.9009688679024191
0.00973508539656266,0.003176258088645994,-0.0010758719488283702,0.011696002996740482,-2.4962383378575743,0.6166666666666667,0.6111584900579021,0.8660254037844387,-0.4999999999999998,0.48530196253108104,-0.8743466161445821,-0.9749279121818236,-0.2225209339563146
0.003224047233809911,0.013648517710256354,0.017076172602560988,0.012605196922655411,0.15843746840228742,0.6166666666666667,0.6112931460119395,0.8660254037844387,-0.4999999999999998,-0.10116832198743204,-0.9948693233918952,0.7818314824680298,0.6234898018587336
0.014909791142919744,0.006236971013859368,0.00842996832423055,0.006243560217955487,-0.22814865954759012,0.6166666666666667,0.611338031329952,0.8660254037844387,-0.4999999999999998,-0.29936312297335776,-0.9541392564000489,0.9749279121818236,-0.22252093395631434
0.005271513528552802,0.008255973330934424,-0.002100789021508999,0.0,-0.21672948789965843,0.6166666666666667,0.6113829166479645,0.8660254037844387,-0.4999999999999998,-0.4853019625310808,-0.8743466161445822,0.43388373911755823,-0.900968867902419
0.008377004181703451,-0.007220216722707839,0.009419237585430255,0.0020724881917314445,-0.09763255128353149,0.6166666666666667,0.611427801965977,0.8660254037844387,-0.4999999999999998,-0.6513724827222217,-0.7587581226927913,-0.433883739117558,-0.9009688679024191
-0.001043320787601026,0.0020683003863301726,0.0010410490464081417,-0.002072488191731447,-0.21005990229996585,0.6166666666666667,0.6114726872839894,0.8660254037844387,-0.4999999999999998,-0.7907757369376986,-0.6121059825476627,-0.9749279121818236,-0.2225209339563146
0.01141679857968533,0.013340383536745137,0.008290195341949165,0.017481172114806938,0.9065733409213488,0.6166666666666667,0.6116073432380269,0.8660254037844387,-0.4999999999999998,-0.9987165071710528,-0.05064916883871355,0.7818314824680298,0.6234898018587336
0.01026707004731773,0.009132402256593926,0.01026707004731773,0.009132402256593926,-0.16321665557346254,0.6166666666666667,0.6116522285560394,0.8660254037844387,-0.4999999999999998,-0.9884683243281114,0.15142777750457667,0.9749279121818236,-0.22252093395631434
0.012182880298636449,0.010050374385797877,0.02022311710347237,0.010050374385797877,0.1763817854061704,0.6166666666666667,0.6116971138740518,0.8660254037844387,-0.4999999999999998,-0.9377521321470804,0.3473052528448203,0.43388373911755823,-0.900968867902419
0.001008596043172048,0.0019980483476691614,-0.00703164076166393,0.0019980483476691614,-0.007916105923164477,0.6166666666666667,0.6117419991920643,0.8660254037844387,-0.4999999999999998,-0.8486442574947509,0.5289640103269624,-0.433883739117558,-0.9009688679024191
-0.014213472244536873,0.0009974340091169888,-0.014213472244536873,-0.004000096886446756,1.332621284442718,0.6166666666666667,0.6117868845100768,0.8660254037844387,-0.4999999999999998,-0.7247927872291207,0.6889669190756859,-0.9749279121818236,-0.2225209339563146
0.03614857527812996,0.16082258020462806,0.03614857527812996,0.10365567469745574,0.6558473526813903,0.6166666666666667,0.6119215404641142,0.8660254037844387,-0.4999999999999998,-0.20129852008866114,0.9795299412524943,0.7818314824680298,0.6234898018587336
-0.04230238607684932,-0.03806684380013185,0.10919929520812023,-0.09567151276973007,0.22214999208762834,0.6166666666666667,0.6119664257821267,0.5000000000000003,-0.8660254037844385,0.20129852008866006,0.9795299412524945,0.9749279121818236,-0.22252093395631434
-0.00930240825062074,-0.055292797774760344,-0.12310223423537081,-0.003984065041278902,-0.9822270900522668,0.6166666666666667,0.6120113111001392,0.5000000000000003,-0.8660254037844385,0.39435585511331855,0.9189578116202306,0.43388373911755823,-0.900968867902419
0.03969990364788857,-0.05261847288021704,0.0019980483476691614,0.015841899758635918,0.0868420891830261,0.6166666666666667,0.6120561964181517,0.5000000000000003,-0.8660254037844385,0.5712682150947923,0.8207634412072763,-0.433883739117558,-0.9009688679024191
0.009930511209213518,0.004899494116001298,0.009930511209213518,0.004899494116001298,0.16007800208994502,0.6166666666666667,0.6121010817361642,0.5000000000000003,-0.8660254037844385,0.72479278722912,0.6889669190756866,-0.9749279121818236,-0.2225209339563146
-0.011928559556882604,0.02795371560686774,-0.011928559556882604,0.02795371560686774,-0.339593085250273,0.6166666666666667,0.6122357376902016,0.5000000000000003,-0.8660254037844385,0.9884683243281114,0.1514277775045767,0.7818314824680298,0.6234898018587336
0.030529245734792786,-0.005719788539504938,0.03922067647349922,-0.005719788539504938,0.28278761818011344,0.6166666666666667,0.6122806230082141,0.5000000000000003,-0.8660254037844385,0.9987165071710528,-0.05064916883871264,0.9749279121818236,-0.22252093395631434
-0.0038872702154737577,0.0019101729294404908,-0.008691430738706303,-0.01057190571535908,-0.8136671163613554,0.6166666666666667,0.6123255083262266,0.5000000000000003,-0.8660254037844385,0.9680771188662043,-0.2506525322587204,0.43388373911755823,-0.900968867902419
-0.011753400608793428,-0.023167037953535786,-0.007789803512486427,-0.010684959308736159,-0.1920003246890384,0.6166666666666667,0.6123703936442391,0.5000000000000003,-0.8660254037844385,0.8978045395707416,-0.4403941515576344,-0.433883739117558,-0.9009688679024191
-0.006920412830192618,0.0009761083247974436,-0.01477128014197337,0.0009761083247974436,0.02335089595989076,0.6166666666666667,0.6124152789622515,0.5000000000000003,-0.8660254037844385,0.7907757369376989,-0.6121059825476626,-0.9749279121818236,-0.2225209339563146
-0.00597011373266383,-0.005870899529048538,-0.00597011373266383,-0.014742243967924252,-0.3646936796422753,0.6166666666666667,0.612549934916289,0.5000000000000003,-0.8660254037844385,0.29936312297335804,-0.9541392564000488,0.7818314824680298,0.6234898018587336
0.002989512141963123,-0.00491877403407238,0.011904890679581443,0.003952570404803404,0.18745643145594465,0.6166666666666667,0.6125948202343015,0.5000000000000003,-0.8660254037844385,0.10116832198743272,-0.994869323391895,0.9749279121818236,-0.22252093395631434
-0.008995578057153786,-0.006927355596265827,-0.01090745667046432,-0.015904987566028095,0.7792534093052776,0.6166666666666667,0.6126397055523138,0.5000000000000003,-0.8660254037844385,-0.10116832198743204,-0.9948693233918952,0.43388373911755823,-0.900968867902419
-0.0010045434253560203,-0.005976060232583177,-0.00800804334966374,-0.001002433698291009,-0.744565085100093,0.6166666666666667,0.6126845908703263,0.5000000000000003,-0.8660254037844385,-0.29936312297335776,-0.9541392564000489,-0.433883739117558,-0.9009688679024191
-0.0020120232113803524,-0.0009995231984015918,-0.0020120232113803524,0.002003958992389936,-0.2179840651969827,0.6166666666666667,0.6127294761883388,0.5000000000000003,-0.8660254037844385,-0.4853019625310808,-0.8743466161445822,-0.9749279121818236,-0.2225209339563146
-0.003025790181539968,0.0019980483476691614,-0.0010075798020845713,0.0,0.9216098933517549,0.6166666666666667,0.6128641321423762,0.5000000000000003,-0.8660254037844385,-0.8978045395707417,-0.44039415155763423,0.7818314824680298,0.6234898018587336
-0.0030348767576822686,0.017804560249013907,0.0030196030134648747,0.018840471350983514,1.1824244128301038,0.6166666666666667,0.6129090174603887,0.5000000000000003,-0.8660254037844385,-0.9680771188662041,-0.2506525322587213,0.9749279121818236,-0.22252093395631434
0.022045007637636768,-0.003929274458886312,0.01792879755665159,-0.0019666139685082526,-1.8663536574941086,0.6166666666666667,0.6129539027784012,0.5000000000000003,-0.8660254037844385,-0.9987165071710528,-0.05064916883871355,0.43388373911755823,-0.900968867902419
-0.009960279738835192,-0.007905172057463813,-0.0139167598084526,-0.007905172057463813,0.48769026353939493,0.6166666666666667,0.6129987880964137,0.5000000000000003,-0.8660254037844385,-0.9884683243281114,0.15142777750457667,-0.433883739117558,-0.9009688679024191
0.0,-0.0019860486913849196,0.002000046443079964,-0.004972679723546796,0.055481848751905656,0.6166666666666667,0.6130436734144262,0.5000000000000003,-0.8660254037844385,-0.9377521321470804,0.3473052528448203,-0.9749279121818236,-0.2225209339563146
-0.0030074943228430395,0.0059464461679344825,-0.005007540765923067,0.008933077200096437,0.5441881256672532,0.6166666666666667,0.6132232146864761,0.5000000000000003,-0.8660254037844385,-0.3943558551133187,0.9189578116202306,0.9749279121818236,-0.22252093395631434
0.0010035353304529023,0.02440335865473912,0.0010035353304529023,0.014713415962436437,-0.1398396623811045,0.6166666666666667,0.6132681000044886,0.5000000000000003,-0.8660254037844385,-0.20129852008866114,0.9795299412524943,0.43388373911755823,-0.900968867902419
0.02084443034337375,0.005769287066435996,0.02084443034337375,0.015459229758738808,-0.9721198229211793,0.6166666666666667,0.613312985322501,0.5000000000000003,-0.8660254037844385,-2.4492935982947064e-16,1.0,-0.433883739117558,-0.9009688679024191
0.015594842736981602,-0.0019194303030447386,0.015594842736981602,-0.0019194303030447386,-0.3609845809752691,0.6166666666666667,0.6133578706405135,1.2246467991473532e-16,-1.0,0.20129852008866006,0.9795299412524945,-0.9749279121818236,-0.2225209339563146
-0.032435267644885066,-0.014514005918264588,-0.015594842736981486,-0.019399232056248474,1.969874164852294,0.6166666666666667,0.613492526594551,1.2246467991473532e-16,-1.0,0.72479278722912,0.6889669190756866,0.7818314824680298,0.6234898018587336
0.006968638881931441,-0.005865160460065537,-0.00393700907905455,-0.0009799343220816196,-0.6408000382306421,0.6166666666666667,0.6135374119125634,1.2246467991473532e-16,-1.0,0.8486442574947509,0.5289640103269624,0.9749279121818236,-0.22252093395631434
-0.011976179647854582,-0.011834446516350077,-0.007523319175720949,-0.018803085398281603,0.4742238241303752,0.6166666666666667,0.6135822972305759,1.2246467991473532e-16,-1.0,0.9377521321470804,0.3473052528448203,0.43388373911755823,-0.900968867902419
0.0010035353304529023,0.0029717439992714523,-0.009384102088598282,-0.0020000464430800094,-1.2518027611954745,0.6166666666666667,0.6136271825485884,1.2246467991473532e-16,-1.0,0.9884683243281114,0.1514277775045767,-0.433883739117558,-0.9009688679024191
0.002003958992389936,-0.009940382881202825,0.004004005435470003,0.002000046443079964,-0.8780499895204196,0.6166666666666667,0.6136720678666009,1.2246467991473532e-16,-1.0,0.9987165071710528,-0.05064916883871264,-0.9749279121818236,-0.2225209339563146
-0.014113075837479366,0.0,-0.0009995231984015918,-0.01206043584369621,1.0826331695073423,0.6166666666666667,0.6138067238206383,1.2246467991473532e-16,-1.0,0.7907757369376989,-0.6121059825476626,0.7818314824680298,0.6234898018587336
-0.001015767340826395,0.00159710493174738,-0.01612936642298425,0.013657540775443618,0.31508534837938973,0.6166666666666667,0.6138516091386508,1.2246467991473532e-16,-1.0,0.6513724827222223,-0.758758122692791,0.9749279121818236,-0.22252093395631434
0.0,-0.003597151374827291,0.0,-0.003597151374827291,-0.749208951069819,0.6166666666666667,0.6138964944566633,1.2246467991473532e-16,-1.0,0.48530196253108104,-0.8743466161445821,0.43388373911755823,-0.900968867902419
0.012121348855462866,0.00797610667566322,0.013124884185915823,0.00797610667566322,-1.0609538600964517,0.6166666666666667,0.6139413797746758,1.2246467991473532e-16,-1.0,0.29936312297335804,-0.9541392564000488,-0.433883739117558,-0.9009688679024191
-0.004024146438820858,-0.0029835659609466097,-0.005027681769273907,-0.0029835659609466097,1.1654196706768718,0.6166666666666667,0.6139862650926883,1.2246467991473532e-16,-1.0,0.10116832198743272,-0.994869323391895,-0.9749279121818236,-0.2225209339563146
-0.0010085960431722015,-0.0019939691223690176,0.0020140494658188045,-0.004992540714716651,0.1257774351577567,0.6166666666666667,0.6141209210467257,1.2246467991473532e-16,-1.0,-0.4853019625310808,-0.8743466161445822,0.7818314824680298,0.6234898018587336
0.002016175845256693,0.0,-0.0010064696637342263,-0.0010015252940990052,-0.702953103417343,0.6166666666666667,0.6141658063647382,1.2246467991473532e-16,-1.0,-0.6513724827222217,-0.7587581226927913,0.9749279121818236,-0.22252093395631434
-0.011139417500377266,-0.009022632551927036,0.0,-0.005022535665480309,0.043426404591658745,0.6166666666666667,0.6142106916827507,1.2246467991473532e-16,-1.0,-0.7907757369376986,-0.6121059825476627,0.43388373911755823,-0.900968867902419
-0.005104578380710906,-0.00808901487790002,-0.011139417500377266,-0.00808901487790002,0.5217709394403299,0.6166666666666667,0.614255577000763,1.2246467991473532e-16,-1.0,-0.8978045395707417,-0.44039415155763423,-0.433883739117558,-0.9009688679024191
-0.019638928889807904,-0.00815498100318812,-0.007153806279654713,-0.02779390989299606,-0.3028634005117263,0.6166666666666667,0.6143004623187756,1.2246467991473532e-16,-1.0,-0.9680771188662041,-0.2506525322587213,-0.9749279121818236,-0.2225209339563146
0.008316048409686833,0.01321820569954828,-0.009273652581177207,0.03285713458935605,0.0660534434088166,0.6166666666666667,0.614435118272813,1.2246467991473532e-16,-1.0,-0.9377521321470804,0.3473052528448203,0.7818314824680298,0.6234898018587336
0.021506209421987107,0.013045856742584188,0.021506209421987107,0.008048325847020215,-0.06266319921233302,0.6166666666666667,0.6144800035908254,1.2246467991473532e-16,-1.0,-0.8486442574947509,0.5289640103269624,0.9749279121818236,-0.22252093395631434
0.007067136602956363,0.01680712623989692,0.007067136602956363,0.021804657135460755,0.21671656017425245,0.6166666666666667,0.6145248889088379,1.2246467991473532e-16,-1.0,-0.7247927872291207,0.6889669190756859,0.43388373911755823,-0.900968867902419
0.007017637738925139,-0.0049140336861574745,0.01596848316297086,-0.0049140336861574745,-0.48512467750971117,0.6166666666666667,0.6145697742268504,1.2246467991473532e-16,-1.0,-0.5712682150947924,0.8207634412072763,-0.433883739117558,-0.9009688679024191
-0.005007540765923067,-0.007912991479540965,-0.013958386189968747,-0.007912991479540965,-0.030986585722079872,0.6166666666666667,0.6146146595448629,1.2246467991473532e-16,-1.0,-0.3943558551133187,0.9189578116202306,-0.9749279121818236,-0.2225209339563146
0.004008017567521568,0.00019857562536680604,0.004008017567521568,0.00019857562536680604,0.2716347171259052,0.6166666666666667,0.6147493154989003,-0.4999999999999997,-0.8660254037844388,0.39435585511331855,0.9189578116202306,0.7818314824680298,0.6234898018587336
0.0039920174700382215,0.006728779970899112,0.0039920174700382215,-0.0021865985667192476,-0.7372939445404453,0.6166666666666667,0.6147942008169128,-0.4999999999999997,-0.8660254037844388,0.5712682150947923,0.8207634412072763,0.9749279121818236,-0.22252093395631434
-0.023174794112429814,-0.015904987566028095,-0.009004578462915634,-0.006989609028409792,0.6293963302513318,0.6166666666666667,0.6148839714529378,-0.4999999999999997,-0.8660254037844388,0.8486442574947509,0.5289640103269624,-0.433883739117558,-0.9009688679024191
-0.01540868392307541,-0.002005969028743923,-0.029578899572589613,-0.021266531546568452,0.05965101701897065,0.6166666666666667,0.6149288567709502,-0.4999999999999997,-0.8660254037844388,0.9377521321470804,0.3473052528448203,-0.9749279121818236,-0.2225209339563146
-0.01670183382208351,-0.02851514261161535,0.0020683003863301726,-0.02802471430220456,0.6379852763665113,0.6166666666666667,0.6150635127249877,-0.4999999999999997,-0.8660254037844388,0.9680771188662043,-0.2506525322587204,0.7818314824680298,0.6234898018587336
-0.00951886122471083,-0.01111530163251317,-0.02828899543312448,0.007654832575900569,-0.05977224263692254,0.6166666666666667,0.6151083980430002,-0.4999999999999997,-0.8660254037844388,0.8978045395707416,-0.4403941515576344,0.9749279121818236,-0.22252093395631434
-0.005327683572065754,-0.007654832575900539,-0.005327683572065754,-0.007654832575900539,-0.6621760339116808,0.6166666666666667,0.6151532833610126,-0.4999999999999997,-0.8660254037844388,0.7907757369376989,-0.6121059825476626,0.43388373911755823,-0.900968867902419
-0.0032102471277378765,0.031090606532772114,-0.0032102471277378765,0.031090606532772114,0.6644412060467942,0.6166666666666667,0.6151981686790251,-0.4999999999999997,-0.8660254037844388,0.6513724827222223,-0.758758122692791,-0.433883739117558,-0.9009688679024191
0.025398166894085375,-0.0010209524933724136,0.04300608747330092,-0.010256539293318228,-0.4817060232239567,0.6166666666666667,0.6152430539970376,-0.4999999999999997,-0.8660254037844388,0.48530196253108104,-0.8743466161445821,-0.9749279121818236,-0.2225209339563146
-0.012618452253998269,-0.01440357682554261,-0.009283218334929478,-0.015584691381073318,0.10014816007903816,0.6166666666666667,0.615377709951075,-0.4999999999999997,-0.8660254037844388,-0.10116832198743204,-0.9948693233918952,0.7818314824680298,0.6234898018587336
-0.009569467512349206,0.015424529318915104,-0.018828940425025833,0.021751249411132996,-0.09555072182683948,0.6166666666666667,0.6154225952690875,-0.4999999999999997,-0.8660254037844388,-0.29936312297335776,-0.9541392564000489,0.9749279121818236,-0.22252093395631434
0.01168368158560767,-0.01542452931891499,0.018828940425025833,-0.027000625269513447,-0.4260219156397433,0.6166666666666667,0.6154674805871,-0.4999999999999997,-0.8660254037844388,-0.4853019625310808,-0.8743466161445822,0.43388373911755823,-0.900968867902419
0.0031628632111688985,0.011334548055656375,-0.0020746381265259973,0.025975486403260736,0.2668700217586976,0.6166666666666667,0.6155123659051125,-0.4999999999999997,-0.8660254037844388,-0.6513724827222217,-0.7587581226927913,-0.433883739117558,-0.9009688679024191
0.015666077213857117,0.014242294732239372,0.007242628152122779,0.010204208902132049,0.2866817791789911,0.6166666666666667,0.615557251223125,-0.4999999999999997,-0.8660254037844388,-0.7907757369376986,-0.6121059825476627,-0.9749279121818236,-0.2225209339563146
0.007227770124094795,0.0020182103794553308,0.020408852762298833,0.00506322469636012,-0.3904882691773812,0.6166666666666667,0.6156919071771624,-0.4999999999999997,-0.8660254037844388,-0.9987165071710528,-0.05064916883871355,0.7818314824680298,0.6234898018587336
-0.0010293597125859688,0.0,0.0020182103794553308,-0.009132402256593924,0.16186852297078141,0.6166666666666667,0.6157367924951749,-0.4999999999999997,-0.8660254037844388,-0.9884683243281114,0.15142777750457667,0.9749279121818236,-0.22252093395631434
-0.02186448762536585,0.005027681769273908,-0.0035344492106634874,-0.016444440531301837,0.5358958409200274,0.6166666666666667,0.6157816778131874,-0.4999999999999997,-0.8660254037844388,-0.9377521321470804,0.3473052528448203,0.43388373911755823,-0.900968867902419
-0.014846544796776563,-0.027454744911028228,-0.0545732259673212,-0.0051947376101326,0.20907312154916993,0.6166666666666667,0.6158265631311999,-0.4999999999999997,-0.8660254037844388,-0.8486442574947509,0.5289640103269624,-0.433883739117558,-0.9009688679024191
0.01379333469390523,0.008213590897217512,0.01379333469390523,0.018576318532946886,-0.15512412644568876,0.6166666666666667,0.6158714484492123,-0.4999999999999997,-0.8660254037844388,-0.7247927872291207,0.6889669190756859,-0.9749279121818236,-0.2225209339563146
-0.010593258720859283,-0.012345824314587799,0.015682555733223358,-0.026944559855474306,0.1718787337308802,0.6166666666666667,0.6160061044032498,-0.4999999999999997,-0.8660254037844388,-0.20129852008866114,0.9795299412524943,0.7818314824680298,0.6234898018587336
-0.020441866459820414,0.015408683923075298,-0.00937996977197146,0.022846197267589456,0.0663366120045188,0.6166666666666667,0.6160509897212623,-0.4999999999999997,-0.8660254037844388,-2.4492935982947064e-16,1.0,0.9749279121818236,-0.22252093395631434
0.045679774370882165,0.008121863997097028,0.0207261105448802,0.007161222196372427,-1.468613677631019,0.6166666666666667,0.6160958750392747,-0.8660254037844385,-0.5000000000000004,0.20129852008866006,0.9795299412524945,0.43388373911755823,-0.900968867902419
-0.03702171967037354,-0.007103089059340433,0.007153806279654868,-0.02686114188677835,1.0790392646407116,0.6166666666666667,0.6161407603572872,-0.8660254037844385,-0.5000000000000004,0.39435585511331855,0.9189578116202306,-0.433883739117558,-0.9009688679024191
-0.008658054700508611,-0.022657953079190947,-0.022657953079190947,-0.02073710537363209,-1.612758708272555,0.6166666666666667,0.6161856456752997,-0.8660254037844385,-0.5000000000000004,0.5712682150947923,0.8207634412072763,-0.9749279121818236,-0.2225209339563146
-0.009830789737439394,-0.02318336299156213,-0.02318336299156213,-0.019866774502919654,2.043568901679832,0.6166666666666667,0.616320301629337,-0.8660254037844385,-0.5000000000000004,0.9377521321470804,0.3473052528448203,0.7818314824680298,0.6234898018587336
0.004381164011243913,0.006376160487829222,-0.019376311895713497,0.014077126080011248,-0.523295879553783,0.6166666666666667,0.6163651869473495,-0.8660254037844385,-0.5000000000000004,0.9884683243281114,0.1514277775045767,0.9749279121818236,-0.22252093395631434
-0.041277460363027686,-0.011185154626354955,0.014567317757187866,-0.03836090969272922,0.9094546775389851,0.6166666666666667,0.616410072265362,-0.8660254037844385,-0.5000000000000004,0.9987165071710528,-0.05064916883871264,0.43388373911755823,-0.900968867902419
-0.011454813402962514,-0.027696596869346866,-0.04547482593508094,-0.002237081912979159,-0.7992495360144041,0.6166666666666667,0.6164549575833745,-0.8660254037844385,-0.5000000000000004,0.9680771188662043,-0.2506525322587204,-0.433883739117558,-0.9009688679024191
0.0193959382930028,0.023940236457550213,0.008928622191168457,0.007808148273592743,1.4212363937770431,0.6166666666666667,0.616499842901387,-0.8660254037844385,-0.5000000000000004,0.8978045395707416,-0.4403941515576344,-0.9749279121818236,-0.2225209339563146
-0.0022624961482033998,-0.02724964188082508,-0.019069571360661734,0.005540201451290698,-0.6426285466499823,0.6166666666666667,0.6166344988554244,-0.8660254037844385,-0.5000000000000004,0.48530196253108104,-0.8743466161445821,0.7818314824680298,0.6234898018587336
0.0022624961482034752,-0.008879072947707812,0.009019218381695357,-0.016713544911183792,-1.059674046173975,0.6166666666666667,0.6166793841734369,-0.8660254037844385,-0.5000000000000004,0.29936312297335804,-0.9541392564000488,0.9749279121818236,-0.22252093395631434
-0.017094498386770827,0.0033388714964170613,0.010050352978966205,-0.013574856642605309,0.8355269254771829,0.6166666666666667,0.6167242694914494,-0.8660254037844385,-0.5000000000000004,0.10116832198743272,-0.994869323391895,0.43388373911755823,-0.900968867902419
0.01709449838677094,0.012148096249285386,-0.01680707521245828,0.03689629635178388,-0.48529470976064926,0.6166666666666667,0.6167691548094618,-0.8660254037844385,-0.5000000000000004,-0.10116832198743204,-0.9948693233918952,-0.433883739117558,-0.9009688679024191
-0.0011306082131356501,0.007654564290443036,0.016807075212458288,-0.030085779674879194,0.40887060884529364,0.6166666666666667,0.6168140401274743,-0.8660254037844385,-0.5000000000000004,-0.29936312297335776,-0.9541392564000489,-0.9749279121818236,-0.2225209339563146
-0.021727617067385012,0.006514623006883321,-0.02931441385662874,0.017937683425593834,0.29935923797706543,0.6166666666666667,0.6169486960815118,-0.8660254037844385,-0.5000000000000004,-0.7907757369376986,-0.6121059825476627,0.7818314824680298,0.6234898018587336
0.029614947514012457,0.006472559785504116,0.02931441385662864,0.0011105196871161916,-1.1132910660521715,0.6166666666666667,0.6169935813995242,-0.8660254037844385,-0.5000000000000004,-0.8978045395707417,-0.44039415155763423,0.9749279121818236,-0.22252093395631434
0.003361317891177706,-0.009724566259211694,-0.006689035087788625,0.006637133456985686,0.05826346596191369,0.6166666666666667,0.6170384667175367,-0.8660254037844385,-0.5000000000000004,-0.9680771188662041,-0.2506525322587213,0.43388373911755823,-0.900968867902419
0.004464289089766226,-0.012015398966569796,0.0177389131941229,-0.0077476531441018955,0.5150615375614312,0.6166666666666667,0.6170833520355492,-0.8660254037844385,-0.5000000000000004,-0.9987165071710528,-0.05064916883871355,-0.433883739117558,-0.9009688679024191
-0.0055834022755702345,0.00438596758616891,-0.018858026379926878,0.008849606874565697,-0.8741884647474503,0.6166666666666667,0.6171282373535617,-0.8660254037844385,-0.5000000000000004,-0.9884683243281114,0.15142777750457667,-0.9749279121818236,-0.2225209339563146
0.0044692767771754485,0.038631375577772575,0.02324399396609573,0.02501495214980085,0.8534248816525277,0.6166666666666667,0.6172628933075991,-0.8660254037844385,-0.5000000000000004,-0.7247927872291207,0.6889669190756859,0.7818314824680298,0.6234898018587336
0.015486967745702405,-0.003162863211168782,0.018428713331863383,-0.02061934482269214,-0.8025993141210253,0.6166666666666667,0.6173077786256116,-0.8660254037844385,-0.5000000000000004,-0.5712682150947924,0.8207634412072763,0.9749279121818236,-0.22252093395631434
-0.023321439709178497,-0.018114514726991274,-0.006465584836251913,-0.022173836392842834,0.31150710012708877,0.6166666666666667,0.6173526639436241,-0.8660254037844385,-0.5000000000000004,-0.3943558551133187,0.9189578116202306,0.43388373911755823,-0.900968867902419
0.0,0.024430268977963295,-0.010869713927585246,0.0352459057377801,0.034339053151543814,0.6166666666666667,0.6173975492616366,-0.8660254037844385,-0.5000000000000004,-0.20129852008866114,0.9795299412524943,-0.433883739117558,-0.9009688679024191
0.04396318679200902,0.03302680426558953,0.04173964386481206,0.05269923327245066,-0.44578927080668507,0.6166666666666667,0.6174424345796491,-0.8660254037844385,-0.5000000000000004,-2.4492935982947064e-16,1.0,-0.9749279121818236,-0.2225209339563146
0.035906723568512065,-0.010204208902131988,0.011464394358791489,0.001026190854474099,-0.39739364445199454,0.6166666666666667,0.617621975851699,-1.0,-1.8369701987210297e-16,0.72479278722912,0.6889669190756866,0.9749279121818236,-0.22252093395631434
-0.010427662775286468,-0.012384047315929621,-0.0020746381265259973,-0.019679514053486717,-0.051229189768790824,0.6166666666666667,0.6176668611697115,-1.0,-1.8369701987210297e-16,0.8486442574947509,0.5289640103269624,0.43388373911755823,-0.900968867902419
-0.025479060793225556,-0.015698969714204133,-0.015698969714204133,-0.027573350287934027,0.655392059568274,0.6166666666666667,0.6177117464877239,-1.0,-1.8369701987210297e-16,0.9377521321470804,0.3473052528448203,-0.433883739117558,-0.9009688679024191
0.0,0.0031596326451671145,-0.01916984731128699,0.021277377938159966,0.5135512362228488,0.6166666666666667,0.6177566318057364,-1.0,-1.8369701987210297e-16,0.9884683243281114,0.1514277775045767,-0.9749279121818236,-0.2225209339563146
-0.023940236457550175,-0.009508803937372723,0.002148175284981716,-0.02235324988698838,0.4432344496140198,0.6166666666666667,0.6178912877597739,-1.0,-1.8369701987210297e-16,0.8978045395707416,-0.4403941515576344,0.7818314824680298,0.6234898018587336
-0.018899959853531902,-0.00745871258792061,0.0010724107286640449,-0.025069382349310925,-0.06227210290314556,0.6166666666666667,0.6179361730777863,-1.0,-1.8369701987210297e-16,0.7907757369376989,-0.6121059825476626,0.9749279121818236,-0.22252093395631434
-0.018120523987730022,-0.023810676958016808,-0.04046477543766698,-0.020067596478626496,-0.2776273823923342,0.6166666666666667,0.6179810583957988,-1.0,-1.8369701987210297e-16,0.6513724827222223,-0.758758122692791,0.43388373911755823,-0.900968867902419
0.0,-0.01656587580328223,-0.008968661352744359,0.007851941084036479,0.03750880307093003,0.6166666666666667,0.6180259437138113,-1.0,-1.8369701987210297e-16,0.48530196253108104,-0.8743466161445821,-0.433883739117558,-0.9009688679024191
-0.014968628970130017,-0.01232504791872898,-0.009038447729432296,-0.037568439576212816,-0.3434859107317763,0.6166666666666667,0.6180708290318238,-1.0,-1.8369701987210297e-16,0.29936312297335804,-0.9541392564000488,-0.9749279121818236,-0.2225209339563146
-0.012843101918477796,-0.011337924838835818,-0.023000874545731072,0.004629633555101856,-0.08811176046002633,0.6166666666666667,0.6182054849858611,-1.0,-1.8369701987210297e-16,-0.29936312297335776,-0.9541392564000489,0.7818314824680298,0.6234898018587336
0.004689335775924524,0.0,0.002322823782986947,0.00805061246131341,0.012652030816001726,0.6166666666666667,0.6182503703038736,-1.0,-1.8369701987210297e-16,-0.4853019625310808,-0.8743466161445822,0.9749279121818236,-0.22252093395631434
0.09371402452592474,0.13124823441341357,0.14850002159465253,0.1001925584045439,1.59673260653218,0.6166666666666667,0.6182952556218861,-1.0,-1.8369701987210297e-16,-0.6513724827222217,-0.7587581226927913,0.43388373911755823,-0.900968867902419
0.012698570842024753,-0.00803216400634236,-0.02326858008534596,0.01949785075070923,0.2670579570541183,0.6166666666666667,0.6183401409398986,-1.0,-1.8369701987210297e-16,-0.7907757369376986,-0.6121059825476627,-0.433883739117558,-0.9009688679024191
0.014613975195562866,0.0,0.003065892230567591,-0.0040733214317941755,-1.5802860635471143,0.6166666666666667,0.618385026257911,-1.0,-1.8369701987210297e-16,-0.8978045395707417,-0.44039415155763423,-0.9749279121818236,-0.2225209339563146
0.010309409189403618,0.008032164006342388,-0.0051151201295113365,0.01317810365052058,0.8994708551110944,0.6166666666666667,0.6185196822119485,-1.0,-1.8369701987210297e-16,-0.9884683243281114,0.15142777750457667,0.7818314824680298,0.6234898018587336
0.003072171733410647,-0.001000523244678462,0.024317284739611457,-0.013178103650520644,-1.1596308236745976,0.6166666666666667,0.618564567529961,-1.0,-1.8369701987210297e-16,-0.9377521321470804,0.3473052528448203,0.9749279121818236,-0.22252093395631434
0.0020429483961007366,0.025693135835049914,-0.01920216461010003,0.044895300445149944,0.3484548077112929,0.6166666666666667,0.6186094528479734,-1.0,-1.8369701987210297e-16,-0.8486442574947509,0.5289640103269624,0.43388373911755823,-0.900968867902419
0.022200736202447703,0.002922528467036467,0.022200736202447703,-0.019705052100739247,-0.38770635540131326,0.6166666666666667,0.6186543381659859,-1.0,-1.8369701987210297e-16,-0.7247927872291207,0.6889669190756859,-0.433883739117558,-0.9009688679024191
-0.008016162888192761,0.003883496430666036,-0.008016162888192761,0.015794982429132454,0.04585899355407266,0.6166666666666667,0.6186992234839984,-1.0,-1.8369701987210297e-16,-0.5712682150947924,0.8207634412072763,-0.9749279121818236,-0.2225209339563146
0.00601811454052351,-0.002911184343350194,0.018934351104297635,-0.016790525448726577,0.19253907287259428,0.6166666666666667,0.6188338794380358,-0.866025403784439,0.49999999999999933,0.20129852008866006,0.9795299412524945,0.7818314824680298,0.6234898018587336
-0.0076088683608896545,-0.008784844548040592,-0.019940820768031994,0.015810591126644992,-0.13471720752957866,0.6166666666666667,0.6188787647560483,-0.866025403784439,0.49999999999999933,0.39435585511331855,0.9189578116202306,0.9749279121818236,-0.22252093395631434
0.0046043861238211775,0.0009799343220817283,0.014000167635242682,-0.0029454840283973755,1.2730003673186758,0.6166666666666667,0.6189236500740608,-0.866025403784439,0.49999999999999933,0.5712682150947923,0.8207634412072763,0.43388373911755823,-0.900968867902419
-0.008056430408226142,-0.003925418350479121,-0.0069755834309847805,-0.02589788461780031,-1.3279674183247643,0.6166666666666667,0.6189685353920733,-0.866025403784439,0.49999999999999933,0.72479278722912,0.6889669190756866,-0.433883739117558,-0.9009688679024191
-0.008121863997096941,-0.01885917310706322,-0.018164001704635137,-0.0010096143362832743,-0.645628052941408,0.6166666666666667,0.6190134207100858,-0.866025403784439,0.49999999999999933,0.8486442574947509,0.5289640103269624,-0.9749279121818236,-0.2225209339563146
0.01014201659287717,0.011952417161224726,0.027123758198791807,0.0020182103794553308,1.1273538405969896,0.6166666666666667,0.6191480766641232,-0.866025403784439,0.49999999999999933,0.9987165071710528,-0.05064916883871264,0.7818314824680298,0.6234898018587336
-0.01014201659287715,-0.00795232027477797,-0.006961708146487466,-0.006634905399122853,-0.5648573238398623,0.6166666666666667,0.6191929619821357,-0.866025403784439,0.49999999999999933,0.9680771188662043,-0.2506525322587204,0.9749279121818236,-0.22252093395631434
-0.0020408637057592275,0.005970113732663784,-0.023221688695820135,0.0036061567601705165,1.000297470377615,0.6166666666666667,0.6192378473001482,-0.866025403784439,0.49999999999999933,0.8978045395707416,-0.4403941515576344,0.43388373911755823,-0.900968867902419
-0.030069654039399638,-0.02004073173151355,0.006110041265993114,-0.01425689533899515,0.14191879997914036,0.6166666666666667,0.6192827326181607,-0.866025403784439,0.49999999999999933,0.7907757369376989,-0.6121059825476626,-0.433883739117558,-0.9009688679024191
-0.012712023387837628,-0.0030410294309774774,0.0,-0.03868750979109833,-0.29403369882530983,0.6166666666666667,0.6193276179361731,-0.866025403784439,0.49999999999999933,0.6513724827222223,-0.758758122692791,-0.9749279121818236,-0.2225209339563146
-0.012767775630954886,-0.03934255851656138,-0.05853294519238095,0.00319316216312679,-0.46296495372116825,0.6166666666666667,0.6194622738902106,-0.866025403784439,0.49999999999999933,0.10116832198743272,-0.994869323391895,0.7818314824680298,0.6234898018587336
0.0009714293712543702,0.006315754250971952,0.01919038667581952,0.0,-0.3164423577255468,0.6166666666666667,0.6195071592082231,-0.866025403784439,0.49999999999999933,-0.10116832198743204,-0.9948693233918952,0.9749279121818236,-0.22252093395631434
-0.029558851622737508,-0.023355553285712496,-0.017039799034740562,-0.034598012406050385,0.1554187986105265,0.6166666666666667,0.6195520445262355,-0.866025403784439,0.49999999999999933,-0.29936312297335776,-0.9541392564000489,0.43388373911755823,-0.900968867902419
-0.01680707521245828,-0.02171646277508115,-0.03831890511627199,-0.02337335508416459,-0.13148725366842368,0.6166666666666667,0.619596929844248,-0.866025403784439,0.49999999999999933,-0.4853019625310808,-0.8743466161445822,-0.433883739117558,-0.9009688679024191
-0.009080643543128963,-0.03575796622823397,-0.021433372663681612,-0.010186862534298595,0.29754104224222144,0.6166666666666667,0.6196418151622605,-0.866025403784439,0.49999999999999933,-0.6513724827222217,-0.7587581226927913,-0.9749279121818236,-0.2225209339563146
-0.050273623914066826,-0.0091429121131839,-0.01377758173739154,-0.047766779206845,0.13509816429696492,0.6166666666666667,0.6197764711162979,-0.866025403784439,0.49999999999999933,-0.9680771188662041,-0.2506525322587213,0.7818314824680298,0.6234898018587336
-0.01692910365670735,-0.026761399421841595,-0.019848881020995347,-0.015634727803836075,-0.03437656523829554,0.6166666666666667,0.6198213564343104,-0.866025403784439,0.49999999999999933,-0.9987165071710528,-0.05064916883871355,0.9749279121818236,-0.22252093395631434
0.007290484232693631,-0.007100558506971178,-0.009478735386040972,0.006042337436066342,-0.07200584115161211,0.6166666666666667,0.6198662417523229,-0.866025403784439,0.49999999999999933,-0.9884683243281114,0.15142777750457667,0.43388373911755823,-0.900968867902419
-0.01832678944849289,-0.003569275915688759,-0.0011910990366189574,-0.018237657335987124,-0.5102436362622945,0.6166666666666667,0.6199111270703354,-0.866025403784439,0.49999999999999933,-0.9377521321470804,0.3473052528448203,-0.433883739117558,-0.9009688679024191
-0.018668821145433837,-0.02168763328884486,-0.03764869830890119,0.006116250563189099,0.7649321102182838,0.6166666666666667,0.6199560123883479,-0.866025403784439,0.49999999999999933,-0.8486442574947509,0.5289640103269624,-0.9749279121818236,-0.2225209339563146
0.0025094092032536793,-0.004884009900524651,0.011077055119531713,-0.027195717157979405,-0.5623129011192781,0.6166666666666667,0.6200906683423852,-0.866025403784439,0.49999999999999933,-0.3943558551133187,0.9189578116202306,0.7818314824680298,0.6234898018587336
-0.06203539330961381,0.00853139793424252,-0.023530504358337107,-0.05937227842649796,0.6806723851180442,0.6166666666666667,0.6201355536603977,-0.866025403784439,0.49999999999999933,-0.20129852008866114,0.9795299412524943,0.9749279121818236,-0.22252093395631434
0.0,-0.035828411470024614,-0.044850553556703365,0.05119355308801525,0.3148643247873214,0.6166666666666667,0.6201804389784102,-0.866025403784439,0.49999999999999933,-2.4492935982947064e-16,1.0,0.43388373911755823,-0.900968867902419
-0.031146731620425017,-0.019048146525700166,-0.01585236404219007,-0.02106684514814023,-0.1911274283997725,0.6166666666666667,0.6202253242964226,-0.5000000000000012,0.8660254037844379,0.20129852008866006,0.9795299412524945,-0.433883739117558,-0.9009688679024191
-0.0013764285587118778,0.01020416024401339,0.04809242213976163,-0.020861231853910863,0.10978085905278111,0.6166666666666667,0.6202702096144351,-0.5000000000000012,0.8660254037844379,0.39435585511331855,0.9189578116202306,-0.9749279121818236,-0.2225209339563146
0.013680090518200783,-0.02310761430387037,-0.06826796751141803,0.0013166232325942078,-0.5129240103675559,0.6166666666666667,0.6204048655684726,-0.5000000000000012,0.8660254037844379,0.8486442574947509,0.5289640103269624,0.7818314824680298,0.6234898018587336
0.025487637642499995,-0.010443949408814775,0.03340323853686524,0.0013149546742550484,-0.5310855817832127,0.6166666666666667,0.620449750886485,-0.5000000000000012,0.8660254037844379,0.9377521321470804,0.3473052528448203,0.9749279121818236,-0.22252093395631434
0.006600646220110225,0.009144436278382857,-0.0013149546742550872,0.01045760154025033,-0.7716601973925332,0.6166666666666667,0.6204946362044975,-0.5000000000000012,0.8660254037844379,0.9884683243281114,0.1514277775045767,0.43388373911755823,-0.900968867902419
0.0,-0.0026041656322203796,0.0,-0.010457601540250413,0.47207389729321125,0.6166666666666667,0.62053952152251,-0.5000000000000012,0.8660254037844379,0.9987165071710528,-0.05064916883871264,-0.433883739117558,-0.9009688679024191
-0.12604073681490915,0.0,0.003939625551236064,0.0026246708769810494,1.7869832800763963,0.6166666666666667,0.6205844068405225,-0.5000000000000012,0.8660254037844379,0.9680771188662043,-0.2506525322587204,-0.9749279121818236,-0.2225209339563146
0.12604073681490904,0.020645874932688716,-0.003939625551236118,0.006531664512663533,-0.8407027331033465,0.6166666666666667,0.6207190627945599,-0.5000000000000012,0.8660254037844379,0.6513724827222223,-0.758758122692791,0.7818314824680298,0.6234898018587336
0.003939625551236064,0.05708746428672589,0.003939625551236064,0.056941412828254066,0.05869038355588721,0.6166666666666667,0.6207639481125724,-0.5000000000000012,0.8660254037844379,0.48530196253108104,-0.8743466161445821,0.9749279121818236,-0.22252093395631434
0.06838105791504043,0.033217732454273,0.07204627071468267,0.0421494581861524,-0.10830583431563502,0.6166666666666667,0.6208088334305849,-0.5000000000000012,0.8660254037844379,0.29936312297335804,-0.9541392564000488,0.43388373911755823,-0.900968867902419
0.012165646177701038,0.05560146937028427,0.025287324831373,0.059514181513974224,0.2834860664818775,0.6166666666666667,0.6208537187485974,-0.5000000000000012,0.8660254037844379,0.10116832198743272,-0.994869323391895,-0.433883739117558,-0.9009688679024191
0.050688439349073605,0.005503507215308833,0.06223205513437492,0.0011105196871161916,-0.14372816973329539,0.6166666666666667,0.6208986040666099,-0.5000000000000012,0.8660254037844379,-0.10116832198743204,-0.9948693233918952,-0.9749279121818236,-0.2225209339563146
0.03167682760120659,0.052390464624715014,0.004459312048319117,0.04556103198425489,-0.278580483303904,0.6166666666666667,0.6210332600206473,-0.5000000000000012,0.8660254037844379,-0.6513724827222217,-0.7587581226927913,0.7818314824680298,0.6234898018587336
0.002224745998022385,0.030771580398028322,0.03712218365805567,0.04863858960065731,-0.0012836972237782198,0.6166666666666667,0.6210781453386598,-0.5000000000000012,0.8660254037844379,-0.7907757369376986,-0.6121059825476627,0.9749279121818236,-0.22252093395631434
0.06869656690062784,0.03960919514528983,0.03268613755486642,0.029852982982480982,-0.15883586927779267,0.6166666666666667,0.6211230306566723,-0.5000000000000012,0.8660254037844379,-0.8978045395707417,-0.44039415155763423,0.43388373911755823,-0.900968867902419
0.04562370525135516,0.00966185571400704,0.04562370525135516,0.019418067876816054,-1.0225345782107713,0.6166666666666667,0.6212128012926972,-0.5000000000000012,0.8660254037844379,-0.9987165071710528,-0.05064916883871355,-0.9749279121818236,-0.2225209339563146
-0.03530375533292073,0.0,0.030260919979342504,-0.046245260677757055,0.5221795282092985,0.6166666666666667,0.6213474572467347,-0.5000000000000012,0.8660254037844379,-0.8486442574947509,0.5289640103269624,0.7818314824680298,0.6234898018587336
-0.034457515405584775,-0.05230592761697927,-0.05230592761697927,-0.047431573394461454,-0.44931817994442663,0.6166666666666667,0.6213923425647471,-0.5000000000000012,0.8660254037844379,-0.7247927872291207,0.6889669190756859,0.9749279121818236,-0.22252093395631434
0.009508219856798257,-0.027736703640346,-0.03295866738568999,0.004214965229462873,0.5244406256684904,0.6166666666666667,0.6214372278827596,-0.5000000000000012,0.8660254037844379,-0.5712682150947924,0.8207634412072763,0.43388373911755823,-0.900968867902419
0.0,0.012422507734227345,0.010416701355476569,0.01875048197378768,-0.154556017489743,0.6166666666666667,0.6214821132007721,-0.5000000000000012,0.8660254037844379,-0.3943558551133187,0.9189578116202306,-0.433883739117558,-0.9009688679024191
0.005259861227620568,0.028399447049598688,-0.003113623038882428,0.02042979775017397,-0.5725633243717702,0.6166666666666667,0.6215269985187846,-0.5000000000000012,0.8660254037844379,-0.20129852008866114,0.9795299412524943,-0.9749279121818236,-0.2225209339563146
-0.042797822237367215,-0.0325335048400875,0.004149379647108779,-0.0744969424728033,0.43430510520688487,0.6166666666666667,0.621661654472822,-2.4492935982947064e-16,1.0,0.5712682150947923,0.8207634412072763,0.7818314824680298,0.6234898018587336
-0.015418740573412883,-0.054114293565634325,-0.05971917698602502,-0.0010899432876237873,-0.4601900077974109,0.6166666666666667,0.6217065397908345,-2.4492935982947064e-16,1.0,0.72479278722912,0.6889669190756866,0.9749279121818236,-0.22252093395631434
-0.011149634142822317,0.07153419932356382,0.02066409327695308,0.07153419932356382,1.4214372163348232,0.6166666666666667,0.621751425108847,-2.4492935982947064e-16,1.0,0.8486442574947509,0.5289640103269624,0.43388373911755823,-0.900968867902419
0.07769777481331291,0.043701052226881726,0.06863398328166148,0.03589614200092276,0.15518551063581665,0.6166666666666667,0.6217963104268595,-2.4492935982947064e-16,1.0,0.9377521321470804,0.3473052528448203,-0.433883739117558,-0.9009688679024191
-0.03809980873486926,-0.024595435674685598,0.009004578462915542,-0.053305703097901655,-1.3918133254014755,0.6166666666666667,0.6218411957448718,-2.4492935982947064e-16,1.0,0.9884683243281114,0.1514277775045767,-0.9749279121818236,-0.2225209339563146
0.0474022169854901,-0.008000035037559684,-0.022156019174673296,0.00720535219484689,-0.1405585098331517,0.6166666666666667,0.6219758516989093,-2.4492935982947064e-16,1.0,0.8978045395707416,-0.4403941515576344,0.7818314824680298,0.6234898018587336
-0.0197409562981486,-0.029548758071564814,-0.02996589426851131,-0.010309409189403608,-2.040310824476798,0.6166666666666667,0.6220207370169218,-2.4492935982947064e-16,1.0,0.7907757369376989,-0.6121059825476626,0.9749279121818236,-0.22252093395631434
-0.05167991085878827,-0.035793310672978744,-0.03851790243257544,-0.06307776225573795,2.3850863145057892,0.6166666666666667,0.6220656223349342,-2.4492935982947064e-16,1.0,0.6513724827222223,-0.758758122692791,0.43388373911755823,-0.900968867902419
-0.005540201451290676,-0.02276521514408696,-0.013172515800813859,-0.003327775707017239,-0.3006572313149144,0.6166666666666667,0.6221105076529467,-2.4492935982947064e-16,1.0,0.48530196253108104,-0.8743466161445821,-0.433883739117558,-0.9009688679024191
-0.047790672728416674,-0.013245214201674278,-0.00776494744931315,-0.051118433249794315,0.018973095933804317,0.6166666666666667,0.6221553929709592,-2.4492935982947064e-16,1.0,0.29936312297335804,-0.9541392564000488,-0.9749279121818236,-0.2225209339563146
-0.10043869835017268,-0.0373557777440059,-0.04930245460972896,-0.10043869835017268,1.0721485210051478,0.6166666666666667,0.6222900489249966,-2.4492935982947064e-16,1.0,-0.29936312297335776,-0.9541392564000489,0.7818314824680298,0.6234898018587336
0.01024364756742748,-0.03163713915600923,-0.07630616126905962,0.07326637829013029,-0.4213169036120244,0.6166666666666667,0.6223349342430091,-2.4492935982947064e-16,1.0,-0.4853019625310808,-0.8743466161445822,0.9749279121818236,-0.22252093395631434
0.06302273072270279,0.041964270640159014,0.058840444976795865,0.01261470281676548,-0.3731148258696501,0.6166666666666667,0.6223798195610216,-2.4492935982947064e-16,1.0,-0.6513724827222217,-0.7587581226927913,0.43388373911755823,-0.900968867902419
-0.0365894694235167,-0.03958609376108926,-0.002383732285778536,-0.016214069211190608,0.7854946695572375,0.6166666666666667,0.6224247048790341,-2.4492935982947064e-16,1.0,-0.7907757369376986,-0.6121059825476627,-0.433883739117558,-0.9009688679024191
-0.0012430366780168702,-0.004284730666463138,-0.009592390367769748,-0.012091976599990659,-0.08548379113917044,0.6166666666666667,0.6224695901970466,-2.4492935982947064e-16,1.0,-0.8978045395707417,-0.44039415155763423,-0.9749279121818236,-0.2225209339563146
-0.021371030558327626,-0.031994966568933546,-0.02192539770277856,-0.022128708482724586,-1.9659882584468993,0.6166666666666667,0.622604246151084,-2.4492935982947064e-16,1.0,-0.9884683243281114,0.15142777750457667,0.7818314824680298,0.6234898018587336
0.006333167571509319,0.029128245949416886,-0.024938924620469025,0.03301812629212669,0.8550429651235663,0.6166666666666667,0.622694016787109,-2.4492935982947064e-16,1.0,-0.8486442574947509,0.5289640103269624,0.43388373911755823,-0.900968867902419
0.03839474360822329,-0.0035949390094800354,0.03960910068504969,-0.001204121580090532,-0.7464091241207708,0.6166666666666667,0.6227389021051215,-2.4492935982947064e-16,1.0,-0.7247927872291207,0.6889669190756859,-0.433883739117558,-0.9009688679024191
0.0024272412789581284,0.0023981375279459568,0.008459343218288392,0.004807696883909408,1.2147381785961742,0.6166666666666667,0.6227837874231339,-2.4492935982947064e-16,1.0,-0.5712682150947924,0.8207634412072763,-0.9749279121818236,-0.2225209339563146
-0.02952241069181082,0.0,-0.01454581273302007,-0.0011997876467510907,-0.27829885851597114,0.6166666666666667,0.6229184433771714,-2.4492935982947064e-16,1.0,-2.4492935982947064e-16,1.0,0.7818314824680298,0.6234898018587336
0.02952241069181086,-0.0060060467651042275,0.010929089517585257,-0.009650246673224684,-1.3273056287672147,0.6333333333333333,0.6230082140131963,0.49999999999999994,0.8660254037844387,0.39435585511331855,0.9189578116202306,0.43388373911755823,-0.900968867902419
0.0,0.006006046765104231,-0.003629735800722127,0.007246459016156879,0.8683784431288752,0.6333333333333333,0.6230530993312088,0.49999999999999994,0.8660254037844387,0.5712682150947923,0.8207634412072763,-0.433883739117558,-0.9009688679024191
0.002421364041326988,-0.0023981375279459893,0.002421364041326988,-0.0036167232154348705,0.5679475472485122,0.6333333333333333,0.6230979846492213,0.49999999999999994,0.8660254037844387,0.72479278722912,0.6889669190756866,-0.9749279121818236,-0.2225209339563146
-0.02324270129723266,0.0011997876467511929,-0.004848605320285066,0.004819282006023543,-0.10166823199653398,0.6333333333333333,0.6232326406032587,0.49999999999999994,0.8660254037844387,0.9884683243281114,0.1514277775045767,0.7818314824680298,0.6234898018587336
0.020821337255905695,-0.00601327012092665,0.00484860532028505,-0.008449017806745519,-1.0722934939133624,0.6333333333333333,0.6232775259212712,0.49999999999999994,0.8660254037844387,0.9987165071710528,-0.05064916883871264,0.9749279121818236,-0.22252093395631434
0.0,0.013181695890565495,-0.0024213640413270404,0.018018460089614625,0.5378810516488214,0.6333333333333333,0.6233224112392837,0.49999999999999994,0.8660254037844387,0.9680771188662043,-0.2506525322587204,0.43388373911755823,-0.900968867902419
-0.004848075501124084,-0.008368213416389917,-0.004848075501124084,-0.009569442282869082,-0.9270910332249248,0.6333333333333333,0.6233672965572962,0.49999999999999994,0.8660254037844387,0.8978045395707416,-0.4403941515576344,-0.433883739117558,-0.9009688679024191
-0.019693009721221927,0.005984481130611488,0.018093261183828934,-0.013309290042594834,1.5493252523365795,0.6333333333333333,0.6234121818753087,0.49999999999999994,0.8660254037844387,0.7907757369376989,-0.6121059825476626,-0.9749279121818236,-0.2225209339563146
0.024541085222346,-0.004784693483860293,-0.013245185682704746,0.012106731252006162,-0.7328166787506326,0.6333333333333333,0.6235468378293461,0.49999999999999994,0.8660254037844387,0.29936312297335804,-0.9541392564000488,0.7818314824680298,0.6234898018587336
0.0,-0.002401016513230197,0.004836764199049123,-0.0024096948171078566,0.7747995465287197,0.6333333333333333,0.6235917231473586,0.49999999999999994,0.8660254037844387,0.10116832198743272,-0.994869323391895,0.9749279121818236,-0.22252093395631434
-0.020821337255905587,0.009569442282869125,-0.023185855772218756,0.006013270120926707,0.6883104117593313,0.6333333333333333,0.6236366084653711,0.49999999999999994,0.8660254037844387,-0.10116832198743204,-0.9948693233918952,0.43388373911755823,-0.900968867902419
0.014742267919173921,0.0011897954050268341,0.01592185029421157,0.005977326733019777,-0.9310455149396248,0.6333333333333333,0.6236814937833834,0.49999999999999994,0.8660254037844387,-0.29936312297335776,-0.9541392564000489,-0.433883739117558,-0.9009688679024191
0.006091206936188539,0.19980561267213376,0.032280204428639145,0.07018401593663423,2.0740451518656857,0.6333333333333333,0.623726379101396,0.49999999999999994,0.8660254037844387,-0.4853019625310808,-0.8743466161445822,-0.9749279121818236,-0.2225209339563146
-0.018361229172626586,-0.13422723717516785,0.023256840240719442,-0.08701137698962981,-0.222696762450738,0.6333333333333333,0.6239059203734458,0.49999999999999994,0.8660254037844387,-0.9680771188662041,-0.2506525322587213,0.9749279121818236,-0.22252093395631434
-0.009925629817233885,-0.0835752160956452,-0.05310980339040063,-0.025784121900362937,0.3233567348324208,0.6333333333333333,0.6239508056914583,0.49999999999999994,0.8660254037844387,-0.9987165071710528,-0.05064916883871355,0.43388373911755823,-0.900968867902419
-0.013810716467128236,0.022741803554357364,-0.0036429587932451032,-0.006238347314080789,-1.925057897378606,0.6333333333333333,0.6239956910094708,0.49999999999999994,0.8660254037844387,-0.9884683243281114,0.15142777750457667,-0.433883739117558,-0.9009688679024191
-0.007614242843458198,-0.03737619660521853,-0.00978001936165398,-0.01132795958734327,0.345289621713607,0.6333333333333333,0.6240405763274833,0.49999999999999994,0.8660254037844387,-0.9377521321470804,0.3473052528448203,-0.9749279121818236,-0.2225209339563146
0.02017727000917919,0.06538266879830189,0.02427301247487473,0.01382801810997629,0.13339885627623507,0.6333333333333333,0.6241752322815207,0.49999999999999994,0.8660254037844387,-0.5712682150947924,0.8207634412072763,0.7818314824680298,0.6234898018587336
-0.01129957419537048,-0.047122926444353556,-0.00601327012092665,0.0,-0.18771742066260366,0.6333333333333333,0.6242201175995332,0.49999999999999994,0.8660254037844387,-0.3943558551133187,0.9189578116202306,0.9749279121818236,-0.22252093395631434
-0.021698372094152665,-0.03811155069376011,-0.041878059871205166,-0.020177270009179224,0.19339189465655238,0.6333333333333333,0.6242650029175457,0.49999999999999994,0.8660254037844387,-0.20129852008866114,0.9795299412524943,0.43388373911755823,-0.900968867902419
0.012820676280343956,0.021079466594790222,-0.006309133129630992,0.02763992482017515,0.10172515628274661,0.6333333333333333,0.6243098882355582,0.49999999999999994,0.8660254037844387,-2.4492935982947064e-16,1.0,-0.433883739117558,-0.9009688679024191
0.00887769581380876,0.009768078620962807,0.04092318752282907,-0.0012398358856140401,-0.7001717954969098,0.6333333333333333,0.6243547735535707,0.8660254037844386,0.5000000000000001,0.20129852008866006,0.9795299412524945,-0.9749279121818236,-0.2225209339563146
-0.013986258934377058,-0.00854180879111252,-0.00854180879111252,-0.013741703905727196,1.4386640593046947,0.6333333333333333,0.6244894295076081,0.8660254037844386,0.5000000000000001,0.72479278722912,0.6889669190756866,0.7818314824680298,0.6234898018587336
-0.014184652436154898,-0.021053419144373267,-0.021053419144373267,-0.024189540984224645,-1.3675176767265016,0.6333333333333333,0.6245343148256206,0.8660254037844386,0.5000000000000001,0.8486442574947509,0.5289640103269624,0.9749279121818236,-0.22252093395631434
-0.010443949408814775,-0.0279205692073499,-0.03567253860918104,0.0012877982345870353,-0.809732517736915,0.6333333333333333,0.6245792001436331,0.8660254037844386,0.5000000000000001,0.9377521321470804,0.3473052528448203,0.43388373911755823,-0.900968867902419
0.009144436278382857,0.055082766185944494,0.0038834655073738604,0.02792056920735003,-1.0461487191323688,0.6333333333333333,0.6246240854616455,0.8660254037844386,0.5000000000000001,0.9884683243281114,0.1514277775045767,-0.433883739117558,-0.9009688679024191
0.006480867071894174,0.054515871481473195,0.10884286032582251,0.06774057412469386,2.4497399303088496,0.6333333333333333,0.624668970779658,0.8660254037844386,0.5000000000000001,0.9987165071710528,-0.05064916883871264,-0.9749279121818236,-0.2225209339563146
0.009003298494692573,-0.003466177039820171,0.001158104196232118,-0.07654008979743135,0.8202851785779058,0.6333333333333333,0.6248036267336955,0.8660254037844386,0.5000000000000001,0.7907757369376989,-0.6121059825476626,0.7818314824680298,0.6234898018587336
-0.018088331198807147,-0.04740230640793523,-0.04861666348476172,0.006293251017953462,-0.9255945453028158,0.6333333333333333,0.6248485120517079,0.8660254037844386,0.5000000000000001,0.6513724827222223,-0.758758122692791,0.9749279121818236,-0.22252093395631434
-0.007853435908030006,-0.013439378508365303,-0.012225021431538762,-0.008821694932559269,0.49464789992467406,0.6333333333333333,0.6248933973697204,0.8660254037844386,0.5000000000000001,0.48530196253108104,-0.8743466161445821,0.43388373911755823,-0.900968867902419
0.03613292851761091,-0.0012307975562154407,-0.02869816609129023,0.001264990944255276,-1.0812205459562405,0.6333333333333333,0.6249382826877329,0.8660254037844386,0.5000000000000001,0.29936312297335804,-0.9541392564000488,-0.433883739117558,-0.9009688679024191
-0.025675326977360444,-0.04792848204953873,-0.020461113514463884,-0.028206971530613325,-1.9760139273555444,0.6333333333333333,0.6249831680057454,0.8660254037844386,0.5000000000000001,0.10116832198743272,-0.994869323391895,-0.9749279121818236,-0.2225209339563146
-0.005215130653669184,0.01919445990546629,-0.011695997725563382,0.006480867071894174,2.1682478794551576,0.6333333333333333,0.6251627092777953,0.8660254037844386,0.5000000000000001,-0.6513724827222217,-0.7587581226927913,0.9749279121818236,-0.22252093395631434
0.00495503766120678,-0.01790327457054938,0.012987183060480214,0.0012911853349168536,-0.4220086362607186,0.6333333333333333,0.6252075945958078,0.8660254037844386,0.5000000000000001,-0.7907757369376986,-0.6121059825476627,0.43388373911755823,-0.900968867902419
0.005448167100811162,0.02673616128336923,0.0012895203249532424,0.010269656893657168,-0.1417888722713778,0.6333333333333333,0.6252524799138203,0.8660254037844386,0.5000000000000001,-0.8978045395707417,-0.44039415155763423,-0.433883739117558,-0.9009688679024191
-0.0051880741083487536,0.0025094092032536793,0.027956050161669712,-0.0038387421101794207,0.7014459833746404,0.6333333333333333,0.6252973652318327,0.8660254037844386,0.5000000000000001,-0.9680771188662041,-0.2506525322587213,-0.9749279121818236,-0.2225209339563146
-0.00390882712603492,-0.02153345732684727,-0.037017622893434035,-0.016807132822509216,-0.3324143652265364,0.6333333333333333,0.6254320211858702,0.8660254037844386,0.5000000000000001,-0.9377521321470804,0.3473052528448203,0.7818314824680298,0.6234898018587336
-0.005235609152347987,-0.018088331198807147,-0.0026041656322203796,-0.005228765031048926,-0.29717618104767585,0.6333333333333333,0.6254769065038827,0.8660254037844386,0.5000000000000001,-0.8486442574947509,0.5289640103269624,0.9749279121818236,-0.22252093395631434
-0.0026281199361225405,0.05578120046783468,-0.003919039623502572,0.06100996549888363,0.83868546279312,0.6333333333333333,0.625521791821895,0.8660254037844386,0.5000000000000001,-0.7247927872291207,0.6889669190756859,0.43388373911755823,-0.900968867902419
0.036179683648807824,-0.018668821145433837,0.04103141894590328,-0.026235054249256266,-0.9557126185402691,0.6333333333333333,0.6255666771399075,0.8660254037844386,0.5000000000000001,-0.5712682150947924,0.8207634412072763,-0.433883739117558,-0.9009688679024191
-0.037496306881401986,0.03335695441900674,-0.02415884272382897,0.04092318752282907,0.6055491212419595,0.6333333333333333,0.62561156245792,0.8660254037844386,0.5000000000000001,-0.3943558551133187,0.9189578116202306,-0.9749279121818236,-0.2225209339563146
0.007874048793430557,0.001214357076826458,0.0587301542196621,-0.07308029876285628,-0.4062267227679802,0.6333333333333333,0.6257462184119575,1.0,6.123233995736766e-17,0.5712682150947923,0.8207634412072763,0.7818314824680298,0.6234898018587336
-0.02113689333397022,-0.06907952518601357,-0.06907952518601357,-0.014483483344190883,0.6299791484445578,0.6333333333333333,0.6257911037299699,1.0,6.123233995736766e-17,0.72479278722912,0.6889669190756866,0.9749279121818236,-0.22252093395631434
-0.012088753873190307,0.06907952518601351,-0.0026041656322203796,0.08877813918387358,0.32057497439545096,0.6333333333333333,0.6258359890479824,1.0,6.123233995736766e-17,0.8486442574947509,0.5289640103269624,0.43388373911755823,-0.900968867902419
0.013423007444649979,0.00121288420213145,0.07289657502036542,-0.06778001205558168,0.26901077624576347,0.6333333333333333,0.6258808743659949,1.0,6.123233995736766e-17,0.9377521321470804,0.3473052528448203,-0.433883739117558,-0.9009688679024191
-0.020202720292680294,-0.0458852819538428,-0.07159367553875089,-0.04109258719566795,-2.1358556309599273,0.6333333333333333,0.6259257596840074,1.0,6.123233995736766e-17,0.9884683243281114,0.1514277775045767,-0.9749279121818236,-0.2225209339563146
-0.019231343661884472,-0.0723524129026376,-0.046644019317729574,-0.01774785653008052,0.1941560144409574,0.6333333333333333,0.6260604156380448,1.0,6.123233995736766e-17,0.8978045395707416,-0.4403941515576344,0.7818314824680298,0.6234898018587336
0.005532512278883532,0.033537684099006836,0.030895677132488714,-0.001378391496544468,-0.9614111671546247,0.6333333333333333,0.6261053009560573,1.0,6.123233995736766e-17,0.7907757369376989,-0.6121059825476626,0.9749279121818236,-0.22252093395631434
0.010974036623525793,0.01310633521872291,-0.009302415651792744,0.010974036623525793,1.3862943611198906,0.6333333333333333,0.6261501862740698,1.0,6.123233995736766e-17,0.6513724827222223,-0.758758122692791,0.43388373911755823,-0.900968867902419
-0.03470160856046182,-0.03309368918199049,-0.009389699509313199,-0.03186663133988126,2.371662576285933,0.6333333333333333,0.6261950715920823,1.0,6.123233995736766e-17,0.48530196253108104,-0.8743466161445821,-0.433883739117558,-0.9009688679024191
0.1045127264980332,0.13218456019639696,0.13353132836075335,0.11054413984944444,0.11692319466400701,0.6333333333333333,0.6262399569100947,1.0,6.123233995736766e-17,0.29936312297335804,-0.9541392564000488,-0.9749279121818236,-0.2225209339563146
0.017654918252155486,0.010557301177666449,-0.058268854142409246,0.07761468300023948,-0.7399211764237666,0.6333333333333333,0.6263746128641322,1.0,6.123233995736766e-17,-0.29936312297335776,-0.9541392564000489,0.7818314824680298,0.6234898018587336
-0.03692334915687114,-0.003506693666291839,0.027128699873508612,-0.026006112452151453,-0.10981725620452928,0.6333333333333333,0.6264194981821447,1.0,6.123233995736766e-17,-0.4853019625310808,-0.8743466161445822,0.9749279121818236,-0.22252093395631434
0.06405204903037966,0.04689250764198595,0.02996029863704172,0.06041319887170765,-0.3740689330818648,0.6333333333333333,0.6264643835001571,1.0,6.123233995736766e-17,-0.6513724827222217,-0.7587581226927913,0.43388373911755823,-0.900968867902419
0.05098903528989608,-0.0033575558305550513,0.0256423507996061,-0.00338788950884249,-0.6380176059058847,0.6333333333333333,0.6265092688181696,1.0,6.123233995736766e-17,-0.7907757369376986,-0.6121059825476627,-0.433883739117558,-0.9009688679024191
0.004613614146751777,-0.010140949169493148,0.0,-0.0011318879350677698,0.8230950432757407,0.6333333333333333,0.6266888100902195,1.0,6.123233995736766e-17,-0.9884683243281114,0.15142777750457667,0.7818314824680298,0.6234898018587336
-0.006928372633831008,0.017957817048367287,0.014848944428278376,0.017957817048367287,-0.0635614814897445,0.6333333333333333,0.626733695408232,1.0,6.123233995736766e-17,-0.9377521321470804,0.3473052528448203,0.9749279121818236,-0.22252093395631434
0.028557051535408128,-0.010061589147598844,0.007905252726524249,-0.012311253132355704,-1.1631508098056809,0.6333333333333333,0.6267785807262445,1.0,6.123233995736766e-17,-0.8486442574947509,0.5289640103269624,0.43388373911755823,-0.900968867902419
-0.05556990945536514,-0.011299490717749354,-0.01017534498621807,-0.01474786952204628,2.45861532403906,0.6333333333333333,0.626823466044257,1.0,6.123233995736766e-17,-0.7247927872291207,0.6889669190756859,-0.433883739117558,-0.9009688679024191
0.011834503060066448,0.0,-0.00455581208221365,-0.026637305800169604,-1.3600030353709502,0.6333333333333333,0.6268683513622695,1.0,6.123233995736766e-17,-0.5712682150947924,0.8207634412072763,-0.9749279121818236,-0.2225209339563146
0.002350231073082586,-0.02066667175918377,-0.027779536507009785,0.0116686768300396,-2.875104285765376,0.6333333333333333,0.6270030073163069,1.0,6.123233995736766e-17,-2.4492935982947064e-16,1.0,0.7818314824680298,0.6234898018587336
0.01282812378680791,0.010386723844693696,0.015142882273887059,0.010386723844693696,1.7712474994989165,0.6333333333333333,0.6270478926343194,0.8660254037844387,-0.4999999999999998,0.20129852008866006,0.9795299412524945,0.9749279121818236,-0.22252093395631434
-0.00581061374835867,0.0011474732993707194,0.00805999170021701,-0.008069172691693468,-0.1965892671291086,0.6333333333333333,0.6270927779523319,0.8660254037844387,-0.4999999999999998,0.39435585511331855,0.9189578116202306,0.43388373911755823,-0.900968867902419
-0.05141602416113384,0.006857108690263253,-0.008059991700216998,0.0,0.6175030430098647,0.6333333333333333,0.6271376632703443,0.8660254037844387,-0.4999999999999998,0.5712682150947923,0.8207634412072763,-0.433883739117558,-0.9009688679024191
0.05490639811808548,0.010198406185747034,-0.00463499827848622,0.005770268437598931,0.32692718983675717,0.6333333333333333,0.6271825485883568,0.8660254037844387,-0.4999999999999998,0.72479278722912,0.6889669190756866,-0.9749279121818236,-0.2225209339563146
0.003478343987639033,0.004499440937785134,0.03424994579249884,0.02500133336726064,-1.602797733342275,0.6333333333333333,0.6273172045423943,0.8660254037844387,-0.4999999999999998,0.9884683243281114,0.1514277775045767,0.7818314824680298,0.6234898018587336
-0.004640374935987326,0.0044792866183527074,-0.020408906941444885,-0.030771601804859793,0.441884698981734,0.6333333333333333,0.6273620898604068,0.8660254037844387,-0.4999999999999998,0.9987165071710528,-0.05064916883871264,0.9749279121818236,-0.22252093395631434
-0.012873274252141723,-0.011236008851844777,-0.020834012158968452,0.017212084804877348,0.1296083264342846,0.6333333333333333,0.6274069751784191,0.8660254037844387,-0.4999999999999998,0.9680771188662043,-0.2506525322587204,0.43388373911755823,-0.900968867902419
-0.0274643581217126,0.016807075212458288,-0.01176488645993067,0.023609869978948532,0.6846926503568517,0.6333333333333333,0.6274518604964316,0.8660254037844387,-0.4999999999999998,0.8978045395707416,-0.4403941515576344,-0.433883739117558,-0.9009688679024191
-0.009732427320344014,-0.011173343459893164,0.02223620375548436,-0.011173343459893164,0.048405508948912414,0.6333333333333333,0.6274967458144441,0.8660254037844387,-0.4999999999999998,0.7907757369376989,-0.6121059825476626,-0.9749279121818236,-0.2225209339563146
0.04423911733463193,-0.012436526519055495,0.009216645991064322,-0.02733652892183136,-1.0338703256633501,0.6333333333333333,0.6276314017684815,0.8660254037844387,-0.4999999999999998,0.29936312297335804,-0.9541392564000488,0.7818314824680298,0.6234898018587336
0.003502599350962843,0.015801721705355883,0.02379716051916906,0.02621238319030017,-1.1870115909325876,0.6333333333333333,0.627676287086494,0.8660254037844387,-0.4999999999999998,0.10116832198743272,-0.994869323391895,0.9749279121818236,-0.22252093395631434
0.04445180123199963,0.005583402275570134,0.0044692767771754485,0.010072743193402067,-0.2006706954621511,0.6333333333333333,0.6277211724045065,0.8660254037844387,-0.4999999999999998,-0.10116832198743204,-0.9948693233918952,0.43388373911755823,-0.900968867902419
-0.011210922420334323,-0.0033463203625910556,-0.003350163591371596,-0.011198261446627503,1.3995395878699113,0.6333333333333333,0.627766057722519,0.8660254037844387,-0.4999999999999998,-0.29936312297335776,-0.9541392564000489,-0.433883739117558,-0.9009688679024191
-0.05921639739017365,0.00557106636061361,-0.010118040124669596,0.0011255182532255254,1.5402100509331431,0.6333333333333333,0.6278109430405315,0.8660254037844387,-0.4999999999999998,-0.4853019625310808,-0.8743466161445822,-0.9749279121818236,-0.2225209339563146
0.0625928478470319,-0.0011117543122943668,0.013468203716041103,0.007843143099518897,0.7435587702614266,0.6333333333333333,0.6279455989945689,0.8660254037844387,-0.4999999999999998,-0.8978045395707417,-0.44039415155763423,0.7818314824680298,0.6234898018587336
-0.011299490717749354,-0.014566097156682703,-0.014598811929176713,-0.018018488085736913,-3.934622837345387,0.6333333333333333,0.6279904843125814,0.8660254037844387,-0.4999999999999998,-0.9680771188662041,-0.2506525322587213,0.9749279121818236,-0.22252093395631434
0.0013172616274473457,0.011223505377071315,0.004514675980943794,0.018018488085736917,1.2576489717009942,0.6333333333333333,0.6280353696305939,0.8660254037844387,-0.4999999999999998,-0.9987165071710528,-0.05064916883871355,0.43388373911755823,-0.900968867902419
-0.0013172616274473561,0.004454346091905558,-0.004514675980943847,0.0011154745954885343,0.6709696802442582,0.6333333333333333,0.6280802549486063,0.8660254037844387,-0.4999999999999998,-0.9884683243281114,0.15142777750457667,-0.433883739117558,-0.9009688679024191
0.01578379908985394,0.0,0.011248648337805096,0.0033388714964170613,-1.397990400883082,0.6333333333333333,0.6281251402666188,0.8660254037844387,-0.4999999999999998,-0.9377521321470804,0.3473052528448203,-0.9749279121818236,-0.2225209339563146
-0.023770224832622457,0.0033277605213776237,0.006689035087788761,-0.02247283417764251,0.9895099538642881,0.6333333333333333,0.6282597962206563,0.8660254037844387,-0.4999999999999998,-0.5712682150947924,0.8207634412072763,0.7818314824680298,0.6234898018587336
0.006849389941462528,-0.0066666320177947635,-0.0236098699789486,0.01913396268122543,-1.2688237766455521,0.6333333333333333,0.6283046815386687,0.8660254037844387,-0.4999999999999998,-0.3943558551133187,0.9189578116202306,0.9749279121818236,-0.22252093395631434
0.00793201850997157,-0.0022321948641964204,0.00793201850997157,-0.004469276777175485,2.1369239770931983,0.6333333333333333,0.6283495668566812,0.8660254037844387,-0.4999999999999998,-0.20129852008866114,0.9795299412524943,0.43388373911755823,-0.900968867902419
0.011223505377071315,0.016620944466947844,0.011223505377071315,0.006696393961298202,0.2801795693434394,0.6333333333333333,0.6283944521746937,0.5000000000000003,-0.8660254037844385,0.20129852008866006,0.9795299412524945,-0.433883739117558,-0.9009688679024191
-0.03636760869192046,-0.0055096766550436485,0.009994547543196324,-0.03971020047153172,-0.130083405713646,0.6333333333333333,0.6284393374927062,0.5000000000000003,-0.8660254037844385,0.39435585511331855,0.9189578116202306,-0.9749279121818236,-0.2225209339563146
-0.013986227983039856,0.006607894797994655,-0.060348384218156616,-0.003478343987639026,0.7093785773741599,0.6333333333333333,0.6285739934467436,0.5000000000000003,-0.8660254037844385,0.8486442574947509,0.5289640103269624,0.7818314824680298,0.6234898018587336
0.02090660916763692,0.02814041045128097,0.02090660916763692,0.0845888054720312,-0.8962018440473747,0.6333333333333333,0.6286188787647561,0.5000000000000003,-0.8660254037844385,0.9377521321470804,0.3473052528448203,0.9749279121818236,-0.22252093395631434
0.08163293196949652,0.013778714569709496,0.08163293196949652,0.013778714569709496,0.2357155317022635,0.6333333333333333,0.6286637640827686,0.5000000000000003,-0.8660254037844385,0.9884683243281114,0.1514277775045767,0.43388373911755823,-0.900968867902419
-0.03778101073075282,0.0442687101832926,0.0010587856155809161,0.0442687101832926,0.6456082483189319,0.6333333333333333,0.6287086494007811,0.5000000000000003,-0.8660254037844385,0.9987165071710528,-0.05064916883871264,-0.433883739117558,-0.9009688679024191
0.07009236003402189,0.002012023211380295,0.03227770255394088,0.002012023211380295,-0.8612571178708812,0.6333333333333333,0.6287535347187935,0.5000000000000003,-0.8660254037844385,0.9680771188662043,-0.2506525322587204,-0.9749279121818236,-0.2225209339563146
-0.0291383496144295,0.0,0.01928010812515958,-0.02235868284988169,0.7025032754839703,0.6333333333333333,0.628888190672831,0.5000000000000003,-0.8660254037844385,0.6513724827222223,-0.758758122692791,0.7818314824680298,0.6234898018587336
-0.008483605612561873,-0.020305246991412403,-0.03997438639949492,0.0020534358584694207,-0.48374264849861115,0.6333333333333333,0.6289330759908435,0.5000000000000003,-0.8660254037844385,0.48530196253108104,-0.8743466161445821,0.9749279121818236,-0.22252093395631434
-0.02261809190681676,-0.004110998777894785,0.005206041654954383,-0.03125256368768799,-0.24812078229184578,0.6333333333333333,0.6289779613088559,0.5000000000000003,-0.8660254037844385,0.29936312297335804,-0.9541392564000488,0.43388373911755823,-0.900968867902419
0.027939305381023925,0.01937843237638699,-0.01783764399965613,0.04449780202079748,0.19656807429039308,0.6333333333333333,0.6290228466268684,0.5000000000000003,-0.8660254037844385,0.10116832198743272,-0.994869323391895,-0.433883739117558,-0.9009688679024191
-0.06454904113321049,-0.03390154503218182,-0.04330737307268434,-0.05727751666088457,0.7408355643021671,0.6333333333333333,0.6290677319448809,0.5000000000000003,-0.8660254037844385,-0.10116832198743204,-0.9948693233918952,-0.9749279121818236,-0.2225209339563146
-0.005665758965184324,-0.01579807688864939,0.027279378535219653,-0.020574583653258264,0.08352786625755486,0.6333333333333333,0.6292023878989184,0.5000000000000003,-0.8660254037844385,-0.6513724827222217,-0.7587581226927913,0.7818314824680298,0.6234898018587336
0.03242318181715702,0.03852635595847815,-0.009745969782460355,0.0280492256653492,-0.5508249013650106,0.6333333333333333,0.6292472732169307,0.5000000000000003,-0.8660254037844385,-0.7907757369376986,-0.6121059825476627,0.9749279121818236,-0.22252093395631434
-0.015521414000128048,-0.051347031977559555,-0.014220348456725157,-0.021506185371127483,-0.3510276285107482,0.6333333333333333,0.6292921585349432,0.5000000000000003,-0.8660254037844385,-0.8978045395707417,-0.44039415155763423,0.43388373911755823,-0.900968867902419
-0.008978727556137914,-0.01626058307158657,-0.011086524640518987,-0.01092900788039039,-0.9106993717376995,0.6333333333333333,0.6293370438529557,0.5000000000000003,-0.8660254037844385,-0.9680771188662041,-0.2506525322587213,-0.433883739117558,-0.9009688679024191
0.012325047918728935,-0.00878160711642727,0.007773464344484999,-0.003302224962232332,-1.1939224684724346,0.6333333333333333,0.6293819291709682,0.5000000000000003,-0.8660254037844385,-0.9987165071710528,-0.05064916883871355,-0.9749279121818236,-0.2225209339563146
-0.03628512638370211,-0.0011030641101254348,-0.00665933884609034,-0.0011030641101254348,2.0182308106349396,0.6333333333333333,0.6295614704430181,0.5000000000000003,-0.8660254037844385,-0.7247927872291207,0.6889669190756859,0.9749279121818236,-0.22252093395631434
0.027336528921831325,-0.001104387582685848,0.0,-0.009983460530393607,-0.9209527449799664,0.6333333333333333,0.6296063557610306,0.5000000000000003,-0.8660254037844385,-0.5712682150947924,0.8207634412072763,0.43388373911755823,-0.900968867902419
-0.03545248011672918,0.0,0.00776494744931318,-0.036326428996561744,1.228046514308562,0.6333333333333333,0.6296512410790431,0.5000000000000003,-0.8660254037844385,-0.3943558551133187,0.9189578116202306,-0.433883739117558,-0.9009688679024191
0.034328334385197896,0.047473809716113764,-0.017837690642715082,0.08633685216435001,0.4128020887211441,0.6333333333333333,0.6296961263970555,0.5000000000000003,-0.8660254037844385,-0.20129852008866114,0.9795299412524943,-0.9749279121818236,-0.2225209339563146
-0.0033803622775526103,0.04431434048407944,0.040776985230553765,0.031317720143695896,0.24821161922744264,0.6333333333333333,0.629830782351093,1.2246467991473532e-16,-1.0,0.39435585511331855,0.9189578116202306,0.7818314824680298,0.6234898018587336
0.06763754211237977,-0.00809720241664192,0.06075165319571279,-0.01345071094106685,-0.4972736279754578,0.6333333333333333,0.6298756676691055,1.2246467991473532e-16,-1.0,0.5712682150947923,0.8207634412072763,0.9749279121818236,-0.22252093395631434
0.012578870230597415,-0.009188441561305544,-0.018462094142482816,0.01345071094106686,-0.7934490512615113,0.6333333333333333,0.6299205529871179,1.2246467991473532e-16,-1.0,0.72479278722912,0.6889669190756866,0.43388373911755823,-0.900968867902419
0.0,0.0,0.00722021672270782,0.0010272450039951028,-0.26076920697309647,0.6333333333333333,0.6299654383051304,1.2246467991473532e-16,-1.0,0.8486442574947509,0.5289640103269624,-0.433883739117558,-0.9009688679024191
-0.040388071679807735,0.0,0.0020534358584694207,-0.024949295548786516,0.5729648650264523,0.6333333333333333,0.6300103236231429,1.2246467991473532e-16,-1.0,0.9377521321470804,0.3473052528448203,-0.9749279121818236,-0.2225209339563146
-0.010905274992518163,0.010204208902132049,-0.04189090091025974,-0.0331759078990419,0.22574523985510114,0.6333333333333333,0.6301449795771803,1.2246467991473532e-16,-1.0,0.9680771188662043,-0.2506525322587204,0.7818314824680298,0.6234898018587336
0.027043292498891876,0.0349162076788411,0.01801851278819601,0.07138395114311227,0.7344961978636388,0.6333333333333333,0.6301898648951928,1.2246467991473532e-16,-1.0,0.8978045395707416,-0.4403941515576344,0.9749279121818236,-0.22252093395631434
-0.0010678302270670128,0.00878484454804054,0.03610494496287342,0.020060834574464767,0.9890010263552007,0.6333333333333333,0.6302347502132053,1.2246467991473532e-16,-1.0,0.7907757369376989,-0.6121059825476626,0.43388373911755823,-0.900968867902419
0.02947589042712855,0.020202711024708143,0.03288785974016324,0.04181458073844725,-1.2326709684126795,0.6333333333333333,0.6302796355312178,1.2246467991473532e-16,-1.0,0.6513724827222223,-0.758758122692791,-0.433883739117558,-0.9009688679024191
0.07876515403525637,0.12095264260920013,0.028987555572748822,0.08136055043808438,1.2554857899334433,0.6333333333333333,0.6303245208492303,1.2246467991473532e-16,-1.0,0.48530196253108104,-0.8743466161445821,-0.9749279121818236,-0.2225209339563146
0.012387019742440936,0.0,0.09184098545578998,-0.048570692456594074,-0.1190546343018093,0.6333333333333333,0.6304591768032677,1.2246467991473532e-16,-1.0,-0.10116832198743204,-0.9948693233918952,0.7818314824680298,0.6234898018587336
0.03352265928883946,-0.0282432047685035,-0.045320969820897145,0.027274348548627498,0.17208068188447406,0.6333333333333333,0.6305040621212802,1.2246467991473532e-16,-1.0,-0.29936312297335776,-0.9541392564000489,0.9749279121818236,-0.22252093395631434
-0.023159904839399077,-0.002607623063600233,0.020693455189409498,0.028295490728311876,-1.6583610075992483,0.6333333333333333,0.6305489474392927,1.2246467991473532e-16,-1.0,-0.4853019625310808,-0.8743466161445822,0.43388373911755823,-0.900968867902419
0.023159904839399132,0.007802393615851583,0.023758307381424267,-0.025608459398373345,0.5613425140939957,0.6333333333333333,0.6305938327573051,1.2246467991473532e-16,-1.0,-0.6513724827222217,-0.7587581226927913,-0.433883739117558,-0.9009688679024191
-0.055543701557504294,-0.006932430187221161,-0.01665970813978787,-0.031806441055320656,-0.11437817945797,0.6333333333333333,0.6306387180753176,1.2246467991473532e-16,-1.0,-0.7907757369376986,-0.6121059825476627,-0.9749279121818236,-0.2225209339563146
0.016322981417597995,0.006932430187221132,-0.052643813248848724,0.011019384875587028,0.4412416615719328,0.6333333333333333,0.6307733740293551,1.2246467991473532e-16,-1.0,-0.9987165071710528,-0.05064916883871355,0.7818314824680298,0.6234898018587336
0.0,-0.03069073756864548,0.0018622405931039336,-0.034374019624795395,-0.37883313014285397,0.6333333333333333,0.6308182593473676,1.2246467991473532e-16,-1.0,-0.9884683243281114,0.15142777750457667,0.9749279121818236,-0.22252093395631434
-0.02214818865011289,0.028096725493863273,-0.010285238392997925,-0.02391314347312565,-0.3349301473437884,0.6333333333333333,0.63086314466538,1.2246467991473532e-16,-1.0,-0.9377521321470804,0.3473052528448203,0.43388373911755823,-0.900968867902419
-0.05710120266741586,-0.08300525036194321,-0.01610646579404454,0.00963402252622397,-0.017663288425789854,0.6333333333333333,0.6309080299833925,1.2246467991473532e-16,-1.0,-0.8486442574947509,0.5289640103269624,-0.433883739117558,-0.9009688679024191
-0.009321678589321265,-0.0075543251184908644,-0.006708280919084504,0.011439579729105679,0.32366181323557275,0.6333333333333333,0.630952915301405,1.2246467991473532e-16,-1.0,-0.7247927872291207,0.6889669190756859,-0.9749279121818236,-0.2225209339563146
0.037778857198640506,0.039949516389493914,0.05335852916132635,0.03538545210816899,-0.34375087773235513,0.6333333333333333,0.6310875712554423,1.2246467991473532e-16,-1.0,-0.20129852008866114,0.9795299412524943,0.7818314824680298,0.6234898018587336
0.0178753826765744,0.011770178358696873,0.006360738764736198,-0.049705560641833436,0.13203880199239657,0.6333333333333333,0.6311324565734548,-0.4999999999999997,-0.8660254037844388,0.20129852008866006,0.9795299412524945,0.9749279121818236,-0.22252093395631434
-0.005922965515349665,-0.0135932877489674,-0.04350526638334256,-0.012578700954180143,-0.15560988464174483,0.6333333333333333,0.6311773418914673,-0.4999999999999997,-0.8660254037844388,0.39435585511331855,0.9189578116202306,0.43388373911755823,-0.900968867902419
0.022516814129386775,-0.013780614531860504,-0.009505720623635559,0.005825207232514764,-1.8692292410920168,0.6333333333333333,0.6312222272094798,-0.4999999999999997,-0.8660254037844388,0.5712682150947923,0.8207634412072763,-0.433883739117558,-0.9009688679024191
-0.021527276672229513,0.013780614531860434,0.010451368832375936,0.026744644521599324,2.9354376080718394,0.6333333333333333,0.6314017684815297,-0.4999999999999997,-0.8660254037844388,0.9884683243281114,0.1514277775045767,0.7818314824680298,0.6234898018587336
0.025392012132017396,0.01449299353055419,0.022430825994543997,-0.020953082112767595,-1.2034388200276425,0.6333333333333333,0.6314466537995422,-0.4999999999999997,-0.8660254037844388,0.9987165071710528,-0.05064916883871264,0.9749279121818236,-0.22252093395631434
-0.010664149154873159,-0.019065492672065247,-0.048281906484710764,0.020010198951019395,-0.24763063212015457,0.6333333333333333,0.6314915391175547,-0.4999999999999997,-0.8660254037844388,0.9680771188662043,-0.2506525322587204,0.43388373911755823,-0.900968867902419
-0.009794434918951806,-0.017568605306862113,0.02679583529315346,-0.042395609973888346,0.4635412248621444,0.6333333333333333,0.6315364244355671,-0.4999999999999997,-0.8660254037844388,0.8978045395707416,-0.4403941515576344,-0.433883739117558,-0.9009688679024191
-0.07350249142535575,-0.005612776128422049,-0.04539652147106373,0.024308440837216273,-0.1927304349208696,0.6333333333333333,0.6315813097535796,-0.4999999999999997,-0.8660254037844388,0.7907757369376989,-0.6121059825476626,-0.9749279121818236,-0.2225209339563146
0.0939610754991808,-0.005644367317906469,0.029213391096168162,-0.0038498567633914044,-0.8175654445223409,0.6333333333333333,0.6317159657076171,-0.4999999999999997,-0.8660254037844388,0.29936312297335804,-0.9541392564000488,0.7818314824680298,0.6234898018587336
-0.05551469485401351,-0.005676497611771945,0.0,-0.009689942692302722,0.22060869571102168,0.6333333333333333,0.6317608510256295,-0.4999999999999997,-0.8660254037844388,0.10116832198743272,-0.994869323391895,0.9749279121818236,-0.22252093395631434
0.03702272474869672,-0.005708904280803422,-0.01158312989355879,0.009689942692302816,-0.30073931160842904,0.6333333333333333,0.631805736343642,-0.4999999999999997,-0.8660254037844388,-0.10116832198743204,-0.9948693233918952,0.43388373911755823,-0.900968867902419
0.003931367778812943,0.0028680990768316667,0.019231343409939892,-0.011151608521799734,-0.7104386776700063,0.6333333333333333,0.6318506216616545,-0.4999999999999997,-0.8660254037844388,-0.29936312297335776,-0.9541392564000489,-0.433883739117558,-0.9009688679024191
-0.07411782037554009,0.12923101742204474,-0.0095694876959328,-0.04436308633221376,5.460473788487421,0.6333333333333333,0.631895506979667,-0.4999999999999997,-0.8660254037844388,-0.4853019625310808,-0.8743466161445822,-0.9749279121818236,-0.2225209339563146
-0.02561503697928994,-0.1839952197108636,-0.10536051565782628,-0.00716122219637231,-2.075248241451245,0.6333333333333333,0.6320301629337044,-0.4999999999999997,-0.8660254037844388,-0.8978045395707417,-0.44039415155763423,0.7818314824680298,0.6234898018587336
0.06588897181853146,0.025795103911642154,0.05406726953314664,0.03728390491836836,-0.6090965872112495,0.6333333333333333,0.6320750482517169,-0.4999999999999997,-0.8660254037844388,-0.9680771188662041,-0.2506525322587213,0.9749279121818236,-0.22252093395631434
-0.04027393483924146,-0.00885398336188212,0.013072092849581987,-0.05280409426715729,-1.0959508661297999,0.6333333333333333,0.6321199335697294,-0.4999999999999997,-0.8660254037844388,-0.9987165071710528,-0.05064916883871355,0.43388373911755823,-0.900968867902419
-0.0010543205240016208,-0.03417419580776192,-0.036626740372095117,0.012950193729332506,-0.01775065187520534,0.6333333333333333,0.6321648188877419,-0.4999999999999997,-0.8660254037844388,-0.9884683243281114,0.15142777750457667,-0.433883739117558,-0.9009688679024191
-0.1221437065800369,-0.001125344605500318,0.012256236317313873,-0.10644761988719742,0.7687349319613886,0.6333333333333333,0.6322097042057543,-0.4999999999999997,-0.8660254037844388,-0.9377521321470804,0.3473052528448203,-0.9749279121818236,-0.2225209339563146
0.007125857397323798,-0.07976972731328237,-0.1450476933407571,0.03222090617575586,-0.3829595329549871,0.6333333333333333,0.6323443601597918,-0.4999999999999997,-0.8660254037844388,-0.5712682150947924,0.8207634412072763,0.7818314824680298,0.6234898018587336
0.02107809955925227,-0.002219807488164339,0.053007805560343936,-0.011148429679332912,-0.9261465917534596,0.6333333333333333,0.6323892454778043,-0.4999999999999997,-0.8660254037844388,-0.3943558551133187,0.9189578116202306,0.9749279121818236,-0.22252093395631434
-0.014002548875245957,0.03171397138328748,0.02000070061848087,0.00447427609926283,-0.07874363765007644,0.6333333333333333,0.6324341307958168,-0.4999999999999997,-0.8660254037844388,-0.20129852008866114,0.9795299412524943,0.43388373911755823,-0.900968867902419
-0.0023529961166510386,-0.0317139713832874,-0.009950347639514497,-0.021433372663681612,0.775066144080546,0.6333333333333333,0.6324790161138292,-0.4999999999999997,-0.8660254037844388,-2.4492935982947064e-16,1.0,-0.433883739117558,-0.9009688679024191
0.010544931243538364,-0.02702864625985619,-0.04198005898005811,-0.006865063336545368,-0.028326168526912162,0.6333333333333333,0.6325239014318417,-0.8660254037844385,-0.5000000000000004,0.20129852008866006,0.9795299412524945,-0.9749279121818236,-0.2225209339563146
-0.039220704261213025,-0.009174367245604869,0.001158104196232118,-0.005757090289591991,-0.24071036649937716,0.6333333333333333,0.6326585573858792,-0.8660254037844385,-0.5000000000000004,0.72479278722912,0.6889669190756866,0.7818314824680298,0.6234898018587336
0.058840500022933395,0.03509125919316668,0.026272160867074616,0.011481226121868266,-0.4391691094078575,0.6333333333333333,0.6327034427038916,-0.8660254037844385,-0.5000000000000004,0.8486442574947509,0.5289640103269624,0.9749279121818236,-0.22252093395631434
-0.051594041006776566,-0.015695320900163907,-0.04378581005520371,-0.024264625819523402,1.1888241580263255,0.6333333333333333,0.6327483280219041,-0.8660254037844385,-0.5000000000000004,0.9377521321470804,0.3473052528448203,0.43388373911755823,-0.900968867902419
0.017889518764483834,-0.013652184707952953,0.0023529961166510864,-0.0023419750579193243,-0.8218423594137199,0.6333333333333333,0.6327932133399166,-0.8660254037844385,-0.5000000000000004,0.9884683243281114,0.1514277775045767,-0.433883739117558,-0.9009688679024191
-0.03121504711737233,-0.00574375358504985,0.019779594349842982,-0.03945519918906241,1.1662451361450121,0.6333333333333333,0.6328380986579291,-0.8660254037844385,-0.5000000000000004,0.9987165071710528,-0.05064916883871264,-0.9749279121818236,-0.2225209339563146
-0.004889980733338914,-0.039958329164192966,-0.04959694858820665,-0.004889980733338914,-0.9122797334045369,0.6333333333333333,0.6329727546119664,-0.8660254037844385,-0.5000000000000004,0.7907757369376989,-0.6121059825476626,0.7818314824680298,0.6234898018587336
0.09798042705970027,0.26586301727969797,0.08579996209366768,0.2681919221874658,1.7276436684946848,0.6333333333333333,0.633017639929979,-0.8660254037844385,-0.5000000000000004,0.6513724827222223,-0.758758122692791,0.9749279121818236,-0.22252093395631434
0.13710142361498975,0.004585078163115003,0.16362945976951143,-0.01606081530050713,-0.7954517003086401,0.6333333333333333,0.6330625252479914,-0.8660254037844385,-0.5000000000000004,0.48530196253108104,-0.8743466161445821,0.43388373911755823,-0.900968867902419
-0.023772745876830283,-0.03728302932235568,-0.010431636516575398,-0.028007621250667164,-0.12504857597921618,0.6333333333333333,0.633107410566004,-0.8660254037844385,-0.5000000000000004,0.29936312297335804,-0.9541392564000488,-0.433883739117558,-0.9009688679024191
-0.0019860486913849196,0.0018975772141867995,-0.04185519420616165,0.01747620224190084,-0.9402395188710996,0.6333333333333333,0.6331522958840163,-0.8660254037844385,-0.5000000000000004,0.10116832198743272,-0.994869323391895,-0.9749279121818236,-0.2225209339563146
0.07190446408557834,0.08622115736799511,0.07743948422198084,0.0821873842424345,1.240129057264458,0.6333333333333333,0.6332869518380538,-0.8660254037844385,-0.5000000000000004,-0.4853019625310808,-0.8743466161445822,0.7818314824680298,0.6234898018587336
0.04078497256995557,0.012100436429168976,0.051983022737207264,0.016703732024761775,-1.1732586222261532,0.6333333333333333,0.6333318371560663,-0.8660254037844385,-0.5000000000000004,-0.6513724827222217,-0.7587581226927913,0.9749279121818236,-0.22252093395631434
0.012356678899664835,-0.0051766535853706545,-0.003499562841369513,0.002612080947296891,0.5064156677744484,0.6333333333333333,0.6333767224740787,-0.8660254037844385,-0.5000000000000004,-0.7907757369376986,-0.6121059825476627,0.43388373911755823,-0.900968867902419
-0.017699560667042254,-0.005186123208828406,0.007856884868392007,-0.01842966058646215,-1.0497084816779405,0.6333333333333333,0.6334216077920912,-0.8660254037844385,-0.5000000000000004,-0.8978045395707417,-0.44039415155763423,-0.433883739117558,-0.9009688679024191
0.0,-0.006968745732304421,-0.01224865229827292,-0.0044385506803500535,1.0360919316867758,0.6333333333333333,0.6334664931101037,-0.8660254037844385,-0.5000000000000004,-0.9680771188662041,-0.2506525322587213,-0.9749279121818236,-0.2225209339563146
0.0,-0.0026257987710574453,-0.005295640473445273,0.000889304548036928,-0.5887871652357024,0.6333333333333333,0.6336011490641411,-0.8660254037844385,-0.5000000000000004,-0.9377521321470804,0.3473052528448203,0.7818314824680298,0.6234898018587336
-0.0964715437088188,-0.006153838745484148,0.0017683032185590052,-0.07664108500333253,0.3107359858448828,0.6333333333333333,0.6336460343821536,-0.8660254037844385,-0.5000000000000004,-0.8486442574947509,0.5289640103269624,0.9749279121818236,-0.22252093395631434
0.03668366043887796,-0.016000368474913478,-0.07044516781483592,0.02838413690496289,-0.9528030110719409,0.6333333333333333,0.6336909197001661,-0.8660254037844385,-0.5000000000000004,-0.7247927872291207,0.6889669190756859,0.43388373911755823,-0.900968867902419
0.014117845640962929,-0.01808365827998211,0.020638655670677717,-0.0018674569098872766,0.1544136370456344,0.6333333333333333,0.6337358050181786,-0.8660254037844385,-0.5000000000000004,-0.5712682150947924,0.8207634412072763,-0.433883739117558,-0.9009688679024191
-0.008446803374693156,-0.015632509265790014,-0.007455847888133073,0.0027997903383956933,-0.09961030974285635,0.6333333333333333,0.6337806903361911,-0.8660254037844385,-0.5000000000000004,-0.3943558551133187,0.9189578116202306,-0.9749279121818236,-0.2225209339563146
0.012178147502081429,0.019275497063727817,0.0065268902214302635,0.014801454490724493,-0.13427857205705715,0.6333333333333333,0.633960231608241,-1.0,-1.8369701987210297e-16,0.39435585511331855,0.9189578116202306,0.9749279121818236,-0.22252093395631434
0.0037174729405287568,0.019802651095538446,0.032009996744215785,0.0200006042781077,1.378389972573989,0.6333333333333333,0.6340051169262535,-1.0,-1.8369701987210297e-16,0.5712682150947923,0.8207634412072763,0.43388373911755823,-0.900968867902419
0.01015242776120307,0.0026702047565201202,-0.020000604278107792,0.012522555901029044,-0.054231864545876855,0.6333333333333333,0.6340500022442659,-1.0,-1.8369701987210297e-16,0.72479278722912,0.6889669190756866,-0.433883739117558,-0.9009688679024191
-0.010152427761202981,0.01236767895113292,0.01368006892231533,-0.005347643825854223,0.16512701072777708,0.6333333333333333,0.6340948875622784,-1.0,-1.8369701987210297e-16,0.8486442574947509,0.5289640103269624,-0.9749279121818236,-0.2225209339563146
-0.029178490323460017,-0.012367678951133007,-0.05301098700697819,0.005347643825854129,-0.39807508455333385,0.6333333333333333,0.6342295435163159,-1.0,-1.8369701987210297e-16,0.9987165071710528,-0.05064916883871264,0.7818314824680298,0.6234898018587336
0.04847169720252764,0.0008885143880986859,0.0629254133069663,-0.008928664956833478,0.2777939886572084,0.6333333333333333,0.6342744288343284,-1.0,-1.8369701987210297e-16,0.9680771188662043,-0.2506525322587204,0.9749279121818236,-0.22252093395631434
0.00905806753217078,0.0035460995589583814,-0.004485385721964088,0.008039360408796598,-0.2985569162515902,0.6333333333333333,0.6343193141523408,-1.0,-1.8369701987210297e-16,0.8978045395707416,-0.4403941515576344,0.43388373911755823,-0.900968867902419
-0.055611868743090445,-0.005323918495094006,-0.017274292112709994,-0.019766978838271387,-0.45326485195107924,0.6333333333333333,0.6343641994703533,-1.0,-1.8369701987210297e-16,0.7907757369376989,-0.6121059825476626,-0.433883739117558,-0.9009688679024191
0.054709728055165066,0.000889304548036928,0.015461888574481022,0.010830420053935424,-0.028355225755125123,0.6333333333333333,0.6344090847883658,-1.0,-1.8369701987210297e-16,0.6513724827222223,-0.758758122692791,-0.9749279121818236,-0.2225209339563146
-0.06526078567052346,-0.017033094616214047,-0.003616637039795033,-0.04874534505057715,0.18305874812848283,0.6333333333333333,0.6345437407424032,-1.0,-1.8369701987210297e-16,0.10116832198743272,-0.994869323391895,0.7818314824680298,0.6234898018587336
-0.002894332194523305,-0.008170735405343674,-0.05301098700697819,-0.006619380773520128,0.4386827282568163,0.6333333333333333,0.6345886260604157,-1.0,-1.8369701987210297e-16,-0.10116832198743204,-0.9948693233918952,0.9749279121818236,-0.22252093395631434
-0.13422177778084576,-0.03903842062766202,-0.012494166549296984,-0.14448848964113273,0.7118904653534698,0.6333333333333333,0.6346335113784282,-1.0,-1.8369701987210297e-16,-0.29936312297335776,-0.9541392564000489,0.43388373911755823,-0.900968867902419
0.016438684535434026,0.07221043375411895,0.015355373326145297,0.04060274875366901,2.8529929400206213,0.6333333333333333,0.6346783966964407,-1.0,-1.8369701987210297e-16,-0.4853019625310808,-0.8743466161445822,-0.433883739117558,-0.9009688679024191
0.038384307633325114,-0.11976910537233439,-0.09378748620720859,0.05727540777649863,-2.7475712106701473,0.6333333333333333,0.6347232820144532,-1.0,-1.8369701987210297e-16,-0.6513724827222217,-0.7587581226927913,-0.9749279121818236,-0.2225209339563146
-0.053718604586073304,-0.0180546830401286,0.027851155441468704,-0.10249302217220885,0.166904743579964,0.6333333333333333,0.6348579379684905,-1.0,-1.8369701987210297e-16,-0.9680771188662041,-0.2506525322587213,0.7818314824680298,0.6234898018587336
-0.0055340693468601985,-0.07130906001992121,-0.06623546307479389,-0.0033094054232750123,-1.4071800959117418,0.6333333333333333,0.634902823286503,-1.0,-1.8369701987210297e-16,-0.9987165071710528,-0.05064916883871355,0.9749279121818236,-0.22252093395631434
0.009389744306706499,0.005420088201389766,0.005420088201389766,0.006607894797994655,0.6478397910562073,0.6333333333333333,0.6349477086045155,-1.0,-1.8369701987210297e-16,-0.9884683243281114,0.15142777750457667,0.43388373911755823,-0.900968867902419
-0.004960062542532065,-0.005420088201389771,-0.009777389496361694,-0.0021977486097707476,-0.1724553073363242,0.6333333333333333,0.6349925939225279,-1.0,-1.8369701987210297e-16,-0.9377521321470804,0.3473052528448203,-0.433883739117558,-0.9009688679024191
-0.005540201451290676,-0.012028538347210089,-0.007671237052238221,-0.007730540151350217,0.1546498304764543,0.6333333333333333,0.6350374792405404,-1.0,-1.8369701987210297e-16,-0.8486442574947509,0.5289640103269624,-0.9749279121818236,-0.2225209339563146
-0.10289443725634206,-0.0088398279523982,-0.009950347639514497,-0.10388344718829103,0.2183899130005697,0.6333333333333333,0.6351721351945779,-1.0,-1.8369701987210297e-16,-0.3943558551133187,0.9189578116202306,0.7818314824680298,0.6234898018587336
-0.03127209219197837,-0.05944612365907136,-0.09920669688955058,0.0,-0.09612569799480165,0.6333333333333333,0.6352170205125903,-1.0,-1.8369701987210297e-16,-0.20129852008866114,0.9795299412524943,0.9749279121818236,-0.22252093395631434
0.025095396577875722,0.012873274252141815,0.0048959661830576175,0.056201309980313155,-0.4038638267411906,0.6333333333333333,0.6352619058306028,-0.866025403784439,0.49999999999999933,0.20129852008866006,0.9795299412524945,0.43388373911755823,-0.900968867902419
0.07171535512643877,0.044350575407518925,0.059259044360265765,0.044350575407518925,-0.5140307547149391,0.6333333333333333,0.6353067911486153,-0.866025403784439,0.49999999999999933,0.39435585511331855,0.9189578116202306,-0.433883739117558,-0.9009688679024191
0.01032713148414973,0.055178975582570136,0.03505168634622697,0.04566011435785931,-0.21927197582210095,0.6333333333333333,0.6353516764666278,-0.866025403784439,0.49999999999999933,0.5712682150947923,0.8207634412072763,-0.9749279121818236,-0.2225209339563146
-0.10459981314055825,-0.06636471046170025,-0.061875399208989004,-0.09467269820749241,1.2269056920331,0.6333333333333333,0.6354863324206652,-0.866025403784439,0.49999999999999933,0.9377521321470804,0.3473052528448203,0.7818314824680298,0.6234898018587336
0.042189841131826555,-0.015873387775271853,-0.02756321905959878,-0.016490401859018,-0.33012449250358533,0.6333333333333333,0.6355312177386777,-0.866025403784439,0.49999999999999933,0.9884683243281114,0.1514277775045767,0.9749279121818236,-0.22252093395631434
-0.040923187522829106,0.0022831582111091262,-0.040923187522829106,-0.021609521170815795,-0.5135467138803514,0.6333333333333333,0.6355761030566902,-0.866025403784439,0.49999999999999933,0.9987165071710528,-0.05064916883871264,0.43388373911755823,-0.900968867902419
0.05420046312176289,0.020316652394973787,0.08373598221479453,0.06461439121281257,-0.09561903766857531,0.6333333333333333,0.6356209883747027,-0.866025403784439,0.49999999999999933,0.9680771188662043,-0.2506525322587204,-0.433883739117558,-0.9009688679024191
-0.00601327012092665,0.013318719504715488,0.05437347672072435,-0.045383046921066504,0.17023939961295287,0.6333333333333333,0.6356658736927151,-0.866025403784439,0.49999999999999933,0.8978045395707416,-0.4403941515576344,-0.9749279121818236,-0.2225209339563146
-0.009697036434898457,0.03573741821375033,-0.09597191433586312,0.11034811478245327,-0.5053334139225059,0.6333333333333333,0.6358005296467526,-0.866025403784439,0.49999999999999933,0.48530196253108104,-0.8743466161445821,0.7818314824680298,0.6234898018587336
0.1166726388320983,0.0042462870124152785,0.12744493766526055,0.00319316216312679,1.3626840186091491,0.6333333333333333,0.6358454149647651,-0.866025403784439,0.49999999999999933,0.29936312297335804,-0.9541392564000488,0.9749279121818236,-0.22252093395631434
-0.029255335698525037,0.0010587856155809161,0.008510681896768206,-0.005327683572065754,-1.0900652280896512,0.6333333333333333,0.6358903002827776,-0.866025403784439,0.49999999999999933,0.10116832198743272,-0.994869323391895,0.43388373911755823,-0.900968867902419
-0.0067189973679875215,-0.001058785615580908,-0.05890470183016057,-0.022691416212969977,0.5136514146895022,0.6333333333333333,0.63593518560079,-0.866025403784439,0.49999999999999933,-0.10116832198743204,-0.9948693233918952,-0.433883739117558,-0.9009688679024191
0.0,0.00633586290000838,0.06313303410329592,-0.027702603720422325,-0.07306564017206993,0.6333333333333333,0.6359800709188025,-0.866025403784439,0.49999999999999933,-0.29936312297335776,-0.9541392564000489,-0.9749279121818236,-0.2225209339563146
0.0,-0.003162863211168782,-0.06313303410329588,0.016713544911183778,0.4468675969410902,0.6333333333333333,0.63611472687284,-0.866025403784439,0.49999999999999933,-0.7907757369376986,-0.6121059825476627,0.7818314824680298,0.6234898018587336
0.007834471963476078,0.0,0.06207770151900005,0.02401865017144685,-0.3798670310637439,0.6333333333333333,0.6361596121908524,-0.866025403784439,0.49999999999999933,-0.8978045395707417,-0.44039415155763423,0.9749279121818236,-0.22252093395631434
0.001114125498394573,0.0010553325842957307,0.0010553325842957307,-0.029558851622737508,-0.6941722959751906,0.6333333333333333,0.6362044975088649,-0.866025403784439,0.49999999999999933,-0.9680771188662041,-0.2506525322587213,0.43388373911755823,-0.900968867902419
-0.07874429355554094,-0.015949261297641418,-0.04863193012202515,-0.013423007444650008,0.3055975506693089,0.6333333333333333,0.6362493828268774,-0.866025403784439,0.49999999999999933,-0.9987165071710528,-0.05064916883871355,-0.433883739117558,-0.9009688679024191
-0.02439142900923605,-0.05168828081473834,-0.10868822908417704,-0.003384067767808246,-0.34762219115532433,0.6333333333333333,0.6362942681448899,-0.866025403784439,0.49999999999999933,-0.9884683243281114,0.15142777750457667,-0.9749279121818236,-0.2225209339563146
0.0012337170206387302,0.02672772957531125,0.11531081620231401,-0.0823996216770923,1.2421438754959615,0.6333333333333333,0.6364289240989273,-0.866025403784439,0.49999999999999933,-0.7247927872291207,0.6889669190756859,0.7818314824680298,0.6234898018587336
-0.007425710669815264,-0.012161632418628629,-0.08731147795591963,0.008552361106675734,-0.6338589043558547,0.6333333333333333,0.6364738094169398,-0.866025403784439,0.49999999999999933,-0.5712682150947924,0.8207634412072763,0.9749279121818236,-0.22252093395631434
-0.004981325469464815,-0.0022271171841228023,0.07402225881998799,0.027596177243564536,-0.15160679649152062,0.6333333333333333,0.6365186947349523,-0.866025403784439,0.49999999999999933,-0.3943558551133187,0.9189578116202306,0.43388373911755823,-0.900968867902419
-0.0012492479749428426,-0.050882727417404724,-0.050882727417404724,-0.00593475836070488,-0.29266283891802,0.6333333333333333,0.6365635800529648,-0.866025403784439,0.49999999999999933,-0.20129852008866114,0.9795299412524943,-0.433883739117558,-0.9009688679024191
0.04162169298672944,0.029473398811323492,0.0075957753371995,0.0,0.24868829677819812,0.6333333333333333,0.6366084653709772,-0.866025403784439,0.49999999999999933,-2.4492935982947064e-16,1.0,-0.9749279121818236,-0.2225209339563146
-0.009638619424013638,-0.03241021373745007,-0.010532590263326157,0.0011897954050268341,-0.6461284960388954,0.6333333333333333,0.6367431213250146,-0.5000000000000012,0.8660254037844379,0.5712682150947923,0.8207634412072763,0.7818314824680298,0.6234898018587336
-0.024511006662390956,-0.011834503060066504,-0.014218235345845086,-0.03017730556471196,-0.24331352064161493,0.6333333333333333,0.6367880066430271,-0.5000000000000012,0.8660254037844379,0.72479278722912,0.6889669190756866,0.9749279121818236,-0.22252093395631434
-0.013741703905727196,0.0,-0.040175813026182144,0.02898751015968521,1.0608636768821686,0.6333333333333333,0.6368328919610395,-0.5000000000000012,0.8660254037844379,0.8486442574947509,0.5289640103269624,0.43388373911755823,-0.900968867902419
0.02607224560208542,-0.014388724288892547,0.022113843943388046,-0.014388724288892547,-0.3474620996234142,0.6333333333333333,0.636877777279052,-0.5000000000000012,0.8660254037844379,0.9377521321470804,0.3473052528448203,-0.433883739117558,-0.9009688679024191
-0.03745752684883857,-0.0024183209047600263,0.0024272412789581284,-0.04571517365825391,-0.24471800908915012,0.6333333333333333,0.6369226625970645,-0.5000000000000012,0.8660254037844379,0.9884683243281114,0.1514277775045767,-0.9749279121818236,-0.2225209339563146
-0.036273433838564566,-0.03195803992525422,-0.030746625029292186,-0.03211579865664819,-0.5962330726252486,0.6333333333333333,0.6370573185511019,-0.5000000000000012,0.8660254037844379,0.8978045395707416,-0.4403941515576344,0.7818314824680298,0.6234898018587336
-0.5952019841197669,-0.0619004398919169,-0.0619004398919169,-0.6033112162419291,2.7079523250132604,0.6333333333333333,0.6371022038691144,-0.5000000000000012,0.8660254037844379,0.7907757369376989,-0.6121059825476626,0.9749279121818236,-0.22252093395631434
-0.3217485953903913,-0.5612794113775231,-0.5706471524890552,-0.25404575124883433,-0.7833090506649895,0.6333333333333333,0.6371470891871269,-0.5000000000000012,0.8660254037844379,0.6513724827222223,-0.758758122692791,0.43388373911755823,-0.900968867902419
-0.09333193380524091,0.3186656430277878,-0.3252414430822369,0.47192486674550516,0.45461736107490436,0.6333333333333333,0.6371919745051394,-0.5000000000000012,0.8660254037844379,0.48530196253108104,-0.8743466161445821,-0.433883739117558,-0.9009688679024191
0.3328424472552143,-0.12821865887271122,0.5250561683488453,-0.23959291263723856,-0.5853014830400539,0.6333333333333333,0.6372368598231519,-0.5000000000000012,0.8660254037844379,0.29936312297335804,-0.9541392564000488,-0.9749279121818236,-0.2225209339563146
-0.06436538024347013,-0.14934534651444847,-0.27048967330347073,0.07061761214871896,0.47123374799038453,0.6333333333333333,0.6373715157771893,-0.5000000000000012,0.8660254037844379,-0.29936312297335776,-0.9541392564000489,0.7818314824680298,0.6234898018587336
0.024625089252208427,0.0,0.1053605276991684,-0.13353143906970041,-1.0949866619387367,0.6333333333333333,0.6374164010952018,-0.5000000000000012,0.8660254037844379,-0.4853019625310808,-0.8743466161445822,0.9749279121818236,-0.22252093395631434
-0.12048941886424809,-0.14931523815955436,-0.13353143906970041,-0.13911280615984642,-0.19477444700540933,0.6333333333333333,0.6374612864132143,-0.5000000000000012,0.8660254037844379,-0.6513724827222217,-0.7587581226927913,0.43388373911755823,-0.900968867902419
-0.07598591080363738,0.033208700559748464,-0.16941812718728494,-0.04893938263488364,-1.1009212252745877,0.6333333333333333,0.6375061717312268,-0.5000000000000012,0.8660254037844379,-0.7907757369376986,-0.6121059825476627,-0.433883739117558,-0.9009688679024191
-0.33713030015891626,-0.16045187175113687,0.042174955995896574,-0.3852937320233333,1.5766739792436075,0.6333333333333333,0.6375510570492392,-0.5000000000000012,0.8660254037844379,-0.8978045395707417,-0.44039415155763423,-0.9749279121818236,-0.2225209339563146
-0.12240203902291956,-0.15957341391418023,-0.3045392204633876,-0.056887432820900315,0.21550149220912534,0.6333333333333333,0.6376857130032767,-0.5000000000000012,0.8660254037844379,-0.9884683243281114,0.15142777750457667,0.7818314824680298,0.6234898018587336
0.025708393584907924,0.3022808575254944,0.44724666407470176,-0.03980621261711122,0.6729340988739065,0.6333333333333333,0.6377305983212892,-0.5000000000000012,0.8660254037844379,-0.9377521321470804,0.3473052528448203,0.9749279121818236,-0.22252093395631434
0.015113623287089218,-0.08538521735693949,-0.6703902153889116,0.5776109378763199,0.34914406430990835,0.6333333333333333,0.6377754836393016,-0.5000000000000012,0.8660254037844379,-0.8486442574947509,0.5289640103269624,0.43388373911755823,-0.900968867902419
0.5850049980319721,0.2237004721863341,0.5850049980319721,0.21453132802786898,-1.5288606443981452,0.6333333333333333,0.6378652542753266,-0.5000000000000012,0.8660254037844379,-0.5712682150947924,0.8207634412072763,-0.9749279121818236,-0.2225209339563146
-0.35389328463742925,-0.03397826750743858,0.1804628884645433,-0.09140972127133909,1.0866508851067453,0.6333333333333333,0.637999910229364,-2.4492935982947064e-16,1.0,0.20129852008866006,0.9795299412524945,0.7818314824680298,0.6234898018587336
0.15415070685884316,-0.03756317780146395,-0.02830386158711171,0.007528259214184688,-0.08291928886021975,0.6333333333333333,0.6380447955473765,-2.4492935982947064e-16,1.0,0.39435585511331855,0.9189578116202306,0.9749279121818236,-0.22252093395631434
0.28256697677545684,0.41498901863397974,-0.06933462788056097,0.3979368288756271,1.1421386752032512,0.6333333333333333,0.638089680865389,-2.4492935982947064e-16,1.0,0.5712682150947923,0.8207634412072763,0.43388373911755823,-0.900968867902419
0.27022285275488817,-0.13150226197834425,0.3528213845361965,-0.09598212534191361,-1.8793134249977264,0.6333333333333333,0.6381345661834015,-2.4492935982947064e-16,1.0,0.72479278722912,0.6889669190756866,-0.433883739117558,-0.9009688679024191
-0.001958909312892707,-0.016349165381545912,-0.06513937321738497,-0.051196011162095684,-0.23924080613251686,0.6333333333333333,0.638179451501414,-2.4492935982947064e-16,1.0,0.8486442574947509,0.5289640103269624,-0.9749279121818236,-0.2225209339563146
0.0,0.12710046454391905,0.1758906723797582,0.02307801677176618,1.174990755935925,0.6333333333333333,0.6383141074554514,-2.4492935982947064e-16,1.0,0.9987165071710528,-0.05064916883871264,0.7818314824680298,0.6234898018587336
-0.011834446516350077,-0.1198011690489326,-0.1198011690489326,0.0446170219751507,-1.5279298446656904,0.6333333333333333,0.6383589927734639,-2.4492935982947064e-16,1.0,0.9680771188662043,-0.2506525322587204,0.9749279121818236,-0.22252093395631434
0.017699606976415705,0.005439761235844491,-0.022059696793186322,-0.007299295494986557,-1.1123038064285238,0.6333333333333333,0.6384038780914764,-2.4492935982947064e-16,1.0,0.8978045395707416,-0.4403941515576344,0.43388373911755823,-0.900968867902419
0.030712557168210943,-0.0090827490337824,-0.016870156786178845,-0.016620909533823454,-0.6597842768908239,0.6333333333333333,0.6384487634094888,-2.4492935982947064e-16,1.0,0.7907757369376989,-0.6121059825476626,-0.433883739117558,-0.9009688679024191
0.01687015678617889,0.021661476270717614,0.03892985357936519,0.0018605082356237372,1.6926295033208647,0.6333333333333333,0.6384936487275013,-2.4492935982947064e-16,1.0,0.6513724827222223,-0.758758122692791,-0.9749279121818236,-0.2225209339563146
-0.047582713954389906,-0.04941535684751286,-0.05608950333082567,-0.024460318841706498,-0.7168913128032897,0.6333333333333333,0.6386283046815387,-2.4492935982947064e-16,1.0,0.10116832198743272,-0.994869323391895,0.7818314824680298,0.6234898018587336
0.007767021786537967,0.014897840789912027,-0.005785885630212527,0.018868466478694394,2.0187120115338595,0.6333333333333333,0.6386731899995511,-2.4492935982947064e-16,1.0,-0.10116832198743204,-0.9948693233918952,0.9749279121818236,-0.22252093395631434
-0.007767021786537954,-0.011152521571377144,-0.007767021786537954,-0.041990861591377805,-1.7178660807158364,0.6333333333333333,0.6387180753175636,-2.4492935982947064e-16,1.0,-0.29936312297335776,-0.9541392564000489,0.43388373911755823,-0.900968867902419
-0.023669720709079453,-0.026516679995075614,0.005830868431325343,-0.005865160460065537,1.219046075148624,0.6333333333333333,0.6387629606355761,-2.4492935982947064e-16,1.0,-0.4853019625310808,-0.8743466161445822,-0.433883739117558,-0.9009688679024191
0.017804560249013907,0.04686893365628739,0.005797158280759611,0.06820827571265518,-1.3420957889170761,0.6333333333333333,0.6388078459535886,-2.4492935982947064e-16,1.0,-0.6513724827222217,-0.7587581226927913,-0.9749279121818236,-0.2225209339563146
0.0,0.019946288014672242,0.07066137655517704,-0.039220720139906316,0.4249287005675233,0.6333333333333333,0.638942501907626,-2.4492935982947064e-16,1.0,-0.9680771188662041,-0.2506525322587213,0.7818314824680298,0.6234898018587336
0.0,-0.0591670081545785,-0.0648977230567347,0.0,0.9505601031230158,0.6333333333333333,0.6389873872256385,-2.4492935982947064e-16,1.0,-0.9987165071710528,-0.05064916883871355,0.9749279121818236,-0.22252093395631434
0.0,0.05014978023012982,-0.015444308209867775,0.05014978023012982,-0.0527474506689603,0.6333333333333333,0.639032272543651,-2.4492935982947064e-16,1.0,-0.9884683243281114,0.15142777750457667,0.43388373911755823,-0.900968867902419
0.007812532460724927,-0.0054496430029043075,0.06587516033924959,-0.05971926792606267,-2.094847230308802,0.6333333333333333,0.639122043179676,-2.4492935982947064e-16,1.0,-0.8486442574947509,0.5289640103269624,-0.9749279121818236,-0.2225209339563146
-0.04171410025666215,-0.03333638935289141,-0.035221357284972325,-0.0194180678768161,1.759372657137716,0.6333333333333333,0.6392566991337134,-2.4492935982947064e-16,1.0,-0.3943558551133187,0.9189578116202306,0.7818314824680298,0.6234898018587336
0.014098959199254113,0.029686753599834543,-0.019048267638185925,0.07003805704691729,-1.8688674719339975,0.6333333333333333,0.6393015844517259,-2.4492935982947064e-16,1.0,-0.20129852008866114,0.9795299412524943,0.9749279121818236,-0.22252093395631434
0.009950368622447272,-0.03159061525749859,0.019029373912602746,-0.050619989170101326,0.49643688631389105,0.6333333333333333,0.6393464697697384,-2.4492935982947064e-16,1.0,-2.4492935982947064e-16,1.0,0.43388373911755823,-0.900968867902419
0.06330011438869139,0.0187110084106618,0.0168389075544553,0.03588677124254433,0.6711682738411701,0.65,0.6394362404057633,0.49999999999999994,0.8660254037844387,0.39435585511331855,0.9189578116202306,-0.9749279121818236,-0.2225209339563146
-0.05344787441445538,-0.03774038232326442,-0.03586828146705797,-0.05530483911936052,-0.2397623634441763,0.65,0.6395708963598008,0.49999999999999994,0.8660254037844387,0.8486442574947509,0.5289640103269624,0.7818314824680298,0.6234898018587336
-0.10972727856200636,0.0,-0.07796151668607523,0.009756212162808971,0.9808527887919973,0.65,0.6396157816778132,0.49999999999999994,0.8660254037844387,0.9377521321470804,0.3473052528448203,0.9749279121818236,-0.22252093395631434
0.038631375577772575,0.009569487695932868,0.03473282264505456,0.019231343409939892,-0.16098752609708564,0.65,0.6396606669958257,0.49999999999999994,0.8660254037844387,0.9884683243281114,0.1514277775045767,0.43388373911755823,-0.900968867902419
0.05129329438755048,0.00664451384678727,0.004008017567521568,-0.0095694876959328,0.6992247186466212,0.65,0.6397055523138382,0.49999999999999994,0.8660254037844387,0.9987165071710528,-0.05064916883871264,-0.433883739117558,-0.9009688679024191
-0.01005037438579784,-0.05343662966855002,0.0019980483476691614,-0.039460745113108674,-1.027848594109536,0.65,0.6397504376318507,0.49999999999999994,0.8660254037844387,0.9680771188662043,-0.2506525322587204,-0.9749279121818236,-0.2225209339563146
-0.04124292000175279,-0.0019980483476691635,-0.004000096886446756,-0.05105322574794102,0.10365399124856677,0.65,0.6398850935858881,0.49999999999999994,0.8660254037844387,0.6513724827222223,-0.758758122692791,0.7818314824680298,0.6234898018587336
-0.06974507273925276,-0.05551270589780922,-0.08137958113232414,-0.06974507273925276,-1.133273408429725,0.65,0.6399299789039006,0.49999999999999994,0.8660254037844387,0.48530196253108104,-0.8743466161445821,0.9749279121818236,-0.22252093395631434
0.017897658957141432,0.012605196922655411,0.019376311895713504,0.017897658957141432,0.25564196851933596,0.65,0.6399748642219131,0.49999999999999994,0.8660254037844387,0.29936312297335804,-0.9541392564000488,0.43388373911755823,-0.900968867902419
-0.05937822132811296,-0.07813085815164945,-0.09381877188503764,-0.02696800759066291,-0.16444581156133573,0.65,0.6400197495399256,0.49999999999999994,0.8660254037844387,0.10116832198743272,-0.994869323391895,-0.433883739117558,-0.9009688679024191
-0.038373975574063114,0.11903631858802582,0.0,-0.07078418931151323,0.7874931950959418,0.65,0.640064634857938,0.49999999999999994,0.8660254037844387,-0.10116832198743204,-0.9948693233918952,-0.9749279121818236,-0.2225209339563146
-0.0867891673799429,-0.19889085653306043,-0.043068815411412165,-0.05787785106277064,-0.8146549902413931,0.65,0.640244176129988,0.49999999999999994,0.8660254037844387,-0.7907757369376986,-0.6121059825476627,0.9749279121818236,-0.22252093395631434
0.028911316317172274,-0.045007611413405556,-0.045007611413405556,0.007742028298517072,-0.6648082222414792,0.65,0.6402890614480004,0.49999999999999994,0.8660254037844387,-0.8978045395707417,-0.44039415155763423,0.43388373911755823,-0.900968867902419
-0.08371956624420002,0.032707286581881864,0.032707286581881864,0.0025673929907793006,1.5728959611336226,0.65,0.6403339467660129,0.49999999999999994,0.8660254037844387,-0.9680771188662041,-0.2506525322587213,-0.433883739117558,-0.9009688679024191
0.05566123381113691,-0.017478580625032755,-0.05861550841062237,-0.03125257552613559,-1.76705197557458,0.65,0.6403788320840254,0.49999999999999994,0.8660254037844387,-0.9987165071710528,-0.05064916883871355,-0.9749279121818236,-0.2225209339563146
-0.06984585537106053,-0.0704332693680365,-0.07068158406482457,-0.026811231741269037,1.6563214983329508,0.65,0.6405134880380627,0.49999999999999994,0.8660254037844387,-0.8486442574947509,0.5289640103269624,0.7818314824680298,0.6234898018587336
0.030944774790092965,-0.005420062216286015,0.01676015323016922,-0.00002721118582049091,-0.9301541067448715,0.65,0.6405583733560752,0.49999999999999994,0.8660254037844387,-0.7247927872291207,0.6889669190756859,0.9749279121818236,-0.22252093395631434
-0.01676015323016919,0.00271370323795161,-0.011142166193409814,0.0027409144237722036,0.8750943295618442,0.65,0.6406032586740877,0.49999999999999994,0.8660254037844387,-0.5712682150947924,0.8207634412072763,0.43388373911755823,-0.900968867902419
0.005617987036759496,-0.002713703237951683,0.013908417132114813,-0.008163302695052731,-0.09909090264423089,0.65,0.6406481439921002,0.49999999999999994,0.8660254037844387,-0.3943558551133187,0.9189578116202306,-0.433883739117558,-0.9009688679024191
0.024897593772231278,0.024692614170558236,0.019152479335169285,0.03014221362765927,-0.8931819459529705,0.65,0.6406930293101127,0.49999999999999994,0.8660254037844387,-0.20129852008866114,0.9795299412524943,-0.9749279121818236,-0.2225209339563146
-0.03051558080899071,0.11931359844438379,-0.03867888350404348,0.11931359844438379,2.2404782154480007,0.65,0.6408276852641501,0.8660254037844386,0.5000000000000001,0.39435585511331855,0.9189578116202306,0.7818314824680298,0.6234898018587336
0.1489055455292211,0.16251892949777494,0.1489055455292211,0.14231624164299633,-0.27082075506219067,0.65,0.6408725705821626,0.8660254037844386,0.5000000000000001,0.5712682150947923,0.8207634412072763,0.9749279121818236,-0.22252093395631434
0.0926588540398291,-0.04082195478382607,0.14544437350184028,-0.020619266929047586,-0.9921846497808843,0.65,0.6409174559001751,0.8660254037844386,0.5000000000000001,0.72479278722912,0.6889669190756866,0.43388373911755823,-0.900968867902419
-0.008888938939973515,0.014477955945062041,-0.05722011231007894,-0.006269656748658918,0.08474305567166412,0.65,0.6409623412181876,0.8660254037844386,0.5000000000000001,0.8486442574947509,0.5289640103269624,-0.433883739117558,-0.9009688679024191
0.03509128677913902,0.004098362587884798,0.03708169124156509,0.024845975281605825,-0.6001104790550948,0.65,0.6410072265362,0.8660254037844386,0.5000000000000001,0.9377521321470804,0.3473052528448203,-0.9749279121818236,-0.2225209339563146
0.027631963438107966,0.05954143201971275,0.0211872128837763,0.030213798331212238,2.86498003765963,0.65,0.6411418824902375,0.8660254037844386,0.5000000000000001,0.9680771188662043,-0.2506525322587204,0.7818314824680298,0.6234898018587336
0.047091611532485055,-0.03330377829879528,0.047091611532485055,-0.007968162080333081,-0.46337608074496944,0.65,0.64118676780825,0.8660254037844386,0.5000000000000001,0.8978045395707416,-0.4403941515576344,0.9749279121818236,-0.22252093395631434
-0.002002048538777479,0.03522865900346101,-0.002002048538777479,0.03922067647349922,-2.0768071940386927,0.65,0.6412316531262624,0.8660254037844386,0.5000000000000001,0.7907757369376989,-0.6121059825476626,0.43388373911755823,-0.900968867902419
0.0040000968864467605,0.0,0.041222725012276806,-0.0019248807046657911,-0.3973621925390585,0.65,0.6412765384442749,0.8660254037844386,0.5000000000000001,0.6513724827222223,-0.758758122692791,-0.433883739117558,-0.9009688679024191
-0.12078157145014548,0.019048267638185915,-0.009661855714007139,-0.03729579576883345,0.1605960292780006,0.65,0.6413214237622874,0.8660254037844386,0.5000000000000001,0.48530196253108104,-0.8743466161445821,-0.9749279121818236,-0.2225209339563146
0.024472885550984216,-0.058268944111685136,-0.07246632973464606,0.0,0.8753006371657921,0.65,0.6415009650343373,0.8660254037844386,0.5000000000000001,-0.29936312297335776,-0.9541392564000489,0.9749279121818236,-0.22252093395631434
-0.09927413929809556,0.025667769056748686,0.006243560217955487,0.0,-1.3155409531789806,0.65,0.6415458503523498,0.8660254037844386,0.5000000000000001,-0.4853019625310808,-0.8743466161445822,0.43388373911755823,-0.900968867902419
0.12744493766526055,-0.007827820950443544,-0.029475890427128594,0.017839948106305046,0.14310084364067324,0.65,0.6415907356703623,0.8660254037844386,0.5000000000000001,-0.6513724827222217,-0.7587581226927913,-0.433883739117558,-0.9009688679024191
-0.2651458946578558,0.05912111069045845,-0.25679641758321947,0.021380728367194103,0.998433564797156,0.65,0.6416356209883748,0.8660254037844386,0.5000000000000001,-0.7907757369376986,-0.6121059825476627,-0.9749279121818236,-0.2225209339563146
0.27577302794437364,0.0,0.39989731556431013,-0.08212818544865316,-1.0056997184737788,0.65,0.6417702769424122,0.8660254037844386,0.5000000000000001,-0.9987165071710528,-0.05064916883871355,0.7818314824680298,0.6234898018587336
0.031220036779772253,-0.05129328974001502,-0.10125372791480065,0.02880854977589981,1.4896930630682377,0.65,0.6418151622604247,0.8660254037844386,0.5000000000000001,-0.9884683243281114,0.15142777750457667,0.9749279121818236,-0.22252093395631434
-0.041847170066290046,-0.023669720709079453,-0.041847170066290046,0.014098959199254113,-0.3719198330713559,0.65,0.6418600475784372,0.8660254037844386,0.5000000000000001,-0.9377521321470804,0.3473052528448203,0.43388373911755823,-0.900968867902419
0.06613983918432709,0.003984065041278843,0.07212195257327529,0.0,-3.918402612392185,0.65,0.6419049328964496,0.8660254037844386,0.5000000000000001,-0.8486442574947509,0.5289640103269624,-0.433883739117558,-0.9009688679024191
-0.05762915728755893,-0.005982113388948155,-0.005982113388948155,-0.05762915728755893,3.8018732619271587,0.65,0.6419498182144621,0.8660254037844386,0.5000000000000001,-0.7247927872291207,0.6889669190756859,-0.9749279121818236,-0.2225209339563146
-0.02575247238354272,0.0019980483476691614,0.0019980483476691614,0.05762915728755898,0.19788585780507426,0.65,0.6420844741684996,1.0,6.123233995736766e-17,0.39435585511331855,0.9189578116202306,0.7818314824680298,0.6234898018587336
0.042559674887275516,0.07310939936837443,0.02171845591790471,0.009950368622447272,-0.343531997893546,0.65,0.642129359486512,1.0,6.123233995736766e-17,0.5712682150947923,0.8207634412072763,0.9749279121818236,-0.22252093395631434
-0.11934674364086614,-0.03975957638636578,0.0,0.02539750270723063,-0.665005003762582,0.65,0.6421742448045245,1.0,6.123233995736766e-17,0.72479278722912,0.6889669190756866,0.43388373911755823,-0.900968867902419
0.048119147679077386,-0.0333498229820086,-0.023716504265574045,-0.1473974220752928,0.7122996127747014,0.65,0.642219130122537,1.0,6.123233995736766e-17,0.8486442574947509,0.5289640103269624,-0.433883739117558,-0.9009688679024191
0.006689035087788761,-0.0407388885602451,-0.10314070816966195,0.015538641962354398,-0.31473436926533244,0.65,0.6422640154405495,1.0,6.123233995736766e-17,0.9377521321470804,0.3473052528448203,-0.9749279121818236,-0.2225209339563146
0.004434592848067803,-0.05556979733891607,0.0022147853599034494,0.002200271231768617,-2.9833222534773096,0.65,0.6423986713945868,1.0,6.123233995736766e-17,0.9680771188662043,-0.2506525322587204,0.7818314824680298,0.6234898018587336
-0.024637334766016598,0.021739965225781453,-0.024637334766016598,-0.006615285258266366,3.265759410767051,0.65,0.6424435567125993,1.0,6.123233995736766e-17,0.8978045395707416,-0.4403941515576344,0.9749279121818236,-0.22252093395631434
-0.03695567192199986,-0.020641747082830463,0.024637334766016688,-0.036039901640829694,-0.6008487023254587,0.65,0.6424884420306118,1.0,6.123233995736766e-17,0.7907757369376989,-0.6121059825476626,0.43388373911755823,-0.900968867902419
0.02555310504718689,-0.03689629635178383,-0.036039901640829694,0.006857108690263253,-0.6014291863404858,0.65,0.6425333273486243,1.0,6.123233995736766e-17,0.6513724827222223,-0.758758122692791,-0.433883739117558,-0.9009688679024191
0.0316053087927617,0.13609082914927284,0.0316053087927617,0.13609082914927284,-0.9353104311914524,0.65,0.6425782126666368,1.0,6.123233995736766e-17,0.48530196253108104,-0.8743466161445821,-0.9749279121818236,-0.2225209339563146
0.002219807488164401,0.01185783471735692,0.11531088428027346,0.007920825638302497,1.74313110426616,0.65,0.6427128686206742,1.0,6.123233995736766e-17,-0.10116832198743204,-0.9948693233918952,0.7818314824680298,0.6234898018587336
-0.029248453748020556,0.0,0.003952570404803404,-0.08862651399784363,-0.41456642235450997,0.65,0.6427577539386867,1.0,6.123233995736766e-17,-0.29936312297335776,-0.9541392564000489,0.9749279121818236,-0.22252093395631434
0.13638117938772062,0.06291016498360769,-0.009910921557212437,0.1554736880605058,0.3626570156162798,0.65,0.6428026392566992,1.0,6.123233995736766e-17,-0.4853019625310808,-0.8743466161445822,0.43388373911755823,-0.900968867902419
-0.13068962288640554,-0.1009528009446912,-0.12277554057251454,-0.1070941119286768,-0.49049038712616466,0.65,0.6428475245747116,1.0,6.123233995736766e-17,-0.6513724827222217,-0.7587581226927913,-0.433883739117558,-0.9009688679024191
0.12469555687758994,0.08599045696729246,0.15992547375552726,0.09213176795127798,0.4470141110210369,0.65,0.6428924098927241,1.0,6.123233995736766e-17,-0.7907757369376986,-0.6121059825476627,-0.9749279121818236,-0.2225209339563146
0.005994066008815688,0.018553389839703432,-0.009643313164977022,0.016713420785715808,1.0311903231461303,0.65,0.6430270658467616,1.0,6.123233995736766e-17,-0.9987165071710528,-0.05064916883871355,0.7818314824680298,0.6234898018587336
0.07481913474946551,0.016408782087951795,0.047312514731429674,0.009166002108157056,0.06409417542930468,0.65,0.643071951164774,1.0,6.123233995736766e-17,-0.9884683243281114,0.15142777750457667,0.9749279121818236,-0.22252093395631434
-0.0018500934227400614,0.005410244496771706,0.02734903331743742,-0.005489530762557934,-3.871201010907891,0.65,0.6431168364827865,1.0,6.123233995736766e-17,-0.9377521321470804,0.3473052528448203,0.43388373911755823,-0.900968867902419
0.009216602447065358,-0.019982524293112074,-0.019982524293112074,0.0,-5.703782474656201,0.65,0.643161721800799,1.0,6.123233995736766e-17,-0.8486442574947509,0.5289640103269624,-0.433883739117558,-0.9009688679024191
-0.027908717132143917,-0.009216602447065417,-0.009216602447065417,-0.027908717132143917,7.170119543449628,0.65,0.6432066071188115,1.0,6.123233995736766e-17,-0.7247927872291207,0.6889669190756859,-0.9749279121818236,-0.2225209339563146
-0.07034151376286561,-0.08096907636428516,-0.08499322280310609,-0.062276961679206634,0.07410797215372183,0.65,0.6433412630728489,1.0,6.123233995736766e-17,-0.20129852008866114,0.9795299412524943,0.7818314824680298,0.6234898018587336
0.02794590378897739,0.06792132899711324,0.07006758719297056,0.06792132899711324,0.25131442828090617,0.65,0.6433861483908614,1.0,6.123233995736766e-17,-2.4492935982947064e-16,1.0,0.9749279121818236,-0.22252093395631434
0.009794434918951928,-0.0075329852046320004,-0.022814746713128983,-0.038245542372842986,-0.587786664902119,0.65,0.6434310337088739,0.8660254037844387,-0.4999999999999998,0.20129852008866006,0.9795299412524945,0.43388373911755823,-0.900968867902419
-0.23392272197091696,0.0,0.00975993194518056,-0.003906251147172869,2.563409711275944,0.65,0.6434759190268864,0.8660254037844387,-0.4999999999999998,0.39435585511331855,0.9189578116202306,-0.433883739117558,-0.9009688679024191
0.08495675383074817,-0.06845289587614015,-0.10873060472530899,-0.06841297666876356,-0.9224731317824726,0.65,0.6435208043448988,0.8660254037844387,-0.4999999999999998,0.5712682150947923,0.8207634412072763,-0.9749279121818236,-0.2225209339563146
0.05501937466715889,0.004040405644838008,0.010559800200275546,-0.019488380425139337,-0.6495383751325108,0.65,0.6436554602989363,0.8660254037844387,-0.4999999999999998,0.9377521321470804,0.3473052528448203,0.7818314824680298,0.6234898018587336
-0.10132400968753824,-0.0862784735451496,-0.1039609922798894,-0.028170798367165,-0.6549259677397476,0.65,0.6437003456169488,0.8660254037844387,-0.4999999999999998,0.9884683243281114,0.1514277775045767,0.9749279121818236,-0.22252093395631434
-0.09176195480136974,-0.09201891765989771,-0.06004204151711871,-0.10905484855670523,0.972130816782806,0.65,0.6437452309349612,0.8660254037844387,-0.4999999999999998,0.9987165071710528,-0.05064916883871264,0.43388373911755823,-0.900968867902419
0.025642467455926105,-0.012145830438261082,0.0024722456827359573,-0.01977806520601251,1.5827682048252292,0.65,0.6437901162529737,0.8660254037844387,-0.4999999999999998,0.9680771188662043,-0.2506525322587204,-0.433883739117558,-0.9009688679024191
-0.02304843468536549,-0.027171293492516332,-0.014925694921541364,-0.035627204820398856,-3.102092289544901,0.65,0.6439696575250236,0.8660254037844387,-0.4999999999999998,0.48530196253108104,-0.8743466161445821,0.7818314824680298,0.6234898018587336
-0.018301147270321092,0.0,-0.03571810976300216,-0.018301147270321092,1.8555260875870443,0.65,0.644014542843036,0.8660254037844387,-0.4999999999999998,0.29936312297335804,-0.9541392564000488,0.9749279121818236,-0.22252093395631434
-0.21722443404385575,-0.05937227842649796,-0.02365416866349581,-0.2009639283017581,1.950203182232474,0.65,0.6440594281610486,0.8660254037844387,-0.4999999999999998,0.10116832198743272,-0.994869323391895,0.43388373911755823,-0.900968867902419
0.0,-0.05188136062610822,-0.05188136062610822,-0.016260505742097555,-0.8788576013677876,0.65,0.644104313479061,0.8660254037844387,-0.4999999999999998,-0.10116832198743204,-0.9948693233918952,-0.433883739117558,-0.9009688679024191
-0.00988474991426066,-0.12831476091019273,-0.13470462909771808,0.022691390156293966,-1.409711501265652,0.65,0.6441491987970736,0.8660254037844387,-0.4999999999999998,-0.29936312297335776,-0.9541392564000489,-0.9749279121818236,-0.2225209339563146
0.0098847499142606,0.006349221431296268,0.0063898681875254795,-0.0032102726817125823,0.9916358016457334,0.65,0.6442838547511109,0.8660254037844387,-0.4999999999999998,-0.7907757369376986,-0.6121059825476627,0.7818314824680298,0.6234898018587336
0.013029488147417018,0.11072580807989382,-0.012820752601721806,0.004491562718326533,-0.15120841952153455,0.65,0.6443287400691234,0.8660254037844387,-0.4999999999999998,-0.8978045395707417,-0.44039415155763423,0.9749279121818236,-0.22252093395631434
0.012861977981923003,-0.04342211948713788,0.08647366262577413,0.02403656952861901,-1.0317249273753049,0.65,0.6443736253871359,0.8660254037844387,-0.4999999999999998,-0.9680771188662041,-0.2506525322587213,0.43388373911755823,-0.900968867902419
0.006369441998261662,0.01176483002949803,-0.04539360021351736,-0.01574834159392558,0.4146035529055316,0.65,0.6444185107051484,0.8660254037844387,-0.4999999999999998,-0.9987165071710528,-0.05064916883871355,-0.433883739117558,-0.9009688679024191
0.0,-0.07275935559776857,-0.025079660026752947,0.0,-1.6713087078466387,0.65,0.6444633960231608,0.8660254037844387,-0.4999999999999998,-0.9884683243281114,0.15142777750457667,-0.9749279121818236,-0.2225209339563146
-0.01600040238550386,0.05204927902387222,0.03125251322872968,-0.01600040238550386,3.370904439037752,0.65,0.6445980519771983,0.8660254037844387,-0.4999999999999998,-0.7247927872291207,0.6889669190756859,0.7818314824680298,0.6234898018587336
-0.00647250851269115,-0.030275500467142124,-0.04725291561423363,-0.003231017594680599,-0.4645323397951458,0.65,0.6446429372952108,0.8660254037844387,-0.4999999999999998,-0.5712682150947924,0.8207634412072763,0.9749279121818236,-0.22252093395631434
-0.006514674949928501,-0.03762195522699133,0.009630960387242236,-0.0064935232786432545,-1.5410331032987032,0.65,0.6446878226132232,0.8660254037844387,-0.4999999999999998,-0.3943558551133187,0.9189578116202306,0.43388373911755823,-0.900968867902419
0.060240099076853196,0.08274241855670522,0.03762195522699138,0.0692100133283673,-0.7230001437096265,0.65,0.6447327079312357,0.8660254037844387,-0.4999999999999998,-0.20129852008866114,0.9795299412524943,-0.433883739117558,-0.9009688679024191
-0.06351342135633119,-0.05129331653169068,-0.0061728532019768535,-0.06921001332836743,1.5203748453902421,0.65,0.6447775932492482,0.5000000000000003,-0.8660254037844385,0.20129852008866006,0.9795299412524945,-0.9749279121818236,-0.2225209339563146
-0.016529286317205204,-0.025111449674956248,-0.025111449674956248,-0.02306525118597888,0.57872076828579,0.65,0.6449122492032856,0.5000000000000003,-0.8660254037844385,0.72479278722912,0.6889669190756866,0.7818314824680298,0.6234898018587336
-0.08701137698962981,-0.08265992358696399,-0.08265992358696399,-0.03390151879036064,-0.6875175360620508,0.65,0.6449571345212981,0.5000000000000003,-0.8660254037844385,0.8486442574947509,0.5289640103269624,0.9749279121818236,-0.22252093395631434
0.053109858199269055,0.23548091297727064,0.023851192569933087,0.1678495107628404,0.7761061858107354,0.65,0.6450020198393106,0.5000000000000003,-0.8660254037844385,0.9377521321470804,0.3473052528448203,0.43388373911755823,-0.900968867902419
0.1348924936544154,-0.0027285119907372265,0.20890120841660031,-0.032957017108425024,-1.1518074086287582,0.65,0.6450469051573231,0.5000000000000003,-0.8660254037844385,0.9884683243281114,0.1514277775045767,-0.433883739117558,-0.9009688679024191
0.02417219613919555,0.03753788331971127,0.03753788331971127,0.02417219613919555,0.20679204957338657,0.65,0.6450917904753356,0.5000000000000003,-0.8660254037844385,0.9987165071710528,-0.05064916883871264,-0.9749279121818236,-0.2225209339563146
-0.026827287569536208,0.07598589626591898,0.07598589626591898,-0.026827287569536208,0.5895731078324135,0.65,0.645226446429373,0.5000000000000003,-0.8660254037844385,0.7907757369376989,-0.6121059825476626,0.7818314824680298,0.6234898018587336
-0.16021131082456844,-0.24471600142419614,-0.24471600142419614,-0.14263618220517904,0.4016099158384147,0.65,0.6452713317473855,0.5000000000000003,-0.8660254037844385,0.6513724827222223,-0.758758122692791,0.9749279121818236,-0.22252093395631434
-0.06975297157392592,0.0,-0.09811783834723391,0.050944835174409696,-0.4071544074508378,0.65,0.645316217065398,0.5000000000000003,-0.8660254037844385,0.48530196253108104,-0.8743466161445821,0.43388373911755823,-0.900968867902419
0.06263551044793042,-0.04459340917162792,0.033786964913948586,-0.06356764476720267,-0.3752966178678649,0.65,0.6453611023834104,0.5000000000000003,-0.8660254037844385,0.29936312297335804,-0.9541392564000488,-0.433883739117558,-0.9009688679024191
-0.0035778179907354503,-0.01642071478303425,0.003316749478623086,-0.015647598143327494,0.07346892644020724,0.65,0.6454059877014229,0.5000000000000003,-0.8660254037844385,0.10116832198743272,-0.994869323391895,-0.9749279121818236,-0.2225209339563146
0.00357781799073553,0.016420714783034186,-0.061452803120013534,0.010695279116731049,-1.4950168660119965,0.65,0.6455406436554604,0.5000000000000003,-0.8660254037844385,-0.4853019625310808,-0.8743466161445822,0.7818314824680298,0.6234898018587336
0.006691852575671916,-0.033115577406406436,-0.0070671606737855944,0.02105347260702841,0.05715841383994862,0.65,0.6455855289734728,0.5000000000000003,-0.8660254037844385,-0.6513724827222217,-0.7587581226927913,0.9749279121818236,-0.22252093395631434
0.028399517150817625,0.09009303389396409,0.02797390860049385,0.07361174684312882,3.3003943660404564,0.65,0.6456304142914853,0.5000000000000003,-0.8660254037844385,-0.7907757369376986,-0.6121059825476627,0.43388373911755823,-0.900968867902419
0.05043080510756591,0.09949718225027125,0.07951206345138516,0.0,-1.153683659825517,0.65,0.6456752996094978,0.5000000000000003,-0.8660254037844385,-0.8978045395707417,-0.44039415155763423,-0.433883739117558,-0.9009688679024191
-0.023218268067503114,-0.07218139730111969,-0.042282757736703105,0.0064308844141964675,0.23990911572218016,0.65,0.6457201849275103,0.5000000000000003,-0.8660254037844385,-0.9680771188662041,-0.2506525322587213,-0.9749279121818236,-0.2225209339563146
0.06809762781638924,-0.012048327267974208,0.0919823784303925,0.04695701393468272,0.7994113637908886,0.65,0.6458997261995602,0.5000000000000003,-0.8660254037844385,-0.8486442574947509,0.5289640103269624,0.9749279121818236,-0.22252093395631434
-0.07145897228651887,0.0,-0.040190842066144,-0.034217924315860966,-0.07731750938482976,0.65,0.6459446115175727,0.5000000000000003,-0.8660254037844385,-0.7247927872291207,0.6889669190756859,0.43388373911755823,-0.900968867902419
0.02661244341009975,-0.0030349008403676337,-0.038557206098897706,0.040315498422025274,0.04591987979666859,0.65,0.6459894968355852,0.5000000000000003,-0.8660254037844385,-0.5712682150947924,0.8207634412072763,-0.433883739117558,-0.9009688679024191
-0.019901015265640632,0.003034900840367581,0.07874804816504168,-0.07574597819714102,0.9494779684559495,0.65,0.6460343821535977,0.5000000000000003,-0.8660254037844385,-0.3943558551133187,0.9189578116202306,-0.9749279121818236,-0.2225209339563146
0.036128690135271264,0.0,-0.037072725979339596,0.019481117474581363,-0.6682085935630885,0.65,0.646169038107635,1.2246467991473532e-16,-1.0,0.20129852008866006,0.9795299412524945,0.7818314824680298,0.6234898018587336
-0.008097163962031898,-0.030771629315981694,-0.009447244930567688,0.0,0.5256718532246858,0.65,0.6462139234256475,1.2246467991473532e-16,-1.0,0.39435585511331855,0.9189578116202306,0.9749279121818236,-0.22252093395631434
-0.02136484117294943,0.0,-0.045462407520485165,0.028528132246945757,-2.160598659924415,0.65,0.64625880874366,1.2246467991473532e-16,-1.0,0.5712682150947923,0.8207634412072763,0.43388373911755823,-0.900968867902419
-0.026937629779427427,0.051761885698698454,0.11000086716120071,-0.006269606921925834,1.757984451780051,0.65,0.6463036940616724,1.2246467991473532e-16,-1.0,0.72479278722912,0.6889669190756866,-0.433883739117558,-0.9009688679024191
0.11892000820981989,0.08527897244947925,-0.018018488730808243,0.12959277643924977,-0.9105031219858563,0.65,0.6463485793796849,1.2246467991473532e-16,-1.0,0.8486442574947509,0.5289640103269624,-0.9749279121818236,-0.2225209339563146
0.0645385301685781,-0.016483939569558754,0.07020426234687847,-0.022347277854463853,-0.2544079506674131,0.65,0.6464832353337224,1.2246467991473532e-16,-1.0,0.9987165071710528,-0.05064916883871264,0.7818314824680298,0.6234898018587336
-0.017192384096632173,0.1025866178344296,-0.011363747874334036,0.12216764475018856,0.9924289735296793,0.65,0.6465281206517348,1.2246467991473532e-16,-1.0,0.9680771188662043,-0.2506525322587204,0.9749279121818236,-0.22252093395631434
0.09636057402534692,0.01980260859668314,0.1508800731363773,-0.007528259214184675,-1.7918158501374941,0.65,0.6465730059697473,1.2246467991473532e-16,-1.0,0.8978045395707416,-0.4403941515576344,0.43388373911755823,-0.900968867902419
-0.08486620562474834,0.10241501990776829,-0.06601386751162888,0.12753110235873258,0.95121716788924,0.65,0.6466178912877598,1.2246467991473532e-16,-1.0,0.7907757369376989,-0.6121059825476626,-0.433883739117558,-0.9009688679024191
0.2423858060897376,0.07252647576015979,0.16866803014432222,0.04126526386968787,0.49206017946536273,0.65,0.6466627766057723,1.2246467991473532e-16,-1.0,0.6513724827222223,-0.758758122692791,-0.9749279121818236,-0.2225209339563146
0.052434998812974,0.07145889631687441,0.07268148102156527,0.00002130526395320136,-1.4566729387391446,0.65,0.6467974325598097,1.2246467991473532e-16,-1.0,0.10116832198743272,-0.994869323391895,0.7818314824680298,0.6234898018587336
-0.008568358004708086,-0.0551320189184562,0.018386657496916356,-0.008568358004708086,-1.1963826350592603,0.65,0.6468423178778222,1.2246467991473532e-16,-1.0,-0.10116832198743204,-0.9948693233918952,0.9749279121818236,-0.22252093395631434
-0.20401436120937771,-0.04980287464879371,-0.07130906001992121,-0.17037597252563627,2.611236686437051,0.65,0.6468872031958347,1.2246467991473532e-16,-1.0,-0.29936312297335776,-0.9541392564000489,0.43388373911755823,-0.900968867902419
-0.01859281541473435,-0.10064348519780078,-0.13976192164310808,0.07827954006859039,-1.2497270971635175,0.65,0.6469320885138472,1.2246467991473532e-16,-1.0,-0.4853019625310808,-0.8743466161445822,-0.433883739117558,-0.9009688679024191
0.16294376762302135,0.10911810448335142,0.115558289658361,0.10911810448335142,0.18770059799556552,0.65,0.6469769738318596,1.2246467991473532e-16,-1.0,-0.6513724827222217,-0.7587581226927913,-0.9749279121818236,-0.2225209339563146
-0.05143595228566069,-0.004228332273135299,0.049956104368289816,-0.0997503633718195,-0.7277911680130245,0.65,0.6471116297858971,1.2246467991473532e-16,-1.0,-0.9680771188662041,-0.2506525322587213,0.7818314824680298,0.6234898018587336
0.05368850849201145,-0.0566599805614359,-0.07020419254790997,0.03886205053724811,-0.513156239104273,0.65,0.6471565151039096,1.2246467991473532e-16,-1.0,-0.9987165071710528,-0.05064916883871355,0.9749279121818236,-0.22252093395631434
-0.1571856077331962,0.043866640808265966,0.0574108527947399,-0.17072981971967022,2.163291096670609,0.65,0.647201400421922,1.2246467991473532e-16,-1.0,-0.9884683243281114,0.15142777750457667,0.43388373911755823,-0.900968867902419
-0.016086122327765805,-0.032718211128933035,-0.23068258285570195,0.13186776918242216,0.1876343238818143,0.65,0.6472462857399345,1.2246467991473532e-16,-1.0,-0.9377521321470804,0.3473052528448203,-0.433883739117558,-0.9009688679024191
0.11718220505572044,0.0,0.11718220505572044,-0.01645164571755654,-2.230676292400846,0.65,0.647291171057947,1.2246467991473532e-16,-1.0,-0.8486442574947509,0.5289640103269624,-0.9749279121818236,-0.2225209339563146
-0.04172380430145661,-0.03612138108739344,-0.009661902008876995,-0.0023724215749721367,2.2487477303617203,0.65,0.6474258270119844,1.2246467991473532e-16,-1.0,-0.3943558551133187,0.9189578116202306,0.7818314824680298,0.6234898018587336
0.0863845898851117,0.0645385142864625,0.061195614931905035,0.09725168070817881,-1.7922274514532717,0.65,0.6474707123299969,1.2246467991473532e-16,-1.0,-0.20129852008866114,0.9795299412524943,0.9749279121818236,-0.22252093395631434
0.036121381087393364,0.0021529026448824772,0.033673235293832676,-0.028417133199068904,-0.04843135820940371,0.65,0.6475155976480094,-0.4999999999999997,-0.8660254037844388,0.20129852008866006,0.9795299412524945,0.43388373911755823,-0.900968867902419
-0.08078216667104864,-0.012987182792387393,-0.03595900289060523,-0.0735964566739581,-0.08650529657158254,0.65,0.6475604829660219,-0.4999999999999997,-0.8660254037844388,0.39435585511331855,0.9189578116202306,-0.433883739117558,-0.9009688679024191
-0.04927100269392679,-0.006535486972917175,-0.049247945326255524,0.023585976457376857,0.5279987465231457,0.65,0.6477400242380718,-0.4999999999999997,-0.8660254037844388,0.9377521321470804,0.3473052528448203,0.7818314824680298,0.6234898018587336
-0.025576878599971216,-0.011047366078646755,0.08078216667104869,-0.05756979583438271,1.5837500706968899,0.65,0.6477849095560843,-0.4999999999999997,-0.8660254037844388,0.9884683243281114,0.1514277775045767,0.9749279121818236,-0.22252093395631434
0.03562720482039889,-0.09044406867992562,-0.1100525217336997,-0.012422567093584021,-1.9190644733905342,0.65,0.6478297948740968,-0.4999999999999997,-0.8660254037844388,0.9987165071710528,-0.05064916883871264,0.43388373911755823,-0.900968867902419
0.0,0.05432268759253212,0.05302453147866941,0.009950321410848074,-0.010809315285877254,0.65,0.6478746801921093,-0.4999999999999997,-0.8660254037844388,0.9680771188662043,-0.2506525322587204,-0.433883739117558,-0.9009688679024191
-0.08338159079850715,-0.07640939515682948,-0.05550278598919265,-0.025089360199022148,0.9191153825294532,0.65,0.6479195655101216,-0.4999999999999997,-0.8660254037844388,0.8978045395707416,-0.4403941515576344,-0.9749279121818236,-0.2225209339563146
-0.00272108746636384,-0.017522393120752454,-0.06934747315478018,0.002560268653140593,-0.24809599575771615,0.65,0.6480542214641591,-0.4999999999999997,-0.8660254037844388,0.48530196253108104,-0.8743466161445821,0.7818314824680298,0.6234898018587336
0.01889393112135225,-0.0025284439146058255,0.049271284962131255,-0.01273901339606918,-0.02785781442989822,0.65,0.6480991067821716,-0.4999999999999997,-0.8660254037844388,0.29936312297335804,-0.9541392564000488,0.9749279121818236,-0.22252093395631434
0.04189096361241607,0.05659561448449185,-0.012713662238778406,0.04266646404295713,-0.5071024852631608,0.65,0.648143992100184,-0.4999999999999997,-0.8660254037844388,0.10116832198743272,-0.994869323391895,0.43388373911755823,-0.900968867902419
-0.06348611273024128,-0.01932425501943638,0.02135996186824965,0.007343908818167356,0.3796674152870237,0.65,0.6481888774181965,-0.4999999999999997,-0.8660254037844388,-0.10116832198743204,-0.9948693233918952,-0.433883739117558,-0.9009688679024191
0.09875421767219197,0.1617870132269892,0.023760430259536027,-0.000024423665463048998,-0.24561640716626829,0.65,0.648233762736209,-0.4999999999999997,-0.8660254037844388,-0.29936312297335776,-0.9541392564000489,-0.9749279121818236,-0.2225209339563146
0.0,-0.029475890427128594,0.050189754331283566,0.056681431902502286,2.7341018306826514,0.65,0.6483684186902464,-0.4999999999999997,-0.8660254037844388,-0.7907757369376986,-0.6121059825476627,0.7818314824680298,0.6234898018587336
0.014742267919173921,-0.04590971156128792,0.0411016376406281,-0.05665700823703914,-1.422059682887971,0.65,0.6484133040082589,-0.4999999999999997,-0.8660254037844388,-0.8978045395707417,-0.44039415155763423,0.9749279121818236,-0.22252093395631434
-0.1080741801285292,-0.0067339723568613785,-0.08640141123857271,0.045299773597944626,-0.7691234247996406,0.65,0.6484581893262714,-0.4999999999999997,-0.8660254037844388,-0.9680771188662041,-0.2506525322587213,0.43388373911755823,-0.900968867902419
0.13454988643394525,-0.011325192657848456,0.06606180006650532,0.004651166791590386,0.3981533093326108,0.65,0.6485030746442839,-0.4999999999999997,-0.8660254037844388,-0.9987165071710528,-0.05064916883871355,-0.433883739117558,-0.9009688679024191
-0.009546602648708631,0.013574856642605285,-0.009174367245604869,0.01839130583432773,-1.091630686362454,0.65,0.6485479599622964,-0.4999999999999997,-0.8660254037844388,-0.9884683243281114,0.15142777750457667,-0.9749279121818236,-0.2225209339563146
0.030699012949840586,0.10648348473192164,0.03620301350546104,0.12005834137452695,1.6702707649584796,0.65,0.6486826159163338,-0.4999999999999997,-0.8660254037844388,-0.7247927872291207,0.6889669190756859,0.7818314824680298,0.6234898018587336
-0.035506709833750066,-0.05395494338959031,0.041355197882438174,-0.09753488727005094,-0.27880485880467754,0.65,0.6487275012343463,-0.4999999999999997,-0.8660254037844388,-0.5712682150947924,0.8207634412072763,0.9749279121818236,-0.22252093395631434
0.06867155036213882,-0.008565354550322434,-0.048849846847731734,0.0,-1.3131114432088484,0.65,0.6487723865523588,-0.4999999999999997,-0.8660254037844388,-0.3943558551133187,0.9189578116202306,0.43388373911755823,-0.900968867902419
-0.01017534498621807,-0.003015280894347638,0.005492685367448673,0.015250653800012363,0.2709619009364333,0.65,0.6488172718703712,-0.4999999999999997,-0.8660254037844388,-0.20129852008866114,0.9795299412524943,-0.433883739117558,-0.9009688679024191
0.00877947507602201,0.036865931045341305,-0.009171379862048124,0.05151265307201034,-0.7842742262141634,0.65,0.6488621571883837,-0.4999999999999997,-0.8660254037844388,-2.4492935982947064e-16,1.0,-0.9749279121818236,-0.2225209339563146
0.0002703516569704826,0.01851733431993843,0.03315222944661791,-0.053488682767665933,1.615135933548738,0.65,0.6489968131424212,-0.8660254037844385,-0.5000000000000004,0.5712682150947923,0.8207634412072763,0.7818314824680298,0.6234898018587336
0.03757349663884241,-0.033198137159645105,0.029980804656678066,0.021739965225781453,-2.2111193656550356,0.65,0.6490416984604336,-0.8660254037844385,-0.5000000000000004,0.72479278722912,0.6889669190756866,0.9749279121818236,-0.22252093395631434
-0.046623323371835064,0.053400825014423635,-0.03652384495089961,0.07257067232571048,3.2116647019201765,0.65,0.6490865837784461,-0.8660254037844385,-0.5000000000000004,0.8486442574947509,0.5289640103269624,0.43388373911755823,-0.900968867902419
0.10763066198069027,0.05826894411168526,0.06972198211054466,0.05826894411168526,0.6006034459265325,0.65,0.6491314690964586,-0.8660254037844385,-0.5000000000000004,0.9377521321470804,0.3473052528448203,-0.433883739117558,-0.9009688679024191
0.016194670287257,0.0,0.028170849935111448,0.0,-1.5658223802964935,0.65,0.6491763544144711,-0.8660254037844385,-0.5000000000000004,0.9884683243281114,0.1514277775045767,-0.9749279121818236,-0.2225209339563146
0.02967578662427016,0.03704123569263978,0.0503007820313521,0.0037664790749430688,0.5400047676270376,0.65,0.6493110103685085,-0.8660254037844385,-0.5000000000000004,0.8978045395707416,-0.4403941515576344,0.7818314824680298,0.6234898018587336
-0.02167575158671048,-0.03704123569263968,-0.019048267638185925,-0.003766479074943084,-0.6485653976273428,0.65,0.649355895686521,-0.8660254037844385,-0.5000000000000004,0.7907757369376989,-0.6121059825476626,0.9749279121818236,-0.22252093395631434
-0.03651517764917499,-0.03846633551500206,-0.0194180678768161,-0.058268944111685136,0.1111038166127394,0.65,0.6494007810045335,-0.8660254037844385,-0.5000000000000004,0.6513724827222223,-0.758758122692791,0.43388373911755823,-0.900968867902419
0.02650504563861333,0.0,-0.010030526860593395,0.0,-0.17024209816549252,0.65,0.649445666322546,-0.8660254037844385,-0.5000000000000004,0.48530196253108104,-0.8743466161445821,-0.433883739117558,-0.9009688679024191
0.01596848316297086,0.033358894664289915,0.04282036476382357,0.009950368622447272,-1.3376917345274713,0.65,0.6494905516405585,-0.8660254037844385,-0.5000000000000004,0.29936312297335804,-0.9541392564000488,-0.9749279121818236,-0.2225209339563146
-0.06546307452025646,-0.06119366726731551,-0.1038857408874637,-0.036294367461211265,-1.8396674101377959,0.65,0.6496252075945959,-0.8660254037844385,-0.5000000000000004,-0.29936312297335776,-0.9541392564000489,0.7818314824680298,0.6234898018587336
0.004219411510258739,0.023905498144139267,0.008385785412396695,0.02634399883876404,2.2230607694547526,0.65,0.6496700929126084,-0.8660254037844385,-0.5000000000000004,-0.4853019625310808,-0.8743466161445822,0.9749279121818236,-0.22252093395631434
0.02083406723945392,0.003929274458886224,0.02880854977589981,-0.022245636250879205,0.977877354726781,0.65,0.6497149782306209,-0.8660254037844385,-0.5000000000000004,-0.6513724827222217,-0.7587581226927913,0.43388373911755823,-0.900968867902419
0.008234068357482667,-0.040005296451461676,-0.00812619959135986,0.0020429483961007366,-3.450825000471254,0.65,0.6497598635486332,-0.8660254037844385,-0.5000000000000004,-0.7907757369376986,-0.6121059825476627,-0.433883739117558,-0.9009688679024191
0.0020224709358356557,0.004093674029896122,0.006116144965731699,0.0,1.6286529709888196,0.65,0.6498047488666457,-0.8660254037844385,-0.5000000000000004,-0.8978045395707417,-0.44039415155763423,-0.9749279121818236,-0.2225209339563146
-0.07410794969671357,-0.006136622425996916,-0.04152014346267652,-0.0020429483961007704,0.8428499357612795,0.65,0.6499394048206832,-0.8660254037844385,-0.5000000000000004,-0.9884683243281114,0.15142777750457667,0.7818314824680298,0.6234898018587336
-0.006615285258266366,0.00408163454624413,0.019927301987339337,-0.06549329471519431,1.3046464501339385,0.65,0.6499842901386956,-0.8660254037844385,-0.5000000000000004,-0.9377521321470804,0.3473052528448203,0.9749279121818236,-0.22252093395631434
-0.008888938939973515,-0.01808512543276695,-0.05441344615593255,0.03644563657852305,0.3031032911528197,0.65,0.6500291754567081,-0.8660254037844385,-0.5000000000000004,-0.8486442574947509,0.5289640103269624,0.43388373911755823,-0.900968867902419
0.026433232078630374,-0.03632154518830846,0.010926892755203591,-0.021277377938160005,0.0786715235026679,0.65,0.6500740607747206,-0.8660254037844385,-0.5000000000000004,-0.7247927872291207,0.6889669190756859,-0.433883739117558,-0.9009688679024191
0.010810957345391062,0.021277377938159966,0.025675702803139012,0.002148175284981716,0.22056554513697363,0.65,0.6501189460927331,-0.8660254037844385,-0.5000000000000004,-0.5712682150947924,0.8207634412072763,-0.9749279121818236,-0.2225209339563146
-0.08525341733471528,-0.029916732076083235,-0.025697320565824536,-0.08740159261969688,-2.6064187585742387,0.65,0.6502536020467705,-0.8660254037844385,-0.5000000000000004,-2.4492935982947064e-16,1.0,0.7818314824680298,0.6234898018587336
0.01395370162087501,-0.042088172619786375,-0.060353502699653484,0.01395370162087501,-1.6399671174689232,0.65,0.650298487364783,-1.0,-1.8369701987210297e-16,0.20129852008866006,0.9795299412524945,0.9749279121818236,-0.22252093395631434
-0.011614465780202848,0.009009061234425433,-0.004618941278365068,0.011481226121868266,1.5257845274368471,0.65,0.6503433726827955,-1.0,-1.8369701987210297e-16,0.39435585511331855,0.9189578116202306,0.43388373911755823,-0.900968867902419
0.027128580374173053,0.0030446590787073296,0.017826196996071766,0.021144683147395146,-0.6477150083828898,0.65,0.650388258000808,-1.0,-1.8369701987210297e-16,0.5712682150947923,0.8207634412072763,-0.433883739117558,-0.9009688679024191
0.01854141169584856,0.05995118438273696,0.07706297905803006,0.0014296170205554835,0.9182628120192318,0.65,0.6504331433188204,-1.0,-1.8369701987210297e-16,0.72479278722912,0.6889669190756866,-0.9749279121818236,-0.2225209339563146
-0.0022346889958830126,-0.043017343163941464,-0.06075625635806443,0.01550422419823984,-1.3850508376435848,0.65,0.6506126845908704,-1.0,-1.8369701987210297e-16,0.9987165071710528,-0.05064916883871264,0.9749279121818236,-0.22252093395631434
0.0066667824394841865,-0.002222327819520926,0.006689035087788761,-0.011049878106334215,-0.4112814934296042,0.65,0.6506575699088828,-1.0,-1.8369701987210297e-16,0.9680771188662043,-0.2506525322587204,0.43388373911755823,-0.900968867902419
-0.006756180072319958,0.01097511025291488,0.006644589033976422,0.013245214201674292,0.8388695849055703,0.65,0.6507024552268953,-1.0,-1.8369701987210297e-16,0.8978045395707416,-0.4403941515576344,-0.433883739117558,-0.9009688679024191
-0.029424580784836528,0.034264560730547504,0.03471060884846162,-0.03801611592155537,1.2611402222672528,0.65,0.6507473405449078,-1.0,-1.8369701987210297e-16,0.7907757369376989,-0.6121059825476626,-0.9749279121818236,-0.2225209339563146
0.006888599648832427,-0.08338163512690445,-0.07066961173906681,-0.004543512136747644,-4.179451348852659,0.65,0.6508819964989453,-1.0,-1.8369701987210297e-16,0.29936312297335804,-0.9541392564000488,0.7818314824680298,0.6234898018587336
-0.08846862179975469,0.0068415796789861255,-0.00458715974260037,-0.08846862179975469,5.002535915839606,0.65,0.6509268818169577,-1.0,-1.8369701987210297e-16,0.10116832198743272,-0.994869323391895,0.9749279121818236,-0.22252093395631434
0.0,-0.0230127832083918,-0.06899286365711291,0.0,3.3975322733687414,0.65,0.6509717671349702,-1.0,-1.8369701987210297e-16,-0.10116832198743204,-0.9948693233918952,0.43388373911755823,-0.900968867902419
0.002496937276350143,0.018456971126178202,-0.012391661123691309,0.002496937276350143,-3.665098565685412,0.65,0.6510166524529827,-1.0,-1.8369701987210297e-16,-0.29936312297335776,-0.9541392564000489,-0.433883739117558,-0.9009688679024191
0.03696407751488673,0.03146323910792397,0.04867135835908787,0.09508335646208453,1.0656067781249656,0.65,0.6510615377709952,-1.0,-1.8369701987210297e-16,-0.4853019625310808,-0.8743466161445822,-0.9749279121818236,-0.2225209339563146
-0.00024033831773769373,0.04963262842220789,0.011806557254079482,0.07426996318822444,0.2958560840696203,0.65,0.6511961937250326,-1.0,-1.8369701987210297e-16,-0.8978045395707417,-0.44039415155763423,0.7818314824680298,0.6234898018587336
0.11135220251500007,0.10388574088746377,0.10465599252688292,0.029047658136671237,-0.23294336566338103,0.65,0.6512410790430451,-1.0,-1.8369701987210297e-16,-0.9680771188662041,-0.2506525322587213,0.9749279121818236,-0.22252093395631434
-0.011593898681173633,0.2460295320314721,0.004219411510258739,0.22273451885206733,1.3981502119512264,0.65,0.6512859643610576,-1.0,-1.8369701987210297e-16,-0.9987165071710528,-0.05064916883871355,0.43388373911755823,-0.900968867902419
0.213436916767343,-0.08189898887726864,0.26640464324080787,-0.05552307605198053,-1.9728169000191316,0.65,0.6513308496790701,-1.0,-1.8369701987210297e-16,-0.9884683243281114,0.15142777750457667,-0.433883739117558,-0.9009688679024191
-0.0881303951074079,-0.09806922587814461,-0.11436140781308798,-0.07543971899119381,-0.9764138641932235,0.65,0.6513757349970825,-1.0,-1.8369701987210297e-16,-0.9377521321470804,0.3473052528448203,-0.9749279121818236,-0.2225209339563146
-0.021339342056367706,0.09967819680976912,-0.05960799038711847,0.1342307686249973,1.7610506268675974,0.65,0.65151039095112,-1.0,-1.8369701987210297e-16,-0.5712682150947924,0.8207634412072763,0.7818314824680298,0.6234898018587336
0.11297850931786603,-0.011317775694515801,0.1361670291735816,-0.00983613526541211,-1.0930769437353745,0.65,0.6515552762691325,-1.0,-1.8369701987210297e-16,-0.3943558551133187,0.9189578116202306,0.9749279121818236,-0.22252093395631434
-0.03384117351498737,-0.008163341780065593,-0.008410430477327983,-0.050686556137321204,-0.15712125725958523,0.65,0.6516001615871448,-1.0,-1.8369701987210297e-16,-0.20129852008866114,0.9795299412524943,0.43388373911755823,-0.900968867902419
0.04429422038071586,-0.05561667833088229,-0.025664384569027074,0.0,-9.42843117965374,0.65,0.6516450469051573,-0.866025403784439,0.49999999999999933,0.20129852008866006,0.9795299412524945,-0.433883739117558,-0.9009688679024191
-0.04610741251020261,0.034074815046355,-0.0281213338804143,0.018884704158898508,7.649692623711514,0.65,0.6516899322231698,-0.866025403784439,0.49999999999999933,0.39435585511331855,0.9189578116202306,-0.9749279121818236,-0.2225209339563146
0.03565436564447425,-0.016892277916625443,0.017668287014685768,-0.0034071550003274714,-1.252762968495368,0.65,0.6518245881772072,-0.866025403784439,0.49999999999999933,0.8486442574947509,0.5289640103269624,0.7818314824680298,0.6234898018587336
0.02423973167809131,0.023570172286508227,0.041172157152608656,0.018597265887783876,3.087399462079815,0.65,0.6518694734952197,-0.866025403784439,0.49999999999999933,0.9377521321470804,0.3473052528448203,0.9749279121818236,-0.22252093395631434
0.016932425474517288,0.014863968914644548,0.024897568044001943,0.0,0.6706561800509044,0.65,0.6519143588132322,-0.866025403784439,0.49999999999999933,0.9884683243281114,0.1514277775045767,0.43388373911755823,-0.900968867902419
-0.00843882042561318,-0.0148639689146446,-0.0148639689146446,-0.011794525185087888,-2.148617729696619,0.65,0.6519592441312447,-0.866025403784439,0.49999999999999933,0.9987165071710528,-0.05064916883871264,-0.433883739117558,-0.9009688679024191
0.009782517948151982,-0.008689901606818543,-0.008689901606818543,0.009782517948151982,-2.6127400212978853,0.65,0.6520041294492572,-0.866025403784439,0.49999999999999933,0.9680771188662043,-0.2506525322587204,-0.9749279121818236,-0.2225209339563146
-0.03378006882610126,0.023553870521463186,0.023553870521463186,0.0036856861282893332,3.2719856501821494,0.65,0.6521387854032946,-0.866025403784439,0.49999999999999933,0.6513724827222223,-0.758758122692791,0.7818314824680298,0.6234898018587336
-0.0017549613884368003,-0.02323506951780471,-0.04698846430683228,-0.003366885124631051,-1.7578579175523736,0.65,0.6521836707213071,-0.866025403784439,0.49999999999999933,0.48530196253108104,-0.8743466161445821,0.9749279121818236,-0.22252093395631434
-0.026433274098054155,0.008371100603160077,0.028791082678272174,-0.01861204108581563,2.272125885509337,0.65,0.6522285560393196,-0.866025403784439,0.49999999999999933,0.29936312297335804,-0.9541392564000488,0.43388373911755823,-0.900968867902419
0.0018019269861289074,0.0,-0.06375973037425332,0.02364972897506015,0.6519492562804229,0.65,0.652273441357332,-0.866025403784439,0.49999999999999933,0.10116832198743272,-0.994869323391895,-0.433883739117558,-0.9009688679024191
0.043751740210736974,0.003322258902565665,0.058738843935310356,-0.02023675957259272,-0.2862328357310464,0.65,0.6523183266753445,-0.866025403784439,0.49999999999999933,-0.10116832198743204,-0.9948693233918952,-0.9749279121818236,-0.2225209339563146
-0.04734093344448177,-0.0033222589025656717,0.0033500836743294788,0.006791191255305093,0.24135615123932586,0.65,0.652452982629382,-0.866025403784439,0.49999999999999933,-0.6513724827222217,-0.7587581226927913,0.7818314824680298,0.6234898018587336
0.04546233047805092,-0.016778981031203195,-0.013468204076441507,-0.01020416065777254,-0.9207952439952597,0.65,0.6524978679473945,-0.866025403784439,0.49999999999999933,-0.7907757369376986,-0.6121059825476627,0.9749279121818236,-0.22252093395631434
-0.025992987745959373,-0.01020416065777254,-0.013652075837217115,-0.020726110886285586,0.20146557748967064,0.65,0.6525427532654069,-0.866025403784439,0.49999999999999933,-0.8978045395707417,-0.44039415155763423,0.43388373911755823,-0.900968867902419
-0.0087930951581397,-0.012037925958332108,-0.015584757183073618,-0.0034789669423392336,-2.670694414558441,0.65,0.6525876385834194,-0.866025403784439,0.49999999999999933,-0.9680771188662041,-0.2506525322587213,-0.433883739117558,-0.9009688679024191
-0.0017715202003402964,-0.000017324682872129356,0.0017436364012355591,0.012149827187420515,0.4054651081081644,0.65,0.6526325239014319,-0.866025403784439,0.49999999999999933,-0.9987165071710528,-0.05064916883871355,-0.9749279121818236,-0.2225209339563146
0.0017715202003403935,0.001728595934421409,-0.005240140107940315,0.001728595934421409,0.9808292530117262,0.65,0.6527671798554693,-0.866025403784439,0.49999999999999933,-0.8486442574947509,0.5289640103269624,0.7818314824680298,0.6234898018587336
-0.00888898132633596,0.0017256952607076484,-0.012334988511449098,0.0017256952607076484,0.08004270767353636,0.65,0.6528120651734818,-0.866025403784439,0.49999999999999933,-0.7247927872291207,0.6889669190756859,0.9749279121818236,-0.22252093395631434
0.0017841626227588217,0.0438691051433383,-0.0053332985032367684,-0.0017084004990845104,0.8114429052816474,0.65,0.6528569504914943,-0.866025403784439,0.49999999999999933,-0.5712682150947924,0.8207634412072763,0.43388373911755823,-0.900968867902419
0.022908427122626144,-0.054250620182313185,0.022908427122626144,-0.008673114539890262,-3.2902145665021316,0.65,0.6529018358095068,-0.866025403784439,0.49999999999999933,-0.3943558551133187,0.9189578116202306,-0.433883739117558,-0.9009688679024191
-0.0069930290783427355,-0.0069930290783427355,-0.0069930290783427355,-0.0069930290783427355,1.4178997005352216,0.65,0.6529467211275193,-0.866025403784439,0.49999999999999933,-0.20129852008866114,0.9795299412524943,-0.9749279121818236,-0.2225209339563146
-0.03571804913982199,0.0,0.0,-0.017699560667042254,2.0448213410332325,0.65,0.6530813770815567,-0.5000000000000012,0.8660254037844379,0.39435585511331855,0.9189578116202306,0.7818314824680298,0.6234898018587336
-0.08535981118187759,-0.01948682691465822,-0.01948682691465822,-0.07218671762405357,-0.1645084744637324,0.65,0.6531262623995692,-0.5000000000000012,0.8660254037844379,0.5712682150947923,0.8207634412072763,0.9749279121818236,-0.22252093395631434
0.05583740049006683,-0.04015142725397378,-0.04015142725397378,0.024645818459463096,-2.9789251552376097,0.65,0.6531711477175817,-0.5000000000000012,0.8660254037844379,0.72479278722912,0.6889669190756866,0.43388373911755823,-0.900968867902419
-0.112879380644999,-0.04183115401602265,-0.06143960615306762,-0.10660972389634006,4.584525204010803,0.65,0.6532160330355941,-0.5000000000000012,0.8660254037844379,0.8486442574947509,0.5289640103269624,-0.433883739117558,-0.9009688679024191
0.010427662775286402,0.05661884048433701,-0.04661431737964578,0.04481397225386432,-0.8639855971689981,0.65,0.6532609183536066,-0.5000000000000012,0.8660254037844379,0.9377521321470804,0.3473052528448203,-0.9749279121818236,-0.2225209339563146
-0.06426197405255986,0.1175791949391818,0.13922053019655548,-0.03651517764917499,1.1132259091387413,0.65,0.6533955743076441,-0.5000000000000012,0.8660254037844379,0.9680771188662043,-0.2506525322587204,0.7818314824680298,0.6234898018587336
-0.036039901640829694,-0.20776487375053243,-0.14964819297184184,0.028515142611615328,-0.20205077477034264,0.65,0.6534404596256564,-0.5000000000000012,0.8660254037844379,0.8978045395707416,-0.4403941515576344,0.9749279121818236,-0.22252093395631434
0.07082598526626104,-0.03267670646765102,0.006269656748658904,-0.06213182161680555,-0.9834836855740763,0.65,0.6534853449436689,-0.5000000000000012,0.8660254037844379,0.7907757369376989,-0.6121059825476626,0.43388373911755823,-0.900968867902419
0.002134521408939022,0.0366847240351725,-0.004175367253950448,0.002134521408939022,-0.26226012130526344,0.65,0.6535302302616814,-0.5000000000000012,0.8660254037844379,0.6513724827222223,-0.758758122692791,-0.433883739117558,-0.9009688679024191
-0.03030531977610392,-0.05129329438755058,-0.006295972349773998,-0.03030531977610392,0.14576726151941594,0.65,0.6535751155796939,-0.5000000000000012,0.8660254037844379,0.48530196253108104,-0.8743466161445821,-0.9749279121818236,-0.2225209339563146
-0.011049878106334215,-0.016985530028710828,-0.021277377938160005,0.021739965225781453,0.5724466801722348,0.65,0.6537097715337313,-0.5000000000000012,0.8660254037844379,-0.10116832198743204,-0.9948693233918952,0.7818314824680298,0.6234898018587336
0.011049878106334366,0.01487799940183781,-0.017353997639612605,-0.002152902644882432,-1.21381311812635,0.65,0.6537546568517438,-0.5000000000000012,0.8660254037844379,-0.29936312297335776,-0.9541392564000489,0.9749279121818236,-0.22252093395631434
0.010929007880390319,0.00840350297664704,0.01950217292459431,0.010718257195204858,-0.2754119798599665,0.65,0.6537995421697563,-0.5000000000000012,0.8660254037844379,-0.4853019625310808,-0.8743466161445822,0.43388373911755823,-0.900968867902419
0.019376311895713504,-0.019007995737611617,0.006417179265340721,0.0,-8.318742252692399,0.65,0.6538444274877688,-0.5000000000000012,0.8660254037844379,-0.6513724827222217,-0.7587581226927913,-0.433883739117558,-0.9009688679024191
-0.06836109121313949,0.03354609062729154,0.03354609062729154,-0.01071825719520483,9.433483923290392,0.65,0.6538893128057812,-0.5000000000000012,0.8660254037844379,-0.7907757369376986,-0.6121059825476627,-0.9749279121818236,-0.2225209339563146
-0.000022752929154863633,-0.044264347822496324,-0.10192993476958574,-0.0021574446481041364,-0.8964881045779755,0.65,0.6540239687598187,-0.5000000000000012,0.8660254037844379,-0.9987165071710528,-0.05064916883871355,0.7818314824680298,0.6234898018587336
0.038078524366190365,0.02343028058304254,0.05766558694708942,0.012854350698103909,-0.24319620986559884,0.65,0.6540688540778312,-0.5000000000000012,0.8660254037844379,-0.9884683243281114,0.15142777750457667,0.9749279121818236,-0.22252093395631434
-0.03352271228397685,0.14842004665762554,-0.035091286779138975,-0.021531186197504756,2.1040182649261028,0.65,0.6541137393958436,-0.5000000000000012,0.8660254037844379,-0.9377521321470804,0.3473052528448203,0.43388373911755823,-0.900968867902419
0.01578379908985394,-0.1611534211906683,-0.0022346889958830126,-0.02425700663163397,-3.713206146104994,0.65,0.6542035100318686,-0.5000000000000012,0.8660254037844379,-0.7247927872291207,0.6889669190756859,-0.9749279121818236,-0.2225209339563146
0.026491695627516965,-0.019354960750508365,0.026491695627516965,0.026411463188363876,0.7478720802491918,0.65,0.6543381659859061,-0.5000000000000012,0.8660254037844379,-0.20129852008866114,0.9795299412524943,0.7818314824680298,0.6234898018587336
-0.022027406537750822,0.0,0.0,0.000021768890266402636,2.0554125402118353,0.65,0.6543830513039185,-2.4492935982947064e-16,1.0,0.20129852008866006,0.9795299412524945,0.9749279121818236,-0.22252093395631434
-0.06676817090199276,-0.0021762254469963062,-0.022027406537750822,-0.0021762254469963062,0.21414798840563187,0.65,0.654427936621931,-2.4492935982947064e-16,1.0,0.39435585511331855,0.9189578116202306,0.43388373911755823,-0.900968867902419
0.04652008272237256,0.08355580657932038,-0.015712937427571433,0.04473590033427199,0.7282701334944722,0.65,0.6544728219399435,-2.4492935982947064e-16,1.0,0.5712682150947923,0.8207634412072763,-0.433883739117558,-0.9009688679024191
0.021361079865348142,0.0020020485387774287,0.07830087704564367,-0.03390162018676693,-0.1470215561653439,0.65,0.654517707257956,-2.4492935982947064e-16,1.0,0.72479278722912,0.6889669190756866,-0.9749279121818236,-0.2225209339563146
-0.025916891947561863,-0.06028093493665298,-0.04931331551371551,-0.008658054700508611,-0.12314966748092868,0.65,0.6546523632119934,-2.4492935982947064e-16,1.0,0.9884683243281114,0.1514277775045767,0.7818314824680298,0.6234898018587336
0.015855302799962914,-0.023100694734448587,-0.02222322156622745,-0.000021768890266387857,-0.5241430590129196,0.65,0.6546972485300059,-2.4492935982947064e-16,1.0,0.9987165071710528,-0.05064916883871264,0.9749279121818236,-0.22252093395631434
-0.07462661863377457,-0.017544293138656752,-0.02272823013933594,-0.107757079190126,0.40737973381815246,0.65,0.6547421338480184,-2.4492935982947064e-16,1.0,0.9680771188662043,-0.2506525322587204,0.43388373911755823,-0.900968867902419
-0.004854373689207107,-0.015607936307961036,0.022728230139335913,0.004830922540104382,-0.45645414065432216,0.65,0.6547870191660309,-2.4492935982947064e-16,1.0,0.8978045395707416,-0.4403941515576344,-0.433883739117558,-0.9009688679024191
0.033495921942926256,-0.01814107039673549,-0.03661732926852357,0.03550670983375005,-1.4553950699294438,0.65,0.6548319044840433,-2.4492935982947064e-16,1.0,0.7907757369376989,-0.6121059825476626,-0.9749279121818236,-0.2225209339563146
-0.04820205472285078,0.051293299843353284,0.006968717944590699,-0.05989813884298611,2.502303463480927,0.65,0.6549665604380808,-2.4492935982947064e-16,1.0,0.29936312297335804,-0.9541392564000488,0.7818314824680298,0.6234898018587336
0.036367551662784325,-0.046727086089223185,-0.004640374935987326,0.05523613040087208,-0.43588756481824686,0.65,0.6550114457560933,-2.4492935982947064e-16,1.0,0.10116832198743272,-0.994869323391895,0.9749279121818236,-0.22252093395631434
-0.011976122653548273,-0.00915337349673065,0.004640374935987388,-0.03084470139163596,-0.3873970523900739,0.65,0.6550563310741057,-2.4492935982947064e-16,1.0,-0.10116832198743204,-0.9948693233918952,0.43388373911755823,-0.900968867902419
0.01197612265354822,0.06883959221632642,0.04967156165839175,0.027333792416264373,-1.2845948597920487,0.65,0.6551012163921182,-2.4492935982947064e-16,1.0,-0.29936312297335776,-0.9541392564000489,-0.433883739117558,-0.9009688679024191
-0.02653947251399646,-0.07807752455392367,-0.07546434689551108,-0.03458901405446224,1.2445156163415068,0.65,0.6551461017101307,-2.4492935982947064e-16,1.0,-0.4853019625310808,-0.8743466161445822,-0.9749279121818236,-0.2225209339563146
-0.007362047842330376,0.03421088374565772,-0.009546602648708631,0.042738643805726874,-0.7255943811776658,0.65,0.655280757664168,-2.4492935982947064e-16,1.0,-0.8978045395707417,-0.44039415155763423,0.7818314824680298,0.6234898018587336
0.07700671850075479,0.1370285800713013,0.0739365966716316,0.08684081526847236,-0.07304658871779987,0.65,0.6553256429821805,-2.4492935982947064e-16,1.0,-0.9680771188662041,-0.2506525322587213,0.9749279121818236,-0.22252093395631434
-0.07454663638894157,-0.12366536503206482,-0.008948597461870753,-0.044694069378855276,0.46962274940871823,0.65,0.655370528300193,-2.4492935982947064e-16,1.0,-0.9987165071710528,-0.05064916883871355,0.43388373911755823,-0.900968867902419
0.07251488961680798,0.08459329843346153,-0.009029398458055615,0.0033388714964170613,-1.5968194484748888,0.65,0.6554154136182055,-2.4492935982947064e-16,1.0,-0.9884683243281114,0.15142777750457667,-0.433883739117558,-0.9009688679024191
0.07352998487891808,-0.02657488459885709,0.07005055167796581,0.04984780976001715,1.5858066486394868,0.65,0.6555949548902554,-2.4492935982947064e-16,1.0,-0.5712682150947924,0.8207634412072763,0.7818314824680298,0.6234898018587336
-0.06694760910973835,0.020661872724274735,-0.04984780976001703,-0.012766118518452045,0.05038612649527491,0.65,0.6556398402082679,-2.4492935982947064e-16,1.0,-0.3943558551133187,0.9189578116202306,0.9749279121818236,-0.22252093395631434
0.02167039636121391,0.0,0.03708169124156509,0.0021176903535502925,-0.29631580765778104,0.65,0.6556847255262804,-2.4492935982947064e-16,1.0,-0.20129852008866114,0.9795299412524943,0.43388373911755823,-0.900968867902419
-0.0003333066026729112,0.0020429483961007366,0.016985530028710668,0.045958446207932525,-0.235534004099886,0.65,0.6557296108442928,-2.4492935982947064e-16,1.0,-2.4492935982947064e-16,1.0,-0.433883739117558,-0.9009688679024191
0.013267173566811032,-0.014388772710688592,0.0,-0.043802629920609674,-0.09659672132979007,0.6666666666666666,0.6559091521163428,0.49999999999999994,0.8660254037844387,0.72479278722912,0.6889669190756866,0.7818314824680298,0.6234898018587336
-0.0022172954604768617,-0.012521144018318749,-0.013778714569709504,-0.03030531977610392,-0.5777669403024326,0.6666666666666666,0.6559540374343553,0.49999999999999994,0.8660254037844387,0.8486442574947509,0.5289640103269624,0.9749279121818236,-0.22252093395631434
-0.011049878106334215,-0.03626902508731591,-0.029238628594231934,-0.011049878106334215,1.5888865981102123,0.6666666666666666,0.6559989227523677,0.49999999999999994,0.8660254037844387,0.9377521321470804,0.3473052528448203,0.43388373911755823,-0.900968867902419
-0.02702864625985619,0.04879016910563459,-0.01773891319412298,0.06661967544525037,-0.32169847754591346,0.6666666666666666,0.6560438080703802,0.49999999999999994,0.8660254037844387,0.9884683243281114,0.1514277775045767,-0.433883739117558,-0.9009688679024191
0.015855302799962914,-0.007272727622085885,0.037325975775021905,-0.03814017940612108,-1.4740238709949611,0.6666666666666666,0.6560886933883927,0.49999999999999994,0.8660254037844387,0.9987165071710528,-0.05064916883871264,-0.9749279121818236,-0.2225209339563146
0.004484308372104462,-0.02214112958783527,0.004301077929864145,-0.015234281837454955,0.12091292866531102,0.6666666666666666,0.6562233493424301,0.49999999999999994,0.8660254037844387,0.7907757369376989,-0.6121059825476626,0.7818314824680298,0.6234898018587336
-0.02033961117206747,-0.007490638858071807,-0.012959132630372643,0.0010959156035855017,0.12638788284990185,0.6666666666666666,0.6562682346604426,0.49999999999999994,0.8660254037844387,0.6513724827222223,-0.758758122692791,0.9749279121818236,-0.22252093395631434
0.015832907274952297,-0.03164475153620199,-0.021978885986724647,-0.012121322317095503,-1.7639966722506986,0.6666666666666666,0.6563131199784551,0.49999999999999994,0.8660254037844387,0.48530196253108104,-0.8743466161445821,0.43388373911755823,-0.900968867902419
0.011195738984903992,0.04126526386968787,0.017621584691752644,0.015401777203588247,1.3133395699511607,0.6666666666666666,0.6563580052964676,0.49999999999999994,0.8660254037844387,0.29936312297335804,-0.9541392564000488,-0.433883739117558,-0.9009688679024191
0.0,-0.017167787811240575,0.008695698854858828,0.008695698854858828,1.1089315088453544,0.6666666666666666,0.6564028906144801,0.49999999999999994,0.8660254037844387,0.10116832198743272,-0.994869323391895,-0.9749279121818236,-0.2225209339563146
-0.017937683425593903,0.0256424070967911,0.015037914335826527,-0.04425496697220552,0.49604004778889094,0.6666666666666666,0.65658243188653,0.49999999999999994,0.8660254037844387,-0.6513724827222217,-0.7587581226927913,0.9749279121818236,-0.22252093395631434
-0.0022650584923549115,-0.04973988315523831,-0.05252854134233134,0.002259831956616852,-0.3151982502756291,0.6666666666666666,0.6566273172045425,0.49999999999999994,0.8660254037844387,-0.7907757369376986,-0.6121059825476627,0.43388373911755823,-0.900968867902419
0.004502393814451156,-0.004444553486186869,0.004484308372104462,0.0,0.25688149042408104,0.6666666666666666,0.6566722025225549,0.49999999999999994,0.8660254037844387,-0.8978045395707417,-0.44039415155763423,-0.433883739117558,-0.9009688679024191
-0.03209032462491909,-0.020248088179620077,-0.01578379908985382,-0.026997758588114817,0.5463326927482957,0.6666666666666666,0.6567170878405674,0.49999999999999994,0.8660254037844387,-0.9680771188662041,-0.2506525322587213,-0.9749279121818236,-0.2225209339563146
0.0038387754554350434,-0.0068415796789861386,-0.009132474615119266,0.01333839068442979,-0.4161817927969467,0.6666666666666666,0.6568517437946049,0.49999999999999994,0.8660254037844387,-0.9377521321470804,0.3473052528448203,0.7818314824680298,0.6234898018587336
-0.0038387754554349697,0.0315342213447932,0.015927457323784706,-0.01148473541116406,-0.2530912023124089,0.6666666666666666,0.6568966291126173,0.49999999999999994,0.8660254037844387,-0.8486442574947509,0.5289640103269624,0.9749279121818236,-0.22252093395631434
0.0,0.027339044134573193,-0.03211282125943964,0.016073754681327504,-0.37700901570552536,0.6666666666666666,0.6569415144306298,0.49999999999999994,0.8660254037844387,-0.7247927872291207,0.6889669190756859,0.43388373911755823,-0.900968867902419
-0.01645164571755654,-0.04976159354068627,-0.01645164571755654,-0.00915337349673065,-0.5197221983527399,0.6666666666666666,0.6569863997486423,0.49999999999999994,0.8660254037844387,-0.5712682150947924,0.8207634412072763,-0.433883739117558,-0.9009688679024191
0.02110281250914685,-0.002270092259693771,0.03263700965321155,-0.004608298782495437,0.5632704435984753,0.6666666666666666,0.6570312850666548,0.49999999999999994,0.8660254037844387,-0.3943558551133187,0.9189578116202306,-0.9749279121818236,-0.2225209339563146
-0.011668676830039679,0.02024808817962006,-0.023202873974104168,0.011481226121868266,1.5686105373897283,0.6666666666666666,0.6571659410206921,0.8660254037844386,0.5000000000000001,0.20129852008866006,0.9795299412524945,0.7818314824680298,0.6234898018587336
0.03233534858922351,-0.019112343760518655,0.03233534858922351,0.0056915565013150446,-2.2292345262441136,0.6666666666666666,0.6572108263387046,0.8660254037844386,0.5000000000000001,0.39435585511331855,0.9189578116202306,0.9749279121818236,-0.22252093395631434
-0.034685579662306086,-0.010268219034220719,-0.029990739824956984,-0.02528873381808129,-0.5108256237659907,0.6666666666666666,0.6572557116567171,0.8660254037844386,0.5000000000000001,0.5712682150947923,0.8207634412072763,0.43388373911755823,-0.900968867902419
-0.014218235345845086,0.013667625367167828,0.0231491601459708,-0.024750825609171297,-0.7994340510779023,0.6666666666666666,0.6573005969747296,0.8660254037844386,0.5000000000000001,0.72479278722912,0.6889669190756866,-0.433883739117558,-0.9009688679024191
0.002383732285778579,-0.025201822511232493,-0.03967850304338648,0.01891307518319421,1.3927608963556368,0.6666666666666666,0.657345482292742,0.8660254037844386,0.5000000000000001,0.8486442574947509,0.5289640103269624,-0.9749279121818236,-0.2225209339563146
0.03509134330078612,0.00923793233759718,0.03509134330078612,0.01856200040337034,-1.9796212063976248,0.6666666666666666,0.6574801382467795,0.8660254037844386,0.5000000000000001,0.9987165071710528,-0.05064916883871264,0.7818314824680298,0.6234898018587336
-0.06899286365711291,0.008013854843641786,-0.035091343300786115,0.0,3.7118632905043114,0.6666666666666666,0.657525023564792,0.8660254037844386,0.5000000000000001,0.9680771188662043,-0.2506525322587204,0.9749279121818236,-0.22252093395631434
0.021925397702778536,-0.0011409275042689863,-0.009569442282869082,0.0,-0.8835639612505246,0.6666666666666666,0.6575699088828045,0.8660254037844386,0.5000000000000001,0.8978045395707416,-0.4403941515576344,0.43388373911755823,-0.900968867902419
0.0539403932937071,0.002280446157357698,0.053814159080385796,0.006872927339372961,-0.4170093193515254,0.6666666666666666,0.6576147942008169,0.8660254037844386,0.5000000000000001,0.7907757369376989,-0.6121059825476626,-0.433883739117558,-0.9009688679024191
-0.08080406798567923,0.020293854010592728,0.0090703486335215,-0.009174367245604869,0.9324547970118083,0.6666666666666666,0.6576596795188294,0.8660254037844386,0.5000000000000001,0.6513724827222223,-0.758758122692791,-0.9749279121818236,-0.2225209339563146
0.04121797422458989,-0.018018488085736913,-0.011350794790879137,0.009174367245604971,-1.1101525854069756,0.6666666666666666,0.6578392207908793,0.8660254037844386,0.5000000000000001,-0.10116832198743204,-0.9948693233918952,0.9749279121818236,-0.22252093395631434
0.018824067292528796,-0.0022753659248559086,-0.020762026468560547,0.0,-1.7227665977411035,0.6666666666666666,0.6578841061088918,0.8660254037844386,0.5000000000000001,-0.29936312297335776,-0.9541392564000489,0.43388373911755823,-0.900968867902419
0.011587659222955694,0.020293854010592728,0.011587659222955694,0.002280446157357698,1.589235205116581,0.6666666666666666,0.6579289914269043,0.8660254037844386,0.5000000000000001,-0.4853019625310808,-0.8743466161445822,-0.433883739117558,-0.9009688679024191
-0.05932937590855061,-0.016882743666635457,-0.016260560497138424,-0.0022804461573577074,-0.8007778447523107,0.6666666666666666,0.6579738767449168,0.8660254037844386,0.5000000000000001,-0.6513724827222217,-0.7587581226927913,-0.9749279121818236,-0.2225209339563146
0.04774171668559502,0.0011343478405923307,0.029990739824956966,-0.004576662532905611,1.7513319675923196,0.6666666666666666,0.6581085326989542,0.8660254037844386,0.5000000000000001,-0.9680771188662041,-0.2506525322587213,0.7818314824680298,0.6234898018587336
0.02304247262591814,0.004524890448971647,0.0022700922596937223,0.007995438813813146,-0.13230382513717423,0.6666666666666666,0.6581534180169667,0.8660254037844386,0.5000000000000001,-0.9987165071710528,-0.05064916883871355,0.9749279121818236,-0.22252093395631434
-0.00915337349673065,-0.004524890448971678,0.0,-0.003418776280907517,-1.5204176296221636,0.6666666666666666,0.6581983033349792,0.8660254037844386,0.5000000000000001,-0.9884683243281114,0.15142777750457667,0.43388373911755823,-0.900968867902419
-0.03747507558656463,-0.01369883168128035,-0.0440395765280245,-0.006872927339372905,0.24433423829384868,0.6666666666666666,0.6582431886529917,0.8660254037844386,0.5000000000000001,-0.9377521321470804,0.3473052528448203,-0.433883739117558,-0.9009688679024191
-0.026603777873906654,0.029447227507323485,0.018779988726159942,-0.044660785583655126,1.4846058974468765,0.6666666666666666,0.6582880739710041,0.8660254037844386,0.5000000000000001,-0.8486442574947509,0.5289640103269624,-0.9749279121818236,-0.2225209339563146
0.026603777873906706,-0.015748395826043118,0.025259587801864512,0.04695705039012237,-0.8718643936515853,0.6666666666666666,0.6584227299250416,1.0,6.123233995736766e-17,0.20129852008866006,0.9795299412524945,0.7818314824680298,0.6234898018587336
-0.009592390367769748,0.017977995919926253,-0.06076629763561464,0.029380562794739405,0.4657777928442347,0.6666666666666666,0.6584676152430541,1.0,6.123233995736766e-17,0.39435585511331855,0.9189578116202306,0.9749279121818236,-0.22252093395631434
0.03782953361673704,-0.01345310547095458,0.06529118808458645,-0.02252345410447606,-2.209921408130626,0.6666666666666666,0.6585125005610665,1.0,6.123233995736766e-17,0.5712682150947923,0.8207634412072763,0.43388373911755823,-0.900968867902419
-0.01404246954615978,-0.022832020912747542,-0.027461654467849275,-0.03241021373745007,1.9740810260220096,0.6666666666666666,0.658557385879079,1.0,6.123233995736766e-17,0.72479278722912,0.6889669190756866,-0.433883739117558,-0.9009688679024191
-0.004669751239585873,0.01830713046377583,0.022936764018877544,0.023256840240719442,-2.82974713607973,0.6666666666666666,0.6586022711970915,1.0,6.123233995736766e-17,0.8486442574947509,0.5289640103269624,-0.9749279121818236,-0.2225209339563146
0.03824185674362334,0.017977995919926253,0.015748395826043066,0.010291703620280515,3.1509244276653052,0.6666666666666666,0.6587369271511289,1.0,6.123233995736766e-17,0.9987165071710528,-0.05064916883871264,0.7818314824680298,0.6234898018587336
-0.03119831278791737,-0.008948597461870753,-0.015748395826043118,0.01243652651905536,-1.1330454475298803,0.6666666666666666,0.6587818124691414,1.0,6.123233995736766e-17,0.9680771188662043,-0.2506525322587204,0.9749279121818236,-0.22252093395631434
0.009345853047052682,-0.009029398458055615,0.0,-0.011299490717749354,1.7446881897696709,0.6666666666666666,0.6588266977871539,1.0,6.123233995736766e-17,0.8978045395707416,-0.4403941515576344,0.43388373911755823,-0.900968867902419
-0.0018622849500479605,0.015748395826043066,0.0,0.018018488085736917,0.5604897228828964,0.6666666666666666,0.6588715831051664,1.0,6.123233995736766e-17,0.7907757369376989,-0.6121059825476626,-0.433883739117558,-0.9009688679024191
0.03615127120996808,0.047939417449757826,0.009029398458055669,0.01550422419823984,-0.5837080129849036,0.6666666666666666,0.6589164684231789,1.0,6.123233995736766e-17,0.6513724827222223,-0.758758122692791,-0.9749279121818236,-0.2225209339563146
0.022223221566227525,-0.006403380116287184,0.02660918915239631,0.015267405440277368,0.3006430173634263,0.6666666666666666,0.6590511243772162,1.0,6.123233995736766e-17,0.10116832198743272,-0.994869323391895,0.7818314824680298,0.6234898018587336
-0.005399246215412999,-0.017279030701836683,-0.0043859675861688515,-0.015267405440277368,-0.2569794264212683,0.6666666666666666,0.6590960096952287,1.0,6.123233995736766e-17,-0.10116832198743204,-0.9948693233918952,0.9749279121818236,-0.22252093395631434
0.00978521380158189,0.009756191083009208,0.00438596758616891,0.015267405440277368,-2.521881252579362,0.6666666666666666,0.6591408950132412,1.0,6.123233995736766e-17,-0.29936312297335776,-0.9541392564000489,0.43388373911755823,-0.900968867902419
-0.00989564424121248,-0.016291678055926486,-0.006586238817937466,-0.015267405440277368,0.22154226994723591,0.6666666666666666,0.6591857803312537,1.0,6.123233995736766e-17,-0.4853019625310808,-0.8743466161445822,-0.433883739117558,-0.9009688679024191
-0.02801303562893325,0.004354411124941643,-0.011074352872588102,-0.03352271228397685,2.0310819738930377,0.6666666666666666,0.6592306656492661,1.0,6.123233995736766e-17,-0.6513724827222217,-0.7587581226927913,-0.9749279121818236,-0.2225209339563146
0.0045351507520485805,-0.002185738999249642,-0.004464289089766179,0.018018488085736917,-1.1971514478327816,0.6666666666666666,0.6593653216033036,1.0,6.123233995736766e-17,-0.9680771188662041,-0.2506525322587213,0.7818314824680298,0.6234898018587336
-0.0439377157833952,-0.03111369716148012,-0.05518636412120036,-0.02029385401059286,0.021121078988613564,0.6666666666666666,0.6594102069213161,1.0,6.123233995736766e-17,-0.9987165071710528,-0.05064916883871355,0.9749279121818236,-0.22252093395631434
0.0023612176950147377,-0.004524890448971678,0.011751061047061695,0.0,3.300127042554245,0.6666666666666666,0.6594550922393285,1.0,6.123233995736766e-17,-0.9884683243281114,0.15142777750457667,0.43388373911755823,-0.900968867902419
-0.0023612176950148535,0.009029398458055669,0.0299215962439787,-0.020714129617314878,-0.9511128058414031,0.6666666666666666,0.659499977557341,1.0,6.123233995736766e-17,-0.9377521321470804,0.3473052528448203,-0.433883739117558,-0.9009688679024191
-0.011890792097936028,-0.020431965332868635,-0.022936764018877554,-0.002328343008603325,-0.29858445247378057,0.6666666666666666,0.6595448628753535,1.0,6.123233995736766e-17,-0.8486442574947509,0.5289640103269624,-0.9749279121818236,-0.2225209339563146
0.025975518578508328,0.004576662532905499,0.002317551153000248,0.011587659222955694,0.5950326395733269,0.6666666666666666,0.6596795188293909,1.0,6.123233995736766e-17,-0.3943558551133187,0.9189578116202306,0.7818314824680298,0.6234898018587336
-0.021202244171598425,0.0,-0.004640374935987326,-0.03278990339455414,-0.2724286060760551,0.6666666666666666,0.6597244041474034,1.0,6.123233995736766e-17,-0.20129852008866114,0.9795299412524943,0.9749279121818236,-0.22252093395631434
-0.016807045193652587,-0.04196427064015899,-0.035506709833750066,-0.014388724288892547,2.0938660434388057,0.6666666666666666,0.6597692894654159,1.0,6.123233995736766e-17,-2.4492935982947064e-16,1.0,0.43388373911755823,-0.900968867902419
-0.019535899620926923,0.0,-0.0024126016353442597,0.0,-1.0222125341919799,0.6666666666666666,0.6598141747834284,0.8660254037844387,-0.4999999999999998,0.20129852008866006,0.9795299412524945,-0.433883739117558,-0.9009688679024191
0.0171116005228333,0.004750598454041804,0.0,0.007220298519253612,-1.651603579765925,0.6666666666666666,0.6599937160554783,0.8660254037844387,-0.4999999999999998,0.8486442574947509,0.5289640103269624,0.7818314824680298,0.6234898018587336
-0.0073326116025250665,0.0,0.0024126016353443634,-0.007220298519253685,0.5215367613954144,0.6666666666666666,0.6600386013734908,0.8660254037844387,-0.4999999999999998,0.9377521321470804,0.3473052528448203,0.9749279121818236,-0.22252093395631434
0.000024483380274567924,-0.007134330739820362,0.0,0.007220298519253612,-1.0521687936119333,0.6666666666666666,0.6600834866915033,0.8660254037844387,-0.4999999999999998,0.9884683243281114,0.1514277775045767,0.43388373911755823,-0.900968867902419
0.0,-0.007185709997090511,-0.0024126016353442597,-0.007220298519253685,0.6573198164195875,0.6666666666666666,0.6601283720095157,0.8660254037844387,-0.4999999999999998,0.9987165071710528,-0.05064916883871264,-0.433883739117558,-0.9009688679024191
0.002441943087650178,0.033100029463070925,-0.009708805137453664,0.0215062419799186,0.2410835320357355,0.6666666666666666,0.6601732573275282,0.8660254037844387,-0.4999999999999998,0.9680771188662043,-0.2506525322587204,-0.9749279121818236,-0.2225209339563146
0.028871856463365746,0.04323758372179095,0.06377603246973265,0.0596506532109666,0.19640922544956071,0.6666666666666666,0.6603079132815657,0.8660254037844387,-0.4999999999999998,0.6513724827222223,-0.758758122692791,0.7818314824680298,0.6234898018587336
0.04401584794504685,0.019846330689775163,0.02038579166546013,0.01766059169052551,-0.6162164106138516,0.6666666666666666,0.6603527985995781,0.8660254037844387,-0.4999999999999998,0.48530196253108104,-0.8743466161445821,0.9749279121818236,-0.22252093395631434
0.009029398458055669,0.05727970381797687,0.06929181581121821,0.021645845549061918,0.0614817948375239,0.6666666666666666,0.6603976839175906,0.8660254037844387,-0.4999999999999998,0.29936312297335804,-0.9541392564000488,0.43388373911755823,-0.900968867902419
0.013393150948057493,0.0020597800984979817,-0.004192874068577021,-0.023836477039890717,-0.32749326629446773,0.6666666666666666,0.6604425692356031,0.8660254037844387,-0.4999999999999998,0.10116832198743272,-0.994869323391895,-0.433883739117558,-0.9009688679024191
-0.0011092878010480678,0.01834907266380092,-0.04732071267690715,0.03660259555834282,0.5153367926515329,0.6666666666666666,0.6604874545536156,0.8660254037844387,-0.4999999999999998,-0.10116832198743204,-0.9948693233918952,-0.9749279121818236,-0.2225209339563146
0.0381101567863829,-0.04546233151201146,0.03250559100787245,-0.006362738402164858,-0.9729653814712756,0.6666666666666666,0.660622110507653,0.8660254037844387,-0.4999999999999998,-0.6513724827222217,-0.7587581226927913,0.7818314824680298,0.6234898018587336
-0.034786083625431376,0.012605196922655411,0.004255321468759127,-0.008547052740754846,1.0082803887118705,0.6666666666666666,0.6606669958256655,0.8660254037844387,-0.4999999999999998,-0.7907757369376986,-0.6121059825476627,0.9749279121818236,-0.22252093395631434
0.03905047850978422,0.030834939323973506,0.01892804152280303,0.04407849820196482,-1.2606748067674136,0.6666666666666666,0.660711881143678,0.8660254037844387,-0.4999999999999998,-0.8978045395707417,-0.44039415155763423,0.43388373911755823,-0.900968867902419
0.025211495542775488,0.08903362844794403,0.010362727635729298,0.09194449807801039,1.8018737565249914,0.6666666666666666,0.6607567664616905,0.8660254037844387,-0.4999999999999998,-0.9680771188662041,-0.2506525322587213,-0.433883739117558,-0.9009688679024191
0.06427908981460656,0.08855339584478109,0.060018047907588745,0.0776336655410312,-0.7280553893138478,0.6666666666666666,0.6608016517797028,0.8660254037844387,-0.4999999999999998,-0.9987165071710528,-0.05064916883871355,-0.9749279121818236,-0.2225209339563146
0.07854504447953313,0.008438820425613164,0.13085788115051486,-0.037073979243336455,-0.9728543943769674,0.6666666666666666,0.6609363077337403,0.8660254037844387,-0.4999999999999998,-0.8486442574947509,0.5289640103269624,0.7818314824680298,0.6234898018587336
-0.06692025236291191,-0.003367003439580308,-0.09089061435199339,-0.003603604097584269,0.31089362657283304,0.6666666666666666,0.6609811930517528,0.8660254037844387,-0.4999999999999998,-0.7247927872291207,0.6889669190756859,0.9749279121818236,-0.22252093395631434
0.005733436115640082,-0.011874557688728993,0.08576682297608462,-0.02189866434552886,-0.16754436658508665,0.6666666666666666,0.6610260783697653,0.8660254037844387,-0.4999999999999998,-0.5712682150947924,0.8207634412072763,0.43388373911755823,-0.900968867902419
0.024552718268344466,-0.005132639096988097,-0.043751508504609876,0.03268863241714346,0.3762291548878391,0.6666666666666666,0.6610709636877777,0.8660254037844387,-0.4999999999999998,-0.3943558551133187,0.9189578116202306,-0.433883739117558,-0.9009688679024191
-0.009372175514247709,-0.020797956927311352,-0.018051100632831045,-0.04943323808137976,-0.5473862426069076,0.6666666666666666,0.6611158490057902,0.8660254037844387,-0.4999999999999998,-0.20129852008866114,0.9795299412524943,-0.9749279121818236,-0.2225209339563146
-0.12202935634374021,-0.05441367252592864,-0.03333638935289141,-0.08207731313422682,1.4115906764385517,0.6666666666666666,0.6612505049598277,0.5000000000000003,-0.8660254037844385,0.5712682150947923,0.8207634412072763,0.7818314824680298,0.6234898018587336
-0.03684048232387578,-0.05075230433121261,-0.032538770986358045,-0.08055192491921472,-0.267396663887996,0.6666666666666666,0.6612953902778401,0.5000000000000003,-0.8660254037844385,0.72479278722912,0.6889669190756866,0.9749279121818236,-0.22252093395631434
0.006929546882486437,-0.0216330276684599,-0.08312784695521729,0.09068376261750753,-0.9248698898158715,0.6666666666666666,0.6613402755958526,0.5000000000000003,-0.8660254037844385,0.8486442574947509,0.5289640103269624,0.43388373911755823,-0.900968867902419
0.10765971387916014,0.14243792461464594,0.07138604003560604,0.08128264701748097,1.6416727242317313,0.6666666666666666,0.6613851609138651,0.5000000000000003,-0.8660254037844385,0.9377521321470804,0.3473052528448203,-0.433883739117558,-0.9009688679024191
-0.02088589513067429,-0.06224237675976493,0.053652753420216845,-0.02255732518196432,-1.5913582897085696,0.6666666666666666,0.6614300462318776,0.5000000000000003,-0.8660254037844385,0.9884683243281114,0.1514277775045767,-0.9749279121818236,-0.2225209339563146
-0.01519012686190104,0.0208814213317816,-0.07353410512553517,-0.06682252425215848,-0.09146852878818748,0.6666666666666666,0.661564702185915,0.5000000000000003,-0.8660254037844385,0.8978045395707416,-0.4403941515576344,0.7818314824680298,0.6234898018587336
0.0,-0.0713058819517529,-0.012121348855462816,0.0040567967718039485,0.3177883030704887,0.6666666666666666,0.6616095875039275,0.5000000000000003,-0.8660254037844385,0.7907757369376989,-0.6121059825476626,0.9749279121818236,-0.22252093395631434
-0.041672756445195636,-0.05188256704684203,-0.02053458233421425,-0.03292475238659616,1.0117586425301457,0.6666666666666666,0.66165447282194,0.5000000000000003,-0.8660254037844385,0.6513724827222223,-0.758758122692791,0.43388373911755823,-0.900968867902419
0.005305072627996198,0.03200270056078125,0.0062047216091018825,-0.01157304963420134,-0.4474271317831792,0.6666666666666666,0.6616993581399525,0.5000000000000003,-0.8660254037844385,0.48530196253108104,-0.8743466161445821,-0.433883739117558,-0.9009688679024191
0.005277077284427325,-0.009891220748848736,-0.020834067239453857,0.026111144523881125,-0.8302922545451116,0.6666666666666666,0.6617442434579649,0.5000000000000003,-0.8660254037844385,0.29936312297335804,-0.9541392564000488,-0.9749279121818236,-0.2225209339563146
-0.15450157641480464,0.007920825638302497,0.02083406723945392,-0.125025626671657,1.6794648574615407,0.6666666666666666,0.6618788994120024,0.5000000000000003,-0.8660254037844385,-0.29936312297335776,-0.9541392564000489,0.7818314824680298,0.6234898018587336
0.029057705958735174,-0.16474907207111117,-0.1367766877187187,-0.009389843352046762,-1.022968704674553,0.6666666666666666,0.6619237847300149,0.5000000000000003,-0.8660254037844385,-0.4853019625310808,-0.8743466161445822,0.9749279121818236,-0.22252093395631434
-0.016847612005967582,0.023012783208391816,0.01408472648057228,-0.011862467671819492,-0.921893897290844,0.6666666666666666,0.6619686700480273,0.5000000000000003,-0.8660254037844385,-0.6513724827222217,-0.7587581226927913,0.43388373911755823,-0.900968867902419
-0.04213754459965554,-0.0022753659248559086,-0.035590968460491,-0.021713797140567672,0.7703513607926242,0.6666666666666666,0.6620135553660398,0.5000000000000003,-0.8660254037844385,-0.7907757369376986,-0.6121059825476627,-0.433883739117558,-0.9009688679024191
0.0025284439146058177,-0.011454813402962514,-0.044451720687903346,0.014528087143477182,-0.9854098102143062,0.6666666666666666,0.6620584406840523,0.5000000000000003,-0.8660254037844385,-0.8978045395707417,-0.44039415155763423,-0.9749279121818236,-0.2225209339563146
0.01503786298681836,-0.025696058750344895,0.01503786298681836,0.016663286927078254,-0.37856770774636483,0.6666666666666666,0.6621930966380897,0.5000000000000003,-0.8660254037844385,-0.9884683243281114,0.15142777750457667,0.7818314824680298,0.6234898018587336
0.014815071830292343,0.016436742535992678,0.029413857701085115,-0.03119137407055542,0.9606303068672414,0.6666666666666666,0.6622379819561022,0.5000000000000003,-0.8660254037844385,-0.9377521321470804,0.3473052528448203,0.9749279121818236,-0.22252093395631434
-0.012330541696358261,0.06089817541231648,0.09881748688141072,0.04062687232376183,-0.2341346210094312,0.6666666666666666,0.6622828672741147,0.5000000000000003,-0.8660254037844385,-0.8486442574947509,0.5289640103269624,0.43388373911755823,-0.900968867902419
0.046068650310085356,0.08390655542479968,0.07785210031414275,0.029990739824956966,-0.629611836232804,0.6666666666666666,0.6623277525921272,0.5000000000000003,-0.8660254037844385,-0.7247927872291207,0.6889669190756859,-0.433883739117558,-0.9009688679024191
0.03034074484674425,-0.04319311871954797,-0.0822380679003116,-0.011428739421586523,-0.21947014594790087,0.6666666666666666,0.6623726379101397,0.5000000000000003,-0.8660254037844385,-0.5712682150947924,0.8207634412072763,-0.9749279121818236,-0.2225209339563146
-0.06163081581478262,-0.06507790458892326,-0.1017042138892091,-0.0034542041447768257,1.1393676142993772,0.6666666666666666,0.6625521791821896,1.2246467991473532e-16,-1.0,0.20129852008866006,0.9795299412524945,0.9749279121818236,-0.22252093395631434
0.07078418931151319,0.09204350159811561,0.13200953366531296,0.06367306129061764,-0.4053984392191767,0.6666666666666666,0.6625970645002021,1.2246467991473532e-16,-1.0,0.39435585511331855,0.9189578116202306,0.43388373911755823,-0.900968867902419
0.024748200102498525,-0.03962980804909487,-0.023733613190685406,-0.026317283546611645,0.14652165266276715,0.6666666666666666,0.6626419498182146,1.2246467991473532e-16,-1.0,0.5712682150947923,0.8207634412072763,-0.433883739117558,-0.9009688679024191
0.008849606874565697,0.03962980804909484,0.042741608928297134,0.06245300668267247,-0.08007869611405327,0.6666666666666666,0.662686835136227,1.2246467991473532e-16,-1.0,0.72479278722912,0.6889669190756866,-0.9749279121818236,-0.2225209339563146
-0.017778229065734136,-0.037504360055749884,-0.014752674268852555,-0.060233199194507994,0.1612502294640672,0.6666666666666666,0.6628214910902644,1.2246467991473532e-16,-1.0,0.9884683243281114,0.1514277775045767,0.7818314824680298,0.6234898018587336
-0.08902726208022443,-0.03238726499688406,-0.10985283779717045,-0.05937822132811296,-0.8728123975621449,0.6666666666666666,0.662866376408277,1.2246467991473532e-16,-1.0,0.9987165071710528,-0.05064916883871264,0.9749279121818236,-0.22252093395631434
0.019393525088508612,-0.04940330522881824,0.0,-0.02140394534293558,-0.37931367894449436,0.6666666666666666,0.6629112617262893,1.2246467991473532e-16,-1.0,0.9680771188662043,-0.2506525322587204,0.43388373911755823,-0.900968867902419
-0.014528087143477158,-0.0352204973562612,-0.014320040736911007,-0.009661902008876995,0.6425866479843277,0.6666666666666666,0.6629561470443018,1.2246467991473532e-16,-1.0,0.8978045395707416,-0.4403941515576344,-0.433883739117558,-0.9009688679024191
0.02409752942634625,0.07255541649367331,0.035422853246057845,0.07254640972278423,0.38214619751852835,0.6666666666666666,0.6630010323623143,1.2246467991473532e-16,-1.0,0.7907757369376989,-0.6121059825476626,-0.9749279121818236,-0.2225209339563146
-0.009569442282869082,0.0164667164288455,0.045359313424990784,-0.039130331297888905,-0.4278573095919785,0.6666666666666666,0.6631356883163517,1.2246467991473532e-16,-1.0,0.29936312297335804,-0.9541392564000488,0.7818314824680298,0.6234898018587336
-0.004819282006023489,-0.05152315829098178,-0.06409520669715343,0.02090660916763692,-0.30641182049722,0.6666666666666666,0.6631805736343642,1.2246467991473532e-16,-1.0,0.10116832198743272,-0.994869323391895,0.9749279121818236,-0.22252093395631434
0.03325730302698026,0.05152315829098186,0.06851998824296547,0.03833616644729698,-0.35429682153376496,0.6666666666666666,0.6632254589523767,1.2246467991473532e-16,-1.0,-0.10116832198743204,-0.9948693233918952,0.43388373911755823,-0.900968867902419
0.01622276456269838,-0.013186991843684808,-0.013333624121765123,0.0,0.07876288301763154,0.6666666666666666,0.6632703442703892,1.2246467991473532e-16,-1.0,-0.29936312297335776,-0.9541392564000489,-0.433883739117558,-0.9009688679024191
0.0022962648064672646,0.06218508259718244,0.008908842575952997,0.06218508259718244,0.4689053314966729,0.6666666666666666,0.6633152295884017,1.2246467991473532e-16,-1.0,-0.4853019625310808,-0.8743466161445822,-0.9749279121818236,-0.2225209339563146
0.047041154485264955,0.03673879167379839,0.015401777203588247,-0.008350771319909049,0.5388963354599032,0.6666666666666666,0.6634498855424391,1.2246467991473532e-16,-1.0,-0.8978045395707417,-0.44039415155763423,0.7818314824680298,0.6234898018587336
0.006543040294221657,-0.045110556045008264,0.025863486666099427,-0.036290018138616674,-0.7116484412377073,0.6666666666666666,0.6634947708604516,1.2246467991473532e-16,-1.0,-0.9680771188662041,-0.2506525322587213,0.9749279121818236,-0.22252093395631434
-0.07444245998932421,0.004622514752175726,-0.02368241081812387,-0.006543040294221546,-0.2409023502838091,0.6666666666666666,0.6635396561784641,1.2246467991473532e-16,-1.0,-0.9987165071710528,-0.05064916883871355,0.43388373911755823,-0.900968867902419
-0.021302617304325547,-0.0540208189516507,-0.05370423413895745,-0.006586238817937466,0.9642025690144419,0.6666666666666666,0.6635845414964765,1.2246467991473532e-16,-1.0,-0.9884683243281114,0.15142777750457667,-0.433883739117558,-0.9009688679024191
0.0,-0.015538641962354344,0.01142873942158647,-0.06836378838853979,-0.37120718429701216,0.6666666666666666,0.663629426814489,1.2246467991473532e-16,-1.0,-0.9377521321470804,0.3473052528448203,-0.9749279121818236,-0.2225209339563146
0.004773274406909948,-0.022625378768840076,-0.034685579662306086,-0.009478735386040972,-0.4152719360551523,0.6666666666666666,0.6637640827685265,1.2246467991473532e-16,-1.0,-0.5712682150947924,0.8207634412072763,0.7818314824680298,0.6234898018587336
0.00947873538604097,0.024860067764722986,0.048229791648780086,0.028170962116189004,-0.5268960937985997,0.6666666666666666,0.6638089680865389,1.2246467991473532e-16,-1.0,-0.3943558551133187,0.9189578116202306,0.9749279121818236,-0.22252093395631434
-0.043380255742367826,-0.03636760869192046,-0.09396581506517351,-0.04014708476973738,1.1900321959425053,0.6666666666666666,0.6638538534045514,1.2246467991473532e-16,-1.0,-0.20129852008866114,0.9795299412524943,0.43388373911755823,-0.900968867902419
-0.09015107261838545,-0.05961240036070282,0.002460082111813219,-0.026863674691971956,0.4934032259907869,0.6666666666666666,0.6638987387225639,-0.4999999999999997,-0.8660254037844388,0.20129852008866006,0.9795299412524945,-0.433883739117558,-0.9009688679024191
0.10239117409185272,0.019465315590965454,0.014634393050861038,0.022032752151867764,-1.0731577191956416,0.6666666666666666,0.6639436240405764,-0.4999999999999997,-0.8660254037844388,0.39435585511331855,0.9189578116202306,-0.9749279121818236,-0.2225209339563146
-0.02712869987350858,-0.009685296229311491,-0.004854373689207107,-0.029486136286365632,-1.9661128563728327,0.6666666666666666,0.6641231653126263,-0.4999999999999997,-0.8660254037844388,0.9377521321470804,0.3473052528448203,0.9749279121818236,-0.22252093395631434
0.002496937276350143,0.0048543736892072385,-0.022141163107117872,0.029486136286365688,0.6931471805599453,0.6666666666666666,0.6641680506306388,-0.4999999999999997,-0.8660254037844388,0.9884683243281114,0.1514277775045767,0.43388373911755823,-0.900968867902419
-0.005000065104307433,-0.017094475162674334,-0.007490664594348024,-0.017094475162674334,-0.8472978603872037,0.6666666666666666,0.6642129359486513,-0.4999999999999997,-0.8660254037844388,0.9987165071710528,-0.05064916883871264,-0.433883739117558,-0.9009688679024191
0.022305736424640583,0.004914010196641713,0.022305736424640583,0.004914010196641713,-1.791759469228055,0.6666666666666666,0.6642578212666638,-0.4999999999999997,-0.8660254037844388,0.9680771188662043,-0.2506525322587204,-0.9749279121818236,-0.2225209339563146
-0.03238137873171657,0.021819084390046217,0.021819084390046217,0.012180464966032653,3.467609147181407,0.6666666666666666,0.6643924772207012,-0.4999999999999997,-0.8660254037844388,0.6513724827222223,-0.758758122692791,0.7818314824680298,0.6234898018587336
0.044537597447286296,0.03302183673282779,-0.002401016513230197,0.04266045615684141,0.6522407054490557,0.6666666666666666,0.6644373625387137,-0.4999999999999997,-0.8660254037844388,0.48530196253108104,-0.8743466161445821,0.9749279121818236,-0.22252093395631434
-0.01707022891221138,-0.014018907903122324,-0.007237602910783485,-0.014018907903122324,0.9105880687619731,0.6666666666666666,0.6644822478567262,-0.4999999999999997,-0.8660254037844388,0.29936312297335804,-0.9541392564000488,0.43388373911755823,-0.900968867902419
0.02673309458668794,0.018648541458224085,0.03099177932680167,0.018648541458224085,-1.62924053973028,0.6666666666666666,0.6645271331747385,-0.4999999999999997,-0.8660254037844388,0.10116832198743272,-0.994869323391895,-0.433883739117558,-0.9009688679024191
-0.05167201920715698,0.006904563588962702,-0.07302517910994506,-0.03048304451829067,0.26696903085423934,0.6666666666666666,0.664572018492751,-0.4999999999999997,-0.8660254037844388,-0.10116832198743204,-0.9948693233918952,-0.9749279121818236,-0.2225209339563146
0.01005032622042762,-0.004597704712699258,0.05406717056988598,0.0,0.5945134645249207,0.6666666666666666,0.6647066744467885,-0.4999999999999997,-0.8660254037844388,-0.6513724827222217,-0.7587581226927913,0.7818314824680298,0.6234898018587336
0.04879011875636829,0.029513978417672296,0.04901799120442654,0.03738760810725329,-1.3612582829585658,0.6666666666666666,0.6647515597648009,-0.4999999999999997,-0.8660254037844388,-0.7907757369376986,-0.6121059825476627,0.9749279121818236,-0.22252093395631434
0.021202244171598352,-0.0067339723568613785,-0.02301913121905056,0.018182301348111794,-1.1966735018443244,0.6666666666666666,0.6647964450828134,-0.4999999999999997,-0.8660254037844388,-0.8978045395707417,-0.44039415155763423,0.43388373911755823,-0.900968867902419
0.027587930810468075,0.1864421537506028,0.041056000913467096,0.13268646212972682,4.582496896827479,0.6666666666666666,0.6648413304008259,-0.4999999999999997,-0.8660254037844388,-0.9680771188662041,-0.2506525322587213,-0.433883739117558,-0.9009688679024191
0.08474130279194894,0.012999286445701579,0.07748038550044116,-0.013902939027250559,0.1880644534762943,0.6666666666666666,0.6648862157188384,-0.4999999999999997,-0.8660254037844388,-0.9987165071710528,-0.05064916883871355,-0.9749279121818236,-0.2225209339563146
-0.025317884400500992,-0.1167411242043023,-0.004149379647108837,-0.04290750897515387,-1.5774696425912869,0.6666666666666666,0.6650208716728758,-0.4999999999999997,-0.8660254037844388,-0.8486442574947509,0.5289640103269624,0.7818314824680298,0.6234898018587336
0.021142517146550494,0.11489435932997803,0.004149379647108779,0.008316048409686833,1.9060982163900944,0.6666666666666666,0.6650657569908883,-0.4999999999999997,-0.8660254037844388,-0.7247927872291207,0.6889669190756859,0.9749279121818236,-0.22252093395631434
-0.00945883556094273,-0.09189640336298376,-0.0188093644489565,0.014388772710688516,-0.3553967840612807,0.6666666666666666,0.6651106423089008,-0.4999999999999997,-0.8660254037844388,-0.5712682150947924,0.8207634412072763,0.43388373911755823,-0.900968867902419
0.00945883556094272,0.024994020819889204,0.02705682617565947,0.008130118203598047,-0.3598592344563838,0.6666666666666666,0.6651555276269133,-0.4999999999999997,-0.8660254037844388,-0.3943558551133187,0.9189578116202306,-0.433883739117558,-0.9009688679024191
0.032924752386596125,0.07059242022182079,0.05006050310433795,0.0,-0.7739992771890402,0.6666666666666666,0.6652004129449257,-0.4999999999999997,-0.8660254037844388,-0.20129852008866114,0.9795299412524943,-0.9749279121818236,-0.2225209339563146
0.02794590378897739,0.0012882986456966275,0.034552439846111165,0.03772081886810281,-0.12450751270596735,0.6666666666666666,0.6653350688989632,-0.8660254037844385,-0.5000000000000004,0.39435585511331855,0.9189578116202306,0.7818314824680298,0.6234898018587336
-0.015873334137796888,0.007859430338778978,-0.026770306623611247,-0.017680087136589206,0.6651832061826568,0.6666666666666666,0.6653799542169757,-0.8660254037844385,-0.5000000000000004,0.5712682150947923,0.8207634412072763,0.9749279121818236,-0.22252093395631434
0.011928559556882547,0.0007479679459258799,-0.01957007793119124,0.0503007820313521,-0.1930578739097303,0.6666666666666666,0.6654248395349881,-0.8660254037844385,-0.5000000000000004,0.72479278722912,0.6889669190756866,0.43388373911755823,-0.900968867902419
0.015686581500525463,0.05774576175247193,0.07791210608671789,0.014981538899453396,2.38589971105092,0.6666666666666666,0.6654697248530006,-0.8660254037844385,-0.5000000000000004,0.8486442574947509,0.5289640103269624,-0.433883739117558,-0.9009688679024191
0.009680654711425497,-0.03147109853662137,-0.01287960684683681,0.03829091901835007,-1.1471876531374352,0.6666666666666666,0.6655146101710131,-0.8660254037844385,-0.5000000000000004,0.9377521321470804,0.3473052528448203,-0.9749279121818236,-0.2225209339563146
0.058014384035491466,0.04684290459706267,0.01834912100756125,0.03687863597410552,-2.046251690797595,0.6666666666666666,0.6656492661250505,-0.8660254037844385,-0.5000000000000004,0.9680771188662043,-0.2506525322587204,0.7818314824680298,0.6234898018587336
0.0,0.0,0.044451762570833796,0.008583694503945657,0.6687778503400627,0.6666666666666666,0.665694151443063,-0.8660254037844385,-0.5000000000000004,0.8978045395707416,-0.4403941515576344,0.9749279121818236,-0.22252093395631434
0.044451762570833796,0.016807102152409884,0.008658095628435286,0.025317824286415054,-0.434030670740233,0.6666666666666666,0.6657390367610755,-0.8660254037844385,-0.5000000000000004,0.7907757369376989,-0.6121059825476626,0.43388373911755823,-0.900968867902419
-0.010489596614699928,0.031175626712465754,0.0,0.0,-0.05294517081080781,0.6666666666666666,0.665783922079088,-0.8660254037844385,-0.5000000000000004,0.6513724827222223,-0.758758122692791,-0.433883739117558,-0.9009688679024191
0.26276975490305554,0.2884895193020311,0.25704507010457045,0.2889313204267238,2.6449190300947505,0.6666666666666666,0.6658288073971005,-0.8660254037844385,-0.5000000000000004,0.48530196253108104,-0.8743466161445821,-0.9749279121818236,-0.2225209339563146
0.08419210202662887,0.14511655922232394,0.07076909458197889,0.08836291071474434,-0.8205352959269955,0.6666666666666666,0.6659634633511379,-0.8660254037844385,-0.5000000000000004,-0.10116832198743204,-0.9948693233918952,0.7818314824680298,0.6234898018587336
0.08338158524527957,-0.023306167782895012,0.08338158524527957,0.04797353750642472,0.3205920609819052,0.6666666666666666,0.6660083486691504,-0.8660254037844385,-0.5000000000000004,-0.29936312297335776,-0.9541392564000489,0.9749279121818236,-0.22252093395631434
0.055569851154810786,0.04300608747330092,0.09166720443696963,0.02048584616083782,-0.7130638888765893,0.6666666666666666,0.6660532339871629,-0.8660254037844385,-0.5000000000000004,-0.4853019625310808,-0.8743466161445822,0.43388373911755823,-0.900968867902419
-0.08338158204341856,-0.028112158759955277,-0.012591969411166434,-0.051461850160459385,0.17467668631319025,0.6666666666666666,0.6660981193051754,-0.8660254037844385,-0.5000000000000004,-0.6513724827222217,-0.7587581226927913,-0.433883739117558,-0.9009688679024191
0.0163173073623252,-0.0453641566078163,-0.05090435805910695,-0.01585530279996307,-0.6175512706548368,0.6666666666666666,0.6661430046231878,-0.8660254037844385,-0.5000000000000004,-0.7907757369376986,-0.6121059825476627,-0.9749279121818236,-0.2225209339563146
-0.02932761640703639,-0.016713544911183792,-0.02247283417764251,-0.020995136976947253,0.13120924165722442,0.6666666666666666,0.6662776605772253,-0.8660254037844385,-0.5000000000000004,-0.9987165071710528,-0.05064916883871355,0.7818314824680298,0.6234898018587336
0.0059347583607047855,-0.011299490717749354,-0.017192466315336243,0.001397959660180956,0.16699377275276808,0.6666666666666666,0.6663225458952378,-0.8660254037844385,-0.5000000000000004,-0.9884683243281114,0.15142777750457667,0.9749279121818236,-0.22252093395631434
0.0070755506840063445,-0.00455581208221365,0.004613614146751777,0.017311409719993773,-0.7781962127572633,0.6666666666666666,0.6663674312132501,-0.8660254037844385,-0.5000000000000004,-0.9377521321470804,0.3473052528448203,0.43388373911755823,-0.900968867902419
0.01168230908383911,0.02257430016795043,-0.009248612425238053,0.0057045438776801745,1.156562149715936,0.6666666666666666,0.6664123165312626,-0.8660254037844385,-0.5000000000000004,-0.8486442574947509,0.5289640103269624,-0.433883739117558,-0.9009688679024191
-0.00815154979593498,-0.014603884924893947,0.008097285266004034,0.0011370358013061568,-0.8396750235952388,0.6666666666666666,0.6664572018492751,-0.8660254037844385,-0.5000000000000004,-0.7247927872291207,0.6889669190756859,-0.9749279121818236,-0.2225209339563146
0.03392571308337027,0.024609497136281303,0.03509125919316668,0.018018488085736917,-0.06893192746401762,0.6666666666666666,0.6665918578033125,-0.8660254037844385,-0.5000000000000004,-0.20129852008866114,0.9795299412524943,0.7818314824680298,0.6234898018587336
-0.0028109542745113174,-0.005551266119481636,0.0011117543122943913,-0.008968661352744359,-0.41972004671272156,0.6666666666666666,0.666636743121325,-0.8660254037844385,-0.5000000000000004,-2.4492935982947064e-16,1.0,0.9749279121818236,-0.22252093395631434
-0.018328210734437772,-0.012297489191424465,-0.012297489191424465,-0.010186862534298595,-0.6710009784727451,0.6666666666666666,0.6666816284393375,-1.0,-1.8369701987210297e-16,0.20129852008866006,0.9795299412524945,0.43388373911755823,-0.900968867902419
-0.00579702922683453,0.008958617695007335,-0.033164840528388854,0.016920834891160003,0.13811230448719944,0.6666666666666666,0.66672651375735,-1.0,-1.8369701987210297e-16,0.39435585511331855,0.9189578116202306,-0.433883739117558,-0.9009688679024191
0.0011620309483483427,0.0033388714964170613,0.041007983627907627,-0.012380536272872989,0.6449216724885007,0.6666666666666666,0.6667713990753625,-1.0,-1.8369701987210297e-16,0.5712682150947923,0.8207634412072763,-0.9749279121818236,-0.2225209339563146
-0.005824039390462403,0.0,-0.003353802181687008,-0.014832002238567404,0.22392249017375088,0.6666666666666666,0.6669509403474124,-1.0,-1.8369701987210297e-16,0.9884683243281114,0.1514277775045767,0.9749279121818236,-0.22252093395631434
0.011614465780202853,0.0,-0.03070172410813193,0.003442313678817918,-1.1803213386920974,0.6666666666666666,0.6669958256654249,-1.0,-1.8369701987210297e-16,0.9987165071710528,-0.05064916883871264,0.43388373911755823,-0.900968867902419
-0.012783399697655065,-0.02702864625985619,0.011481226121868266,-0.020834012158968452,2.5382270651803083,0.6666666666666666,0.6670407109834373,-1.0,-1.8369701987210297e-16,0.9680771188662043,-0.2506525322587204,-0.433883739117558,-0.9009688679024191
-0.0058651417605689645,0.012478852343104843,-0.01495141272020186,0.00698145383008346,-2.321294109118383,0.6666666666666666,0.6670855963014498,-1.0,-1.8369701987210297e-16,0.8978045395707416,-0.4403941515576344,-0.9749279121818236,-0.2225209339563146
0.001175805984644608,-0.0056643013317105384,0.0034701865983335265,-0.01167078960600797,0.25713424260168344,0.6666666666666666,0.6672202522554873,-1.0,-1.8369701987210297e-16,0.48530196253108104,-0.8743466161445821,0.7818314824680298,0.6234898018587336
-0.045681031844822494,0.012405946974869212,-0.005790426389740454,0.0,0.5379552713162543,0.6666666666666666,0.6672651375734997,-1.0,-1.8369701987210297e-16,0.29936312297335804,-0.9541392564000488,0.9749279121818236,-0.22252093395631434
0.020694600146563102,-0.028394865231868387,-0.011682309083839033,0.0058582696933766,-1.2755847336084913,0.6666666666666666,0.6673100228915122,-1.0,-1.8369701987210297e-16,0.10116832198743272,-0.994869323391895,0.43388373911755823,-0.900968867902419
0.006006046765104231,0.0034502314133285253,-0.003531573658670147,-0.005270884739881427,-0.08768803178745961,0.6666666666666666,0.6673549082095247,-1.0,-1.8369701987210297e-16,-0.10116832198743204,-0.9948693233918952,-0.433883739117558,-0.9009688679024191
0.011904834249148765,0.03275278209213256,0.007635929673798825,0.031785352922860166,1.729530751831694,0.6666666666666666,0.6673997935275372,-1.0,-1.8369701987210297e-16,-0.29936312297335776,-0.9541392564000489,-0.9749279121818236,-0.2225209339563146
0.034875837415332955,0.04984780976001715,0.02826838186122675,0.04232258723105321,-0.26107391541886865,0.6666666666666666,0.6675344494815746,-1.0,-1.8369701987210297e-16,-0.7907757369376986,-0.6121059825476627,0.7818314824680298,0.6234898018587336
0.030956205738587938,-0.013837380414255775,0.04013913023947778,-0.002183456991575306,-0.4778479738458276,0.6666666666666666,0.6675793347995871,-1.0,-1.8369701987210297e-16,-0.8978045395707417,-0.44039415155763423,0.9749279121818236,-0.22252093395631434
-0.026383754593559194,-0.02276521514408696,-0.010989058809238545,-0.040139130239477856,-0.05630509865889318,0.6666666666666666,0.6676242201175996,-1.0,-1.8369701987210297e-16,-0.9680771188662041,-0.2506525322587213,0.43388373911755823,-0.900968867902419
0.006802794766490444,0.03130314584389058,-0.022347276663748937,0.033560217618463214,-0.4029996087985733,0.6666666666666666,0.6676691054356121,-1.0,-1.8369701987210297e-16,-0.9987165071710528,-0.05064916883871355,-0.433883739117558,-0.9009688679024191
0.001129223743481185,-0.003406389053970644,0.0056337317525650445,-0.007730540151350217,0.02447285651872574,0.6666666666666666,0.6677139907536246,-1.0,-1.8369701987210297e-16,-0.9884683243281114,0.15142777750457667,-0.9749279121818236,-0.2225209339563146
0.006749229277808597,-0.020250657620360463,0.016713544911183778,-0.002219807488164339,-0.43903325572535173,0.6666666666666666,0.667848646707662,-1.0,-1.8369701987210297e-16,-0.7247927872291207,0.6889669190756859,0.7818314824680298,0.6234898018587336
0.003357555830555022,-0.0027021620320215245,0.0,0.005540201451290698,0.402323672758189,0.6666666666666666,0.6678935320256745,-1.0,-1.8369701987210297e-16,-0.5712682150947924,0.8207634412072763,0.9749279121818236,-0.22252093395631434
0.00557106636061361,0.030600992646636068,-0.004429681764174321,0.030470227894470608,1.0705899251988276,0.6666666666666666,0.667938417343687,-1.0,-1.8369701987210297e-16,-0.3943558551133187,0.9189578116202306,0.43388373911755823,-0.900968867902419
0.02415048919419258,0.006339708774185736,0.02303996950707609,-0.0032205860136455453,-0.276716754834079,0.6666666666666666,0.6679833026616994,-1.0,-1.8369701987210297e-16,-0.20129852008866114,0.9795299412524943,-0.433883739117558,-0.9009688679024191
-0.006528904502439731,-0.022340009427918427,0.0021667943524192055,-0.010810957345391049,-0.5006660335527708,0.6666666666666666,0.6680281879797119,-0.866025403784439,0.49999999999999933,0.20129852008866006,0.9795299412524945,-0.9749279121818236,-0.2225209339563146
-0.01762158469175275,0.004291847909449239,0.010764407694953368,-0.016438684535434,0.7130151607517816,0.6666666666666666,0.6681628439337494,-0.866025403784439,0.49999999999999933,0.72479278722912,0.6889669190756866,0.7818314824680298,0.6234898018587336
-0.006689035087788625,-0.011847269658222205,-0.011847269658222205,0.0,-0.8239007407698047,0.6666666666666666,0.6682077292517618,-0.866025403784439,0.49999999999999933,0.8486442574947509,0.5289640103269624,0.9749279121818236,-0.22252093395631434
0.008908842575952997,-0.00434310821210889,-0.01638481470877719,0.015351111919943173,-1.9122822326255589,0.6666666666666666,0.6682526145697743,-0.866025403784439,0.49999999999999933,0.9377521321470804,0.3473052528448203,0.43388373911755823,-0.900968867902419
0.011025406713509909,0.011898529960881872,0.009317692918638557,-0.004351109366500497,2.1008164012645696,0.6666666666666666,0.6682974998877868,-0.866025403784439,0.49999999999999933,0.9884683243281114,0.1514277775045767,-0.433883739117558,-0.9009688679024191
0.0032840460588548963,-0.007555421748772996,0.0027240135780295977,0.008694217578609522,-1.757606186902838,0.6666666666666666,0.6683423852057992,-0.866025403784439,0.49999999999999933,0.9987165071710528,-0.05064916883871264,-0.9749279121818236,-0.2225209339563146
-0.010989058809238545,-0.0032555355966180817,-0.0065501835659740205,-0.00543176104361449,1.0258322758607683,0.6666666666666666,0.6684770411598366,-0.866025403784439,0.49999999999999933,0.7907757369376989,-0.6121059825476626,0.7818314824680298,0.6234898018587336
-0.03142792020687784,-0.01092900788039039,-0.004390782165745233,-0.030976003999621443,0.840282788665915,0.6666666666666666,0.6685219264778491,-0.866025403784439,0.49999999999999933,0.6513724827222223,-0.758758122692791,0.9749279121818236,-0.22252093395631434
0.005684976837638514,0.010929007880390319,0.004390782165745307,-0.006764339965700711,-0.7772828049122131,0.6666666666666666,0.6685668117958616,-0.866025403784439,0.49999999999999933,0.48530196253108104,-0.8743466161445821,0.43388373911755823,-0.900968867902419
-0.005684976837638533,-0.017544293138656752,-0.021030164893048514,0.016825929113299526,-0.5927127832381749,0.6666666666666666,0.6686116971138741,-0.866025403784439,0.49999999999999933,0.29936312297335804,-0.9541392564000488,-0.433883739117558,-0.9009688679024191
0.0325323077895638,0.03371721391520878,0.03947887841990441,0.023090640299019024,2.392892882692243,0.6666666666666666,0.6686565824318865,-0.866025403784439,0.49999999999999933,0.10116832198743272,-0.994869323391895,-0.9749279121818236,-0.2225209339563146
-0.0033168285125988396,-0.015086529690372547,-0.010810957345391049,-0.012028538347210089,-1.2530675648567813,0.6666666666666666,0.668791238385924,-0.866025403784439,0.49999999999999933,-0.4853019625310808,-0.8743466161445822,0.7818314824680298,0.6234898018587336
-0.049953584097999965,0.009724566259211614,-0.015334296952748204,-0.04961564813249334,0.11077658708447724,0.6666666666666666,0.6688361237039365,-0.866025403784439,0.49999999999999933,-0.6513724827222217,-0.7587581226927913,0.9749279121818236,-0.22252093395631434
0.001163493856808972,-0.03836090969272922,-0.0521069187537898,0.03409423413236524,-0.5680663849545883,0.6666666666666666,0.6688810090219489,-0.866025403784439,0.49999999999999933,-0.7907757369376986,-0.6121059825476627,0.43388373911755823,-0.900968867902419
0.013857020927051615,0.0318883499072252,0.0717796132664251,0.014420673235179144,-0.35611361919763934,0.6666666666666666,0.6689258943399614,-0.866025403784439,0.49999999999999933,-0.8978045395707417,-0.44039415155763423,-0.433883739117558,-0.9009688679024191
0.011402566874813098,-0.014169187297326354,-0.03077162963851731,-0.014420673235179086,0.5124596895883334,0.6666666666666666,0.6689707796579739,-0.866025403784439,0.49999999999999933,-0.9680771188662041,-0.2506525322587213,-0.9749279121818236,-0.2225209339563146
-0.06075423315406284,-0.01883713133707399,-0.01461522526875604,-0.0563043328483756,1.2240917586164837,0.6666666666666666,0.6691054356120113,-0.866025403784439,0.49999999999999933,-0.9377521321470804,0.3473052528448203,0.7818314824680298,0.6234898018587336
-0.012133471254349744,-0.035291023892269444,-0.05111444457597246,0.019895340228931045,-0.3564490573328476,0.6666666666666666,0.6691503209300238,-0.866025403784439,0.49999999999999933,-0.8486442574947509,0.5289640103269624,0.9749279121818236,-0.22252093395631434
0.0693667582250687,0.18270768533591328,0.04657414595768545,0.12917657293324925,1.5374386479384956,0.6666666666666666,0.6691952062480363,-0.866025403784439,0.49999999999999933,-0.7247927872291207,0.6889669190756859,0.43388373911755823,-0.900968867902419
0.07884301138986259,-0.021464171670778163,0.12596590339970642,-0.017463215469058383,-0.948133951081139,0.6666666666666666,0.6692400915660488,-0.866025403784439,0.49999999999999933,-0.5712682150947924,0.8207634412072763,-0.433883739117558,-0.9009688679024191
0.005243870331479786,-0.03922074701154044,-0.04094743718091109,0.0020704415346073602,-1.6806433494068043,0.6666666666666666,0.6692849768840613,-0.866025403784439,0.49999999999999933,-0.3943558551133187,0.9189578116202306,-0.9749279121818236,-0.2225209339563146
0.014538094889679942,0.05390526112901354,0.03390154503218197,0.03355677563908616,1.5935038287007703,0.6666666666666666,0.6694196328380987,-0.5000000000000012,0.8660254037844379,0.20129852008866006,0.9795299412524945,0.7818314824680298,0.6234898018587336
0.0,-0.018637084522276526,0.019010130879954575,-0.014098959199254137,-0.9246124192234064,0.6666666666666666,0.6694645181561112,-0.5000000000000012,0.8660254037844379,0.39435585511331855,0.9189578116202306,0.9749279121818236,-0.22252093395631434
0.01534562806593886,0.012789073599859131,-0.022045007637636695,0.004048584813456464,-0.7344154010164086,0.6666666666666666,0.6695094034741237,-0.5000000000000012,0.8660254037844379,0.5712682150947923,0.8207634412072763,0.43388373911755823,-0.900968867902419
0.010101038089280461,-0.0029368336256233203,0.012084727898801509,0.011549284790387174,1.8058110238395664,0.6666666666666666,0.6695542887921362,-0.5000000000000012,0.8660254037844379,0.72479278722912,0.6889669190756866,-0.433883739117558,-0.9009688679024191
0.003010512454100044,0.005865160460065498,0.0010005232446784506,-0.0014989104045893971,-1.5677226318259438,0.6666666666666666,0.6695991741101486,-0.5000000000000012,0.8660254037844379,0.8486442574947509,0.5289640103269624,-0.9749279121818236,-0.2225209339563146
-0.004016066001746035,-0.005865160460065537,0.006975583430984738,0.015873334137796822,0.6079994803258343,0.6666666666666666,0.6697338300641861,-0.5000000000000012,0.8660254037844379,0.9987165071710528,-0.05064916883871264,0.7818314824680298,0.6234898018587336
0.00601811454052351,0.0,0.0029747851914625452,-0.003944774580914181,-0.38949621453876104,0.6666666666666666,0.6697787153821986,-0.5000000000000012,0.8660254037844379,0.9680771188662043,-0.2506525322587204,0.9749279121818236,-0.22252093395631434
-0.006672180582280266,0.0,-0.01295485085951576,-0.0019781909344353987,0.49153273735607245,0.6666666666666666,0.669823600700211,-0.5000000000000012,0.8660254037844379,0.8978045395707416,-0.4403941515576344,0.43388373911755823,-0.900968867902419
-0.003378193803517539,0.028987555572748822,0.005999964593854868,0.03502300066722208,0.8337103937805086,0.6666666666666666,0.6698684860182235,-0.5000000000000012,0.8660254037844379,0.7907757369376989,-0.6121059825476626,-0.433883739117558,-0.9009688679024191
0.04927105085929703,0.016997604943081935,0.038146468296264655,0.02081439982284476,-1.0153265392457151,0.6666666666666666,0.669913371336236,-0.5000000000000012,0.8660254037844379,0.6513724827222223,-0.758758122692791,-0.9749279121818236,-0.2225209339563146
0.019048267638185915,0.05642988049092645,0.02838413690496289,0.00931967860352949,1.04420180729547,0.6666666666666666,0.6700480272902734,-0.5000000000000012,0.8660254037844379,0.10116832198743272,-0.994869323391895,0.7818314824680298,0.6234898018587336
-0.08872817125978189,-0.08405519438407051,-0.04385831850126501,-0.07310939936837448,-0.12406887433815522,0.6666666666666666,0.6700929126082859,-0.5000000000000012,0.8660254037844379,-0.10116832198743204,-0.9948693233918952,0.9749279121818236,-0.22252093395631434
-0.0037182704424895104,0.00681091407029938,-0.05098557704103855,-0.031426855109853866,-0.5122671967556569,0.6666666666666666,0.6701377979262984,-0.5000000000000012,0.8660254037844379,-0.29936312297335776,-0.9541392564000489,0.43388373911755823,-0.900968867902419
0.01193186133970707,-0.02037836188769111,0.026317331182691396,0.041357366319067265,-0.2443521284479115,0.6666666666666666,0.6701826832443109,-0.5000000000000012,0.8660254037844379,-0.4853019625310808,-0.8743466161445822,-0.433883739117558,-0.9009688679024191
0.005099469654571435,-0.010692068374727533,0.006968638881931441,-0.029074726153190473,-0.16375200098450762,0.6666666666666666,0.6702275685623234,-0.5000000000000012,0.8660254037844379,-0.6513724827222217,-0.7587581226927913,-0.9749279121818236,-0.2225209339563146
0.007095792210510107,0.010789673563120838,-0.01801853646613083,0.019144214943977025,-0.6084432061813864,0.6666666666666666,0.6703622245163607,-0.5000000000000012,0.8660254037844379,-0.9680771188662041,-0.2506525322587213,0.7818314824680298,0.6234898018587336
-0.03599354414337222,0.0,0.010050374385797877,0.007952320274778126,1.541813217381671,0.6666666666666666,0.6704071098343732,-0.5000000000000012,0.8660254037844379,-0.9987165071710528,-0.05064916883871355,0.9749279121818236,-0.22252093395631434
0.06290104309745569,0.04296601805775501,0.016857124568285777,0.03502300066722208,-0.09808209489173791,0.6666666666666666,0.6704519951523857,-0.5000000000000012,0.8660254037844379,-0.9884683243281114,0.15142777750457667,0.43388373911755823,-0.900968867902419
0.004904393341290148,-0.026516679995075614,0.02428482608476523,-0.005752692816170016,-3.5608961416753258,0.6666666666666666,0.6705417657884106,-0.5000000000000012,0.8660254037844379,-0.8486442574947509,0.5289640103269624,-0.9749279121818236,-0.2225209339563146
-0.04094429455196748,0.08107569895038966,0.03489273208754609,0.019048267638185915,4.221272458702376,0.6666666666666666,0.6706764217424481,-0.5000000000000012,0.8660254037844379,-0.3943558551133187,0.9189578116202306,0.7818314824680298,0.6234898018587336
0.05840345311589081,-0.07342748543400848,-0.02819737514548725,-0.019048267638185925,-2.0697642183233715,0.6666666666666666,0.6707213070604605,-0.5000000000000012,0.8660254037844379,-0.20129852008866114,0.9795299412524943,0.9749279121818236,-0.22252093395631434
-0.03922067647349926,0.0047506208377316225,-0.014402516751823101,-0.02039896341217621,1.7762233123076872,0.6666666666666666,0.670766192378473,-2.4492935982947064e-16,1.0,0.20129852008866006,0.9795299412524945,0.43388373911755823,-0.900968867902419
0.0,-0.02495333186243987,-0.013632182246603512,-0.018821713061323003,-1.5299190031377377,0.6666666666666666,0.6708110776964855,-2.4492935982947064e-16,1.0,0.39435585511331855,0.9189578116202306,-0.433883739117558,-0.9009688679024191
-0.012072569651180464,-0.0038948405543522678,-0.027834772603025564,0.015873334137796822,-1.3598438395041954,0.6666666666666666,0.670855963014498,-2.4492935982947064e-16,1.0,0.5712682150947923,0.8207634412072763,-0.9749279121818236,-0.2225209339563146
0.0,-0.0009761083247975212,0.03174866827191641,-0.022897918342054766,1.9806569153101052,0.6666666666666666,0.6709906189685354,-2.4492935982947064e-16,1.0,0.9377521321470804,0.3473052528448203,0.7818314824680298,0.6234898018587336
-0.011523651703104012,-0.014756747771417361,-0.022716981067172442,-0.0005036629989154021,0.5595459100628579,0.6666666666666666,0.6710355042865479,-2.4492935982947064e-16,1.0,0.9884683243281114,0.1514277775045767,0.9749279121818236,-0.22252093395631434
0.01253530870898971,0.006913577643640269,0.012903415828849052,0.017478615825620544,-0.8098000645414457,0.6666666666666666,0.6710803896045604,-2.4492935982947064e-16,1.0,0.9987165071710528,-0.05064916883871264,0.43388373911755823,-0.900968867902419
0.011060912645294652,0.01562530335027708,-0.003952570404803319,0.0215482688656266,-0.14873987351800294,0.6666666666666666,0.6711252749225729,-2.4492935982947064e-16,1.0,0.9680771188662043,-0.2506525322587204,-0.433883739117558,-0.9009688679024191
0.015873334137796822,0.017291526681358103,0.014742243967924255,0.017291526681358103,-0.09838980100270263,0.6666666666666666,0.6711701602405854,-2.4492935982947064e-16,1.0,0.8978045395707416,-0.4403941515576344,-0.9749279121818236,-0.2225209339563146
-0.04119114212208679,-0.01632298141759808,0.007774570161462463,-0.05179464640650056,0.8159871170053025,0.6666666666666666,0.6713048161946228,-2.4492935982947064e-16,1.0,0.48530196253108104,-0.8743466161445821,0.7818314824680298,0.6234898018587336
0.010204208902132049,-0.021527276672229513,-0.021527276672229513,0.002003958992389936,-0.6299676190568689,0.6666666666666666,0.6713497015126353,-2.4492935982947064e-16,1.0,0.29936312297335804,-0.9541392564000488,0.9749279121818236,-0.22252093395631434
0.014113075837479443,0.03211954318767129,-0.011940429324282914,0.037332441456300366,0.3195569238699187,0.6666666666666666,0.6713945868306478,-2.4492935982947064e-16,1.0,0.10116832198743272,-0.994869323391895,0.43388373911755823,-0.900968867902419
0.0010005232446784506,0.0,0.044059972511954294,0.006727531055653888,0.32025633456531866,0.6666666666666666,0.6714394721486602,-2.4492935982947064e-16,1.0,-0.10116832198743204,-0.9948693233918952,-0.433883739117558,-0.9009688679024191
0.01980260859668314,0.004777858327834075,-0.0038387727937765547,0.0009574178973584287,0.6882847392823297,0.6666666666666666,0.6714843574666727,-2.4492935982947064e-16,1.0,-0.29936312297335776,-0.9541392564000489,-0.9749279121818236,-0.2225209339563146
0.004890003993688467,0.0009528565743223448,0.0047961906911349545,-0.0038350921896208624,-1.859181670584096,0.6666666666666666,0.6716190134207102,-2.4492935982947064e-16,1.0,-0.7907757369376986,-0.6121059825476627,0.7818314824680298,0.6234898018587336
-0.004890003993688385,0.0,0.004773297004797884,0.005747182417570535,-0.40232085665817924,0.6666666666666666,0.6716638987387226,-2.4492935982947064e-16,1.0,-0.8978045395707417,-0.44039415155763423,0.9749279121818236,-0.22252093395631434
0.004890003993688467,0.0,-0.0019066219503222565,-0.0023906845955043916,-0.23139893219068747,0.6666666666666666,0.6717087840567351,-2.4492935982947064e-16,1.0,-0.9680771188662041,-0.2506525322587213,0.43388373911755823,-0.900968867902419
0.002922528467036467,-0.0028612067768482973,-0.0009545848265261295,0.0014255232342562153,-0.5469506599721291,0.6666666666666666,0.6717536693747476,-2.4492935982947064e-16,1.0,-0.9987165071710528,-0.05064916883871355,-0.433883739117558,-0.9009688679024191
-0.007812532460724839,-0.004787006739532813,-0.025146414473818927,-0.015404975271843431,1.468636425211915,0.6666666666666666,0.6719332106467975,-2.4492935982947064e-16,1.0,-0.7247927872291207,0.6889669190756859,0.7818314824680298,0.6234898018587336
-0.016807126239896834,-0.0067404870787408176,0.009746702816028095,-0.007807100921459895,-0.4902900772106192,0.6666666666666666,0.67197809596481,-2.4492935982947064e-16,1.0,-0.5712682150947924,0.8207634412072763,0.9749279121818236,-0.22252093395631434
-0.001995959158384717,0.006740487078740728,-0.027533763378006604,0.019390230815018745,-0.458816283605159,0.6666666666666666,0.6720229812828225,-2.4492935982947064e-16,1.0,-0.3943558551133187,0.9189578116202306,0.43388373911755823,-0.900968867902419
0.0,0.020893472533577397,0.03237162834124255,-0.008674767901216905,2.103133653936624,0.6666666666666666,0.672067866600835,-2.4492935982947064e-16,1.0,-0.20129852008866114,0.9795299412524943,-0.433883739117558,-0.9009688679024191
0.015857601369884122,-0.017062053896958942,0.009606258591640368,0.012506186537835385,-3.3327662050431375,0.6666666666666666,0.6721127519188473,-2.4492935982947064e-16,1.0,-2.4492935982947064e-16,1.0,-0.9749279121818236,-0.2225209339563146
-0.01186956407865352,0.003816794879762768,0.0,-0.012506186537835305,2.675421484012044,0.6833333333333333,0.6722474078728848,0.49999999999999994,0.8660254037844387,0.5712682150947923,0.8207634412072763,0.7818314824680298,0.6234898018587336
0.007938561099528708,-0.01632298141759808,-0.012506186537835305,-0.0052411942708987976,-0.8801342728608618,0.6833333333333333,0.6722922931908973,0.49999999999999994,0.8660254037844387,0.72479278722912,0.6889669190756866,0.9749279121818236,-0.22252093395631434
-0.006944008200212939,-0.0029083619923417864,-0.011684639833069214,-0.021243875091986976,-0.006267469664247642,0.6833333333333333,0.6723371785089097,0.49999999999999994,0.8660254037844387,0.8486442574947509,0.5289640103269624,0.43388373911755823,-0.900968867902419
0.001986048691385022,-0.006819378537185645,-0.007866306354990698,0.008906461521577482,0.3600186843938794,0.6833333333333333,0.6723820638269222,0.49999999999999994,0.8660254037844387,0.9377521321470804,0.3473052528448203,-0.433883739117558,-0.9009688679024191
-0.02004073173151355,-0.008047916785508317,0.000986702463476577,-0.019901135903403123,0.4497931909169531,0.6833333333333333,0.6724269491449347,0.49999999999999994,0.8660254037844387,0.9884683243281114,0.1514277775045767,-0.9749279121818236,-0.2225209339563146
-0.028749385132645605,-0.014691525436798088,-0.015904987566028095,-0.032689294307342,0.2036993359518988,0.6833333333333333,0.6725616050989721,0.49999999999999994,0.8660254037844387,0.8978045395707416,-0.4403941515576344,0.7818314824680298,0.6234898018587336
0.023675788187518212,0.011928559556882547,0.013930608095660088,0.032689294307341986,-0.33946388716759723,0.6833333333333333,0.6726064904169846,0.49999999999999994,0.8660254037844387,0.7907757369376989,-0.6121059825476626,0.9749279121818236,-0.22252093395631434
0.00710590688734443,-0.00893307720009635,-0.00893307720009635,0.003010512454100044,-1.0358959918767399,0.6833333333333333,0.6726513757349971,0.49999999999999994,0.8660254037844387,0.6513724827222223,-0.758758122692791,0.43388373911755823,-0.900968867902419
0.007035777471894885,0.0,-0.005999964593854784,0.0020020485387774287,-0.002300740538314043,0.6833333333333333,0.6726962610530096,0.49999999999999994,0.8660254037844387,0.48530196253108104,-0.8743466161445821,-0.433883739117558,-0.9009688679024191
-0.006036277812445962,-0.0009974340091170458,0.005002530584737678,-0.002002048538777479,-0.4550453177463022,0.6833333333333333,0.6727411463710221,0.49999999999999994,0.8660254037844387,0.29936312297335804,-0.9541392564000488,-0.9749279121818236,-0.2225209339563146
-0.0010096143362832743,-0.004000096886446756,-0.007010609340546654,-0.007038711510736998,-0.31076809248596354,0.6833333333333333,0.672920687643072,0.49999999999999994,0.8660254037844387,-0.4853019625310808,-0.8743466161445822,0.9749279121818236,-0.22252093395631434
-0.022989459978204767,-0.004016066001746035,-0.010101038089280479,-0.02141846709858218,1.132474522121756,0.6833333333333333,0.6729655729610845,0.49999999999999994,0.8660254037844387,-0.6513724827222217,-0.7587581226927913,0.43388373911755823,-0.900968867902419
-0.013004084165167365,0.0010055535476462105,-0.024667306655260058,0.0,0.013365245953237287,0.6833333333333333,0.673010458279097,0.49999999999999994,0.8660254037844387,-0.7907757369376986,-0.6121059825476627,-0.433883739117558,-0.9009688679024191
0.008342063228950576,-0.009086398206376717,0.0020790504371984665,0.01636026794884244,-1.16693835153254,0.6833333333333333,0.6730553435971094,0.49999999999999994,0.8660254037844387,-0.8978045395707417,-0.44039415155763423,-0.9749279121818236,-0.2225209339563146
-0.008342063228950545,0.00606679519291175,0.0246166041567394,-0.006103728655524326,0.09704996720132888,0.6833333333333333,0.6731899995511469,0.49999999999999994,0.8660254037844387,-0.9884683243281114,0.15142777750457667,0.7818314824680298,0.6234898018587336
0.018312899296087676,0.0010075798020844659,-0.006097525498911612,0.008130118203598047,0.6657163192703884,0.6833333333333333,0.6732348848691594,0.49999999999999994,0.8660254037844387,-0.9377521321470804,0.3473052528448203,0.9749279121818236,-0.22252093395631434
0.014645768089602234,0.018953143761140503,0.006097525498911731,0.024001129208062993,0.5078547563163981,0.6833333333333333,0.6732797701871718,0.49999999999999994,0.8660254037844387,-0.8486442574947509,0.5289640103269624,0.43388373911755823,-0.900968867902419
0.014084774341881592,0.01763026120260952,0.031906964204802976,0.009832958352693159,-0.5154683621663292,0.6833333333333333,0.6733246555051843,0.49999999999999994,0.8660254037844387,-0.7247927872291207,0.6889669190756859,-0.433883739117558,-0.9009688679024191
-0.0020000464430800094,-0.004866208169120658,-0.0009817649550179243,-0.013297435714900763,0.5981681279921629,0.6833333333333333,0.6733695408231968,0.49999999999999994,0.8660254037844387,-0.5712682150947924,0.8207634412072763,-0.9749279121818236,-0.2225209339563146
-0.08020950321895527,-0.017220616683170795,-0.030925199249785235,-0.022563041393929187,0.9284492184669173,0.6833333333333333,0.6735041967772342,0.49999999999999994,0.8660254037844387,-2.4492935982947064e-16,1.0,0.7818314824680298,0.6234898018587336
0.06100733860885539,0.017220616683170712,0.010080768906411608,0.01609700754692341,-0.028862734589751114,0.6833333333333333,0.6735490820952467,0.8660254037844386,0.5000000000000001,0.20129852008866006,0.9795299412524945,0.9749279121818236,-0.22252093395631434
-0.025841230674391476,-0.011776376026597401,0.004004005435470003,-0.02629071746570632,-0.1700383099165433,0.6833333333333333,0.6735939674132592,0.8660254037844386,0.5000000000000001,0.39435585511331855,0.9189578116202306,0.43388373911755823,-0.900968867902419
0.006263012791752151,-0.0139167598084526,-0.031458750346498275,-0.006166558030059634,-0.7147179827983109,0.6833333333333333,0.6736388527312717,0.8660254037844386,0.5000000000000001,0.5712682150947923,0.8207634412072763,-0.433883739117558,-0.9009688679024191
0.001040065524841975,-0.01920216461010003,0.008213590897217512,0.0041152283093327064,0.6306980505522964,0.6833333333333333,0.6736837380492842,0.8660254037844386,0.5000000000000001,0.72479278722912,0.6889669190756866,-0.9749279121818236,-0.2225209339563146
-0.032755116420884,-0.006141310983985549,-0.013381580922814234,0.0,0.48056125487629453,0.6833333333333333,0.6738183940033216,0.8660254037844386,0.5000000000000001,0.9884683243281114,0.1514277775045767,0.7818314824680298,0.6234898018587336
0.011215021696806885,0.006141310983985454,-0.003113623038882428,-0.021796404508983375,0.17203831162882002,0.6833333333333333,0.673863279321334,0.8660254037844386,0.5000000000000001,0.9987165071710528,-0.05064916883871264,0.9749279121818236,-0.22252093395631434
0.008987640549102395,-0.009226118907406149,-0.007303078316594056,0.014583627708661132,-0.5417064454750276,0.6833333333333333,0.6739081646393466,0.8660254037844386,0.5000000000000001,0.9680771188662043,-0.2506525322587204,0.43388373911755823,-0.900968867902419
0.010471339603724442,0.024416245769307333,0.010416701355476569,0.015392773934451156,-0.015413797493246952,0.6833333333333333,0.6739530499573589,0.8660254037844386,0.5000000000000001,0.8978045395707416,-0.4403941515576344,-0.433883739117558,-0.9009688679024191
0.011403460615513806,0.013972317487034248,0.02759505316735124,0.024146115093583154,-0.7622417892090263,0.6833333333333333,0.6739979352753714,0.8660254037844386,0.5000000000000001,0.7907757369376989,-0.6121059825476626,-0.9749279121818236,-0.2225209339563146
-0.011299356592454783,0.010842852102526486,0.018972070085946768,-0.017043026034242844,1.5607517108115392,0.6833333333333333,0.6741325912294089,0.8660254037844386,0.5000000000000001,0.29936312297335804,-0.9541392564000488,0.7818314824680298,0.6234898018587336
-0.026490858133782446,-0.02884336864619767,-0.019980666129118932,-0.029761042138531382,-0.8649373539704991,0.6833333333333333,0.6741774765474213,0.8660254037844386,0.5000000000000001,0.10116832198743272,-0.994869323391895,0.9749279121818236,-0.22252093395631434
-0.06290000686577515,-0.020388046712670152,-0.02555070051595259,-0.030674001849633894,0.6170248287214954,0.6833333333333333,0.6742223618654338,0.8660254037844386,0.5000000000000001,-0.10116832198743204,-0.9948693233918952,0.43388373911755823,-0.900968867902419
0.058612759126864894,0.024416245769307333,-0.0369044960679928,0.06547784209293626,-1.0297220760458414,0.6833333333333333,0.6742672471834463,0.8660254037844386,0.5000000000000001,-0.29936312297335776,-0.9541392564000489,-0.433883739117558,-0.9009688679024191
0.04103672948536323,0.01198814442386221,0.061445582247662105,-0.005042798104771171,-0.4238142467763609,0.6833333333333333,0.6743121325014588,0.8660254037844386,0.5000000000000001,-0.4853019625310808,-0.8743466161445822,-0.9749279121818236,-0.2225209339563146
0.018386657496916356,0.008897750706812058,-0.0010105382594968997,0.017043026034242775,0.4026797951588939,0.6833333333333333,0.6744916737735087,0.8660254037844386,0.5000000000000001,-0.9680771188662041,-0.2506525322587213,0.9749279121818236,-0.22252093395631434
0.007060008658302951,-0.003944774580914181,0.022000818724899233,-0.004982590190546584,-0.2624596888675826,0.6833333333333333,0.6745365590915212,0.8660254037844386,0.5000000000000001,-0.9987165071710528,-0.05064916883871355,0.43388373911755823,-0.900968867902419
-0.019280108125159654,-0.0050522313706909405,-0.022000818724899094,-0.016113122280559493,-0.7538314472508155,0.6833333333333333,0.6745814444095337,0.8660254037844386,0.5000000000000001,-0.9884683243281114,0.15142777750457667,-0.433883739117558,-0.9009688679024191
0.005109892475645471,0.002073503996904736,0.013058960992963886,0.0010146398829037496,0.42904748288969663,0.6833333333333333,0.6746263297275462,0.8660254037844386,0.5000000000000001,-0.9377521321470804,0.3473052528448203,-0.9749279121818236,-0.2225209339563146
0.006097525498911731,-0.004957814713058148,-0.012048422733467023,0.013098435954575582,2.6769269026430482,0.6833333333333333,0.6747609856815836,0.8660254037844386,0.5000000000000001,-0.5712682150947924,0.8207634412072763,0.7818314824680298,0.6234898018587336
0.008173228249954693,0.006947888609566167,0.007045892148729334,0.01194042932428301,-2.2772445815240885,0.6833333333333333,0.6748058709995961,1.0,6.123233995736766e-17,0.20129852008866006,0.9795299412524945,0.9749279121818236,-0.22252093395631434
0.0009040053260038923,0.009842636839160408,0.023787025155833325,-0.003964322648619722,0.70572928310838,0.6833333333333333,0.6748507563176086,1.0,6.123233995736766e-17,0.39435585511331855,0.9189578116202306,0.43388373911755823,-0.900968867902419
0.008995578057153841,-0.007866306354990698,-0.01579498242913254,0.0027271769189479524,-2.341543533994755,0.6833333333333333,0.674895641635621,1.0,6.123233995736766e-17,0.5712682150947923,0.8207634412072763,-0.433883739117558,-0.9009688679024191
-0.014028320539146778,-0.00494807448344103,-0.013019724495974654,-0.00970276034993272,3.267943006941686,0.6833333333333333,0.6749405269536335,1.0,6.123233995736766e-17,0.72479278722912,0.6889669190756866,-0.9749279121818236,-0.2225209339563146
0.007038711510736975,-0.007968162080333081,0.008032164006342388,-0.002002048538777479,-3.203688617074673,0.6833333333333333,0.675075182907671,1.0,6.123233995736766e-17,0.9884683243281114,0.1514277775045767,0.7818314824680298,0.6234898018587336
-0.020243587712101694,0.005982113388948107,-0.009040760049514486,-0.01108320260470249,3.6482750048406203,0.6833333333333333,0.6751200682256834,1.0,6.123233995736766e-17,0.9987165071710528,-0.05064916883871264,0.9749279121818236,-0.22252093395631434
-0.0020367731041260498,-0.0009945528993158756,0.014028320539146715,0.0010126814922995254,-2.692697983892639,0.6833333333333333,0.6751649535436959,1.0,6.123233995736766e-17,0.9680771188662043,-0.2506525322587204,0.43388373911755823,-0.900968867902419
-0.006176817793091474,-0.017060130140812688,-0.017060130140812688,-0.013245238333109434,0.7003344052260508,0.6833333333333333,0.6752098388617084,1.0,6.123233995736766e-17,0.8978045395707416,-0.4403941515576344,-0.433883739117558,-0.9009688679024191
-0.005167990025596831,-0.008232205489678669,-0.02355464752251306,0.0,-0.8799710450474116,0.6833333333333333,0.6752547241797209,1.0,6.123233995736766e-17,0.7907757369376989,-0.6121059825476626,-0.9749279121818236,-0.2225209339563146
-0.009370104864083026,0.005191176058701236,0.006198410411508872,0.0020492278989437734,1.1863972420706403,0.6833333333333333,0.6753893801337583,1.0,6.123233995736766e-17,0.29936312297335804,-0.9541392564000488,0.7818314824680298,0.6234898018587336
0.0,-0.0163771113133108,-0.0030943534169521553,-0.010288195553740309,-1.4340188419837534,0.6833333333333333,0.6754342654517708,1.0,6.123233995736766e-17,0.10116832198743272,-0.994869323391895,0.9749279121818236,-0.22252093395631434
-0.010515383860032708,-0.005173238361729882,-0.021932997419582538,-0.003107173118112283,0.7559721207595758,0.6833333333333333,0.6754791507697833,1.0,6.123233995736766e-17,-0.10116832198743204,-0.9948693233918952,0.43388373911755823,-0.900968867902419
0.045462331512011345,0.09020473376436208,0.06638471715560197,0.07684572373221182,2.0196905350822685,0.6833333333333333,0.6755240360877958,1.0,6.123233995736766e-17,-0.29936312297335776,-0.9541392564000489,-0.433883739117558,-0.9009688679024191
0.04927105085929703,0.0,0.03495498266222717,0.010511382854161049,-0.49935600118257834,0.6833333333333333,0.6755689214058082,1.0,6.123233995736766e-17,-0.4853019625310808,-0.8743466161445822,-0.9749279121818236,-0.2225209339563146
0.01621400154272006,0.041760291500887954,0.01327036982465635,0.031808032069055844,0.8127232194033726,0.6833333333333333,0.6757035773598457,1.0,6.123233995736766e-17,-0.8978045395707417,-0.44039415155763423,0.7818314824680298,0.6234898018587336
0.015955296759295617,-0.013721054357129196,0.012166749535859986,-0.0018432728044018686,-1.770781896792344,0.6833333333333333,0.6757484626778582,1.0,6.123233995736766e-17,-0.9680771188662041,-0.2506525322587213,0.9749279121818236,-0.22252093395631434
0.004644707965082216,0.026377150173088153,0.00371402116097091,0.025502268443113072,0.5737066418001464,0.6833333333333333,0.6757933479958705,1.0,6.123233995736766e-17,-0.9987165071710528,-0.05064916883871355,0.43388373911755823,-0.900968867902419
0.03281968795895303,0.05755728231753416,0.03281968795895303,0.033601756838217506,0.19583972648750858,0.6833333333333333,0.675838233313883,1.0,6.123233995736766e-17,-0.9884683243281114,0.15142777750457667,-0.433883739117558,-0.9009688679024191
0.014247863535820745,0.004228352137087397,0.03090757167560875,0.017241790132380846,-0.07073231029406474,0.6833333333333333,0.6758831186318955,1.0,6.123233995736766e-17,-0.9377521321470804,0.3473052528448203,-0.9749279121818236,-0.2225209339563146
0.017528915389851272,-0.0033812340327809246,0.021506205220963682,-0.008583694503945605,0.43700619690623776,0.6833333333333333,0.676017774585933,1.0,6.123233995736766e-17,-0.5712682150947924,0.8207634412072763,0.7818314824680298,0.6234898018587336
-0.0008692072500632741,0.01595998404810346,-0.013710570073029626,0.03390151879036072,0.7592632236565736,0.6833333333333333,0.6760626599039454,1.0,6.123233995736766e-17,-0.3943558551133187,0.9189578116202306,0.9749279121818236,-0.22252093395631434
0.0425596144187959,0.02712866120058462,0.03476397927086194,0.026317283546611638,-1.874778550355605,0.6833333333333333,0.6761075452219579,1.0,6.123233995736766e-17,-0.20129852008866114,0.9795299412524943,0.43388373911755823,-0.900968867902419
0.018175520192729312,0.005661130858718039,0.026317283546611638,0.006472508512691137,0.7958648237495456,0.6833333333333333,0.6761524305399704,1.0,6.123233995736766e-17,-2.4492935982947064e-16,1.0,-0.433883739117558,-0.9009688679024191
0.004075126049642532,0.008032202460952435,0.004858343165854107,0.001611640800859403,0.019580468630247108,0.6833333333333333,0.6761973158579829,0.8660254037844387,-0.4999999999999998,0.20129852008866006,0.9795299412524945,-0.9749279121818236,-0.2225209339563146
-0.0016313590396361444,0.0,0.0,0.00562022316411674,0.36950631116656657,0.6833333333333333,0.6763319718120203,0.8660254037844387,-0.4999999999999998,0.72479278722912,0.6889669190756866,0.7818314824680298,0.6234898018587336
0.011363786359979974,0.002397103288563411,0.01044606627426377,-0.0032076982216319807,-0.21585560635097326,0.6833333333333333,0.6763768571300328,0.8660254037844387,-0.4999999999999998,0.8486442574947509,0.5289640103269624,0.9749279121818236,-0.22252093395631434
0.0008067184965870901,0.0007977845659324371,-0.0016000369624506385,0.0016051735149951853,-0.23720093680835092,0.6833333333333333,0.6764217424480453,0.8660254037844387,-0.4999999999999998,0.9377521321470804,0.3473052528448203,0.43388373911755823,-0.900968867902419
0.0,-0.00479620590125171,-0.00642571889132259,0.0,-0.21909432240992535,0.6833333333333333,0.6764666277660578,0.8660254037844387,-0.4999999999999998,0.9884683243281114,0.1514277775045767,-0.433883739117558,-0.9009688679024191
-0.022014709456808692,0.0016013180467558648,0.007226057387298964,-0.016168485075270363,-0.05308112514461545,0.6833333333333333,0.6765115130840702,0.8660254037844387,-0.4999999999999998,0.9987165071710528,-0.05064916883871264,-0.9749279121818236,-0.2225209339563146
0.013714229378769583,0.0,-0.01207255034603275,0.015366220390489762,0.26479416622899854,0.6833333333333333,0.6766461690381077,0.8660254037844387,-0.4999999999999998,0.7907757369376989,-0.6121059825476626,0.7818314824680298,0.6234898018587336
0.004260132192958705,0.011928540709563631,0.0,0.010379343755162713,0.31402841087337446,0.6833333333333333,0.6766910543561202,0.8660254037844387,-0.4999999999999998,0.6513724827222223,-0.758758122692791,0.9749279121818236,-0.22252093395631434
0.007260959617564195,0.038764544596849186,0.02400109105559652,0.04123491461728729,-0.023986041331949752,0.6833333333333333,0.6767359396741326,0.8660254037844387,-0.4999999999999998,0.48530196253108104,-0.8743466161445821,0.43388373911755823,-0.900968867902419
0.045569618359135824,0.0662006797405214,0.028829486921103605,0.06634713946389262,0.16256671579745183,0.6833333333333333,0.6767808249921451,0.8660254037844387,-0.4999999999999998,0.29936312297335804,-0.9541392564000488,-0.433883739117558,-0.9009688679024191
0.07826867337236947,0.0634258069139427,0.07826867337236947,0.03297382627953841,0.2259341300606953,0.6833333333333333,0.6768257103101576,0.8660254037844387,-0.4999999999999998,0.10116832198743272,-0.994869323391895,-0.9749279121818236,-0.2225209339563146
0.025939056047504214,0.006657776118721685,0.06795064707656202,0.010981568887443897,-0.16857377795112263,0.6833333333333333,0.676960366264195,0.8660254037844387,-0.4999999999999998,-0.4853019625310808,-0.8743466161445822,0.7818314824680298,0.6234898018587336
0.03401688571971402,0.05863191930423688,0.030711350096886768,0.03356019735167122,1.0078124759230114,0.6833333333333333,0.6770052515822075,0.8660254037844387,-0.4999999999999998,-0.6513724827222217,-0.7587581226927913,0.9749279121818236,-0.22252093395631434
-0.014825087680935534,-0.053337404916233254,-0.025416835708883336,-0.013289219697347353,-0.5774179605594956,0.6833333333333333,0.67705013690022,0.8660254037844387,-0.4999999999999998,-0.7907757369376986,-0.6121059825476627,0.43388373911755823,-0.900968867902419
0.008786816788218568,-0.0033057376920837818,-0.0033057376920837818,0.004671389734419845,-0.3399548197482241,0.6833333333333333,0.6770950222182325,0.8660254037844387,-0.4999999999999998,-0.8978045395707417,-0.44039415155763423,-0.433883739117558,-0.9009688679024191
-0.04536061648010052,0.0,-0.0006624861921617277,-0.035234027386401724,0.45513664073204907,0.6833333333333333,0.6772745634902824,0.8660254037844387,-0.4999999999999998,-0.9377521321470804,0.3473052528448203,0.7818314824680298,0.6234898018587336
0.02633832164203803,-0.0006624861921617277,-0.02754623891670217,0.0305626376519818,-0.6460545061821898,0.6833333333333333,0.6773194488082949,0.8660254037844387,-0.4999999999999998,-0.8486442574947509,0.5289640103269624,0.9749279121818236,-0.22252093395631434
0.015651935265311282,-0.001990032656870648,0.013531993120957488,-0.0006691354606334924,-0.7040198653221181,0.6833333333333333,0.6773643341263074,0.8660254037844387,-0.4999999999999998,-0.7247927872291207,0.6889669190756859,0.43388373911755823,-0.900968867902419
-0.006095525171768501,-0.006662275138479282,0.0013431502535504545,0.0006691354606334711,-0.28605431454257607,0.6833333333333333,0.6774092194443198,0.8660254037844387,-0.4999999999999998,-0.5712682150947924,0.8207634412072763,-0.433883739117558,-0.9009688679024191
0.005420062216286035,0.009314793987511687,0.0033500997290925585,0.005336898919984739,0.1690801345602753,0.6833333333333333,0.6774541047623323,0.8660254037844387,-0.4999999999999998,-0.3943558551133187,0.9189578116202306,-0.9749279121818236,-0.2225209339563146
0.006062676095627476,0.01576903680239528,0.017241821700710112,-0.009358316245307549,1.1089994190360561,0.6833333333333333,0.6775887607163698,0.5000000000000003,-0.8660254037844385,0.39435585511331855,0.9189578116202306,0.7818314824680298,0.6234898018587336
-0.014885272397619298,-0.00916839058228503,-0.01057510491092326,0.01267948776734225,-0.14495400617458842,0.6833333333333333,0.6776336460343823,0.5000000000000003,-0.8660254037844385,0.5712682150947923,0.8207634412072763,0.9749279121818236,-0.22252093395631434
0.004760273877682206,-0.009917411435586847,0.0,-0.01941808337706224,-0.6044832141380188,0.6833333333333333,0.6776785313523946,0.5000000000000003,-0.8660254037844385,0.72479278722912,0.6889669190756866,0.43388373911755823,-0.900968867902419
-0.06879902209419854,-0.019457169189071696,-0.02013492108246868,-0.03439128487117876,0.40382681201813103,0.6833333333333333,0.6777234166704071,0.5000000000000003,-0.8660254037844385,0.8486442574947509,0.5289640103269624,-0.433883739117558,-0.9009688679024191
0.018719065118152897,-0.019843275581872932,-0.036593639632336965,0.008362410150114036,-0.7398618754613624,0.6833333333333333,0.6777683019884196,0.5000000000000003,-0.8660254037844385,0.9377521321470804,0.3473052528448203,-0.9749279121818236,-0.2225209339563146
-0.0437387770285762,0.038635756887973,0.0021074635611676804,0.017200286627651645,0.8330625999573372,0.6833333333333333,0.677902957942457,0.5000000000000003,-0.8660254037844385,0.9680771188662043,-0.2506525322587204,0.7818314824680298,0.6234898018587336
0.07186999991901677,-0.013387067963888659,0.031090574094870274,-0.0068446144616867415,-0.07872888551509606,0.6833333333333333,0.6779478432604695,0.5000000000000003,-0.8660254037844385,0.8978045395707416,-0.4403941515576344,0.9749279121818236,-0.22252093395631434
0.0020782642111513597,0.01869211516110603,-0.01646126144080795,0.013642763090858028,-0.04735001154310806,0.6833333333333333,0.677992728578482,0.5000000000000003,-0.8660254037844385,0.7907757369376989,-0.6121059825476626,0.43388373911755823,-0.900968867902419
-0.003466221267795236,0.02353047540774091,0.019856863417106956,0.04114713683916403,0.21010689727466056,0.6833333333333333,0.6780376138964945,0.5000000000000003,-0.8660254037844385,0.6513724827222223,-0.758758122692791,-0.433883739117558,-0.9009688679024191
0.011736419170622354,-0.013658689381768762,0.03071002599339186,-0.027019755249257194,0.020353951640972538,0.6833333333333333,0.678082499214507,0.5000000000000003,-0.8660254037844385,0.48530196253108104,-0.8743466161445821,-0.9749279121818236,-0.2225209339563146
-0.0586533291254873,-0.05935660445081275,-0.08361033646221955,-0.05987339183041985,1.3893726811972393,0.6833333333333333,0.6782171551685444,0.5000000000000003,-0.8660254037844385,-0.10116832198743204,-0.9948693233918952,0.7818314824680298,0.6234898018587336
0.01731643392534468,0.027417729385765095,-0.0007150682555199956,0.024519576920083774,-1.3826119264628012,0.6833333333333333,0.6782620404865569,0.5000000000000003,-0.8660254037844385,-0.29936312297335776,-0.9541392564000489,0.9749279121818236,-0.22252093395631434
0.0028572101957236107,0.006066762952400119,0.0028572101957236107,0.018512730082477596,0.45889225038780795,0.6833333333333333,0.6783069258045694,0.5000000000000003,-0.8660254037844385,-0.4853019625310808,-0.8743466161445822,0.43388373911755823,-0.900968867902419
0.029517190148146806,0.01533871646722141,0.056841333764232525,0.016841084827858583,-0.09327106604259618,0.6833333333333333,0.6783518111225818,0.5000000000000003,-0.8660254037844385,-0.6513724827222217,-0.7587581226927913,-0.433883739117558,-0.9009688679024191
0.009648616942379623,0.0019835171227491864,0.0013467681643564767,-0.005358346515944963,-0.32525044146986615,0.6833333333333333,0.6783966964405943,0.5000000000000003,-0.8660254037844385,-0.7907757369376986,-0.6121059825476627,-0.9749279121818236,-0.2225209339563146
-0.02711325974707693,0.003297018297306812,-0.03492304739690758,0.00802679114080609,0.3106507080330879,0.6833333333333333,0.6785313523946318,0.5000000000000003,-0.8660254037844385,-0.9987165071710528,-0.05064916883871355,0.7818314824680298,0.6234898018587336
0.03190284782353259,0.045052713171693945,0.02069034063530073,0.037271374651692786,0.32323597104799867,0.6833333333333333,0.6785762377126442,0.5000000000000003,-0.8660254037844385,-0.9884683243281114,0.15142777750457667,0.9749279121818236,-0.22252093395631434
0.051225063658723265,0.0279260966153217,0.06539144764456072,0.020959797213318074,-0.33433063478351177,0.6833333333333333,0.6786211230306567,0.5000000000000003,-0.8660254037844385,-0.9377521321470804,0.3473052528448203,0.43388373911755823,-0.900968867902419
-0.03162322146503299,-0.04698640591292674,-0.020672612676392615,-0.027398994168720662,-0.04544752237629043,0.6833333333333333,0.6786660083486692,0.5000000000000003,-0.8660254037844385,-0.8486442574947509,0.5289640103269624,-0.433883739117558,-0.9009688679024191
0.012637383746228763,-0.0006416573115476263,-0.01247960902824915,-0.008433339705630108,-0.3446399297064236,0.6833333333333333,0.6787108936666817,0.5000000000000003,-0.8660254037844385,-0.7247927872291207,0.6889669190756859,-0.9749279121818236,-0.2225209339563146
-0.0072968585511753396,0.016550360473667154,0.00789996768931492,0.01101404536550042,1.0439466658040202,0.6833333333333333,0.6788904349387316,0.5000000000000003,-0.8660254037844385,-2.4492935982947064e-16,1.0,0.9749279121818236,-0.22252093395631434
0.009937121576775136,-0.011422320852855218,0.017550041196733562,-0.016894503395033705,-1.2813704266317418,0.6833333333333333,0.6789353202567441,1.2246467991473532e-16,-1.0,0.20129852008866006,0.9795299412524945,0.43388373911755823,-0.900968867902419
-0.000659428240644282,0.030803950881750437,-0.018206009010147232,0.04860292935960367,0.256832220887687,0.6833333333333333,0.6789802055747566,1.2246467991473532e-16,-1.0,0.39435585511331855,0.9189578116202306,-0.433883739117558,-0.9009688679024191
0.018955102110233088,-0.025079660776606637,0.03291683003163517,-0.017632741766879716,0.17263899216013825,0.6833333333333333,0.679025090892769,1.2246467991473532e-16,-1.0,0.5712682150947923,0.8207634412072763,-0.9749279121818236,-0.2225209339563146
0.0032245516659065365,0.0,-0.000635136823797684,-0.01214457755669374,0.20696689284251116,0.6833333333333333,0.6791597468468065,1.2246467991473532e-16,-1.0,0.9377521321470804,0.3473052528448203,0.7818314824680298,0.6234898018587336
-0.005823384495051386,-0.0038168252709140467,-0.01214457755669374,-0.0006433084064094074,-0.4054844843857883,0.6833333333333333,0.679204632164819,1.2246467991473532e-16,-1.0,0.9884683243281114,0.1514277775045767,0.9749279121818236,-0.22252093395631434
-0.0124062694520101,0.01768843894684457,-0.005157969045102441,0.005134794600235375,0.885713061249773,0.6833333333333333,0.6792495174828314,1.2246467991473532e-16,-1.0,0.9987165071710528,-0.05064916883871264,0.43388373911755823,-0.900968867902419
0.00837477456931746,-0.008173582928219066,0.01730254660179606,-0.00932629386360777,-0.44549678154869216,0.6833333333333333,0.6792944028008439,1.2246467991473532e-16,-1.0,0.9680771188662043,-0.2506525322587204,-0.433883739117558,-0.9009688679024191
-0.001760701740233569,-0.020408851769199408,-0.0140756841976901,-0.0009697975946302707,-0.2506676444044356,0.6833333333333333,0.6793392881188564,1.2246467991473532e-16,-1.0,0.8978045395707416,-0.4403941515576344,-0.9749279121818236,-0.2225209339563146
0.0012393630789461912,0.05026178658631011,-0.007762059601332474,0.02869178713226604,0.49176731702197346,0.6833333333333333,0.6794739440728939,1.2246467991473532e-16,-1.0,0.48530196253108104,-0.8743466161445821,0.7818314824680298,0.6234898018587336
0.03144306318717162,-0.011710490728697176,0.03822123759095951,0.005640889480776584,-0.1952433975423279,0.6833333333333333,0.6795188293909062,1.2246467991473532e-16,-1.0,0.29936312297335804,-0.9541392564000488,0.9749279121818236,-0.22252093395631434
-0.0012641913107401582,-0.003726679348749424,-0.0018767432922085524,-0.0006252097079795111,0.008130174331211243,0.6833333333333333,0.6795637147089187,1.2246467991473532e-16,-1.0,0.10116832198743272,-0.994869323391895,0.43388373911755823,-0.900968867902419
0.006305154996403678,0.012368788607372129,0.007485991540118195,-0.0025046952592468964,-0.018468009942895974,0.6833333333333333,0.6796086000269312,1.2246467991473532e-16,-1.0,-0.10116832198743204,-0.9948693233918952,-0.433883739117558,-0.9009688679024191
-0.01711607569025715,-0.010503653682201049,-0.006234457955889157,0.0031299049672263617,0.2910719062062924,0.6833333333333333,0.6796534853449437,1.2246467991473532e-16,-1.0,-0.29936312297335776,-0.9541392564000489,-0.9749279121818236,-0.2225209339563146
0.012706638950606065,0.008042057637524991,0.008097276608304423,-0.010050326220427584,0.054624134394858956,0.6833333333333333,0.6797881412989811,1.2246467991473532e-16,-1.0,-0.7907757369376986,-0.6121059825476627,0.7818314824680298,0.6234898018587336
-0.00505065006990709,0.0018467648743243795,-0.011229142102798989,0.018142444088413468,0.9326006780068554,0.6833333333333333,0.6798330266169936,1.2246467991473532e-16,-1.0,-0.8978045395707417,-0.44039415155763423,0.9749279121818236,-0.22252093395631434
0.023812879076273594,0.03919703569092091,0.014326031269948598,0.022679540798767828,-0.21582272519239987,0.6833333333333333,0.6798779119350061,1.2246467991473532e-16,-1.0,-0.9680771188662041,-0.2506525322587213,0.43388373911755823,-0.900968867902419
-0.019393755952378924,-0.028187731773669185,0.016559743806034012,-0.016499027584821135,-0.2718231845227018,0.6833333333333333,0.6799227972530186,1.2246467991473532e-16,-1.0,-0.9987165071710528,-0.05064916883871355,-0.433883739117558,-0.9009688679024191
-0.014635930364662491,-0.009165943297536356,-0.010394472746899978,-0.018657210242457256,2.081070390945815,0.6833333333333333,0.679967682571031,1.2246467991473532e-16,-1.0,-0.9884683243281114,0.15142777750457667,-0.9749279121818236,-0.2225209339563146
0.008298749260193292,0.06878821355414041,-0.03375326139751806,0.08076677558562292,-1.6767983623899927,0.6833333333333333,0.6801023385250685,1.2246467991473532e-16,-1.0,-0.7247927872291207,0.6889669190756859,0.7818314824680298,0.6234898018587336
0.1103386281535647,0.028807319528248453,0.12419037934630725,0.03022749577139212,-0.27763319466536374,0.6833333333333333,0.680147223843081,1.2246467991473532e-16,-1.0,-0.5712682150947924,0.8207634412072763,0.9749279121818236,-0.22252093395631434
-0.01925629215042636,0.0038900634005831942,0.005040624220371976,-0.011299490717749354,-0.6381327711549425,0.6833333333333333,0.6801921091610934,1.2246467991473532e-16,-1.0,-0.3943558551133187,0.9189578116202306,0.43388373911755823,-0.900968867902419
0.004054433431175739,0.013770528289942451,-0.018038803618335156,0.03352271228397673,0.5080912709326127,0.6833333333333333,0.6802369944791059,1.2246467991473532e-16,-1.0,-0.20129852008866114,0.9795299412524943,-0.433883739117558,-0.9009688679024191
0.04465285043894815,0.06358067112655923,0.03190865177602764,0.05244644936393908,-0.0962043417433836,0.6833333333333333,0.6802818797971184,-0.4999999999999997,-0.8660254037844388,0.20129852008866006,0.9795299412524945,-0.9749279121818236,-0.2225209339563146
0.07145897125363657,0.0362943674612112,0.07020424442401713,0.04685174867718511,0.46621665606292473,0.6833333333333333,0.6804614210691683,-0.4999999999999997,-0.8660254037844388,0.8486442574947509,0.5289640103269624,0.9749279121818236,-0.22252093395631434
0.005133500951316482,-0.0034714442154195066,0.033336413843757934,-0.005487696981131319,-0.2792242468349954,0.6833333333333333,0.6805063063871808,-0.4999999999999997,-0.8660254037844388,0.9377521321470804,0.3473052528448203,0.43388373911755823,-0.900968867902419
0.028768053996536102,0.042311239762404335,-0.0014913639173955013,0.04833744408660877,-0.5280374051295603,0.6833333333333333,0.6805511917051933,-0.4999999999999997,-0.8660254037844388,0.9884683243281114,0.1514277775045767,-0.433883739117558,-0.9009688679024191
0.015794982429132454,0.036423734217796454,0.029896797156850428,0.031435855679549166,0.27889960128494884,0.6833333333333333,0.6805960770232058,-0.4999999999999997,-0.8660254037844388,0.9987165071710528,-0.05064916883871264,-0.9749279121818236,-0.2225209339563146
0.022276906348510983,-0.002712708488998426,0.008653915150596507,0.0018459126324294982,-0.2252451147634171,0.6833333333333333,0.6807307329772432,-0.4999999999999997,-0.8660254037844388,0.7907757369376989,-0.6121059825476626,0.7818314824680298,0.6234898018587336
0.02366414352243249,0.007334942730859213,0.04034321118362283,-0.0009225303920944661,-0.6632015027924139,0.6833333333333333,0.6807756182952557,-0.4999999999999997,-0.8660254037844388,0.6513724827222223,-0.758758122692791,0.9749279121818236,-0.22252093395631434
0.014856429361214169,0.041187746212077374,0.0,0.027760626809016524,0.4955148286342218,0.6833333333333333,0.6808205036132682,-0.4999999999999997,-0.8660254037844388,0.48530196253108104,-0.8743466161445821,0.43388373911755823,-0.900968867902419
-0.050081384662848526,0.008738063533992238,0.023626744289754604,-0.07355570874970031,0.9639521763543802,0.6833333333333333,0.6808653889312806,-0.4999999999999997,-0.8660254037844388,0.29936312297335804,-0.9541392564000488,-0.433883739117558,-0.9009688679024191
-0.09924226100008246,-0.0995801674001455,-0.06828755179695742,-0.10214508708631866,0.17585369378646842,0.6833333333333333,0.6809102742492931,-0.4999999999999997,-0.8660254037844388,0.10116832198743272,-0.994869323391895,-0.9749279121818236,-0.2225209339563146
-0.01944959235261342,-0.06191628271508087,-0.1107166331069591,-0.01184089300709369,-0.434906917567811,0.6833333333333333,0.6810449302033306,-0.4999999999999997,-0.8660254037844388,-0.4853019625310808,-0.8743466161445822,0.7818314824680298,0.6234898018587336
-0.016446551278860085,-0.030137884795896817,-0.004845239567380591,0.008088559885642438,-0.7723435508623452,0.6833333333333333,0.6810898155213431,-0.4999999999999997,-0.8660254037844388,-0.6513724827222217,-0.7587581226927913,0.9749279121818236,-0.22252093395631434
0.001607012007033548,-0.019086741451948535,0.005382062212927605,-0.02777201132274896,0.37085571006489193,0.6833333333333333,0.6811347008393555,-0.4999999999999997,-0.8660254037844388,-0.7907757369376986,-0.6121059825476627,0.43388373911755823,-0.900968867902419
0.003316828512598847,0.019139373205360362,-0.02060805953757748,0.04533966619130969,-0.2047270743731315,0.6833333333333333,0.681179586157368,-0.4999999999999997,-0.8660254037844388,-0.8978045395707417,-0.44039415155763423,-0.433883739117558,-0.9009688679024191
0.03524352805632457,0.05381780913022177,0.034467569174087956,0.051425209789359105,0.433929858767766,0.6833333333333333,0.6812244714753805,-0.4999999999999997,-0.8660254037844388,-0.9680771188662041,-0.2506525322587213,-0.9749279121818236,-0.2225209339563146
-0.012868797633315289,-0.0034992088577880916,0.05158441297693876,-0.02847174380153729,-0.5126622878878582,0.6833333333333333,0.6813591274294178,-0.4999999999999997,-0.8660254037844388,-0.9377521321470804,0.3473052528448203,0.7818314824680298,0.6234898018587336
-0.021823098876154568,-0.017172147508096237,-0.022884235675135034,-0.0649855511699375,-0.15133466158225545,0.6833333333333333,0.6814040127474303,-0.4999999999999997,-0.8660254037844388,-0.8486442574947509,0.5289640103269624,0.9749279121818236,-0.22252093395631434
-0.046283640141427135,-0.0715249807737904,-0.07862916391958248,-0.004412578764841915,0.32318393721675887,0.6833333333333333,0.6814488980654428,-0.4999999999999997,-0.8660254037844388,-0.7247927872291207,0.6889669190756859,0.43388373911755823,-0.900968867902419
0.036305819102309,0.0488553530876182,0.020925932704310094,0.05275709576726845,-0.21800889507823865,0.6833333333333333,0.6814937833834553,-0.4999999999999997,-0.8660254037844388,-0.5712682150947924,0.8207634412072763,-0.433883739117558,-0.9009688679024191
0.02040318515003971,0.026229336622229295,0.026352681958241895,0.018187063182403738,0.027804438544660606,0.6833333333333333,0.6815386687014678,-0.4999999999999997,-0.8660254037844388,-0.3943558551133187,0.9189578116202306,-0.9749279121818236,-0.2225209339563146
0.046395995261686404,0.011100602479724551,0.04615801958575935,-0.0005150774721904501,-0.2128143398142977,0.6833333333333333,0.6816733246555052,-0.8660254037844385,-0.5000000000000004,0.20129852008866006,0.9795299412524945,0.7818314824680298,0.6234898018587336
-0.006797467643360148,0.03260044974715702,-0.017382859056207612,0.03542884481559388,0.29235222628865015,0.6833333333333333,0.6817182099735177,-0.8660254037844385,-0.5000000000000004,0.39435585511331855,0.9189578116202306,0.9749279121818236,-0.22252093395631434
0.012513186174053831,-0.017153098147022965,0.04240919077477827,-0.007988052556758898,-0.10344486220231623,0.6833333333333333,0.6817630952915302,-0.8660254037844385,-0.5000000000000004,0.5712682150947923,0.8207634412072763,0.43388373911755823,-0.900968867902419
-0.049386111468267026,-0.009436306650031593,-0.021484729383498567,-0.07870693448809363,0.13895277424082472,0.6833333333333333,0.6818079806095426,-0.8660254037844385,-0.5000000000000004,0.72479278722912,0.6889669190756866,-0.433883739117558,-0.9009688679024191
-0.048460954145725876,-0.030397495397267903,-0.06090875960211518,-0.015300882319626839,-0.2075977011495448,0.6833333333333333,0.6818528659275551,-0.8660254037844385,-0.5000000000000004,0.8486442574947509,0.5289640103269624,-0.9749279121818236,-0.2225209339563146
-0.060717488267436955,-0.058248351356123156,-0.04333000386108183,-0.09646724207926144,0.4732571399053259,0.6833333333333333,0.6819875218815926,-0.8660254037844385,-0.5000000000000004,0.9987165071710528,-0.05064916883871264,0.7818314824680298,0.6234898018587336
-0.030828523551294857,-0.01982447156439882,-0.05946922005470542,0.07924940690503196,-0.2783924969798834,0.6833333333333333,0.682032407199605,-0.8660254037844385,-0.5000000000000004,0.9680771188662043,-0.2506525322587204,0.9749279121818236,-0.22252093395631434
-0.0626617778453626,-0.0339399320339327,0.03334615589964684,-0.1732868687025071,0.2821682492482053,0.6833333333333333,0.6820772925176175,-0.8660254037844385,-0.5000000000000004,0.8978045395707416,-0.4403941515576344,0.43388373911755823,-0.900968867902419
-0.022109290268073182,-0.08900098631555876,-0.1393017083673945,0.04303140034272606,0.11436842030288184,0.6833333333333333,0.68212217783563,-0.8660254037844385,-0.5000000000000004,0.7907757369376989,-0.6121059825476626,-0.433883739117558,-0.9009688679024191
-0.024283770612795498,0.020542268087334826,0.045256579866460055,-0.0845198811457185,0.2176465224414777,0.6833333333333333,0.6821670631536425,-0.8660254037844385,-0.5000000000000004,0.6513724827222223,-0.758758122692791,-0.9749279121818236,-0.2225209339563146
-0.009119678620687232,-0.08617148356852614,-0.08368393632257634,-0.005571039869659899,-0.663752384936494,0.6833333333333333,0.6823017191076799,-0.8660254037844385,-0.5000000000000004,0.10116832198743272,-0.994869323391895,0.7818314824680298,0.6234898018587336
-0.019929466634956938,-0.0040377187479150424,-0.02716992923683404,0.02346554582871298,0.29792683109620866,0.6833333333333333,0.6823466044256924,-0.8660254037844385,-0.5000000000000004,-0.10116832198743204,-0.9948693233918952,0.9749279121818236,-0.22252093395631434
0.029747241550311748,0.005379967537444825,0.03878605395168147,-0.008907226845620066,-0.47322770367798256,0.6833333333333333,0.6823914897437049,-0.8660254037844385,-0.5000000000000004,-0.29936312297335776,-0.9541392564000489,0.43388373911755823,-0.900968867902419
-0.04934855893040326,-0.04457368750594803,-0.043741794701168575,-0.05881964029260809,0.20449503769335012,0.6833333333333333,0.6824363750617174,-0.8660254037844385,-0.5000000000000004,-0.4853019625310808,-0.8743466161445822,-0.433883739117558,-0.9009688679024191
-0.05810766486963858,-0.032789825052243524,-0.044258265214674436,-0.05552812504425849,0.3357483911324883,0.6833333333333333,0.6824812603797298,-0.8660254037844385,-0.5000000000000004,-0.6513724827222217,-0.7587581226927913,-0.9749279121818236,-0.2225209339563146
-0.02120216848316006,-0.03916272314427823,-0.021748136609453128,-0.014768987976317809,-0.7267402223070184,0.6833333333333333,0.6826159163337673,-0.8660254037844385,-0.5000000000000004,-0.9680771188662041,-0.2506525322587213,0.7818314824680298,0.6234898018587336
0.019646996794781515,0.07125102387441196,-0.02611509388838955,0.10825367404159457,0.29946586019471017,0.6833333333333333,0.6826608016517798,-0.8660254037844385,-0.5000000000000004,-0.9987165071710528,-0.05064916883871355,0.9749279121818236,-0.22252093395631434
0.0763843850481844,0.01739174271186924,0.09637075610266656,0.01257001948955821,-0.5242144444071689,0.6833333333333333,0.6827056869697923,-0.8660254037844385,-0.5000000000000004,-0.9884683243281114,0.15142777750457667,0.43388373911755823,-0.900968867902419
0.0,0.00960888255764422,0.02443405229627378,-0.03819417334663008,0.18927103450829233,0.6833333333333333,0.6827505722878047,-0.8660254037844385,-0.5000000000000004,-0.9377521321470804,0.3473052528448203,-0.433883739117558,-0.9009688679024191
-0.015256383103545391,0.001365154065881493,-0.050930403219014146,0.04304012926828371,-0.6253342502128426,0.6833333333333333,0.6827954576058172,-0.8660254037844385,-0.5000000000000004,-0.8486442574947509,0.5289640103269624,-0.9749279121818236,-0.2225209339563146
0.04088053696061731,0.03551460293309082,0.04470415321488828,0.04589201480500478,0.3938442952065371,0.6833333333333333,0.6829301135598547,-0.8660254037844385,-0.5000000000000004,-0.3943558551133187,0.9189578116202306,0.7818314824680298,0.6234898018587336
0.04969330704749899,0.020202734942055618,0.04279091656292303,0.013757179955710153,-0.1222564828615387,0.6833333333333333,0.6829749988778671,-0.8660254037844385,-0.5000000000000004,-0.20129852008866114,0.9795299412524943,0.9749279121818236,-0.22252093395631434
0.0016702605504067053,0.013457430770525695,0.028835522604958128,-0.011122134800886951,0.08444079203253901,0.6833333333333333,0.6830198841958796,-0.8660254037844385,-0.5000000000000004,-2.4492935982947064e-16,1.0,0.43388373911755823,-0.900968867902419
-0.005690330632798208,-0.014102815043052578,-0.020888468441222687,-0.012578754409890558,0.11928272723477072,0.6833333333333333,0.6830647695138921,-1.0,-1.8369701987210297e-16,0.20129852008866006,0.9795299412524945,-0.433883739117558,-0.9009688679024191
-0.051311019767697266,-0.043542488647401525,-0.034902838164888234,-0.04148848080299246,-0.34246574885744613,0.6833333333333333,0.6831096548319046,-1.0,-1.8369701987210297e-16,0.39435585511331855,0.9189578116202306,-0.9749279121818236,-0.2225209339563146
-0.02359780087291528,0.022667647384432877,-0.04470020236891438,-0.0013898198397615188,0.9551757157536673,0.6833333333333333,0.6832891961039544,-1.0,-1.8369701987210297e-16,0.9377521321470804,0.3473052528448203,0.9749279121818236,-0.22252093395631434
0.02853264689615211,-0.022667647384433023,0.048790151194271124,0.0013898198397616184,-1.131267131400459,0.6833333333333333,0.6833340814219669,-1.0,-1.8369701987210297e-16,0.9884683243281114,0.1514277775045767,0.43388373911755823,-0.900968867902419
0.0035100204139962518,-0.015630596162918713,-0.029688017242041585,0.011049891497366392,0.3710404070614095,0.6833333333333333,0.6833789667399794,-1.0,-1.8369701987210297e-16,0.9987165071710528,-0.05064916883871264,-0.433883739117558,-0.9009688679024191
-0.003510020413996305,0.0020526680120248387,0.0027991593241903,-0.008275967183016215,0.585164794686342,0.6833333333333333,0.6834238520579918,-1.0,-1.8369701987210297e-16,0.9680771188662043,-0.2506525322587204,-0.9749279121818236,-0.2225209339563146
-0.04384465171588921,0.006811976543196416,-0.007012678098153122,-0.04388530814801188,-0.7341710522030565,0.6833333333333333,0.6835585080120293,-1.0,-1.8369701987210297e-16,0.6513724827222223,-0.758758122692791,0.7818314824680298,0.6234898018587336
-0.03058797629488845,-0.061608169269118246,-0.028552946987335896,-0.028625762998755133,0.2949336601833547,0.6833333333333333,0.6836033933300418,-1.0,-1.8369701987210297e-16,0.48530196253108104,-0.8743466161445821,0.9749279121818236,-0.22252093395631434
0.004535186876075717,0.04724901079461655,-0.02641390593937206,0.06486420325742433,0.1582901837074406,0.6833333333333333,0.6836482786480542,-1.0,-1.8369701987210297e-16,0.29936312297335804,-0.9541392564000488,0.43388373911755823,-0.900968867902419
0.08455739191569223,0.024490996172794505,0.07033030206766473,0.02956559816321675,-0.2916656455025632,0.6833333333333333,0.6836931639660667,-1.0,-1.8369701987210297e-16,0.10116832198743272,-0.994869323391895,-0.433883739117558,-0.9009688679024191
0.0055769299522979,0.014676731987906375,0.027342757070790594,-0.008846611824847174,0.18360075632611872,0.6833333333333333,0.6837380492840792,-1.0,-1.8369701987210297e-16,-0.10116832198743204,-0.9948693233918952,-0.9749279121818236,-0.2225209339563146
-0.05822071523775236,-0.04746658899277274,-0.03220561129346447,-0.029128278060853375,-0.41432836745930324,0.6833333333333333,0.6838727052381166,-1.0,-1.8369701987210297e-16,-0.6513724827222217,-0.7587581226927913,0.7818314824680298,0.6234898018587336
0.015223204043752858,0.006575574387417887,-0.0020913031957991743,-0.020619284406364794,0.485832333065094,0.6833333333333333,0.6839175905561291,-1.0,-1.8369701987210297e-16,-0.7907757369376986,-0.6121059825476627,0.9749279121818236,-0.22252093395631434
-0.06310066430837985,-0.03546098216141804,-0.025443044132692782,-0.05842696335646796,-0.6794482422765791,0.6833333333333333,0.6839624758741416,-1.0,-1.8369701987210297e-16,-0.8978045395707417,-0.44039415155763423,0.43388373911755823,-0.900968867902419
-0.08055371167207892,-0.0873363446291406,-0.10162934433846756,-0.04517901625490259,0.8119314792222443,0.6833333333333333,0.6840073611921541,-1.0,-1.8369701987210297e-16,-0.9680771188662041,-0.2506525322587213,-0.433883739117558,-0.9009688679024191
0.029462005134981352,0.032236105533853684,-0.006359315882097279,0.04897987145303094,-0.7092520802197845,0.6833333333333333,0.6840522465101666,-1.0,-1.8369701987210297e-16,-0.9987165071710528,-0.05064916883871355,-0.9749279121818236,-0.2225209339563146
0.022250631875956415,0.006024108979433843,0.06034311003839681,-0.013751194767284064,-0.18902489729850042,0.6833333333333333,0.684186902464204,-1.0,-1.8369701987210297e-16,-0.8486442574947509,0.5289640103269624,0.7818314824680298,0.6234898018587336
0.03266518560367229,0.04262217049163235,-0.0030075182604515716,0.051716251187490854,0.5460512776449918,0.6833333333333333,0.6842317877822165,-1.0,-1.8369701987210297e-16,-0.7247927872291207,0.6889669190756859,0.9749279121818236,-0.22252093395631434
-0.023167073500199288,0.014286011745932307,0.0340521461954398,-0.06722042282229505,-0.06082674410110475,0.6833333333333333,0.684276673100229,-1.0,-1.8369701987210297e-16,-0.5712682150947924,0.8207634412072763,0.43388373911755823,-0.900968867902419
-0.051293321837057954,-0.06595800929599854,-0.044650230951608874,0.029255366402088204,-0.1177693266036102,0.6833333333333333,0.6843215584182415,-1.0,-1.8369701987210297e-16,-0.3943558551133187,0.9189578116202306,-0.433883739117558,-0.9009688679024191
0.03871455189064657,-0.0068415435549592065,-0.01998530962315559,-0.029255366402088232,-0.09379785489231689,0.6833333333333333,0.6843664437362539,-1.0,-1.8369701987210297e-16,-0.20129852008866114,0.9795299412524943,-0.9749279121818236,-0.2225209339563146
-0.03461112463346781,0.06425243247372617,-0.01564975648480173,0.014734627235926645,0.8693860417685126,0.6833333333333333,0.6845010996902914,-0.866025403784439,0.49999999999999933,0.5712682150947923,0.8207634412072763,0.7818314824680298,0.6234898018587336
0.04640832136133554,0.09022513680323957,0.0195242433093442,0.1524997223014466,0.29018561098089934,0.6833333333333333,0.6845459850083039,-0.866025403784439,0.49999999999999933,0.72479278722912,0.6889669190756866,0.9749279121818236,-0.22252093395631434
0.12755184659624555,0.012987183060480214,0.16240289239330638,-0.007962874470112033,-1.0847686084035726,0.6833333333333333,0.6845908703263163,-0.866025403784439,0.49999999999999933,0.8486442574947509,0.5289640103269624,0.43388373911755823,-0.900968867902419
0.025816659338282883,-0.012987183060480302,-0.013236447885226897,0.005978108189780355,-0.18747786450999956,0.6833333333333333,0.6846357556443288,-0.866025403784439,0.49999999999999933,0.9377521321470804,0.3473052528448203,-0.433883739117558,-0.9009688679024191
0.0,0.006514643784101049,0.0119206280891514,-0.005978108189780322,-0.08171675755647595,0.6833333333333333,0.6846806409623413,-0.866025403784439,0.49999999999999933,0.9884683243281114,0.1514277775045767,-0.9749279121818236,-0.2225209339563146
0.02451264771994957,0.03822123759095951,0.0059074772795215695,0.06262125079809733,0.3728057303774228,0.6833333333333333,0.6848152969163787,-0.866025403784439,0.49999999999999933,0.8978045395707416,-0.4403941515576344,0.7818314824680298,0.6234898018587336
-0.011188012699577804,-0.005012537031211045,0.03473017678633615,-0.04022241280743737,0.41019027838471706,0.6833333333333333,0.6848601822343912,-0.866025403784439,0.49999999999999933,0.7907757369376989,-0.6121059825476626,0.9749279121818236,-0.22252093395631434
0.0038312065363674524,-0.008199359356913924,-0.02366595205054738,0.025089729563190537,-0.5331212635116614,0.6833333333333333,0.6849050675524037,-0.866025403784439,0.49999999999999933,0.6513724827222223,-0.758758122692791,0.43388373911755823,-0.900968867902419
0.008011057346617514,0.0044233687079613575,0.009661947710222937,0.0031715974038119673,-0.174167209747702,0.6833333333333333,0.6849499528704162,-0.866025403784439,0.49999999999999933,0.48530196253108104,-0.8743466161445821,-0.433883739117558,-0.9009688679024191
0.020071921262604635,0.021828084708795756,0.02531778353110258,0.022543200196592415,0.06137681806295543,0.6833333333333333,0.6849948381884287,-0.866025403784439,0.49999999999999933,0.29936312297335804,-0.9541392564000488,-0.9749279121818236,-0.2225209339563146
0.01778952431691799,0.02075777645559687,-0.001250810547690078,0.010471304788215612,0.09665736179070054,0.6833333333333333,0.685129494142466,-0.866025403784439,0.49999999999999933,-0.29936312297335776,-0.9541392564000489,0.7818314824680298,0.6234898018587336
-0.004708815892946453,-0.004238559019606838,0.027771038931387444,-0.0036832126404262324,0.15568500007581257,0.6833333333333333,0.6851743794604785,-0.866025403784439,0.49999999999999933,-0.4853019625310808,-0.8743466161445822,0.9749279121818236,-0.22252093395631434
-0.02923614824799617,-0.015286143382689684,-0.01224759730176476,-0.041437179487359484,-0.14475758170568298,0.6833333333333333,0.685219264778491,-0.866025403784439,0.49999999999999933,-0.6513724827222217,-0.7587581226927913,0.43388373911755823,-0.900968867902419
-0.04872505239071753,-0.020542268087334913,-0.0376692015664528,-0.037222752710183445,-0.4154158685239154,0.6833333333333333,0.6852641500965034,-0.866025403784439,0.49999999999999933,-0.7907757369376986,-0.6121059825476627,-0.433883739117558,-0.9009688679024191
0.008683158854569087,-0.03325111371598901,-0.016124180236871132,-0.006006034380618111,0.13764322550187408,0.6833333333333333,0.6853090354145159,-0.866025403784439,0.49999999999999933,-0.8978045395707417,-0.44039415155763423,-0.9749279121818236,-0.2225209339563146
-0.005950919298450779,0.038895541013411854,-0.030365371629239787,0.06290568114112759,0.07455952673419461,0.6833333333333333,0.6854436913685534,-0.866025403784439,0.49999999999999933,-0.9884683243281114,0.15142777750457667,0.7818314824680298,0.6234898018587336
0.01891946556782259,0.004368162732914416,0.05730735221559782,-0.058897631656794555,-0.12521578007371498,0.6833333333333333,0.6854885766865658,-0.866025403784439,0.49999999999999933,-0.9377521321470804,0.3473052528448203,0.9749279121818236,-0.22252093395631434
0.00467450927611672,-0.008127532185459611,-0.03411980289623266,0.04751948686666187,0.26278865670404195,0.6833333333333333,0.6855334620045783,-0.866025403784439,0.49999999999999933,-0.8486442574947509,0.5289640103269624,0.43388373911755823,-0.900968867902419
0.025650823754827887,0.04840142350998314,0.06097120411319862,0.04049133922080006,0.8015260029915541,0.6833333333333333,0.6855783473225908,-0.866025403784439,0.49999999999999933,-0.7247927872291207,0.6889669190756859,-0.433883739117558,-0.9009688679024191
0.06230387086765041,0.020130944169626044,0.027948416350688263,0.023530575942026684,-0.7940769236696487,0.6833333333333333,0.6856232326406033,-0.866025403784439,0.49999999999999933,-0.5712682150947924,0.8207634412072763,-0.9749279121818236,-0.2225209339563146
-0.001220912866881389,-0.0017599757645098539,-0.010237973869905092,0.007130091551149501,0.014509384896511978,0.6833333333333333,0.6857578885946407,-0.866025403784439,0.49999999999999933,-2.4492935982947064e-16,1.0,0.7818314824680298,0.6234898018587336
-0.07481315366644545,-0.0376952234245525,-0.021414117495241265,-0.0930037245238895,0.702193175484385,0.6833333333333333,0.6858027739126532,-0.5000000000000012,0.8660254037844379,0.20129852008866006,0.9795299412524945,0.9749279121818236,-0.22252093395631434
0.0075423033538435475,-0.021572509528947917,-0.025048248304809336,0.014834166926017972,-0.6146415837976852,0.6833333333333333,0.6858476592306657,-0.5000000000000012,0.8660254037844379,0.39435585511331855,0.9189578116202306,0.43388373911755823,-0.900968867902419
0.014594027629221068,0.046265113609435415,0.004428966016907304,0.04261292392163761,0.1591275706008093,0.6833333333333333,0.6858925445486782,-0.5000000000000012,0.8660254037844379,0.5712682150947923,0.8207634412072763,-0.433883739117558,-0.9009688679024191
0.014066745305432076,-0.00188757066146481,0.018142444088413468,-0.014210900247596457,-0.14073545160171363,0.6833333333333333,0.6859374298666906,-0.5000000000000012,0.8660254037844379,0.72479278722912,0.6889669190756866,-0.9749279121818236,-0.2225209339563146
-0.01342302278690082,-0.02219544918529633,-0.007467298802964361,0.012368788607372129,0.25950369942123896,0.6833333333333333,0.6860720858207281,-0.5000000000000012,0.8660254037844379,0.9884683243281114,0.1514277775045767,0.7818314824680298,0.6234898018587336
0.0191210535346125,0.02698781562603384,0.02101437936994107,0.020079768976211283,-0.4621474129944056,0.6833333333333333,0.6861169711387406,-0.5000000000000012,0.8660254037844379,0.9987165071710528,-0.05064916883871264,0.9749279121818236,-0.22252093395631434
-0.03403215894174727,0.003026442457395517,-0.023515941727171193,-0.08089648126499492,0.6427913218411048,0.6833333333333333,0.6861618564567531,-0.5000000000000012,0.8660254037844379,0.9680771188662043,-0.2506525322587204,0.43388373911755823,-0.900968867902419
-0.41795298200322756,-0.1393776166803448,-0.08286449813804295,-0.39636232332406857,2.0527025177266482,0.6833333333333333,0.6862067417747655,-0.5000000000000012,0.8660254037844379,0.8978045395707416,-0.4403941515576344,-0.433883739117558,-0.9009688679024191
0.027398948617695804,-0.19119839881674247,-0.3364722236460521,0.1577503123395888,-0.8814645655456079,0.6833333333333333,0.686251627092778,-0.5000000000000012,0.8660254037844379,0.7907757369376989,-0.6121059825476626,-0.9749279121818236,-0.2225209339563146
0.07169197187758172,-0.004950461142170393,0.13602825062620114,-0.057158418491564444,-0.32091664808769677,0.6833333333333333,0.6863862830468155,-0.5000000000000012,0.8660254037844379,0.29936312297335804,-0.9541392564000488,0.7818314824680298,0.6234898018587336
0.01604315165976024,-0.02427912961211092,-0.061716180560262394,0.035363740034028236,-0.5180368987606779,0.6833333333333333,0.6864311683648279,-0.5000000000000012,0.8660254037844379,0.10116832198743272,-0.994869323391895,0.9749279121818236,-0.22252093395631434
0.03535345210774095,0.05922785459895505,0.03560947970347789,0.05762909667266503,0.06237939220859273,0.6833333333333333,0.6864760536828404,-0.5000000000000012,0.8660254037844379,-0.10116832198743204,-0.9948693233918952,0.43388373911755823,-0.900968867902419
0.013815544230415226,0.0,0.06603059530165105,-0.04332510243020274,-0.5097635569543629,0.6833333333333333,0.6865209390008529,-0.5000000000000012,0.8660254037844379,-0.29936312297335776,-0.9541392564000489,-0.433883739117558,-0.9009688679024191
-0.03686661022539086,-0.02671149316439287,-0.04075543504398446,0.00914764431289222,0.6639642809456063,0.6833333333333333,0.6865658243188654,-0.5000000000000012,0.8660254037844379,-0.4853019625310808,-0.8743466161445822,-0.9749279121818236,-0.2225209339563146
-0.00789133027125048,-0.02155964737979326,-0.03126581992303447,-0.025997226026349827,-0.6727220072039812,0.6833333333333333,0.6867004802729028,-0.5000000000000012,0.8660254037844379,-0.8978045395707417,-0.44039415155763423,0.7818314824680298,0.6234898018587336
0.016587070410711995,0.0,0.008547093322641504,-0.003404336524247764,-0.01611826029307996,0.6833333333333333,0.6867453655909153,-0.5000000000000012,0.8660254037844379,-0.9680771188662041,-0.2506525322587213,0.9749279121818236,-0.22252093395631434
-0.046973608217522674,-0.021178258162215136,-0.016302341046914748,-0.0579109044876235,-0.6821313483488719,0.6833333333333333,0.6867902509089278,-0.5000000000000012,0.8660254037844379,-0.9987165071710528,-0.05064916883871355,0.43388373911755823,-0.900968867902419
-0.05310988510544092,-0.04464638361678011,-0.047839054279132424,-0.056680256869008946,-0.3997156782684467,0.6833333333333333,0.6868800215449526,-0.5000000000000012,0.8660254037844379,-0.9377521321470804,0.3473052528448203,-0.9749279121818236,-0.2225209339563146
-0.06933467514892407,-0.043922934127610155,-0.03415198892744088,-0.05603428193496396,1.899773455495737,0.6833333333333333,0.6870146774989901,-0.5000000000000012,0.8660254037844379,-0.5712682150947924,0.8207634412072763,0.7818314824680298,0.6234898018587336
-0.004110998777894785,-0.06772411603438674,-0.06899287788315776,-0.0020243384981853702,-0.7654394737476318,0.6833333333333333,0.6870595628170026,-0.5000000000000012,0.8660254037844379,-0.3943558551133187,0.9189578116202306,0.9749279121818236,-0.22252093395631434
-0.030321189544444405,0.035401986818988686,0.013986276620856756,0.04555243389531393,0.5936980678979635,0.6833333333333333,0.687104448135015,-0.5000000000000012,0.8660254037844379,-0.20129852008866114,0.9795299412524943,0.43388373911755823,-0.900968867902419
0.06970036492907622,0.09837965434023906,0.01964697897707497,0.061023118644823494,-0.2247585666002114,0.6833333333333333,0.6871493334530275,-2.4492935982947064e-16,1.0,0.20129852008866006,0.9795299412524945,-0.433883739117558,-0.9009688679024191
0.08989498360834235,0.015638920089044862,0.08303138585991028,0.044530956625832153,-0.8365800345261711,0.6833333333333333,0.68719421877104,-2.4492935982947064e-16,1.0,0.39435585511331855,0.9189578116202306,-0.9749279121818236,-0.2225209339563146
0.031182876713357253,0.03556683619292131,0.04207452735616236,0.033407847963851996,0.5221675088367684,0.6833333333333333,0.6873288747250774,-2.4492935982947064e-16,1.0,0.8486442574947509,0.5289640103269624,0.7818314824680298,0.6234898018587336
0.01307213154345089,-0.00835429915285852,0.016177495075823747,-0.004221212821029446,-0.1527235046531868,0.6833333333333333,0.6873737600430899,-2.4492935982947064e-16,1.0,0.9377521321470804,0.3473052528448203,0.9749279121818236,-0.22252093395631434
-0.024541084812064757,-0.016920861104808123,-0.010186835410455947,-0.0257082911551836,-0.045505678542273297,0.6833333333333333,0.6874186453611024,-2.4492935982947064e-16,1.0,0.9884683243281114,0.1514277775045767,0.43388373911755823,-0.900968867902419
-0.057523852488904716,-0.028560999331332246,-0.028560999331332246,-0.0738409713620021,-0.1864667118709014,0.6833333333333333,0.6874635306791149,-2.4492935982947064e-16,1.0,0.9987165071710528,-0.05064916883871264,-0.433883739117558,-0.9009688679024191
-0.0028235959131948886,-0.010591438931983468,-0.07093888733408316,0.03850155488881468,0.28767713923520044,0.6833333333333333,0.6875084159971274,-2.4492935982947064e-16,1.0,0.9680771188662043,-0.2506525322587204,-0.9749279121818236,-0.2225209339563146
0.03791492499664163,0.04340959149501644,0.03791492499664163,0.02749622597527564,0.046596701977698184,0.6833333333333333,0.6876430719511648,-2.4492935982947064e-16,1.0,0.6513724827222223,-0.758758122692791,0.7818314824680298,0.6234898018587336
-0.05310988510544092,-0.024947609148059834,0.039150869351178876,-0.07256130138656214,-0.15041430793470004,0.6833333333333333,0.6876879572691773,-2.4492935982947064e-16,1.0,0.48530196253108104,-0.8743466161445821,0.9749279121818236,-0.22252093395631434
-0.012518229676560237,-0.05644123587156712,-0.09226075445661981,0.014012337590389093,-0.15937726576764694,0.6833333333333333,0.6877328425871898,-2.4492935982947064e-16,1.0,0.29936312297335804,-0.9541392564000488,0.43388373911755823,-0.900968867902419
0.023936040528145394,0.03620301350546104,0.047650324841752884,0.04000538318381976,0.0883487450757737,0.6833333333333333,0.6877777279052023,-2.4492935982947064e-16,1.0,0.10116832198743272,-0.994869323391895,-0.433883739117558,-0.9009688679024191
0.022451899458307122,0.018494585964870507,0.02966508978230964,0.005333298503236831,0.9158675857766533,0.6833333333333333,0.6878226132232147,-2.4492935982947064e-16,1.0,-0.10116832198743204,-0.9948693233918952,-0.9749279121818236,-0.2225209339563146
-0.02387196025537709,0.009552800213813276,0.007060922914538028,-0.05935101927744566,-0.6606202079565141,0.6833333333333333,0.6879572691772522,-2.4492935982947064e-16,1.0,-0.6513724827222217,-0.7587581226927913,0.7818314824680298,0.6234898018587336
0.033996267090189006,-0.02361277223162669,-0.0403823203938963,0.05668792553072903,-0.41496023981886954,0.6833333333333333,0.6880021544952647,-2.4492935982947064e-16,1.0,-0.7907757369376986,-0.6121059825476627,0.9749279121818236,-0.22252093395631434
-0.02974194019765308,0.0017683032185590052,0.027992750684396082,-0.042675587940339765,0.25295369387146144,0.6833333333333333,0.6880470398132771,-2.4492935982947064e-16,1.0,-0.8978045395707417,-0.44039415155763423,0.43388373911755823,-0.900968867902419
-0.058268944111685136,-0.043042150261090054,-0.04368297341410818,-0.06813186428505885,0.4836359178061836,0.6833333333333333,0.6880919251312896,-2.4492935982947064e-16,1.0,-0.9680771188662041,-0.2506525322587213,-0.433883739117558,-0.9009688679024191
-0.019182776642391704,0.03639467967927466,-0.0653450781486414,0.10635308484611987,-0.272167020918334,0.6833333333333333,0.6881368104493021,-2.4492935982947064e-16,1.0,-0.9987165071710528,-0.05064916883871355,-0.9749279121818236,-0.2225209339563146
0.09336221732023302,0.004879167363256443,0.10098158889302573,-0.004474297577554531,-0.3892914843152346,0.6833333333333333,0.688316351721352,-2.4492935982947064e-16,1.0,-0.7247927872291207,0.6889669190756859,0.9749279121818236,-0.22252093395631434
0.006478476415986632,0.04921145638290104,0.0008971983755394517,-0.02727434854862752,0.2614238465839831,0.6833333333333333,0.6883612370393645,-2.4492935982947064e-16,1.0,-0.5712682150947924,0.8207634412072763,0.43388373911755823,-0.900968867902419
-0.006478476415986762,-0.056316275086478226,-0.023594495222303346,0.009174323698832552,-0.3437984287592275,0.6833333333333333,0.688406122357377,-2.4492935982947064e-16,1.0,-0.3943558551133187,0.9189578116202306,-0.433883739117558,-0.9009688679024191
0.012915252187034579,0.005333298503236831,0.0091407791178648,0.012704376277527319,0.5555695112013628,0.6833333333333333,0.6884510076753895,-2.4492935982947064e-16,1.0,-0.20129852008866114,0.9795299412524943,-0.9749279121818236,-0.2225209339563146
0.023551834052442468,0.023654231084497643,0.036627574349035456,0.03281889949397178,0.21413243721304942,0.7,0.6886305489474394,0.49999999999999994,0.8660254037844387,0.5712682150947923,0.8207634412072763,0.9749279121818236,-0.22252093395631434
0.004466303982545025,-0.00173314236015639,0.011338989183294599,-0.005249392677107111,-1.0666827146978142,0.7,0.6886754342654519,0.49999999999999994,0.8660254037844387,0.72479278722912,0.6889669190756866,0.43388373911755823,-0.900968867902419
-0.018893952370779735,0.0051903593956511805,-0.019264983892070497,0.0008768285626198116,0.3753187444845588,0.7,0.6887203195834642,0.49999999999999994,0.8660254037844387,0.8486442574947509,0.5289640103269624,-0.433883739117558,-0.9009688679024191
0.035686178977682975,0.017956877118452112,0.00880282327139576,0.01823759107433686,-0.44139840921608325,0.7,0.6887652049014767,0.49999999999999994,0.8660254037844387,0.9377521321470804,0.3473052528448203,-0.9749279121818236,-0.2225209339563146
-0.023947885182756246,-0.008510722134005229,0.02509867500077291,-0.03860124655161487,0.3308863010202389,0.7,0.6888998608555142,0.49999999999999994,0.8660254037844387,0.9680771188662043,-0.2506525322587204,0.7818314824680298,0.6234898018587336
-0.005400590884653512,-0.01637258288231751,-0.03390149827216874,-0.0008948751121701702,0.47082072816016013,0.7,0.6889447461735266,0.49999999999999994,0.8660254037844387,0.8978045395707416,-0.4403941515576344,0.9749279121818236,-0.22252093395631434
-0.014545697130018563,-0.02730248134811747,-0.027792054431045977,-0.008089945477961508,-0.6353396849240958,0.7,0.6889896314915391,0.49999999999999994,0.8660254037844387,0.7907757369376989,-0.6121059825476626,0.43388373911755823,-0.900968867902419
-0.005509694411108406,0.04110769156492757,0.011748902771285718,0.04758606714174646,0.4619517740866559,0.7,0.6890345168095516,0.49999999999999994,0.8660254037844387,0.6513724827222223,-0.758758122692791,-0.433883739117558,-0.9009688679024191
0.03971645970521055,-0.010335999354434333,0.02921853904564348,-0.01299278715324164,-0.6747521454011085,0.7,0.6890794021275641,0.49999999999999994,0.8660254037844387,0.48530196253108104,-0.8743466161445821,-0.9749279121818236,-0.2225209339563146
-0.015158567027829941,0.01546417015870402,0.007822738866343633,-0.026503334510543528,0.792354092073066,0.7,0.689258943399614,0.49999999999999994,0.8660254037844387,-0.29936312297335776,-0.9541392564000489,0.9749279121818236,-0.22252093395631434
-0.018132845460277994,-0.022414669218439858,-0.0325589584581092,0.025631094703935722,-0.32828155701143025,0.7,0.6893038287176265,0.49999999999999994,0.8660254037844387,-0.4853019625310808,-0.8743466161445822,0.43388373911755823,-0.900968867902419
0.03417599712003814,0.002612080947296891,0.024736219591765536,0.002614357325274253,-0.7268447130571163,0.7,0.689348714035639,0.49999999999999994,0.8660254037844387,-0.6513724827222217,-0.7587581226927913,-0.433883739117558,-0.9009688679024191
-0.0034542800923331217,0.02490467594453886,0.0,0.0232268899926478,0.5251895313941831,0.7,0.6893935993536515,0.49999999999999994,0.8660254037844387,-0.7907757369376986,-0.6121059825476627,-0.9749279121818236,-0.2225209339563146
0.014008457369179106,-0.0016977511491481757,0.026691245549295365,-0.0059702223446003785,-0.6120006391322619,0.7,0.6895282553076889,0.49999999999999994,0.8660254037844387,-0.9987165071710528,-0.05064916883871355,0.7818314824680298,0.6234898018587336
0.001748208835919545,0.008460238815792066,-0.013687194026092022,0.010212926151275472,0.799732915426201,0.7,0.6895731406257014,0.49999999999999994,0.8660254037844387,-0.9884683243281114,0.15142777750457667,0.9749279121818236,-0.22252093395631434
0.01731643392534468,0.005042062709972107,0.021304598483120208,-0.004242703806675046,-0.31007129376490805,0.7,0.6896180259437139,0.49999999999999994,0.8660254037844387,-0.9377521321470804,0.3473052528448203,0.43388373911755823,-0.900968867902419
0.009397814665695264,0.0016750007260838524,0.0033670034395804167,0.013513706104480555,0.24976787678180543,0.7,0.6896629112617263,0.49999999999999994,0.8660254037844387,-0.8486442574947509,0.5289640103269624,-0.433883739117558,-0.9009688679024191
0.005089024226135983,0.007503174295878617,-0.003367003439580308,0.006688981750297954,-0.10743273205154659,0.7,0.6897077965797388,0.49999999999999994,0.8660254037844387,-0.7247927872291207,0.6889669190756859,-0.9749279121818236,-0.2225209339563146
0.00758538439610527,0.05100256364234744,0.004207005933839776,0.04481403098778954,0.25312617995215597,0.7,0.6898424525337763,0.49999999999999994,0.8660254037844387,-0.20129852008866114,0.9795299412524943,0.7818314824680298,0.6234898018587336
0.024876920691390445,0.005509631823740678,0.06185862979920617,-0.021748779801810652,-0.1535418108208383,0.7,0.6898873378517887,0.49999999999999994,0.8660254037844387,-2.4492935982947064e-16,1.0,0.9749279121818236,-0.22252093395631434
0.007343986638417644,-0.007089447160590692,-0.0272016893660842,0.016155425287520342,-0.26528899552174523,0.7,0.6899322231698012,0.8660254037844386,0.5000000000000001,0.20129852008866006,0.9795299412524945,0.43388373911755823,-0.900968867902419
0.0008126963985558254,0.005518393886987535,0.015292091245960305,-0.006430884414196457,0.6305237098826121,0.7,0.6899771084878137,0.8660254037844386,0.5000000000000001,0.39435585511331855,0.9189578116202306,-0.433883739117558,-0.9009688679024191
-0.0032546782534549324,0.0007857977050676838,0.009539013645775776,0.02626493476257146,-0.6699834108899707,0.7,0.6900219938058262,0.8660254037844386,0.5000000000000001,0.5712682150947923,0.8207634412072763,-0.9749279121818236,-0.2225209339563146
0.01817125909760662,0.043050493244927886,0.004735562565731005,0.04003617582235681,0.6940905152452007,0.7,0.6901566497598636,0.8660254037844386,0.5000000000000001,0.9377521321470804,0.3473052528448203,0.7818314824680298,0.6234898018587336
0.014697417948591607,-0.0060377484328339275,0.03709857378276837,-0.04003617582235681,-0.4011877465987941,0.7,0.6902015350778761,0.8660254037844386,0.5000000000000001,0.9884683243281114,0.1514277775045767,0.9749279121818236,-0.22252093395631434
-0.00474312503172168,-0.010654617135171015,-0.03395392005041092,0.014815127649685404,0.07825615736637034,0.7,0.6902464203958886,0.8660254037844386,0.5000000000000001,0.9987165071710528,-0.05064916883871264,0.43388373911755823,-0.900968867902419
0.021944433751480814,0.008381047942023361,0.017121061689158057,0.010777651718640221,-0.24357648620431754,0.7,0.6902913057139011,0.8660254037844386,0.5000000000000001,0.9680771188662043,-0.2506525322587204,-0.433883739117558,-0.9009688679024191
-0.02115233637289107,-0.009912403844420084,0.0,-0.031896970960381,-0.4864668154268455,0.7,0.6903361910319135,0.8660254037844386,0.5000000000000001,0.8978045395707416,-0.4403941515576344,-0.9749279121818236,-0.2225209339563146
0.00788643118643615,-0.0030698382672247233,-0.016336422263132765,0.020345008021375562,0.439873765509628,0.7,0.690470846985951,0.8660254037844386,0.5000000000000001,0.48530196253108104,-0.8743466161445821,0.7818314824680298,0.6234898018587336
-0.03761942743281777,0.00460119416962141,0.009367741111531897,0.009252177604173784,-0.37710901847551637,0.7,0.6905157323039635,0.8660254037844386,0.5000000000000001,0.29936312297335804,-0.9541392564000488,0.9749279121818236,-0.22252093395631434
0.02497104914699388,0.000764835909384752,0.01618532748021511,-0.035146125435775416,-0.10601151496471824,0.7,0.6905606176219758,0.8660254037844386,0.5000000000000001,0.10116832198743272,-0.994869323391895,0.43388373911755823,-0.900968867902419
0.003256455489521603,0.0022909313915729407,-0.034217924315860966,0.037445910770607306,-0.11177740154310561,0.7,0.6906055029399883,0.8660254037844386,0.5000000000000001,-0.10116832198743204,-0.9948693233918952,-0.433883739117558,-0.9009688679024191
0.01721671886744565,0.0038066427145914943,0.038794623304206285,0.004583618815111818,0.270605844577794,0.7,0.6906503882580008,0.8660254037844386,0.5000000000000001,-0.29936312297335776,-0.9541392564000489,-0.9749279121818236,-0.2225209339563146
-0.004812789085940693,0.01358513762350357,0.012103010384147572,-0.019238762077344998,0.4210595123394895,0.7,0.6908299295300507,0.8660254037844386,0.5000000000000001,-0.8978045395707417,-0.44039415155763423,0.9749279121818236,-0.22252093395631434
0.0032527650705285174,-0.02504874180867426,-0.036757621880814606,0.0023282690803622915,-0.11220424176129713,0.7,0.6908748148480632,0.8660254037844386,0.5000000000000001,-0.9680771188662041,-0.2506525322587213,0.43388373911755823,-0.900968867902419
0.010097107979273602,0.020540813823520594,0.010089345729125175,0.02752472022246057,-0.010718392061570242,0.7,0.6909197001660757,0.8660254037844386,0.5000000000000001,-0.9987165071710528,-0.05064916883871355,-0.433883739117558,-0.9009688679024191
0.008464891739521417,0.005257289480072902,0.026668276151689346,-0.007570087716443341,0.5352922572775762,0.7,0.6909645854840882,0.8660254037844386,0.5000000000000001,-0.9884683243281114,0.15142777750457667,-0.9749279121818236,-0.2225209339563146
-0.03827095393537567,-0.015094683806101046,-0.038318863741942544,-0.024616604156739403,-0.5031828191332353,0.7,0.6910992414381256,0.8660254037844386,0.5000000000000001,-0.7247927872291207,0.6889669190756859,0.7818314824680298,0.6234898018587336
-0.025807936064341508,-0.01919444781833908,0.006230543734639389,-0.04622336096855052,0.36691147798177803,0.7,0.6911441267561381,0.8660254037844386,0.5000000000000001,-0.5712682150947924,0.8207634412072763,0.9749279121818236,-0.22252093395631434
-0.047687805548605695,-0.030698939021599595,-0.04933378038431529,-0.04932049634097891,0.6115623517223597,0.7,0.6911890120741506,0.8660254037844386,0.5000000000000001,-0.3943558551133187,0.9189578116202306,0.43388373911755823,-0.900968867902419
0.005980342067975097,-0.034977156583784794,-0.040787989012461584,0.008532507328517444,-0.008965875377376451,0.7,0.6912338973921631,1.0,6.123233995736766e-17,0.20129852008866006,0.9795299412524945,-0.433883739117558,-0.9009688679024191
-0.04263366625362357,-0.010819923774501828,0.003392705575301804,-0.044297317126067326,-0.343977893979312,0.7,0.6912787827101755,1.0,6.123233995736766e-17,0.39435585511331855,0.9189578116202306,-0.9749279121818236,-0.2225209339563146
-0.0026702047565201077,0.00916296367668356,-0.05124874184598782,0.058637429782150405,-0.093036931025719,0.7,0.691413438664213,1.0,6.123233995736766e-17,0.8486442574947509,0.5289640103269624,0.7818314824680298,0.6234898018587336
0.03631989253218391,0.0008287837324870474,0.05715839967366362,-0.005037749253105548,0.28901757715467735,0.7,0.6914583239822255,1.0,6.123233995736766e-17,0.9377521321470804,0.3473052528448203,0.9749279121818236,-0.22252093395631434
0.020838507141479855,0.016434286204758362,0.003361344470129735,0.026579612537632934,-0.18346951460957958,0.7,0.6915032093002379,1.0,6.123233995736766e-17,0.9884683243281114,0.1514277775045767,0.43388373911755823,-0.900968867902419
0.011715643622988247,0.003254678253454826,0.028124281139354286,0.007349984368834468,-0.3772590700156052,0.7,0.6915480946182504,1.0,6.123233995736766e-17,0.9987165071710528,-0.05064916883871264,-0.433883739117558,-0.9009688679024191
0.00745956202408834,0.04293186674376142,0.0016299517969225398,0.023322324733552835,-0.06368019187461972,0.7,0.6915929799362629,1.0,6.123233995736766e-17,0.9680771188662043,-0.2506525322587204,-0.9749279121818236,-0.2225209339563146
0.03489200294810205,-0.003117692361982873,0.020951631188772062,0.008706003451981035,-0.08219812851403185,0.7,0.6917276358903003,1.0,6.123233995736766e-17,0.6513724827222223,-0.758758122692791,0.7818314824680298,0.6234898018587336
-0.0431838770132543,-0.0007809628388730537,0.020521653663981315,-0.007117404426767002,-0.011384507019585538,0.7,0.6917725212083128,1.0,6.123233995736766e-17,0.48530196253108104,-0.8743466161445821,0.9749279121818236,-0.22252093395631434
0.03034262135096891,-0.01574834159392558,-0.01574834159392558,-0.008768538420527897,-0.4973786004574797,0.7,0.6918174065263253,1.0,6.123233995736766e-17,0.29936312297335804,-0.9541392564000488,0.43388373911755823,-0.900968867902419
-0.005345439478744481,0.0,-0.020040750270584263,0.007974554363745601,0.032426877614181455,0.7,0.6918622918443378,1.0,6.123233995736766e-17,0.10116832198743272,-0.994869323391895,-0.433883739117558,-0.9009688679024191
-0.0011375591364504107,0.011834427371628226,0.020040750270584242,0.009486228026673442,1.3337231755816583,0.7,0.6919071771623503,1.0,6.123233995736766e-17,-0.10116832198743204,-0.9948693233918952,-0.9749279121818236,-0.2225209339563146
0.02171372043877946,0.03240264658891836,0.010264532377067561,0.022560269258838722,-0.6955160974603661,0.7,0.6920418331163877,1.0,6.123233995736766e-17,-0.6513724827222217,-0.7587581226927913,0.7818314824680298,0.6234898018587336
0.002383845908756386,-0.014524242184257088,0.01867764230666653,-0.016285744853347817,-0.25473729374207704,0.7,0.6920867184344002,1.0,6.123233995736766e-17,-0.7907757369376986,-0.6121059825476627,0.9749279121818236,-0.22252093395631434
0.009085566641896435,0.0011395717232659996,-0.013193833089808545,-0.0023483167540973636,0.3406968211888838,0.7,0.6921316037524127,1.0,6.123233995736766e-17,-0.8978045395707417,-0.44039415155763423,0.43388373911755823,-0.900968867902419
-0.017053766566448036,-0.0026815538647945248,-0.009419212750162352,0.015552398013476215,0.0009441909818447953,0.7,0.6921764890704251,1.0,6.123233995736766e-17,-0.9680771188662041,-0.2506525322587213,-0.433883739117558,-0.9009688679024191
0.026836665837351736,0.02363818897267973,0.018750531182989704,0.01986316075482312,-0.1319465225162479,0.7,0.6922213743884376,1.0,6.123233995736766e-17,-0.9987165071710528,-0.05064916883871355,-0.9749279121818236,-0.2225209339563146
0.02916554447678375,0.037712363367266986,0.028987545309115185,0.029073936815211643,-0.04191352470732512,0.7,0.6923560303424751,1.0,6.123233995736766e-17,-0.8486442574947509,0.5289640103269624,0.7818314824680298,0.6234898018587336
0.017248237244426316,-0.005092749850872003,0.028170884933900155,-0.00811510599321887,-0.32078216202346804,0.7,0.6924009156604874,1.0,6.123233995736766e-17,-0.7247927872291207,0.6889669190756859,0.9749279121818236,-0.22252093395631434
-0.061321906848998055,-0.0124772316898677,-0.011025512055932695,-0.043913181184823895,0.4774900264472323,0.7,0.6924458009785,1.0,6.123233995736766e-17,-0.5712682150947924,0.8207634412072763,0.43388373911755823,-0.900968867902419
-0.027082766173070174,-0.052304423639186526,-0.05156558141905427,-0.01875053118298971,0.16747828001944837,0.7,0.6924906862965124,1.0,6.123233995736766e-17,-0.3943558551133187,0.9189578116202306,-0.433883739117558,-0.9009688679024191
0.019146261931040878,0.008523852839979518,-0.006245135136338315,0.007855454978545402,-0.29058409154975307,0.7,0.692535571614525,1.0,6.123233995736766e-17,-0.20129852008866114,0.9795299412524943,-0.9749279121818236,-0.2225209339563146
0.013454898129016832,0.01074456545936407,0.0031274427743554034,0.017067929406421177,-0.1324127154650581,0.7,0.6926702275685623,0.8660254037844387,-0.4999999999999998,0.39435585511331855,0.9189578116202306,0.7818314824680298,0.6234898018587336
0.0015710532736032035,0.02859481219849908,-0.005479516487195694,0.014509577454441216,0.38948279969063604,0.7,0.6927151128865748,0.8660254037844387,-0.4999999999999998,0.5712682150947923,0.8207634412072763,0.9749279121818236,-0.22252093395631434
-0.013433633854359226,-0.027831799937675927,0.025572872108387563,-0.023007091330068178,-0.07756646672960237,0.7,0.6927599982045873,0.8660254037844387,-0.4999999999999998,0.72479278722912,0.6889669190756866,0.43388373911755823,-0.900968867902419
0.005553417556270643,-0.01614798979142569,-0.013092222490467997,-0.01249046697603527,-0.2387080678553214,0.7,0.6928048835225998,0.8660254037844387,-0.4999999999999998,0.8486442574947509,0.5289640103269624,-0.433883739117558,-0.9009688679024191
-0.039537277490449566,-0.016413033136755333,-0.02910153419951051,-0.023044323030087608,0.32665904799846673,0.7,0.6929844247946497,0.8660254037844387,-0.4999999999999998,0.9680771188662043,-0.2506525322587204,0.7818314824680298,0.6234898018587336
-0.026690466848768607,-0.015885942847294922,-0.0047999664911764234,-0.035177398430289906,0.009567899147662198,0.7,0.6930293101126622,0.8660254037844387,-0.4999999999999998,0.8978045395707416,-0.4403941515576344,0.9749279121818236,-0.22252093395631434
0.006739699014359936,0.004792374963510659,-0.027644048715148035,0.039988989158758426,-0.06977709480012222,0.7,0.6930741954306747,0.8660254037844387,-0.4999999999999998,0.7907757369376989,-0.6121059825476626,0.43388373911755823,-0.900968867902419
0.04273455951870765,0.029829535610124604,0.034038948385295524,0.005584354015795209,0.045567741792878834,0.7,0.6931190807486871,0.8660254037844387,-0.4999999999999998,0.6513724827222223,-0.758758122692791,-0.433883739117558,-0.9009688679024191
-0.03021870398104398,-0.02664735620988973,-0.007197164354928016,-0.038107514194932,-0.42286990480391384,0.7,0.6931639660666996,0.8660254037844387,-0.4999999999999998,0.48530196253108104,-0.8743466161445821,-0.9749279121818236,-0.2225209339563146
-0.00582127614309803,-0.011182252585377528,-0.020268225174008416,0.0261025985190438,-0.7974062495118626,0.7,0.6932986220207371,0.8660254037844387,-0.4999999999999998,-0.10116832198743204,-0.9948693233918952,0.7818314824680298,0.6234898018587336
-0.009216626382455845,0.003207698221631834,0.022673014565425635,-0.010522162174122371,0.6783605236528609,0.7,0.6933435073387495,0.8660254037844387,-0.4999999999999998,-0.29936312297335776,-0.9541392564000489,0.9749279121818236,-0.22252093395631434
-0.007604612253829462,-0.02185433021704541,-0.02185433021704541,-0.02721816876200816,-0.5024553998978423,0.7,0.693388392656762,0.8660254037844387,-0.4999999999999998,-0.4853019625310808,-0.8743466161445822,0.43388373911755823,-0.900968867902419
-0.009373707785599122,-0.017334320445736708,-0.017334320445736708,-0.016013791547436786,0.5588838832383687,0.7,0.6934332779747745,0.8660254037844387,-0.4999999999999998,-0.6513724827222217,-0.7587581226927913,-0.433883739117558,-0.9009688679024191
0.016136195452243058,0.031150068201219117,-0.0016667051994683913,0.03833795210491256,0.04281259619090569,0.7,0.693478163292787,0.8660254037844387,-0.4999999999999998,-0.7907757369376986,-0.6121059825476627,-0.9749279121818236,-0.2225209339563146
0.008389342897665429,-0.016273814280563514,0.008305727297672743,-0.013168902443894044,-0.467155400778263,0.7,0.6936128192468244,0.8660254037844387,-0.4999999999999998,-0.9987165071710528,-0.05064916883871355,0.7818314824680298,0.6234898018587336
-0.0033472801876933624,0.0006560910513354545,-0.0016556674220875463,-0.0024885731132919166,-0.39608342848090017,0.7,0.6936577045648369,0.8660254037844387,-0.4999999999999998,-0.9884683243281114,0.15142777750457667,0.9749279121818236,-0.22252093395631434
0.013570545181024974,0.014002177031419339,0.013168902443894027,0.021364841172949414,0.3831032123383301,0.7,0.6937025898828494,0.8660254037844387,-0.4999999999999998,-0.9377521321470804,0.3473052528448203,0.43388373911755823,-0.900968867902419
0.007989102198768236,0.0036312387345704754,0.005707365615763276,0.0,-0.24902268763374652,0.7,0.6937474752008619,0.8660254037844387,-0.4999999999999998,-0.8486442574947509,0.5289640103269624,-0.433883739117558,-0.9009688679024191
0.004501771988048077,0.013997444288546651,0.006482998615194865,0.02091791656375383,0.6643142569908872,0.7,0.6937923605188743,0.8660254037844387,-0.4999999999999998,-0.7247927872291207,0.6889669190756859,-0.9749279121818236,-0.2225209339563146
-0.018545713867639695,0.0,0.016820583675558755,-0.04311368665934607,-0.5420342787724495,0.7,0.6939270164729118,0.8660254037844387,-0.4999999999999998,-0.20129852008866114,0.9795299412524943,0.7818314824680298,0.6234898018587336
-0.04422493182135657,-0.036397046264380076,-0.039697376046906,-0.036398376792039194,1.0292921274576645,0.7,0.6939719017909243,0.5000000000000003,-0.8660254037844385,0.20129852008866006,0.9795299412524945,0.9749279121818236,-0.22252093395631434
-0.011368737671923996,-0.03520900697875023,-0.05085844875991424,-0.015638920089044828,-0.6166893422736243,0.7,0.6940167871089367,0.5000000000000003,-0.8660254037844385,0.39435585511331855,0.9189578116202306,0.43388373911755823,-0.900968867902419
-0.0017605201602016367,0.014400932644711999,-0.011368737671923996,0.03780515371302841,0.385307273455958,0.7,0.6940616724269492,0.5000000000000003,-0.8660254037844385,0.5712682150947923,0.8207634412072763,-0.433883739117558,-0.9009688679024191
0.006148433371516319,-0.005059068036503245,0.03966037384382273,-0.03692986011536094,-0.11771658102427177,0.7,0.6941065577449617,0.5000000000000003,-0.8660254037844385,0.72479278722912,0.6889669190756866,-0.9749279121818236,-0.2225209339563146
-0.001752888970402403,0.005899696520100642,-0.03527246063250821,0.02249223508235913,-0.18451050134698357,0.7,0.694241213698999,0.5000000000000003,-0.8660254037844385,0.9884683243281114,0.1514277775045767,0.7818314824680298,0.6234898018587336
0.013937577605060644,0.0025178936291555655,0.012184688634658205,0.01528045939176586,-0.1956675999497901,0.7,0.6942860990170115,0.5000000000000003,-0.8660254037844385,0.9987165071710528,-0.05064916883871264,0.9749279121818236,-0.22252093395631434
-0.01306074904244082,-0.0008385936526568889,0.01800306062134203,-0.03427924455847973,0.5290278008643732,0.7,0.694330984335024,0.5000000000000003,-0.8660254037844385,0.9680771188662043,-0.2506525322587204,0.43388373911755823,-0.900968867902419
-0.01323350746228462,-0.0042034690573152095,-0.0102478128970686,-0.013163908605862338,0.08402127237920357,0.7,0.6943758696530365,0.5000000000000003,-0.8660254037844385,0.8978045395707416,-0.4403941515576344,-0.433883739117558,-0.9009688679024191
0.03747709655009369,0.1062026161623269,0.003427592321094967,0.1298807977698645,0.7159325020675384,0.7,0.694420754971049,0.5000000000000003,-0.8660254037844385,0.7907757369376989,-0.6121059825476626,-0.9749279121818236,-0.2225209339563146
0.09694198997275048,0.034255027829513215,0.15573810338360589,-0.0007761140245378629,-0.1402284448864952,0.7,0.6945554109250864,0.5000000000000003,-0.8660254037844385,0.29936312297335804,-0.9541392564000488,0.7818314824680298,0.6234898018587336
-0.02436273123732133,-0.030474290539996084,-0.05879611341085534,-0.020392881516523426,-0.5634972974656929,0.7,0.6946002962430989,0.5000000000000003,-0.8660254037844385,0.10116832198743272,-0.994869323391895,0.9749279121818236,-0.22252093395631434
-0.07343499479590655,-0.08174226118537772,-0.05834659117150035,-0.04373166185390356,0.6705572985758179,0.7,0.6946451815611114,0.5000000000000003,-0.8660254037844385,-0.10116832198743204,-0.9948693233918952,0.43388373911755823,-0.900968867902419
0.025360550948501287,0.004086657930203078,-0.01409058391322622,-0.007478236240916427,-0.8891241828626159,0.7,0.6946900668791239,0.5000000000000003,-0.8660254037844385,-0.29936312297335776,-0.9541392564000489,-0.433883739117558,-0.9009688679024191
-0.13186329731316776,-0.03993879362159663,-0.023649728975060225,-0.10082993986215477,1.0449013615798166,0.7,0.6947349521971363,0.5000000000000003,-0.8660254037844385,-0.4853019625310808,-0.8743466161445822,-0.9749279121818236,-0.2225209339563146
0.023530497410194036,-0.028413442213278208,-0.06807749539220691,0.025502268443113072,-0.2460442715567366,0.7,0.6948696081511738,0.5000000000000003,-0.8660254037844385,-0.8978045395707417,-0.44039415155763423,0.7818314824680298,0.6234898018587336
0.027732837531122805,0.0017452410797257508,0.01723394842160861,0.008060961956023033,-0.27651016918572957,0.7,0.6949144934691863,0.5000000000000003,-0.8660254037844385,-0.9680771188662041,-0.2506525322587213,0.9749279121818236,-0.22252093395631434
0.007903673213261554,0.042668587456145206,0.001796986787069242,0.05214042525288698,0.16101439209421314,0.7,0.6949593787871987,0.5000000000000003,-0.8660254037844385,-0.9987165071710528,-0.05064916883871355,0.43388373911755823,-0.900968867902419
0.01876356566819514,-0.026239374042146473,0.021315173436448235,-0.017941534742257167,0.26414884433093294,0.7,0.6950042641052112,0.5000000000000003,-0.8660254037844385,-0.9884683243281114,0.15142777750457667,-0.433883739117558,-0.9009688679024191
0.015646480135235657,0.005985455804441119,0.013094872366982521,0.0034423408007335458,-1.173371497760598,0.7,0.6950491494232237,0.5000000000000003,-0.8660254037844385,-0.9377521321470804,0.3473052528448203,-0.9749279121818236,-0.2225209339563146
0.010353836146039488,0.02192332630968109,0.011211856714419188,0.009405768791794793,0.3171308706786349,0.7,0.6952286906952736,0.5000000000000003,-0.8660254037844385,-0.3943558551133187,0.9189578116202306,0.9749279121818236,-0.22252093395631434
-0.0034393811290234413,-0.0033416875335853975,0.0025695717527152266,0.0008507213430538839,0.08934600908895073,0.7,0.6952735760132861,0.5000000000000003,-0.8660254037844385,-0.20129852008866114,0.9795299412524943,0.43388373911755823,-0.900968867902419
-0.018253444200310553,-0.016027300483221284,0.0008550859129637947,-0.028462457426959534,-0.5001735748103802,0.7,0.6953184613312986,0.5000000000000003,-0.8660254037844385,-2.4492935982947064e-16,1.0,-0.433883739117558,-0.9009688679024191
-0.04852703904591683,0.0008499982313733798,-0.04189090160767624,0.001748208835919545,0.9669803100849158,0.7,0.6953633466493111,1.2246467991473532e-16,-1.0,0.20129852008866006,0.9795299412524945,-0.9749279121818236,-0.2225209339563146
0.05027992801631935,0.0025455874709953276,0.023779148046664988,0.018174454493724325,-0.07981105826777854,0.7,0.6954980026033485,1.2246467991473532e-16,-1.0,0.72479278722912,0.6889669190756866,0.7818314824680298,0.6234898018587336
-0.012334988511449098,-0.010221544107446278,0.005208381541069537,-0.028710099529790544,-0.0932837083363433,0.7,0.695542887921361,1.2246467991473532e-16,-1.0,0.8486442574947509,0.5289640103269624,0.9749279121818236,-0.22252093395631434
-0.007028143295760068,0.023689748183887797,0.003457217035495021,0.05076359973158676,0.4667581107628601,0.7,0.6955877732393735,1.2246467991473532e-16,-1.0,0.9377521321470804,0.3473052528448203,0.43388373911755823,-0.900968867902419
0.019363131807209118,0.0033388980759683543,0.03476397927086194,-0.04022795469552064,-0.38714373741080527,0.7,0.6956326585573859,1.2246467991473532e-16,-1.0,0.9884683243281114,0.1514277775045767,-0.433883739117558,-0.9009688679024191
-0.003948246071580752,0.01159916412364431,-0.04517169536609282,0.05107496242310142,0.25254688103988787,0.7,0.6956775438753984,1.2246467991473532e-16,-1.0,0.9987165071710528,-0.05064916883871264,-0.9749279121818236,-0.2225209339563146
0.03498519071844595,0.01876836324126302,0.03596278515569876,-0.021812964451539945,-0.3219060856559155,0.7,0.6958121998294359,1.2246467991473532e-16,-1.0,0.7907757369376989,-0.6121059825476626,0.7818314824680298,0.6234898018587336
0.0,0.0,0.0008406284835973506,0.04721371293887915,-0.37052373102944347,0.7,0.6958570851474483,1.2246467991473532e-16,-1.0,0.6513724827222223,-0.758758122692791,0.9749279121818236,-0.22252093395631434
0.04075414047491196,0.08444814989777319,0.041158073786099335,0.0732986253160527,1.2303198060587968,0.7,0.6959019704654608,1.2246467991473532e-16,-1.0,0.48530196253108104,-0.8743466161445821,0.43388373911755823,-0.900968867902419
0.04929454755553769,0.00222632620220564,0.06327767957466533,-0.009063497339854334,-0.7547068088645972,0.7,0.6959468557834733,1.2246467991473532e-16,-1.0,0.29936312297335804,-0.9541392564000488,-0.433883739117558,-0.9009688679024191
0.010802527057458603,0.042806692058405905,-0.006836346628656387,0.059642220088180396,0.39380964647851674,0.7,0.6959917411014858,1.2246467991473532e-16,-1.0,0.10116832198743272,-0.994869323391895,-0.9749279121818236,-0.2225209339563146
0.04602348003807522,0.005665732178300511,0.04980591424562043,0.0014286043689476547,-0.3320071051598203,0.7,0.6961263970555231,1.2246467991473532e-16,-1.0,-0.4853019625310808,-0.8743466161445822,0.7818314824680298,0.6234898018587336
0.02934455867374614,0.03742640331993719,0.024356515756648454,0.03161484268277313,0.3361113159920695,0.7,0.6961712823735356,1.2246467991473532e-16,-1.0,-0.6513724827222217,-0.7587581226927913,0.9749279121818236,-0.22252093395631434
0.01272997057765482,-0.012664859679974065,0.01962219462682182,-0.006243527241665724,-0.028009239810027894,0.7,0.6962161676915481,1.2246467991473532e-16,-1.0,-0.7907757369376986,-0.6121059825476627,0.43388373911755823,-0.900968867902419
-0.04307912582815124,-0.008649076371853252,-0.0027797072953467043,-0.0477468732152298,-0.19242624957860693,0.7,0.6962610530095606,1.2246467991473532e-16,-1.0,-0.8978045395707417,-0.44039415155763423,-0.433883739117558,-0.9009688679024191
0.009492595034358403,0.011057461968724267,-0.0433768429880043,0.054681740185526434,1.2019131784236412,0.7,0.6963059383275731,1.2246467991473532e-16,-1.0,-0.9680771188662041,-0.2506525322587213,-0.9749279121818236,-0.2225209339563146
0.02227900029742471,0.022359796634155094,0.026534355656529094,0.021197338355800833,-0.9318036327089497,0.7,0.6964405942816105,1.2246467991473532e-16,-1.0,-0.9377521321470804,0.3473052528448203,0.7818314824680298,0.6234898018587336
0.0410778366135779,0.043466539124159424,0.04294287799024783,0.03979307406523597,0.021313815608741505,0.7,0.696485479599623,1.2246467991473532e-16,-1.0,-0.8486442574947509,0.5289640103269624,0.9749279121818236,-0.22252093395631434
0.04599281283459929,0.03540195319944758,0.049596941139372186,0.02567532697736046,0.12172867668856827,0.7,0.6965303649176355,1.2246467991473532e-16,-1.0,-0.7247927872291207,0.6889669190756859,0.43388373911755823,-0.900968867902419
-0.011795700494948312,-0.01564977129340888,0.005789668932033263,-0.01984061664970214,-0.4629081387888253,0.7,0.6965752502356479,1.2246467991473532e-16,-1.0,-0.5712682150947924,0.8207634412072763,-0.433883739117558,-0.9009688679024191
0.02087484126296854,0.019988153916475678,0.010210672414407755,0.024266842544731857,0.06234394267739766,0.7,0.6966201355536604,1.2246467991473532e-16,-1.0,-0.3943558551133187,0.9189578116202306,-0.9749279121818236,-0.2225209339563146
0.0025789803135358655,-0.01935748374763815,0.0012690647308042776,-0.0006311283714263588,-0.07899016731091746,0.7,0.6967547915076979,-0.4999999999999997,-0.8660254037844388,0.39435585511331855,0.9189578116202306,0.7818314824680298,0.6234898018587336
0.01495523549474092,0.02429271421612899,0.0012673958492099115,0.02000064763127573,-0.5297858606343255,0.7,0.6967996768257103,-0.4999999999999997,-0.8660254037844388,0.5712682150947923,0.8207634412072763,0.9749279121818236,-0.22252093395631434
0.015484685843852111,0.01162451333754341,0.01633197618919902,0.008626017355984852,0.041463491546573014,0.7,0.6968894474617353,-0.4999999999999997,-0.8660254037844388,0.8486442574947509,0.5289640103269624,-0.433883739117558,-0.9009688679024191
-0.012570863542201858,0.00908269128664546,0.0,0.013406734795882787,-0.40788878016574287,0.7,0.6969343327797478,-0.4999999999999997,-0.8660254037844388,0.9377521321470804,0.3473052528448203,-0.9749279121818236,-0.2225209339563146
-0.0069819775570561125,-0.008474589809257476,0.02461672154982246,-0.027617635043479315,-0.13577167033492354,0.7,0.6970689887337852,-0.4999999999999997,-0.8660254037844388,0.9680771188662043,-0.2506525322587204,0.7818314824680298,0.6234898018587336
0.0006367544901816767,-0.01964468348291069,-0.021506227906489067,-0.020748932311173387,0.5258128462662756,0.7,0.6971138740517977,-0.4999999999999997,-0.8660254037844388,0.8978045395707416,-0.4403941515576344,0.9749279121818236,-0.22252093395631434
0.001272233273145163,-0.0006200509676611306,-0.02324960771531696,0.023235006627540813,-0.07370384771919511,0.7,0.6971587593698102,-0.4999999999999997,-0.8660254037844388,0.7907757369376989,-0.6121059825476626,0.43388373911755823,-0.900968867902419
0.005072989793729143,0.004950500193259122,0.017643853335931,-0.008728256127812549,0.29707750449942494,0.7,0.6972036446878227,-0.4999999999999997,-0.8660254037844388,0.6513724827222223,-0.758758122692791,-0.433883739117558,-0.9009688679024191
0.006305154996403678,0.005540189482388325,0.0043627177013690005,-0.001253161675017808,-0.7745866758495832,0.7,0.6972485300058351,-0.4999999999999997,-0.8660254037844388,0.48530196253108104,-0.8743466161445821,-0.9749279121818236,-0.2225209339563146
-0.011371778897735397,-0.017962756575972273,-0.006864280058599305,-0.0031397320381760085,-0.06617279868893754,0.7,0.6973831859598726,-0.4999999999999997,-0.8660254037844388,-0.10116832198743204,-0.9948693233918952,0.7818314824680298,0.6234898018587336
-0.013446509611114986,-0.007528259214184675,-0.0056515159219760695,-0.004412216161037665,0.23490739480712827,0.7,0.6974280712778851,-0.4999999999999997,-0.8660254037844388,-0.29936312297335776,-0.9541392564000489,0.9749279121818236,-0.22252093395631434
-0.07005198515280141,-0.0012602684659790264,-0.008220097753954476,-0.07542082509843087,1.4712296807574667,0.7,0.6974729565958975,-0.4999999999999997,-0.8660254037844388,-0.4853019625310808,-0.8743466161445822,0.43388373911755823,-0.900968867902419
0.0020710903291759376,-0.0624390072101995,-0.062213171614081964,0.0020414932317038307,-0.4692150289316318,0.7,0.69751784191391,-0.4999999999999997,-0.8660254037844388,-0.6513724827222217,-0.7587581226927913,-0.433883739117558,-0.9009688679024191
-0.005532512278883491,-0.0026881711636244287,-0.013605638815206152,-0.0006800563970844381,-0.16415893206498772,0.7,0.6975627272319225,-0.4999999999999997,-0.8660254037844388,-0.7907757369376986,-0.6121059825476627,-0.9749279121818236,-0.2225209339563146
-0.01890154001739032,0.014696341334736214,-0.011019450437002377,-0.0013614368346194993,-0.04143335396236828,0.7,0.6976973831859599,-0.4999999999999997,-0.8660254037844388,-0.9987165071710528,-0.05064916883871355,0.7818314824680298,0.6234898018587336
0.02455815379778164,-0.01941808337706224,0.01920502703592249,-0.0020457345507235067,-0.059102144801875305,0.7,0.6977422685039724,-0.4999999999999997,-0.8660254037844388,-0.9884683243281114,0.15142777750457667,0.9749279121818236,-0.22252093395631434
0.006748803914317129,0.003374973877969734,-0.003402534085705852,0.0013642879313815342,-0.45229834223857585,0.7,0.6977871538219849,-0.4999999999999997,-0.8660254037844388,-0.9377521321470804,0.3473052528448203,0.43388373911755823,-0.900968867902419
0.002394380940841629,0.0026917890744305533,0.010173001920214425,0.006793530180520777,0.46487443464288086,0.7,0.6978320391399974,-0.4999999999999997,-0.8660254037844388,-0.8486442574947509,0.5289640103269624,-0.433883739117558,-0.9009688679024191
-0.013413831377843957,-0.006066762952400141,-0.002026325132315136,-0.019139386999345986,0.5244043905750541,0.7,0.6978769244580099,-0.4999999999999997,-0.8660254037844388,-0.7247927872291207,0.6889669190756859,-0.9749279121818236,-0.2225209339563146
-0.018211865998460985,-0.013614901150384648,-0.01567320255509977,-0.014598802324801265,-0.5123912033697685,0.7,0.6980115804120473,-0.4999999999999997,-0.8660254037844388,-0.20129852008866114,0.9795299412524943,0.7818314824680298,0.6234898018587336
0.0007472231937637346,-0.009641971634286331,-0.01941813337642603,-0.0028050483012747895,0.20630573962792773,0.7,0.6980564657300597,-0.4999999999999997,-0.8660254037844388,-2.4492935982947064e-16,1.0,0.9749279121818236,-0.22252093395631434
-0.04173267016305165,-0.006944432569910551,0.0020986846797365812,-0.041583046938439616,-0.017175059711975145,0.7,0.6981013510480722,-0.8660254037844385,-0.5000000000000004,0.20129852008866006,0.9795299412524945,0.43388373911755823,-0.900968867902419
-0.007374622523834624,-0.040531722581371374,-0.05015383145407576,-0.0029325506532779156,-0.4742877081047649,0.7,0.6981462363660847,-0.8660254037844385,-0.5000000000000004,0.39435585511331855,0.9189578116202306,-0.433883739117558,-0.9009688679024191
-0.017171044973071502,-0.0007259002234025025,0.011687554546509374,-0.01703110697563307,0.16758556766083985,0.7,0.6981911216840971,-0.8660254037844385,-0.5000000000000004,0.5712682150947923,0.8207634412072763,-0.9749279121818236,-0.2225209339563146
0.008249061402619827,0.015850426332888978,-0.01758292353746942,0.008181500101067326,0.2789953887149859,0.7,0.6983257776381346,-0.8660254037844385,-0.5000000000000004,0.9377521321470804,0.3473052528448203,0.7818314824680298,0.6234898018587336
0.0022379518853121723,-0.01585042633288905,0.006629869872306749,-0.0007410321914974938,-0.43397294197436964,0.7,0.6983706629561471,-0.8660254037844385,-0.5000000000000004,0.9884683243281114,0.1514277775045767,0.9749279121818236,-0.22252093395631434
-0.015015282606237579,-0.019062177070344043,-0.008109123405181336,-0.0029695613860690104,-0.09318752470817795,0.7,0.6984155482741595,-0.8660254037844385,-0.5000000000000004,0.9987165071710528,-0.05064916883871264,0.43388373911755823,-0.900968867902419
0.014269831292531756,0.01688110122236853,-0.004451077046950805,0.019146404489825297,-0.3228022183131545,0.7,0.698460433592172,-0.8660254037844385,-0.5000000000000004,0.9680771188662043,-0.2506525322587204,-0.433883739117558,-0.9009688679024191
-0.07027204160666713,0.0,0.01841672704500911,-0.08920196419389131,0.9471531078991675,0.7,0.6985053189101845,-0.8660254037844385,-0.5000000000000004,0.8978045395707416,-0.4403941515576344,-0.9749279121818236,-0.2225209339563146
-0.0016013180467559151,-0.0522897165630109,-0.09166717460357088,0.02675219739862061,-0.7800065887940587,0.7,0.6986399748642219,-0.8660254037844385,-0.5000000000000004,0.48530196253108104,-0.8743466161445821,0.7818314824680298,0.6234898018587336
0.04235934567742309,0.018990316281676797,0.04075802763066731,0.02983015327887565,0.25204355700442216,0.7,0.6986848601822344,-0.8660254037844385,-0.5000000000000004,0.29936312297335804,-0.9541392564000488,0.9749279121818236,-0.22252093395631434
0.0019182524982891262,0.005253272555886103,0.012213880289898133,0.0015059870145548637,0.4785115346681824,0.7,0.6987297455002469,-0.8660254037844385,-0.5000000000000004,0.10116832198743272,-0.994869323391895,0.43388373911755823,-0.900968867902419
-0.015839614291604763,-0.012806207494710545,0.0007583826871570311,-0.03133614029343037,-0.33503397828254916,0.7,0.6987746308182594,-0.8660254037844385,-0.5000000000000004,-0.10116832198743204,-0.9948693233918952,-0.433883739117558,-0.9009688679024191
-0.013328309790937885,-0.008374594719795734,-0.021456741876783224,0.000776114024537792,0.27963930891730937,0.7,0.6988195161362719,-0.8660254037844385,-0.5000000000000004,-0.29936312297335776,-0.9541392564000489,-0.9749279121818236,-0.2225209339563146
0.006294271249765967,0.006857181352017765,-0.00855700721246217,0.010034828353012866,-0.34205981409208286,0.7,0.6989541720903093,-0.8660254037844385,-0.5000000000000004,-0.7907757369376986,-0.6121059825476627,0.7818314824680298,0.6234898018587336
-0.003118548165019548,-0.004566249960444904,0.023930085761022478,-0.0186052438838071,-0.33409573219032707,0.7,0.6989990574083218,-0.8660254037844385,-0.5000000000000004,-0.8978045395707417,-0.44039415155763423,0.9749279121818236,-0.22252093395631434
-0.10006568807021121,-0.0317732931417028,-0.0317732931417028,-0.10292911693362848,1.3636382040117052,0.7,0.6990439427263343,-0.8660254037844385,-0.5000000000000004,-0.9680771188662041,-0.2506525322587213,0.43388373911755823,-0.900968867902419
-0.01665970813978787,-0.06422360789058934,-0.07519882289059228,0.011211856714419188,-0.07804320299740584,0.7,0.6990888280443467,-0.8660254037844385,-0.5000000000000004,-0.9987165071710528,-0.05064916883871355,-0.433883739117558,-0.9009688679024191
0.013175387385883157,-0.01309967882792036,-0.010238987719553783,-0.006884702279480628,-1.0765958814456664,0.7,0.6991337133623592,-0.8660254037844385,-0.5000000000000004,-0.9884683243281114,0.15142777750457667,-0.9749279121818236,-0.2225209339563146
-0.021164790721390606,-0.010690715356821928,-0.006884702279480628,-0.02802282251789783,0.4076409192167676,0.7,0.6992683693163967,-0.8660254037844385,-0.5000000000000004,-0.7247927872291207,0.6889669190756859,0.7818314824680298,0.6234898018587336
-0.01526747866907375,-0.028785233773234564,-0.03247322506941568,-0.014311500353597862,0.1328041584193346,0.7,0.6993132546344091,-0.8660254037844385,-0.5000000000000004,-0.5712682150947924,0.8207634412072763,0.9749279121818236,-0.22252093395631434
-0.022884293434025923,0.009687407903326126,-0.024380481849363728,0.01697223209781233,0.36042505335850106,0.7,0.6993581399524216,-0.8660254037844385,-0.5000000000000004,-0.3943558551133187,0.9189578116202306,0.43388373911755823,-0.900968867902419
0.027398990894120515,-0.010572775718070113,0.03149161614509605,-0.014273199213085945,-1.074291301973755,0.7,0.6994030252704341,-0.8660254037844385,-0.5000000000000004,-0.20129852008866114,0.9795299412524943,-0.433883739117558,-0.9009688679024191
-0.012692857684497209,-0.010685754871378213,-0.010685754871378213,-0.014479876940784973,0.5569616259273482,0.7,0.6994479105884466,-0.8660254037844385,-0.5000000000000004,-2.4492935982947064e-16,1.0,-0.9749279121818236,-0.2225209339563146
-0.0240085613582605,-0.014427648388234751,-0.014427648388234751,-0.01654452289422865,0.029745016319866854,0.7,0.6996274518604965,-1.0,-1.8369701987210297e-16,0.72479278722912,0.6889669190756866,0.9749279121818236,-0.22252093395631434
-0.019821323053016766,-0.012797280918154609,-0.019257819732319964,-0.023442236240683784,0.09362253604322145,0.7,0.699672337178509,-1.0,-1.8369701987210297e-16,0.8486442574947509,0.5289640103269624,0.43388373911755823,-0.900968867902419
0.0019048060772336307,-0.009242156933087685,-0.012110079326824494,0.009442976686715083,-0.12773212295787392,0.7,0.6997172224965215,-1.0,-1.8369701987210297e-16,0.9377521321470804,0.3473052528448203,-0.433883739117558,-0.9009688679024191
0.017907158445542845,0.04182419431589306,0.0074696821096868924,0.04861110373069021,-0.1374638772297077,0.7,0.699762107814534,-1.0,-1.8369701987210297e-16,0.9884683243281114,0.1514277775045767,-0.9749279121818236,-0.2225209339563146
0.03940981045772424,0.01326871076672447,0.03832586533769223,0.001788864913210867,-0.3190177866929621,0.7,0.6998967637685714,-1.0,-1.8369701987210297e-16,0.8978045395707416,-0.4403941515576344,0.7818314824680298,0.6234898018587336
-0.014479876940784973,-0.008914824069010074,0.001788864913210867,-0.014401675768484931,-0.20662537763461178,0.7,0.6999416490865839,-1.0,-1.8369701987210297e-16,0.7907757369376989,-0.6121059825476626,0.9749279121818236,-0.22252093395631434
-0.021189230859310897,-0.023230769421373757,-0.015308639560454224,-0.01922256384254059,-0.030040139002663623,0.7,0.6999865344045964,-1.0,-1.8369701987210297e-16,0.6513724827222223,-0.758758122692791,0.43388373911755823,-0.900968867902419
-0.036988511201204714,-0.01831560005057138,-0.03321344084048337,-0.029069038547160263,1.1937050052839246,0.7,0.7000314197226087,-1.0,-1.8369701987210297e-16,0.48530196253108104,-0.8743466161445821,-0.433883739117558,-0.9009688679024191
0.019139321432853414,0.011943193630251403,-0.0028182013039372454,0.03735257919253239,-0.3289481598100499,0.7,0.7000763050406212,-1.0,-1.8369701987210297e-16,0.29936312297335804,-0.9541392564000488,-0.9749279121818236,-0.2225209339563146
0.014117845640962929,0.002735955546902532,0.019562806968173554,-0.008283540645372175,-0.4945041774873371,0.7,0.7002109609946587,-1.0,-1.8369701987210297e-16,-0.29936312297335776,-0.9541392564000489,0.7818314824680298,0.6234898018587336
-0.005623207461498255,-0.005662570766213469,-0.0018467648743243834,-0.01208755942979542,0.22316730843498356,0.7,0.7002558463126711,-1.0,-1.8369701987210297e-16,-0.4853019625310808,-0.8743466161445822,0.9749279121818236,-0.22252093395631434
-0.02860063234334162,-0.011793047889847082,-0.004631711541662343,-0.030391674578086357,1.2178639012924277,0.7,0.7003007316306836,-1.0,-1.8369701987210297e-16,-0.6513724827222217,-0.7587581226927913,0.43388373911755823,-0.900968867902419
-0.008742178252915178,-0.036814006267097736,-0.04074464983455463,-0.0019304546373116818,-1.1790808274216975,0.7,0.7003456169486961,-1.0,-1.8369701987210297e-16,-0.7907757369376986,-0.6121059825476627,-0.433883739117558,-0.9009688679024191
0.0009751564663772074,0.019048267638185915,0.012494166549296967,-0.004842642814818027,0.4458691297905685,0.7,0.7003905022667086,-1.0,-1.8369701987210297e-16,-0.8978045395707417,-0.44039415155763423,-0.9749279121818236,-0.2225209339563146
0.0,0.00751882500082888,-0.02026118833583501,0.019231343409939892,-0.00033450410079420724,0.7,0.700525158220746,-1.0,-1.8369701987210297e-16,-0.9884683243281114,0.15142777750457667,0.7818314824680298,0.6234898018587336
0.020261188335834915,0.011173289684249525,0.03260117505493656,0.0019029936597421166,-0.08622395023815245,0.7,0.7005700435387585,-1.0,-1.8369701987210297e-16,-0.9377521321470804,0.3473052528448203,0.9749279121818236,-0.22252093395631434
-0.004019511149448936,-0.01680714675299758,-0.005676497611771945,0.0,-1.008539948374362,0.7,0.700614928856771,-1.0,-1.8369701987210297e-16,-0.8486442574947509,0.5289640103269624,0.43388373911755823,-0.900968867902419
-0.0007674955900838946,0.007411307634083153,-0.0018992886707390215,0.007575786282510921,-0.36315548119129526,0.7,0.7006598141747835,-1.0,-1.8369701987210297e-16,-0.7247927872291207,0.6889669190756859,-0.433883739117558,-0.9009688679024191
0.008600163019292605,0.004755441901776925,0.0,-0.005676497611771945,0.804182692879597,0.7,0.7007046994927959,-1.0,-1.8369701987210297e-16,-0.5712682150947924,0.8207634412072763,-0.9749279121818236,-0.2225209339563146
-0.02504950108197196,-0.0027945740216123497,0.004741520187045039,-0.01433370133924752,0.3563838252286,0.7,0.7008393554468334,-0.866025403784439,0.49999999999999933,0.20129852008866006,0.9795299412524945,0.7818314824680298,0.6234898018587336
0.004866208169120643,-0.025509220393379536,-0.012375228748943467,-0.0057915624088318044,-0.5977725116043624,0.7,0.7008842407648459,-0.866025403784439,0.49999999999999933,0.39435585511331855,0.9189578116202306,0.9749279121818236,-0.22252093395631434
-0.014660380300883735,0.005725246507709366,-0.01350062850778367,-0.007774570161462422,0.5721217453550328,0.7,0.7009291260828583,-0.866025403784439,0.49999999999999933,0.5712682150947923,0.8207634412072763,0.43388373911755823,-0.900968867902419
-0.0029698809017256883,-0.016307322829056704,0.0019398167285816883,-0.010789673563120878,-0.634153533193786,0.7,0.7009740114008708,-0.866025403784439,0.49999999999999933,0.72479278722912,0.6889669190756866,-0.433883739117558,-0.9009688679024191
-0.003960397476549598,-0.014613077781963682,-0.01267692442675094,-0.005934776946917495,0.6403957075814483,0.7,0.7010188967188833,-0.866025403784439,0.49999999999999933,0.8486442574947509,0.5289640103269624,-0.9749279121818236,-0.2225209339563146
-0.007968162080333081,0.002939804848252902,-0.011846129630338263,0.0019822065421142097,-0.11843192581860579,0.7,0.7011535526729208,-0.866025403784439,0.49999999999999933,0.9987165071710528,-0.05064916883871264,0.7818314824680298,0.6234898018587336
-0.025317807984289897,-0.0029398048482528554,0.0029747851914625452,-0.03526817660673708,-0.2010082273603244,0.7,0.7011984379909332,-0.866025403784439,0.49999999999999933,0.9680771188662043,-0.2506525322587204,0.9749279121818236,-0.22252093395631434
-0.036557636315684205,-0.04004535340947398,-0.03117400897059813,-0.0291383496144295,0.3479952527890381,0.7,0.7012433233089457,-0.866025403784439,0.49999999999999933,0.8978045395707416,-0.4403941515576344,0.43388373911755823,-0.900968867902419
0.013735040952226654,0.03709697448594785,-0.02691676299959636,0.05345563435404076,-0.14489543363679858,0.7,0.7012882086269582,-0.866025403784439,0.49999999999999933,0.7907757369376989,-0.6121059825476626,-0.433883739117558,-0.9009688679024191
-0.019068305546802236,-0.01188131666775865,0.05213242081778547,-0.05662863404288039,0.18080709598802636,0.7,0.7013330939449707,-0.866025403784439,0.49999999999999933,0.6513724827222223,-0.758758122692791,-0.9749279121818236,-0.2225209339563146
-0.011834523216665033,-0.05318221357639175,-0.05318221357639175,-0.013866799345901,-0.14161565082011018,0.7,0.7014677498990081,-0.866025403784439,0.49999999999999933,0.10116832198743272,-0.994869323391895,0.7818314824680298,0.6234898018587336
0.009693145799149563,0.020790749056754806,-0.019088628309907686,0.006423947676199931,-0.4907068392915949,0.7,0.7015126352170206,-0.866025403784439,0.49999999999999933,-0.10116832198743204,-0.9948693233918952,0.9749279121818236,-0.22252093395631434
-0.018388844654008602,-0.012422507734227357,0.0021389852319342773,0.013757633125766312,0.046469369132276166,0.7,0.7015575205350331,-0.866025403784439,0.49999999999999933,-0.29936312297335776,-0.9541392564000489,0.43388373911755823,-0.900968867902419
-0.007671237052238221,-0.005221963745343922,0.014846544796776646,-0.04409579218681803,-0.21992890599386128,0.7,0.7016024058530456,-0.866025403784439,0.49999999999999933,-0.4853019625310808,-0.8743466161445822,-0.433883739117558,-0.9009688679024191
-0.007730540151350217,-0.028679656441423,-0.03972609146501593,0.00876236961258999,0.6774102974423272,0.7,0.701647291171058,-0.866025403784439,0.49999999999999933,-0.6513724827222217,-0.7587581226927913,-0.9749279121818236,-0.2225209339563146
0.007730540151350123,0.0032276183371330344,-0.004390782165745233,0.004352559820799649,-1.0055275770134569,0.7,0.7017819471250955,-0.866025403784439,0.49999999999999933,-0.9680771188662041,-0.2506525322587213,0.7818314824680298,0.6234898018587336
-0.014404693731420186,-0.011885673037641754,0.007671237052238108,-0.027519623164809777,0.7507032301447822,0.7,0.701826832443108,-0.866025403784439,0.49999999999999933,-0.9987165071710528,-0.05064916883871355,0.9749279121818236,-0.22252093395631434
-0.05270406774804291,-0.01865112546534712,-0.014293824170375165,-0.024860067764723087,0.1133941022100775,0.7,0.7018717177611203,-0.866025403784439,0.49999999999999933,-0.9884683243281114,0.15142777750457667,0.43388373911755823,-0.900968867902419
0.03127069508436142,0.011013369283882156,-0.02921547927696489,0.033749006704696514,-0.6167157382102838,0.7,0.7019166030791328,-0.866025403784439,0.49999999999999933,-0.9377521321470804,0.3473052528448203,-0.433883739117558,-0.9009688679024191
0.04350930344733997,0.060457117240906716,0.04460043600769177,0.04223695882330327,0.7301093729511546,0.7,0.7019614883971453,-0.866025403784439,0.49999999999999933,-0.8486442574947509,0.5289640103269624,-0.9749279121818236,-0.2225209339563146
0.008695698854858828,-0.009218637125758072,0.03745760229936815,-0.01819205563224196,0.04437569228513671,0.7,0.7021859149872077,-0.866025403784439,0.49999999999999933,-2.4492935982947064e-16,1.0,0.43388373911755823,-0.900968867902419
-0.0010828619632688495,-0.015731800160391274,-0.02123230093437536,0.021368313720887818,-0.1273890715103459,0.7,0.7022308003052202,-0.5000000000000012,0.8660254037844379,0.20129852008866006,0.9795299412524945,-0.433883739117558,-0.9009688679024191
0.01291738517993391,0.06149481928675728,0.014909791142919744,0.0424274547543292,0.17213813440799206,0.7,0.7022756856232327,-0.5000000000000012,0.8660254037844379,0.39435585511331855,0.9189578116202306,-0.9749279121818236,-0.2225209339563146
0.05816794884503515,0.0370773358783276,0.054512182653130854,0.029942375711765844,0.21800227050906185,0.7,0.7024103415772701,-0.5000000000000012,0.8660254037844379,0.8486442574947509,0.5289640103269624,0.7818314824680298,0.6234898018587336
-0.012182880298636442,-0.01253020353248288,0.03152976897947132,-0.015857601369884206,0.11928379968290063,0.7,0.7024552268952826,-0.5000000000000012,0.8660254037844379,0.9377521321470804,0.3473052528448203,0.9749279121818236,-0.22252093395631434
-0.017517199864425025,-0.014655911596996021,-0.030529245734792838,-0.03870137849862095,-0.1544849016824517,0.7,0.7025001122132951,-0.5000000000000012,0.8660254037844379,0.9884683243281114,0.1514277775045767,0.43388373911755823,-0.900968867902419
-0.028467868681973735,-0.04530214089998155,-0.030459227148096752,-0.02950685359433017,-0.3797242337734507,0.7,0.7025449975313075,-0.5000000000000012,0.8660254037844379,0.9987165071710528,-0.05064916883871264,-0.433883739117558,-0.9009688679024191
-0.029302199888711057,-0.022917697728237173,-0.04103672948536316,-0.022715961070773612,1.1285035981191196,0.7,0.70258988284932,-0.5000000000000012,0.8660254037844379,0.9680771188662043,-0.2506525322587204,-0.9749279121818236,-0.2225209339563146
0.005491522930694213,0.032143816635643446,0.050272316285309,0.0130436503466261,-0.5758616614895188,0.7,0.7027245388033575,-0.5000000000000012,0.8660254037844379,0.6513724827222223,-0.758758122692791,0.7818314824680298,0.6234898018587336
0.0021881304552692662,-0.041779086643173494,-0.06215798932295062,-0.006500610052404535,-0.6018934437076879,0.7,0.70276942412137,-0.5000000000000012,0.8660254037844379,0.48530196253108104,-0.8743466161445821,0.9749279121818236,-0.22252093395631434
-0.018754006258551646,0.002231778191322784,0.010810957345391062,-0.02309064029901898,0.7979685387928432,0.7,0.7028143094393824,-0.5000000000000012,0.8660254037844379,0.29936312297335804,-0.9541392564000488,0.43388373911755823,-0.900968867902419
-0.004464289089766179,-0.016051667728459673,-0.03947887841990444,0.0077563433462709275,0.3045926254631684,0.7,0.7028591947573949,-0.5000000000000012,0.8660254037844379,0.10116832198743272,-0.994869323391895,-0.433883739117558,-0.9009688679024191
-0.1325730419895179,-0.10332504292966264,-0.0670771562191363,-0.10585128592352702,-0.26088378526458766,0.7,0.7029040800754074,-0.5000000000000012,0.8660254037844379,-0.10116832198743204,-0.9948693233918952,-0.9749279121818236,-0.2225209339563146
0.040055380187756104,-0.009132394605021582,-0.014458069884836276,0.01098243569778936,-0.9400229996499547,0.7,0.7030387360294448,-0.5000000000000012,0.8660254037844379,-0.6513724827222217,-0.7587581226927913,0.7818314824680298,0.6234898018587336
0.01099458802759071,0.03975907997512033,0.0024242990980936773,0.03341607842489539,-0.0008778347308407698,0.7,0.7030836213474573,-0.5000000000000012,0.8660254037844379,-0.7907757369376986,-0.6121059825476627,0.9749279121818236,-0.22252093395631434
0.013249116073500706,0.002317551153000248,0.04149966332220272,-0.01299493872812244,-0.6926268891850448,0.7,0.7031285066654698,-0.5000000000000012,0.8660254037844379,-0.8978045395707417,-0.44039415155763423,0.43388373911755823,-0.900968867902419
0.00834825276751371,0.021752383423164316,-0.017575100437523975,0.03963224452829204,0.10234883294515303,0.7,0.7032182773014948,-0.5000000000000012,0.8660254037844379,-0.9987165071710528,-0.05064916883871355,-0.9749279121818236,-0.2225209339563146
0.029258962276939464,0.02239733188203923,0.034846752949132836,0.027059122654401954,0.552729116894773,0.7,0.7033529332555322,-0.5000000000000012,0.8660254037844379,-0.8486442574947509,0.5289640103269624,0.7818314824680298,0.6234898018587336
0.02741769729221474,0.014293824170375174,0.028139165946972546,0.00920117873799449,-0.3067636062473368,0.7,0.7033978185735447,-0.5000000000000012,0.8660254037844379,-0.7247927872291207,0.6889669190756859,0.9749279121818236,-0.22252093395631434
-0.03204197852826688,-0.00877197781718711,0.0,-0.028292166343648804,0.07011362986680093,0.7,0.7034427038915572,-0.5000000000000012,0.8660254037844379,-0.5712682150947924,0.8207634412072763,0.43388373911755823,-0.900968867902419
0.014951412720201972,0.008771977817187141,-0.0122838631470095,0.03125262002428296,0.1705319661867554,0.7,0.7034875892095696,-0.5000000000000012,0.8660254037844379,-0.3943558551133187,0.9189578116202306,-0.433883739117558,-0.9009688679024191
0.020339611172067524,0.010857911347376573,0.022223221566227525,0.014184543477008465,0.05748608310735296,0.7,0.703532474527582,-0.5000000000000012,0.8660254037844379,-0.20129852008866114,0.9795299412524943,-0.9749279121818236,-0.2225209339563146
0.021030164893048427,0.0075309333066320245,0.024960551239427038,-0.0032555355966180817,0.07476592092191228,0.7,0.7036671304816196,-2.4492935982947064e-16,1.0,0.5712682150947923,0.8207634412072763,0.7818314824680298,0.6234898018587336
0.004371587446844608,-0.0032205860136455453,-0.014031543359036601,0.010810957345391062,-0.41378939685714405,0.7,0.7037120157996319,-2.4492935982947064e-16,1.0,0.72479278722912,0.6889669190756866,0.9749279121818236,-0.22252093395631434
-0.01649290976394011,0.0,0.010810957345391062,-0.02946208281073813,0.48342585272036354,0.7,0.7037569011176444,-2.4492935982947064e-16,1.0,0.8486442574947509,0.5289640103269624,0.43388373911755823,-0.900968867902419
-0.029191409104693037,-0.017353997639612605,-0.02724964188082508,0.009917453680296704,-0.538638547965996,0.7,0.7038017864356569,-2.4492935982947064e-16,1.0,0.9377521321470804,0.3473052528448203,-0.433883739117558,-0.9009688679024191
0.01140665623354112,0.005455467678730884,0.015351111919943173,-0.024418557661567416,-0.923046015701489,0.7,0.7038466717536694,-2.4492935982947064e-16,1.0,0.9884683243281114,0.1514277775045767,-0.9749279121818236,-0.2225209339563146
-0.004637796534961076,-0.010951981832169938,-0.034314320815883856,0.0022447212687245473,0.8050703331552043,0.7,0.7039813277077068,-2.4492935982947064e-16,1.0,0.8978045395707416,-0.4403941515576344,0.7818314824680298,0.6234898018587336
0.017977995919926253,0.02177463984422351,0.011198261446627535,0.036327596379282866,0.04077310051959623,0.7,0.7040262130257193,-2.4492935982947064e-16,1.0,0.7907757369376989,-0.6121059825476626,0.9749279121818236,-0.22252093395631434
0.014372842247307812,0.012834388662277617,0.03501458933013822,0.016086097169737707,0.8132472089798608,0.7,0.7040710983437318,-2.4492935982947064e-16,1.0,0.6513724827222223,-0.758758122692791,0.43388373911755823,-0.900968867902419
0.013086325334057519,0.017904646637107356,0.008565354550322386,-0.007474642012090945,-0.1672609226393559,0.7,0.7041159836617443,-2.4492935982947064e-16,1.0,0.48530196253108104,-0.8743466161445821,-0.433883739117558,-0.9009688679024191
0.011847269658222121,-0.0020898130626226526,-0.004273506640873116,0.01594926129764143,-0.08341581499321502,0.7,0.7041608689797567,-2.4492935982947064e-16,1.0,0.29936312297335804,-0.9541392564000488,-0.9749279121818236,-0.2225209339563146
0.009589860429806137,0.018653323199012622,0.016985530028710668,0.009448905596443874,0.21977006840018454,0.7,0.7042955249337942,-2.4492935982947064e-16,1.0,-0.29936312297335776,-0.9541392564000489,0.7818314824680298,0.6234898018587336
-0.009589860429806165,0.0,0.011512388650132563,0.015552472368380917,-0.579414733399208,0.7,0.7043404102518067,-2.4492935982947064e-16,1.0,-0.4853019625310808,-0.8743466161445822,0.9749279121818236,-0.22252093395631434
0.018037632047004818,0.01123039975660623,0.013436906898654006,0.009216670407207115,0.3267693219212857,0.7,0.7043852955698191,-2.4492935982947064e-16,1.0,-0.6513724827222217,-0.7587581226927913,0.43388373911755823,-0.900968867902419
0.01678776719860335,0.010101038089280461,0.006141310983985454,0.014170215649514161,-0.04805531733987436,0.7,0.7044301808878316,-2.4492935982947064e-16,1.0,-0.7907757369376986,-0.6121059825476627,-0.433883739117558,-0.9009688679024191
-0.00424843012956655,0.007010609340546726,0.007117436711298379,0.003010512454100044,0.9392865339410801,0.7,0.7044750662058441,-2.4492935982947064e-16,1.0,-0.8978045395707417,-0.44039415155763423,-0.9749279121818236,-0.2225209339563146
0.02765148091442168,-0.004000096886446756,0.00907723357595851,-0.004016066001746035,-2.325631473765661,0.7,0.7046097221598816,-2.4492935982947064e-16,1.0,-0.9884683243281114,0.15142777750457667,0.7818314824680298,0.6234898018587336
-0.028482602289977614,0.005994066008815688,-0.0010045434253560203,-0.02547259585494506,1.2925593495819516,0.7,0.7046994927959065,-2.4492935982947064e-16,1.0,-0.8486442574947509,0.5289640103269624,0.43388373911755823,-0.900968867902419
-0.0657170192949347,-0.029309825454328094,-0.024416245769307256,-0.0518909192756329,0.125005193034695,0.7,0.704744378113919,-2.4492935982947064e-16,1.0,-0.7247927872291207,0.6889669190756859,-0.433883739117558,-0.9009688679024191
0.01103757656216908,-0.018634111433689815,-0.05612904835591329,0.012959132630372629,-0.05731799101844365,0.7,0.7047892634319315,-2.4492935982947064e-16,1.0,-0.5712682150947924,0.8207634412072763,-0.9749279121818236,-0.2225209339563146
0.019565875134002163,0.0052110792054037,0.02261809190681681,0.017021672026305383,0.23310638961294894,0.7,0.7049239193859689,-2.4492935982947064e-16,1.0,-2.4492935982947064e-16,1.0,0.7818314824680298,0.6234898018587336
0.03495764921463444,0.039740363410977406,0.03454031616168255,0.029108155896386614,0.24561756462059867,0.7166666666666667,0.7050136900219939,0.49999999999999994,0.8660254037844387,0.39435585511331855,0.9189578116202306,0.43388373911755823,-0.900968867902419
0.015420314974558563,0.006968638881931441,0.005130866964252793,0.01726808491377911,-0.38460537793787797,0.7166666666666667,0.7050585753400064,0.49999999999999994,0.8660254037844387,0.5712682150947923,0.8207634412072763,-0.433883739117558,-0.9009688679024191
0.021266531546568487,0.02633663940002492,0.02426810328374757,0.03366655972357697,-0.12294478315785658,0.7166666666666667,0.7051034606580188,0.49999999999999994,0.8660254037844387,0.72479278722912,0.6889669190756866,-0.9749279121818236,-0.2225209339563146
0.02961718959618555,0.02584911056340819,0.03146765955343251,0.025001232273657883,0.34962907392728615,0.7166666666666667,0.7052381166120563,0.49999999999999994,0.8660254037844387,0.9884683243281114,0.1514277775045767,0.7818314824680298,0.6234898018587336
0.00678632251690211,0.007504718604360348,0.023913143473125616,0.014144561319537039,-0.3620669560529239,0.7166666666666667,0.7052830019300688,0.49999999999999994,0.8660254037844387,0.9987165071710528,-0.05064916883871264,0.9749279121818236,-0.22252093395631434
0.015340650098033192,0.008376052092470478,0.008470653244979531,-0.003752345925885807,-0.07625075621712679,0.7166666666666667,0.7053278872480812,0.49999999999999994,0.8660254037844387,0.9680771188662043,-0.2506525322587204,0.43388373911755823,-0.900968867902419
0.0009510441568306737,-0.00371402116097082,-0.0028155562833108915,0.00655737184079226,-0.17475199110921244,0.7166666666666667,0.7053727725660937,0.49999999999999994,0.8660254037844387,0.8978045395707416,-0.4403941515576344,-0.433883739117558,-0.9009688679024191
-0.013301080503595698,-0.0009306868041112958,0.007490664371385532,-0.02075548743231082,-0.04693291259867987,0.7166666666666667,0.7054176578841062,0.49999999999999994,0.8660254037844387,0.7907757369376989,-0.6121059825476626,-0.9749279121818236,-0.2225209339563146
-0.0049248945737445215,-0.014064893747568427,-0.019783973885670263,-0.007655532620096525,0.1607987159616656,0.7166666666666667,0.7055523138381435,0.49999999999999994,0.8660254037844387,0.29936312297335804,-0.9541392564000488,0.7818314824680298,0.6234898018587336
0.0019342808224762343,0.007525898441992864,-0.010521437198844203,0.018087169136671882,-0.049830109006390295,0.7166666666666667,0.705597199156156,0.49999999999999994,0.8660254037844387,0.10116832198743272,-0.994869323391895,0.9749279121818236,-0.22252093395631434
0.010571905715359124,0.008399503541199452,0.01999115079993419,0.00470581923094891,-0.09434532311064267,0.7166666666666667,0.7056420844741685,0.49999999999999994,0.8660254037844387,-0.10116832198743204,-0.9948693233918952,0.43388373911755823,-0.900968867902419
0.015180542754096688,-0.0020467318203531,0.008446803374693184,0.0,-0.33452450024827396,0.7166666666666667,0.705686969792181,0.49999999999999994,0.8660254037844387,-0.29936312297335776,-0.9541392564000489,-0.433883739117558,-0.9009688679024191
-0.020933235570266828,-0.0035451205426588936,0.0,-0.019915314075358376,-0.08787975151398864,0.7166666666666667,0.7057318551101935,0.49999999999999994,0.8660254037844387,-0.4853019625310808,-0.8743466161445822,-0.9749279121818236,-0.2225209339563146
0.009569487695932868,0.0046620309314996744,-0.01601542285514955,0.028330525508239147,0.7424509999877634,0.7166666666666667,0.7059113963822434,0.49999999999999994,0.8660254037844387,-0.9680771188662041,-0.2506525322587213,0.9749279121818236,-0.22252093395631434
-0.0019066219503222565,0.0009298214315124015,0.0216072752181616,-0.014064893747568427,-0.2759939674252462,0.7166666666666667,0.7059562817002559,0.49999999999999994,0.8660254037844387,-0.9987165071710528,-0.05064916883871355,0.43388373911755823,-0.900968867902419
-0.012482078644799628,-0.009337171581546854,-0.009337171581546854,-0.014265631760670687,-0.4261279786470684,0.7166666666666667,0.7060011670182683,0.49999999999999994,0.8660254037844387,-0.9884683243281114,0.15142777750457667,-0.433883739117558,-0.9009688679024191
-0.004842642814818027,-0.015123147260159663,-0.015123147260159663,-0.007692338569246892,0.17721453540101914,0.7166666666666667,0.7060460523362808,0.49999999999999994,0.8660254037844387,-0.9377521321470804,0.3473052528448203,-0.9749279121818236,-0.2225209339563146
0.006773097452129653,0.011269633210813946,-0.0066889588913741195,0.017225335801884338,0.3934977497493186,0.7166666666666667,0.7061807082903183,0.49999999999999994,0.8660254037844387,-0.5712682150947924,0.8207634412072763,0.7818314824680298,0.6234898018587336
0.0038498567633912678,-0.0046251193640265845,0.013333472738161361,-0.004755138904803488,-0.25147272187628195,0.7166666666666667,0.7062255936083308,0.49999999999999994,0.8660254037844387,-0.3943558551133187,0.9189578116202306,0.9749279121818236,-0.22252093395631434
0.0009601756780377556,-0.0009464529957204766,-0.005692564343875828,-0.00190835020252611,-0.3546597841772286,0.7166666666666667,0.7062704789263432,0.49999999999999994,0.8660254037844387,-0.20129852008866114,0.9795299412524943,0.43388373911755823,-0.900968867902419
-0.01061270491825808,-0.00569806085106681,-0.0019048060772336986,-0.00863316162375024,1.1428973935531808,0.7166666666666667,0.7063153642443557,0.49999999999999994,0.8660254037844387,-2.4492935982947064e-16,1.0,-0.433883739117558,-0.9009688679024191
-0.030529245734792838,0.0009519495029114922,0.0019048060772336307,-0.03529774742116425,0.03955343472088935,0.7166666666666667,0.7063602495623682,0.8660254037844386,0.5000000000000001,0.20129852008866006,0.9795299412524945,-0.9749279121818236,-0.2225209339563146
-0.012072569651180464,-0.03880220759273895,-0.047744065324674255,-0.010030212354011539,-0.49086458822527523,0.7166666666666667,0.7064949055164056,0.8660254037844386,0.5000000000000001,0.72479278722912,0.6889669190756866,0.7818314824680298,0.6234898018587336
0.005047985446922684,0.02731883908106122,0.0,0.029793681915918212,0.13731382910865242,0.7166666666666667,0.7065397908344181,0.8660254037844386,0.5000000000000001,0.8486442574947509,0.5289640103269624,0.9749279121818236,-0.22252093395631434
0.015984340698414506,-0.008699924401173557,0.01976346956190654,0.00390625114717297,-0.45763799618850315,0.7166666666666667,0.7065846761524306,0.8660254037844386,0.5000000000000001,0.9377521321470804,0.3473052528448203,0.43388373911755823,-0.900968867902419
-0.005954290557506745,0.011583129893558738,0.0029310946807957683,-0.003906251147172869,0.07373434253431227,0.7166666666666667,0.7066295614704431,0.8660254037844386,0.5000000000000001,0.9884683243281114,0.1514277775045767,-0.433883739117558,-0.9009688679024191
-0.007013483504171424,-0.006750162082020007,-0.005870899529048538,-0.02376356644835333,0.32971854966301034,0.7166666666666667,0.7066744467884556,0.8660254037844386,0.5000000000000001,0.9987165071710528,-0.05064916883871264,-0.9749279121818236,-0.2225209339563146
0.0,-0.020094478605442903,-0.018821713061323003,-0.002005969028743923,0.13749767404959692,0.7166666666666667,0.706809102742493,0.8660254037844386,0.5000000000000001,0.7907757369376989,-0.6121059825476626,0.7818314824680298,0.6234898018587336
-0.007052895077773212,-0.0003943709383373384,0.0,-0.0020100969730020893,-0.5424029629563826,0.7166666666666667,0.7068539880605055,0.8660254037844386,0.5000000000000001,0.6513724827222223,-0.758758122692791,0.9749279121818236,-0.22252093395631434
0.005052872078922836,-0.008915378537618354,0.0,0.0010055535476462105,0.2782466447230546,0.7166666666666667,0.706898873378518,0.8660254037844386,0.5000000000000001,0.48530196253108104,-0.8743466161445821,0.43388373911755823,-0.900968867902419
0.0030035583293032933,0.0028814448205491364,-0.003004482237068485,0.009004578462915542,-0.10429228467931588,0.7166666666666667,0.7069437586965304,0.8660254037844386,0.5000000000000001,0.29936312297335804,-0.9541392564000488,-0.433883739117558,-0.9009688679024191
-0.011094476962185644,0.001982308473811571,0.007992042726700857,-0.011016601674296078,0.5136392749758903,0.7166666666666667,0.7069886440145429,0.8660254037844386,0.5000000000000001,0.10116832198743272,-0.994869323391895,-0.9749279121818236,-0.2225209339563146
0.009086398206376727,0.00306492277978107,-0.006989609028409792,0.014000167635242682,0.2977798444344805,0.7166666666666667,0.7071681852865928,0.8660254037844386,0.5000000000000001,-0.6513724827222217,-0.7587581226927913,0.9749279121818236,-0.22252093395631434
0.01693122565847829,0.020518554279512564,0.013930608095660088,0.012827025165698435,-0.8568917778724194,0.7166666666666667,0.7072130706046053,0.8660254037844386,0.5000000000000001,-0.7907757369376986,-0.6121059825476627,0.43388373911755823,-0.900968867902419
-0.005936551276652662,-0.004847337698562877,0.008853983361882182,0.00293683362562326,-0.027481008190642333,0.7166666666666667,0.7072579559226178,0.8660254037844386,0.5000000000000001,-0.8978045395707417,-0.44039415155763423,-0.433883739117558,-0.9009688679024191
0.019695415444831638,0.03438731019791047,0.008776277840727278,0.03647238505112685,-0.44676291009397867,0.7166666666666667,0.7073028412406303,0.8660254037844386,0.5000000000000001,-0.9680771188662041,-0.2506525322587213,-0.9749279121818236,-0.2225209339563146
0.012581216326886024,0.030515538054023364,0.03622894835302183,-0.012328285054323578,1.4162931226722961,0.7166666666666667,0.7074374971946676,0.8660254037844386,0.5000000000000001,-0.9377521321470804,0.3473052528448203,0.7818314824680298,0.6234898018587336
0.007670212231917869,-0.01931086071881618,-0.01604565544017065,0.01796743725082933,-1.3986382759604916,0.7166666666666667,0.7074823825126801,0.8660254037844386,0.5000000000000001,-0.8486442574947509,0.5289640103269624,0.9749279121818236,-0.22252093395631434
0.012339986719101581,0.007400581473081144,0.0188506813550771,0.0,0.6465178155537024,0.7166666666666667,0.7075272678306926,0.8660254037844386,0.5000000000000001,-0.7247927872291207,0.6889669190756859,0.43388373911755823,-0.900968867902419
-0.03162696859236603,-0.0229809453111893,-0.023619425737751283,-0.01701367187482942,-0.4878297541143542,0.7166666666666667,0.7075721531487051,0.8660254037844386,0.5000000000000001,-0.5712682150947924,0.8207634412072763,-0.433883739117558,-0.9009688679024191
0.015459229758738808,0.012790897935781744,0.008567415717494326,0.02075548743231086,-0.0035984633854793872,0.7166666666666667,0.7076170384667175,1.0,6.123233995736766e-17,0.20129852008866006,0.9795299412524945,-0.9749279121818236,-0.2225209339563146
0.016167738833627317,0.0018605082356237372,0.019709698003975023,-0.005618031684786388,0.10655449943226969,0.7166666666666667,0.707751694420755,1.0,6.123233995736766e-17,0.72479278722912,0.6889669190756866,0.7818314824680298,0.6234898018587336
0.0018849679320809226,0.0018569647049050592,-0.0027920620246163898,0.009345898236991994,0.06961579713352314,0.7166666666666667,0.7077965797387675,1.0,6.123233995736766e-17,0.8486442574947509,0.5289640103269624,0.9749279121818236,-0.22252093395631434
-0.0047192340275468096,0.001853611080720024,0.0018622405931039336,-0.01688598356340691,-0.22251298900031746,0.7166666666666667,0.70784146505678,1.0,6.123233995736766e-17,0.9377521321470804,0.3473052528448203,0.43388373911755823,-0.900968867902419
-0.010461308726549965,-0.00557108402124884,-0.011225551453971683,-0.006644513846787237,0.9312139318298005,0.7166666666666667,0.7078863503747924,1.0,6.123233995736766e-17,0.9884683243281114,0.1514277775045767,-0.433883739117558,-0.9009688679024191
-0.0009565021250351598,-0.01029486464986034,-0.003770029097708001,0.0,-0.3768500807408475,0.7166666666666667,0.7079312356928049,1.0,6.123233995736766e-17,0.9987165071710528,-0.05064916883871264,-0.9749279121818236,-0.2225209339563146
0.0,-0.0075543251184908644,-0.00853491685851443,0.0019029936597421166,-0.8412452871480351,0.7166666666666667,0.7080658916468424,1.0,6.123233995736766e-17,0.7907757369376989,-0.6121059825476626,0.7818314824680298,0.6234898018587336
-0.0019156618865762724,0.002839541217796124,0.0,-0.0019029936597422328,0.6013584197669508,0.7166666666666667,0.7081107769648548,1.0,6.123233995736766e-17,0.6513724827222223,-0.758758122692791,0.9749279121818236,-0.22252093395631434
0.0006038418454274828,-0.00039705251243514955,0.003802282330481143,0.0028530436235449943,-0.3396627745297356,0.7166666666666667,0.7081556622828673,1.0,6.123233995736766e-17,0.48530196253108104,-0.8743466161445821,0.43388373911755823,-0.900968867902419
0.010835737883678195,0.02375168726164333,0.0009483385072504869,0.028091753181190986,0.6426250065744127,0.7166666666666667,0.7082005476008798,1.0,6.123233995736766e-17,0.29936312297335804,-0.9541392564000488,-0.433883739117558,-0.9009688679024191
0.014117845640962929,0.002766228924062082,0.028960404891066358,0.0018450611767545642,0.3225412246230427,0.7166666666666667,0.7082454329188923,1.0,6.123233995736766e-17,0.10116832198743272,-0.994869323391895,-0.9749279121818236,-0.2225209339563146
0.005591852363011973,0.021858859792654325,0.0,0.018265330079867182,0.1139928314923156,0.7166666666666667,0.7083800888729297,1.0,6.123233995736766e-17,-0.4853019625310808,-0.8743466161445822,0.7818314824680298,0.6234898018587336
-0.189784342128858,-0.13481927683898098,-0.13379448428578053,-0.18540320734888754,2.061926806158693,0.7166666666666667,0.7084249741909422,1.0,6.123233995736766e-17,-0.6513724827222217,-0.7587581226927913,0.9749279121818236,-0.22252093395631434
0.014501103981270826,-0.020834067239453857,-0.0331759078990419,0.007596313648386188,-1.281703442541253,0.7166666666666667,0.7084698595089547,1.0,6.123233995736766e-17,-0.7907757369376986,-0.6121059825476627,0.43388373911755823,-0.900968867902419
0.015384956730726857,-0.012712023387837628,-0.0021785961191294087,0.0,-0.7004869292776726,0.7166666666666667,0.7085147448269672,1.0,6.123233995736766e-17,-0.8978045395707417,-0.44039415155763423,-0.433883739117558,-0.9009688679024191
0.005546166355124151,0.02005339835740851,0.010846134370633085,0.024560716455288383,0.12847312504387348,0.7166666666666667,0.7085596301449796,1.0,6.123233995736766e-17,-0.9680771188662041,-0.2506525322587213,-0.9749279121818236,-0.2225209339563146
0.029808337663047278,0.030542443746900776,0.03184974461710898,0.03421804837203186,-0.28822688795686474,0.7166666666666667,0.7086942860990171,1.0,6.123233995736766e-17,-0.9377521321470804,0.3473052528448203,0.7818314824680298,0.6234898018587336
0.0052493758583805105,0.00335910128528116,0.03390154503218197,-0.00921667040720706,0.4576452693289056,0.7166666666666667,0.7087391714170296,1.0,6.123233995736766e-17,-0.8486442574947509,0.5289640103269624,0.9749279121818236,-0.22252093395631434
0.0010465964913934315,-0.0010105382594968997,-0.02557684278789573,-0.0010293597125859688,-1.3195940876190009,0.7166666666666667,0.708784056735042,1.0,6.123233995736766e-17,-0.7247927872291207,0.6889669190756859,0.43388373911755823,-0.900968867902419
-0.016878122262197592,-0.007204871297495382,0.008255973330934424,-0.0313833488500766,0.7443218952530832,0.7166666666666667,0.7088289420530545,1.0,6.123233995736766e-17,-0.5712682150947924,0.8207634412072763,-0.433883739117558,-0.9009688679024191
0.0021254479933449275,-0.01632567662267695,-0.008255973330934342,0.015814833574484696,0.35784589495352076,0.7166666666666667,0.7090084833251044,0.8660254037844387,-0.4999999999999998,0.20129852008866006,0.9795299412524945,0.7818314824680298,0.6234898018587336
0.013706077777459177,0.024541086179669235,-0.0051947376101326,0.03191207089429645,-0.10317799123060487,0.7166666666666667,0.7090533686431169,0.8660254037844387,-0.4999999999999998,0.39435585511331855,0.9189578116202306,0.9749279121818236,-0.22252093395631434
-0.004197273840086403,-0.0040485848134563344,0.026722995584571894,-0.029822257831673905,-0.38520086137758514,0.7166666666666667,0.7090982539611294,0.8660254037844387,-0.4999999999999998,0.5712682150947923,0.8207634412072763,0.43388373911755823,-0.900968867902419
-0.011634251930717663,-0.026722995584571856,-0.029852960218725483,-0.012605196922655295,0.270669394107116,0.7166666666666667,0.7091431392791419,0.8660254037844387,-0.4999999999999998,0.72479278722912,0.6889669190756866,-0.433883739117558,-0.9009688679024191
-0.008547052740754846,0.004572827646424019,-0.016860236194281654,0.009468787368639221,-0.04516368329115641,0.7166666666666667,0.7091880245971544,0.8660254037844387,-0.4999999999999998,0.8486442574947509,0.5289640103269624,-0.9749279121818236,-0.2225209339563146
0.017021672026305383,-0.0045728276464239905,0.019990200828435348,-0.004197273840086403,0.03855201253603915,0.7166666666666667,0.7093226805511917,0.8660254037844387,-0.4999999999999998,0.9987165071710528,-0.05064916883871264,0.7818314824680298,0.6234898018587336
0.007356906485253608,0.01345071094106686,-0.005221963745343922,0.012539337069036876,-0.4534872553608628,0.7166666666666667,0.7093675658692042,0.8660254037844387,-0.4999999999999998,0.9680771188662043,-0.2506525322587204,0.9749279121818236,-0.22252093395631434
0.010416701355476569,0.036331000336915914,0.01352075835003318,0.03770185530021942,0.5834781530039158,0.7166666666666667,0.7094124511872167,0.8660254037844387,-0.4999999999999998,0.8978045395707416,-0.4403941515576344,0.43388373911755823,-0.900968867902419
0.015424529318915104,-0.002977643105208623,0.03651517764917508,-0.015113599082157876,-0.5952648102307004,0.7166666666666667,0.7094573365052292,0.8660254037844387,-0.4999999999999998,0.7907757369376989,-0.6121059825476626,-0.433883739117558,-0.9009688679024191
-0.022704821120375446,-0.019067364532428122,-0.017077268613518243,-0.017409561096978977,-0.8457600515228578,0.7166666666666667,0.7095022218232416,0.8660254037844387,-0.4999999999999998,0.6513724827222223,-0.758758122692791,-0.9749279121818236,-0.2225209339563146
-0.02751498806557506,-0.003044115279504235,-0.01737397600461664,-0.029352284120837194,1.0426174186074948,0.7166666666666667,0.7096368777772791,0.8660254037844387,-0.4999999999999998,0.10116832198743272,-0.994869323391895,0.7818314824680298,0.6234898018587336
0.0,-0.027822552994995375,-0.02188727734232522,-0.001064318911307073,0.2494976951167269,0.7166666666666667,0.7096817630952916,0.8660254037844387,-0.4999999999999998,-0.10116832198743204,-0.9948693233918952,0.9749279121818236,-0.22252093395631434
-0.03382749892998111,-0.013677237869579247,-0.010593258720859283,-0.02917553824487083,0.734553318716743,0.7166666666666667,0.709726648413304,0.8660254037844387,-0.4999999999999998,-0.29936312297335776,-0.9541392564000489,0.43388373911755823,-0.900968867902419
0.012134694514558026,-0.021414074823655743,-0.024799167754792385,0.005467503050430115,-0.7419197689956821,0.7166666666666667,0.7097715337313165,0.8660254037844387,-0.4999999999999998,-0.4853019625310808,-0.8743466161445822,-0.433883739117558,-0.9009688679024191
-0.008810621353606442,-0.0010828619632688495,0.003269728679481154,0.0010899432876239033,-0.6787380329660455,0.7166666666666667,0.709816419049329,0.8660254037844387,-0.4999999999999998,-0.6513724827222217,-0.7587581226927913,-0.9749279121818236,-0.2225209339563146
-0.036039901640829694,0.0021645526047716934,0.004343108212108865,-0.03210014973115285,1.3991673730096077,0.7166666666666667,0.7099510750033664,0.8660254037844387,-0.4999999999999998,-0.9680771188662041,-0.2506525322587213,0.7818314824680298,0.6234898018587336
0.018182301348111794,0.027720349100455545,-0.02857329307975987,0.06531150035882877,-1.17764466277328,0.7166666666666667,0.7099959603213789,0.8660254037844387,-0.4999999999999998,-0.9987165071710528,-0.05064916883871355,0.9749279121818236,-0.22252093395631434
0.06432736550375705,0.019781965221159624,0.05740609276669292,0.018789728851335615,0.3184708287889774,0.7166666666666667,0.7100408456393914,0.8660254037844387,-0.4999999999999998,-0.9884683243281114,0.15142777750457667,0.43388373911755823,-0.900968867902419
0.01779220884152087,0.02444111260757307,0.027000625269513395,0.026532191434828357,-0.03829759948241308,0.7166666666666667,0.7100857309574039,0.8660254037844387,-0.4999999999999998,-0.9377521321470804,0.3473052528448203,-0.433883739117558,-0.9009688679024191
-0.008333373280578083,-0.004032259845274189,0.014242294732239372,-0.037972737833518656,-0.02165018947563804,0.7166666666666667,0.7101306162754164,0.8660254037844387,-0.4999999999999998,-0.8486442574947509,0.5289640103269624,-0.9749279121818236,-0.2225209339563146
-0.006295972349773998,-0.016293624452966227,-0.02973053135162011,0.0010454026197969136,-0.38159320813798475,0.7166666666666667,0.7102652722294538,0.8660254037844387,-0.4999999999999998,-0.3943558551133187,0.9189578116202306,0.7818314824680298,0.6234898018587336
0.0031528910398032697,-0.004115228309332698,-0.008359497610329468,-0.001045402619796926,0.27334974703691534,0.7166666666666667,0.7103101575474663,0.8660254037844387,-0.4999999999999998,-0.20129852008866114,0.9795299412524943,0.9749279121818236,-0.22252093395631434
-0.040690852049549774,-0.015584691381073318,0.0020964848185773886,-0.042741608928297085,0.4276895490427328,0.7166666666666667,0.7103550428654788,0.5000000000000003,-0.8660254037844385,0.20129852008866006,0.9795299412524945,0.43388373911755823,-0.900968867902419
0.0030555274208121327,-0.02412105820355466,-0.03733771114193166,0.011937266930984873,-0.5261653374172592,0.7166666666666667,0.7103999281834912,0.5000000000000003,-0.8660254037844385,0.39435585511331855,0.9189578116202306,-0.433883739117558,-0.9009688679024191
0.013205055650774334,0.040736169970540026,0.010810957345391062,0.041210203469621634,0.43426809425772195,0.7166666666666667,0.7104448135015037,0.5000000000000003,-0.8660254037844385,0.5712682150947923,0.8207634412072763,-0.9749279121818236,-0.2225209339563146
0.02338047621935703,0.0030848079234207606,0.04314186556352582,-0.003110394734752371,-0.6131489637991473,0.7166666666666667,0.7105794694555412,0.5000000000000003,-0.8660254037844385,0.9377521321470804,0.3473052528448203,0.7818314824680298,0.6234898018587336
-0.015881812850906528,0.008179997134128954,-0.01347870221296924,0.01749916744544094,-0.019908559228178243,0.7166666666666667,0.7106243547735536,0.5000000000000003,-0.8660254037844385,0.9884683243281114,0.1514277775045767,0.9749279121818236,-0.22252093395631434
0.02530152312463904,0.0020346352816508683,0.017589700990864,0.0030565212584707452,-0.3362631172742973,0.7166666666666667,0.7106692400915661,0.5000000000000003,-0.8660254037844385,0.9987165071710528,-0.05064916883871264,0.43388373911755823,-0.900968867902419
0.008279775437152293,0.010111251882460776,0.00817164138798203,0.01112805205578411,0.6245223400353024,0.7166666666666667,0.7107141254095786,0.5000000000000003,-0.8660254037844385,0.9680771188662043,-0.2506525322587204,-0.433883739117558,-0.9009688679024191
-0.03251460737991949,-0.026505045638613296,-0.04048299069125106,-0.03897920749725294,0.023577586685392633,0.7166666666666667,0.7107590107275911,0.5000000000000003,-0.8660254037844385,0.8978045395707416,-0.4403941515576344,-0.9749279121818236,-0.2225209339563146
0.0190079957376116,0.010277523928257497,0.019927301987339337,0.0227516857868974,-0.15428094025525493,0.7166666666666667,0.7108936666816285,0.5000000000000003,-0.8660254037844385,0.48530196253108104,-0.8743466161445821,0.7818314824680298,0.6234898018587336
0.019679514053486623,0.022245636250879188,0.016478214952068502,0.018237618683357704,0.27579444240655754,0.7166666666666667,0.710938551999641,0.5000000000000003,-0.8660254037844385,0.29936312297335804,-0.9541392564000488,0.9749279121818236,-0.22252093395631434
0.01929969344376621,0.01882171306132292,0.016211079355273456,0.008995578057153841,0.8012349062010256,0.7166666666666667,0.7109834373176535,0.5000000000000003,-0.8660254037844385,0.10116832198743272,-0.994869323391895,0.43388373911755823,-0.900968867902419
0.006118149972603857,0.0009808955353600897,0.010994674381825558,0.004962808132814925,-0.14446897107624512,0.7166666666666667,0.711028322635666,0.5000000000000003,-0.8660254037844385,-0.10116832198743204,-0.9948693233918952,-0.433883739117558,-0.9009688679024191
0.0058820779568678335,0.004890003993688467,0.003968255233499011,0.012789073599859131,0.2502388778940252,0.7166666666666667,0.7110732079536783,0.5000000000000003,-0.8660254037844385,-0.29936312297335776,-0.9541392564000489,-0.9749279121818236,-0.2225209339563146
0.003968255233499011,-0.000985887259863183,0.009852239974235948,-0.005882317654020645,-1.2076900825040016,0.7166666666666667,0.7112078639077158,0.5000000000000003,-0.8660254037844385,-0.7907757369376986,-0.6121059825476627,0.7818314824680298,0.6234898018587336
0.010832174296317524,0.04207166772678082,0.003913895668890902,0.028116244721383462,0.7772527613514071,0.7166666666666667,0.7112527492257283,0.5000000000000003,-0.8660254037844385,-0.8978045395707417,-0.44039415155763423,0.9749279121818236,-0.22252093395631434
0.007804910225959066,-0.017941085462179464,0.024120803329535735,-0.016385916144945542,-0.009746889180596805,0.7166666666666667,0.7112976345437408,0.5000000000000003,-0.8660254037844385,-0.9680771188662041,-0.2506525322587213,0.43388373911755823,-0.900968867902419
-0.01764754706511928,-0.01344551902407882,-0.022169538538361074,-0.010747505038418597,0.22385176664126183,0.7166666666666667,0.7113425198617532,0.5000000000000003,-0.8660254037844385,-0.9987165071710528,-0.05064916883871355,-0.433883739117558,-0.9009688679024191
-0.033083256724899486,-0.031396306214244656,-0.026668292301427192,-0.026880708155819697,-0.2561696852423114,0.7166666666666667,0.7113874051797657,0.5000000000000003,-0.8660254037844385,-0.9884683243281114,0.15142777750457667,-0.9749279121818236,-0.2225209339563146
-0.045065358249254533,-0.005999964593854784,-0.03462669392901507,-0.02555070051595259,0.1677736009935727,0.7166666666666667,0.7115669464518156,0.5000000000000003,-0.8660254037844385,-0.5712682150947924,0.8207634412072763,0.9749279121818236,-0.22252093395631434
-0.04372287312389013,-0.03885970595048441,-0.011464394358791442,-0.053147470400606495,0.3054695685094966,0.7166666666666667,0.7116118317698281,0.5000000000000003,-0.8660254037844385,-0.3943558551133187,0.9189578116202306,0.43388373911755823,-0.900968867902419
-0.005602277099279644,-0.009429106199997645,-0.0683192571043076,0.02053022207152387,0.004655970344689384,0.7166666666666667,0.7116567170878406,0.5000000000000003,-0.8660254037844385,-0.20129852008866114,0.9795299412524943,-0.433883739117558,-0.9009688679024191
0.02002295033445876,-0.01591541450699911,0.04498837159606358,-0.012917385179933807,-1.1308776138981445,0.7166666666666667,0.7117016024058531,0.5000000000000003,-0.8660254037844385,-2.4492935982947064e-16,1.0,-0.9749279121818236,-0.2225209339563146
0.008881186305095897,0.018963425890607292,-0.004301077929863997,0.015054085117223531,0.49703801289052024,0.7166666666666667,0.7118362583598905,1.2246467991473532e-16,-1.0,0.5712682150947923,0.8207634412072763,0.7818314824680298,0.6234898018587336
0.00043650661354272343,-0.003574477778610174,0.012848130670618959,-0.015054085117223394,-0.22606626219981102,0.7166666666666667,0.711881143677903,1.2246467991473532e-16,-1.0,0.72479278722912,0.6889669190756866,0.9749279121818236,-0.22252093395631434
-0.027095921984372776,-0.028317078976298884,-0.022593757986618345,-0.029688767675248424,0.15141293755843704,0.7166666666666667,0.7119260289959155,1.2246467991473532e-16,-1.0,0.8486442574947509,0.5289640103269624,0.43388373911755823,-0.900968867902419
-0.0033688670002559595,-0.014173797792640634,-0.015351111919943223,0.014404693731420119,-0.15596655103623297,0.7166666666666667,0.711970914313928,1.2246467991473532e-16,-1.0,0.9377521321470804,0.3473052528448203,-0.433883739117558,-0.9009688679024191
0.008958617695007335,0.027101928656942283,0.012081383240462106,-0.0044101461882239245,-0.7261730845798063,0.7166666666666667,0.7120157996319404,1.2246467991473532e-16,-1.0,0.9884683243281114,0.1514277775045767,-0.9749279121818236,-0.2225209339563146
-0.003350163591371596,-0.027101928656942442,-0.00657170658541842,-0.0011056086032227262,0.2609589153411917,0.7166666666666667,0.7121504555859779,1.2246467991473532e-16,-1.0,0.8978045395707416,-0.4403941515576344,0.7818314824680298,0.6234898018587336
0.0,-0.002200271231768648,-0.011049878106334215,-0.008888938939973515,-0.33409116075791134,0.7166666666666667,0.7121953409039904,1.2246467991473532e-16,-1.0,0.7907757369376989,-0.6121059825476626,0.9749279121818236,-0.22252093395631434
-0.03297626540519013,-0.005521846353188035,0.0033277605213776237,-0.02944722750732347,0.950711541091087,0.7166666666666667,0.7122402262220028,1.2246467991473532e-16,-1.0,0.6513724827222223,-0.758758122692791,0.43388373911755823,-0.900968867902419
0.001155428111254271,-0.015625249712802096,-0.02807596062387607,0.006872927339372961,0.10838536259139758,0.7166666666666667,0.7122851115400153,1.2246467991473532e-16,-1.0,0.48530196253108104,-0.8743466161445821,-0.433883739117558,-0.9009688679024191
-0.016298310385141457,-0.005640194234169395,0.0,-0.020762026468560547,-0.13296197732745474,0.7166666666666667,0.7123299968580278,1.2246467991473532e-16,-1.0,0.29936312297335804,-0.9541392564000488,-0.9749279121818236,-0.2225209339563146
0.0,-0.012521576494817254,-0.016073754681327553,0.01388909912918758,-0.40908284428825875,0.7166666666666667,0.7124646528120652,1.2246467991473532e-16,-1.0,-0.29936312297335776,-0.9541392564000489,0.7818314824680298,0.6234898018587336
0.01282812378680791,0.011389688559749395,0.006920381184597074,0.005730696632532733,-0.19291468225837954,0.7166666666666667,0.7125095381300777,1.2246467991473532e-16,-1.0,-0.4853019625310808,-0.8743466161445822,0.9749279121818236,-0.22252093395631434
0.010374750187296299,0.021289378848826094,0.003442313678817918,0.02148184187890758,0.36592099836389863,0.7166666666666667,0.7125544234480902,1.2246467991473532e-16,-1.0,-0.6513724827222217,-0.7587581226927913,0.43388373911755823,-0.900968867902419
0.004576662532905499,-0.015642814932814417,0.01478140845143414,-0.01805916501470985,0.02982557834144605,0.7166666666666667,0.7125993087661027,1.2246467991473532e-16,-1.0,-0.7907757369376986,-0.6121059825476627,-0.433883739117558,-0.9009688679024191
0.007959074899194457,0.016750767966027574,-0.0033917198916845965,0.013574856642605285,0.4393799400371942,0.7166666666666667,0.7126441940841152,1.2246467991473532e-16,-1.0,-0.8978045395707417,-0.44039415155763423,-0.9749279121818236,-0.2225209339563146
-0.025230727410803372,-0.01787755443812897,0.0033917198916846012,-0.023878342886333833,-0.16208969313690935,0.7166666666666667,0.7127788500381526,1.2246467991473532e-16,-1.0,-0.9884683243281114,0.15142777750457667,0.7818314824680298,0.6234898018587336
-0.029465892535459993,-0.010198406185747032,-0.009070348633521486,-0.017411887656372454,0.3816517533174919,0.7166666666666667,0.7128237353561651,1.2246467991473532e-16,-1.0,-0.9377521321470804,0.3473052528448203,0.9749279121818236,-0.22252093395631434
0.023641853144997595,0.019177133741884976,-0.024208680233809236,0.03226083208465071,-0.35962698197307374,0.7166666666666667,0.7128686206741776,1.2246467991473532e-16,-1.0,-0.8486442574947509,0.5289640103269624,0.43388373911755823,-0.900968867902419
0.023095691902071138,0.00779087384877782,0.041148732062714945,0.015748395826043066,-0.5419569694582533,0.7166666666666667,0.71291350599219,1.2246467991473532e-16,-1.0,-0.7247927872291207,0.6889669190756859,-0.433883739117558,-0.9009688679024191
-0.003430613660554921,-0.002219807488164339,0.0022370819129791273,-0.021433372663681612,1.894029286981892,0.7166666666666667,0.7129583913102024,1.2246467991473532e-16,-1.0,-0.5712682150947924,0.8207634412072763,-0.9749279121818236,-0.2225209339563146
0.004571541164823841,0.011049878106334366,-0.006726422830810928,0.03363537189968918,-1.1252207001078836,0.7166666666666667,0.7130930472642399,-0.4999999999999997,-0.8660254037844388,0.20129852008866006,0.9795299412524945,0.7818314824680298,0.6234898018587336
0.02254884725917003,0.0010982181429509345,0.023347367297758832,-0.004419892622724333,-0.35664664629426335,0.7166666666666667,0.7131379325822524,-0.4999999999999997,-0.8660254037844388,0.39435585511331855,0.9189578116202306,0.9749279121818236,-0.22252093395631434
0.0033388714964170613,0.0005487094346621372,-0.011049878106334215,-0.0033277605213776176,-0.4161457129283583,0.7166666666666667,0.7131828179002648,-0.4999999999999997,-0.8660254037844388,0.5712682150947923,0.8207634412072763,0.43388373911755823,-0.900968867902419
-0.01567785146897707,0.002739040008555647,0.015435845692503117,-0.0033388714964171524,0.5341693145720585,0.7166666666666667,0.7132725885362898,-0.4999999999999997,-0.8660254037844388,0.8486442574947509,0.5289640103269624,-0.9749279121818236,-0.2225209339563146
-0.020525162036484038,-0.00989564424121248,-0.015435845692503142,-0.007834471963476048,-0.05129214349321928,0.7166666666666667,0.7134072444903272,-0.4999999999999997,-0.8660254037844388,0.9987165071710528,-0.05064916883871264,0.7818314824680298,0.6234898018587336
0.00459770471269931,-0.013348349724883307,-0.01005035297896628,-0.019285916460518002,-0.42103646233503883,0.7166666666666667,0.7134521298083397,-0.4999999999999997,-0.8660254037844388,0.9680771188662043,-0.2506525322587204,0.9749279121818236,-0.22252093395631434
-0.01968796328661787,-0.0011204739175758305,-0.023851220620262775,0.01816177072898659,-0.24731958276178084,0.7166666666666667,0.7134970151263522,-0.4999999999999997,-0.8660254037844388,0.8978045395707416,-0.4403941515576344,0.43388373911755823,-0.900968867902419
0.02541686250998355,0.01059393959372925,0.0305627021028119,0.008958617695007335,0.5030623236651486,0.7166666666666667,0.7135419004443647,-0.4999999999999997,-0.8660254037844388,0.7907757369376989,-0.6121059825476626,-0.433883739117558,-0.9009688679024191
0.020305343208782745,0.008285030236953964,0.0022271171841228015,0.008879072947707678,0.5512305376609278,0.7166666666666667,0.7135867857623772,-0.4999999999999997,-0.8660254037844388,0.6513724827222223,-0.758758122692791,-0.9749279121818236,-0.2225209339563146
0.00779087384877782,0.03033815906105165,0.009961361186859998,0.032611605311986085,-0.7229339981231666,0.7166666666666667,0.7137214417164146,-0.4999999999999997,-0.8660254037844388,0.10116832198743272,-0.994869323391895,0.7818314824680298,0.6234898018587336
0.02517916669995011,0.03564320219507532,0.030371069598933553,0.032617248329082665,-0.05676305405028402,0.7166666666666667,0.7137663270344271,-0.4999999999999997,-0.8660254037844388,-0.10116832198743204,-0.9948693233918952,0.9749279121818236,-0.22252093395631434
-0.002164552604771607,-0.005162653803282391,0.0315483786188599,-0.0369044960679928,-0.2942785379447661,0.7166666666666667,0.7138112123524396,-0.4999999999999997,-0.8660254037844388,-0.29936312297335776,-0.9541392564000489,0.43388373911755823,-0.900968867902419
0.004324430039394852,-0.01670183382208351,-0.03261724832908258,0.00962051233348574,0.5177769266516418,0.7166666666666667,0.713856097670452,-0.4999999999999997,-0.8660254037844388,-0.4853019625310808,-0.8743466161445822,-0.433883739117558,-0.9009688679024191
-0.017410755373452234,-0.005277077284427373,0.0032033911191615724,-0.02477235410574778,-0.26193589786098453,0.7166666666666667,0.7139009829884645,-0.4999999999999997,-0.8660254037844388,-0.6513724827222217,-0.7587581226927913,-0.9749279121818236,-0.2225209339563146
-0.0010982181429510245,-0.009569467512349206,-0.027014068077178273,0.016225301364992777,0.33209066265539006,0.7166666666666667,0.714035638942502,-0.4999999999999997,-0.8660254037844388,-0.9680771188662041,-0.2506525322587213,0.7818314824680298,0.6234898018587336
0.01850897351640324,0.009569467512349213,0.028079622641285266,-0.004301077929863997,-0.36006803577850643,0.7166666666666667,0.7140805242605144,-0.4999999999999997,-0.8660254037844388,-0.9987165071710528,-0.05064916883871355,0.9749279121818236,-0.22252093395631434
0.009661824850761726,0.007275085557538622,-0.003200075973045901,0.014973578663963793,-0.30860125590887166,0.7166666666666667,0.7141254095785269,-0.4999999999999997,-0.8660254037844388,-0.9884683243281114,0.15142777750457667,0.43388373911755823,-0.900968867902419
0.0,0.014703825548972264,0.007450875197871865,0.02412277913293567,-0.3021187844198268,0.7166666666666667,0.7141702948965394,-0.4999999999999997,-0.8660254037844388,-0.9377521321470804,0.3473052528448203,-0.433883739117558,-0.9009688679024191
-0.005356117449132811,-0.002072488191731447,0.020987108686235573,-0.018828940425025833,0.7055626522566976,0.7166666666666667,0.7142151802145519,-0.4999999999999997,-0.8660254037844388,-0.8486442574947509,0.5289640103269624,-0.9749279121818236,-0.2225209339563146
0.01492558496148199,0.011346140772908601,-0.015698969714204133,0.018828940425025833,-0.16894497357436267,0.7166666666666667,0.7143498361685893,-0.4999999999999997,-0.8660254037844388,-0.3943558551133187,0.9189578116202306,0.7818314824680298,0.6234898018587336
-0.013852125368751064,0.0,0.01984404937533723,0.006198410411508872,0.11733565473681005,0.7166666666666667,0.7143947214866018,-0.4999999999999997,-0.8660254037844388,-0.20129852008866114,0.9795299412524943,0.9749279121818236,-0.22252093395631434
0.028558308853176024,0.003991976065237521,0.004127968876901494,-0.0030943534169521553,0.20407171429064247,0.7166666666666667,0.7144396068046143,-0.4999999999999997,-0.8660254037844388,-2.4492935982947064e-16,1.0,0.43388373911755823,-0.900968867902419
0.013464741137954114,0.02132583191905248,0.004110998777894755,0.030521111640359328,-0.16507938525356697,0.7166666666666667,0.7144844921226268,-0.8660254037844385,-0.5000000000000004,0.20129852008866006,0.9795299412524945,-0.433883739117558,-0.9009688679024191
0.010235445344963609,0.005982113388948107,0.023315759445512358,-0.002005969028743923,0.767962086661576,0.7166666666666667,0.7145293774406393,-0.8660254037844385,-0.5000000000000004,0.39435585511331855,0.9189578116202306,-0.9749279121818236,-0.2225209339563146
0.016161953165857546,0.006934123174826082,0.0,0.007003499924307784,-0.8414191466112176,0.7166666666666667,0.7146640333946767,-0.8660254037844385,-0.5000000000000004,0.8486442574947509,0.5289640103269624,0.7818314824680298,0.6234898018587336
-0.020243587712101694,-0.01191671336537253,0.0020020485387774287,-0.019124848779770644,0.06265016000132603,0.7166666666666667,0.7147089187126892,-0.8660254037844385,-0.5000000000000004,0.9377521321470804,0.3473052528448203,0.9749279121818236,-0.22252093395631434
0.005099469654571435,-0.0009995231984015918,-0.01714616659630784,0.006078992037186474,-0.021484799223371293,0.7166666666666667,0.7147538040307017,-0.8660254037844385,-0.5000000000000004,0.9884683243281114,0.1514277775045767,0.43388373911755823,-0.900968867902419
0.017146166596307764,0.02176151790957577,0.017146166596307764,0.010050374385797877,0.17371276568537106,0.7166666666666667,0.714798689348714,-0.8660254037844385,-0.5000000000000004,0.9987165071710528,-0.05064916883871264,-0.433883739117558,-0.9009688679024191
-0.01005037438579784,-0.016783921230907748,0.0,-0.0060181145405235874,-0.05242426912336665,0.7166666666666667,0.7148435746667265,-0.8660254037844385,-0.5000000000000004,0.9680771188662043,-0.2506525322587204,-0.9749279121818236,-0.2225209339563146
-0.011173265962353112,-0.007982078915736586,-0.01005037438579784,-0.011128052055784177,0.28678667446828204,0.7166666666666667,0.714978230620764,-0.8660254037844385,-0.5000000000000004,0.6513724827222223,-0.758758122692791,0.7818314824680298,0.6234898018587336
0.004077473751843094,0.007992042726700857,-0.005063224696360059,0.012133605603430374,-1.1175209776339978,0.7166666666666667,0.7150231159387764,-0.8660254037844385,-0.5000000000000004,0.48530196253108104,-0.8743466161445821,0.9749279121818236,-0.22252093395631434
0.01214366945280403,0.003972196004524521,0.013111550543380405,0.005012560992877433,0.471580367838249,0.7166666666666667,0.7150680012567889,-0.8660254037844385,-0.5000000000000004,0.29936312297335804,-0.9541392564000488,0.43388373911755823,-0.900968867902419
-0.01918777448576162,0.004943182533093868,-0.003010512454099954,-0.019182776642391704,-0.005007455453104099,0.7166666666666667,0.7151128865748014,-0.8660254037844385,-0.5000000000000004,0.10116832198743272,-0.994869323391895,-0.433883739117558,-0.9009688679024191
-0.00010239748877149028,-0.01691746502594522,-0.01621107935527355,-0.004085803442954354,0.4914525466068927,0.7166666666666667,0.7151577718928139,-0.8660254037844385,-0.5000000000000004,-0.10116832198743204,-0.9948693233918952,-0.9749279121818236,-0.2225209339563146
0.004089981263258659,0.012964894621141695,0.0010209524933724177,0.02326858008534602,-0.005752522409443553,0.7166666666666667,0.7152924278468513,-0.8660254037844385,-0.5000000000000004,-0.6513724827222217,-0.7587581226927913,0.7818314824680298,0.6234898018587336
0.00015306274147552787,-0.001982206542114215,0.028170849935111448,-0.014098959199254137,-0.5001563897354865,0.7166666666666667,0.7153373131648638,-0.8660254037844385,-0.5000000000000004,-0.7907757369376986,-0.6121059825476627,0.9749279121818236,-0.22252093395631434
-0.018691215099272886,-0.023589515859998356,-0.026132163784968167,-0.020492501366212862,1.4666908144022581,0.7166666666666667,0.7153821984828763,-0.8660254037844385,-0.5000000000000004,-0.8978045395707417,-0.44039415155763423,0.43388373911755823,-0.900968867902419
-0.008350771319909049,-0.011749890063093902,-0.0289276098278499,0.0041322334173704315,-0.8718243420095785,0.7166666666666667,0.7154270838008888,-0.8660254037844385,-0.5000000000000004,-0.9680771188662041,-0.2506525322587213,-0.433883739117558,-0.9009688679024191
0.005227423344932042,-0.00001019348808626689,0.016632384384388268,-0.006204721609101773,-0.46767948430042916,0.7166666666666667,0.7154719691189012,-0.8660254037844385,-0.5000000000000004,-0.9987165071710528,-0.05064916883871355,-0.9749279121818236,-0.2225209339563146
-0.002087731230426785,-0.0051417228482913725,-0.008281613064479191,-0.002076891455377399,-0.786148460209802,0.7166666666666667,0.7156066250729387,-0.8660254037844385,-0.5000000000000004,-0.8486442574947509,0.5289640103269624,0.7818314824680298,0.6234898018587336
-0.023256789476569985,-0.007257745558281078,-0.00939956313517144,-0.02419892299870529,1.4504838675427796,0.7166666666666667,0.7156515103909512,-0.8660254037844385,-0.5000000000000004,-0.7247927872291207,0.6889669190756859,0.9749279121818236,-0.22252093395631434
-0.026003710513991314,-0.008359497610329468,-0.013735040952226758,0.0042507992248259855,-0.5119107190726088,0.7166666666666667,0.7156963957089636,-0.8660254037844385,-0.5000000000000004,-0.5712682150947924,0.8207634412072763,0.43388373911755823,-0.900968867902419
0.03133697510856695,-0.0010497927586062673,0.0,0.005288138972031578,-0.0255488035435465,0.7166666666666667,0.7157412810269761,-0.8660254037844385,-0.5000000000000004,-0.3943558551133187,0.9189578116202306,-0.433883739117558,-0.9009688679024191
-0.026955811097322976,0.0,0.0042462870124152785,-0.03543043038287357,-0.10105390670248855,0.7166666666666667,0.7157861663449886,-0.8660254037844385,-0.5000000000000004,-0.20129852008866114,0.9795299412524943,-0.9749279121818236,-0.2225209339563146
0.015184711122758328,-0.008015251813025563,-0.012793339753170103,0.02482593762190898,-0.0021008208634335614,0.7166666666666667,0.7159657076170385,-1.0,-1.8369701987210297e-16,0.5712682150947923,0.8207634412072763,0.9749279121818236,-0.22252093395631434
0.003224047233809911,-0.00466999638059493,0.007482733829447758,-0.001066691181871912,-0.22579998022303696,0.7166666666666667,0.716010592935051,-1.0,-1.8369701987210297e-16,0.72479278722912,0.6889669190756866,0.43388373911755823,-0.900968867902419
0.005350488083468911,0.0074192867012547,0.0010643189113070952,0.007442851669701106,-0.2597512476527977,0.7166666666666667,0.7160554782530635,-1.0,-1.8369701987210297e-16,0.8486442574947509,0.5289640103269624,-0.433883739117558,-0.9009688679024191
-0.011809010661437025,0.004214965229462873,0.011634251930717689,-0.010649667128702448,-0.0907179934526482,0.7166666666666667,0.716100363571076,-1.0,-1.8369701987210297e-16,0.9377521321470804,0.3473052528448203,-0.9749279121818236,-0.2225209339563146
0.005385062985237162,-0.010581604724157275,-0.016967516525293273,0.004273506640873242,0.9215501534099035,0.7166666666666667,0.7162350195251134,-1.0,-1.8369701987210297e-16,0.9680771188662043,-0.2506525322587204,0.7818314824680298,0.6234898018587336
-0.0010747156922506552,0.004252425421435747,0.010638337222571657,-0.006417179265340824,-0.637126266909091,0.7166666666666667,0.7162799048431259,-1.0,-1.8369701987210297e-16,0.8978045395707416,-0.4403941515576344,0.9749279121818236,-0.22252093395631434
-0.005390869144001345,-0.007434946103410272,-0.014925584961481964,-0.0021481752849815835,-0.5471967760536113,0.7166666666666667,0.7163247901611384,-1.0,-1.8369701987210297e-16,0.7907757369376989,-0.6121059825476626,0.43388373911755823,-0.900968867902419
0.00010814597449010027,0.0,-0.002150587641078979,-0.0010758719488283702,-0.24450004854433283,0.7166666666666667,0.7163696754791509,-1.0,-1.8369701987210297e-16,0.6513724827222223,-0.758758122692791,-0.433883739117558,-0.9009688679024191
0.0009723758765246325,-0.001066691181871912,0.004296457962473827,0.0021505876410789064,-0.06873226182174437,0.7166666666666667,0.7164145607971633,-1.0,-1.8369701987210297e-16,0.48530196253108104,-0.8743466161445821,-0.9749279121818236,-0.2225209339563146
-0.006500610052404535,0.0,0.003210247127738016,-0.007547275477754728,0.8126523322677593,0.7166666666666667,0.7165492167512008,-1.0,-1.8369701987210297e-16,-0.10116832198743204,-0.9948693233918952,0.7818314824680298,0.6234898018587336
-0.008733671785050415,-0.011809010661437025,-0.012903392926887598,-0.007604566294507157,0.6442540440114081,0.7166666666666667,0.7165941020692133,-1.0,-1.8369701987210297e-16,-0.29936312297335776,-0.9541392564000489,0.9749279121818236,-0.22252093395631434
-0.006600625167697802,-0.01195023577860001,-0.009788023286082448,-0.007662839145770238,-0.22566137236203448,0.7166666666666667,0.7166389873872256,-1.0,-1.8369701987210297e-16,-0.4853019625310808,-0.8743466161445822,0.43388373911755823,-0.900968867902419
-0.006644589033976515,-0.0002622687807193339,-0.002188130455269412,-0.0055096766550436485,-0.5718224912198033,0.7166666666666667,0.7166838727052381,-1.0,-1.8369701987210297e-16,-0.6513724827222217,-0.7587581226927913,-0.433883739117558,-0.9009688679024191
-0.006689035087788625,-0.009622402445833376,-0.007696540771283344,-0.008879072947707812,0.7771179659099581,0.7166666666666667,0.7167287580232506,-1.0,-1.8369701987210297e-16,-0.7907757369376986,-0.6121059825476627,-0.9749279121818236,-0.2225209339563146
-0.014534616084040919,-0.0033168285125988396,-0.006644589033976515,-0.013468203716041089,-0.4106184080094134,0.7166666666666667,0.716863413977288,-1.0,-1.8369701987210297e-16,-0.9987165071710528,-0.05064916883871355,0.7818314824680298,0.6234898018587336
-0.0034106141471849805,-0.0033277605213776176,-0.021337089758541043,0.012352729120552635,0.022748175402020617,0.7166666666666667,0.7169082992953005,-1.0,-1.8369701987210297e-16,-0.9884683243281114,0.15142777750457667,0.9749279121818236,-0.22252093395631434
0.016826117045421925,0.0038813298194398226,0.014648054670752508,0.005564865779021848,-0.4674602678610405,0.7166666666666667,0.716953184613313,-1.0,-1.8369701987210297e-16,-0.9377521321470804,0.3473052528448203,0.43388373911755823,-0.900968867902419
-0.014664685904049922,0.00276325921453669,0.012229236539079237,0.005534069346860115,0.661398482245365,0.7166666666666667,0.7169980699313255,-1.0,-1.8369701987210297e-16,-0.8486442574947509,0.5289640103269624,-0.433883739117558,-0.9009688679024191
0.005665758965184389,0.0018084501679477877,-0.005540201451290676,-0.016694942012942828,-0.38780078634554377,0.7166666666666667,0.717042955249338,-1.0,-1.8369701987210297e-16,-0.7247927872291207,0.6889669190756859,-0.9749279121818236,-0.2225209339563146
-0.013652184707952953,-0.015142074289712981,-0.017937683425593903,-0.015837365776620923,0.7555214986108199,0.7166666666666667,0.7171776112033754,-1.0,-1.8369701987210297e-16,-0.20129852008866114,0.9795299412524943,0.7818314824680298,0.6234898018587336
0.0,-0.012380536272872989,-0.011376730431034852,-0.0011409275042689863,-1.3259964185543671,0.7166666666666667,0.7172224965213879,-0.866025403784439,0.49999999999999933,0.20129852008866006,0.9795299412524945,0.9749279121818236,-0.22252093395631434
-0.0034423136788179235,-0.005678628741836827,0.0,-0.002285767596772526,1.0126490400720187,0.7166666666666667,0.7172673818394004,-0.866025403784439,0.49999999999999933,0.39435585511331855,0.9189578116202306,0.43388373911755823,-0.900968867902419
-0.017391698480150583,-0.004566213754130247,-0.00458715974260037,-0.01150754092719737,-0.3772768411980718,0.7166666666666667,0.7173122671574128,-0.866025403784439,0.49999999999999933,0.5712682150947923,0.8207634412072763,-0.433883739117558,-0.9009688679024191
0.010471317295553577,0.011376730431034803,-0.005763726893749695,0.006920381184597074,0.35887823614845477,0.7166666666666667,0.7173571524754253,-0.866025403784439,0.49999999999999933,0.72479278722912,0.6889669190756866,-0.9749279121818236,-0.2225209339563146
-0.011641619218773457,-0.009205170763476074,-0.006960523083643561,-0.01856200040337045,-0.30344986331068285,0.7166666666666667,0.7174918084294628,-0.866025403784439,0.49999999999999933,0.9884683243281114,0.1514277775045767,0.7818314824680298,0.6234898018587336
-0.0035190338527045814,-0.01021292355493597,-0.00935678427868169,0.0070012442827861515,0.24167358723326135,0.7166666666666667,0.7175366937474752,-0.866025403784439,0.49999999999999933,0.9987165071710528,-0.05064916883871264,0.9749279121818236,-0.22252093395631434
0.01052027813549073,0.013734515686099964,0.01052027813549073,0.012709547627680748,-0.5973355931048139,0.7166666666666667,0.7175815790654877,-0.866025403784439,0.49999999999999933,0.9680771188662043,-0.2506525322587204,0.43388373911755823,-0.900968867902419
0.0161479158631846,0.005683578632312096,0.027524646294219593,0.008004581989634052,0.34403208213333814,0.7166666666666667,0.7176264643835002,-0.866025403784439,0.49999999999999933,0.8978045395707416,-0.4403941515576344,-0.433883739117558,-0.9009688679024191
0.00228576759677249,0.0,-0.005672186553354763,0.006810516676904558,0.3769919197891057,0.7166666666666667,0.7176713497015127,-0.866025403784439,0.49999999999999933,0.7907757369376989,-0.6121059825476626,-0.9749279121818236,-0.2225209339563146
0.0011409275042690052,0.032278813230853645,0.0034071280609999323,0.025685336569695644,-0.3160630420883861,0.7166666666666667,0.7178060056555501,-0.866025403784439,0.49999999999999933,0.29936312297335804,-0.9541392564000488,0.7818314824680298,0.6234898018587336
0.013590229564162757,-0.009906536957191996,0.023530502439326327,-0.015555801417694571,-0.1178131830084205,0.7166666666666667,0.7178508909735626,-0.866025403784439,0.49999999999999933,0.10116832198743272,-0.994869323391895,0.9749279121818236,-0.22252093395631434
-0.004509586021033774,-0.002325701079243559,-0.005552506519400019,-0.005614859171057334,-0.1668186605006093,0.7166666666666667,0.7178957762915751,-0.866025403784439,0.49999999999999933,-0.10116832198743204,-0.9948693233918952,0.43388373911755823,-0.900968867902419
-0.017094498386770827,-0.01891596698128263,-0.017977995919926257,-0.011325192657848456,0.5554603452595092,0.7166666666666667,0.7179406616095876,-0.866025403784439,0.49999999999999933,-0.29936312297335776,-0.9541392564000489,-0.433883739117558,-0.9009688679024191
0.0,-0.0011306082131356501,0.002265058492354844,0.003411110343957312,-0.2294261012629287,0.7166666666666667,0.7179855469276001,-0.866025403784439,0.49999999999999933,-0.4853019625310808,-0.8743466161445822,-0.9749279121818236,-0.2225209339563146
0.006872927339372961,0.016825929113299526,-0.004535150752048731,-0.0011357444191014416,0.10917753055276258,0.7166666666666667,0.7181202028816375,-0.866025403784439,0.49999999999999933,-0.8978045395707417,-0.44039415155763423,0.7818314824680298,0.6234898018587336
-0.004576662532905611,-0.02136107986534823,0.0,-0.005698042789053764,-0.2984905285465256,0.7166666666666667,0.71816508819965,-0.866025403784439,0.49999999999999933,-0.9680771188662041,-0.2506525322587213,0.9749279121818236,-0.22252093395631434
0.0,0.0045351507520485805,-0.009132474615119266,-0.002288382953714889,0.02212312756590002,0.7166666666666667,0.7182099735176625,-0.866025403784439,0.49999999999999933,-0.9987165071710528,-0.05064916883871355,0.43388373911755823,-0.900968867902419
-0.00344637755346521,-0.004535150752048731,0.0022908949361331405,-0.0011460488723506724,0.5559683631519706,0.7166666666666667,0.7182548588356749,-0.866025403784439,0.49999999999999933,-0.9884683243281114,0.15142777750457667,-0.433883739117558,-0.9009688679024191
-0.004613614146751749,-0.005698042789053764,0.0011435368899324865,-0.0022962648064673483,0.08627672529203145,0.7166666666666667,0.7182997441536874,-0.866025403784439,0.49999999999999933,-0.9377521321470804,0.3473052528448203,-0.9749279121818236,-0.2225209339563146
-0.011627971586400786,-0.0011549941415899283,-0.005730696632532716,-0.009237932337597185,-0.11928522294642066,0.7166666666666667,0.7184344001077249,-0.866025403784439,0.49999999999999933,-0.5712682150947924,0.8207634412072763,0.7818314824680298,0.6234898018587336
0.011627971586400805,-0.001133388812124943,-0.005763726893749695,0.006936492431365347,0.6652979699286726,0.7166666666666667,0.7184792854257372,-0.866025403784439,0.49999999999999933,-0.3943558551133187,0.9189578116202306,0.9749279121818236,-0.22252093395631434
-0.006960523083643561,0.0057110598179126275,0.0,-0.00925931621435231,-0.3049936584392655,0.7166666666666667,0.7185241707437497,-0.866025403784439,0.49999999999999933,-0.20129852008866114,0.9795299412524943,0.43388373911755823,-0.900968867902419
-0.010532590263326157,-0.013761672279226023,-0.0034742054438474898,-0.0034945506164942844,-0.346370883486063,0.7166666666666667,0.7185690560617622,-0.866025403784439,0.49999999999999933,-2.4492935982947064e-16,1.0,-0.433883739117558,-0.9009688679024191
-0.011834503060066504,-0.009747075716645232,-0.008153766142553266,-0.015285438109665532,0.18201386336562722,0.7166666666666667,0.7186139413797747,-0.5000000000000012,0.8660254037844379,0.20129852008866006,0.9795299412524945,-0.9749279121818236,-0.2225209339563146
0.005461307818636542,0.005117442161543389,-0.0070423318925754005,0.007083904606024743,-0.16108673027202694,0.7166666666666667,0.7187485973338121,-0.5000000000000012,0.8660254037844379,0.72479278722912,0.6889669190756866,0.7818314824680298,0.6234898018587336
0.00047345054206838165,-0.011668676830039679,0.0023529961166510864,-0.0023557676740256495,-0.7916564598182597,0.7166666666666667,0.7187934826518246,-0.5000000000000012,0.8660254037844379,0.8486442574947509,0.5289640103269624,0.9749279121818236,-0.22252093395631434
0.0,0.012480408722202272,-0.0023529961166510386,0.011723508785557453,-0.1792164025699651,0.7166666666666667,0.7188383679698371,-0.5000000000000012,0.8660254037844379,0.9377521321470804,0.3473052528448203,0.43388373911755823,-0.900968867902419
0.0023641213934770533,0.013013360188034962,0.011709780395332735,-0.01054493124353834,0.9739283828178967,0.7166666666666667,0.7188832532878496,-0.5000000000000012,0.8660254037844379,0.9884683243281114,0.1514277775045767,-0.433883739117558,-0.9009688679024191
0.0,-0.01614791586318466,-0.00700942356067666,0.004700356834656044,-0.7106106228506102,0.7166666666666667,0.718928138605862,-0.5000000000000012,0.8660254037844379,0.9987165071710528,-0.05064916883871264,-0.9749279121818236,-0.2225209339563146
-0.0023641213934771995,0.0011620309483483427,-0.003523166702649543,-0.0011729356295669413,0.5029101299084184,0.7166666666666667,0.7190627945598995,-0.5000000000000012,0.8660254037844379,0.7907757369376989,-0.6121059825476626,0.7818314824680298,0.6234898018587336
0.001182759330321328,0.018412580015877915,-0.0035356233058845992,0.01629831038514142,0.05920272341993933,0.7166666666666667,0.719107679877912,-0.5000000000000012,0.8660254037844379,0.6513724827222223,-0.758758122692791,0.9749279121818236,-0.22252093395631434
-0.08894752009689164,-0.06598393046989177,-0.03361669356065966,-0.07802391529971608,1.8153351396355235,0.7166666666666667,0.7191525651959244,-0.5000000000000012,0.8660254037844379,0.48530196253108104,-0.8743466161445821,0.43388373911755823,-0.900968867902419
0.028027346618286104,0.004860272235849274,-0.0234723049498906,0.02830952648967927,-1.2104077574256686,0.7166666666666667,0.7191974505139369,-0.5000000000000012,0.8660254037844379,0.29936312297335804,-0.9541392564000488,-0.433883739117558,-0.9009688679024191
0.029705126361232997,0.023953218450319436,0.02469258933002205,0.016847612005967634,-0.3151732813897191,0.7166666666666667,0.7192423358319494,-0.5000000000000012,0.8660254037844379,0.10116832198743272,-0.994869323391895,-0.9749279121818236,-0.2225209339563146
0.02409752942634625,0.0070755506840063445,0.02409752942634625,0.008318490646483268,-0.4106222897033904,0.7166666666666667,0.7193769917859868,-0.5000000000000012,0.8660254037844379,-0.4853019625310808,-0.8743466161445822,0.7818314824680298,0.6234898018587336
0.002378176879069833,0.011426744869613328,0.010657312928060159,0.012933820377382827,0.5027868603301524,0.7166666666666667,0.7194218771039993,-0.5000000000000012,0.8660254037844379,-0.6513724827222217,-0.7587581226927913,0.9749279121818236,-0.22252093395631434
-0.019173099167942558,-0.02087190613560485,-0.00709216514934057,-0.027236792154477718,-0.7471407466152425,0.7166666666666667,0.7194667624220118,-0.5000000000000012,0.8660254037844379,-0.7907757369376986,-0.6121059825476627,0.43388373911755823,-0.900968867902419
0.0060229212154151515,-0.003565147778719474,-0.013134590061588534,0.005984481130611488,-0.28168348119482606,0.7166666666666667,0.7195116477400243,-0.5000000000000012,0.8660254037844379,-0.8978045395707417,-0.44039415155763423,-0.433883739117558,-0.9009688679024191
-0.006035044120194816,0.0059347583607047855,0.0035993663944251294,-0.0011940573217919018,0.72086301005105,0.7166666666666667,0.7195565330580368,-0.5000000000000012,0.8660254037844379,-0.9680771188662041,-0.2506525322587213,-0.9749279121818236,-0.2225209339563146
-0.05601965871752037,-0.013103184130343679,-0.001198349881194891,-0.05148196615420022,0.8750482239390598,0.7166666666666667,0.7196911890120742,-0.5000000000000012,0.8660254037844379,-0.9377521321470804,0.3473052528448203,0.7818314824680298,0.6234898018587336
-0.0012811983762979287,-0.05167201920715698,-0.05546711673076038,-0.013933050849376056,-0.852658946975838,0.7166666666666667,0.7197360743300867,-0.5000000000000012,0.8660254037844379,-0.8486442574947509,0.5289640103269624,0.9749279121818236,-0.22252093395631434
-0.011605565625768586,-0.001263452970350517,0.0025316445532528003,-0.012837195794718747,0.23941034139297163,0.7166666666666667,0.7197809596480992,-0.5000000000000012,0.8660254037844379,-0.7247927872291207,0.6889669190756859,0.43388373911755823,-0.900968867902419
0.0,-0.014004004340324422,-0.017857600564261885,0.0,-1.3914970225493453,0.7166666666666667,0.7198707302841241,-0.5000000000000012,0.8660254037844379,-0.3943558551133187,0.9189578116202306,-0.9749279121818236,-0.2225209339563146
-0.02761517198070007,-0.006430914783477764,-0.009049857835919543,-0.022208567904445555,1.3981816962039642,0.7166666666666667,0.7200053862381616,-2.4492935982947064e-16,1.0,0.39435585511331855,0.9189578116202306,0.7818314824680298,0.6234898018587336
-0.046393060880868656,-0.02879777369045917,-0.02365416866349581,-0.05289373097403027,0.3836959642996347,0.7166666666666667,0.7200502715561741,-2.4492935982947064e-16,1.0,0.5712682150947923,0.8207634412072763,0.9749279121818236,-0.22252093395631434
-0.0013975896173775797,0.003976112947801387,-0.05045376538136203,0.042269407818942395,0.6440222838214835,0.7166666666666667,0.7200951568741865,-2.4492935982947064e-16,1.0,0.72479278722912,0.6889669190756866,0.43388373911755823,-0.900968867902419
0.028947580837310256,0.0013219075032953607,0.04512042449229866,0.002666729282180114,-0.3990885498224064,0.7166666666666667,0.720140042192199,-2.4492935982947064e-16,1.0,0.8486442574947509,0.5289640103269624,-0.433883739117558,-0.9009688679024191
0.01148273831191353,0.05524845155394275,0.0119602955895758,0.058193508395639866,-0.30607115361664045,0.7166666666666667,0.7201849275102115,-2.4492935982947064e-16,1.0,0.9377521321470804,0.3473052528448203,-0.9749279121818236,-0.2225209339563146
0.028469274639167343,-0.007528259214184675,0.04772019233975812,-0.016466504389712068,0.18255151855500779,0.7166666666666667,0.7203195834642488,-2.4492935982947064e-16,1.0,0.9680771188662043,-0.2506525322587204,0.7818314824680298,0.6234898018587336
0.007802373027027499,0.01002519649053471,-0.01395078220673842,0.020228230873233093,-0.27939603548328285,0.7166666666666667,0.7203644687822613,-2.4492935982947064e-16,1.0,0.8978045395707416,-0.4403941515576344,0.9749279121818236,-0.22252093395631434
0.0,-0.005000065104307433,0.018975913592965857,-0.03178907310180721,0.19220702954466928,0.7166666666666667,0.7204093541002738,-2.4492935982947064e-16,1.0,0.7907757369376989,-0.6121059825476626,0.43388373911755823,-0.900968867902419
0.0064558250653587775,0.0271957171579793,-0.02666825192708269,0.05038856416135186,-0.6188710143428574,0.7166666666666667,0.7204542394182863,-2.4492935982947064e-16,1.0,0.6513724827222223,-0.758758122692791,-0.433883739117558,-0.9009688679024191
0.039121701165888076,0.003651828057773653,0.04774771852187292,0.006123624438035977,-0.24751648079889665,0.7166666666666667,0.7204991247362988,-2.4492935982947064e-16,1.0,0.48530196253108104,-0.8743466161445821,-0.9749279121818236,-0.2225209339563146
0.0,0.013277275598933868,0.0048959661830576175,0.0024390814810137844,0.6851258577300982,0.7166666666666667,0.7206337806903362,-2.4492935982947064e-16,1.0,-0.10116832198743204,-0.9948693233918952,0.7818314824680298,0.6234898018587336
0.0,-0.018149388036838784,0.0,-0.01472417817904342,-0.5638267097198315,0.7166666666666667,0.7206786660083487,-2.4492935982947064e-16,1.0,-0.29936312297335776,-0.9541392564000489,0.9749279121818236,-0.22252093395631434
-0.021264100601626156,-0.0012216587075188426,-0.009816020835667759,-0.008690270975510865,-0.01013516684418013,0.7166666666666667,0.7207235513263612,-2.4492935982947064e-16,1.0,-0.4853019625310808,-0.8743466161445822,0.43388373911755823,-0.900968867902419
-0.03211579865664819,-0.02726318327358288,-0.018668821145433837,-0.018880431068286976,0.06411364379531413,0.7166666666666667,0.7207684366443736,-2.4492935982947064e-16,1.0,-0.6513724827222217,-0.7587581226927913,-0.433883739117558,-0.9009688679024191
0.021311748218744677,0.030278213434353045,-0.013915485003025306,0.04107608312195899,1.622906848694921,0.7166666666666667,0.7208133219623861,-2.4492935982947064e-16,1.0,-0.7907757369376986,-0.6121059825476627,-0.9749279121818236,-0.2225209339563146
0.01080405043790356,-0.0030150301607703195,0.03995539856461609,-0.024692589330022063,-1.3587352506378372,0.7166666666666667,0.7209479779164236,-2.4492935982947064e-16,1.0,-0.9987165071710528,-0.05064916883871355,0.7818314824680298,0.6234898018587336
0.00504414218537563,-0.012300324831523667,-0.019778128555436873,-0.006269637005402386,-0.5686079404611183,0.7166666666666667,0.720992863234436,-2.4492935982947064e-16,1.0,-0.9884683243281114,0.15142777750457667,0.9749279121818236,-0.22252093395631434
-0.008843986281686802,-0.00995032141084811,-0.0062617850061539694,0.0,0.1322836343245312,0.7166666666666667,0.721082633870461,-2.4492935982947064e-16,1.0,-0.8486442574947509,0.5289640103269624,-0.433883739117558,-0.9009688679024191
0.0012681995430582171,-0.006269637005402386,-0.00377599064895261,-0.0075757867386285205,-0.1790535978882403,0.7166666666666667,0.7211275191884735,-2.4492935982947064e-16,1.0,-0.7247927872291207,0.6889669190756859,-0.9749279121818236,-0.2225209339563146
-0.03743470751491826,-0.0075757867386285205,-0.005056896063867221,-0.011472359787071663,0.2513992941504503,0.7166666666666667,0.7212621751425109,-2.4492935982947064e-16,1.0,-0.20129852008866114,0.9795299412524943,0.7818314824680298,0.6234898018587336
0.005236175281834992,-0.0025380700479059343,-0.016613754245596087,-0.0012829031629920343,0.4972475457548354,0.7166666666666667,0.7213070604605234,-2.4492935982947064e-16,1.0,-2.4492935982947064e-16,1.0,0.9749279121818236,-0.22252093395631434
0.0,0.005069714601158676,-0.0025807056598701967,0.0025641015392900007,-0.7445524008722105,0.7333333333333333,0.7213968310965484,0.49999999999999994,0.8660254037844387,0.39435585511331855,0.9189578116202306,-0.433883739117558,-0.9009688679024191
0.0026143781296879987,0.011313779190778004,0.007722100118394724,0.01776694814940229,0.3594769264749657,0.7333333333333333,0.7214417164145609,0.49999999999999994,0.8660254037844387,0.5712682150947923,0.8207634412072763,-0.9749279121818236,-0.2225209339563146
0.0232268899926478,0.004987536766390722,0.019048146525700266,0.010012590030337302,-0.3223985094095509,0.7333333333333333,0.7215763723685983,0.49999999999999994,0.8660254037844387,0.9377521321470804,0.3473052528448203,0.7818314824680298,0.6234898018587336
0.02643326129918622,0.043802581989977565,0.01374170390572718,0.016059655571748373,0.666662311920464,0.7333333333333333,0.7216212576866108,0.49999999999999994,0.8660254037844387,0.9884683243281114,0.1514277775045767,0.9749279121818236,-0.22252093395631434
-0.0012430366780168702,-0.018115450581096572,0.013555309630054978,-0.009852287185835048,-1.0349108113023393,0.7333333333333333,0.7216661430046233,0.49999999999999994,0.8660254037844387,0.9987165071710528,-0.05064916883871264,0.43388373911755823,-0.900968867902419
0.002484530133934085,-0.005982078845249686,-0.009840168278518788,0.0049382769891932795,-0.04291893818324192,0.7333333333333333,0.7217110283226357,0.49999999999999994,0.8660254037844387,0.9680771188662043,-0.2506525322587204,-0.433883739117558,-0.9009688679024191
-0.0074720669003248376,-0.0012323946041299823,0.006161472259993654,-0.007416531499716577,0.6445955270112899,0.7333333333333333,0.7217559136406482,0.49999999999999994,0.8660254037844387,0.8978045395707416,-0.4403941515576344,-0.9749279121818236,-0.2225209339563146
0.003742953024934871,0.02532992403047613,-0.013605727486919761,0.030546050782585762,0.36092942098394715,0.7333333333333333,0.7218905695946857,0.49999999999999994,0.8660254037844387,0.48530196253108104,-0.8743466161445821,0.7818314824680298,0.6234898018587336
0.03907708984298946,0.08004279500634942,0.03907708984298946,0.014337148852177113,1.4840468008758865,0.7333333333333333,0.7219354549126981,0.49999999999999994,0.8660254037844387,0.29936312297335804,-0.9541392564000488,0.9749279121818236,-0.22252093395631434
-0.004801925185013666,-0.06820829194628283,0.011904834249148765,-0.007142937386289971,-1.519087757930817,0.7333333333333333,0.7219803402307106,0.49999999999999994,0.8660254037844387,0.10116832198743272,-0.994869323391895,0.43388373911755823,-0.900968867902419
-0.001204121580090532,0.028987536873252187,-0.009512547968275213,0.027108376787772122,0.58058340004332,0.7333333333333333,0.7220252255487231,0.49999999999999994,0.8660254037844387,-0.10116832198743204,-0.9948693233918952,-0.433883739117558,-0.9009688679024191
0.01909364034457443,0.006833787208155199,0.02943120057075929,-0.014051851794160847,-0.6777784206226098,0.7333333333333333,0.7220701108667356,0.49999999999999994,0.8660254037844387,-0.29936312297335776,-0.9541392564000489,-0.9749279121818236,-0.2225209339563146
-0.00711751769102607,-0.029956182320838597,-0.008153766142553266,0.0,-0.5489958358567756,0.7333333333333333,0.7222496521387854,0.49999999999999994,0.8660254037844387,-0.8978045395707417,-0.44039415155763423,0.9749279121818236,-0.22252093395631434
-0.018018460089614587,-0.010700385227425363,-0.016509849415608742,-0.02145485803958923,0.36316667677075787,0.7333333333333333,0.722294537456798,0.49999999999999994,0.8660254037844387,-0.9680771188662041,-0.2506525322587213,0.43388373911755823,-0.900968867902419
-0.012195319899920735,0.025790643801343972,-0.014371491295592308,0.003607909237158377,0.751572252532787,0.7333333333333333,0.7223394227748104,0.49999999999999994,0.8660254037844387,-0.9987165071710528,-0.05064916883871355,-0.433883739117558,-0.9009688679024191
-0.014210900247596457,-0.04597159928511955,0.0,-0.03294983843965345,-1.052694950417551,0.7333333333333333,0.7223843080928228,0.49999999999999994,0.8660254037844387,-0.9884683243281114,0.15142777750457667,-0.9749279121818236,-0.2225209339563146
-0.055658745455133316,-0.01825974235394825,-0.03062088609941207,-0.04180474351336749,0.7829341496804333,0.7333333333333333,0.7225189640468603,0.49999999999999994,0.8660254037844387,-0.7247927872291207,0.6889669190756859,0.7818314824680298,0.6234898018587336
0.0014463425606502057,-0.031194104255885504,-0.035446714756017725,-0.0012945282073561516,-0.16540061344614856,0.7333333333333333,0.7225638493648728,0.49999999999999994,0.8660254037844387,-0.5712682150947924,0.8207634412072763,0.9749279121818236,-0.22252093395631434
-0.012028441879208616,-0.019194459905466345,-0.0025807056598701967,-0.007802373027027488,-0.4982654149244669,0.7333333333333333,0.7226087346828852,0.49999999999999994,0.8660254037844387,-0.3943558551133187,0.9189578116202306,0.43388373911755823,-0.900968867902419
0.005305047197217218,-0.002587321170901612,-0.010389694197929141,-0.003924103537234383,-0.27801674124405645,0.7333333333333333,0.7226536200008977,0.49999999999999994,0.8660254037844387,-0.20129852008866114,0.9795299412524943,-0.433883739117558,-0.9009688679024191
-0.021391169524983083,-0.018301147270321092,-0.010498774243293582,-0.030607847197560434,0.8597443453968457,0.7333333333333333,0.7226985053189102,0.49999999999999994,0.8660254037844387,-2.4492935982947064e-16,1.0,-0.9749279121818236,-0.2225209339563146
-0.026011056509914764,-0.028095498915810868,-0.029453238707787162,-0.013605638815206152,0.07340399840227575,0.7333333333333333,0.7228331612729476,0.8660254037844386,0.5000000000000001,0.5712682150947923,0.8207634412072763,0.7818314824680298,0.6234898018587336
-0.011157706110875912,0.004062322424309617,-0.005449599457101125,-0.01796870903016207,-0.20793403928117188,0.7333333333333333,0.7228780465909601,0.8660254037844386,0.5000000000000001,0.72479278722912,0.6889669190756866,0.9749279121818236,-0.22252093395631434
-0.04298658806454203,-0.020478544231031383,-0.023497981380209195,-0.04274157567605539,-0.010829723132058133,0.7333333333333333,0.7229229319089726,0.8660254037844386,0.5000000000000001,0.8486442574947509,0.5289640103269624,0.43388373911755823,-0.900968867902419
-0.03122930975051313,-0.042259836733748224,-0.03849370146491201,-0.03254722056746132,0.004166903165820578,0.7333333333333333,0.7229678172269851,0.8660254037844386,0.5000000000000001,0.9377521321470804,0.3473052528448203,-0.433883739117558,-0.9009688679024191
0.006024108979433843,-0.030681741167349414,-0.02800478588583657,0.00898208765995345,-0.3051162096881777,0.7333333333333333,0.7230127025449976,0.8660254037844386,0.5000000000000001,0.9884683243281114,0.1514277775045767,-0.9749279121818236,-0.2225209339563146
-0.01818230200496599,0.001482613918952638,0.004474240620307103,-0.018045584999807743,0.045784447716076274,0.7333333333333333,0.723147358499035,0.8660254037844386,0.5000000000000001,0.8978045395707416,-0.4403941515576344,0.7818314824680298,0.6234898018587336
-0.030112435818195983,-0.017937683425593903,-0.013483301854732515,-0.026135242083213647,0.18137519326408721,0.7333333333333333,0.7231922438170475,0.8660254037844386,0.5000000000000001,0.7907757369376989,-0.6121059825476626,0.9749279121818236,-0.22252093395631434
-0.028709531756195963,-0.01519784604058975,-0.036870573963674345,-0.03486886829830408,0.12633485501531613,0.7333333333333333,0.72323712913506,0.8660254037844386,0.5000000000000001,0.6513724827222223,-0.758758122692791,0.43388373911755823,-0.900968867902419
-0.08128407492450995,-0.05218032343836589,-0.03341600380249304,-0.034457887370657636,1.4053740881321584,0.7333333333333333,0.7232820144530725,0.8660254037844386,0.5000000000000001,0.48530196253108104,-0.8743466161445821,-0.433883739117558,-0.9009688679024191
0.03374261289573467,0.03830189702153763,-0.037927056191418805,0.06150807770176451,-0.885251655453377,0.7333333333333333,0.7233268997710849,0.8660254037844386,0.5000000000000001,0.29936312297335804,-0.9541392564000488,-0.9749279121818236,-0.2225209339563146
0.08402091665460094,0.04997253510540309,0.07446805962665695,0.01866304383068648,-6.9472667715898655e-6,0.7333333333333333,0.7235064410431349,0.8660254037844386,0.5000000000000001,-0.4853019625310808,-0.8743466161445822,0.9749279121818236,-0.22252093395631434
-0.026218310826754035,-0.03303600533984312,0.013942929773676194,-0.036082273774551095,-0.3435878980960732,0.7333333333333333,0.7235513263611473,0.8660254037844386,0.5000000000000001,-0.6513724827222217,-0.7587581226927913,0.43388373911755823,-0.900968867902419
-0.0032154337726994784,-0.023167073500199288,-0.03443216301251179,0.017419229943864464,-0.32283216796519265,0.7333333333333333,0.7235962116791598,0.8660254037844386,0.5000000000000001,-0.7907757369376986,-0.6121059825476627,-0.433883739117558,-0.9009688679024191
0.030137103178570088,0.03681393811396401,0.022048115696582174,0.023274921394715625,0.04537007785029961,0.7333333333333333,0.7236410969971723,0.8660254037844386,0.5000000000000001,-0.8978045395707417,-0.44039415155763423,-0.9749279121818236,-0.2225209339563146
0.0015612418611280088,0.0015049256279785258,0.0200469491813248,-0.012345824011753648,-0.24273935070339683,0.7333333333333333,0.7237757529512097,0.8660254037844386,0.5000000000000001,-0.9884683243281114,0.15142777750457667,0.7818314824680298,0.6234898018587336
-0.05285456369818603,-0.027440792923795868,-0.012289002682052685,-0.05752386557169732,0.03747295172975928,0.7333333333333333,0.7238206382692222,0.8660254037844386,0.5000000000000001,-0.9377521321470804,0.3473052528448203,0.9749279121818236,-0.22252093395631434
-0.043704392191301365,-0.05561399826019583,-0.058887320539673695,-0.038563038488089424,0.5233474968817748,0.7333333333333333,0.7238655235872347,0.8660254037844386,0.5000000000000001,-0.8486442574947509,0.5289640103269624,0.43388373911755823,-0.900968867902419
-0.03496864769598118,-0.019802608596683105,-0.041847110603620355,0.02364972897506015,0.6691881820648301,0.7333333333333333,0.7239104089052472,0.8660254037844386,0.5000000000000001,-0.7247927872291207,0.6889669190756859,-0.433883739117558,-0.9009688679024191
0.045225137830829765,0.050376198256848276,0.02364972897506015,0.02310339470041127,-0.6430004859841083,0.7333333333333333,0.7239552942232597,0.8660254037844386,0.5000000000000001,-0.5712682150947924,0.8207634412072763,-0.9749279121818236,-0.2225209339563146
0.01015236163435085,-0.01920057154438258,0.013267259434998973,-0.0016326907923732235,-0.28923787454606253,0.7333333333333333,0.724089950177297,1.0,6.123233995736766e-17,0.5712682150947923,0.8207634412072763,0.7818314824680298,0.6234898018587336
0.03474295431769852,0.04269422775909394,0.0163402169309044,0.032157157495637884,0.11907783848856815,0.7333333333333333,0.7241348354953095,1.0,6.123233995736766e-17,0.72479278722912,0.6889669190756866,0.9749279121818236,-0.22252093395631434
0.009708804762891196,0.006172853201976842,0.027179942234021436,0.017255276232203548,-0.09444700396959743,0.7333333333333333,0.724179720813322,1.0,6.123233995736766e-17,0.8486442574947509,0.5289640103269624,0.43388373911755823,-0.900968867902419
-0.009708804762891321,-0.0030816635939688655,0.021841720790997613,-0.03642525026522175,-0.6451674341412159,0.7333333333333333,0.7242246061313344,1.0,6.123233995736766e-17,0.9377521321470804,0.3473052528448203,-0.433883739117558,-0.9009688679024191
0.01612936642298423,0.03632297648282907,-0.025001277987246565,0.06403441277508781,1.2269270990798204,0.7333333333333333,0.7242694914493469,1.0,6.123233995736766e-17,0.9884683243281114,0.1514277775045767,-0.9749279121818236,-0.2225209339563146
0.02527778337960515,0.0030164011750340347,0.047885586138468716,-0.016781497160854208,-0.7612653964224954,0.7333333333333333,0.7244041474033844,1.0,6.123233995736766e-17,0.8978045395707416,-0.4403941515576344,0.7818314824680298,0.6234898018587336
0.010861266179707382,-0.013473138440865144,-0.022884308151222072,0.0,-0.0638977832293331,0.7333333333333333,0.7244490327213968,1.0,6.123233995736766e-17,0.7907757369376989,-0.6121059825476626,0.9749279121818236,-0.22252093395631434
0.003081663593968796,-0.0075171179418516195,0.003081663593968796,0.0015373144773859566,0.39482003231070645,0.7333333333333333,0.7244939180394093,1.0,6.123233995736766e-17,0.6513724827222223,-0.758758122692791,0.43388373911755823,-0.900968867902419
-0.015504171634804215,0.00006061428132845946,0.009188417331775181,-0.004618978071354806,0.02097709214340273,0.7333333333333333,0.7245388033574218,1.0,6.123233995736766e-17,0.48530196253108104,-0.8743466161445821,-0.433883739117558,-0.9009688679024191
0.003120124318874584,-0.0061396546307306765,-0.007651102854389268,-0.0030911896080080296,-0.49657612879197194,0.7333333333333333,0.7245836886754343,1.0,6.123233995736766e-17,0.29936312297335804,-0.9541392564000488,-0.9749279121818236,-0.2225209339563146
-0.003120124318874639,0.006079040349402274,-0.004618978071354806,0.013835755067372025,0.992619328849495,0.7333333333333333,0.7247183446294717,1.0,6.123233995736766e-17,-0.29936312297335776,-0.9541392564000489,0.7818314824680298,0.6234898018587336
-0.14048406743624903,-0.07061753725744306,-0.052268415982296784,-0.12160712832929221,1.291066776518055,0.7333333333333333,0.7247632299474842,1.0,6.123233995736766e-17,-0.4853019625310808,-0.8743466161445822,0.9749279121818236,-0.22252093395631434
0.02640509251811134,-0.02803152617323922,-0.06378002011094791,0.023851192569933087,-1.7377482123049626,0.7333333333333333,0.7248081152654967,1.0,6.123233995736766e-17,-0.6513724827222217,-0.7587581226927913,0.43388373911755823,-0.900968867902419
0.03780515371302841,0.016600581846702767,0.02735210684729998,0.023295540422101958,-0.003535282216976036,0.7333333333333333,0.7248530005835092,1.0,6.123233995736766e-17,-0.7907757369376986,-0.6121059825476627,-0.433883739117558,-0.9009688679024191
0.011785272345748629,0.024290964688706628,0.020034119507495316,0.02115621865848781,0.31918637533393696,0.7333333333333333,0.7248978859015217,1.0,6.123233995736766e-17,-0.8978045395707417,-0.44039415155763423,-0.9749279121818236,-0.2225209339563146
0.0032777997449496285,0.0013474870445502832,0.022876792371347508,-0.031073645935840603,-0.6971938873916989,0.7333333333333333,0.7250325418555591,1.0,6.123233995736766e-17,-0.9884683243281114,0.15142777750457667,0.7818314824680298,0.6234898018587336
-0.013091971519387985,-0.02073280969675778,-0.022876792371347418,0.003316749478623086,-0.5548265184615849,0.7333333333333333,0.7250774271735716,1.0,6.123233995736766e-17,-0.9377521321470804,0.3473052528448203,0.9749279121818236,-0.22252093395631434
-0.015553639691348499,-0.008217004396385256,0.0016514870697296878,-0.027697945600776902,1.000255489852011,0.7333333333333333,0.7251223124915841,1.0,6.123233995736766e-17,-0.8486442574947509,0.5289640103269624,0.43388373911755823,-0.900968867902419
-0.0051413537032119995,-0.02000064763127562,-0.03185517629479567,0.0008507213430538839,-0.4080118845802152,0.7333333333333333,0.7251671978095965,1.0,6.123233995736766e-17,-0.7247927872291207,0.6889669190756859,-0.433883739117558,-0.9009688679024191
0.0,0.011715643622988247,0.0,0.0033955857023685687,0.21734944583326107,0.7333333333333333,0.725212083127609,1.0,6.123233995736766e-17,-0.5712682150947924,0.8207634412072763,-0.9749279121818236,-0.2225209339563146
0.010256490134848532,0.003985340830045099,0.013536573157150787,0.0,0.5304257893958707,0.7333333333333333,0.7253467390816465,1.0,6.123233995736766e-17,-2.4492935982947064e-16,1.0,0.7818314824680298,0.6234898018587336
0.0,0.00923797931662743,-0.011834406127981876,0.005071816986032857,-0.6877515928605377,0.7333333333333333,0.7253916243996589,0.8660254037844387,-0.4999999999999998,0.20129852008866006,0.9795299412524945,0.9749279121818236,-0.22252093395631434
-0.01888470415889851,-0.024938963769660785,0.008467402688401507,-0.020443623046474187,-0.03251710116931872,0.7333333333333333,0.7254365097176714,0.8660254037844387,-0.4999999999999998,0.39435585511331855,0.9189578116202306,0.43388373911755823,-0.900968867902419
-0.01220593583613077,-0.015267498065987525,-0.015293361093479202,-0.015611792303279396,0.005641413138394576,0.7333333333333333,0.7254813950356839,0.8660254037844387,-0.4999999999999998,0.5712682150947923,0.8207634412072763,-0.433883739117558,-0.9009688679024191
-0.04852703904591683,-0.0017108219734411564,-0.006872872530504391,-0.04104055488116658,1.4375179865662266,0.7333333333333333,0.7255262803536964,0.8660254037844387,-0.4999999999999998,0.72479278722912,0.6889669190756866,-0.9749279121818236,-0.2225209339563146
-0.01952642655559584,-0.043751508504609876,-0.06224237675976493,-0.025831670748531058,-1.0402878721895128,0.7333333333333333,0.7256609363077338,0.8660254037844387,-0.4999999999999998,0.9884683243281114,0.1514277775045767,0.7818314824680298,0.6234898018587336
0.002813005769879832,-0.0017905517431194655,-0.020389892131315025,0.018519030595702535,0.6086482376102653,0.7333333333333333,0.7257058216257463,0.8660254037844387,-0.4999999999999998,0.9987165071710528,-0.05064916883871264,0.9749279121818236,-0.22252093395631434
-0.009407442887554405,-0.007176193955506134,0.02770253228414351,-0.016651573685815383,0.02576212400384665,0.7333333333333333,0.7257507069437588,0.8660254037844387,-0.4999999999999998,0.9680771188662043,-0.2506525322587204,0.43388373911755823,-0.900968867902419
0.0037735858188063525,-0.02376350411135918,-0.016529242599893863,-0.009372175514247709,-1.0706476767309947,0.7333333333333333,0.7257955922617713,0.8660254037844387,-0.4999999999999998,0.8978045395707416,-0.4403941515576344,-0.433883739117558,-0.9009688679024191
-0.028655274555692153,-0.0018500934227400614,0.0,-0.020933235570266828,0.43186736667769904,0.7333333333333333,0.7258404775797836,0.8660254037844387,-0.4999999999999998,0.7907757369376989,-0.6121059825476626,-0.9749279121818236,-0.2225209339563146
0.009643313164976972,0.03278979148960535,0.0,0.013371770026413925,0.7216189628574755,0.7333333333333333,0.7259751335338211,0.8660254037844387,-0.4999999999999998,0.29936312297335804,-0.9541392564000488,0.7818314824680298,0.6234898018587336
0.009551207176123228,-0.01444067048204418,-0.026267900967589467,0.0317487124523043,-0.7066977512335544,0.7333333333333333,0.7260200188518336,0.8660254037844387,-0.4999999999999998,0.10116832198743272,-0.994869323391895,0.9749279121818236,-0.22252093395631434
0.020696816946340593,0.0072464016350320464,0.037317726480164216,0.016408782087951795,-0.22904473746293402,0.7333333333333333,0.726064904169846,0.8660254037844387,-0.4999999999999998,-0.10116832198743204,-0.9948693233918952,0.43388373911755823,-0.900968867902419
0.020277217230872255,0.03546467658313273,0.012739056730831151,0.02676334903671644,-0.0881542359590405,0.7333333333333333,0.7261097894878585,0.8660254037844387,-0.4999999999999998,-0.29936312297335776,-0.9541392564000489,-0.433883739117558,-0.9009688679024191
0.025226539101959565,-0.0069930290783427355,0.021467708563271005,-0.0017620713156031986,-0.2499086285306934,0.7333333333333333,0.7262893307599085,0.8660254037844387,-0.4999999999999998,-0.8978045395707417,-0.44039415155763423,0.7818314824680298,0.6234898018587336
0.01237861465211225,0.0378703204051578,0.007054696157018341,0.03636765017789373,0.19535911493157415,0.7333333333333333,0.7263342160779209,0.8660254037844387,-0.4999999999999998,-0.9680771188662041,-0.2506525322587213,0.9749279121818236,-0.22252093395631434
-0.007054696157018255,-0.006779680410128465,0.031144356149548247,-0.029337751024626955,0.5417698695948395,0.7333333333333333,0.7263791013959334,0.8660254037844387,-0.4999999999999998,-0.9987165071710528,-0.05064916883871355,0.43388373911755823,-0.900968867902419
0.0017683032185590052,0.023530474779100037,-0.02065475953484834,0.034426775250762924,-0.6062932824437516,0.7333333333333333,0.7264239867139459,0.8660254037844387,-0.4999999999999998,-0.9884683243281114,0.15142777750457667,-0.433883739117558,-0.9009688679024191
0.001765265939282923,-0.025232641808268966,0.020654759534848455,-0.03969460308842639,0.24209976272785047,0.7333333333333333,0.7264688720319584,0.8660254037844387,-0.4999999999999998,-0.9377521321470804,0.3473052528448203,-0.9749279121818236,-0.2225209339563146
-0.012422550484178002,-0.01199666390641306,-0.03643074908800754,0.0,-0.14167870545360564,0.7333333333333333,0.7266035279859958,0.8660254037844387,-0.4999999999999998,-0.5712682150947924,0.8207634412072763,0.7818314824680298,0.6234898018587336
0.0035650628312420235,-0.010398779981104425,0.007042276122147243,-0.005295640473445273,-0.3603829882717842,0.7333333333333333,0.7266484133040083,0.8660254037844387,-0.4999999999999998,-0.3943558551133187,0.9189578116202306,0.9749279121818236,-0.22252093395631434
-0.01253368141746224,-0.0034904017446655343,-0.015915398044283505,-0.005323918495094006,0.19219422913123688,0.7333333333333333,0.7266932986220208,0.8660254037844387,-0.4999999999999998,-0.20129852008866114,0.9795299412524943,0.43388373911755823,-0.900968867902419
0.0,-0.008779637516541582,0.005333298503236831,0.0,0.3004196429248811,0.7333333333333333,0.7267381839400333,0.5000000000000003,-0.8660254037844385,0.20129852008866006,0.9795299412524945,-0.433883739117558,-0.9009688679024191
0.0,0.04988135628237435,-0.0053332985032367684,0.04181798283050212,-0.03195194532356639,0.7333333333333333,0.7267830692580457,0.5000000000000003,-0.8660254037844385,0.39435585511331855,0.9189578116202306,-0.9749279121818236,-0.2225209339563146
0.010752781208979089,-0.018628842536117244,0.041890901607676306,-0.02943936817838986,-0.20330871625273503,0.7333333333333333,0.7269177252120832,0.5000000000000003,-0.8660254037844385,0.8486442574947509,0.5289640103269624,0.7818314824680298,0.6234898018587336
-0.003571428870374839,-0.017554893104386512,-0.03301777968553998,-0.01773094373097023,-0.3742810290972456,0.7333333333333333,0.7269626105300957,0.5000000000000003,-0.8660254037844385,0.9377521321470804,0.3473052528448203,0.9749279121818236,-0.22252093395631434
-0.016231222225163745,-0.010176493642694174,-0.01423510253563046,0.005352329078857885,0.18555952394021427,0.7333333333333333,0.7270074958481081,0.5000000000000003,-0.8660254037844385,0.9884683243281114,0.1514277775045767,0.43388373911755823,-0.900968867902419
-0.012808989906094874,-0.005286392938459261,0.0017905517431195744,-0.03439254121011648,0.479525844173196,0.7333333333333333,0.7270523811661206,0.5000000000000003,-0.8660254037844385,0.9987165071710528,-0.05064916883871264,-0.433883739117558,-0.9009688679024191
-0.01297510234021617,-0.02323601178183012,-0.029040212131258635,0.001839969053987564,-0.3158773980127922,0.7333333333333333,0.7270972664841331,0.5000000000000003,-0.8660254037844385,0.9680771188662043,-0.2506525322587204,-0.9749279121818236,-0.2225209339563146
0.012975102340216175,0.0161437900681771,0.009166002108157056,0.02898750932488704,0.03951007537707132,0.7333333333333333,0.7272319224381705,0.5000000000000003,-0.8660254037844385,0.6513724827222223,-0.758758122692791,0.7818314824680298,0.6234898018587336
-0.2629445144218404,-0.1447788953722041,-0.19702770766421326,-0.16462196266465512,1.7170520547317725,0.7333333333333333,0.727276807756183,0.5000000000000003,-0.8660254037844385,0.48530196253108104,-0.8743466161445821,0.9749279121818236,-0.22252093395631434
0.1078726521978998,0.011755797840873402,0.05826890412534127,0.022893847337951818,-0.49732718155059974,0.7333333333333333,0.7273216930741955,0.5000000000000003,-0.8660254037844385,0.29936312297335804,-0.9541392564000488,0.43388373911755823,-0.900968867902419
0.02338047621935703,-0.010214632415779693,0.014568451353348227,-0.018692164482886242,-0.5096348816442009,0.7333333333333333,0.727366578392208,0.5000000000000003,-0.8660254037844385,0.10116832198743272,-0.994869323391895,-0.433883739117558,-0.9009688679024191
-0.010559800200275565,-0.017607920579215664,-0.022989545718672396,-0.0042016828550656025,-0.4932543662564912,0.7333333333333333,0.7274114637102205,0.5000000000000003,-0.8660254037844385,-0.10116832198743204,-0.9948693233918952,-0.9749279121818236,-0.2225209339563146
0.006349171292205422,0.0031299646341535346,0.004219411510258739,0.0,0.5682934824966835,0.7333333333333333,0.7275461196642579,0.5000000000000003,-0.8660254037844385,-0.6513724827222217,-0.7587581226927913,0.7818314824680298,0.6234898018587336
-0.06538269808805275,-0.006269656748658918,0.0,-0.05406722127027582,0.37832109714480733,0.7333333333333333,0.7275910049822704,0.5000000000000003,-0.8660254037844385,-0.7907757369376986,-0.6121059825476627,0.9749279121818236,-0.22252093395631434
-0.03203932227516341,-0.026554932742053897,-0.05406722127027582,-0.03390157359922904,-0.32705443475390755,0.7333333333333333,0.7276358903002829,0.5000000000000003,-0.8660254037844385,-0.8978045395707417,-0.44039415155763423,0.43388373911755823,-0.900968867902419
-0.035506709833750066,-0.033938717381309914,-0.02702864625985619,-0.03747507558656463,0.023515520119510767,0.7333333333333333,0.7276807756182953,0.5000000000000003,-0.8660254037844385,-0.9680771188662041,-0.2506525322587213,-0.433883739117558,-0.9009688679024191
0.0072028482466383326,-0.04323758372179092,-0.04196427064015899,0.009501249976804536,-0.47249372470385104,0.7333333333333333,0.7277256609363077,0.5000000000000003,-0.8660254037844385,-0.9987165071710528,-0.05064916883871355,-0.9749279121818236,-0.2225209339563146
-0.007202848246638382,-0.004662008442114028,0.01886857873808785,-0.0023669192369841817,0.2347620700896024,0.7333333333333333,0.7279052022083577,0.5000000000000003,-0.8660254037844385,-0.7247927872291207,0.6889669190756859,0.9749279121818236,-0.22252093395631434
0.004807696883909408,-0.004590048647788895,-0.01411798028404588,0.002366919236984209,-0.5591136842529293,0.7333333333333333,0.7279500875263701,0.5000000000000003,-0.8660254037844385,-0.5712682150947924,0.8207634412072763,0.43388373911755823,-0.900968867902419
0.007168425769638926,0.006923714081299703,0.0,0.009411825206389503,0.13698319985258367,0.7333333333333333,0.7279949728443826,0.5000000000000003,-0.8660254037844385,-0.3943558551133187,0.9189578116202306,-0.433883739117558,-0.9009688679024191
0.007117517691026101,0.04779067272841682,0.002366919236984209,0.036785722533622514,-0.06014123221401998,0.7333333333333333,0.7280398581623951,0.5000000000000003,-0.8660254037844385,-0.20129852008866114,0.9795299412524943,-0.9749279121818236,-0.2225209339563146
0.05070205574909591,0.008849606874565697,0.05070205574909591,0.017897658957141432,0.14389132469106702,0.7333333333333333,0.7281745141164325,1.2246467991473532e-16,-1.0,0.39435585511331855,0.9189578116202306,0.7818314824680298,0.6234898018587336
0.0,0.026088411742531663,0.013393150948057493,-0.0066741535800700245,0.0028637161045251018,0.7333333333333333,0.728219399434445,1.2246467991473532e-16,-1.0,0.5712682150947923,0.8207634412072763,0.9749279121818236,-0.22252093395631434
-0.04129023054270632,-0.046111362076990556,-0.017897658957141415,-0.03174866741355544,-0.2727323863186056,0.7333333333333333,0.7282642847524575,1.2246467991473532e-16,-1.0,0.72479278722912,0.6889669190756866,0.43388373911755823,-0.900968867902419
0.01395370162087501,0.0,-0.013636562387651669,0.013730179327818448,0.11062892087935101,0.7333333333333333,0.72830917007047,1.2246467991473532e-16,-1.0,0.8486442574947509,0.5289640103269624,-0.433883739117558,-0.9009688679024191
0.02057218895613072,0.03467280531267322,0.011376730431034803,0.022472834177642478,0.48708569979959326,0.7333333333333333,0.7283540553884825,1.2246467991473532e-16,-1.0,0.9377521321470804,0.3473052528448203,-0.9749279121818236,-0.2225209339563146
0.006764339965700657,0.00065102734141233,0.017937683425593834,0.004434592848067803,-0.47642144950549653,0.7333333333333333,0.7284887113425199,1.2246467991473532e-16,-1.0,0.9680771188662043,-0.2506525322587204,0.7818314824680298,0.6234898018587336
0.022223221566227525,0.02991673207608334,0.015435845692503117,0.00881062135360639,0.1174390510356745,0.7333333333333333,0.7285335966605324,1.2246467991473532e-16,-1.0,0.8978045395707416,-0.4403941515576344,0.9749279121818236,-0.22252093395631434
-0.0357980782088328,-0.04082200706860152,-0.011001252844435238,-0.0311828976272682,-0.16701378889220195,0.7333333333333333,0.7285784819785449,1.2246467991473532e-16,-1.0,0.7907757369376989,-0.6121059825476626,0.43388373911755823,-0.900968867902419
-0.030059982664367525,-0.0176995602935799,-0.020112444317044894,-0.029852989302822833,0.14504404517870928,0.7333333333333333,0.7286233672965573,1.2246467991473532e-16,-1.0,0.6513724827222223,-0.758758122692791,-0.433883739117558,-0.9009688679024191
-0.007067216442123096,-0.03636760869192046,-0.029784478250836275,-0.014084726480572386,-0.07109880561002287,0.7333333333333333,0.7286682526145698,1.2246467991473532e-16,-1.0,0.48530196253108104,-0.8743466161445821,-0.9749279121818236,-0.2225209339563146
-0.009501249976804585,0.0034661770398201923,-0.00700124428278621,-0.004739340811956353,0.5716569354817016,0.7333333333333333,0.7288029085686073,1.2246467991473532e-16,-1.0,-0.10116832198743204,-0.9948693233918952,0.7818314824680298,0.6234898018587336
0.002383732285778579,0.023932770299355935,-0.014151166018345948,0.03730032616431668,-0.255065556622367,0.7333333333333333,0.7288477938866197,1.2246467991473532e-16,-1.0,-0.29936312297335776,-0.9541392564000489,0.9749279121818236,-0.22252093395631434
0.03509134330078612,-0.0022548440243270263,0.041866539918446875,0.0,-0.5518659834375012,0.7333333333333333,0.7288926792046322,1.2246467991473532e-16,-1.0,-0.4853019625310808,-0.8743466161445822,0.43388373911755823,-0.900968867902419
0.0,0.033299436160729834,0.0022753659248559606,0.04255962805830291,0.08558482874914114,0.7333333333333333,0.7289375645226447,1.2246467991473532e-16,-1.0,-0.6513724827222217,-0.7587581226927913,-0.433883739117558,-0.9009688679024191
0.015963890173635243,-0.002185738999249642,0.037908679870145665,-0.0176995602935799,0.5181653416829228,0.7333333333333333,0.7289824498406572,1.2246467991473532e-16,-1.0,-0.7907757369376986,-0.6121059825476627,-0.9749279121818236,-0.2225209339563146
-0.015963890173635278,-0.019890191784408717,-0.019890191784408717,-0.02944722750732347,-0.4494379491307259,0.7333333333333333,0.7291171057946946,1.2246467991473532e-16,-1.0,-0.9987165071710528,-0.05064916883871355,0.7818314824680298,0.6234898018587336
0.0,0.006674153580069935,-0.02944722750732347,0.029447227507323485,0.06706330219230348,0.7333333333333333,0.7291619911127071,1.2246467991473532e-16,-1.0,-0.9884683243281114,0.15142777750457667,0.9749279121818236,-0.22252093395631434
0.01142873942158647,0.011025406713509909,0.03167682760120659,0.01550422419823984,0.006666043424640847,0.7333333333333333,0.7292068764307196,1.2246467991473532e-16,-1.0,-0.9377521321470804,0.3473052528448203,0.43388373911755823,-0.900968867902419
0.024692641665806817,0.023836477039890655,0.01766059169052551,0.017429617932794853,0.3570725856665012,0.7333333333333333,0.7292517617487321,1.2246467991473532e-16,-1.0,-0.8486442574947509,0.5289640103269624,-0.433883739117558,-0.9009688679024191
0.0,0.01908862830990766,0.006543040294221657,0.01713102331206806,2.430683295030845,0.7333333333333333,0.7292966470667445,1.2246467991473532e-16,-1.0,-0.7247927872291207,0.6889669190756859,-0.9749279121818236,-0.2225209339563146
0.03325456025135437,0.03306082968336935,0.01510280525484022,0.04362062988364472,-2.5573227239182375,0.7333333333333333,0.729431303020782,1.2246467991473532e-16,-1.0,-0.20129852008866114,0.9795299412524943,0.7818314824680298,0.6234898018587336
0.039426920770210684,0.06491953059241626,0.054179865217007135,-0.002034635281650812,0.08214997016061998,0.7333333333333333,0.7294761883387945,-0.4999999999999997,-0.8660254037844388,0.20129852008866006,0.9795299412524945,0.9749279121818236,-0.22252093395631434
-0.018730968958256926,-0.034887225142181386,-0.004065042505380945,-0.022657953079190947,-0.34131093552082603,0.7333333333333333,0.7295210736568069,-0.4999999999999997,-0.8660254037844388,0.39435585511331855,0.9189578116202306,0.43388373911755823,-0.900968867902419
-0.0021030982811969913,-0.023953313413048367,-0.02474350727051885,-0.008368241322527534,-0.8037403859362044,0.7333333333333333,0.7295659589748194,-0.4999999999999997,-0.8660254037844388,0.5712682150947923,0.8207634412072763,-0.433883739117558,-0.9009688679024191
-0.010582149912423542,0.0020182103794553308,0.0,0.008368241322527527,1.3929139187905475,0.7333333333333333,0.7297455002468693,-0.4999999999999997,-0.8660254037844388,0.9884683243281114,0.1514277775045767,0.7818314824680298,0.6234898018587336
-0.012848130670618841,-0.04115803210001123,-0.0062826871311996635,-0.03174871754188445,-0.4423664362076445,0.7333333333333333,0.7297903855648817,-0.4999999999999997,-0.8660254037844388,0.9987165071710528,-0.05064916883871264,0.9749279121818236,-0.22252093395631434
-0.015201094994730229,-0.0021030982811969913,-0.02553337886423942,-0.002152902644882432,0.15121249260783132,0.7333333333333333,0.7298352708828942,-0.4999999999999997,-0.8660254037844388,0.9680771188662043,-0.2506525322587204,0.43388373911755823,-0.900968867902419
-0.006586238817937466,-0.027749937723664162,-0.01083428014750502,-0.02178733381266773,-0.4174415089294741,0.7333333333333333,0.7298801562009067,-0.4999999999999997,-0.8660254037844388,0.8978045395707416,-0.4403941515576344,-0.433883739117558,-0.9009688679024191
0.002859346836907361,0.010764407694953368,-0.004366814847225174,0.019629889164563673,-0.08599427774798975,0.7333333333333333,0.7299250415189192,-0.4999999999999997,-0.8660254037844388,0.7907757369376989,-0.6121059825476626,-0.9749279121818236,-0.2225209339563146
-0.009489146223308556,-0.0064447505543316925,0.015201094994730128,-0.01304365034662608,-0.16286126118662717,0.7333333333333333,0.7300596974729566,-0.4999999999999997,-0.8660254037844388,0.29936312297335804,-0.9541392564000488,0.7818314824680298,0.6234898018587336
-0.04768213720797771,-0.01083428014750502,-0.01083428014750502,-0.051638859197964175,0.7751294346699494,0.7333333333333333,0.7301045827909691,-0.4999999999999997,-0.8660254037844388,0.10116832198743272,-0.994869323391895,0.9749279121818236,-0.22252093395631434
-0.07232070593657004,-0.04227549471737088,-0.051407969332490144,-0.0741079552505976,0.6542914993494506,0.7333333333333333,0.7301494681089816,-0.4999999999999997,-0.8660254037844388,-0.10116832198743204,-0.9948693233918952,0.43388373911755823,-0.900968867902419
-0.012553479978012469,-0.07550759288205781,-0.08617772686362167,-0.012484603931535955,-0.6692297714795,0.7333333333333333,0.7301943534269941,-0.4999999999999997,-0.8660254037844388,-0.29936312297335776,-0.9541392564000489,-0.433883739117558,-0.9009688679024191
-0.024888834804008,-0.01730567132033302,-0.005012537031211045,-0.007566233103822386,0.16479766837890322,0.7333333333333333,0.7302392387450065,-0.4999999999999997,-0.8660254037844388,-0.4853019625310808,-0.8743466161445822,-0.9749279121818236,-0.2225209339563146
-0.003379702089976733,-0.010025196490534856,-0.0025157221829736026,-0.01273901339606918,-0.262284956410087,0.7333333333333333,0.730373894699044,-0.4999999999999997,-0.8660254037844388,-0.8978045395707417,-0.44039415155763423,0.7818314824680298,0.6234898018587336
0.0026007792810376893,-0.010126659037970807,-0.01778952431691793,-0.012903454059856923,-0.5066348414089688,0.7333333333333333,0.7304187800170565,-0.4999999999999997,-0.8660254037844388,-0.9680771188662041,-0.2506525322587213,0.9749279121818236,-0.22252093395631434
-0.018349121466278578,-0.0025477696026229945,-0.015504233340894603,-0.002600779281037636,0.17601321359184136,0.7333333333333333,0.7304636653350689,-0.4999999999999997,-0.8660254037844388,-0.9987165071710528,-0.05064916883871355,0.43388373911755823,-0.900968867902419
0.007905172057463819,-0.005115095676324061,-0.0026075609754292396,0.0,-0.34144848116563753,0.7333333333333333,0.7305085506530814,-0.4999999999999997,-0.8660254037844388,-0.9884683243281114,0.15142777750457667,-0.433883739117558,-0.9009688679024191
-0.0105541777194771,0.007662865278947024,0.002607560975429258,-0.007843170127777188,0.46820337167168374,0.7333333333333333,0.7305534359710939,-0.4999999999999997,-0.8660254037844388,-0.9377521321470804,0.3473052528448203,-0.9749279121818236,-0.2225209339563146
0.007926057783354578,0.02512698515248037,-0.010471290063899706,0.04866518699977428,0.841465409687087,0.7333333333333333,0.7306880919251313,-0.4999999999999997,-0.8660254037844388,-0.5712682150947924,0.8207634412072763,0.7818314824680298,0.6234898018587336
0.036179683648807824,0.03174860957317429,0.06618190533593839,-0.0025031278279573394,-0.18840533353661065,0.7333333333333333,0.7307329772431438,-0.4999999999999997,-0.8660254037844388,-0.3943558551133187,0.9189578116202306,0.9749279121818236,-0.22252093395631434
-0.02310761430387037,-0.04423321350471022,-0.019901135431252465,-0.027956050161669715,-0.577535967762096,0.7333333333333333,0.7307778625611563,-0.4999999999999997,-0.8660254037844388,-0.20129852008866114,0.9795299412524943,0.43388373911755823,-0.900968867902419
-0.09531015503356308,-0.03320870055974845,-0.03320870055974845,-0.05020870957092847,0.8356909338537816,0.7333333333333333,0.7308227478791688,-0.4999999999999997,-0.8660254037844388,-2.4492935982947064e-16,1.0,-0.433883739117558,-0.9009688679024191
0.0056980156960335475,-0.04788144067391146,-0.05060995266464872,-0.024692654588224394,-0.6261852031485567,0.7333333333333333,0.7308676331971813,-0.8660254037844385,-0.5000000000000004,0.20129852008866006,0.9795299412524945,-0.9749279121818236,-0.2225209339563146
0.005665732178300511,0.0027210874663637827,-0.02210039176283156,0.01379337475135257,-0.052458683196933954,0.7333333333333333,0.7310022891512187,-0.8660254037844385,-0.5000000000000004,0.72479278722912,0.6889669190756866,0.7818314824680298,0.6234898018587336
0.016807102601408712,0.04516035320754753,0.027549991219932724,0.04552321142031308,-0.10672074479379862,0.7333333333333333,0.7310471744692312,-0.8660254037844385,-0.5000000000000004,0.8486442574947509,0.5289640103269624,0.9749279121818236,-0.22252093395631434
0.0800427586176773,0.058023846187642655,0.06062462562747343,0.04604395597711438,1.1476546116677575,0.7333333333333333,0.7310920597872437,-0.8660254037844385,-0.5000000000000004,0.9377521321470804,0.3473052528448203,0.43388373911755823,-0.900968867902419
0.03278985043142742,0.004889980733338848,0.035179532264617834,0.014888598400041446,-0.9010194896095176,0.7333333333333333,0.7311369451052561,-0.8660254037844385,-0.5000000000000004,0.9884683243281114,0.1514277775045767,-0.433883739117558,-0.9009688679024191
0.0,0.009708805137453721,0.012270022236438059,0.009803990929980647,-0.4005795875934874,0.7333333333333333,0.7311818304232686,-0.8660254037844385,-0.5000000000000004,0.9987165071710528,-0.05064916883871264,-0.9749279121818236,-0.2225209339563146
0.017220522429697235,0.018428220986255982,0.0,0.014528087143477182,-0.513337194670136,0.7333333333333333,0.7313164863773061,-0.8660254037844385,-0.5000000000000004,0.7907757369376989,-0.6121059825476626,0.7818314824680298,0.6234898018587336
-0.13842137335786156,-0.09105085304469125,-0.13005313147880196,-0.13904104336922393,2.56197677786653,0.7333333333333333,0.7313613716953186,-0.8660254037844385,-0.5000000000000004,0.6513724827222223,-0.758758122692791,0.9749279121818236,-0.22252093395631434
0.0,-0.04788144067391146,0.0027739243143502347,-0.008321815632248448,-2.0856877151321958,0.7333333333333333,0.731406257013331,-0.8660254037844385,-0.5000000000000004,0.48530196253108104,-0.8743466161445821,0.43388373911755823,-0.900968867902419
0.005586601499866274,0.0027210874663637827,-0.005555564693543434,0.01931099227236492,-0.38102909171488325,0.7333333333333333,0.7314511423313435,-0.8660254037844385,-0.5000000000000004,0.29936312297335804,-0.9541392564000488,-0.433883739117558,-0.9009688679024191
-0.01402546222221544,0.010810905654593712,0.011080501211265085,-0.02210039176283156,1.7618775968465128,0.7333333333333333,0.731496027649356,-0.8660254037844385,-0.5000000000000004,0.10116832198743272,-0.994869323391895,-0.9749279121818236,-0.2225209339563146
0.0,-0.002691789074430514,0.002751030665294551,0.030263694457884363,-1.3273326652783601,0.7333333333333333,0.7316306836033933,-0.8660254037844385,-0.5000000000000004,-0.4853019625310808,-0.8743466161445822,0.7818314824680298,0.6234898018587336
0.03060047735276125,0.03444045734634678,0.0482666946742992,0.0,0.39077705063810786,0.7333333333333333,0.7316755689214058,-0.8660254037844385,-0.5000000000000004,-0.6513724827222217,-0.7587581226927913,0.9749279121818236,-0.22252093395631434
0.002735977141819197,-0.034440457346346896,-0.029218518241229677,-0.002713703237951683,-0.9621175675550286,0.7333333333333333,0.7317204542394183,-0.8660254037844385,-0.5000000000000004,-0.7907757369376986,-0.6121059825476627,0.43388373911755823,-0.900968867902419
-0.016529351893171625,0.005376351867712715,-0.00811911658016315,-0.010929059852906334,0.36952997852363434,0.7333333333333333,0.7317653395574308,-0.8660254037844385,-0.5000000000000004,-0.8978045395707417,-0.44039415155763423,-0.433883739117558,-0.9009688679024191
0.005540175253055282,-0.00026811302102469175,-0.016438776097217507,0.010929059852906247,-0.4034116784915717,0.7333333333333333,0.7318102248754433,-0.8660254037844385,-0.5000000000000004,-0.9680771188662041,-0.2506525322587213,-0.9749279121818236,-0.2225209339563146
-0.011111215122715117,-0.010513652188899455,0.019152479335169285,-0.024760591729465965,1.6925830222139717,0.7333333333333333,0.7319448808294807,-0.8660254037844385,-0.5000000000000004,-0.9377521321470804,0.3473052528448203,0.7818314824680298,0.6234898018587336
-0.005602250310674478,-0.010899279836871851,-0.024692654588224394,-0.002789399490466699,-1.5778529518713829,0.7333333333333333,0.7319897661474932,-0.8660254037844385,-0.5000000000000004,-0.8486442574947509,0.5289640103269624,0.9749279121818236,-0.22252093395631434
-0.005633812421074309,0.016304693179083295,-0.005571039869659899,-0.008415189046159033,-0.4066694154228903,0.7333333333333333,0.7320346514655057,-0.8660254037844385,-0.5000000000000004,-0.7247927872291207,0.6889669190756859,0.43388373911755823,-0.900968867902419
0.0,-0.013568716037264155,-0.011236062731748753,0.01676015323016922,0.803007127953948,0.7333333333333333,0.7320795367835181,-0.8660254037844385,-0.5000000000000004,-0.5712682150947924,0.8207634412072763,-0.433883739117558,-0.9009688679024191
-0.011363747874334036,-0.019310992272364966,0.014025462222215351,-0.030944774790092902,0.16775366521808668,0.7333333333333333,0.7321244221015306,-0.8660254037844385,-0.5000000000000004,-0.3943558551133187,0.9189578116202306,-0.9749279121818236,-0.2225209339563146
-0.053551446775011086,0.005555564693543584,-0.03111987932464764,0.01980260859668314,1.7141711357803442,0.7333333333333333,0.7323039633735805,-1.0,-1.8369701987210297e-16,0.39435585511331855,0.9189578116202306,0.9749279121818236,-0.22252093395631434
0.05355144677501096,0.01920502703592249,0.022728229523506394,0.01666710271113144,-0.07146312844427745,0.7333333333333333,0.732348848691593,-1.0,-1.8369701987210297e-16,0.5712682150947923,0.8207634412072763,0.43388373911755823,-0.900968867902419
0.01418462155992381,0.12497927011528233,0.022223181677700765,0.12419038119021672,0.15121227656664893,0.7333333333333333,0.7323937340096055,-1.0,-1.8369701987210297e-16,0.72479278722912,0.6889669190756866,-0.433883739117558,-0.9009688679024191
0.08630688741510159,-0.01446897944326649,0.11656129689378522,-0.007326091276825493,-0.5068131146118723,0.7333333333333333,0.732438619327618,-1.0,-1.8369701987210297e-16,0.8486442574947509,0.5289640103269624,-0.9749279121818236,-0.2225209339563146
0.03303988364949717,0.04519200606306151,0.004878053631136859,-0.009852287185835048,-0.5000650428480956,0.7333333333333333,0.7325732752816554,-1.0,-1.8369701987210297e-16,0.9987165071710528,-0.05064916883871264,0.7818314824680298,0.6234898018587336
-0.0125787701350334,-0.05497202542471542,-0.022141163107117872,-0.017478580625032755,-1.1025525017978068,0.7333333333333333,0.7326181605996679,-1.0,-1.8369701987210297e-16,0.9680771188662043,-0.2506525322587204,0.9749279121818236,-0.22252093395631434
0.0,0.04327594130458014,0.0,0.05631837797055306,0.979743312552311,0.7333333333333333,0.7326630459176804,-1.0,-1.8369701987210297e-16,0.8978045395707416,-0.4403941515576344,0.43388373911755823,-0.900968867902419
0.049392766237853505,0.007034075678021245,0.05798731612312671,0.016529342897415655,-0.09641303731229135,0.7333333333333333,0.7327079312356929,-1.0,-1.8369701987210297e-16,0.7907757369376989,-0.6121059825476626,-0.433883739117558,-0.9009688679024191
0.0024307511884014846,0.00466200844211412,0.007017510038449151,-0.00705060751137469,-0.4534381232265028,0.7333333333333333,0.7327528165537053,-1.0,-1.8369701987210297e-16,0.6513724827222223,-0.758758122692791,-0.9749279121818236,-0.2225209339563146
0.0213798745252132,0.023625653998710035,0.0023283430086034184,0.032485535254118084,0.4052675133743193,0.7333333333333333,0.7328874725077428,-1.0,-1.8369701987210297e-16,0.10116832198743272,-0.994869323391895,0.7818314824680298,0.6234898018587336
-0.026223227348959044,0.006158824252126209,0.029761981616315738,-0.04196427064015899,-0.2206808991537474,0.7333333333333333,0.7329323578257553,-1.0,-1.8369701987210297e-16,-0.10116832198743204,-0.9948693233918952,0.9749279121818236,-0.22252093395631434
-0.019512796067434328,-0.029784478250836275,-0.0461750511054914,-0.024097529426346284,-0.7890175405328564,0.7333333333333333,0.7329772431437678,-1.0,-1.8369701987210297e-16,-0.29936312297335776,-0.9541392564000489,0.43388373911755823,-0.900968867902419
-0.03764556357107522,-0.045192006063061466,-0.04595731503654637,-0.02970512636123311,0.7037580101950303,0.7333333333333333,0.7330221284617802,-1.0,-1.8369701987210297e-16,-0.4853019625310808,-0.8743466161445822,-0.433883739117558,-0.9009688679024191
-0.025908221828740603,-0.01470613277992456,-0.032681737705584295,-0.03320870055974845,0.5131972177432965,0.7333333333333333,0.7330670137797927,-1.0,-1.8369701987210297e-16,-0.6513724827222217,-0.7587581226927913,-0.9749279121818236,-0.2225209339563146
-0.023905498144139285,-0.02500133722861744,-0.02853553946086149,0.020566319338804043,-0.570561332759481,0.7333333333333333,0.7332016697338302,-1.0,-1.8369701987210297e-16,-0.9680771188662041,-0.2506525322587213,0.7818314824680298,0.6234898018587336
0.021277378208016763,-0.007623917719745089,0.01304571816463814,-0.007662865278947137,-0.3075060568248527,0.7333333333333333,0.7332465550518426,-1.0,-1.8369701987210297e-16,-0.9987165071710528,-0.05064916883871355,0.9749279121818236,-0.22252093395631434
0.03871453680086345,0.04245333409715031,0.03521670752669363,0.020305246499891447,-0.5252015742084246,0.7333333333333333,0.733291440369855,-1.0,-1.8369701987210297e-16,-0.9884683243281114,0.15142777750457667,0.43388373911755823,-0.900968867902419
-0.015306406386848473,-0.01726310947598105,0.0030045300642658826,-0.020305246499891533,0.6032187464653995,0.7333333333333333,0.7333363256878676,-1.0,-1.8369701987210297e-16,-0.9377521321470804,0.3473052528448203,-0.433883739117558,-0.9009688679024191
0.0,0.002484530133934085,0.007472066900324853,0.002560818360068893,0.13549025710985554,0.7333333333333333,0.73338121100588,-1.0,-1.8369701987210297e-16,-0.8486442574947509,0.5289640103269624,-0.9749279121818236,-0.2225209339563146
-0.010336061069077616,-0.015025549556673573,-0.03278985043142743,-0.012870239649365116,0.000907784312283201,0.7333333333333333,0.7335158669599174,-1.0,-1.8369701987210297e-16,-0.3943558551133187,0.9189578116202306,0.7818314824680298,0.6234898018587336
-0.005208340256466822,-0.015203482514685032,-0.018111794316323836,-0.005194812051598307,-0.3598124559791543,0.7333333333333333,0.7335607522779299,-1.0,-1.8369701987210297e-16,-0.20129852008866114,0.9795299412524943,0.9749279121818236,-0.22252093395631434
-0.01578978687182507,-0.018065051700963466,-0.002614378129687933,-0.013106335218722858,-0.23281387856985536,0.7333333333333333,0.7336056375959424,-0.866025403784439,0.49999999999999933,0.20129852008866006,0.9795299412524945,0.43388373911755823,-0.900968867902419
-0.005319156418319687,0.02316709861984177,-0.01049991247756892,0.020888468441222715,0.5377548622092541,0.7333333333333333,0.7336505229139549,-0.866025403784439,0.49999999999999933,0.39435585511331855,0.9189578116202306,-0.433883739117558,-0.9009688679024191
0.026317283546611638,0.027605239663003447,0.018322630863723686,0.028027346618286104,0.17903611851849752,0.7333333333333333,0.7336954082319673,-0.866025403784439,0.49999999999999933,0.5712682150947923,0.8207634412072763,-0.9749279121818236,-0.2225209339563146
0.012903454059856928,-0.00496278464445737,0.025642467455926105,-0.012642381220944394,-0.9019681855265318,0.7333333333333333,0.7338300641860048,-0.866025403784439,0.49999999999999933,0.9377521321470804,0.3473052528448203,0.7818314824680298,0.6234898018587336
-0.012903454059856923,-0.005737823406240527,0.007063570747426613,-0.0025477696026229945,0.307134282193721,0.7333333333333333,0.7338749495040173,-0.866025403784439,0.49999999999999933,0.9884683243281114,0.1514277775045767,0.9749279121818236,-0.22252093395631434
-0.03933499711721854,-0.02456749689125277,-0.019802584143495793,-0.04700605928874028,0.00018157882840765522,0.7333333333333333,0.7339198348220297,-0.866025403784439,0.49999999999999933,0.9987165071710528,-0.05064916883871264,0.43388373911755823,-0.900968867902419
-0.027804307440601746,-0.03125257552613559,-0.05261674612279397,-0.02710190350789472,-0.044521226334676735,0.7333333333333333,0.7339647201400422,-0.866025403784439,0.49999999999999933,0.9680771188662043,-0.2506525322587204,-0.433883739117558,-0.9009688679024191
0.005540175253055282,-0.002649005662013365,-0.010896660601711633,0.016349122069192402,-0.06502903135713861,0.7333333333333333,0.7340096054580547,-0.866025403784439,0.49999999999999933,0.8978045395707416,-0.4403941515576344,-0.9749279121818236,-0.2225209339563146
0.008253199498297299,0.010554177719477014,0.007349958216752363,-0.005420062216286015,0.88843265190982,0.7333333333333333,0.7341442614120921,-0.866025403784439,0.49999999999999933,0.48530196253108104,-0.8743466161445821,0.7818314824680298,0.6234898018587336
0.01360563881520608,-0.00002622013013411084,0.008910546894942206,0.018843069660936063,-1.1225674233819278,0.7333333333333333,0.7341891467301046,-0.866025403784439,0.49999999999999933,0.29936312297335804,-0.9541392564000488,0.9749279121818236,-0.22252093395631434
0.016086122327765937,0.048691407129908326,0.013351320424662208,0.05195975100253776,0.04529926189599367,0.7333333333333333,0.7342340320481171,-0.866025403784439,0.49999999999999933,0.10116832198743272,-0.994869323391895,0.43388373911755823,-0.900968867902419
-0.026955784001152946,-0.0025031278279573394,0.013175408742137079,-0.04664059458421808,0.43854299009181713,0.7333333333333333,0.7342789173661296,-0.866025403784439,0.49999999999999933,-0.10116832198743204,-0.9948693233918952,-0.433883739117558,-0.9009688679024191
-0.00823049106109974,-0.025382048693924537,-0.007884396113605627,-0.016043109499092545,-0.025804531620384322,0.7333333333333333,0.7343238026841421,-0.866025403784439,0.49999999999999933,-0.29936312297335776,-0.9541392564000489,-0.9749279121818236,-0.2225209339563146
0.011776113518088244,-0.03932357062163691,-0.024033176491501183,0.0,-0.6367387855056243,0.7333333333333333,0.7344584586381795,-0.866025403784439,0.49999999999999933,-0.7907757369376986,-0.6121059825476627,0.7818314824680298,0.6234898018587336
-0.006281599598807565,0.0026702260059476303,0.013423007444649979,-0.00811911658016315,0.8670254548564864,0.7333333333333333,0.734503343956192,-0.866025403784439,0.49999999999999933,-0.8978045395707417,-0.44039415155763423,0.9749279121818236,-0.22252093395631434
-0.02693488419916037,-0.0053476012130601,-0.01612936642298425,-0.010929059852906334,-0.33997502514219996,0.7333333333333333,0.7345482292742045,-0.866025403784439,0.49999999999999933,-0.9680771188662041,-0.2506525322587213,0.43388373911755823,-0.900968867902419
-0.0002814715058885719,0.02645654450320483,-0.03811563554192082,0.04301734371551669,-0.33649332054577547,0.7333333333333333,0.734593114592217,-0.866025403784439,0.49999999999999933,-0.9987165071710528,-0.05064916883871355,-0.433883739117558,-0.9009688679024191
0.051574775958957625,0.018111794316323787,0.07273956712536199,0.002628119936122682,-0.6194187950830714,0.7333333333333333,0.7346379999102294,-0.866025403784439,0.49999999999999933,-0.9884683243281114,0.15142777750457667,-0.9749279121818236,-0.2225209339563146
0.0026968649536991958,0.007662865278947024,-0.018467926212705158,0.02590822182874063,0.2656222087694221,0.7333333333333333,0.7347726558642669,-0.866025403784439,0.49999999999999933,-0.7247927872291207,0.6889669190756859,0.7818314824680298,0.6234898018587336
-0.020501485388217222,0.012642381220944496,-0.020501485388217222,-0.0077022128185933025,-0.05611661280739498,0.7333333333333333,0.7348175411822794,-0.866025403784439,0.49999999999999933,-0.5712682150947924,0.8207634412072763,0.9749279121818236,-0.22252093395631434
0.05455418958840964,0.0,0.06481067972325825,0.02544664095841606,0.41296573667443315,0.7333333333333333,0.7348624265002918,-0.866025403784439,0.49999999999999933,-0.3943558551133187,0.9189578116202306,0.43388373911755823,-0.900968867902419
0.0025740014677451055,0.0025094092032536793,0.007623917719745156,0.0025094092032536793,0.2769040564956189,0.7333333333333333,0.7349073118183043,-0.866025403784439,0.49999999999999933,-0.20129852008866114,0.9795299412524943,-0.433883739117558,-0.9009688679024191
0.019096648841718213,0.02512037014367392,0.012578770135033408,0.0025031278279573515,0.3976687747906588,0.7333333333333333,0.7349521971363168,-0.866025403784439,0.49999999999999933,-2.4492935982947064e-16,1.0,-0.9749279121818236,-0.2225209339563146
0.013776064446554293,0.014437671149190796,0.007472066900324853,0.01980260859668314,-0.46125585340173453,0.7333333333333333,0.7350868530903542,-0.5000000000000012,0.8660254037844379,0.5712682150947923,0.8207634412072763,0.7818314824680298,0.6234898018587336
0.000621711481518814,0.011735205291460821,-0.0018628186524152683,-0.007380041503099163,-0.44825363608207913,0.7333333333333333,0.7351317384083667,-0.5000000000000012,0.8660254037844379,0.72479278722912,0.6889669190756866,0.9749279121818236,-0.22252093395631434
0.0018628186524153423,-0.002383732285778536,0.004341073162938532,0.012270022236438059,0.38100111373434375,0.7333333333333333,0.7351766237263792,-0.5000000000000012,0.8660254037844379,0.8486442574947509,0.5289640103269624,0.43388373911755823,-0.900968867902419
-0.0024845301339341554,0.002383732285778579,0.0024722456827359573,0.014528087143477182,0.3458291417970989,0.7333333333333333,0.7352215090443917,-0.5000000000000012,0.8660254037844379,0.9377521321470804,0.3473052528448203,-0.433883739117558,-0.9009688679024191
0.015060122082303614,0.04194140832388535,0.041118150116826235,0.019048177668909923,0.2998851157229167,0.7333333333333333,0.7352663943624042,-0.5000000000000012,0.8660254037844379,0.9884683243281114,0.1514277775045767,-0.9749279121818236,-0.2225209339563146
-0.07661801790593256,-0.018410821143683483,-0.004750598454041881,-0.07847154199718777,0.19854311529459984,0.7333333333333333,0.7354010503164415,-0.5000000000000012,0.8660254037844379,0.8978045395707416,-0.4403941515576344,0.7818314824680298,0.6234898018587336
-0.01600032608667548,-0.10020588245845195,-0.08183000240586555,-0.018018549736181003,-1.066670117417362,0.7333333333333333,0.735445935634454,-0.5000000000000012,0.8660254037844379,0.7907757369376989,-0.6121059825476626,0.9749279121818236,-0.22252093395631434
0.029141107296487296,0.05257776585190388,-0.0077821332224999465,0.055569918102814087,-0.04674583646485265,0.7333333333333333,0.7354908209524665,-0.5000000000000012,0.8660254037844379,0.6513724827222223,-0.758758122692791,0.43388373911755823,-0.900968867902419
-0.021108943290144847,-0.050010372861124655,-0.010471290063899706,-0.045233857033736516,1.1233219096521239,0.7333333333333333,0.7355357062704789,-0.5000000000000012,0.8660254037844379,0.48530196253108104,-0.8743466161445821,-0.433883739117558,-0.9009688679024191
0.0026631148831157895,0.01778952431691799,0.025975523404794403,-0.005154707127615426,-0.20124725229968782,0.7333333333333333,0.7355805915884914,-0.5000000000000012,0.8660254037844379,0.29936312297335804,-0.9541392564000488,-0.9749279121818236,-0.2225209339563146
-0.01069527888945819,-0.041136927785589576,-0.033901581188148844,-0.034168863494021484,0.42660097795275026,0.7333333333333333,0.7357152475425289,-0.5000000000000012,0.8660254037844379,-0.29936312297335776,-0.9541392564000489,0.7818314824680298,0.6234898018587336
0.010695278889458152,0.046162059171816976,-0.002656041535203881,0.026386730271521622,-0.7340992922398287,0.7333333333333333,0.7357601328605413,-0.5000000000000012,0.8660254037844379,-0.4853019625310808,-0.8743466161445822,0.9749279121818236,-0.22252093395631434
-0.01069527888945819,-0.04879017910793957,0.0,-0.02906410547863412,0.2059647819266015,0.7333333333333333,0.7358050181785538,-0.5000000000000012,0.8660254037844379,-0.6513724827222217,-0.7587581226927913,0.43388373911755823,-0.900968867902419
-0.005769291764745885,-0.0026350451548230957,0.005305047197217218,0.008010716096175936,-0.4291051186801371,0.7333333333333333,0.7358499034965663,-0.5000000000000012,0.8660254037844379,-0.7907757369376986,-0.6121059825476627,-0.433883739117558,-0.9009688679024191
0.016464570654204154,0.08348712655534216,0.0,0.03655762272335273,0.26987658162030737,0.7333333333333333,0.7358947888145788,-0.5000000000000012,0.8660254037844379,-0.8978045395707417,-0.44039415155763423,-0.9749279121818236,-0.2225209339563146
0.001328934249415945,0.019231344291746166,-0.003976112947801344,0.04020638193114407,0.7707288580090431,0.7333333333333333,0.7360294447686162,-0.5000000000000012,0.8660254037844379,-0.9884683243281114,0.15142777750457667,0.7818314824680298,0.6234898018587336
0.06054647200503942,0.002378176879069833,0.07296903909862348,-0.014888598400041399,0.31840624494371256,0.7333333333333333,0.7360743300866287,-0.5000000000000012,0.8660254037844379,-0.9377521321470804,0.3473052528448203,0.9749279121818236,-0.22252093395631434
-0.020202687854778488,-0.041242760621910846,-0.012422567093584021,-0.007528259214184675,-0.6025593242557886,0.7333333333333333,0.7361192154046412,-0.5000000000000012,0.8660254037844379,-0.8486442574947509,0.5289640103269624,0.43388373911755823,-0.900968867902419
0.0025477696026231208,0.02688846108929281,0.03440139446747577,0.01251579598057542,-0.8018609107270795,0.7333333333333333,0.7362089860406661,-0.5000000000000012,0.8660254037844379,-0.5712682150947924,0.8207634412072763,-0.9749279121818236,-0.2225209339563146
0.017654918252155486,0.01197612265354822,-0.03440139446747581,0.026995536796324937,0.5055167961009457,0.7333333333333333,0.7363436419947036,-2.4492935982947064e-16,1.0,0.20129852008866006,0.9795299412524945,0.7818314824680298,0.6234898018587336
0.01365628411422284,-0.019231344291746142,0.02469258933002205,-0.014634393050861156,-0.18300558952835047,0.7333333333333333,0.7363885273127161,-2.4492935982947064e-16,1.0,0.39435585511331855,0.9189578116202306,0.9749279121818236,-0.22252093395631434
-0.05447830098622003,0.04508475525493486,-0.007343908818167413,-0.017348680511854588,1.8667447974477271,0.7333333333333333,0.7364334126307286,-2.4492935982947064e-16,1.0,0.5712682150947923,0.8207634412072763,0.43388373911755823,-0.900968867902419
0.040822016871997165,-0.02585341096318882,0.0024539280848285537,0.03681399610282006,-1.5137986393233747,0.7333333333333333,0.736478297948741,-2.4492935982947064e-16,1.0,0.72479278722912,0.6889669190756866,-0.433883739117558,-0.9009688679024191
0.009950321410848074,0.0,0.006108777834221287,0.00240668037067911,0.9435985977541629,0.7333333333333333,0.7365231832667535,-2.4492935982947064e-16,1.0,0.8486442574947509,0.5289640103269624,-0.9749279121818236,-0.2225209339563146
0.014742267919173921,0.007117517691026101,0.013309290042594915,-0.004819282006023489,-1.3969995378807591,0.7333333333333333,0.736657839220791,-2.4492935982947064e-16,1.0,0.9987165071710528,-0.05064916883871264,0.7818314824680298,0.6234898018587336
-0.03474291555044966,0.0,-0.04927100269392679,-0.00484262000285356,-0.22799446391483874,0.7333333333333333,0.7367027245388034,-2.4492935982947064e-16,1.0,0.9680771188662043,-0.2506525322587204,0.9749279121818236,-0.22252093395631434
0.024938924620469118,0.016413069489175727,0.024938924620469118,0.0024242990980936773,1.141176837962411,0.7333333333333333,0.7367476098568159,-2.4492935982947064e-16,1.0,0.8978045395707416,-0.4403941515576344,0.43388373911755823,-0.900968867902419
0.007362047842330416,-0.023530587180201755,0.026613134833098503,0.004830922540104382,-0.5389571233128526,0.7333333333333333,0.7367924951748284,-2.4492935982947064e-16,1.0,0.7907757369376989,-0.6121059825476626,-0.433883739117558,-0.9009688679024191
0.002441943087650178,0.00947873538604097,-0.014373033359631478,0.01197612265354822,-0.10298324420394858,0.7333333333333333,0.7368373804928409,-2.4492935982947064e-16,1.0,0.6513724827222223,-0.758758122692791,-0.9749279121818236,-0.2225209339563146
-0.03727135946505547,0.004705998747108145,0.012091976599990653,-0.04879011875636827,0.6221918953543387,0.7333333333333333,0.7369720364468783,-2.4492935982947064e-16,1.0,0.10116832198743272,-0.994869323391895,0.7818314824680298,0.6234898018587336
-0.007623917719745089,-0.03341607842489527,-0.03672373919714906,-0.010050326220427584,-0.7560020867979733,0.7333333333333333,0.7370169217648908,-2.4492935982947064e-16,1.0,-0.10116832198743204,-0.9948693233918952,0.9749279121818236,-0.22252093395631434
-0.005115095676324061,-0.019608453053774056,-0.022699625131128665,-0.010152361634350938,-0.6046321894322721,0.7333333333333333,0.7370618070829033,-2.4492935982947064e-16,1.0,-0.29936312297335776,-0.9541392564000489,0.43388373911755823,-0.900968867902419
-0.012903454059856923,0.012300324831523761,-0.005115095676324061,-0.018018549736181003,0.13266596634809372,0.7333333333333333,0.7371066924009158,-2.4492935982947064e-16,1.0,-0.4853019625310808,-0.8743466161445822,-0.433883739117558,-0.9009688679024191
-0.005182195479388803,-0.01477857934204691,-0.018085649539245716,0.002594032770560682,0.17544370162676812,0.7333333333333333,0.7371515777189281,-2.4492935982947064e-16,1.0,-0.6513724827222217,-0.7587581226927913,-0.9749279121818236,-0.2225209339563146
-0.000026144777078057953,-0.009975194728282157,0.025748514818192934,0.0025873211709015985,0.2969333557502446,0.7333333333333333,0.7372862336729656,-2.4492935982947064e-16,1.0,-0.9680771188662041,-0.2506525322587213,0.7818314824680298,0.6234898018587336
0.002607560975429258,-0.0025094092032537183,-0.0025477696026229945,-0.002587321170901612,-0.2575419707599227,0.7333333333333333,0.7373311189909781,-2.4492935982947064e-16,1.0,-0.9987165071710528,-0.05064916883871355,0.9749279121818236,-0.22252093395631434
-0.010471290063899706,-0.0228726394906708,-0.015424516965620335,-0.007802373027027488,-2.044925772002222,0.7333333333333333,0.7373760043089905,-2.4492935982947064e-16,1.0,-0.9884683243281114,0.15142777750457667,0.43388373911755823,-0.900968867902419
-0.007926057783354541,0.0051282113508481575,-0.002594032770560677,0.018111794316323787,1.4665627036179603,0.7333333333333333,0.7374657749450155,-2.4492935982947064e-16,1.0,-0.8486442574947509,0.5289640103269624,-0.9749279121818236,-0.2225209339563146
0.02224412493284832,0.02025383734307631,0.002619974352713374,0.007662865278947024,0.26396446290889813,0.7333333333333333,0.7376004308990529,-2.4492935982947064e-16,1.0,-0.3943558551133187,0.9189578116202306,0.7818314824680298,0.6234898018587336
-0.03559544535751059,-0.007547198392470282,0.02555093701781859,-0.02316709861984168,0.43721813811797533,0.7333333333333333,0.7376453162170654,-2.4492935982947064e-16,1.0,-0.20129852008866114,0.9795299412524943,0.9749279121818236,-0.22252093395631434
0.026526729166799178,0.002522067006242808,-0.030771690651569553,0.018065051700963397,0.09101614875116479,0.7333333333333333,0.7376902015350779,-2.4492935982947064e-16,1.0,-2.4492935982947064e-16,1.0,0.43388373911755823,-0.900968867902419
-0.023842166373516955,-0.010126659037970807,-0.007816888109707164,-0.03911844108342155,-0.6266994540101796,0.75,0.7377799721711029,0.49999999999999994,0.8660254037844387,0.39435585511331855,0.9189578116202306,-0.9749279121818236,-0.2225209339563146
0.0,-0.02056631933880407,0.010417667390744675,-0.0013306391723955033,-0.1661763530321415,0.75,0.7379146281251403,0.49999999999999994,0.8660254037844387,0.8486442574947509,0.5289640103269624,0.7818314824680298,0.6234898018587336
0.0,-0.01307206934493735,-0.031664884759671726,0.003986680707599284,-0.7774432498190536,0.75,0.7379595134431528,0.49999999999999994,0.8660254037844387,0.9377521321470804,0.3473052528448203,0.9749279121818236,-0.22252093395631434
0.01595777025991132,0.01566610211549801,0.01595777025991132,0.010554177719477014,0.19453737228751,0.75,0.7380043987611653,0.49999999999999994,0.8660254037844387,0.9884683243281114,0.1514277775045767,0.43388373911755823,-0.900968867902419
-0.01864233305319356,-0.005194812051598307,-0.015957770259911262,0.002621231022659948,-0.1584139725812905,0.75,0.7380492840791778,0.49999999999999994,0.8660254037844387,0.9987165071710528,-0.05064916883871264,-0.433883739117558,-0.9009688679024191
0.002684562793282232,-0.007843170127777188,0.0,-0.005249350958782499,-0.4264362595731187,0.75,0.7380941693971902,0.49999999999999994,0.8660254037844387,0.9680771188662043,-0.2506525322587204,-0.9749279121818236,-0.2225209339563146
0.0026773752071126027,0.0,0.01859281541473428,-0.015915440207621832,-0.46143566660389435,0.75,0.7382288253512277,0.49999999999999994,0.8660254037844387,0.6513724827222223,-0.758758122692791,0.7818314824680298,0.6234898018587336
-0.0326116197522059,-0.008434374244539994,-0.007793450193396145,-0.0326116197522059,1.255168000506049,0.75,0.7382737106692402,0.49999999999999994,0.8660254037844387,0.48530196253108104,-0.8743466161445821,0.9749279121818236,-0.22252093395631434
-0.03371102572879788,-0.020861967337906878,-0.04073360976643171,-0.01671346543338964,0.30821295305482593,0.75,0.7383185959872526,0.49999999999999994,0.8660254037844387,0.29936312297335804,-0.9541392564000488,0.43388373911755823,-0.900968867902419
0.0,-0.019100152734486845,-0.008321815632248448,-0.01699756029540832,-0.9979007387031819,0.75,0.7383634813052651,0.49999999999999994,0.8660254037844387,0.10116832198743272,-0.994869323391895,-0.433883739117558,-0.9009688679024191
0.0,0.01910015273448682,-0.01402546222221544,0.052863505063967184,0.7619150313100247,0.75,0.7384083666232776,0.49999999999999994,0.8660254037844387,-0.10116832198743204,-0.9948693233918952,-0.9749279121818236,-0.2225209339563146
0.028170850475742706,0.02929634158244694,0.05629487004115771,-0.013642763090857978,0.012668534919879201,0.75,0.7385879078953275,0.49999999999999994,0.8660254037844387,-0.7907757369376986,-0.6121059825476627,0.9749279121818236,-0.22252093395631434
-0.002781640379193324,-0.03064863778685321,-0.033947592186693826,-0.00550971624431123,0.2687383946306459,0.75,0.73863279321334,0.49999999999999994,0.8660254037844387,-0.8978045395707417,-0.44039415155763423,0.43388373911755823,-0.900968867902419
-0.011204588536625724,-0.020506542109097144,-0.013908417132114808,-0.013908417132114808,-1.1827346980662778,0.75,0.7386776785313525,0.49999999999999994,0.8660254037844387,-0.9680771188662041,-0.2506525322587213,-0.433883739117558,-0.9009688679024191
-0.0028208736855897007,0.008253199498297299,0.0027972020093997587,0.0027972020093997587,0.6554051174164094,0.75,0.738722563849365,0.49999999999999994,0.8660254037844387,-0.9987165071710528,-0.05064916883871355,-0.9749279121818236,-0.2225209339563146
-0.03448614298701731,0.018996482253513837,-0.0027972020093996125,0.0356691078000957,1.4925329170483694,0.75,0.7388572198034024,0.49999999999999994,0.8660254037844387,-0.8486442574947509,0.5289640103269624,0.7818314824680298,0.6234898018587336
0.04292500370936654,0.0,0.02762610576296841,-0.01904817643306947,-0.9216764569151378,0.75,0.7389021051214149,0.49999999999999994,0.8660254037844387,-0.7247927872291207,0.6889669190756859,0.9749279121818236,-0.22252093395631434
-0.005617987036759381,-0.005390843438307593,-0.005464489132556437,-0.025036120413185405,0.13724048910703734,0.75,0.7389469904394274,0.49999999999999994,0.8660254037844387,-0.5712682150947924,0.8207634412072763,0.43388373911755823,-0.900968867902419
-0.040235273589576695,-0.01634912206919231,-0.019364414621012484,0.002812938735484649,0.08687675150789999,0.75,0.7389918757574397,0.49999999999999994,0.8660254037844387,-0.3943558551133187,0.9189578116202306,-0.433883739117558,-0.9009688679024191
0.0029282569169696154,-0.013831531876559649,0.0027893994904665915,-0.04011995540809166,0.13426632327539312,0.75,0.7390367610754522,0.49999999999999994,0.8660254037844387,-0.20129852008866114,0.9795299412524943,-0.9749279121818236,-0.2225209339563146
-0.005865113711324816,-0.02367638012434375,-0.03977793372728221,0.008733671481950537,-0.09913560871339554,0.75,0.7391714170294897,0.8660254037844386,0.5000000000000001,0.39435585511331855,0.9189578116202306,0.7818314824680298,0.6234898018587336
0.014569759901947433,0.03997733964667107,0.0,0.02008673932676642,-1.0813385335944428,0.75,0.7392163023475021,0.8660254037844386,0.5000000000000001,0.5712682150947923,0.8207634412072763,0.9749279121818236,-0.22252093395631434
0.002923380521462,0.0002740556082184763,0.002894355230134138,0.008486605863890113,1.9358790205894083,0.75,0.7392611876655146,0.8660254037844386,0.5000000000000001,0.72479278722912,0.6889669190756866,0.43388373911755823,-0.900968867902419
0.025678989960522206,0.005464489132556301,0.036605008350600425,0.02503612041318537,-2.8004097838738735,0.75,0.7393060729835271,0.8660254037844386,0.5000000000000001,0.8486442574947509,0.5289640103269624,-0.433883739117558,-0.9009688679024191
-0.043172130383931806,-0.010959003051837035,-0.01092601839007809,-0.06820825079711719,2.442980918296099,0.75,0.7393509583015396,0.8660254037844386,0.5000000000000001,0.9377521321470804,0.3473052528448203,-0.9749279121818236,-0.2225209339563146
-0.014815142302275305,-0.025105963433480493,-0.028573345190656557,0.0,-0.31385768900570904,0.75,0.739485614255577,0.8660254037844386,0.5000000000000001,0.9680771188662043,-0.2506525322587204,0.7818314824680298,0.6234898018587336
0.00891542598410196,-0.011363747874334036,0.014360181113500963,-0.005899716318173342,0.06841903023923768,0.75,0.7395304995735895,0.8660254037844386,0.5000000000000001,0.8978045395707416,-0.4403941515576344,0.9749279121818236,-0.22252093395631434
-0.008915425984101966,-0.011494368400598594,-0.0289589663067762,0.02339285674158273,-0.2633843824892158,0.75,0.739575384891602,0.8660254037844386,0.5000000000000001,0.7907757369376989,-0.6121059825476626,0.43388373911755823,-0.900968867902419
0.03807198189818521,0.034094179006681276,0.023256839595910014,0.02285811627493255,-0.20167010623765316,0.75,0.7396202702096145,0.8660254037844386,0.5000000000000001,0.6513724827222223,-0.758758122692791,-0.433883739117558,-0.9009688679024191
0.03528947676048481,0.05700322992771975,0.055880471054113603,0.05228152239955733,1.3409770717691192,0.75,0.739665155527627,0.8660254037844386,0.5000000000000001,0.48530196253108104,-0.8743466161445821,-0.9749279121818236,-0.2225209339563146
0.006910903775427993,0.015447359325911134,0.007579862464989448,-0.008075406231589954,-0.8064195134031734,0.75,0.7398446967996769,0.8660254037844386,0.5000000000000001,-0.29936312297335776,-0.9541392564000489,0.9749279121818236,-0.22252093395631434
0.021799207098364002,0.006732294450228471,0.01920494104732181,0.024033176491501235,0.05013110340839751,0.75,0.7398895821176894,0.8660254037844386,0.5000000000000001,-0.4853019625310808,-0.8743466161445822,0.43388373911755823,-0.900968867902419
0.008053727074825314,0.006482142898064986,0.031279003755093474,-0.005291012628531447,-0.3416824948492628,0.75,0.7399344674357018,0.8660254037844386,0.5000000000000001,-0.6513724827222217,-0.7587581226927913,-0.433883739117558,-0.9009688679024191
-0.008053727074825295,-0.012954682174444308,-0.012903454059856923,-0.002656041535203881,0.4642262839728838,0.75,0.7399793527537143,0.8660254037844386,0.5000000000000001,-0.7907757369376986,-0.6121059825476627,-0.9749279121818236,-0.2225209339563146
-0.027324143616085695,0.007762059601332471,0.0,-0.02969176114297207,0.925967026204687,0.75,0.7401140087077518,0.8660254037844386,0.5000000000000001,-0.9987165071710528,-0.05064916883871355,0.7818314824680298,0.6234898018587336
0.01648393956955881,-0.005168026830771852,-0.04788144067391146,0.027028646259856202,-1.0020772700595943,0.75,0.7401588940257642,0.8660254037844386,0.5000000000000001,-0.9884683243281114,0.15142777750457667,0.9749279121818236,-0.22252093395631434
-0.005464489132556437,-0.015666102115498,0.02156415712729978,0.007968162080333152,-0.6491604810837399,0.75,0.7402037793437767,0.8660254037844386,0.5000000000000001,-0.9377521321470804,0.3473052528448203,0.43388373911755823,-0.900968867902419
0.027028646259856202,0.02083412894626995,0.007968162080333152,0.02611118106761112,-0.6585335950540224,0.75,0.7402486646617892,0.8660254037844386,0.5000000000000001,-0.8486442574947509,0.5289640103269624,-0.433883739117558,-0.9009688679024191
-0.00803216400634236,-0.010362838882370162,0.005013878669693639,-0.03407934314794419,1.3024206488075714,0.75,0.7402935499798017,0.8660254037844386,0.5000000000000001,-0.7247927872291207,0.6889669190756859,-0.9749279121818236,-0.2225209339563146
0.0,-0.013106335218722858,-0.01832964196308678,0.0026631148831157895,-0.3854437559768961,0.75,0.7404282059338391,1.0,6.123233995736766e-17,0.39435585511331855,0.9189578116202306,0.7818314824680298,0.6234898018587336
-0.00809720241664192,-0.0026420069665181274,0.01331576329339311,-0.0026631148831158277,-0.3053532472380956,0.75,0.7404730912518516,1.0,6.123233995736766e-17,0.5712682150947923,0.8207634412072763,0.9749279121818236,-0.22252093395631434
0.0027063589783342767,0.0,-0.007968162080333081,0.0,-0.3695311942852613,0.75,0.7405179765698641,1.0,6.123233995736766e-17,0.72479278722912,0.6889669190756866,0.43388373911755823,-0.900968867902419
0.0,-0.002649005662013365,0.0,-0.002670226005947513,-0.4857128188330594,0.75,0.7405628618878766,1.0,6.123233995736766e-17,0.8486442574947509,0.5289640103269624,-0.433883739117558,-0.9009688679024191
0.0026990543638770567,0.003970913165308554,0.0026631148831157895,0.0026702260059476303,1.3082196146271852,0.75,0.740607747205889,1.0,6.123233995736766e-17,0.9377521321470804,0.3473052528448203,-0.9749279121818236,-0.2225209339563146
-0.00811911658016315,-0.006626954700512537,0.0,-0.0053476012130601,0.3241789702383381,0.75,0.7407424031599265,1.0,6.123233995736766e-17,0.9680771188662043,-0.2506525322587204,0.7818314824680298,0.6234898018587336
-0.024760591729465965,-0.012471086281655757,-0.02969176114297207,-0.021681045046796105,-0.575402735465969,0.75,0.740787288477939,1.0,6.123233995736766e-17,0.8978045395707416,-0.4403941515576344,0.9749279121818236,-0.22252093395631434
-0.025389210096549483,-0.017220674861316246,0.0,-0.027779603667171558,-0.09814127246022408,0.75,0.7408321737959513,1.0,6.123233995736766e-17,0.7907757369376989,-0.6121059825476626,0.43388373911755823,-0.900968867902419
0.016997560295408266,0.0,-0.024938537292207498,0.019526404168874262,-0.32005141132290205,0.75,0.7408770591139638,1.0,6.123233995736766e-17,0.6513724827222223,-0.758758122692791,-0.433883739117558,-0.9009688679024191
-0.019858789843849322,-0.011019450437002377,-0.00284106637496405,-0.008321815632248448,-0.4584719963345507,0.75,0.7409219444319763,1.0,6.123233995736766e-17,0.48530196253108104,-0.8743466161445821,-0.9749279121818236,-0.2225209339563146
-0.011527494082291789,-0.005555564693543434,0.005617987036759496,-0.011204588536625724,0.02857262612610899,0.75,0.7410566003860137,1.0,6.123233995736766e-17,-0.10116832198743204,-0.9948693233918952,0.7818314824680298,0.6234898018587336
-0.005813964224045715,-0.01685431575159294,-0.019802608596683105,-0.01704585110836476,-0.08812149675767206,0.75,0.7411014857040262,1.0,6.123233995736766e-17,-0.29936312297335776,-0.9541392564000489,0.9749279121818236,-0.22252093395631434
-0.005847964174874562,0.005649727214967146,-0.01005036062426318,0.017045851108364745,1.1794982378116308,0.75,0.7411463710220387,1.0,6.123233995736766e-17,-0.4853019625310808,-0.8743466161445822,0.43388373911755823,-0.900968867902419
0.008759171553446193,0.0,0.021414108498597276,-0.022792987851500978,-1.0248897101023549,0.75,0.7411912563400512,1.0,6.123233995736766e-17,-0.6513724827222217,-0.7587581226927913,-0.433883739117558,-0.9009688679024191
-0.01759574466597464,-0.008486605863890075,-0.005665732178300458,-0.026278858850604114,1.6996275554716513,0.75,0.7412361416580637,1.0,6.123233995736766e-17,-0.7907757369376986,-0.6121059825476627,-0.9749279121818236,-0.2225209339563146
-0.008915425984101966,-0.02008673932676646,-0.02008673932676646,0.0,-0.18538707984808295,0.75,0.7413707976121011,1.0,6.123233995736766e-17,-0.9987165071710528,-0.05064916883871355,0.7818314824680298,0.6234898018587336
0.0029806253845470537,0.002894355230134138,0.0,0.0029836768043209443,-1.6770939111186396,0.75,0.7414156829301136,1.0,6.123233995736766e-17,-0.9884683243281114,0.15142777750457667,0.9749279121818236,-0.22252093395631434
-0.002980625384547116,-0.01749314042340947,-0.014598785193275239,-0.00891847740387563,0.4338459830806514,0.75,0.7414605682481261,1.0,6.123233995736766e-17,-0.9377521321470804,0.3473052528448203,0.43388373911755823,-0.900968867902419
-0.015037863346261034,0.04035125669834219,-0.029853005648536338,0.04652004143776977,1.4527767961810472,0.75,0.7415054535661386,1.0,6.123233995736766e-17,-0.8486442574947509,0.5289640103269624,-0.433883739117558,-0.9009688679024191
0.012048327267974135,0.002820873685589742,0.05884051447254449,-0.0028449494306480943,0.8069425271046085,0.75,0.741550338884151,1.0,6.123233995736766e-17,-0.7247927872291207,0.6889669190756859,-0.9749279121818236,-0.2225209339563146
-0.10735849262268807,-0.026546424150187344,-0.02898750882400805,-0.05264375367949612,-0.5770877769337867,0.75,0.7416849948381885,1.0,6.123233995736766e-17,-0.20129852008866114,0.9795299412524943,0.7818314824680298,0.6234898018587336
0.048790194444806596,-0.00784088526451484,-0.07637297655844359,0.02374003538445756,-0.3868287587510738,0.75,0.741729880156201,1.0,6.123233995736766e-17,-2.4492935982947064e-16,1.0,0.9749279121818236,-0.22252093395631434
0.05256227970788966,0.020202687854778384,0.05256227970788966,0.005847964174874583,-0.8799074643068667,0.75,0.7417747654742134,0.8660254037844387,-0.4999999999999998,0.20129852008866006,0.9795299412524945,0.43388373911755823,-0.900968867902419
0.014947947584734497,0.02259981060608287,0.014947947584734497,0.011594321563201254,0.6626247393025826,0.75,0.7418196507922259,0.8660254037844387,-0.4999999999999998,0.39435585511331855,0.9189578116202306,-0.433883739117558,-0.9009688679024191
0.020558777613620887,-0.022599810606082807,0.020558777613620887,0.0,-1.3502356237339401,0.75,0.7419991920642758,0.8660254037844387,-0.4999999999999998,0.9377521321470804,0.3473052528448203,0.7818314824680298,0.6234898018587336
-0.002911207378571679,0.002853066265385662,0.017291480476206718,0.0,0.4237642738012095,0.75,0.7420440773822883,0.8660254037844387,-0.4999999999999998,0.9884683243281114,0.1514277775045767,0.9749279121818236,-0.22252093395631434
-0.005847964174874562,-0.005714295813826602,-0.02605065202965303,0.005747136743136235,-0.18655358413752507,0.75,0.7420889627003008,0.8660254037844387,-0.4999999999999998,0.9987165071710528,-0.05064916883871264,0.43388373911755823,-0.900968867902419
0.01455628362905448,0.019858789843849284,0.026050652029652933,0.0,-0.2676614465484872,0.75,0.7421338480183133,0.8660254037844387,-0.4999999999999998,0.9680771188662043,-0.2506525322587204,-0.433883739117558,-0.9009688679024191
0.017192384096632155,0.022223181677700765,0.005840040769962793,0.008559245244474677,1.8635740478767542,0.75,0.7421787333363258,0.8660254037844387,-0.4999999999999998,0.8978045395707416,-0.4403941515576344,-0.9749279121818236,-0.2225209339563146
-0.008559245244474722,-0.011049891497366387,-0.002986974504577057,0.014104592900649415,-0.36296573577098673,0.75,0.7423133892903632,0.8660254037844387,-0.4999999999999998,0.48530196253108104,-0.8743466161445821,0.7818314824680298,0.6234898018587336
0.019858789843849284,0.0,0.019746744340697304,-0.0005603404568854209,-0.5542815870098134,0.75,0.7423582746083757,0.8660254037844387,-0.4999999999999998,0.29936312297335804,-0.9541392564000488,0.9749279121818236,-0.22252093395631434
0.005602250310674402,0.05406723521288297,0.0055710398696598214,0.0470803773412062,0.8693365688697412,0.75,0.7424031599263882,0.8660254037844387,-0.4999999999999998,0.10116832198743272,-0.994869323391895,0.43388373911755823,-0.900968867902419
0.030263694457884363,-0.010582099318558446,0.03815179500526111,0.005333340889063316,-1.5251022361043367,0.75,0.7424480452444006,0.8660254037844387,-0.4999999999999998,-0.10116832198743204,-0.9948693233918952,-0.433883739117558,-0.9009688679024191
-0.005434790704315485,0.0,-0.010752781438702409,-0.021506184544051773,0.49926462845921976,0.75,0.7424929305624131,0.8660254037844387,-0.4999999999999998,-0.29936312297335776,-0.9541392564000489,-0.9749279121818236,-0.2225209339563146
-0.02203950426310217,-0.016086122327765805,-0.010869661673387007,-0.021978951350272766,-1.3493917662902895,0.75,0.7426275865164506,0.8660254037844387,-0.4999999999999998,-0.7907757369376986,-0.6121059825476627,0.7818314824680298,0.6234898018587336
-0.028250439644990463,-0.01634912206919231,-0.013921607913003148,-0.031032080024183763,2.6873787204706154,0.75,0.7426724718344629,0.8660254037844387,-0.4999999999999998,-0.8978045395707417,-0.44039415155763423,0.9749279121818236,-0.22252093395631434
-0.0202611655642423,-0.027856994098775043,-0.027925528190525708,-0.011527494082291789,-0.8375358226946142,0.75,0.7427173571524754,0.8660254037844387,-0.4999999999999998,-0.9680771188662041,-0.2506525322587213,0.43388373911755823,-0.900968867902419
0.0058309146364764605,0.022347277854463856,-0.01579359962330447,0.01152749408229181,0.6217241884842519,0.75,0.7427622424704879,0.8660254037844387,-0.4999999999999998,-0.9987165071710528,-0.05064916883871355,-0.433883739117558,-0.9009688679024191
0.0,-0.013908417132114808,0.01579359962330451,0.019858789843849284,-1.2103155436240676,0.75,0.7428071277885004,0.8660254037844387,-0.4999999999999998,-0.9884683243281114,0.15142777750457667,-0.9749279121818236,-0.2225209339563146
-0.02651117065007658,0.008368241879059648,-0.007148020649895214,-0.057819586037144495,0.5417670826759353,0.75,0.7429417837425378,0.8660254037844387,-0.4999999999999998,-0.7247927872291207,0.6889669190756859,0.7818314824680298,0.6234898018587336
-0.03647817422941536,-0.051293245588426094,-0.03950769674177382,-0.018018488730808243,0.5180019567687137,0.75,0.7429866690605503,0.8660254037844387,-0.4999999999999998,-0.5712682150947924,0.8207634412072763,0.9749279121818236,-0.22252093395631434
-0.012461208405468294,0.0,-0.015037863346261034,0.018018488730808087,0.1629940555079514,0.75,0.7430315543785628,0.8660254037844387,-0.4999999999999998,-0.3943558551133187,0.9189578116202306,0.43388373911755823,-0.900968867902419
0.0124612084054682,0.017391725884585187,0.0030257180790001547,-0.039458799613962446,0.14443011041960716,0.75,0.7430764396965753,0.8660254037844387,-0.4999999999999998,-0.20129852008866114,0.9795299412524943,-0.433883739117558,-0.9009688679024191
-0.025079660026752947,-0.026202346929727074,-0.02446602896215433,-0.01875053118298971,-1.0184502751035465,0.75,0.7431213250145878,0.5000000000000003,-0.8660254037844385,0.20129852008866006,0.9795299412524945,-0.9749279121818236,-0.2225209339563146
-0.028987585848123526,-0.023881780235719116,-0.025079660026752947,-0.019108919496783294,0.4527704221138261,0.75,0.7432559809686252,0.5000000000000003,-0.8660254037844385,0.72479278722912,0.6889669190756866,0.7818314824680298,0.6234898018587336
-0.019802608596683105,0.014992770651808101,-0.03226090812760145,0.07731825029373555,0.019618990823031916,0.75,0.7433008662866377,0.5000000000000003,-0.8660254037844385,0.8486442574947509,0.5289640103269624,0.9749279121818236,-0.22252093395631434
0.10735849262268804,0.052185773616070304,0.10863388468604489,0.037960796193295225,-0.17404058421117086,0.75,0.7433457516046502,0.5000000000000003,-0.8660254037844385,0.9377521321470804,0.3473052528448203,0.43388373911755823,-0.900968867902419
0.0324034635738374,0.0,0.04035125669834219,0.0,-0.6306913376265676,0.75,0.7433906369226626,0.5000000000000003,-0.8660254037844385,0.9884683243281114,0.1514277775045767,-0.433883739117558,-0.9009688679024191
-0.005813964224045715,-0.011363747874334036,-0.011363747874334036,-0.0057471367431362165,0.8062810416951468,0.75,0.7434355222406751,0.5000000000000003,-0.8660254037844385,0.9987165071710528,-0.05064916883871264,-0.9749279121818236,-0.2225209339563146
0.011594321563201254,0.0,-0.002861229548440992,0.008608366291577263,-1.1994224001144793,0.75,0.7435701781947126,0.5000000000000003,-0.8660254037844385,0.7907757369376989,-0.6121059825476626,0.7818314824680298,0.6234898018587336
0.0,0.0056980156960335475,-0.0014337248360685253,0.0,0.5708056221945141,0.75,0.743615063512725,0.5000000000000003,-0.8660254037844385,0.6513724827222223,-0.758758122692791,0.9749279121818236,-0.22252093395631434
0.00287769706347912,0.005665732178300511,0.004294954384509497,0.007117494823454055,0.2889092469101769,0.75,0.7436599488307375,0.5000000000000003,-0.8660254037844385,0.48530196253108104,-0.8743466161445821,0.43388373911755823,-0.900968867902419
0.002869439679657085,0.0,0.0008567817093722284,-0.009978724371895216,-0.6761130479467693,0.75,0.74370483414875,0.5000000000000003,-0.8660254037844385,0.29936312297335804,-0.9541392564000488,-0.433883739117558,-0.9009688679024191
-0.040941421577842294,-0.0028288535293775263,-0.04465943283565565,0.008559245244474677,1.4689504887378704,0.75,0.7437497194667625,0.5000000000000003,-0.8660254037844385,0.10116832198743272,-0.994869323391895,-0.9749279121818236,-0.2225209339563146
0.01775199909663046,-0.0028368786489228145,0.04380265112628338,-0.005698015696033632,-1.8149381394427022,0.75,0.7438843754207999,0.5000000000000003,-0.8660254037844385,-0.4853019625310808,-0.8743466161445822,0.7818314824680298,0.6234898018587336
0.01455628362905448,0.0,0.0,0.0,1.0306238860961616,0.75,0.7439292607388124,0.5000000000000003,-0.8660254037844385,-0.6513724827222217,-0.7587581226927913,0.9749279121818236,-0.22252093395631434
-0.023392856741582885,0.0,-0.005730669228098182,-0.002861229548440992,-0.7049292375949258,0.75,0.7439741460568249,0.5000000000000003,-0.8660254037844385,-0.7907757369376986,-0.6121059825476627,0.43388373911755823,-0.900968867902419
0.03202599559374038,-0.0028449494306480943,0.002869439679657085,0.002861229548440964,-0.1356429204269996,0.75,0.7440190313748374,0.5000000000000003,-0.8660254037844385,-0.8978045395707417,-0.44039415155763423,-0.433883739117558,-0.9009688679024191
0.002861229548440964,0.008510681608948401,0.005714295813826708,0.008534894344956464,0.5703291300415179,0.75,0.7440639166928498,0.5000000000000003,-0.8660254037844385,-0.9680771188662041,-0.2506525322587213,-0.9749279121818236,-0.2225209339563146
-0.005730669228098182,-0.005665732178300458,0.0028449494306480257,-0.005681828079570931,-1.853473508610336,0.75,0.7442434579648998,0.5000000000000003,-0.8660254037844385,-0.8486442574947509,0.5289640103269624,0.9749279121818236,-0.22252093395631434
-0.044060018186012274,0.0,-0.04058524083821508,-0.0028530662653855803,2.9287991906101705,0.75,0.7442883432829122,0.5000000000000003,-0.8660254037844385,-0.7247927872291207,0.6889669190756859,0.43388373911755823,-0.900968867902419
0.04979068741411059,0.005665732178300511,0.034887225142181455,0.011363747874334085,-3.8122919670675253,0.75,0.7443332286009247,0.5000000000000003,-0.8660254037844385,-0.5712682150947924,0.8207634412072763,-0.433883739117558,-0.9009688679024191
-0.03785025808982757,-0.00851068160894847,-0.03785025808982757,-0.014224977422775042,1.9124636968672766,0.75,0.7443781139189372,0.5000000000000003,-0.8660254037844385,-0.3943558551133187,0.9189578116202306,-0.9749279121818236,-0.2225209339563146
0.029241891798250312,0.008510681608948401,0.04354827378586113,0.002861229548440964,0.49876106744104,0.75,0.7445127698729745,1.2246467991473532e-16,-1.0,0.20129852008866006,0.9795299412524945,0.7818314824680298,0.6234898018587336
-0.008683114184629463,-0.011363747874334036,-0.00884579847974535,-0.011494368400598594,-0.7625544091348132,0.75,0.744557655190987,1.2246467991473532e-16,-1.0,0.39435585511331855,0.9189578116202306,0.9749279121818236,-0.22252093395631434
0.0014523970684628838,0.0056980156960335475,-0.011240940847021194,0.01434743466598412,1.0758341521921342,0.75,0.7446025405089995,1.2246467991473532e-16,-1.0,0.5712682150947923,0.8207634412072763,0.43388373911755823,-0.900968867902419
0.000725442831417962,0.002836878648922792,0.02008673932676642,0.0,0.13828000489962206,0.75,0.744647425827012,1.2246467991473532e-16,-1.0,0.72479278722912,0.6889669190756866,-0.433883739117558,-0.9009688679024191
-0.008008754536357163,-0.005681828079570931,-0.0028449494306480943,-0.020144546741592377,-1.51956702410549,0.75,0.7446923111450245,1.2246467991473532e-16,-1.0,0.8486442574947509,0.5289640103269624,-0.9749279121818236,-0.2225209339563146
-0.002928256916969667,0.005681828079570861,-0.004282691819163129,0.0201445467415923,2.685331282256784,0.75,0.7448269670990619,1.2246467991473532e-16,-1.0,0.9987165071710528,-0.05064916883871264,0.7818314824680298,0.6234898018587336
-0.0029368567943550963,-0.0028368786489228145,-0.013046038252770262,-0.025975461378068863,-0.32065334520498184,0.75,0.7448718524170744,1.2246467991473532e-16,-1.0,0.9680771188662043,-0.2506525322587204,0.9749279121818236,-0.22252093395631434
-0.023810696850553942,-0.011428684924131786,0.008744994578449428,0.014514028821105977,-1.8515783743383636,0.75,0.7449167377350869,1.2246467991473532e-16,-1.0,0.8978045395707416,-0.4403941515576344,0.43388373911755823,-0.900968867902419
0.03550672519835532,0.03390151970384086,-0.008658054402634622,0.031208176897660197,0.8602764040696557,0.75,0.7449616230530994,1.2246467991473532e-16,-1.0,0.7907757369376989,-0.6121059825476626,-0.433883739117558,-0.9009688679024191
0.008683114184629458,0.027399013566558723,0.014388723630732752,0.0,-0.04508787216811548,0.75,0.7450065083711118,1.2246467991473532e-16,-1.0,0.6513724827222223,-0.758758122692791,-0.9749279121818236,-0.2225209339563146
0.005747136743136235,-0.002706358978334304,0.01727846633070529,-0.02546104015452379,-2.092944358189782,0.75,0.7451411643251493,1.2246467991473532e-16,-1.0,0.10116832198743272,-0.994869323391895,0.7818314824680298,0.6234898018587336
-0.040941421577842294,-0.050010438798581545,-0.023009135558803386,-0.040941421577842294,1.113941076610322,0.75,0.7451860496431618,1.2246467991473532e-16,-1.0,-0.10116832198743204,-0.9948693233918952,0.9749279121818236,-0.22252093395631434
-0.07755823664167218,-0.05264375367949612,-0.044060018186012274,-0.06792727625442987,1.0850109939180654,0.75,0.7452309349611742,1.2246467991473532e-16,-1.0,-0.29936312297335776,-0.9541392564000489,0.43388373911755823,-0.900968867902419
0.0,-0.02739894833358027,-0.04590244550955977,-0.006410348654758466,-0.5940730978977102,0.75,0.7452758202791867,1.2246467991473532e-16,-1.0,-0.4853019625310808,-0.8743466161445822,-0.433883739117558,-0.9009688679024191
-0.026145255656358113,-0.03741985295842206,-0.018916355782442527,-0.029365867388841945,-0.1402138258175403,0.75,0.7453207055971992,1.2246467991473532e-16,-1.0,-0.6513724827222217,-0.7587581226927913,-0.9749279121818236,-0.2225209339563146
-0.00331674947862314,0.034328663350414124,-0.023011904803940275,0.042145658041861954,0.6436185723385762,0.75,0.7454553615512366,1.2246467991473532e-16,-1.0,-0.9680771188662041,-0.2506525322587213,0.7818314824680298,0.6234898018587336
0.016474821672361778,-0.009331318432827345,0.048009249721526925,-0.028987585848123526,-1.0323852679872416,0.75,0.7455002468692491,1.2246467991473532e-16,-1.0,-0.9987165071710528,-0.05064916883871355,0.9749279121818236,-0.22252093395631434
-0.013124915192492596,-0.03497976157411006,-0.04473592744204911,-0.009852287185835048,0.42658168343536734,0.75,0.7455451321872616,1.2246467991473532e-16,-1.0,-0.9884683243281114,0.15142777750457667,0.43388373911755823,-0.900968867902419
0.006567520797483715,0.009661902008877073,0.0032626425892958387,0.019608453053774177,-0.7810932049959288,0.75,0.7455900175052741,1.2246467991473532e-16,-1.0,-0.9377521321470804,0.3473052528448203,-0.433883739117558,-0.9009688679024191
-0.01993419595197219,0.022187969592592127,0.003252032360632719,-0.03624775621492008,1.9634361827702556,0.75,0.7456349028232866,1.2246467991473532e-16,-1.0,-0.8486442574947509,0.5289640103269624,-0.9749279121818236,-0.2225209339563146
-0.027178090260477655,-0.00944887997377034,0.025642482545709343,-0.02033966450955827,-0.9676847428232782,0.75,0.745769558777324,1.2246467991473532e-16,-1.0,-0.3943558551133187,0.9189578116202306,0.7818314824680298,0.6234898018587336
-0.07149342598641542,-0.028894514906342057,-0.05529866416828941,0.05009389744583511,1.3251422894631526,0.75,0.7458144440953365,1.2246467991473532e-16,-1.0,-0.20129852008866114,0.9795299412524943,0.9749279121818236,-0.22252093395631434
0.09867151624689312,0.004225591108597784,0.0,-0.006535964868773635,0.12186158794668385,0.75,0.745859329413349,-0.4999999999999997,-0.8660254037844388,0.20129852008866006,0.9795299412524945,0.43388373911755823,-0.900968867902419
-0.2290334000580804,-0.0009735587479650821,0.02965618162258006,-0.14815768528198564,-0.11433285226466054,0.75,0.7459042147313614,-0.4999999999999997,-0.8660254037844388,0.39435585511331855,0.9189578116202306,-0.433883739117558,-0.9009688679024191
0.09837419430409289,-0.11336498751774673,-0.16366547105089702,0.01883292972883958,-1.3588041035430896,0.75,0.7460837560034114,-0.4999999999999997,-0.8660254037844388,0.9377521321470804,0.3473052528448203,0.7818314824680298,0.6234898018587336
-0.11969694426026223,-0.0294860837103055,0.02081439982284476,-0.09381875667605079,0.9517704439560635,0.75,0.7461286413214238,-0.4999999999999997,-0.8660254037844388,0.9884683243281114,0.1514277775045767,0.9749279121818236,-0.22252093395631434
-0.00431965714062166,-0.11497796521886758,-0.13192760829684114,-0.050430905852555906,-0.04506371130353823,0.75,0.7461735266394363,-0.4999999999999997,-0.8660254037844388,0.9987165071710528,-0.05064916883871264,0.43388373911755823,-0.900968867902419
-0.04425496697220552,0.008368241322527527,-0.05715835989909313,-0.017391726485559075,-0.3123224943373051,0.75,0.7462184119574488,-0.4999999999999997,-0.8660254037844388,0.9680771188662043,-0.2506525322587204,-0.433883739117558,-0.9009688679024191
0.0,0.04879011686415906,0.04857462411282715,0.0,-0.07010810838521382,0.75,0.7462632972754613,-0.4999999999999997,-0.8660254037844388,0.8978045395707416,-0.4403941515576344,-0.9749279121818236,-0.2225209339563146
0.004514675980943794,-0.04049132225946989,-0.0042763092465174886,0.0,-0.7003571521473236,0.75,0.7463979532294986,-0.4999999999999997,-0.8660254037844388,0.48530196253108104,-0.8743466161445821,0.7818314824680298,0.6234898018587336
0.0,-0.020877664835286695,-0.021926038592647978,0.038714476441728506,-0.3900968321952694,0.75,0.7464428385475111,-0.4999999999999997,-0.8660254037844388,0.29936312297335804,-0.9541392564000488,0.9749279121818236,-0.22252093395631434
0.04405994813188323,0.020877664835286622,0.04942209520464477,0.00840350297664704,-0.30851576970762173,0.75,0.7464877238655236,-0.4999999999999997,-0.8660254037844388,0.10116832198743272,-0.994869323391895,0.43388373911755823,-0.900968867902419
0.004301077929864145,0.032523160179136756,0.018980667425976833,0.020704652919739504,-0.12453341208016204,0.75,0.7465326091835361,-0.4999999999999997,-0.8660254037844388,-0.10116832198743204,-0.9948693233918952,-0.433883739117558,-0.9009688679024191
-0.012959132630372643,0.0039920174700382215,0.020450590527956513,-0.05908896055306461,1.070040157041231,0.75,0.7465774945015486,-0.4999999999999997,-0.8660254037844388,-0.29936312297335776,-0.9541392564000489,-0.9749279121818236,-0.2225209339563146
-0.08149306750069886,-0.0616211747575971,-0.09328794600664585,-0.004357301294971973,0.2363702309522471,0.75,0.746712150455586,-0.4999999999999997,-0.8660254037844388,-0.7907757369376986,-0.6121059825476627,0.7818314824680298,0.6234898018587336
0.0550598354220685,0.17095782556466338,-0.004454346091905699,0.042741608928297134,0.9445118398067068,0.75,0.7467570357735985,-0.4999999999999997,-0.8660254037844388,-0.8978045395707417,-0.44039415155763423,0.9749279121818236,-0.22252093395631434
0.022075930783658302,-0.09352605968042144,0.039392364709002974,0.012515440916356091,-0.511508036044629,0.75,0.746801921091611,-0.4999999999999997,-0.8660254037844388,-0.9680771188662041,-0.2506525322587213,0.43388373911755823,-0.900968867902419
0.05521577078693671,0.027080933622426688,0.05429313061774465,0.04835521525921748,-0.14831114868506637,0.75,0.7468468064096234,-0.4999999999999997,-0.8660254037844388,-0.9987165071710528,-0.05064916883871355,-0.433883739117558,-0.9009688679024191
-0.01247416185863973,0.003809615610064452,0.0359319750196674,-0.02798644542132991,-0.8894731074097232,0.75,0.7468916917276359,-0.4999999999999997,-0.8660254037844388,-0.9884683243281114,0.15142777750457667,-0.9749279121818236,-0.2225209339563146
-0.08739183987990588,-0.020746091086816933,-0.056466557353881626,-0.11572023855193579,0.6805248761845782,0.75,0.7470263476816734,-0.4999999999999997,-0.8660254037844388,-0.7247927872291207,0.6889669190756859,0.7818314824680298,0.6234898018587336
0.01360563881520608,-0.11768599770843086,-0.06869656690062781,0.022472834177642478,-1.2481419426835012,0.75,0.7470712329996858,-0.4999999999999997,-0.8660254037844388,-0.5712682150947924,0.8207634412072763,0.9749279121818236,-0.22252093395631434
-0.009049826732992521,0.008695698854858828,0.003992049132531627,0.004434592848067803,0.025504986272155014,0.75,0.7471161183176983,-0.4999999999999997,-0.8660254037844388,-0.3943558551133187,0.9189578116202306,0.43388373911755823,-0.900968867902419
0.009049826732992556,0.01716778781124057,-0.01741505657718167,0.013186991843684803,0.7154156359616113,0.75,0.7471610036357108,-0.4999999999999997,-0.8660254037844388,-0.20129852008866114,0.9795299412524943,-0.433883739117558,-0.9009688679024191
0.0,-0.004264394884352925,0.013423007444649979,-0.01762158469175275,-0.4640606570024895,0.75,0.7472058889537233,-0.4999999999999997,-0.8660254037844388,-2.4492935982947064e-16,1.0,-0.9749279121818236,-0.2225209339563146
-0.11441035443216101,0.008298810393162477,-0.017937683425593903,-0.00892862219116849,1.6006569231808898,0.75,0.7473405449077607,-0.8660254037844385,-0.5000000000000004,0.5712682150947923,0.8207634412072763,0.7818314824680298,0.6234898018587336
0.0785497084485615,0.012843706753387899,0.0,0.06929181581121821,-2.0186612909995247,0.75,0.7473854302257732,-0.8660254037844385,-0.5000000000000004,0.72479278722912,0.6889669190756866,0.9749279121818236,-0.22252093395631434
0.03586064598359955,0.0,0.07830087704564367,-0.06481753971195535,-0.23273932745581832,0.75,0.7474303155437857,-0.8660254037844385,-0.5000000000000004,0.8486442574947509,0.5289640103269624,0.43388373911755823,-0.900968867902419
-0.05556990945536514,0.0,-0.09196850241281149,0.022075930783658302,0.8342945085231374,0.75,0.7474752008617982,-0.8660254037844385,-0.5000000000000004,0.9377521321470804,0.3473052528448203,-0.433883739117558,-0.9009688679024191
0.022134254227091078,-0.03838430763332513,-0.01525335388016218,-0.01762158469175275,-2.644173399514237,0.75,0.7475200861798106,-0.8660254037844385,-0.5000000000000004,0.9884683243281114,0.1514277775045767,-0.9749279121818236,-0.2225209339563146
-0.06593683621706874,-0.06280084077055076,-0.02213425422709116,-0.05012433816192738,3.4380540779600643,0.75,0.7476547421338481,-0.8660254037844385,-0.5000000000000004,0.8978045395707416,-0.4403941515576344,0.7818314824680298,0.6234898018587336
0.00995038839964403,0.040821954783826074,-0.03385219359033351,0.023095691902071138,-2.055256515008235,0.75,0.7476996274518606,-0.8660254037844385,-0.5000000000000004,0.7907757369376989,-0.6121059825476626,0.9749279121818236,-0.22252093395631434
-0.06623123210193169,-0.04082195478382607,-0.06623123210193169,-0.05635299492905153,1.2552619285630067,0.75,0.747744512769873,-0.8660254037844385,-0.5000000000000004,0.6513724827222223,-0.758758122692791,0.43388373911755823,-0.900968867902419
0.07598589626591898,0.027398947339175996,0.07598589626591898,0.042559686405081565,-1.1651971140864865,0.75,0.7477893980878855,-0.8660254037844385,-0.5000000000000004,0.48530196253108104,-0.8743466161445821,-0.433883739117558,-0.9009688679024191
-0.06551460620201918,0.1463986641598844,0.02409752942634625,0.14618247044165245,2.3138928696447123,0.75,0.747834283405898,-0.8660254037844385,-0.5000000000000004,0.29936312297335804,-0.9541392564000488,-0.9749279121818236,-0.2225209339563146
0.26396556818620687,0.015444308209867733,0.17435343255784153,0.03536711069802877,0.22529359113825856,0.75,0.7479689393599355,-0.8660254037844385,-0.5000000000000004,-0.29936312297335776,-0.9541392564000489,0.7818314824680298,0.6234898018587336
0.01980260859668314,0.007633708561898423,0.023716504265574045,-0.01165060643245484,-0.4427783876806899,0.75,0.7480138246779479,-0.8660254037844385,-0.5000000000000004,-0.4853019625310808,-0.8743466161445822,0.9749279121818236,-0.22252093395631434
-0.035931975019667446,-0.01532604713114537,0.011612035268537584,-0.034656117670508295,0.009416353221155752,0.75,0.7480587099959604,-0.8660254037844385,-0.5000000000000004,-0.6513724827222217,-0.7587581226927913,0.43388373911755823,-0.900968867902419
-0.02469258836084179,-0.02739894861769571,-0.0637279865837102,0.010939613404934326,-1.3684707412617174,0.75,0.7481035953139729,-0.8660254037844385,-0.5000000000000004,-0.7907757369376986,-0.6121059825476627,-0.433883739117558,-0.9009688679024191
-0.004175367253950448,0.061557925477680665,0.012270080626614402,-0.024292669118037107,1.4169930936243513,0.75,0.7481484806319854,-0.8660254037844385,-0.5000000000000004,-0.8978045395707417,-0.44039415155763423,-0.9749279121818236,-0.2225209339563146
-0.1293561105200649,-0.16164138901416578,-0.12083645802760379,-0.06786644794094182,-0.4498204405232852,0.75,0.7482831365860227,-0.8660254037844385,-0.5000000000000004,-0.9884683243281114,0.15142777750457667,0.7818314824680298,0.6234898018587336
-0.009569442282869082,-0.02666822164632427,-0.04695705039012244,-0.054023353382673514,-1.076568296850545,0.75,0.7483280219040352,-0.8660254037844385,-0.5000000000000004,-0.9377521321470804,0.3473052528448203,0.9749279121818236,-0.22252093395631434
-0.0342331397071085,-0.03203932227516341,0.033100029463070925,-0.05226849154253539,2.627190911065154,0.75,0.7483729072220477,-0.8660254037844385,-0.5000000000000004,-0.8486442574947509,0.5289640103269624,0.43388373911755823,-0.900968867902419
-0.056280843702287635,-0.07232070593657004,-0.07232070593657004,-0.06031979415042086,-0.5933448981050707,0.75,0.7484177925400602,-0.8660254037844385,-0.5000000000000004,-0.7247927872291207,0.6889669190756859,-0.433883739117558,-0.9009688679024191
-0.04852705995982776,0.02955877446462218,-0.05129330693589688,0.05051580322044031,0.39971881447897367,0.75,0.7484626778580726,-0.8660254037844385,-0.5000000000000004,-0.5712682150947924,0.8207634412072763,-0.9749279121818236,-0.2225209339563146
0.04852705995982779,0.0,0.05129330693589695,-0.019901135431252465,0.01714426762409293,0.75,0.7485973338121101,-0.8660254037844385,-0.5000000000000004,-2.4492935982947064e-16,1.0,0.7818314824680298,0.6234898018587336
0.025975523404794403,0.004842620002853491,0.02469258933002205,0.03457131149583329,-0.20314939638167448,0.75,0.7486422191301226,-1.0,-1.8369701987210297e-16,0.20129852008866006,0.9795299412524945,0.9749279121818236,-0.22252093395631434
0.04020638193114407,0.042559686405081565,0.009708805137453721,-0.009756165867939072,-0.6852959447846595,0.75,0.748687104448135,-1.0,-1.8369701987210297e-16,0.39435585511331855,0.9189578116202306,0.43388373911755823,-0.900968867902419
-0.03000222168713061,-0.03774040439905813,-0.044451720687903346,-0.034916231883772283,-1.62392108417175,0.75,0.7487319897661475,-1.0,-1.8369701987210297e-16,0.5712682150947923,0.8207634412072763,-0.433883739117558,-0.9009688679024191
-0.010204160244013445,0.033100029463070925,0.01005032622042762,0.08277232078154519,1.384757314760023,0.75,0.74877687508416,-1.0,-1.8369701987210297e-16,0.72479278722912,0.6889669190756866,-0.9749279121818236,-0.2225209339563146
0.0,-0.014051851794160847,0.05826885414240924,-0.06765869749445606,-0.6417780608954609,0.75,0.7489564163562099,-1.0,-1.8369701987210297e-16,0.9987165071710528,-0.05064916883871264,0.9749279121818236,-0.22252093395631434
0.0,-0.058268854142409246,-0.08358663767351181,-0.020202687854778488,-1.2096829777307219,0.75,0.7490013016742224,-1.0,-1.8369701987210297e-16,0.9680771188662043,-0.2506525322587204,0.43388373911755823,-0.900968867902419
0.0,0.0953102014787409,0.12062798500984344,0.03015300926562662,1.3182078579169298,0.75,0.7490461869922349,-1.0,-1.8369701987210297e-16,0.8978045395707416,-0.4403941515576344,-0.433883739117558,-0.9009688679024191
-0.010309421289296308,-0.060908807011265165,-0.060908807011265165,-0.014962858442059175,-1.3504596717739226,0.75,0.7490910723102474,-1.0,-1.8369701987210297e-16,0.7907757369376989,-0.6121059825476626,-0.9749279121818236,-0.2225209339563146
-0.015666102115498,-0.044451720687903346,-0.0648605724571028,-0.025446640958415936,0.8867581513210266,0.75,0.7492257282642848,-1.0,-1.8369701987210297e-16,0.29936312297335804,-0.9541392564000488,0.7818314824680298,0.6234898018587336
0.0,-0.015267457310675045,-0.02083412894626986,-0.010362838882370162,-0.2746933617516454,0.75,0.7492706135822973,-1.0,-1.8369701987210297e-16,0.10116832198743272,-0.994869323391895,0.9749279121818236,-0.22252093395631434
0.0,0.0,0.00524935095878255,0.010362838882370154,0.9976865980243799,0.75,0.7493154989003098,-1.0,-1.8369701987210297e-16,-0.10116832198743204,-0.9948693233918952,0.43388373911755823,-0.900968867902419
-0.015915440207621832,0.015267457310675036,-0.021164791166404406,0.02040885176919942,-1.6280160788383458,0.75,0.7493603842183222,-1.0,-1.8369701987210297e-16,-0.29936312297335776,-0.9541392564000489,-0.433883739117558,-0.9009688679024191
0.005333340889063316,0.005037789189216557,0.01063838808628069,-0.025576878599971216,0.9817903294912768,0.75,0.7494052695363347,-1.0,-1.8369701987210297e-16,-0.4853019625310808,-0.8743466161445822,-0.9749279121818236,-0.2225209339563146
-0.005333340889063379,0.0,0.015748342185240974,0.0,0.22732164144210829,0.75,0.7495399254903722,-1.0,-1.8369701987210297e-16,-0.8978045395707417,-0.44039415155763423,0.7818314824680298,0.6234898018587336
-0.00536193800039486,-0.0101010862558781,-0.01569542475222363,0.020513581533309774,-1.774367726516186,0.75,0.7495848108083846,-1.0,-1.8369701987210297e-16,-0.9680771188662041,-0.2506525322587213,0.9749279121818236,-0.22252093395631434
0.01600032608667546,-0.015345554702537852,0.026058263634593654,-0.015345554702537852,-0.02038517242157468,0.75,0.7496296961263971,-1.0,-1.8369701987210297e-16,-0.9987165071710528,-0.05064916883871355,0.43388373911755823,-0.900968867902419
0.010526403080123732,0.07924929674599522,0.0,0.030459177989626992,2.1208056207368524,0.75,0.7496745814444096,-1.0,-1.8369701987210297e-16,-0.9884683243281114,0.15142777750457667,-0.433883739117558,-0.9009688679024191
0.035993629756686685,-0.04380258198997753,0.030459177989626992,0.0,-1.9678473691325666,0.75,0.7497194667624221,-1.0,-1.8369701987210297e-16,-0.9377521321470804,0.3473052528448203,-0.9749279121818236,-0.2225209339563146
-0.005063297066661577,0.03423313970710848,-0.010050326220427584,0.02469258933002205,2.026026605760927,0.75,0.7498541227164595,-1.0,-1.8369701987210297e-16,-0.5712682150947924,0.8207634412072763,0.7818314824680298,0.6234898018587336
0.0,-0.009661902008876995,0.034742915550449546,-0.02970512636123311,-1.166436437562027,0.75,0.749899008034472,-1.0,-1.8369701987210297e-16,-0.3943558551133187,0.9189578116202306,0.9749279121818236,-0.22252093395631434
0.00506329706666151,0.013500743313739925,-0.01970505256363134,0.044233213504710225,-0.12438685565086662,0.75,0.7499438933524845,-1.0,-1.8369701987210297e-16,-0.20129852008866114,0.9795299412524943,0.43388373911755823,-0.900968867902419
0.029852934817110828,0.022728184362640586,0.043802581989977565,-0.0194180678768161,-0.37146167402078456,0.75,0.749988778670497,-0.866025403784439,0.49999999999999933,0.20129852008866006,0.9795299412524945,-0.433883739117558,-0.9009688679024191
-0.014815071830292448,-0.016997583384634404,-0.04380258198997753,0.009756165867939136,-1.3861388763959515,0.75,0.7500336639885095,-0.866025403784439,0.49999999999999933,0.39435585511331855,0.9189578116202306,-0.9749279121818236,-0.2225209339563146
0.009901061633650749,0.032789903394554135,0.014815071830292343,0.035760687189161845,1.5075263896413351,0.75,0.7501683199425468,-0.866025403784439,0.49999999999999933,0.8486442574947509,0.5289640103269624,0.7818314824680298,0.6234898018587336
-0.004938276989193394,0.0,0.04785608889777288,0.0023392358406720136,0.3885669490206283,0.75,0.7502132052605593,-0.866025403784439,0.49999999999999933,0.9377521321470804,0.3473052528448203,0.9749279121818236,-0.22252093395631434
0.034066522938610365,-0.00925931621435231,0.0014475117620325983,-0.009389843352046762,-0.9303019630147776,0.75,0.7502580905785718,-0.866025403784439,0.49999999999999933,0.9884683243281114,0.1514277775045767,0.43388373911755823,-0.900968867902419
-0.06933462788056097,0.0,-0.005005267034098501,-0.08358663767351181,1.2224794719081156,0.75,0.7503029758965842,-0.866025403784439,0.49999999999999933,0.9987165071710528,-0.05064916883871264,-0.433883739117558,-0.9009688679024191
0.005115095676324177,-0.04762811660654799,-0.07415126844281783,0.030305320297493388,-0.1765237136951057,0.75,0.7503478612145967,-0.866025403784439,0.49999999999999933,0.9680771188662043,-0.2506525322587204,-0.9749279121818236,-0.2225209339563146
-0.005115095676324061,-0.024692589330022063,0.005037789189216557,-0.03030532029749326,-0.16729609455650174,0.75,0.7504825171686342,-0.866025403784439,0.49999999999999933,0.6513724827222223,-0.758758122692791,0.7818314824680298,0.6234898018587336
-0.02072617244601174,0.07232070593657008,-0.04103141894590327,0.06453846000460185,0.9348779757409269,0.75,0.7505274024866466,-0.866025403784439,0.49999999999999933,0.48530196253108104,-0.8743466161445821,0.9749279121818236,-0.22252093395631434
0.035993629756686685,0.0,0.06093255437715577,-0.04927100269392679,-0.9533363741743237,0.75,0.7505722878046591,-0.866025403784439,0.49999999999999933,0.29936312297335804,-0.9541392564000488,0.43388373911755823,-0.900968867902419
-0.019893558013947574,-0.02830386158711171,-0.04483248263441655,0.01503786298681836,0.886525177491629,0.75,0.7506171731226716,-0.866025403784439,0.49999999999999933,0.10116832198743272,-0.994869323391895,-0.433883739117558,-0.9009688679024191
0.03488171957406958,0.028303861587111727,0.03488171957406958,0.06733316917017933,-0.15101872309254197,0.75,0.7506620584406841,-0.866025403784439,0.49999999999999933,-0.10116832198743204,-0.9948693233918952,-0.9749279121818236,-0.2225209339563146
0.00004970142669631415,0.06744121570653805,0.06272086215476146,0.03653370752864489,0.5127534877437583,0.75,0.7507967143947215,-0.866025403784439,0.49999999999999933,-0.6513724827222217,-0.7587581226927913,0.7818314824680298,0.6234898018587336
0.12604071309166703,0.05908896055306459,0.0633695523636018,0.05665998056143593,0.23166778579051295,0.75,0.750841599712734,-0.866025403784439,0.49999999999999933,-0.7907757369376986,-0.6121059825476627,0.9749279121818236,-0.22252093395631434
-0.054067168985500305,0.08632809230466536,0.05129334667232602,-0.004246287012415234,0.03767952107516348,0.75,0.7508864850307465,-0.866025403784439,0.49999999999999933,-0.8978045395707417,-0.44039415155763423,0.43388373911755823,-0.900968867902419
0.0,-0.0344202821292203,0.033595955031960174,-0.08430702614167826,-0.4183274481335293,0.75,0.750931370348759,-0.866025403784439,0.49999999999999933,-0.9680771188662041,-0.2506525322587213,-0.433883739117558,-0.9009688679024191
0.004618941278365039,0.0,-0.1251631621658167,0.022884271358232112,-0.02373467705562298,0.75,0.7509762556667714,-0.866025403784439,0.49999999999999933,-0.9987165071710528,-0.05064916883871355,-0.9749279121818236,-0.2225209339563146
0.03397826750743857,-0.06427908981460652,0.04465023095160892,0.05287570204269114,0.561707476797608,0.75,0.7511109116208089,-0.866025403784439,0.49999999999999933,-0.8486442574947509,0.5289640103269624,0.7818314824680298,0.6234898018587336
-0.015712937427571433,-0.004158006026627518,0.04691697618224758,-0.03493801861709739,-0.6942387986020688,0.75,0.7511557969388214,-0.866025403784439,0.49999999999999933,-0.7247927872291207,0.6889669190756859,0.9749279121818236,-0.22252093395631434
-0.06544395776331381,-0.036059064834871035,-0.036059064834871035,-0.059514181513974265,0.3821283918107378,0.75,0.7512006822568338,-0.866025403784439,0.49999999999999933,-0.5712682150947924,0.8207634412072763,0.43388373911755823,-0.900968867902419
0.0,-0.04190250348377926,-0.04190250348377926,0.004705998747108145,0.26579632826842486,0.75,0.7512455675748463,-0.866025403784439,0.49999999999999933,-0.3943558551133187,0.9189578116202306,-0.433883739117558,-0.9009688679024191
-0.021978827373891775,-0.013605638815206152,-0.03203932227516341,0.02777953650700982,-1.0453283231708739,0.75,0.7512904528928588,-0.866025403784439,0.49999999999999933,-0.20129852008866114,0.9795299412524943,-0.9749279121818236,-0.2225209339563146
0.036367551662784325,0.009090962834262329,0.018433683459957093,-0.004576662532905611,-0.42952019107152556,0.75,0.7514251088468963,-0.5000000000000012,0.8660254037844379,0.39435585511331855,0.9189578116202306,0.7818314824680298,0.6234898018587336
0.0,-0.004535150752048731,-0.002285767596772526,-0.03263700965321147,1.832577896453978,0.75,0.7514699941649087,-0.5000000000000012,0.8660254037844379,0.5712682150947923,0.8207634412072763,0.9749279121818236,-0.22252093395631434
0.014184734133149192,-0.009132474615119266,-0.025493768910237243,0.014117980284045808,-0.5132924796344638,0.75,0.7515148794829212,-0.5000000000000012,0.8660254037844379,0.72479278722912,0.6889669190756866,0.43388373911755823,-0.900968867902419
-0.018910097818257733,-0.004597704712699258,0.013986227983039808,0.009302383378101268,-0.25767625974432967,0.75,0.7515597648009337,-0.5000000000000012,0.8660254037844379,0.8486442574947509,0.5289640103269624,-0.433883739117558,-0.9009688679024191
0.03294257351920463,0.0754236899789603,0.004618941278365039,0.027398947339175996,-0.8322245314583591,0.75,0.7516046501189462,-0.5000000000000012,0.8660254037844379,0.9377521321470804,0.3473052528448203,-0.9749279121818236,-0.2225209339563146
0.011461293209290442,-0.03922067647349926,0.035758502493632854,0.004494385253481471,0.9068017239769228,0.75,0.7517393060729836,-0.5000000000000012,0.8660254037844379,0.9680771188662043,-0.2506525322587204,0.7818314824680298,0.6234898018587336
-0.030199767657345538,0.0,-0.004009835080077433,0.0,-1.5115204945766676,0.75,0.7517841913909961,-0.5000000000000012,0.8660254037844379,0.8978045395707416,-0.4403941515576344,0.9749279121818236,-0.22252093395631434
0.01869222673014823,0.026317283546611638,-0.018018488085736913,-0.027274391314292535,0.7310365301680287,0.75,0.7518290767090086,-0.5000000000000012,0.8660254037844379,0.7907757369376989,-0.6121059825476626,0.43388373911755823,-0.900968867902419
-0.021100678346432183,-0.0043383975598869666,0.0444517201643673,0.009174367245604971,0.17701683694869264,0.75,0.7518739620270211,-0.5000000000000012,0.8660254037844379,0.6513724827222223,-0.758758122692791,-0.433883739117558,-0.9009688679024191
-0.021459008058649434,-0.026433232078630325,-0.030907508177893207,-0.013793308523969885,0.4329008684850499,0.75,0.7519188473450334,-0.5000000000000012,0.8660254037844379,0.48530196253108104,-0.8743466161445821,-0.9749279121818236,-0.2225209339563146
-0.024451073056627675,-0.02257430016795056,-0.045879560575697406,-0.004640374935987326,-0.4470301630097242,0.75,0.752053503299071,-0.5000000000000012,0.8660254037844379,-0.10116832198743204,-0.9948693233918952,0.7818314824680298,0.6234898018587336
-0.04040949940047514,-0.018433683459957186,-0.03828226355949545,0.0,0.8686181335019021,0.75,0.7520983886170834,-0.5000000000000012,0.8660254037844379,-0.29936312297335776,-0.9541392564000489,0.9749279121818236,-0.22252093395631434
0.07208087097635647,0.08040034833691077,0.04296610816443407,0.03653370752864489,0.0670024601794214,0.75,0.7521432739350958,-0.5000000000000012,0.8660254037844379,-0.4853019625310808,-0.8743466161445822,0.43388373911755823,-0.900968867902419
-0.007220298519253685,-0.02169280441542303,0.0633695523636018,-0.041195715970758905,0.4837179023295225,0.75,0.7521881592531083,-0.5000000000000012,0.8660254037844379,-0.6513724827222217,-0.7587581226927913,-0.433883739117558,-0.9009688679024191
0.024433431177175866,-0.022173836392842834,-0.054067168985500305,0.02765150398428485,-1.3339921623604578,0.75,0.7522330445711208,-0.5000000000000012,0.8660254037844379,-0.7907757369376986,-0.6121059825476627,-0.9749279121818236,-0.2225209339563146
-0.01961414917115239,0.03956556287840174,0.004618941278365039,0.009049826732992556,0.8355002147596278,0.75,0.7523677005251582,-0.5000000000000012,0.8660254037844379,-0.9987165071710528,-0.05064916883871355,0.7818314824680298,0.6234898018587336
0.0606246757572904,0.09452618356727613,0.018265330079867182,0.11878352310247625,0.7249203236074632,0.75,0.7524125858431707,-0.5000000000000012,0.8660254037844379,-0.9884683243281114,0.15142777750457667,0.9749279121818236,-0.22252093395631434
0.07830087704564367,0.33085424958445353,0.12729021655345832,-0.04499732203777661,1.5468916572304003,0.75,0.7524574711611832,-0.5000000000000012,0.8660254037844379,-0.9377521321470804,0.3473052528448203,0.43388373911755823,-0.900968867902419
0.0,-0.27369579938437305,0.003976144610294784,0.0994855470582754,-2.233872784524769,0.75,0.7525472417972082,-0.5000000000000012,0.8660254037844379,-0.7247927872291207,0.6889669190756859,-0.9749279121818236,-0.2225209339563146
0.12195838083454029,0.08787516812823135,0.06899289671643062,0.05884044325660578,0.15030208406618645,0.75,0.7526818977512456,-0.5000000000000012,0.8660254037844379,-0.20129852008866114,0.9795299412524943,0.7818314824680298,0.6234898018587336
0.011049825512574631,0.09752803754249603,0.011049825512574631,0.1050032923086368,0.5329960245329509,0.75,0.7527267830692581,-2.4492935982947064e-16,1.0,0.20129852008866006,0.9795299412524945,0.9749279121818236,-0.22252093395631434
0.06422936978286646,-0.05372542412692478,0.10755588668629051,-0.01948111747458135,-1.5902491317832317,0.75,0.7527716683872706,-2.4492935982947064e-16,1.0,0.39435585511331855,0.9189578116202306,0.43388373911755823,-0.900968867902419
-0.04608006855526374,-0.009787997229406386,0.0,-0.0713375530342741,0.40179500853244354,0.75,0.752816553705283,-2.4492935982947064e-16,1.0,0.5712682150947923,0.8207634412072763,-0.433883739117558,-0.9009688679024191
0.003948997506319667,-0.023218268067503114,-0.07158081817362931,-0.0070671606737855944,0.24789786779585388,0.75,0.7528614390232955,-2.4492935982947064e-16,1.0,0.72479278722912,0.6889669190756866,-0.9749279121818236,-0.2225209339563146
0.0032552473818446264,0.010016768674619233,-0.010621522396893993,0.00353982341889929,-0.8785747802822871,0.75,0.752996094977333,-2.4492935982947064e-16,1.0,0.9884683243281114,0.1514277775045767,0.7818314824680298,0.6234898018587336
-0.0144244860255437,-0.06166339089627658,0.010621522396893929,-0.025046008422437746,-0.5091158427713075,0.75,0.7530409802953455,-2.4492935982947064e-16,1.0,0.9987165071710528,-0.05064916883871264,0.9749279121818236,-0.22252093395631434
0.007220241137379365,0.044912596527305074,-0.017825767285058483,0.010810905886807217,0.17760024579002281,0.75,0.7530858656133579,-2.4492935982947064e-16,1.0,0.9680771188662043,-0.2506525322587204,0.43388373911755823,-0.900968867902419
-0.07854504447953309,-0.048452419946204466,0.0035906647494279758,-0.05526262526587029,0.5544309564612363,0.75,0.7531307509313704,-2.4492935982947064e-16,1.0,0.8978045395707416,-0.4403941515576344,-0.433883739117558,-0.9009688679024191
-0.007812532460724839,-0.0287789373967132,-0.06979959607857779,-0.034685616423815666,-1.0632866576520201,0.75,0.7531756362493829,-2.4492935982947064e-16,1.0,0.7907757369376989,-0.6121059825476626,-0.9749279121818236,-0.2225209339563146
-0.06479993063445975,-0.05630008130835821,-0.020148645611108032,-0.003929274458886312,1.8809225415072297,0.75,0.7533102922034203,-2.4492935982947064e-16,1.0,0.29936312297335804,-0.9541392564000488,0.7818314824680298,0.6234898018587336
0.04299527349899913,0.034158976859985,-0.003929274458886312,0.053652753420216845,-0.3721077668201765,0.75,0.7533551775214328,-2.4492935982947064e-16,1.0,0.10116832198743272,-0.994869323391895,0.9749279121818236,-0.22252093395631434
0.0350499453969819,0.033030493881343125,0.053652753420216845,-0.011257143446328595,-1.5023735285841961,0.75,0.7534000628394453,-2.4492935982947064e-16,1.0,-0.10116832198743204,-0.9948693233918952,0.43388373911755823,-0.900968867902419
-0.009292277808615393,-0.0293060984282184,-0.04577046850842469,-0.0037807190911864,2.4188071723534113,0.75,0.7534449481574578,-2.4492935982947064e-16,1.0,-0.29936312297335776,-0.9541392564000489,-0.433883739117558,-0.9009688679024191
-0.015747721328575912,0.011090675941079061,0.011920375513416662,0.029852933931718787,-1.0186015595050169,0.75,0.7534898334754703,-2.4492935982947064e-16,1.0,-0.4853019625310808,-0.8743466161445822,-0.9749279121818236,-0.2225209339563146
-0.020080467372193486,0.010969020852107304,-0.027707832482672504,0.007326033054169503,0.18930650696385373,0.75,0.7536244894295077,-2.4492935982947064e-16,1.0,-0.8978045395707417,-0.44039415155763423,0.7818314824680298,0.6234898018587336
0.08536018854620046,0.04271107821816471,0.09819202345660814,0.0,-1.5975701811420104,0.75,0.7536693747475202,-2.4492935982947064e-16,1.0,-0.9680771188662041,-0.2506525322587213,0.9749279121818236,-0.22252093395631434
-0.025259685515427687,-0.028270407736120565,-0.05813225215734878,0.0036429877979378892,0.6462418233149512,0.75,0.7537142600655327,-2.4492935982947064e-16,1.0,-0.9987165071710528,-0.05064916883871355,0.43388373911755823,-0.900968867902419
-0.012660822681563601,-0.01444067048204418,0.04728224642473243,-0.05608950333082567,-0.4466147597863232,0.75,0.753759145383545,-2.4492935982947064e-16,1.0,-0.9884683243281114,0.15142777750457667,-0.433883739117558,-0.9009688679024191
-0.01165060643245484,0.0,-0.04082195478382607,0.02656709263901491,0.7680422783051335,0.75,0.753938686655595,-2.4492935982947064e-16,1.0,-0.5712682150947924,0.8207634412072763,0.7818314824680298,0.6234898018587336
0.045809583292439726,0.018018488472779662,0.015037862537514834,0.04396308117385507,0.747799646907266,0.75,0.7539835719736074,-2.4492935982947064e-16,1.0,-0.3943558551133187,0.9189578116202306,0.9749279121818236,-0.22252093395631434
0.007471969584998612,0.028170933733023967,0.040224762728355366,0.03174875172375942,-1.543696156963644,0.75,0.7540284572916199,-2.4492935982947064e-16,1.0,-0.20129852008866114,0.9795299412524943,0.43388373911755823,-0.900968867902419
-0.0225098321225137,0.003466204539078954,0.010695279116731049,-0.003478343987639026,1.0698749196879633,0.75,0.7540733426096324,-2.4492935982947064e-16,1.0,-2.4492935982947064e-16,1.0,-0.433883739117558,-0.9009688679024191
0.07302506505638691,-0.0034662045390789404,0.007067160673785595,0.003478343987639033,-1.1293387932332033,0.7666666666666666,0.7542528838816823,0.49999999999999994,0.8660254037844387,0.72479278722912,0.6889669190756866,0.7818314824680298,0.6234898018587336
0.007017566200938237,0.03748305670785763,0.007017566200938237,0.02061926692904748,0.8339489507144938,0.7666666666666666,0.7542977691996948,0.49999999999999994,0.8660254037844387,0.8486442574947509,0.5289640103269624,0.9749279121818236,-0.22252093395631434
-0.03922067647349926,-0.023689748183887794,0.017331522526503555,-0.041672739536076024,-0.6834863677968944,0.7666666666666666,0.7543426545177073,0.49999999999999994,0.8660254037844387,0.9377521321470804,0.3473052528448203,0.43388373911755823,-0.900968867902419
-0.05225073053704914,-0.049132724997157366,-0.10116922097515336,-0.0287789373967132,-0.07173549180009152,0.7666666666666666,0.7543875398357198,0.49999999999999994,0.8660254037844387,0.9884683243281114,0.1514277775045767,-0.433883739117558,-0.9009688679024191
0.03759846782655231,0.01428594386615902,0.029964759264653803,-0.007326033054169456,0.1387734317474688,0.7666666666666666,0.7544324251537322,0.49999999999999994,0.8660254037844387,0.9987165071710528,-0.05064916883871264,-0.9749279121818236,-0.2225209339563146
-0.04722312625054134,-0.043485070606336544,-0.0036968582970643505,-0.01481507139420387,0.42605417333045137,0.7666666666666666,0.7545670811077697,0.49999999999999994,0.8660254037844387,0.7907757369376989,-0.6121059825476626,0.7818314824680298,0.6234898018587336
-0.053637478698065136,-0.03581910814371279,-0.04159394809873487,-0.07353410512553517,0.8746509580971938,0.7666666666666666,0.7546119664257822,0.49999999999999994,0.8660254037844387,0.6513724827222223,-0.758758122692791,0.9749279121818236,-0.22252093395631434
-0.004089981263258574,-0.04114195065305087,-0.0393751282655503,-0.020284651550515627,-0.6884339864113668,0.7666666666666666,0.7546568517437946,0.49999999999999994,0.8660254037844387,0.48530196253108104,-0.8743466161445821,0.43388373911755823,-0.900968867902419
-0.03333648816952178,0.007968162080333152,-0.016194670287256973,0.03226083119837014,-1.5108957030857142,0.7666666666666666,0.7547017370618071,0.49999999999999994,0.8660254037844387,0.29936312297335804,-0.9541392564000488,-0.433883739117558,-0.9009688679024191
-0.017094417683034165,-0.011976179647854582,0.016194670287257,-0.06984360638030718,1.5463843884280846,0.7666666666666666,0.7547466223798196,0.49999999999999994,0.8660254037844387,0.10116832198743272,-0.994869323391895,-0.9749279121818236,-0.2225209339563146
0.004301077929864145,-0.020284651550515627,-0.020284651550515627,0.0042462870124152785,-0.15187496768538744,0.7666666666666666,0.7549261636518695,0.49999999999999994,0.8660254037844387,-0.6513724827222217,-0.7587581226927913,0.9749279121818236,-0.22252093395631434
-0.03493801861709739,0.03226083119837014,-0.05908896055306461,0.01680720250373278,-0.05094412823006832,0.7666666666666666,0.754971048969882,0.49999999999999994,0.8660254037844387,-0.7907757369376986,-0.6121059825476627,0.43388373911755823,-0.900968867902419
0.06453856087400014,-0.04879011686415913,0.042559674887275516,0.0,-9.599133945796375,0.7666666666666666,0.7550159342878945,0.49999999999999994,0.8660254037844387,-0.8978045395707417,-0.44039415155763423,-0.433883739117558,-0.9009688679024191
-0.008368241322527534,0.07618906548185483,0.03278979077748378,0.02061926692904748,9.65033572298117,0.7666666666666666,0.755060819605907,0.49999999999999994,0.8660254037844387,-0.9680771188662041,-0.2506525322587213,-0.9749279121818236,-0.2225209339563146
0.02898750825157504,0.059943069106296105,-0.012170523848436116,0.051701325342852315,-0.4002939841534349,0.7666666666666666,0.7551954755599444,0.49999999999999994,0.8660254037844387,-0.9377521321470804,0.3473052528448203,0.7818314824680298,0.6234898018587336
-0.02856745889110212,-0.0183491210075612,-0.0243763419819482,-0.03550665505559542,0.90777790647862,0.7666666666666666,0.7552403608779569,0.49999999999999994,0.8660254037844387,-0.8486442574947509,0.5289640103269624,0.9749279121818236,-0.22252093395631434
0.02488720003150829,-0.010873748667233708,0.04457902983672673,0.06227696167920671,-1.843722309900549,0.7666666666666666,0.7552852461959694,0.49999999999999994,0.8660254037844387,-0.7247927872291207,0.6889669190756859,0.43388373911755823,-0.900968867902419
0.0036802588595936706,-0.015394152300355696,0.007968162080333152,-0.011385401892575343,0.31105299751552407,0.7666666666666666,0.7553301315139819,0.49999999999999994,0.8660254037844387,-0.5712682150947924,0.8207634412072763,-0.433883739117558,-0.9009688679024191
0.02419470532481667,0.0037950671913245643,0.01691953928791242,-0.011516431521080924,1.0980136654835166,0.7666666666666666,0.7553750168319943,0.49999999999999994,0.8660254037844387,-0.3943558551133187,0.9189578116202306,-0.9749279121818236,-0.2225209339563146
0.0,0.040821954783826074,-0.009014367230448607,0.052680365390153853,0.4244455118306831,0.7666666666666666,0.7555096727860318,0.8660254037844386,0.5000000000000001,0.20129852008866006,0.9795299412524945,0.7818314824680298,0.6234898018587336
0.07296904132672555,0.04271107821816471,0.06112472300521547,0.028846255020163747,2.930705841267165,0.7666666666666666,0.7555545581040443,0.8660254037844386,0.5000000000000001,0.39435585511331855,0.9189578116202306,0.9749279121818236,-0.22252093395631434
0.0128796068468369,0.06736554995744397,0.08851639749853236,0.007092221713653185,-2.534712264958427,0.7666666666666666,0.7555994434220566,0.8660254037844386,0.5000000000000001,0.5712682150947923,0.8207634412072763,0.43388373911755823,-0.900968867902419
0.03414528717839901,-0.07787351790304775,-0.038001164564658955,0.00352733725488618,-3.9854052837319993,0.7666666666666666,0.7556443287400691,0.8660254037844386,0.5000000000000001,0.72479278722912,0.6889669190756866,-0.433883739117558,-0.9009688679024191
-0.025046008422437746,0.0035149388672611323,0.0035149388672611323,-0.017762439790516657,2.427247484810898,0.7666666666666666,0.7556892140580816,0.8660254037844386,0.5000000000000001,0.8486442574947509,0.5289640103269624,-0.9749279121818236,-0.2225209339563146
-0.06744130691148793,-0.04668706999192929,-0.05406717014738315,-0.05526262526587029,1.6417671459370449,0.7666666666666666,0.755823870012119,0.8660254037844386,0.5000000000000001,0.9987165071710528,-0.05064916883871264,0.7818314824680298,0.6234898018587336
0.0,-0.01481507139420387,-0.03390160952948786,-0.022989587532424898,-2.4365807526566723,0.7666666666666666,0.7558687553301315,0.8660254037844386,0.5000000000000001,0.9680771188662043,-0.2506525322587204,0.9749279121818236,-0.22252093395631434
0.07466154804886728,0.060097664821219546,0.08096188660574065,0.07466154804886728,4.566304275424156,0.7666666666666666,0.755913640648144,0.8660254037844386,0.5000000000000001,0.8978045395707416,-0.4403941515576344,0.43388373911755823,-0.900968867902419
-0.07079307483891227,0.01187584963089524,-0.043363418779188236,-0.007220241137379281,-0.03833314059657736,0.7666666666666666,0.7559585259661565,0.8660254037844386,0.5000000000000001,0.7907757369376989,-0.6121059825476626,-0.433883739117558,-0.9009688679024191
-0.019493776560231886,-0.021053472607028428,0.039788212309272195,-0.01459878544734433,-2.8474835082277195,0.7666666666666666,0.756003411284169,0.8660254037844386,0.5000000000000001,0.6513724827222223,-0.758758122692791,-0.9749279121818236,-0.2225209339563146
0.003929274458886224,-0.01069527911673112,-0.05841070621647186,-0.0489740482541887,-0.5269475878936949,0.7666666666666666,0.7561829525562189,0.8660254037844386,0.5000000000000001,-0.10116832198743204,-0.9948693233918952,0.9749279121818236,-0.22252093395631434
-0.011834446516350077,-0.0035906647494279775,-0.04852710477534978,0.015326047131145309,0.729733485217555,0.7666666666666666,0.7562278378742314,0.8660254037844386,0.5000000000000001,-0.29936312297335776,-0.9541392564000489,0.43388373911755823,-0.900968867902419
-0.02004073173151355,-0.05167196051644229,0.04097990660922039,-0.04399566548276754,-0.49158756890390065,0.7666666666666666,0.7562727231922438,0.8660254037844386,0.5000000000000001,-0.4853019625310808,-0.8743466161445822,-0.433883739117558,-0.9009688679024191
-0.06394495463982168,-0.07061759144348304,-0.07061759144348304,-0.08142106731699966,0.36101543453489376,0.7666666666666666,0.7563176085102563,0.8660254037844386,0.5000000000000001,-0.6513724827222217,-0.7587581226927913,-0.9749279121818236,-0.2225209339563146
-0.0030257078202125436,0.039845870688558355,-0.06291386568823035,0.012848130670618959,0.32542240043462795,0.7666666666666666,0.7564522644642938,0.8660254037844386,0.5000000000000001,-0.9680771188662041,-0.2506525322587213,0.7818314824680298,0.6234898018587336
0.01716778781124057,-0.01574834218524093,0.01716778781124057,0.0658674617700123,-0.5010876414992863,0.7666666666666666,0.7564971497823063,0.8660254037844386,0.5000000000000001,-0.9987165071710528,-0.05064916883871355,0.9749279121818236,-0.22252093395631434
-0.021506185371127483,0.0,0.03347599725037541,-0.04481397225386422,-0.00005727540881888766,0.7666666666666666,0.7565420351003187,0.8660254037844386,0.5000000000000001,-0.9884683243281114,0.15142777750457667,0.43388373911755823,-0.900968867902419
-0.030907508177893207,-0.04049132225946989,-0.042023049991130275,-0.012578870230597509,0.11286422424228089,0.7666666666666666,0.7565869204183312,0.8660254037844386,0.5000000000000001,-0.9377521321470804,0.3473052528448203,-0.433883739117558,-0.9009688679024191
-0.004494385253481444,-0.004140788578061706,-0.03493801861709739,-0.05195969064340276,0.7983848951246876,0.7666666666666666,0.7566318057363437,0.8660254037844386,0.5000000000000001,-0.8486442574947509,0.5289640103269624,-0.9749279121818236,-0.2225209339563146
-0.004514675980943847,0.008264501707599735,-0.017937683425593903,0.03493801861709743,-0.35916491617554813,0.7666666666666666,0.7567664616903811,0.8660254037844386,0.5000000000000001,-0.3943558551133187,0.9189578116202306,0.7818314824680298,0.6234898018587336
0.03118289762726816,-0.0041237131295381434,0.03118289762726816,0.017021672026305383,0.0664658277063319,0.7666666666666666,0.7568113470083936,1.0,6.123233995736766e-17,0.20129852008866006,0.9795299412524945,0.9749279121818236,-0.22252093395631434
0.029984564499711215,0.028515142611615328,0.029984564499711215,0.04536866100808126,-0.027307265784774867,0.7666666666666666,0.7568562323264061,1.0,6.123233995736766e-17,0.39435585511331855,0.9189578116202306,0.43388373911755823,-0.900968867902419
0.04600137053345644,0.02381062616420465,0.06012868841766317,0.008032164006342388,-0.27050576767302204,0.7666666666666666,0.7569011176444186,1.0,6.123233995736766e-17,0.5712682150947923,0.8207634412072763,-0.433883739117558,-0.9009688679024191
-0.016393793756152603,0.007812532460724927,-0.030521111640359304,-0.012072569651180464,-0.2180032174818557,0.7666666666666666,0.7569460029624311,1.0,6.123233995736766e-17,0.72479278722912,0.6889669190756866,-0.9749279121818236,-0.2225209339563146
-0.029352284120837194,-0.0038986367918339817,0.0,0.012072569651180509,0.19636689969526827,0.7666666666666666,0.7570806589164685,1.0,6.123233995736766e-17,0.9884683243281114,0.1514277775045767,0.7818314824680298,0.6234898018587336
-0.03905047850978429,-0.039845870688558334,-0.06398774860412379,-0.04499732203777661,-0.10722149098672934,0.7666666666666666,0.757125544234481,1.0,6.123233995736766e-17,0.9987165071710528,-0.05064916883871264,0.9749279121818236,-0.22252093395631434
0.026202347839165366,-0.0040733214317941755,0.026088411742531663,-0.008403502976647062,-0.5814339662706377,0.7666666666666666,0.7571704295524935,1.0,6.123233995736766e-17,0.9680771188662043,-0.2506525322587204,0.43388373911755823,-0.900968867902419
-0.030636940687233324,0.004073321431794082,-0.026088411742531757,0.0,-0.6237372361299091,0.7666666666666666,0.7572153148705059,1.0,6.123233995736766e-17,0.8978045395707416,-0.4403941515576344,-0.433883739117558,-0.9009688679024191
0.05617031955147277,0.020121383893022503,0.08038154236027634,0.004210628908069916,0.6829980290597027,0.7666666666666666,0.7572602001885184,1.0,6.123233995736766e-17,0.7907757369376989,-0.6121059825476626,-0.9749279121818236,-0.2225209339563146
-0.02553337886423942,0.0,-0.054293130617744656,0.04518217853883207,-0.030423058293707096,0.7666666666666666,0.7573948561425559,1.0,6.123233995736766e-17,0.29936312297335804,-0.9541392564000488,0.7818314824680298,0.6234898018587336
0.017433399538731104,0.007936542086844474,0.08235105659761165,0.0,-0.4376061108984565,0.7666666666666666,0.7574397414605682,1.0,6.123233995736766e-17,0.10116832198743272,-0.994869323391895,0.9749279121818236,-0.22252093395631434
0.04521760578068144,0.04634038455480248,-0.011928559556882604,0.047067466834797275,1.7701264582058558,0.7666666666666666,0.7574846267785807,1.0,6.123233995736766e-17,-0.10116832198743204,-0.9948693233918952,0.43388373911755823,-0.900968867902419
-0.008130118203598055,0.018692114685078528,-0.020202687854778488,0.026466638290737893,-1.6553172129223286,0.7666666666666666,0.7575295120965932,1.0,6.123233995736766e-17,-0.29936312297335776,-0.9541392564000489,-0.433883739117558,-0.9009688679024191
0.05942336432827762,0.05406717014738309,0.12275926929413533,0.061502141386133025,1.3404737453528346,0.7666666666666666,0.7575743974146057,1.0,6.123233995736766e-17,-0.4853019625310808,-0.8743466161445822,-0.9749279121818236,-0.2225209339563146
-0.08988263702320236,-0.01058209954104666,0.017889547963743282,-0.03936103693775979,-0.49108723818325856,0.7666666666666666,0.7577090533686431,1.0,6.123233995736766e-17,-0.8978045395707417,-0.44039415155763423,0.7818314824680298,0.6234898018587336
0.1465537991883979,0.014084726874723943,-0.014285943866159048,0.01449299353055419,-0.7593919132704469,0.7666666666666666,0.7577539386866556,1.0,6.123233995736766e-17,-0.9680771188662041,-0.2506525322587213,0.9749279121818236,-0.22252093395631434
-0.1242912856882934,-0.053872939183996035,-0.025502268443113117,-0.09028685139914426,0.9783635445587343,0.7666666666666666,0.7577988240046681,1.0,6.123233995736766e-17,-0.9987165071710528,-0.05064916883871355,0.43388373911755823,-0.900968867902419
0.028399447049598688,-0.02806547059391485,-0.08065791709382798,0.0,-1.9834016339324536,0.7666666666666666,0.7578437093226806,1.0,6.123233995736766e-17,-0.9884683243281114,0.15142777750457667,-0.433883739117558,-0.9009688679024191
-0.01612936642298425,-0.028875942234339213,0.007968162080333152,-0.015873334137796888,0.28370818132950604,0.7666666666666666,0.7580232505947305,1.0,6.123233995736766e-17,-0.5712682150947924,0.8207634412072763,0.7818314824680298,0.6234898018587336
0.0,0.003898636791834069,-0.02004073173151355,-0.01612936642298425,1.0054542282527277,0.7666666666666666,0.758068135912743,1.0,6.123233995736766e-17,-0.3943558551133187,0.9189578116202306,0.9749279121818236,-0.22252093395631434
-0.0040733214317941755,-0.03964726724162419,-0.008130118203598055,0.0,-1.203946789419393,0.7666666666666666,0.7581130212307555,1.0,6.123233995736766e-17,-0.20129852008866114,0.9795299412524943,0.43388373911755823,-0.900968867902419
0.0,0.01203212618421624,0.0,0.0,0.2042354249773748,0.7666666666666666,0.7581579065487679,1.0,6.123233995736766e-17,-2.4492935982947064e-16,1.0,-0.433883739117558,-0.9009688679024191
0.008130118203598047,0.11689373110834639,0.016194670287257,0.024097528503317263,1.0520148406896883,0.7666666666666666,0.7582027918667804,0.8660254037844387,-0.4999999999999998,0.20129852008866006,0.9795299412524945,-0.9749279121818236,-0.2225209339563146
-0.008130118203598055,-0.08927859005093841,0.0,-0.011976179647854582,-0.168974978165719,0.7666666666666666,0.7583374478208179,0.8660254037844387,-0.4999999999999998,0.72479278722912,0.6889669190756866,0.7818314824680298,0.6234898018587336
0.008089576571245429,0.003883496430666036,-0.004024146438820858,0.03550665505559544,-0.5124641050266914,0.7666666666666666,0.7583823331388303,0.8660254037844387,-0.4999999999999998,0.8486442574947509,0.5289640103269624,0.9749279121818236,-0.22252093395631434
-0.049762333016441104,-0.023530475407740826,0.01202418147638046,-0.055791306606110945,1.2251524866637178,0.7666666666666666,0.7584272184568428,0.8660254037844387,-0.4999999999999998,0.9377521321470804,0.3473052528448203,0.43388373911755823,-0.900968867902419
-0.012848130670618841,-0.01600032608667548,-0.012024181476380584,0.008163302695052716,0.29230498174301006,0.7666666666666666,0.7584721037748553,0.8660254037844387,-0.4999999999999998,0.9884683243281114,0.1514277775045767,-0.433883739117558,-0.9009688679024191
0.012848130670618959,0.027834772603025436,-0.03487534496881156,-0.008163302695052731,0.293659548749638,0.7666666666666666,0.7585169890928678,0.8660254037844387,-0.4999999999999998,0.9987165071710528,-0.05064916883871264,-0.9749279121818236,-0.2225209339563146
0.0,0.023256840670592614,0.06271011757183702,-0.020704652919739486,-0.6793843505658042,0.7666666666666666,0.7586516450469052,0.8660254037844387,-0.4999999999999998,0.7907757369376989,-0.6121059825476626,0.7818314824680298,0.6234898018587336
0.011045227233031805,-0.0551320189184562,-0.044095277714720174,0.024794634182998078,-0.550556381984309,0.7666666666666666,0.7586965303649177,0.8660254037844387,-0.4999999999999998,0.6513724827222223,-0.758758122692791,0.9749279121818236,-0.22252093395631434
0.022430770017343556,0.012072569651180509,0.015251909068522425,-0.008196759194820219,-0.04205778057932554,0.7666666666666666,0.7587414156829302,0.8660254037844387,-0.4999999999999998,0.48530196253108104,-0.8743466161445821,0.43388373911755823,-0.900968867902419
0.0,-0.004008017567521535,-0.015251909068522583,0.016326877398418253,-1.8249251098863168,0.7666666666666666,0.7587863010009427,0.8660254037844387,-0.4999999999999998,0.29936312297335804,-0.9541392564000488,-0.433883739117558,-0.9009688679024191
-0.029229710237960217,0.004008017567521568,0.020284651550515558,-0.03711762645517312,0.8172660346654146,0.7666666666666666,0.7588311863189551,0.8660254037844387,-0.4999999999999998,0.10116832198743272,-0.994869323391895,-0.9749279121818236,-0.2225209339563146
0.0,-0.020202687854778488,-0.053621139720037424,0.020790749056754806,0.5273894376324435,0.7666666666666666,0.7589658422729926,0.8660254037844387,-0.4999999999999998,-0.4853019625310808,-0.8743466161445822,0.7818314824680298,0.6234898018587336
0.010956714715283875,0.007320035747486803,0.01680720250373278,0.0,0.24315187198724666,0.7666666666666666,0.7590107275910051,0.8660254037844387,-0.4999999999999998,-0.6513724827222217,-0.7587581226927913,0.9749279121818236,-0.22252093395631434
0.020944323746823524,0.01288265210729171,0.040821954783826074,0.004106777931561642,-0.713265943554592,0.7666666666666666,0.7590556129090175,0.8660254037844387,-0.4999999999999998,-0.7907757369376986,-0.6121059825476627,0.43388373911755823,-0.900968867902419
-0.0026713282241471914,-0.012072569651180464,-0.02839944704959868,0.012220099466856656,0.400519536116216,0.7666666666666666,0.75910049822703,0.8660254037844387,-0.4999999999999998,-0.8978045395707417,-0.44039415155763423,-0.433883739117558,-0.9009688679024191
0.0,0.012072569651180509,0.028399447049598688,-0.01632687739841828,-1.8675195151095905,0.7666666666666666,0.7591453835450425,0.8660254037844387,-0.4999999999999998,-0.9680771188662041,-0.2506525322587213,-0.9749279121818236,-0.2225209339563146
0.0,-0.01930517719246231,-0.02839944704959868,0.008604809604922816,-0.45102772778672984,0.7666666666666666,0.7592800394990799,0.8660254037844387,-0.4999999999999998,-0.9377521321470804,0.3473052528448203,0.7818314824680298,0.6234898018587336
0.0,0.01930517719246223,0.028399447049598688,-0.0004080504101027148,1.162680774544383,0.7666666666666666,0.7593249248170924,0.8660254037844387,-0.4999999999999998,-0.8486442574947509,0.5289640103269624,0.9749279121818236,-0.22252093395631434
-0.025001377964824916,-0.00803216400634236,-0.00803216400634236,-0.020619266929047586,2.8225367892244146,0.7666666666666666,0.7593698101351049,0.8660254037844387,-0.4999999999999998,-0.7247927872291207,0.6889669190756859,0.43388373911755823,-0.900968867902419
-0.021322749956169382,-0.012170523848436116,-0.014213472244536873,-0.002085554191327898,-0.07247301420496359,0.7666666666666666,0.7594146954531173,0.8660254037844387,-0.4999999999999998,-0.5712682150947924,0.8207634412072763,-0.433883739117558,-0.9009688679024191
0.004301077929864145,-0.024794634182998078,-0.031155188763544357,-0.0062826871311996635,-1.5564405349673995,0.7666666666666666,0.7594595807711298,0.8660254037844387,-0.4999999999999998,-0.3943558551133187,0.9189578116202306,-0.9749279121818236,-0.2225209339563146
0.008547052740754738,0.004175367253950492,-0.004228332273135299,-0.008438961181205271,0.46695280663697886,0.7666666666666666,0.7595942367251672,0.5000000000000003,-0.8660254037844385,0.39435585511331855,0.9189578116202306,0.7818314824680298,0.6234898018587336
-0.0002127731795716559,0.0,-0.0044590601919867945,0.004270582776375348,-2.3100280722496374,0.7666666666666666,0.7596391220431797,0.5000000000000003,-0.8660254037844385,0.5712682150947923,0.8207634412072763,0.9749279121818236,-0.22252093395631434
-0.008334279561183173,-0.004175367253950448,-0.008334279561183173,0.008361252473406995,1.8258260237916613,0.7666666666666666,0.7596840073611922,0.5000000000000003,-0.8660254037844385,0.72479278722912,0.6889669190756866,0.43388373911755823,-0.900968867902419
-0.004171703109609854,0.004175367253950492,0.012793339753170128,-0.02114251714655057,2.78489130456998,0.7666666666666666,0.7597288926792047,0.5000000000000003,-0.8660254037844385,0.8486442574947509,0.5289640103269624,-0.433883739117558,-0.9009688679024191
-0.00012937482025419627,-0.004175367253950448,-0.017094417683034165,0.016949643077973472,-2.600686644445601,0.7666666666666666,0.7597737779972171,0.5000000000000003,-0.8660254037844385,0.9377521321470804,0.3473052528448203,-0.9749279121818236,-0.2225209339563146
0.0006894291556422378,0.012474161858639712,0.038059626213394454,0.008368241322527527,0.12488643829189552,0.7666666666666666,0.7599084339512546,0.5000000000000003,-0.8660254037844385,0.9680771188662043,-0.2506525322587204,0.7818314824680298,0.6234898018587336
0.016404988527391848,0.024490996172794505,0.008264501707599735,0.03278979077748378,-2.535891877014474,0.7666666666666666,0.7599533192692671,0.5000000000000003,-0.8660254037844385,0.8978045395707416,-0.4403941515576344,0.9749279121818236,-0.22252093395631434
-0.014941515038151712,0.008032164006342388,0.004106777931561642,0.0,0.7836805737689533,0.7666666666666666,0.7599982045872795,0.5000000000000003,-0.8660254037844385,0.7907757369376989,-0.6121059825476626,0.43388373911755823,-0.900968867902419
0.0,-0.024292669118037107,-0.048278003207673455,-0.045368661008081214,1.7288429863527337,0.7666666666666666,0.760043089905292,0.5000000000000003,-0.8660254037844385,0.6513724827222223,-0.758758122692791,-0.433883739117558,-0.9009688679024191
-0.002152902644882432,0.01626050511169458,0.02338047621935703,0.04536866100808126,0.12950553988272906,0.7666666666666666,0.7600879752233045,0.5000000000000003,-0.8660254037844385,0.48530196253108104,-0.8743466161445821,-0.9749279121818236,-0.2225209339563146
0.017094417683034057,0.0040241464388207845,-0.006322509791455709,0.0040241464388207845,-1.606284089396575,0.7666666666666666,0.7602226311773419,0.5000000000000003,-0.8660254037844385,-0.10116832198743204,-0.9948693233918952,0.7818314824680298,0.6234898018587336
-0.01099239512020926,-0.032655931189676975,0.01884875714061071,-0.06213182161680555,1.9178483173970506,0.7666666666666666,0.7602675164953544,0.5000000000000003,-0.8660254037844385,-0.29936312297335776,-0.9541392564000489,0.9749279121818236,-0.22252093395631434
-0.0018009446329608162,0.0286317847508562,-0.03371557246601636,0.05406726953314664,-1.366994907540614,0.7666666666666666,0.7603124018133669,0.5000000000000003,-0.8660254037844385,-0.4853019625310808,-0.8743466161445822,0.43388373911755823,-0.900968867902419
0.004282657856401812,-0.016260505111694693,0.037856361044078,-0.012220099466856578,0.2509170874030566,0.7666666666666666,0.7603572871313794,0.5000000000000003,-0.8660254037844385,-0.6513724827222217,-0.7587581226927913,-0.433883739117558,-0.9009688679024191
0.004264394884352982,0.0,-0.01247416185863973,-0.03758277518193709,-0.12400823553902755,0.7666666666666666,0.7604021724493919,0.5000000000000003,-0.8660254037844385,-0.7907757369376986,-0.6121059825476627,-0.9749279121818236,-0.2225209339563146
-0.004264394884352925,-0.020704652919739486,-0.02114251714655057,0.008474619285550421,-0.1418717245407416,0.7666666666666666,0.7605368284034293,0.5000000000000003,-0.8660254037844385,-0.9987165071710528,-0.05064916883871355,0.7818314824680298,0.6234898018587336
0.012781264673143425,0.024794634182998078,0.012781264673143425,0.03319813715964508,-2.011975985209742,0.7666666666666666,0.7605817137214418,0.5000000000000003,-0.8660254037844385,-0.9884683243281114,0.15142777750457667,0.9749279121818236,-0.22252093395631434
-0.012738472508871257,-0.008196759194820219,0.024959127461584848,-0.041672756445195636,1.9993335917945654,0.7666666666666666,0.7606265990394543,0.5000000000000003,-0.8660254037844385,-0.9377521321470804,0.3473052528448203,0.43388373911755823,-0.900968867902419
-0.00004279216427214836,0.008196759194820213,-0.016597874988177847,0.03758277518193711,-0.06602865165823436,0.7666666666666666,0.7606714843574667,0.5000000000000003,-0.8660254037844385,-0.8486442574947509,0.5289640103269624,-0.433883739117558,-0.9009688679024191
0.004264394884352982,0.01615455005102109,0.024794634182998078,-0.0291081558963865,1.561493056852619,0.7666666666666666,0.7607163696754792,0.5000000000000003,-0.8660254037844385,-0.7247927872291207,0.6889669190756859,-0.9749279121818236,-0.2225209339563146
0.006531885353568437,-0.003984026202584922,-0.033198137159645105,0.041328255363243104,-0.9829438657684025,0.7666666666666666,0.7608959109475291,0.5000000000000003,-0.8660254037844385,-2.4492935982947064e-16,1.0,0.9749279121818236,-0.22252093395631434
0.006153362840052222,0.0,0.020877664835286622,-0.028749385132645605,0.327480681510352,0.7666666666666666,0.7609407962655416,1.2246467991473532e-16,-1.0,0.20129852008866006,0.9795299412524945,0.43388373911755823,-0.900968867902419
0.0,-0.02036728304325634,0.004123713129538078,-0.008368241322527534,0.1980041161013199,0.7666666666666666,0.7609856815835541,1.2246467991473532e-16,-1.0,0.39435585511331855,0.9189578116202306,-0.433883739117558,-0.9009688679024191
-0.02123230093437536,0.012270080626614402,-0.008264501707599804,-0.02123230093437536,1.487825083261733,0.7666666666666666,0.7610305669015666,1.2246467991473532e-16,-1.0,0.5712682150947923,0.8207634412072763,-0.9749279121818236,-0.2225209339563146
0.008547052740754738,-0.008163302695052731,0.004140788578061737,0.02960054225690296,-0.6817015230781505,0.7666666666666666,0.761165222855604,1.2246467991473532e-16,-1.0,0.9377521321470804,0.3473052528448203,0.7818314824680298,0.6234898018587336
-0.012848130670618841,0.004089981263258659,0.0,-0.03390162018676693,-0.4458903204705868,0.7666666666666666,0.7612101081736165,1.2246467991473532e-16,-1.0,0.9884683243281114,0.1514277775045767,0.9749279121818236,-0.22252093395631434
-0.008658054700508611,0.0,0.004123713129538078,0.004301077929864145,-0.3614355241980662,0.7666666666666666,0.761254993491629,1.2246467991473532e-16,-1.0,0.9987165071710528,-0.05064916883871264,0.43388373911755823,-0.900968867902419
0.006932450919271691,-0.008196759194820219,0.0,0.02960054225690296,-1.1341226006482075,0.7666666666666666,0.7612998788096415,1.2246467991473532e-16,-1.0,0.9680771188662043,-0.2506525322587204,-0.433883739117558,-0.9009688679024191
-0.006932450919271708,-0.016597874988177847,-0.050643785061615994,-0.03822127732738856,0.2080093493015338,0.7666666666666666,0.7613447641276538,1.2246467991473532e-16,-1.0,0.8978045395707416,-0.4403941515576344,-0.9749279121818236,-0.2225209339563146
0.0,-0.016878122262197592,-0.0043383975598869666,0.0,0.5848576628926059,0.7666666666666666,0.7614794200816913,1.2246467991473532e-16,-1.0,0.48530196253108104,-0.8743466161445821,0.7818314824680298,0.6234898018587336
0.0,-0.012848130670618841,0.008658054700508674,-0.0043383975598869666,0.3982469039562558,0.7666666666666666,0.7615243053997038,1.2246467991473532e-16,-1.0,0.29936312297335804,-0.9541392564000488,0.9749279121818236,-0.22252093395631434
-0.004357301294971973,0.012848130670618959,0.008583735786265884,0.021506185371127504,-1.205868539490835,0.7666666666666666,0.7615691907177163,1.2246467991473532e-16,-1.0,0.10116832198743272,-0.994869323391895,0.43388373911755823,-0.900968867902419
0.004357301294971909,0.0,0.004264394884352982,-0.004264394884352925,1.8766558485182325,0.7666666666666666,0.7616140760357287,1.2246467991473532e-16,-1.0,-0.10116832198743204,-0.9948693233918952,-0.433883739117558,-0.9009688679024191
0.0,0.016878122262197547,-0.021506185371127483,-0.017241790486774565,-0.007826021228556967,0.7666666666666666,0.7616589613537412,1.2246467991473532e-16,-1.0,-0.29936312297335776,-0.9541392564000489,-0.9749279121818236,-0.2225209339563146
0.008658054700508674,-0.004192874068577021,0.008658054700508674,0.008658054700508674,-2.286225403798121,0.7666666666666666,0.7617936173077787,1.2246467991473532e-16,-1.0,-0.7907757369376986,-0.6121059825476627,0.7818314824680298,0.6234898018587336
-0.008658054700508611,-0.012685248193620501,-0.008658054700508611,0.012848130670618959,-0.7100926356615189,0.7666666666666666,0.7618385026257911,1.2246467991473532e-16,-1.0,-0.8978045395707417,-0.44039415155763423,0.9749279121818236,-0.22252093395631434
-0.03991656941231858,-0.004264394884352925,0.004338397559886872,-0.04348507135785223,2.0667885874184995,0.7666666666666666,0.7618833879438036,1.2246467991473532e-16,-1.0,-0.9680771188662041,-0.2506525322587213,0.43388373911755823,-0.900968867902419
0.03991656941231863,0.0,-0.0043383975598869666,0.021978885986724744,-1.057676565913709,0.7666666666666666,0.7619282732618161,1.2246467991473532e-16,-1.0,-0.9987165071710528,-0.05064916883871355,-0.433883739117558,-0.9009688679024191
-0.07210322414865215,-0.017241790486774565,0.0,-0.030907508177893207,1.201798851688712,0.7666666666666666,0.7619731585798286,1.2246467991473532e-16,-1.0,-0.9884683243281114,0.15142777750457667,-0.9749279121818236,-0.2225209339563146
-0.01411798028404588,-0.006543040294221546,-0.006543040294221546,-0.004494385253481444,-1.6451754555896383,0.7666666666666666,0.762107814533866,1.2246467991473532e-16,-1.0,-0.7247927872291207,0.6889669190756859,0.7818314824680298,0.6234898018587336
0.0,-0.03790867987014559,-0.03790867987014559,-0.03670133071727745,1.5490836367663596,0.7666666666666666,0.7621526998518785,1.2246467991473532e-16,-1.0,-0.5712682150947924,0.8207634412072763,0.9749279121818236,-0.22252093395631434
0.009434135679107399,0.009049826732992556,0.009049826732992556,-0.004683844604938501,-1.1776539657855096,0.7666666666666666,0.762197585169891,1.2246467991473532e-16,-1.0,-0.3943558551133187,0.9189578116202306,0.43388373911755823,-0.900968867902419
-0.009434135679107251,0.004494385253481471,-0.04609117406932421,0.0046838446049385874,1.177771786109652,0.7666666666666666,0.7622424704879035,1.2246467991473532e-16,-1.0,-0.20129852008866114,0.9795299412524943,-0.433883739117558,-0.9009688679024191
-0.028848127880388107,0.00447427609926283,-0.009478735386040972,0.009302383378101268,1.8201959364679645,0.7666666666666666,0.7622873558059159,-0.4999999999999997,-0.8660254037844388,0.20129852008866006,0.9795299412524945,-0.9749279121818236,-0.2225209339563146
0.004914793567756194,-0.008968661352744359,0.01886857873808785,-0.009302383378101402,-1.6836354415817327,0.7666666666666666,0.7624668970779659,-0.4999999999999997,-0.8660254037844388,0.8486442574947509,0.5289640103269624,0.9749279121818236,-0.22252093395631434
0.01822997015368596,0.008968661352744326,-0.01411798028404588,0.041195715970758856,-0.4044892226715639,0.7666666666666666,0.7625117823959783,-0.4999999999999997,-0.8660254037844388,0.9377521321470804,0.3473052528448203,0.43388373911755823,-0.900968867902419
-0.00861667657796494,-0.00901376858714695,-0.014320040736911007,-0.045879560575697406,-0.09441730885721632,0.7666666666666666,0.7625566677139908,-0.4999999999999997,-0.8660254037844388,0.9884683243281114,0.1514277775045767,-0.433883739117558,-0.9009688679024191
0.009569442282869125,0.000045107234402598745,0.06513935173823428,0.018605169261404868,-1.0927055969527195,0.7666666666666666,0.7626015530320033,-0.4999999999999997,-0.8660254037844388,0.9987165071710528,-0.05064916883871264,-0.9749279121818236,-0.2225209339563146
-0.004773274406909872,-0.03203932227516341,-0.060343183862274996,-0.028039304940512183,0.45359000291917084,0.7666666666666666,0.7627362089860407,-0.4999999999999997,-0.8660254037844388,0.7907757369376989,-0.6121059825476626,0.7818314824680298,0.6234898018587336
-0.014458069884836276,-0.02830386158711171,-0.009615449881982605,-0.00952387286095172,0.7506351673387038,0.7666666666666666,0.7627810943040532,-0.4999999999999997,-0.8660254037844388,0.6513724827222223,-0.758758122692791,0.9749279121818236,-0.22252093395631434
-0.004866185134600146,-0.004796167875959173,-0.009172332796397276,-0.01932425501943638,-0.9897001767278047,0.7666666666666666,0.7628259796220657,-0.4999999999999997,-0.8660254037844388,0.48530196253108104,-0.8743466161445821,0.43388373911755823,-0.900968867902419
-0.04489527718480056,-0.013260620150657368,-0.0005364723410564594,-0.02975538721898921,2.187400511423722,0.7666666666666666,0.7628708649400782,-0.4999999999999997,-0.8660254037844388,0.29936312297335804,-0.9541392564000488,-0.433883739117558,-0.9009688679024191
-0.041672718399676796,-0.0012674669928198644,0.0,-0.029218125034246374,-1.2007329374749613,0.7666666666666666,0.7629157502580907,-0.4999999999999997,-0.8660254037844388,0.10116832198743272,-0.994869323391895,-0.9749279121818236,-0.2225209339563146
-0.06029223849573326,0.0048661851346001326,-0.050010372861124655,-0.008626573608381956,0.778885918171025,0.7666666666666666,0.763050406212128,-0.4999999999999997,-0.8660254037844388,-0.4853019625310808,-0.8743466161445822,0.7818314824680298,0.6234898018587336
0.08082469662169657,-0.03457131149583322,0.020305246499891447,0.012448318541968447,-1.0279899697881034,0.7666666666666666,0.7630952915301406,-0.4999999999999997,-0.8660254037844388,-0.6513724827222217,-0.7587581226927913,0.9749279121818236,-0.22252093395631434
-0.0258657990150266,-0.020305246499891533,-0.025446640958415936,-0.02611118106761108,1.3200009404386412,0.7666666666666666,0.763140176848153,-0.4999999999999997,-0.8660254037844388,-0.7907757369376986,-0.6121059825476627,0.43388373911755823,-0.900968867902419
0.0,-0.03125257552613559,-0.02611118106761108,-0.010638388086280572,-3.033652765486519,0.7666666666666666,0.7631850621661656,-0.4999999999999997,-0.8660254037844388,-0.8978045395707417,-0.44039415155763423,-0.433883739117558,-0.9009688679024191
-0.08361412595721074,-0.021391169524983083,-0.09425251404349128,-0.02162244311208953,1.9532959342836709,0.7666666666666666,0.7632299474841779,-0.4999999999999997,-0.8660254037844388,-0.9680771188662041,-0.2506525322587213,-0.9749279121818236,-0.2225209339563146
0.011560811248108576,0.0,0.011560811248108576,0.01086966167338706,-0.3569158787670271,0.7666666666666666,0.7633646034382154,-0.4999999999999997,-0.8660254037844388,-0.9377521321470804,0.3473052528448203,0.7818314824680298,0.6234898018587336
0.06669137670870727,0.02038539529448752,0.07205331470910202,0.016086122327765937,-0.6716922455586859,0.7666666666666666,0.7634094887562279,-0.4999999999999997,-0.8660254037844388,-0.8486442574947509,0.5289640103269624,0.9749279121818236,-0.22252093395631434
-0.03278985700486635,-0.009632613855784943,-0.010752781438702409,-0.0434851358943245,1.9346983024139346,0.7666666666666666,0.7634543740742403,-0.4999999999999997,-0.8660254037844388,-0.7247927872291207,0.6889669190756859,0.43388373911755823,-0.900968867902419
-0.022245550168824513,-0.02710190350789472,-0.02739901356655871,-0.011173290180334456,-0.8111005937578832,0.7666666666666666,0.7634992593922528,-0.4999999999999997,-0.8660254037844388,-0.5712682150947924,0.8207634412072763,-0.433883739117558,-0.9009688679024191
-0.0116559695350164,0.005479460395805221,-0.016807102601408698,-0.022728229523506522,0.0886597226331424,0.7666666666666666,0.7635441447102653,-0.4999999999999997,-0.8660254037844388,-0.3943558551133187,0.9189578116202306,-0.9749279121818236,-0.2225209339563146
-0.017391725884585128,-0.02770264207350604,-0.011363747874334036,0.0,0.3886536649157448,0.7666666666666666,0.7636788006643027,-0.8660254037844385,-0.5000000000000004,0.20129852008866006,0.9795299412524945,0.7818314824680298,0.6234898018587336
0.0,0.0045402577149075835,-0.023122395112683266,0.0045871732566864065,-1.3805157431164456,0.7666666666666666,0.7637236859823152,-0.8660254037844385,-0.5000000000000004,0.39435585511331855,0.9189578116202306,0.9749279121818236,-0.22252093395631434
0.07327219693869871,0.09179088675942827,0.1364510998824274,0.05129329779742721,1.012319920103097,0.7666666666666666,0.7637685713003277,-0.8660254037844385,-0.5000000000000004,0.5712682150947923,0.8207634412072763,0.43388373911755823,-0.900968867902419
-0.04161490748105897,-0.04700605928874028,-0.05457471258782647,0.010810905654593712,-0.8272501650834255,0.7666666666666666,0.7638134566183402,-0.8660254037844385,-0.5000000000000004,0.72479278722912,0.6889669190756866,-0.433883739117558,-0.9009688679024191
0.047034969697344955,0.0515873570380163,0.04945961691150242,0.005361938000394903,0.00910649434879501,0.7666666666666666,0.7638583419363527,-0.8660254037844385,-0.5000000000000004,0.8486442574947509,0.5289640103269624,-0.9749279121818236,-0.2225209339563146
-0.02185883831350347,-0.014837787884124654,-0.02072617244601174,-0.0326116197522059,0.04161488123563414,0.7666666666666666,0.7639929978903901,-0.8660254037844385,-0.5000000000000004,0.9987165071710528,-0.05064916883871264,0.7818314824680298,0.6234898018587336
0.0,-0.015584777987487312,-0.029218518241229677,0.021858838313503486,1.3026616573321343,0.7666666666666666,0.7640378832084026,-0.8660254037844385,-0.5000000000000004,0.9680771188662043,-0.2506525322587204,0.9749279121818236,-0.22252093395631434
-0.03371102572879788,-0.010526403080123783,-0.027102524747462144,0.021391169524982982,-0.26463436264246415,0.7666666666666666,0.7640827685264151,-0.8660254037844385,-0.5000000000000004,0.8978045395707416,-0.4403941515576344,0.43388373911755823,-0.900968867902419
0.017053747815478422,-0.005305047197217205,0.04048959271135087,-0.026811231741269037,-1.7388122646977329,0.7666666666666666,0.7641276538444275,-0.8660254037844385,-0.5000000000000004,0.7907757369376989,-0.6121059825476626,-0.433883739117558,-0.9009688679024191
-0.011355732119444767,-0.01069527888945819,-0.03794496064126931,-0.00272108746636384,3.066268312999759,0.7666666666666666,0.76417253916244,-0.8660254037844385,-0.5000000000000004,0.6513724827222223,-0.758758122692791,-0.9749279121818236,-0.2225209339563146
0.011299544599374666,0.005361938000394903,-0.011111215122715117,0.01621655591423976,-0.6134990884505733,0.7666666666666666,0.7643071951164775,-0.8660254037844385,-0.5000000000000004,0.10116832198743272,-0.994869323391895,0.7818314824680298,0.6234898018587336
0.016713465433389606,0.005333340889063316,0.011111215122715136,-0.013495468447875877,-0.7049513423680793,0.7666666666666666,0.7643520804344899,-0.8660254037844385,-0.5000000000000004,-0.10116832198743204,-0.9948693233918952,0.9749279121818236,-0.22252093395631434
-0.03371102572879788,-0.016086122327765805,0.021858838313503486,0.0,-1.7342196307625228,0.7666666666666666,0.7643969657525024,-0.8660254037844385,-0.5000000000000004,-0.29936312297335776,-0.9541392564000489,0.43388373911755823,-0.900968867902419
0.011363747874334085,0.010752781438702515,-0.04420611616796738,0.01611935741517152,2.0934568591067833,0.7666666666666666,0.7644418510705149,-0.8660254037844385,-0.5000000000000004,-0.4853019625310808,-0.8743466161445822,-0.433883739117558,-0.9009688679024191
0.03878605395168147,0.0,0.05495889760666993,-0.01611935741517154,-1.435777313656871,0.7666666666666666,0.7644867363885274,-0.8660254037844385,-0.5000000000000004,-0.6513724827222217,-0.7587581226927913,-0.9749279121818236,-0.2225209339563146
-0.010929059852906334,-0.015629552404294766,-0.02710190350789472,0.0,0.24698251655931658,0.7666666666666666,0.7646213923425648,-0.8660254037844385,-0.5000000000000004,-0.9680771188662041,-0.2506525322587213,0.7818314824680298,0.6234898018587336
-0.033522726277075525,0.004876770965592401,-0.011049891497366387,-0.005449599457101125,1.08938753623328,0.7666666666666666,0.7646662776605773,-0.8660254037844385,-0.5000000000000004,-0.9987165071710528,-0.05064916883871355,0.9749279121818236,-0.22252093395631434
0.036813964962167926,0.14093638147173876,0.021978951350272665,0.07878086403518056,1.0217395048904958,0.7666666666666666,0.7647111629785898,-0.8660254037844385,-0.5000000000000004,-0.9884683243281114,0.15142777750457667,0.43388373911755823,-0.900968867902419
0.018448726822407453,-0.0679873899207286,0.07836905376729618,-0.0518250800340278,-2.235022950628029,0.7666666666666666,0.7647560482966023,-0.8660254037844385,-0.5000000000000004,-0.9377521321470804,0.3473052528448203,-0.433883739117558,-0.9009688679024191
-0.03836089687452625,-0.06712812578124684,-0.07836905376729605,-0.0434851358943245,2.190105341969371,0.7666666666666666,0.7648009336146148,-0.8660254037844385,-0.5000000000000004,-0.8486442574947509,0.5289640103269624,-0.9749279121818236,-0.2225209339563146
0.0,-0.02216998783895566,-0.027549991219932637,0.0,-2.061846423798801,0.7666666666666666,0.7649355895686522,-0.8660254037844385,-0.5000000000000004,-0.3943558551133187,0.9189578116202306,0.7818314824680298,0.6234898018587336
0.002009154270262682,-0.011049891497366387,0.0055710398696598214,0.0,-1.884287280486671,0.7666666666666666,0.7649804748866647,-0.8660254037844385,-0.5000000000000004,-0.20129852008866114,0.9795299412524943,0.9749279121818236,-0.22252093395631434
-0.013245217002011336,0.011049891497366392,-0.005571039869659899,-0.011173290180334456,1.8711407283051018,0.7666666666666666,0.7650253602046772,-0.8660254037844385,-0.5000000000000004,-2.4492935982947064e-16,1.0,0.43388373911755823,-0.900968867902419
0.005633812421074211,0.010929059852906247,-0.005602250310674478,0.03315224153060717,0.1046103446277869,0.7666666666666666,0.7650702455226895,-1.0,-1.8369701987210297e-16,0.20129852008866006,0.9795299412524945,-0.433883739117558,-0.9009688679024191
0.005658123943046108,0.0,0.03315224153060717,-0.005449599457101125,-0.3333384947917222,0.7666666666666666,0.765115130840702,-1.0,-1.8369701987210297e-16,0.39435585511331855,0.9189578116202306,-0.9749279121818236,-0.2225209339563146
-0.016957668542420888,-0.005449599457101125,-0.012854045432670255,-0.03900218667288074,0.9718830615900392,0.7666666666666666,0.7652946721127519,-1.0,-1.8369701987210297e-16,0.9377521321470804,0.3473052528448203,0.9749279121818236,-0.22252093395631434
0.016901794910049242,0.005449599457100964,0.00740444597556923,0.016901794910049242,0.16578642711616925,0.7666666666666666,0.7653395574307644,-1.0,-1.8369701987210297e-16,0.9884683243281114,0.1514277775045767,0.43388373911755823,-0.900968867902419
-0.005602250310674478,-0.005449599457101125,0.0,-0.005602250310674478,-1.395221397729333,0.7666666666666666,0.7653844427487769,-1.0,-1.8369701987210297e-16,0.9987165071710528,-0.05064916883871264,-0.433883739117558,-0.9009688679024191
0.0,-0.0043811768107633025,-0.022044518130459913,0.006718997188598322,1.465812706640359,0.7666666666666666,0.7654293280667894,-1.0,-1.8369701987210297e-16,0.9680771188662043,-0.2506525322587204,-0.9749279121818236,-0.2225209339563146
0.004987567499983622,0.004381176810763394,-0.0006705564430624039,0.015504184489102606,-1.954643829024068,0.7666666666666666,0.7655639840208268,-1.0,-1.8369701987210297e-16,0.6513724827222223,-0.758758122692791,0.7818314824680298,0.6234898018587336
-0.016287112099358354,0.005449599457100964,0.0006146828106907471,-0.00550971624431123,1.8896359085709322,0.7666666666666666,0.7656088693388393,-1.0,-1.8369701987210297e-16,0.48530196253108104,-0.8743466161445821,0.9749279121818236,-0.22252093395631434
0.0,0.021506184544051815,0.022100391762831545,0.01643877609721746,0.15234360647761439,0.7666666666666666,0.7656537546568518,-1.0,-1.8369701987210297e-16,0.29936312297335804,-0.9541392564000488,0.43388373911755823,-0.900968867902419
0.016901794910049242,-0.030952843080866668,-0.02210039176283156,-0.016438776097217507,-2.449200549858976,0.7666666666666666,0.7656986399748643,-1.0,-1.8369701987210297e-16,0.10116832198743272,-0.994869323391895,-0.433883739117558,-0.9009688679024191
-0.022599810606082807,0.041534942399425165,0.0,0.04852705995982779,3.09907845952658,0.7666666666666666,0.7657435252928767,-1.0,-1.8369701987210297e-16,-0.10116832198743204,-0.9948693233918952,-0.9749279121818236,-0.2225209339563146
0.033711025728798034,0.033638388683741395,0.032970053436218595,-0.021277378208016652,-0.5042960199867931,0.7666666666666666,0.7658781812469142,-1.0,-1.8369701987210297e-16,-0.6513724827222217,-0.7587581226927913,0.7818314824680298,0.6234898018587336
-0.016657277913319533,-0.07117627200345278,-0.016294234904221175,-0.016260505111694693,-2.7555454423352965,0.7666666666666666,0.7659230665649267,-1.0,-1.8369701987210297e-16,-0.7907757369376986,-0.6121059825476627,0.9749279121818236,-0.22252093395631434
0.005546062790604357,0.0583720122659811,-0.005012243964837136,0.0,1.15998533024135,0.7666666666666666,0.7659679518829391,-1.0,-1.8369701987210297e-16,-0.8978045395707417,-0.44039415155763423,0.43388373911755823,-0.900968867902419
-0.005602250310674478,-0.047502350592594125,-0.0005523594444452925,-0.02770264207350604,0.12626630800806185,0.7666666666666666,0.7660128372009516,-1.0,-1.8369701987210297e-16,-0.9680771188662041,-0.2506525322587213,-0.433883739117558,-0.9009688679024191
0.0,-0.02739901356655871,-0.005540175253055251,0.011006648196077372,2.0961250899627437,0.7666666666666666,0.7660577225189641,-1.0,-1.8369701987210297e-16,-0.9987165071710528,-0.05064916883871355,-0.9749279121818236,-0.2225209339563146
0.0,0.021978951350272665,0.005540175253055282,0.00022220521647138292,-0.5957614526326457,0.7666666666666666,0.7661923784730015,-1.0,-1.8369701987210297e-16,-0.8486442574947509,0.5289640103269624,0.7818314824680298,0.6234898018587336
0.0,0.005420062216286035,-0.01671346543338964,0.02734345033434446,-1.1730578928501705,0.7666666666666666,0.766237263791014,-1.0,-1.8369701987210297e-16,-0.7247927872291207,0.6889669190756859,0.9749279121818236,-0.22252093395631434
0.00005618752007010493,0.021391169524982982,0.054658426074658914,-0.010869661673387007,-0.11166101189942529,0.7666666666666666,0.7662821491090265,-1.0,-1.8369701987210297e-16,-0.5712682150947924,0.8207634412072763,0.43388373911755823,-0.900968867902419
0.005546062790604357,-0.026811231741269037,-0.049056175763984536,-0.012869378612431913,-1.4235221178396926,0.7666666666666666,0.766327034427039,-1.0,-1.8369701987210297e-16,-0.3943558551133187,0.9189578116202306,-0.433883739117558,-0.9009688679024191
0.00005587363237169737,0.026811231741269096,0.011111215122715136,0.0018802019723154284,1.534154852013552,0.7666666666666666,0.7663719197450515,-1.0,-1.8369701987210297e-16,-0.20129852008866114,0.9795299412524943,-0.9749279121818236,-0.2225209339563146
-0.005658123943046165,-0.04879018309154183,-0.005540175253055251,-0.011111215122715117,0.8247348128778123,0.7666666666666666,0.7665065756990889,-0.866025403784439,0.49999999999999933,0.5712682150947923,0.8207634412072763,0.7818314824680298,0.6234898018587336
0.005602250310674402,0.05406723521288297,-0.005571039869659899,0.011111215122715136,0.2386269232355395,0.7666666666666666,0.7665514610171014,-0.866025403784439,0.49999999999999933,0.72479278722912,0.6889669190756866,0.9749279121818236,-0.22252093395631434
-0.005602250310674478,-0.02666822164632427,0.032970053436218595,-0.005540175253055251,-1.4256372842271827,0.7666666666666666,0.7665963463351139,-0.866025403784439,0.49999999999999933,0.8486442574947509,0.5289640103269624,0.43388373911755823,-0.900968867902419
-0.01699756029540832,0.0,-0.02739901356655871,-0.011173290180334456,2.268428685030445,0.7666666666666666,0.7666412316531264,-0.866025403784439,0.49999999999999933,0.9377521321470804,0.3473052528448203,-0.433883739117558,-0.9009688679024191
0.02983614147550727,0.047502350592594174,0.011049891497366392,0.08090662750871545,0.9307329508418497,0.7666666666666666,0.7666861169711388,-0.866025403784439,0.49999999999999933,0.9884683243281114,0.1514277775045767,-0.9749279121818236,-0.2225209339563146
0.03798270381168838,0.0,0.0482666946742992,-0.015666102115498,-1.2839967533654757,0.7666666666666666,0.7668207729251763,-0.866025403784439,0.49999999999999933,0.8978045395707416,-0.4403941515576344,0.7818314824680298,0.6234898018587336
-0.03410781955839771,0.00514139445852456,-0.026526729166799174,-0.02666822164632427,-0.607799207975808,0.7666666666666666,0.7668656582431888,-0.866025403784439,0.49999999999999933,0.7907757369376989,-0.6121059825476626,0.9749279121818236,-0.22252093395631434
0.0,-0.015504233340894603,0.026526729166799178,0.016086122327765937,0.8981992347214275,0.7666666666666666,0.7669105435612011,-0.866025403784439,0.49999999999999933,0.6513724827222223,-0.758758122692791,0.43388373911755823,-0.900968867902419
0.0,0.005194812051598424,-0.042787234278493916,-0.03794496064126931,-2.8282423313341956,0.7666666666666666,0.7669554288792136,-0.866025403784439,0.49999999999999933,0.48530196253108104,-0.8743466161445821,-0.433883739117558,-0.9009688679024191
0.005509716244311248,-0.015666102115498,-0.005479460395805272,0.027249681751811156,2.437857393600929,0.7666666666666666,0.7670003141972261,-0.866025403784439,0.49999999999999933,0.29936312297335804,-0.9541392564000488,-0.9749279121818236,-0.2225209339563146
0.005479460395805221,0.0,0.005534112777521094,0.0,-2.222568299393148,0.7666666666666666,0.7671349701512635,-0.866025403784439,0.49999999999999933,-0.29936312297335776,-0.9541392564000489,0.7818314824680298,0.6234898018587336
0.01086966167338706,-0.010582099318558446,0.026901131619436983,0.0,-0.30576250521149195,0.7666666666666666,0.767179855469276,-0.866025403784439,0.49999999999999933,-0.4853019625310808,-0.8743466161445822,0.9749279121818236,-0.22252093395631434
-0.02185883831350347,-0.005333340889063379,-0.005333340889063379,0.005361938000394903,1.9590918857573776,0.7666666666666666,0.7672247407872885,-0.866025403784439,0.49999999999999933,-0.6513724827222217,-0.7587581226927913,0.43388373911755823,-0.900968867902419
0.005564603409282436,0.03674956915389169,-0.027047016342923565,0.015915440207621843,1.6320377443513412,0.7666666666666666,0.767269626105301,-0.866025403784439,0.49999999999999933,-0.7907757369376986,-0.6121059825476627,-0.433883739117558,-0.9009688679024191
0.010928528054198207,0.0,0.03238035723198699,-0.021277378208016652,-0.40786223270788596,0.7666666666666666,0.7673145114233135,-0.866025403784439,0.49999999999999933,-0.8978045395707417,-0.44039415155763423,-0.9749279121818236,-0.2225209339563146
-0.03884040931794452,-0.02083412894626986,-0.021506184544051773,-0.03836089687452625,-0.6617454174204137,0.7666666666666666,0.7674491673773509,-0.866025403784439,0.49999999999999933,-0.9884683243281114,0.15142777750457667,0.7818314824680298,0.6234898018587336
-0.0028288535293775263,-0.02666822164632427,-0.005449599457101125,0.032970053436218595,-1.7723730655354815,0.7666666666666666,0.7674940526953634,-0.866025403784439,0.49999999999999933,-0.9377521321470804,0.3473052528448203,0.9749279121818236,-0.22252093395631434
-0.02582637482116328,0.0,-0.0401391818192453,-0.07286134451850829,1.822643451039975,0.7666666666666666,0.7675389380133759,-0.866025403784439,0.49999999999999933,-0.8486442574947509,0.5289640103269624,0.43388373911755823,-0.900968867902419
-0.011696028347801235,-0.03297005343621867,-0.02185250102587595,0.017291480476206718,-2.0800868516814877,0.7666666666666666,0.7675838233313883,-0.866025403784439,0.49999999999999933,-0.7247927872291207,0.6889669190756859,-0.433883739117558,-0.9009688679024191
0.03468552452004165,0.0035134250883103748,0.03428904077161518,0.0056980156960335475,-0.09512576302187502,0.7666666666666666,0.7676287086494008,-0.866025403784439,0.49999999999999933,-0.5712682150947924,0.8207634412072763,-0.9749279121818236,-0.2225209339563146
0.09665223061724684,0.39259713143096747,0.14122642165913638,0.22314357840722984,6.915497643172021,0.7666666666666666,0.7677633646034383,-0.866025403784439,0.49999999999999933,-2.4492935982947064e-16,1.0,0.7818314824680298,0.6234898018587336
0.04606974471128351,-0.18533362227004838,-0.00980399092998061,-0.022989495542170862,-2.8057816332384458,0.7666666666666666,0.7678082499214507,-0.5000000000000012,0.8660254037844379,0.20129852008866006,0.9795299412524945,0.9749279121818236,-0.22252093395631434
0.004914010196641713,0.0,0.004914010196641713,0.00925931621435227,-0.7623131799355685,0.7666666666666666,0.7678531352394632,-0.5000000000000012,0.8660254037844379,0.39435585511331855,0.9189578116202306,0.43388373911755823,-0.900968867902419
0.02898751015968521,0.05287570204269114,0.07095178079984422,-0.0186051692614049,-0.5980277182627035,0.7666666666666666,0.7678980205574757,-0.5000000000000012,0.8660254037844379,0.5712682150947923,0.8207634412072763,-0.433883739117558,-0.9009688679024191
-0.011735205291460906,-0.06654332740985916,-0.018433683459957186,-0.009434135679107251,-0.6316299569791483,0.7666666666666666,0.7679429058754882,-0.5000000000000012,0.8660254037844379,0.72479278722912,0.6889669190756866,-0.9749279121818236,-0.2225209339563146
-0.03705491346490736,-0.018519029369165625,-0.02830386158711171,-0.05354071721041015,0.2550923272205232,0.7666666666666666,0.7680775618295256,-0.5000000000000012,0.8660254037844379,0.9884683243281114,0.1514277775045767,0.7818314824680298,0.6234898018587336
0.0,0.00466200844211412,-0.03406652293861039,0.07232070593657008,-1.1792223937052315,0.7666666666666666,0.7681224471475381,-0.5000000000000012,0.8660254037844379,0.9987165071710528,-0.05064916883871264,0.9749279121818236,-0.22252093395631434
0.024985277993763252,0.0,0.038839797345520136,0.0,-0.8487746019797172,0.7666666666666666,0.7681673324655506,-0.5000000000000012,0.8660254037844379,0.9680771188662043,-0.2506525322587204,0.43388373911755823,-0.900968867902419
-0.0002926886637411791,0.0,0.013668139094206767,0.0,0.9083280794511376,0.7666666666666666,0.7682122177835631,-0.5000000000000012,0.8660254037844379,0.8978045395707416,-0.4403941515576344,-0.433883739117558,-0.9009688679024191
0.02133179925284636,0.004640374935987388,-0.004189403708165827,0.004640374935987388,0.7157152957169146,0.7666666666666666,0.7682571031015756,-0.5000000000000012,0.8660254037844379,0.7907757369376989,-0.6121059825476626,-0.9749279121818236,-0.2225209339563146
0.012244465559540806,0.045035300254743234,0.0,0.0,0.5494994131339566,0.7666666666666666,0.768391759055613,-0.5000000000000012,0.8660254037844379,0.29936312297335804,-0.9541392564000488,0.7818314824680298,0.6234898018587336
-0.04777409515550823,-0.022151028896511004,-0.038466245545726065,-0.013986227983039856,1.2135032090469073,0.7666666666666666,0.7684366443736255,-0.5000000000000012,0.8660254037844379,0.10116832198743272,-0.994869323391895,0.9749279121818236,-0.22252093395631434
0.05248009390261647,0.03991656941231863,0.07550759288205781,0.023202873974104168,-0.19614402452312146,0.7666666666666666,0.768481529691638,-0.5000000000000012,0.8660254037844379,-0.10116832198743204,-0.9948693233918952,0.43388373911755823,-0.900968867902419
-0.023754176416018246,-0.017544293138656752,-0.00455581208221365,0.004576662532905499,-2.363756554607441,0.7666666666666666,0.7685264150096504,-0.5000000000000012,0.8660254037844379,-0.29936312297335776,-0.9541392564000489,-0.433883739117558,-0.9009688679024191
0.014320040736911063,-0.026907427025710466,0.004555812082213534,-0.018433683459957186,0.7934938914817365,0.7666666666666666,0.7685713003276629,-0.5000000000000012,0.8660254037844379,-0.4853019625310808,-0.8743466161445822,-0.9749279121818236,-0.2225209339563146
-0.014320040736911007,-0.022989495542170862,-0.02303607141694076,0.0,-0.5183937825004454,0.7666666666666666,0.7687059562817004,-0.5000000000000012,0.8660254037844379,-0.8978045395707417,-0.44039415155763423,0.7818314824680298,0.6234898018587336
-0.029270355062651115,-0.004662008442114028,-0.018733412851390005,-0.004662008442114028,1.3456582547104392,0.7666666666666666,0.7687508415997127,-0.5000000000000012,0.8660254037844379,-0.9680771188662041,-0.2506525322587213,0.9749279121818236,-0.22252093395631434
0.014742267919173921,0.018519029369165677,-0.02495321772582751,-0.01411798028404588,-1.299316116735232,0.7666666666666666,0.7687957269177252,-0.5000000000000012,0.8660254037844379,-0.9987165071710528,-0.05064916883871355,0.43388373911755823,-0.900968867902419
0.0048661851346001326,0.004576662532905499,0.04373320645198735,0.03721367218611703,-1.4146657137613579,0.7666666666666666,0.7688854975537502,-0.5000000000000012,0.8660254037844379,-0.9377521321470804,0.3473052528448203,-0.9749279121818236,-0.2225209339563146
0.023981942745787976,0.01360563881520608,0.00925931621435227,0.004555812082213534,1.4801718759227198,0.7666666666666666,0.7690201535077876,-0.5000000000000012,0.8660254037844379,-0.5712682150947924,0.8207634412072763,0.7818314824680298,0.6234898018587336
-0.028848127880388107,0.0,0.00459770471269931,-0.037041347336331645,0.3692007080137524,0.7666666666666666,0.7690650388258001,-0.5000000000000012,0.8660254037844379,-0.3943558551133187,0.9189578116202306,0.9749279121818236,-0.22252093395631434
0.06606180006650532,0.01843269883756384,0.004576662532905499,0.059514181513974224,0.5692358838493454,0.7666666666666666,0.7691099241438126,-0.5000000000000012,0.8660254037844379,-0.20129852008866114,0.9795299412524943,0.43388373911755823,-0.900968867902419
-0.024311474075243165,-0.018432698837563908,0.01360563881520608,-0.045462329719813406,-0.5682924319248922,0.7666666666666666,0.7691548094618251,-2.4492935982947064e-16,1.0,0.20129852008866006,0.9795299412524945,-0.433883739117558,-0.9009688679024191
-0.06644291532128403,0.035401893431374606,-0.09937249144534274,0.049896922567881336,1.8617184560641993,0.7666666666666666,0.7691996947798375,-2.4492935982947064e-16,1.0,0.39435585511331855,0.9189578116202306,-0.9749279121818236,-0.2225209339563146
0.13976192164310813,0.2038277590742018,0.13477438487671745,0.14780946502886827,-0.19237938662417234,0.7666666666666666,0.769334350733875,-2.4492935982947064e-16,1.0,0.8486442574947509,0.5289640103269624,0.7818314824680298,0.6234898018587336
0.1302651718902113,0.04167273953607601,0.1302651718902113,0.09808226433009776,-0.9680913515113162,0.7666666666666666,0.7693792360518875,-2.4492935982947064e-16,1.0,0.9377521321470804,0.3473052528448203,0.9749279121818236,-0.22252093395631434
0.08984776233897208,0.046519971401390095,0.128749032824547,0.04730607165559528,0.496505513777358,0.7666666666666666,0.7694241213698999,-2.4492935982947064e-16,1.0,0.9884683243281114,0.1514277775045767,0.43388373911755823,-0.900968867902419
0.03243744285287664,0.2100714819692725,0.03300626529690952,0.18890056078532455,2.400592734137664,0.7666666666666666,0.7694690066879124,-2.4492935982947064e-16,1.0,0.9987165071710528,-0.05064916883871264,-0.433883739117558,-0.9009688679024191
0.15436295585233534,0.10625482529224625,0.12783339628064672,0.09630325715593313,-0.6152648439509044,0.7666666666666666,0.7695138920059249,-2.4492935982947064e-16,1.0,0.9680771188662043,-0.2506525322587204,-0.9749279121818236,-0.2225209339563146
0.05668399823793317,-0.04748945145602458,0.13353139262452257,-0.009975194728282157,-1.711724566979059,0.7666666666666666,0.7696485479599623,-2.4492935982947064e-16,1.0,0.6513724827222223,-0.758758122692791,0.7818314824680298,0.6234898018587336
0.03369366176180046,0.017220522429697235,0.009950321410848074,0.005000065104307523,0.013968335182348723,0.7666666666666666,0.7696934332779748,-2.4492935982947064e-16,1.0,0.48530196253108104,-0.8743466161445821,0.9749279121818236,-0.22252093395631434
0.020467061162309175,-0.012270022236438008,0.0024722456827359573,-0.038124142096749046,0.16265095012252198,0.7666666666666666,0.7697383185959873,-2.4492935982947064e-16,1.0,0.29936312297335804,-0.9541392564000488,0.43388373911755823,-0.900968867902419
-0.0342321357483494,0.03159427725587446,-0.06108775409335827,0.06761027838311467,0.08590135858518694,0.7666666666666666,0.7697832039139998,-2.4492935982947064e-16,1.0,0.10116832198743272,-0.994869323391895,-0.433883739117558,-0.9009688679024191
0.035785343953955495,-0.009615449881982605,0.014591190384981637,-0.0369956105939268,-1.6935538157730345,0.7666666666666666,0.7698280892320123,-2.4492935982947064e-16,1.0,-0.10116832198743204,-0.9948693233918952,-0.9749279121818236,-0.2225209339563146
-0.03366967792312883,-0.026433208734506018,0.029061459583581757,-0.0025157221829736026,-0.06890397864721115,0.7666666666666666,0.7699627451860497,-2.4492935982947064e-16,1.0,-0.6513724827222217,-0.7587581226927913,0.7818314824680298,0.6234898018587336
0.05781959382182119,0.016724403597052254,0.005012537031210991,0.029778905456556388,1.592344500785645,0.7666666666666666,0.7700076305040622,-2.4492935982947064e-16,1.0,-0.7907757369376986,-0.6121059825476627,0.9749279121818236,-0.22252093395631434
0.017420876581350775,0.007290484232693631,0.01980260859668314,0.002441943087650178,-0.8308812209072549,0.7666666666666666,0.7700525158220747,-2.4492935982947064e-16,1.0,-0.8978045395707417,-0.44039415155763423,0.43388373911755823,-0.900968867902419
0.0024535255455977664,0.004830922540104382,-0.009852287185835048,-0.0036652127996423473,-0.2696166227102022,0.7666666666666666,0.7700974011400872,-2.4492935982947064e-16,1.0,-0.9680771188662041,-0.2506525322587213,-0.433883739117558,-0.9009688679024191
-0.05861550841062237,-0.012121406772798023,0.014742267919173921,-0.04634516006148234,-0.2337078315233822,0.7666666666666666,0.7701422864580996,-2.4492935982947064e-16,1.0,-0.9987165071710528,-0.05064916883871355,-0.9749279121818236,-0.2225209339563146
-0.007878681454908935,-0.025192737748413754,-0.0759858962659189,-0.018111794316323836,0.10994486442360617,0.7666666666666666,0.7703218277301496,-2.4492935982947064e-16,1.0,-0.7247927872291207,0.6889669190756859,0.9749279121818236,-0.22252093395631434
0.002615516363963252,-0.009550177802035867,0.010210858356823648,0.03337925162699877,2.1832116201453213,0.7666666666666666,0.770366713048162,-2.4492935982947064e-16,1.0,-0.5712682150947924,0.8207634412072763,0.43388373911755823,-0.900968867902419
-0.025223077337567356,-0.015267457310675045,-0.010237147488142242,-0.020408851769199408,-2.248615162184517,0.7666666666666666,0.7704115983661745,-2.4492935982947064e-16,1.0,-0.3943558551133187,0.9189578116202306,-0.433883739117558,-0.9009688679024191
0.010604858806383309,0.02531778353110258,0.013098358476255829,0.027956050161669712,0.3888731704144854,0.7666666666666666,0.770456483684187,-2.4492935982947064e-16,1.0,-0.20129852008866114,0.9795299412524943,-0.9749279121818236,-0.2225209339563146
0.03808739263227723,0.009950321410848074,0.010336061069077635,0.005000065104307523,0.34791165171961547,0.7833333333333333,0.7706360249562368,0.49999999999999994,0.8660254037844387,0.5712682150947923,0.8207634412072763,0.9749279121818236,-0.22252093395631434
0.0025740014677451055,0.0024722456827359573,0.037835497932729854,-0.030382113798232066,-0.8846161214142966,0.7833333333333333,0.7706809102742493,0.49999999999999994,0.8660254037844387,0.72479278722912,0.6889669190756866,0.43388373911755823,-0.900968867902419
-0.01489185781095066,0.011049737856306507,-0.048171559001807564,0.007682488667103406,-0.07802499123338272,0.7833333333333333,0.7707257955922618,0.49999999999999994,0.8660254037844387,0.8486442574947509,0.5289640103269624,-0.433883739117558,-0.9009688679024191
0.020020069161798743,-0.02097536767354047,0.03822123759095951,0.020202687854778384,-0.31376587500833536,0.7833333333333333,0.7707706809102743,0.49999999999999994,0.8660254037844387,0.9377521321470804,0.3473052528448203,-0.9749279121818236,-0.2225209339563146
0.015228705956849048,0.04629318148001811,0.04879011875636829,0.009950321410848074,2.0822188492440725,0.7833333333333333,0.7709053368643117,0.49999999999999994,0.8660254037844387,0.9680771188662043,-0.2506525322587204,0.7818314824680298,0.6234898018587336
0.0008057342876804088,-0.03883979734552017,-0.05551264368287266,0.0,-3.822562988722333,0.7833333333333333,0.7709502221823242,0.49999999999999994,0.8660254037844387,0.8978045395707416,-0.4403941515576344,0.9749279121818236,-0.22252093395631434
0.02407120543835896,0.02686367469197198,0.04353652102932451,0.007398359101006457,2.960030242187456,0.7833333333333333,0.7709951075003367,0.49999999999999994,0.8660254037844387,0.7907757369376989,-0.6121059825476626,0.43388373911755823,-0.900968867902419
-0.009876613611529755,-0.000024129399767415547,-0.014563349860448232,0.009780019361654006,-1.2179039890264538,0.7833333333333333,0.7710399928183491,0.49999999999999994,0.8660254037844387,0.6513724827222223,-0.758758122692791,-0.433883739117558,-0.9009688679024191
0.017220522429697235,-0.0023884722355768263,0.00973242732034403,0.0,0.39910374356667966,0.7833333333333333,0.7710848781363616,0.49999999999999994,0.8660254037844387,0.48530196253108104,-0.8743466161445821,-0.9749279121818236,-0.2225209339563146
0.00024385503177656574,0.009615449881982607,-0.007046629200917101,0.002430074591113635,0.9231705013639636,0.7833333333333333,0.7712644194084115,0.49999999999999994,0.8660254037844387,-0.29936312297335776,-0.9541392564000489,0.9749279121818236,-0.22252093395631434
0.004865001517026904,0.002389542121131396,0.01187755174102138,0.016847612005967634,-2.2407696356239946,0.7833333333333333,0.771309304726424,0.49999999999999994,0.8660254037844387,-0.4853019625310808,-0.8743466161445822,0.43388373911755823,-0.900968867902419
0.004599948588650251,0.0,0.0072028482466383326,-0.007185709997090511,0.5963331704050081,0.7833333333333333,0.7713541900444365,0.49999999999999994,0.8660254037844387,-0.6513724827222217,-0.7587581226927913,-0.433883739117558,-0.9009688679024191
0.004819282006023543,0.002383732285778579,-0.004772097058236815,0.0,1.1722674940859832,0.7833333333333333,0.771399075362449,0.49999999999999994,0.8660254037844387,-0.7907757369376986,-0.6121059825476627,-0.9749279121818236,-0.2225209339563146
0.0,-0.003123843409087079,0.002376945695507775,0.0,-0.5383959361839773,0.7833333333333333,0.7715337313164864,0.49999999999999994,0.8660254037844387,-0.9987165071710528,-0.05064916883871355,0.7818314824680298,0.6234898018587336
-0.04423321350471022,-0.00404458236055178,0.0,-0.0342331397071085,-0.2886431489313314,0.7833333333333333,0.7715786166344989,0.49999999999999994,0.8660254037844387,-0.9884683243281114,0.15142777750457667,0.9749279121818236,-0.22252093395631434
0.005012537031210991,0.0,-0.04162169298672944,0.002484530133934085,0.36401969993277195,0.7833333333333333,0.7716235019525114,0.49999999999999994,0.8660254037844387,-0.9377521321470804,0.3473052528448203,0.43388373911755823,-0.900968867902419
-0.0125787701350334,-0.029199125893145387,0.012422567093584014,-0.009975194728282157,-0.1101444507901922,0.7833333333333333,0.7716683872705239,0.49999999999999994,0.8660254037844387,-0.8486442574947509,0.5289640103269624,-0.433883739117558,-0.9009688679024191
0.012578770135033408,0.004926113418270598,-0.012422567093584021,0.007490664594348097,-1.5898108183204118,0.7833333333333333,0.7717132725885364,0.49999999999999994,0.8660254037844387,-0.7247927872291207,0.6889669190756859,-0.9749279121818236,-0.2225209339563146
0.004987536766390722,-0.0036923963976317887,0.009950321410848074,0.0,1.3835039860969418,0.7833333333333333,0.7718479285425738,0.49999999999999994,0.8660254037844387,-0.20129852008866114,0.9795299412524943,0.7818314824680298,0.6234898018587336
-0.03030532029749326,-0.006060223582373794,-0.00496278464445737,-0.020101160053479915,0.45170724561861375,0.7833333333333333,0.7718928138605863,0.49999999999999994,0.8660254037844387,-2.4492935982947064e-16,1.0,0.9749279121818236,-0.22252093395631434
0.00233060513251252,-0.02525097878400449,-0.027974715164980825,-0.005089064567689295,-0.796527186005655,0.7833333333333333,0.7719376991785988,0.8660254037844386,0.5000000000000001,0.20129852008866006,0.9795299412524945,0.43388373911755823,-0.900968867902419
-0.015234059192369483,0.010126659037970895,0.007873555111500887,-0.01025649013484849,0.6684360766743505,0.7833333333333333,0.7719825844966112,0.8660254037844386,0.5000000000000001,0.39435585511331855,0.9189578116202306,-0.433883739117558,-0.9009688679024191
0.012903454059856928,0.002515722182973634,0.010101086255878002,0.015345554702537978,-2.016990109811394,0.7833333333333333,0.7720274698146237,0.8660254037844386,0.5000000000000001,0.5712682150947923,0.8207634412072763,-0.9749279121818236,-0.2225209339563146
-0.015504233340894603,-0.017744428139822715,-0.017744428139822715,-0.017926260362408134,0.6664404326981385,0.7833333333333333,0.7721621257686612,0.8660254037844386,0.5000000000000001,0.9377521321470804,0.3473052528448203,0.7818314824680298,0.6234898018587336
-0.004934005864698941,0.010178195036000396,-0.022554278195094278,-0.0026650264128449445,-0.29314278124115584,0.7833333333333333,0.7722070110866736,0.8660254037844386,0.5000000000000001,0.9884683243281114,0.1514277775045767,0.9749279121818236,-0.22252093395631434
-0.01081433632054203,-0.02824324673696381,0.004489226494130775,-0.012960276937432125,0.42819703226006545,0.7833333333333333,0.7722518964046861,0.8660254037844386,0.5000000000000001,0.9987165071710528,-0.05064916883871264,0.43388373911755823,-0.900968867902419
-0.007968162080333081,0.0026007792810376893,-0.01574834218524093,-0.015873334137796888,-0.16274452450556223,0.7833333333333333,0.7722967817226986,0.8660254037844386,0.5000000000000001,0.9680771188662043,-0.2506525322587204,-0.433883739117558,-0.9009688679024191
-0.02702864625985619,-0.005208340256466822,-0.007968162080333081,0.01849456516045676,1.47602827581785,0.7833333333333333,0.772341667040711,0.8660254037844386,0.5000000000000001,0.8978045395707416,-0.4403941515576344,-0.9749279121818236,-0.2225209339563146
0.018996482253513837,0.01865010857698806,0.03407934314794421,0.007822718386154875,-0.899333229541163,0.7833333333333333,0.7724763229947484,0.8660254037844386,0.5000000000000001,0.48530196253108104,-0.8743466161445821,0.7818314824680298,0.6234898018587336
-0.01762759060193141,-0.006195329618771922,-0.05973909775621797,-0.05060995266464872,-0.8121984472043239,0.7833333333333333,0.7725212083127609,0.8660254037844386,0.5000000000000001,0.29936312297335804,-0.9541392564000488,0.9749279121818236,-0.22252093395631434
-0.006863405570863085,-0.033563722248361016,0.020312153395213722,-0.005479460395805272,0.22542521030887974,0.7833333333333333,0.7725660936307734,0.8660254037844386,0.5000000000000001,0.10116832198743272,-0.994869323391895,0.43388373911755823,-0.900968867902419
-0.022285089747890917,0.0,-0.03270049548379848,-0.025036120413185405,-0.4225770056658582,0.7833333333333333,0.7726109789487859,0.8660254037844386,0.5000000000000001,-0.10116832198743204,-0.9948693233918952,-0.433883739117558,-0.9009688679024191
0.002812938735484649,0.0053191564183196535,-0.011142166193409814,0.005617987036759496,0.5805909943257345,0.7833333333333333,0.7726558642667983,0.8660254037844386,0.5000000000000001,-0.29936312297335776,-0.9541392564000489,-0.9749279121818236,-0.2225209339563146
-0.045985069119416466,0.028760186729624358,-0.048790117420691205,0.035767255445618255,1.2320085370259222,0.7833333333333333,0.7728354055388483,0.8660254037844386,0.5000000000000001,-0.8978045395707417,-0.44039415155763423,0.9749279121818236,-0.22252093395631434
0.01610487051728265,-0.03407934314794419,0.01610487051728265,0.013423007444649979,-0.45352706066685194,0.7833333333333333,0.7728802908568607,0.8660254037844386,0.5000000000000001,-0.9680771188662041,-0.2506525322587213,0.43388373911755823,-0.900968867902419
0.05023345324309836,-0.013450071541131297,0.06303244013274104,-0.01612936642298425,-0.03371672966901499,0.7833333333333333,0.7729251761748732,0.8660254037844386,0.5000000000000001,-0.9987165071710528,-0.05064916883871355,-0.433883739117558,-0.9009688679024191
0.0046134102907224375,0.05267080914759988,0.005420062216286035,-0.010899279836871851,0.2769470395499622,0.7833333333333333,0.7729700614928857,0.8660254037844386,0.5000000000000001,-0.9884683243281114,0.15142777750457667,-0.9749279121818236,-0.2225209339563146
0.03499680834018925,0.0,0.021391169524982982,0.06624938386632481,-0.08890947521237307,0.7833333333333333,0.7731047174469232,0.8660254037844386,0.5000000000000001,-0.7247927872291207,0.6889669190756859,0.7818314824680298,0.6234898018587336
-0.024097528503317416,0.0,0.031252575526135445,-0.05535010402945291,-0.6114241134041669,0.7833333333333333,0.7731496027649356,0.8660254037844386,0.5000000000000001,-0.5712682150947924,0.8207634412072763,0.9749279121818236,-0.22252093395631434
0.013459140417036684,-0.002567392990779337,-0.04189096361241617,0.02673953546983538,-1.027802317147982,0.7833333333333333,0.7731944880829481,1.0,6.123233995736766e-17,0.20129852008866006,0.9795299412524945,0.43388373911755823,-0.900968867902419
0.0,-0.012728494147008152,0.0,0.005263165090945669,0.516244743749271,0.7833333333333333,0.7732393734009606,1.0,6.123233995736766e-17,0.39435585511331855,0.9189578116202306,-0.433883739117558,-0.9009688679024191
-0.016172843654988424,-0.006268284448209038,0.007989382424267296,-0.018543560143744413,1.6564831799821365,0.7833333333333333,0.7732842587189731,1.0,6.123233995736766e-17,0.5712682150947923,0.8207634412072763,-0.9749279121818236,-0.2225209339563146
-0.027549991219932637,-0.017656566020472077,-0.01874216386296978,-0.019875371832787404,0.10703069340893674,0.7833333333333333,0.7734189146730105,1.0,6.123233995736766e-17,0.9377521321470804,0.3473052528448203,0.7818314824680298,0.6234898018587336
-0.03614834088144992,-0.013423007444650008,-0.06911839431766847,0.009122590394084976,-0.9456343588815387,0.7833333333333333,0.773463799991023,1.0,6.123233995736766e-17,0.9884683243281114,0.1514277775045767,0.9749279121818236,-0.22252093395631434
0.05001824158318168,0.008075406231589869,0.07719380054925852,-0.01634912206919231,-0.8459906203994372,0.7833333333333333,0.7735086853090355,1.0,6.123233995736766e-17,0.9987165071710528,-0.05064916883871264,0.43388373911755823,-0.900968867902419
-0.05085843493854739,-0.008075406231589954,-0.032423479571375494,0.0027434832539862254,0.5462322284026175,0.7833333333333333,0.773553570627048,1.0,6.123233995736766e-17,0.9680771188662043,-0.2506525322587204,-0.433883739117558,-0.9009688679024191
0.042559574106475616,0.0,-0.002773154933284365,0.008185576598920183,-0.803365443452556,0.7833333333333333,0.7735984559450604,1.0,6.123233995736766e-17,0.8978045395707416,-0.4403941515576344,-0.9749279121818236,-0.2225209339563146
0.0,0.0,-0.0001666619161614566,0.005420062216286035,0.9053089126980323,0.7833333333333333,0.7737331118990979,1.0,6.123233995736766e-17,0.48530196253108104,-0.8743466161445821,0.7818314824680298,0.6234898018587336
0.0,0.04233432376182237,-0.00011112337732724036,0.010752781438702515,-0.14865635320382853,0.7833333333333333,0.7737779972171104,1.0,6.123233995736766e-17,0.29936312297335804,-0.9541392564000488,0.9749279121818236,-0.22252093395631434
0.0027739243143502347,-0.02624820143405644,0.027399013566558723,-0.024358420253908622,0.43066049959055697,0.7833333333333333,0.7738228825351228,1.0,6.123233995736766e-17,0.10116832198743272,-0.994869323391895,0.43388373911755823,-0.900968867902419
0.0,0.0026560415352040127,-0.024625089252208496,0.01360563881520608,-1.3910803314358318,0.7833333333333333,0.7738677678531353,1.0,6.123233995736766e-17,-0.10116832198743204,-0.9948693233918952,-0.433883739117558,-0.9009688679024191
-0.0027739243143501727,0.0209981271282919,0.01648393956955881,0.03974029099126156,2.0728634502002854,0.7833333333333333,0.7739126531711478,1.0,6.123233995736766e-17,-0.29936312297335776,-0.9541392564000489,-0.9749279121818236,-0.2225209339563146
-0.019635956130786295,-0.02365416866349581,0.024227272010415583,-0.028987509552559205,-0.12713607751858835,0.7833333333333333,0.7740473091251852,1.0,6.123233995736766e-17,-0.7907757369376986,-0.6121059825476627,0.7818314824680298,0.6234898018587336
0.015739502768641205,-0.005333340889063379,-0.0324352443969582,-0.042048248367406144,-1.3914257101922867,0.7833333333333333,0.7740921944431977,1.0,6.123233995736766e-17,-0.8978045395707417,-0.44039415155763423,0.9749279121818236,-0.22252093395631434
0.0038964533621448968,0.0026702260059476303,0.013642763090858028,0.02042580525531665,1.5986994219711497,0.7833333333333333,0.7741370797612102,1.0,6.123233995736766e-17,-0.9680771188662041,-0.2506525322587213,0.43388373911755823,-0.900968867902419
0.0027739243143502347,0.023716504265574045,-0.008163302695052731,0.01086966167338706,0.19265166729451805,0.7833333333333333,0.7741819650792227,1.0,6.123233995736766e-17,-0.9987165071710528,-0.05064916883871355,-0.433883739117558,-0.9009688679024191
0.011019450437002249,0.035809479840786015,0.03753788331971127,0.047502350592594174,0.881766431829265,0.7833333333333333,0.7742268503972352,1.0,6.123233995736766e-17,-0.9884683243281114,0.15142777750457667,-0.9749279121818236,-0.2225209339563146
0.04027386046153039,0.017435104124794962,0.02083412894626995,0.04040949940047506,-0.6431400599831391,0.7833333333333333,0.7743615063512725,1.0,6.123233995736766e-17,-0.7247927872291207,0.6889669190756859,0.7818314824680298,0.6234898018587336
0.025975523404794403,0.024391429009236073,0.024441123413535496,0.0024722456827359573,-0.4221577116806472,0.7833333333333333,0.774406391669285,1.0,6.123233995736766e-17,-0.5712682150947924,0.8207634412072763,0.9749279121818236,-0.22252093395631434
0.01778952431691799,-0.03681399610282008,0.006018054576091596,-0.014925694921541364,-0.8040466648672709,0.7833333333333333,0.7744512769872975,1.0,6.123233995736766e-17,-0.3943558551133187,0.9189578116202306,0.43388373911755823,-0.900968867902419
0.0,0.01980260859668314,-0.0025031278279573394,0.022305736424640583,1.0738913465468047,0.7833333333333333,0.7744961623053099,1.0,6.123233995736766e-17,-0.20129852008866114,0.9795299412524943,-0.433883739117558,-0.9009688679024191
-0.04640009287653526,0.004889980733338848,0.01739172622799887,-0.014815071830292448,0.3128689658759014,0.7833333333333333,0.7745410476233224,1.0,6.123233995736766e-17,-2.4492935982947064e-16,1.0,-0.9749279121818236,-0.2225209339563146
0.03293449503704155,0.012121406772797938,-0.022416857614226106,-0.0024905994900405264,-0.5876825407641316,0.7833333333333333,0.7746757035773599,0.8660254037844387,-0.4999999999999998,0.5712682150947923,0.8207634412072763,0.7818314824680298,0.6234898018587336
0.024512677429155662,0.0,0.01747858062503278,0.004975129623974797,-0.7495515821491726,0.7833333333333333,0.7747205888953723,0.8660254037844387,-0.4999999999999998,0.72479278722912,0.6889669190756866,0.9749279121818236,-0.22252093395631434
-0.039146025195876274,-0.009685296229311491,-0.030153009265626557,-0.0074720669003248376,-0.3970472875519233,0.7833333333333333,0.7747654742133848,0.8660254037844387,-0.4999999999999998,0.8486442574947509,0.5289640103269624,0.43388373911755823,-0.900968867902419
0.01030942128929636,-0.0026800250550444746,-0.004858736873332082,0.004987536766390722,-0.669826086819413,0.7833333333333333,0.7748103595313973,0.8660254037844387,-0.4999999999999998,0.9377521321470804,0.3473052528448203,-0.433883739117558,-0.9009688679024191
0.00258636723636637,-0.029461211849675244,0.012482654593077142,-0.015340929284814942,0.5974122821253244,0.7833333333333333,0.7748552448494098,0.8660254037844387,-0.4999999999999998,0.9884683243281114,0.1514277775045767,-0.9749279121818236,-0.2225209339563146
-0.012895788525662628,0.005012537031210991,0.012578770135033408,0.010353392518424097,1.0699453894083961,0.7833333333333333,0.7749899008034472,0.8660254037844387,-0.4999999999999998,0.8978045395707416,-0.4403941515576344,0.7818314824680298,0.6234898018587336
0.033124076992441555,0.01980260859668314,0.006031762941913849,0.0,0.8584801569866063,0.7833333333333333,0.7750347861214597,0.8660254037844387,-0.4999999999999998,0.7907757369376989,-0.6121059825476626,0.9749279121818236,-0.22252093395631434
-0.027956050161669715,-0.007380041503099163,-0.018610533076947256,0.009950321410848074,-0.8705749885238051,0.7833333333333333,0.7750796714394722,0.8660254037844387,-0.4999999999999998,0.6513724827222223,-0.758758122692791,0.43388373911755823,-0.900968867902419
0.03043420333160206,0.00982807914878778,0.03238137873171655,-0.0024782545105232227,-0.5047407247631159,0.7833333333333333,0.7751245567574847,0.8660254037844387,-0.4999999999999998,0.48530196253108104,-0.8743466161445821,-0.433883739117558,-0.9009688679024191
0.000024974658025029954,-0.004901965730517207,-0.019802608596683105,0.009876613611529673,0.3548687447274049,0.7833333333333333,0.7753040980295346,0.8660254037844387,-0.4999999999999998,-0.29936312297335776,-0.9541392564000489,0.7818314824680298,0.6234898018587336
0.0,0.0024539280848285537,0.007472066900324853,-0.004926113418270593,-0.07178062164392378,0.7833333333333333,0.7753489833475471,0.8660254037844387,-0.4999999999999998,-0.4853019625310808,-0.8743466161445822,0.9749279121818236,-0.22252093395631434
-0.0025031278279573394,0.0,-0.0074720669003248376,0.007380041503099141,2.3023536349520155,0.7833333333333333,0.7753938686655596,0.8660254037844387,-0.4999999999999998,-0.6513724827222217,-0.7587581226927913,0.43388373911755823,-0.900968867902419
0.02475377407032904,0.1454999139263622,0.02225064624237178,0.08004274363410643,0.3532009846063912,0.7833333333333333,0.775438753983572,0.8660254037844387,-0.4999999999999998,-0.7907757369376986,-0.6121059825476627,-0.433883739117558,-0.9009688679024191
0.08884335432622292,-0.014729643534546035,0.09107804332210603,0.020157490913758336,-0.2925618950927072,0.7833333333333333,0.7754836393015845,0.8660254037844387,-0.4999999999999998,-0.8978045395707417,-0.44039415155763423,-0.9749279121818236,-0.2225209339563146
0.024310619779541288,0.0884440064635075,0.022075930783658302,0.09106813851848158,0.11925858653428023,0.7833333333333333,0.775618295255622,0.8660254037844387,-0.4999999999999998,-0.9884683243281114,0.15142777750457667,0.7818314824680298,0.6234898018587336
0.006528904502439876,0.013685486621695313,0.08773893096607362,-0.028770246975094737,0.06988762307591691,0.7833333333333333,0.7756631805736344,0.8660254037844387,-0.4999999999999998,-0.9377521321470804,0.3473052528448203,0.9749279121818236,-0.22252093395631434
0.0172047086882457,-0.029558820759492094,-0.06400531777538811,0.00831965644713831,-1.4618541766471607,0.7833333333333333,0.7757080658916469,0.8660254037844387,-0.4999999999999998,-0.8486442574947509,0.5289640103269624,0.43388373911755823,-0.900968867902419
0.009549160176668823,-0.01005037438579784,0.03560587072578951,0.014359158474501787,-1.3654374691113604,0.7833333333333333,0.7757529512096594,0.8660254037844387,-0.4999999999999998,-0.7247927872291207,0.6889669190756859,-0.433883739117558,-0.9009688679024191
0.0010553325842957307,-0.008113627318837371,-0.0197409562981486,-0.0061286674134019845,-0.24575222596580104,0.7833333333333333,0.7757978365276719,0.8660254037844387,-0.4999999999999998,-0.5712682150947924,0.8207634412072763,-0.9749279121818236,-0.2225209339563146
0.03523682330978837,0.07075644820454834,0.04613835480896994,0.06543461977108801,2.278468535078153,0.7833333333333333,0.7759324924817093,0.5000000000000003,-0.8660254037844385,0.20129852008866006,0.9795299412524945,0.7818314824680298,0.6234898018587336
0.021159484061421492,0.011302077547820298,0.056490273559276216,-0.01547418159630223,-1.433451892212953,0.7833333333333333,0.7759773777997218,0.5000000000000003,-0.8660254037844385,0.39435585511331855,0.9189578116202306,0.9749279121818236,-0.22252093395631434
-0.011027646363128639,-0.012251316254756596,-0.02687308396309075,0.0,-0.9145923840885712,0.7833333333333333,0.7760222631177343,0.5000000000000003,-0.8660254037844385,0.5712682150947923,0.8207634412072763,0.43388373911755823,-0.900968867902419
0.023905498144139267,-0.02014457030490298,0.003883496430666036,0.0019473720006593052,0.7084967257981419,0.7833333333333333,0.7760671484357468,0.5000000000000003,-0.8660254037844385,0.72479278722912,0.6889669190756866,-0.433883739117558,-0.9009688679024191
-0.0216901803224563,0.007722038985425329,-0.003883496430665945,0.009680654711425497,-0.1341283774099567,0.7833333333333333,0.7761120337537591,0.5000000000000003,-0.8660254037844385,0.8486442574947509,0.5289640103269624,-0.9749279121818236,-0.2225209339563146
0.01727100045357809,0.0741079918036052,0.01352680959564284,0.05983095650124164,2.61100644052993,0.7833333333333333,0.7762466897077966,0.5000000000000003,-0.8660254037844385,0.9987165071710528,-0.05064916883871264,0.7818314824680298,0.6234898018587336
0.06735699795058507,0.026433274098054106,0.06860889963331815,0.028624466491207406,-1.2400615323093165,0.7833333333333333,0.7762915750258091,0.5000000000000003,-0.8660254037844385,0.9680771188662043,-0.2506525322587204,0.9749279121818236,-0.22252093395631434
0.011029513424096766,-0.006998361532518559,0.0053619806134942005,-0.007079668716800425,-0.8309872839401823,0.7833333333333333,0.7763364603438215,0.5000000000000003,-0.8660254037844385,0.8978045395707416,-0.4403941515576344,0.43388373911755823,-0.900968867902419
-0.001829781334262149,0.006998361532518627,-0.0017841626227587816,0.01760607157677196,0.2689289221028061,0.7833333333333333,0.776381345661834,0.5000000000000003,-0.8660254037844385,0.7907757369376989,-0.6121059825476626,-0.433883739117558,-0.9009688679024191
-0.06820827571265517,-0.001740684352669165,0.019452449637444674,-0.02294895334414942,0.4566460157893073,0.7833333333333333,0.7764262309798465,0.5000000000000003,-0.8660254037844385,0.6513724827222223,-0.758758122692791,-0.9749279121818236,-0.2225209339563146
0.07277659703814246,0.0017406843526691497,0.001749738363274911,0.0017841626227588217,-0.22183306751677095,0.7833333333333333,0.776560886933884,0.5000000000000003,-0.8660254037844385,0.10116832198743272,-0.994869323391895,0.7818314824680298,0.6234898018587336
-0.03998675913491242,-0.030011092088789607,-0.03922067647349926,-0.05119951947027164,0.8218529100216216,0.7833333333333333,0.7766057722518964,0.5000000000000003,-0.8660254037844385,-0.10116832198743204,-0.9948693233918952,0.9749279121818236,-0.22252093395631434
-0.03667968959403598,-0.03464340257032541,-0.03515626776055876,-0.0018778882429634095,-0.991566956082802,0.7833333333333333,0.7766506575699089,0.5000000000000003,-0.8660254037844385,-0.29936312297335776,-0.9541392564000489,0.43388373911755823,-0.900968867902419
0.0347804009232969,0.02925260197484059,-0.005665687023267306,0.0314548782100292,0.4228156051805643,0.7833333333333333,0.7766955428879214,0.5000000000000003,-0.8660254037844385,-0.4853019625310808,-0.8743466161445822,-0.433883739117558,-0.9009688679024191
-0.040544803365041904,-0.001803468251527333,0.03352265928883946,-0.07565035329035244,-0.20034700403770572,0.7833333333333333,0.7767404282059339,0.5000000000000003,-0.8660254037844385,-0.6513724827222217,-0.7587581226927913,-0.9749279121818236,-0.2225209339563146
-0.04060758161222903,-0.06333590496585768,-0.0642943800437643,-0.048299175254401784,0.009383774443159978,0.7833333333333333,0.7768750841599713,0.5000000000000003,-0.8660254037844385,-0.9680771188662041,-0.2506525322587213,0.7818314824680298,0.6234898018587336
-0.01663238438438828,-0.0038535657754703747,-0.06245734447814995,0.0020597800984979817,-0.2842342118066043,0.7833333333333333,0.7769199694779838,0.5000000000000003,-0.8660254037844385,-0.9987165071710528,-0.05064916883871355,0.9749279121818236,-0.22252093395631434
-0.0020985845738686016,-0.02739894861769571,0.02169643897367247,-0.0020597800984979747,0.22993319585159266,0.7833333333333333,0.7769648547959963,0.5000000000000003,-0.8660254037844385,-0.9884683243281114,0.15142777750457667,0.43388373911755823,-0.900968867902419
-0.0298530360048611,-0.03842738922842979,-0.013414825909193141,-0.020834067239453857,-0.320352633635422,0.7833333333333333,0.7770097401140088,0.5000000000000003,-0.8660254037844385,-0.9377521321470804,0.3473052528448203,-0.433883739117558,-0.9009688679024191
0.008835288780409924,0.032457275495765846,-0.025053478749712484,0.05129329438755048,0.26521484473363816,0.7833333333333333,0.7770546254320212,0.5000000000000003,-0.8660254037844385,-0.8486442574947509,0.5289640103269624,-0.9749279121818236,-0.2225209339563146
0.03146710311822896,0.002989512141963123,0.055512705897809274,-0.038740840212575976,-0.5968803129918703,0.7833333333333333,0.7772341667040712,0.5000000000000003,-0.8660254037844385,-0.20129852008866114,0.9795299412524943,0.9749279121818236,-0.22252093395631434
-0.018888317074982886,-0.027233196740511514,-0.04082195478382607,-0.008350771319909049,-0.8066020567939883,0.7833333333333333,0.7772790520220836,0.5000000000000003,-0.8660254037844385,-2.4492935982947064e-16,1.0,0.43388373911755823,-0.900968867902419
0.01680720250373278,0.010173066599698768,0.0010410490464081417,0.014568451353348227,0.851328092542625,0.7833333333333333,0.7773239373400961,1.2246467991473532e-16,-1.0,0.20129852008866006,0.9795299412524945,-0.433883739117558,-0.9009688679024191
0.002081114571250138,-0.000020270610723298692,0.017535269486538746,-0.0020683003863302307,-0.732956302085602,0.7833333333333333,0.7773688226581086,1.2246467991473532e-16,-1.0,0.39435585511331855,0.9189578116202306,-0.9749279121818236,-0.2225209339563146
-0.014659984801847572,-0.018366386886193013,-0.00821359089721744,-0.012500150967017893,-0.11770946567290354,0.7833333333333333,0.777503478612146,1.2246467991473532e-16,-1.0,0.8486442574947509,0.5289640103269624,0.7818314824680298,0.6234898018587336
-0.003487084841009263,-0.0020639330310401926,-0.020834067239453857,-0.0020985845738686016,-0.9507556123812864,0.7833333333333333,0.7775483639301585,1.2246467991473532e-16,-1.0,0.9377521321470804,0.3473052528448203,0.9749279121818236,-0.22252093395631434
0.0034870848410092697,0.010277523928257497,0.010471339603724442,0.020790749056754806,1.4336285149080652,0.7833333333333333,0.777593249248171,1.2246467991473532e-16,-1.0,0.9884683243281114,0.1514277775045767,0.43388373911755823,-0.900968867902419
0.007566293462957477,-0.010277523928257605,0.008298794604689132,-0.0041237131295381434,-1.9113143467000362,0.7833333333333333,0.7776381345661835,1.2246467991473532e-16,-1.0,0.9987165071710528,-0.05064916883871264,-0.433883739117558,-0.9009688679024191
-0.0054587628360843144,-0.0020683003863302307,-0.0020683003863302307,-0.018770134208413645,0.05986601977517829,0.7833333333333333,0.777683019884196,1.2246467991473532e-16,-1.0,0.9680771188662043,-0.2506525322587204,-0.9749279121818236,-0.2225209339563146
-0.014996127986758001,0.0041322334173704315,-0.01670183382208351,0.004201682855065479,1.371550469289766,0.7833333333333333,0.7778176758382334,1.2246467991473532e-16,-1.0,0.6513724827222223,-0.758758122692791,0.7818314824680298,0.6234898018587336
-0.039071093283517766,-0.01663238438438828,0.0021030982811968487,-0.04941929725077565,0.5889961872882901,0.7833333333333333,0.7778625611562459,1.2246467991473532e-16,-1.0,0.48530196253108104,-0.8743466161445821,0.9749279121818236,-0.22252093395631434
-0.004454346091905699,-0.008421094365324252,-0.045120441445138465,0.04099820288545141,-0.3107378487517069,0.7833333333333333,0.7779074464742584,1.2246467991473532e-16,-1.0,0.29936312297335804,-0.9541392564000488,0.43388373911755823,-0.900968867902419
0.019890191784408782,0.0,0.010929007880390319,0.0,-0.5367024719249321,0.7833333333333333,0.7779523317922707,1.2246467991473532e-16,-1.0,0.10116832198743272,-0.994869323391895,-0.433883739117558,-0.9009688679024191
-0.056257800476329216,-0.010627133286517867,0.01724179048677462,-0.0837493833592462,1.4599493782432842,0.7833333333333333,0.7779972171102832,1.2246467991473532e-16,-1.0,-0.10116832198743204,-0.9948693233918952,-0.9749279121818236,-0.2225209339563146
-0.016312897968223047,-0.06624932273335547,-0.07312225007272835,0.006872927339372961,0.2639004255883191,0.7833333333333333,0.7781318730643207,1.2246467991473532e-16,-1.0,-0.6513724827222217,-0.7587581226927913,0.7818314824680298,0.6234898018587336
-0.011858064147966097,0.0068259043419073235,0.013698831681280374,-0.018433683459957186,-1.476914041344365,0.7833333333333333,0.7781767583823332,1.2246467991473532e-16,-1.0,-0.7907757369376986,-0.6121059825476627,0.9749279121818236,-0.22252093395631434
-0.002383732285778536,-0.01369883168128035,-0.03695567192199986,0.011560756120584355,1.084753010816771,0.7833333333333333,0.7782216437003456,1.2246467991473532e-16,-1.0,-0.8978045395707417,-0.44039415155763423,0.43388373911755823,-0.900968867902419
-0.01927768659708111,0.027212538511440502,-0.011834503060066504,0.027212538511440502,0.3773888055780683,0.7833333333333333,0.7782665290183581,1.2246467991473532e-16,-1.0,-0.9680771188662041,-0.2506525322587213,-0.433883739117558,-0.9009688679024191
0.06133992192624608,0.04162705370488596,0.05556990945536512,0.03300631863440022,0.20018522269713626,0.7833333333333333,0.7783114143363706,1.2246467991473532e-16,-1.0,-0.9987165071710528,-0.05064916883871355,-0.9749279121818236,-0.2225209339563146
-0.04564857893183035,-0.012350624797731868,0.03104459213640266,-0.03749062700650483,-2.020832100907736,0.7833333333333333,0.778446070290408,1.2246467991473532e-16,-1.0,-0.8486442574947509,0.5289640103269624,0.7818314824680298,0.6234898018587336
0.024838654626531682,0.0056761118337406,-0.0677459228536801,0.022223221566227525,1.6865995163263974,0.7833333333333333,0.7784909556084205,1.2246467991473532e-16,-1.0,-0.7247927872291207,0.6889669190756859,0.9749279121818236,-0.22252093395631434
0.027878734415285614,0.03209968796694364,0.06774592285368009,-0.03125262002428298,0.4750266773842664,0.7833333333333333,0.778535840926433,1.2246467991473532e-16,-1.0,-0.5712682150947924,0.8207634412072763,0.43388373911755823,-0.900968867902419
-0.018576351037184306,-0.06258793961807217,-0.05844353947557884,0.009029398458055669,-1.3774933840498775,0.7833333333333333,0.7785807262444455,1.2246467991473532e-16,-1.0,-0.3943558551133187,0.9189578116202306,-0.433883739117558,-0.9009688679024191
-0.0234203636621472,0.045709817355874635,0.022884271358232112,0.054658414817745464,0.9642772268348996,0.7833333333333333,0.778625611562458,1.2246467991473532e-16,-1.0,-0.20129852008866114,0.9795299412524943,-0.9749279121818236,-0.2225209339563146
0.062017572447950836,0.016878122262197547,0.05501937466715889,-0.04126526386968782,0.3371255144161752,0.7833333333333333,0.7787602675164954,-0.4999999999999997,-0.8660254037844388,0.5712682150947923,0.8207634412072763,0.7818314824680298,0.6234898018587336
-0.01345310547095458,-0.04931331551371551,-0.052759542710542034,0.0,-1.156205009001363,0.7833333333333333,0.7788500381525204,-0.4999999999999997,-0.8660254037844388,0.8486442574947509,0.5289640103269624,0.43388373911755823,-0.900968867902419
-0.0022598319566167757,0.021632389080815977,0.02672772957531125,0.026259688550964767,0.9257920207331065,0.7833333333333333,0.7788949234705328,-0.4999999999999997,-0.8660254037844388,0.9377521321470804,0.3473052528448203,-0.433883739117558,-0.9009688679024191
0.016825929113299526,0.010802804170701842,0.019587062580899123,-0.00216221249251755,0.10036700632274037,0.7833333333333333,0.7789398087885453,-0.4999999999999997,-0.8660254037844388,0.9884683243281114,0.1514277775045767,-0.9749279121818236,-0.2225209339563146
0.00797705352980519,0.0021254479933449275,-0.006486451493040867,0.004319657140621676,-1.7493745415709825,0.7833333333333333,0.7790744647425828,-0.4999999999999997,-0.8660254037844388,0.8978045395707416,-0.4403941515576344,0.7818314824680298,0.6234898018587336
0.008570546474992197,-0.012820676019081425,0.004329006844936752,-0.015201094994730229,-0.569319227687372,0.7833333333333333,0.7791193500605952,-0.4999999999999997,-0.8660254037844388,0.7907757369376989,-0.6121059825476626,0.9749279121818236,-0.22252093395631434
-0.0043859675861688515,0.0,-0.01611179615572497,0.0130436503466261,1.0867851021883839,0.7833333333333333,0.7791642353786077,-0.4999999999999997,-0.8660254037844388,0.6513724827222223,-0.758758122692791,0.43388373911755823,-0.900968867902419
-0.011049878106334215,0.01705796642790127,0.020422143448711603,0.01713102331206806,0.9828455286027905,0.7833333333333333,0.7792091206966202,-0.4999999999999997,-0.8660254037844388,0.48530196253108104,-0.8743466161445821,-0.433883739117558,-0.9009688679024191
-0.02931441385662874,0.0021118808833856186,0.010695228025736534,0.006349171292205422,0.5923764312599271,0.7833333333333333,0.7792540060146327,-0.4999999999999997,-0.8660254037844388,0.29936312297335804,-0.9541392564000488,-0.9749279121818236,-0.2225209339563146
0.011376730431034803,-0.008474619285550513,-0.02368241081812387,-0.05418443664142517,-0.4377921564902645,0.7833333333333333,0.7793886619686701,-0.4999999999999997,-0.8660254037844388,-0.29936312297335776,-0.9541392564000489,0.7818314824680298,0.6234898018587336
-0.022884271358232223,-0.04126526386968782,-0.04227549471737088,0.002224745998022385,-0.018627168402652248,0.7833333333333333,0.7794335472866826,-0.4999999999999997,-0.8660254037844388,-0.4853019625310808,-0.8743466161445822,0.9749279121818236,-0.22252093395631434
0.03065942371731862,0.02193068170602811,0.022472834177642478,0.0,-0.08173924659461804,0.7833333333333333,0.7794784326046951,-0.4999999999999997,-0.8660254037844388,-0.6513724827222217,-0.7587581226927913,0.43388373911755823,-0.900968867902419
0.016807120100483946,-0.004347828654464175,0.01980266053972827,0.006644589033976422,-3.482582941590814,0.7833333333333333,0.7795233179227076,-0.4999999999999997,-0.8660254037844388,-0.7907757369376986,-0.6121059825476627,-0.433883739117558,-0.9009688679024191
-0.0521069187537898,0.0021762254469964042,-0.06526499025954167,0.004405289072357788,2.3383891712104017,0.7833333333333333,0.77956820324072,-0.4999999999999997,-0.8660254037844388,-0.8978045395707417,-0.44039415155763423,-0.9749279121818236,-0.2225209339563146
0.02301225341981122,-0.008733671785050415,0.04323758372179095,-0.004405289072357769,0.8766647426958664,0.7833333333333333,0.7797028591947575,-0.4999999999999997,-0.8660254037844388,-0.9884683243281114,0.15142777750457667,0.7818314824680298,0.6234898018587336
-0.000022757877640289747,-0.004395607327108627,-0.0022296000938832375,-0.029117423211619017,-1.003865101395411,0.7833333333333333,0.77974774451277,-0.4999999999999997,-0.8660254037844388,-0.9377521321470804,0.3473052528448203,0.9749279121818236,-0.22252093395631434
0.011299490717749322,-0.017778229065734136,-0.004474276099262872,0.011299490717749322,-2.0936038554923404,0.7833333333333333,0.7797926298307823,-0.4999999999999997,-0.8660254037844388,-0.8486442574947509,0.5289640103269624,0.43388373911755823,-0.900968867902419
-0.011299490717749354,0.00447427609926283,-0.0022447212687246683,-0.0022496639847567825,1.0398678316725263,0.7833333333333333,0.7798375151487948,-0.4999999999999997,-0.8660254037844388,-0.7247927872291207,0.6889669190756859,-0.433883739117558,-0.9009688679024191
-0.022989495542170862,0.0022296000938831022,-0.03196616247693309,0.011198261446627535,1.141113544708085,0.7833333333333333,0.7798824004668073,-0.4999999999999997,-0.8660254037844388,-0.5712682150947924,0.8207634412072763,-0.9749279121818236,-0.2225209339563146
0.006952457338088807,-0.0022296000938832375,0.03868515984492067,-0.030528036094110096,-0.592360869030033,0.7833333333333333,0.7800170564208448,-0.4999999999999997,-0.8660254037844388,-2.4492935982947064e-16,1.0,0.7818314824680298,0.6234898018587336
-0.015477055089494549,-0.008968661352744359,-0.010411167087235702,-0.005757090289591991,1.9647786333596962,0.7833333333333333,0.7800619417388572,-0.8660254037844385,-0.5000000000000004,0.20129852008866006,0.9795299412524945,0.9749279121818236,-0.22252093395631434
-0.015005989428796017,-0.020478566154579034,-0.019036060420087757,-0.016298310385141457,-1.3300184908781412,0.7833333333333333,0.7801068270568697,-0.8660254037844385,-0.5000000000000004,0.39435585511331855,0.9189578116202306,0.43388373911755823,-0.900968867902419
-0.009569442282869082,0.015963890173635243,-0.023256840240719518,-0.011806557254079511,1.3484261937097881,0.7833333333333333,0.7801517123748822,-0.8660254037844385,-0.5000000000000004,0.5712682150947923,0.8207634412072763,-0.433883739117558,-0.9009688679024191
0.002592876461088175,-0.03687049934127215,0.002350231073082586,-0.008875368086934704,-0.9266553747636681,0.7833333333333333,0.7801965976928947,-0.8660254037844385,-0.5000000000000004,0.72479278722912,0.6889669190756866,-0.9749279121818236,-0.2225209339563146
-0.11036012355649151,-0.011806557254079511,-0.011806557254079511,-0.0473054645797144,1.659052818918323,0.7833333333333333,0.7803312536469321,-0.8660254037844385,-0.5000000000000004,0.9884683243281114,0.1514277775045767,0.7818314824680298,0.6234898018587336
0.043228787090801586,-0.043696228735113224,-0.06374706577047144,-0.0101010862558781,-1.94456203620884,0.7833333333333333,0.7803761389649446,-0.8660254037844385,-0.5000000000000004,0.9987165071710528,-0.05064916883871264,0.9749279121818236,-0.22252093395631434
-0.04994469068724149,-0.03793124488995185,-0.020461113514463884,-0.04410574143216229,0.7330196937042163,0.7833333333333333,0.7804210242829571,-0.8660254037844385,-0.5000000000000004,0.9680771188662043,-0.2506525322587204,0.43388373911755823,-0.900968867902419
-0.0038619241368845203,-0.010362838882370162,-0.046084514705731335,-0.013351320424662099,-0.7097903610029284,0.7833333333333333,0.7804659096009696,-0.8660254037844385,-0.5000000000000004,0.8978045395707416,-0.4403941515576344,-0.433883739117558,-0.9009688679024191
-0.05703905399584963,-0.03713951171022399,0.0011628697730073007,-0.06096070748060903,0.8651475272521113,0.7833333333333333,0.780510794918982,-0.8660254037844385,-0.5000000000000004,0.7907757369376989,-0.6121059825476626,-0.9749279121818236,-0.2225209339563146
-0.023418592303097358,-0.018934915388001246,-0.06259444824655928,0.011363747874334085,-0.5577703717318178,0.7833333333333333,0.7806454508730195,-0.8660254037844385,-0.5000000000000004,0.29936312297335804,-0.9541392564000488,0.7818314824680298,0.6234898018587336
0.02705014800743779,-0.01683234005761703,0.018388332078591925,0.0084388607223491,-1.7101130710702057,0.7833333333333333,0.780690336191032,-0.8660254037844385,-0.5000000000000004,0.10116832198743272,-0.994869323391895,0.9749279121818236,-0.22252093395631434
-0.003860725526225798,-0.005617987036759381,0.002820873685589742,-0.019802608596683105,0.027567728181354955,0.7833333333333333,0.7807352215090444,-0.8660254037844385,-0.5000000000000004,-0.10116832198743204,-0.9948693233918952,0.43388373911755823,-0.900968867902419
-0.04091153073918294,-0.01418462155992368,-0.03730701667260708,-0.02605065202965303,1.2990725851604397,0.7833333333333333,0.7807801068270569,-0.8660254037844385,-0.5000000000000004,-0.29936312297335776,-0.9541392564000489,-0.433883739117558,-0.9009688679024191
-0.01204203610592042,0.011363747874334085,-0.03269240128086098,0.037414399903987094,0.5875499131352395,0.7833333333333333,0.7808249921450694,-0.8660254037844385,-0.5000000000000004,-0.4853019625310808,-0.8743466161445822,-0.9749279121818236,-0.2225209339563146
0.02682728756953623,-0.011363747874334036,0.05581479639354426,-0.03156643572911252,-0.559232190554525,0.7833333333333333,0.7809596480991068,-0.8660254037844385,-0.5000000000000004,-0.8978045395707417,-0.44039415155763423,0.7818314824680298,0.6234898018587336
-0.029853005648536338,-0.017291480476206843,-0.017291480476206843,-0.011730328303046742,0.24725790474790318,0.7833333333333333,0.7810045334171193,-0.8660254037844385,-0.5000000000000004,-0.9680771188662041,-0.2506525322587213,0.9749279121818236,-0.22252093395631434
-0.033901519288622624,-0.01759574466597464,-0.02651117065007658,-0.06080901760334175,-0.9031393030700282,0.7833333333333333,0.7810494187351318,-0.8660254037844385,-0.5000000000000004,-0.9987165071710528,-0.05064916883871355,0.43388373911755823,-0.900968867902419
-0.02106673197596775,0.0029542089843561685,-0.0458094926622427,0.06080901760334175,0.7743715722705449,0.7833333333333333,0.7810943040531443,-0.8660254037844385,-0.5000000000000004,-0.9884683243281114,0.15142777750457667,-0.433883739117558,-0.9009688679024191
-0.08813261460625411,0.0,0.057679127630700766,-0.09915241248345419,0.9599251471979223,0.7833333333333333,0.7811391893711568,-0.8660254037844385,-0.5000000000000004,-0.9377521321470804,0.3473052528448203,-0.9749279121818236,-0.2225209339563146
-0.021202188000719557,-0.07660711900840844,-0.10241505507274985,-0.006535964868773635,0.560126274343164,0.7833333333333333,0.7812738453251942,-0.8660254037844385,-0.5000000000000004,-0.5712682150947924,0.8207634412072763,0.7818314824680298,0.6234898018587336
-0.05619244880406811,-0.012820752601721806,-0.0366097107490931,-0.02995229376185531,-0.03140747765444386,0.7833333333333333,0.7813187306432067,-0.8660254037844385,-0.5000000000000004,-0.3943558551133187,0.9189578116202306,0.9749279121818236,-0.22252093395631434
0.10837823516850822,0.009630960387242236,0.006756775931982309,0.05584375989119519,-0.7607790745673386,0.7833333333333333,0.7813636159612192,-0.8660254037844385,-0.5000000000000004,-0.20129852008866114,0.9795299412524943,0.43388373911755823,-0.900968867902419
0.06241764681343457,0.1618797292067287,0.06516964950899747,0.11458299364609892,0.24037438952913193,0.7833333333333333,0.7814085012792316,-0.8660254037844385,-0.5000000000000004,-2.4492935982947064e-16,1.0,-0.433883739117558,-0.9009688679024191
0.09415141153550091,-0.04849402801242036,0.09903135653868846,-0.005714295813826602,-1.6212541969182748,0.7833333333333333,0.7814533865972441,-1.0,-1.8369701987210297e-16,0.20129852008866006,0.9795299412524945,-0.9749279121818236,-0.2225209339563146
0.002894355230134138,0.004042241882438503,0.002853066265385662,0.005714295813826708,0.25227395382556456,0.7833333333333333,0.7816329278692941,-1.0,-1.8369701987210297e-16,0.8486442574947509,0.5289640103269624,0.9749279121818236,-0.22252093395631434
-0.0781177753879275,0.0,0.0028449494306480257,-0.014347434665984182,1.1369614897711973,0.7833333333333333,0.7816778131873064,-1.0,-1.8369701987210297e-16,0.9377521321470804,0.3473052528448203,0.43388373911755823,-0.900968867902419
0.003120124318874584,-0.011428684924131786,-0.022989496172240394,0.005763699172500381,-0.20534780418612414,0.7833333333333333,0.781722698505319,-1.0,-1.8369701987210297e-16,0.9884683243281114,0.1514277775045767,-0.433883739117558,-0.9009688679024191
0.00031145538957831094,0.05337731469360726,0.061991682845121125,-0.07765093082578844,1.0379617886736139,0.7833333333333333,0.7817675838233314,-1.0,-1.8369701987210297e-16,0.9987165071710528,-0.05064916883871264,-0.9749279121818236,-0.2225209339563146
0.00929950032341029,-0.04194862976947532,-0.11267319178799087,0.06899287642315383,-1.9547334632046287,0.7833333333333333,0.7819022397773688,-1.0,-1.8369701987210297e-16,0.7907757369376989,-0.6121059825476626,0.7818314824680298,0.6234898018587336
0.06249234012593011,0.011299544599374666,0.059364623127499155,0.0057803573391555264,0.8328045395689929,0.7833333333333333,0.7819471250953813,-1.0,-1.8369701987210297e-16,0.6513724827222223,-0.758758122692791,0.9749279121818236,-0.22252093395631434
0.0,0.016713465433389606,-0.005780357339155479,0.014306381987610884,0.10513823968167525,0.7833333333333333,0.7819920104133938,-1.0,-1.8369701987210297e-16,0.48530196253108104,-0.8743466161445821,0.43388373911755823,-0.900968867902419
-0.02941392749555062,-0.011111215122715117,0.03138628392614116,-0.0028449494306480943,0.16247185295130162,0.7833333333333333,0.7820368957314063,-1.0,-1.8369701987210297e-16,0.29936312297335804,-0.9541392564000488,-0.433883739117558,-0.9009688679024191
0.0,0.0055710398696598214,-0.01414449403002276,-0.011461432556962935,-0.19164863253119707,0.7833333333333333,0.7820817810494188,-1.0,-1.8369701987210297e-16,0.10116832198743272,-0.994869323391895,-0.9749279121818236,-0.2225209339563146
0.01775199909663046,-0.028170850475742682,-0.0028530662653855803,-0.002886002109021254,-0.835266694233539,0.7833333333333333,0.7822164370034562,-1.0,-1.8369701987210297e-16,-0.4853019625310808,-0.8743466161445822,0.7818314824680298,0.6234898018587336
0.01455628362905448,0.0,-0.006593116018205217,0.0028860021090212572,-0.0883413164912922,0.7833333333333333,0.7822613223214687,-1.0,-1.8369701987210297e-16,-0.6513724827222217,-0.7587581226927913,0.9749279121818236,-0.22252093395631434
-0.01455628362905441,-0.005730669228098182,-0.004901252382393287,-0.002886002109021254,-1.7385759880029235,0.7833333333333333,0.7823062076394812,-1.0,-1.8369701987210297e-16,-0.7907757369376986,-0.6121059825476627,0.43388373911755823,-0.900968867902419
-0.017751999096630337,-0.005763699172500427,0.0,-0.023392856741582885,2.4075288551555296,0.7833333333333333,0.7823510929574936,-1.0,-1.8369701987210297e-16,-0.8978045395707417,-0.44039415155763423,-0.433883739117558,-0.9009688679024191
-0.023864596802056815,-0.026355889689229056,-0.047346146071945816,-0.002963032947646201,-2.516238594606238,0.7833333333333333,0.7823959782755061,-1.0,-1.8369701987210297e-16,-0.9680771188662041,-0.2506525322587213,-0.9749279121818236,-0.2225209339563146
-0.012613577427358481,-0.002971767651908605,0.018018488730808087,-0.04243056726587111,1.1384531568800262,0.7833333333333333,0.7825306342295436,-1.0,-1.8369701987210297e-16,-0.9377521321470804,0.3473052528448203,0.7818314824680298,0.6234898018587336
-0.003069751147200968,0.011834516917728159,-0.027150963677340236,0.018375045634740503,0.7355302622110026,0.7833333333333333,0.782575519547556,-1.0,-1.8369701987210297e-16,-0.8486442574947509,0.5289640103269624,0.9749279121818236,-0.22252093395631434
0.018431021680953123,-0.0029455073338171475,0.012158193025532001,0.021113555858459733,-0.47057822234066976,0.7833333333333333,0.7826204048655685,-1.0,-1.8369701987210297e-16,-0.7247927872291207,0.6889669190756859,0.43388373911755823,-0.900968867902419
-0.015361270533752153,-0.011869634968458085,0.012012145267260943,-0.03639741188519225,0.5595931371092329,0.7833333333333333,0.782665290183581,-1.0,-1.8369701987210297e-16,-0.5712682150947924,0.8207634412072763,-0.433883739117558,-0.9009688679024191
0.01536127053375201,0.02941392749555068,-0.018072764186628686,0.039339377657863245,0.5938287974216577,0.7833333333333333,0.7827101755015935,-1.0,-1.8369701987210297e-16,-0.3943558551133187,0.9189578116202306,-0.9749279121818236,-0.2225209339563146
0.0,-0.002902756845474009,0.02994239915508678,-0.002971767651908605,-2.1639135837550847,0.7833333333333333,0.7828448314556309,-0.866025403784439,0.49999999999999933,0.39435585511331855,0.9189578116202306,0.7818314824680298,0.6234898018587336
-0.006116221220186404,-0.014671074701998396,-0.00002953902037993601,-0.030213750300396826,0.19737893576250265,0.7833333333333333,0.7828897167736434,-0.866025403784439,0.49999999999999933,0.5712682150947923,0.8207634412072763,0.9749279121818236,-0.22252093395631434
0.0,-0.02960897697073432,-0.039073220863927824,0.0,-0.3653441100329495,0.7833333333333333,0.7829346020916559,-0.866025403784439,0.49999999999999933,0.72479278722912,0.6889669190756866,0.43388373911755823,-0.900968867902419
-0.012345824011753648,0.04428005167273279,0.03478666303156487,-0.012345824011753648,2.0122548323146776,0.7833333333333333,0.7829794874096684,-0.866025403784439,0.49999999999999933,0.8486442574947509,0.5289640103269624,-0.433883739117558,-0.9009688679024191
-0.006230543734639407,-0.02353054526552943,-0.050242906459083234,0.039578948927603226,0.09844222516302649,0.7833333333333333,0.7830243727276808,-0.866025403784439,0.49999999999999933,0.9377521321470804,0.3473052528448203,-0.9749279121818236,-0.2225209339563146
0.01063077769076188,-0.0044742406203072075,0.02157246464770479,-0.021116903695663245,-0.2937550289782874,0.7833333333333333,0.7831590286817183,-0.866025403784439,0.49999999999999933,0.9680771188662043,-0.2506525322587204,0.7818314824680298,0.6234898018587336
0.007945590055631025,0.015720321677730808,0.006079040349402274,-0.006116221220186404,-1.6608061268885852,0.7833333333333333,0.7832039139997308,-0.866025403784439,0.49999999999999933,0.8978045395707416,-0.4403941515576344,0.9749279121818236,-0.22252093395631434
-0.009245049313565606,0.012284464208105847,0.04154903399633759,0.003062786623056623,1.0984653702810092,0.7833333333333333,0.7832487993177433,-0.866025403784439,0.49999999999999933,0.7907757369376989,-0.6121059825476626,0.43388373911755823,-0.900968867902419
-0.009300100987860953,-0.01789169552773444,-0.06920053899344471,0.009132474946532125,-0.7336263990809575,0.7833333333333333,0.7832936846357557,-0.866025403784439,0.49999999999999933,0.6513724827222223,-0.758758122692791,-0.433883739117558,-0.9009688679024191
0.009300100987860929,-0.029736378818005407,0.02157246464770479,-0.0214403108831543,-0.9073043032625789,0.7833333333333333,0.7833385699537682,-0.866025403784439,0.49999999999999933,0.48530196253108104,-0.8743466161445821,-0.9749279121818236,-0.2225209339563146
0.0030911896080078717,0.050530831191213904,-0.012270080925744142,0.033488638151128444,2.5872679794312163,0.7833333333333333,0.7834732259078057,-0.866025403784439,0.49999999999999933,-0.10116832198743204,-0.9948693233918952,0.7818314824680298,0.6234898018587336
-0.02817084963476091,-0.02941392749555062,0.003081663593968796,-0.0585365852262601,-0.21181580083654541,0.7833333333333333,0.783518111225818,-0.866025403784439,0.49999999999999933,-0.29936312297335776,-0.9541392564000489,0.9749279121818236,-0.22252093395631434
-0.03857583767686322,-0.00899555454827866,-0.03125251322872973,-0.0032113627354033586,0.11059105021320166,0.7833333333333333,0.7835629965438305,-0.866025403784439,0.49999999999999933,-0.4853019625310808,-0.8743466161445822,0.43388373911755823,-0.900968867902419
0.025796047023843072,-0.003016590718982364,-0.009569517971307444,-0.006389868187525432,0.26174270608412104,0.7833333333333333,0.783607881861843,-0.866025403784439,0.49999999999999933,-0.6513724827222217,-0.7587581226927913,-0.433883739117558,-0.9009688679024191
-0.03601040379178664,-0.0432165601451441,0.0063898681875254795,-0.006430884414196457,-0.9075612757702367,0.7833333333333333,0.7836527671798555,-0.866025403784439,0.49999999999999933,-0.7907757369376986,-0.6121059825476627,-0.9749279121818236,-0.2225209339563146
-0.003338898075968429,-0.019108919496783294,-0.009600140869238029,-0.032789792059302734,0.8739728958148619,0.7833333333333333,0.7837874231338929,-0.866025403784439,0.49999999999999933,-0.9987165071710528,-0.05064916883871355,0.7818314824680298,0.6234898018587336
-0.04795442977383938,-0.022765189590112297,-0.03601040379178664,-0.04779070051613058,0.16170732782147842,0.7833333333333333,0.7838323084519054,-0.866025403784439,0.49999999999999933,-0.9884683243281114,0.15142777750457667,0.9749279121818236,-0.22252093395631434
-0.014134497835800392,-0.050600964446421405,-0.044300298771465095,-0.01408472687472389,-1.6315165349629,0.7833333333333333,0.7838771937699179,-0.866025403784439,0.49999999999999933,-0.9377521321470804,0.3473052528448203,0.43388373911755823,-0.900968867902419
-0.05110596199583242,-0.002598588421766126,-0.0034904017446655343,-0.0287789373967132,0.7868078016942405,0.7833333333333333,0.7839220790879304,-0.866025403784439,0.49999999999999933,-0.8486442574947509,0.5289640103269624,-0.433883739117558,-0.9009688679024191
-0.034250320049640855,-0.04705703832311646,-0.04286366427143709,-0.03717896698588821,-0.48691357714577294,0.7833333333333333,0.7839669644059428,-0.866025403784439,0.49999999999999933,-0.7247927872291207,0.6889669190756859,-0.9749279121818236,-0.2225209339563146
-0.02408533142870174,-0.08338162024744226,-0.07973863244950435,-0.04652006294016572,-1.0413729588593503,0.7833333333333333,0.7841016203599803,-0.866025403784439,0.49999999999999933,-0.20129852008866114,0.9795299412524943,0.7818314824680298,0.6234898018587336
-0.03997527781330824,0.0345732580725172,-0.019960723563225043,-0.02004073173151355,3.1223911821538395,0.7833333333333333,0.7841465056779928,-0.866025403784439,0.49999999999999933,-2.4492935982947064e-16,1.0,0.9749279121818236,-0.22252093395631434
0.020450590527956513,0.04880836217492513,-0.004040405644838063,0.04357120713925446,-1.6697974714227826,0.7833333333333333,0.7841913909960052,-0.5000000000000012,0.8660254037844379,0.20129852008866006,0.9795299412524945,0.43388373911755823,-0.900968867902419
0.012072569651180509,-0.012293471265114684,0.04357120713925446,0.015384904731035915,-0.9727804898766161,0.7833333333333333,0.7842362763140177,-0.5000000000000012,0.8660254037844379,0.39435585511331855,0.9189578116202306,-0.433883739117558,-0.9009688679024191
0.031498637488073834,-0.0060556497424465935,0.0,0.030077516577653975,0.19107991197522578,0.7833333333333333,0.7842811616320302,-0.5000000000000012,0.8660254037844379,0.5712682150947923,0.8207634412072763,-0.9749279121818236,-0.2225209339563146
0.01025733846031625,-0.022472833776264838,0.022989587532424763,-0.03390160952948786,-0.48369277385948556,0.7833333333333333,0.7844158175860676,-0.5000000000000012,0.8660254037844379,0.9377521321470804,0.3473052528448203,0.7818314824680298,0.6234898018587336
-0.03776395847835193,0.0,0.0,-0.02325684067059258,0.7657330824045985,0.7833333333333333,0.7844607029040801,-0.5000000000000012,0.8660254037844379,0.9884683243281114,0.1514277775045767,0.9749279121818236,-0.22252093395631434
-0.008000035037559684,-0.038614890882701966,-0.04652006294016572,-0.023810626164204634,-0.004607486442672638,0.7833333333333333,0.7845055882220926,-0.5000000000000012,0.8660254037844379,0.9987165071710528,-0.05064916883871264,0.43388373911755823,-0.900968867902419
-0.1013524980903048,-0.015873334137796888,-0.007968162080333081,-0.06213182161680555,1.2670726800969108,0.7833333333333333,0.7845504735401051,-0.5000000000000012,0.8660254037844379,0.9680771188662043,-0.2506525322587204,-0.433883739117558,-0.9009688679024191
0.004434592848067803,-0.049190196106353556,-0.0833816296711016,-0.017241790486774565,-0.8412130535832476,0.7833333333333333,0.7845953588581176,-0.5000000000000012,0.8660254037844379,0.8978045395707416,-0.4403941515576344,-0.9749279121818236,-0.2225209339563146
0.01754429313865675,0.008368241322527527,0.03419143356474797,0.01724179048677462,0.8281712513692618,0.7833333333333333,0.784730014812155,-0.5000000000000012,0.8660254037844379,0.48530196253108104,-0.8743466161445821,0.7818314824680298,0.6234898018587336
-0.03991656941231858,-0.012578870230597509,-0.03854873485972004,-0.05715835989909313,-0.8101195970615949,0.7833333333333333,0.7847749001301675,-0.5000000000000012,0.8660254037844379,0.29936312297335804,-0.9541392564000488,0.9749279121818236,-0.22252093395631434
-0.09984535223078958,0.0,-0.040094418869395285,-0.07028657776616745,1.7887353021347907,0.7833333333333333,0.78481978544818,-0.5000000000000012,0.8660254037844379,0.10116832198743272,-0.994869323391895,0.43388373911755823,-0.900968867902419
0.05354071721041019,0.012578870230597415,-0.018349120606183555,0.07028657776616738,0.4769063369294657,0.7833333333333333,0.7848646707661925,-0.5000000000000012,0.8660254037844379,-0.10116832198743204,-0.9948693233918952,-0.433883739117558,-0.9009688679024191
0.03263700965321155,-0.004175367253950448,0.0318933325926575,0.03991656941231863,-0.5972427754687324,0.7833333333333333,0.7849095560842049,-0.5000000000000012,0.8660254037844379,-0.29936312297335776,-0.9541392564000489,-0.9749279121818236,-0.2225209339563146
0.053584194779486484,0.040989304470255075,0.03090750817789317,0.004338397559886872,-0.5006367219411697,0.7833333333333333,0.7850442120382424,-0.5000000000000012,0.8660254037844379,-0.7907757369376986,-0.6121059825476627,0.7818314824680298,0.6234898018587336
-0.06613974314354662,0.004008017567521568,-0.06613974314354662,0.0256424070967911,-0.07807746178372707,0.7833333333333333,0.7850890973562549,-0.5000000000000012,0.8660254037844379,-0.8978045395707417,-0.44039415155763423,0.9749279121818236,-0.22252093395631434
0.08764592851467427,0.0,0.08764592851467427,0.04939280744690205,-1.0789178733051064,0.7833333333333333,0.7851339826742673,-0.5000000000000012,0.8660254037844379,-0.9680771188662041,-0.2506525322587213,0.43388373911755823,-0.900968867902419
0.0042462870124152785,0.0,0.03347599725037541,-0.02851514261161535,-0.7415316103445848,0.7833333333333333,0.7852237533102923,-0.5000000000000012,0.8660254037844379,-0.9884683243281114,0.15142777750457667,-0.9749279121818236,-0.2225209339563146
0.012631835249782387,-0.020202687854778488,-0.016597874988177847,0.0040825041321167176,0.38103275506901296,0.7833333333333333,0.7853584092643296,-0.5000000000000012,0.8660254037844379,-0.7247927872291207,0.6889669190756859,0.7818314824680298,0.6234898018587336
-0.03838430763332513,0.010031122051227028,0.004175367253950492,-0.05060257606419457,0.932899533296736,0.7833333333333333,0.7854032945823421,-0.5000000000000012,0.8660254037844379,-0.5712682150947924,0.8207634412072763,0.9749279121818236,-0.22252093395631434
-0.06744121570653808,-0.01744631119403137,-0.051293346672325886,0.008620735070485726,1.270359892457398,0.7833333333333333,0.7854481799003546,-0.5000000000000012,0.8660254037844379,-0.3943558551133187,0.9189578116202306,0.43388373911755823,-0.900968867902419
0.022989495542170824,-0.015623672873355959,0.021692804415423084,-0.043866640808265925,-0.3401998733543932,0.7833333333333333,0.7854930652183671,-0.5000000000000012,0.8660254037844379,-0.20129852008866114,0.9795299412524943,-0.433883739117558,-0.9009688679024191
-0.08833461804775618,-0.0755419732315375,-0.04836102606174735,-0.013544211986474024,0.2570681840853209,0.7833333333333333,0.7855379505363796,-2.4492935982947064e-16,1.0,0.20129852008866006,0.9795299412524945,-0.9749279121818236,-0.2225209339563146
0.05129327071142447,0.06959332699612278,-0.009049826732992521,-0.022943032723811124,-0.9714380016601779,0.7833333333333333,0.785672606490417,-2.4492935982947064e-16,1.0,0.72479278722912,0.6889669190756866,0.7818314824680298,0.6234898018587336
0.007191080348982869,0.000041972808137854207,0.022472834177642478,0.05866108110312793,0.1444461873842341,0.7833333333333333,0.7857174918084295,-2.4492935982947064e-16,1.0,0.8486442574947509,0.5289640103269624,0.9749279121818236,-0.22252093395631434
-0.040767345161369976,0.016625063119079027,0.0,-0.08414468488908282,0.5717283681162396,0.7833333333333333,0.785762377126442,-2.4492935982947064e-16,1.0,0.9377521321470804,0.3473052528448203,0.43388373911755823,-0.900968867902419
0.00004884554145263622,-0.00625921827070602,-0.06899291690001519,0.011385289173434258,0.20764249517328473,0.7833333333333333,0.7858072624444544,-2.4492935982947064e-16,1.0,0.9884683243281114,0.1514277775045767,-0.433883739117558,-0.9009688679024191
-0.000048845541452624026,0.022653012026858543,0.023530587180201804,0.04157649808838032,0.039067312271081935,0.7833333333333333,0.7858521477624669,-2.4492935982947064e-16,1.0,0.9987165071710528,-0.05064916883871264,-0.9749279121818236,-0.2225209339563146
-0.050010372861124655,-0.07598593503316776,0.04546232971981337,-0.10989567845121714,-0.618223278732093,0.7833333333333333,0.7859868037165044,-2.4492935982947064e-16,1.0,0.7907757369376989,-0.6121059825476626,0.7818314824680298,0.6234898018587336
-0.02592288447699007,-0.10633566052803566,-0.09309044632636138,-0.035993629756686726,-0.5483146007358266,0.7833333333333333,0.7860316890345168,-2.4492935982947064e-16,1.0,0.6513724827222223,-0.758758122692791,0.9749279121818236,-0.22252093395631434
-0.000052638927804198195,-0.00004873162003306267,-0.004889980733338914,0.010416751156715365,1.1165660922847054,0.7833333333333333,0.7860765743525293,-2.4492935982947064e-16,1.0,0.48530196253108104,-0.8743466161445821,0.43388373911755823,-0.900968867902419
-0.00532997235476144,0.038330995179528544,-0.045120392127785694,0.005168026830771913,-0.1926144061357298,0.7833333333333333,0.7861214596705418,-2.4492935982947064e-16,1.0,0.29936312297335804,-0.9541392564000488,-0.433883739117558,-0.9009688679024191
-0.005252126963796999,-0.0629748528895175,-0.005141394458524434,0.0,-0.9790351729929796,0.7833333333333333,0.7861663449885543,-2.4492935982947064e-16,1.0,0.10116832198743272,-0.994869323391895,-0.9749279121818236,-0.2225209339563146
0.0047758450101411665,0.0,-0.02664038325468722,0.030459177989626992,0.5435062219233735,0.7833333333333333,0.7863010009425917,-2.4492935982947064e-16,1.0,-0.4853019625310808,-0.8743466161445822,0.7818314824680298,0.6234898018587336
0.03689687338953576,0.13997927357296217,0.05208702421310324,0.13102824985805775,1.2767550866327315,0.7833333333333333,0.7863458862606042,-2.4492935982947064e-16,1.0,-0.6513724827222217,-0.7587581226927913,0.9749279121818236,-0.22252093395631434
0.07724439561310528,-0.02219623791657874,0.1227955726875946,-0.04485052299443612,-1.5890642354439262,0.7833333333333333,0.7863907715786167,-2.4492935982947064e-16,1.0,-0.7907757369376986,-0.6121059825476627,0.43388373911755823,-0.900968867902419
-0.027482933293704742,-0.013423007444650008,-0.031605308792761834,0.013667625367167828,-0.2992514713975999,0.7833333333333333,0.7864356568966292,-2.4492935982947064e-16,1.0,-0.8978045395707417,-0.44039415155763423,-0.433883739117558,-0.9009688679024191
0.01927902687289959,0.08584698579734934,-0.018519029369165625,0.05287570204269114,1.8570327793244628,0.7833333333333333,0.7864805422146416,-2.4492935982947064e-16,1.0,-0.9680771188662041,-0.2506525322587213,-0.9749279121818236,-0.2225209339563146
0.003422545779159645,-0.05044509236597469,0.058973945036493065,-0.08974620138396328,-0.49597969962044,0.7833333333333333,0.7866600834866916,-2.4492935982947064e-16,1.0,-0.8486442574947509,0.5289640103269624,0.9749279121818236,-0.22252093395631434
-0.04231002570583331,-0.07210322414865215,-0.05897394503649303,-0.00470599874710827,-1.5926353491066847,0.7833333333333333,0.7867049688047041,-2.4492935982947064e-16,1.0,-0.7247927872291207,0.6889669190756859,0.43388373911755823,-0.900968867902419
0.014791113460626643,0.04834500119079606,-0.03325730302698025,0.04157649808838032,2.1763852517264577,0.7833333333333333,0.7867498541227165,-2.4492935982947064e-16,1.0,-0.5712682150947924,0.8207634412072763,-0.433883739117558,-0.9009688679024191
0.028846738941858484,0.0495106953413988,0.019186779345857226,0.02237227627366165,-0.9185545862247136,0.7833333333333333,0.786794739440729,-2.4492935982947064e-16,1.0,-0.3943558551133187,0.9189578116202306,-0.9749279121818236,-0.2225209339563146
0.05526623965188188,0.05762915728755898,0.08181644653480304,0.043296765522199646,-0.21452890140013087,0.8,0.7869742807127789,0.49999999999999994,0.8660254037844387,0.39435585511331855,0.9189578116202306,0.9749279121818236,-0.22252093395631434
-0.004494385253481444,-0.05762915728755893,0.0301097736785146,-0.047731358370267464,-0.45111538409187146,0.8,0.7870191660307914,0.49999999999999994,0.8660254037844387,0.5712682150947923,0.8207634412072763,0.43388373911755823,-0.900968867902419
-0.08455741961505035,0.0042283322731352085,-0.0566599805614359,0.03493801861709743,0.9163700072968337,0.8,0.7870640513488039,0.49999999999999994,0.8660254037844387,0.72479278722912,0.6889669190756866,-0.433883739117558,-0.9009688679024191
0.07140826449239748,0.020877664835286622,0.0352459057377801,-0.05287570204269127,-0.13454262532393896,0.8,0.7871089366668164,0.49999999999999994,0.8660254037844387,0.8486442574947509,0.5289640103269624,-0.9749279121818236,-0.2225209339563146
-0.018890167152510542,-0.05959214127701519,-0.04425496697220552,-0.018265330079867158,-1.0050700364039786,0.8,0.7872435926208537,0.49999999999999994,0.8660254037844387,0.9987165071710528,-0.05064916883871264,0.7818314824680298,0.6234898018587336
-0.023530587180201755,0.006688126497304223,-0.004535150752048731,-0.0023068588762635168,-0.3289067744105284,0.8,0.7872884779388662,0.49999999999999994,0.8660254037844387,0.9680771188662043,-0.2506525322587204,0.9749279121818236,-0.22252093395631434
-0.028987510159685204,-0.04240617487662102,-0.022989495542170862,-0.0257324460642487,0.6616288902767982,0.8,0.7873333632568787,0.49999999999999994,0.8660254037844387,0.8978045395707416,-0.4403941515576344,0.43388373911755823,-0.900968867902419
-0.0661083599748846,0.01797389004473308,-0.018779988726159873,-0.014320040736911007,1.4007888860596178,0.8,0.7873782485748912,0.49999999999999994,0.8660254037844387,0.7907757369376989,-0.6121059825476626,-0.433883739117558,-0.9009688679024191
0.04630575137820141,-0.02202762504871257,0.0,-0.014528087143477158,-0.10956047467811711,0.8,0.7874231338929036,0.49999999999999994,0.8660254037844387,0.6513724827222223,-0.758758122692791,-0.9749279121818236,-0.2225209339563146
-0.03045917798962703,0.03480328223814648,-0.028848127880388107,-0.022993989090284887,-0.34493529793984257,0.8,0.7876026751649536,0.49999999999999994,0.8660254037844387,-0.10116832198743204,-0.9948693233918952,0.9749279121818236,-0.22252093395631434
0.02040885176919942,-0.0777458993386849,0.009708805137453721,0.008251721171110876,-0.6919583758576853,0.8,0.787647560482966,0.49999999999999994,0.8660254037844387,-0.29936312297335776,-0.9541392564000489,0.43388373911755823,-0.900968867902419
-0.020408851769199408,-0.01875507490960086,-0.019512796067434328,-0.00995032141084811,-0.24619634068100177,0.8,0.7876924458009785,0.49999999999999994,0.8660254037844387,-0.4853019625310808,-0.8743466161445822,-0.433883739117558,-0.9009688679024191
0.010256490134848532,-0.003160331261421118,-0.025444126314573445,-0.0003000351832088768,0.0884346767904422,0.8,0.787737331118991,0.49999999999999994,0.8660254037844387,-0.6513724827222217,-0.7587581226927913,-0.9749279121818236,-0.2225209339563146
0.005089064567689317,0.10462980665485676,0.005542990883320878,0.12693267771415795,1.270926501334925,0.8,0.7878719870730284,0.49999999999999994,0.8660254037844387,-0.9680771188662041,-0.2506525322587213,0.7818314824680298,0.6234898018587336
0.11495897551787863,0.1274824121541808,0.14477445867431923,0.06811146173366206,0.4963350608087768,0.8,0.7879168723910409,0.49999999999999994,0.8660254037844387,-0.9987165071710528,-0.05064916883871355,0.9749279121818236,-0.22252093395631434
0.04425496697220553,-0.012823176846354945,0.07534946566475934,-0.037740392134728414,-2.0177410855984386,0.8,0.7879617577090534,0.49999999999999994,0.8660254037844387,-0.9884683243281114,0.15142777750457667,0.43388373911755823,-0.900968867902419
-0.11429887332416955,-0.09296643089240282,-0.09732835165148386,-0.012903392926887598,1.3148565006398727,0.8,0.7880066430270659,0.49999999999999994,0.8660254037844387,-0.9377521321470804,0.3473052528448203,-0.433883739117558,-0.9009688679024191
0.09246038403150136,0.10964317351422811,0.026317283546611638,0.0750352145436932,-0.6086890399060437,0.8,0.7880515283450784,0.49999999999999994,0.8660254037844387,-0.8486442574947509,0.5289640103269624,-0.9749279121818236,-0.2225209339563146
-0.049941123973756885,-0.04725284047984155,0.07101106810487232,-0.057867426732452605,0.4140351587787281,0.8,0.7881861842991158,0.49999999999999994,0.8660254037844387,-0.3943558551133187,0.9189578116202306,0.7818314824680298,0.6234898018587336
-0.004662008442114028,-0.016260505111694693,-0.05810767517798473,-0.008547052740754846,-0.04305712375919488,0.8,0.7882310696171283,0.49999999999999994,0.8660254037844387,-0.20129852008866114,0.9795299412524943,0.9749279121818236,-0.22252093395631434
0.023095691902071138,0.0362212286749198,-0.008583735786265919,0.004282657856401812,-1.2935132975938828,0.8,0.7882759549351408,0.49999999999999994,0.8660254037844387,-2.4492935982947064e-16,1.0,0.43388373911755823,-0.900968867902419
0.004555812082213534,-0.05300058708118725,0.017094417683034057,-0.004711903425536132,0.0005143702293052958,0.8,0.7883208402531533,0.8660254037844386,0.5000000000000001,0.20129852008866006,0.9795299412524945,-0.433883739117558,-0.9009688679024191
-0.02760482405523652,-0.02935046951642434,-0.03010977367851469,-0.05698160722560558,-0.02928629325477403,0.8,0.7883657255711657,0.8660254037844386,0.5000000000000001,0.39435585511331855,0.9189578116202306,-0.9749279121818236,-0.2225209339563146
-0.11374933340061866,-0.039392364709002994,-0.05382459819721376,0.018018488085736917,0.10948227165167755,0.8,0.7885003815252032,0.8660254037844386,0.5000000000000001,0.8486442574947509,0.5289640103269624,0.7818314824680298,0.6234898018587336
0.1367983453736416,0.08141541470013317,0.009174367245604971,0.08141541470013317,-0.6508644594005677,0.8,0.7885452668432157,0.8660254037844386,0.5000000000000001,0.9377521321470804,0.3473052528448203,0.9749279121818236,-0.22252093395631434
0.004555812082213534,-0.012422507734227357,0.09156720713385647,-0.07878499063422251,0.3229930035519539,0.8,0.7885901521612281,0.8660254037844386,0.5000000000000001,0.9884683243281114,0.1514277775045767,0.43388373911755823,-0.900968867902419
0.0,-0.04255967488727559,-0.060103968025932326,0.0018239220259949737,-1.551762687353667,0.8,0.7886350374792406,0.8660254037844386,0.5000000000000001,0.9987165071710528,-0.05064916883871264,-0.433883739117558,-0.9009688679024191
-0.060908807011265165,-0.004357301294971973,0.004415014026497735,-0.00892862219116849,2.4021965063369928,0.8,0.7886799227972531,0.8660254037844386,0.5000000000000001,0.9680771188662043,-0.2506525322587204,-0.9749279121818236,-0.2225209339563146
-0.024451073056627675,-0.03104459213640273,-0.022272614319215643,-0.06963373699171568,-0.9206096315406274,0.8,0.7888145787512905,0.8660254037844386,0.5000000000000001,0.6513724827222223,-0.758758122692791,0.7818314824680298,0.6234898018587336
-0.00496278464445737,0.0653826980880528,-0.08947142981169204,-0.009661902008876995,1.9149097489466331,0.8,0.788859464069303,0.8660254037844386,0.5000000000000001,0.48530196253108104,-0.8743466161445821,0.9749279121818236,-0.22252093395631434
0.0,-0.02564240709679105,0.04808625448947613,0.009661902008877073,-0.15637891152092837,0.8,0.7889043493873155,0.8660254037844386,0.5000000000000001,0.29936312297335804,-0.9541392564000488,0.43388373911755823,-0.900968867902419
0.004962784644457254,-0.09055960199258495,-0.03341607842489527,0.004796167875959231,-0.8846975679811541,0.8,0.788949234705328,0.8660254037844386,0.5000000000000001,0.10116832198743272,-0.994869323391895,-0.433883739117558,-0.9009688679024191
0.062370384525722036,0.0727394868603401,0.04276193147194801,0.05129335712928253,-1.2547371935154936,0.8,0.7889941200233405,0.8660254037844386,0.5000000000000001,-0.10116832198743204,-0.9948693233918952,-0.9749279121818236,-0.2225209339563146
-0.06733316917017934,-0.040102477207128666,0.013857020927051615,-0.051293357129282485,0.5122467208335217,0.8,0.7891736612953903,0.8660254037844386,0.5000000000000001,-0.7907757369376986,-0.6121059825476627,0.9749279121818236,-0.22252093395631434
0.04926388980861406,0.03603990164082969,0.004576662532905499,0.055828507881331084,-2.3150560262481616,0.8,0.7892185466134028,0.8660254037844386,0.5000000000000001,-0.8978045395707417,-0.44039415155763423,0.43388373911755823,-0.900968867902419
0.02270965429755258,-0.04026905938831815,-0.008805820280394108,-0.022884271358232223,-0.3960973581045642,0.8,0.7892634319314152,0.8660254037844386,0.5000000000000001,-0.9680771188662041,-0.2506525322587213,-0.433883739117558,-0.9009688679024191
-0.05715847227587421,-0.00498748824357578,-0.04272789264263396,-0.009302383378101402,2.854512392445588,0.8,0.7893083172494277,0.8660254037844386,0.5000000000000001,-0.9987165071710528,-0.05064916883871355,-0.9749279121818236,-0.2225209339563146
-0.009852287185835048,0.01834912060618362,0.04235934567742309,-0.03325730302698025,-0.15559467490665066,0.8,0.7894429732034652,0.8660254037844386,0.5000000000000001,-0.8486442574947509,0.5289640103269624,0.7818314824680298,0.6234898018587336
-0.007952344445986257,-0.030318661009760956,-0.0186051692614049,0.009615449881982607,-0.18105207358516837,0.8,0.7894878585214776,0.8660254037844386,0.5000000000000001,-0.7247927872291207,0.6889669190756859,0.9749279121818236,-0.22252093395631434
0.007952344445986324,0.0026671570254760166,-0.009434135679107251,-0.03406652293861039,-0.6900507671077868,0.8,0.7895327438394901,0.8660254037844386,0.5000000000000001,-0.5712682150947924,0.8207634412072763,0.43388373911755823,-0.900968867902419
0.0049382769891932795,0.0,-0.03865211881036878,0.05770837608360787,0.42126616183283033,0.8,0.7895776291575026,1.0,6.123233995736766e-17,0.20129852008866006,0.9795299412524945,-0.433883739117558,-0.9009688679024191
0.009803990929980647,0.018519029369165677,0.009803990929980647,0.018519029369165677,-0.31523133731600816,0.8,0.7896225144755151,1.0,6.123233995736766e-17,0.39435585511331855,0.9189578116202306,-0.9749279121818236,-0.2225209339563146
0.02409752942634625,0.009132474615119254,0.0614851375335997,0.004576662532905499,1.326977549907345,0.8,0.7897571704295525,1.0,6.123233995736766e-17,0.8486442574947509,0.5289640103269624,0.7818314824680298,0.6234898018587336
0.014184734133149192,0.04314651177513107,0.004576662532905499,-0.027779536507009785,-0.11942168807794315,0.8,0.789802055747565,1.0,6.123233995736766e-17,0.9377521321470804,0.3473052528448203,0.9749279121818236,-0.22252093395631434
-0.0022090972341033154,-0.014029088563511951,-0.004576662532905611,0.013986227983039808,0.4725317893757808,0.8,0.7898469410655775,1.0,6.123233995736766e-17,0.9884683243281114,0.1514277775045767,0.43388373911755823,-0.900968867902419
0.006892941839041961,-0.03367323529383265,-0.008938971064285983,0.013793308523969955,-3.0506652534294547,0.8,0.78989182638359,1.0,6.123233995736766e-17,0.9987165071710528,-0.05064916883871264,-0.433883739117558,-0.9009688679024191
0.009302383378101268,0.01810002406868767,0.004341266351586876,0.004555812082213534,1.904985453903359,0.8,0.7899367117016025,1.0,6.123233995736766e-17,0.9680771188662043,-0.2506525322587204,-0.9749279121818236,-0.2225209339563146
-0.07696108087255733,-0.01127411972678018,0.009174367245604971,-0.08535988006789277,1.6945513805071895,0.8,0.7900713676556399,1.0,6.123233995736766e-17,0.6513724827222223,-0.758758122692791,0.7818314824680298,0.6234898018587336
0.0,-0.06424221235917145,-0.07124587362729112,-0.00496278464445737,-1.1237403465081224,0.8,0.7901162529736524,1.0,6.123233995736766e-17,0.48530196253108104,-0.8743466161445821,0.9749279121818236,-0.22252093395631434
0.007472066900324853,0.0005801395898068254,-0.0021598352573815194,0.009901061633650749,2.4800866444652043,0.8,0.7901611382916649,1.0,6.123233995736766e-17,0.29936312297335804,-0.9541392564000488,0.43388373911755823,-0.900968867902419
-0.0074720669003248376,-0.009225631639048092,-0.009876613611529755,-0.004938276989193394,-0.7236633299712747,0.8,0.7902060236096773,1.0,6.123233995736766e-17,0.10116832198743272,-0.994869323391895,-0.433883739117558,-0.9009688679024191
0.0,-0.012270022236438008,-0.0074720669003248376,0.0,-2.8594538313162574,0.8,0.7902509089276898,1.0,6.123233995736766e-17,-0.10116832198743204,-0.9948693233918952,-0.9749279121818236,-0.2225209339563146
-0.046043955977114324,0.03159427725587446,0.0,-0.030153009265626557,2.696618026265444,0.8,0.7903855648817273,1.0,6.123233995736766e-17,-0.6513724827222217,-0.7587581226927913,0.7818314824680298,0.6234898018587336
-0.07330281508748455,-0.04401684434945841,-0.04082201687199717,-0.031090619081118393,-0.1908004395473921,0.8,0.7904304501997397,1.0,6.123233995736766e-17,-0.7907757369376986,-0.6121059825476627,0.9749279121818236,-0.22252093395631434
-0.02932723931748236,-0.06187540625445534,-0.021053389382458158,-0.059638275082542894,-0.3174507624188022,0.8,0.7904753355177522,1.0,6.123233995736766e-17,-0.8978045395707417,-0.44039415155763423,0.43388373911755823,-0.900968867902419
-0.01974460738462271,-0.049056175763984536,-0.06595797067403365,-0.022599810606082807,-0.5736628289556628,0.8,0.7905202208357647,1.0,6.123233995736766e-17,-0.9680771188662041,-0.2506525322587213,-0.433883739117558,-0.9009688679024191
-0.05472491864634459,0.016620931367026387,-0.046520041437769874,-0.023122395112683266,0.04225011918631606,0.8,0.7905651061537772,1.0,6.123233995736766e-17,-0.9987165071710528,-0.05064916883871355,-0.9749279121818236,-0.2225209339563146
0.012422508040835311,-0.03922074197310912,-0.036367610005954516,0.0058309146364764605,-0.15211098518098534,0.8,0.7906997621078146,1.0,6.123233995736766e-17,-0.8486442574947509,0.5289640103269624,0.7818314824680298,0.6234898018587336
0.04820212692368266,0.05014980182601543,0.06569526734709226,0.06744128230222217,0.7714881026731488,0.8,0.7907446474258271,1.0,6.123233995736766e-17,-0.7247927872291207,0.6889669190756859,0.9749279121818236,-0.22252093395631434
-0.011774985001064222,-0.005449599457101125,0.0561945707695129,-0.05588047105411366,-1.180525411293885,0.8,0.7907895327438396,1.0,6.123233995736766e-17,-0.5712682150947924,0.8207634412072763,0.43388373911755823,-0.900968867902419
-0.03642714192261851,-0.10354071684145878,-0.10354071684145878,-0.0653051068140349,1.6280374017222006,0.8,0.7908344180618521,1.0,6.123233995736766e-17,-0.3943558551133187,0.9189578116202306,-0.433883739117558,-0.9009688679024191
-0.10392118817114826,-0.008032126250907936,-0.11551285320949242,-0.07647036738218058,-0.6389516190682778,0.8,0.791013959333902,0.8660254037844387,-0.4999999999999998,0.39435585511331855,0.9189578116202306,0.7818314824680298,0.6234898018587336
0.020271162341282855,0.07200228655551127,0.020202687854778384,0.08866562895176938,0.9150691481818275,0.8,0.7910588446519145,0.8660254037844387,-0.4999999999999998,0.5712682150947923,0.8207634412072763,0.9749279121818236,-0.22252093395631434
0.09592010675560961,0.13835206820331178,0.08923112500531162,0.1670541235659645,-0.0045732490559521905,0.8,0.7911037299699268,0.8660254037844387,-0.4999999999999998,0.72479278722912,0.6889669190756866,0.43388373911755823,-0.900968867902419
0.12102977420160624,0.019608453053774177,0.14715764051057245,0.020305246499891447,0.18338071864210073,0.8,0.7911486152879393,0.8660254037844387,-0.4999999999999998,0.8486442574947509,0.5289640103269624,-0.433883739117558,-0.9009688679024191
0.07742117324486288,0.0926588540398291,0.05129330693589695,0.11834122659568878,0.8226345779395081,0.8,0.7911935006059518,0.8660254037844387,-0.4999999999999998,0.9377521321470804,0.3473052528448203,-0.9749279121818236,-0.2225209339563146
-0.06187540625445534,0.017109447502003303,0.13540462034813616,-0.13864647309558034,-1.456824843132846,0.8,0.7913281565599892,0.8660254037844387,-0.4999999999999998,0.9680771188662043,-0.2506525322587204,0.7818314824680298,0.6234898018587336
0.00005319890097008604,0.06361378745297658,-0.13540462034813616,0.01020416024401339,0.167745373487503,0.8,0.7913730418780017,0.8660254037844387,-0.4999999999999998,0.8978045395707416,-0.4403941515576344,0.9749279121818236,-0.22252093395631434
-0.016139321228735994,-0.18805226505938977,-0.025317783531102575,0.00506329706666151,-0.8725239887895645,0.8,0.7914179271960142,0.8660254037844387,-0.4999999999999998,0.7907757369376989,-0.6121059825476626,0.43388373911755823,-0.900968867902419
-0.01634912206919231,0.014670176064580797,0.015267457310675036,0.0,-0.201098160069248,0.8,0.7914628125140267,0.8660254037844387,-0.4999999999999998,0.6513724827222223,-0.758758122692791,-0.433883739117558,-0.9009688679024191
0.0482666946742992,0.009661902008877073,-0.010152361634350938,-0.025576878599971216,-0.3389902647343165,0.8,0.7915076978320392,0.8660254037844387,-0.4999999999999998,0.48530196253108104,-0.8743466161445821,-0.9749279121818236,-0.2225209339563146
-0.010526403080123783,-0.05433429976058838,-0.005115095676324061,0.005168026830771913,-0.9060295541650143,0.8,0.7916423537860766,0.8660254037844387,-0.4999999999999998,-0.10116832198743204,-0.9948693233918952,0.7818314824680298,0.6234898018587336
-0.05436122296120174,0.0,0.005115095676324177,-0.07490136415915284,1.678185744827015,0.8,0.7916872391040891,0.8660254037844387,-0.4999999999999998,-0.29936312297335776,-0.9541392564000489,0.9749279121818236,-0.22252093395631434
-0.05158731943009089,-0.07919702736432438,-0.07410796279663502,-0.05715835929975083,0.6341632319262678,0.8,0.7917321244221016,0.8660254037844387,-0.4999999999999998,-0.4853019625310808,-0.8743466161445822,0.43388373911755823,-0.900968867902419
-0.017804678380562083,-0.0507151103737077,-0.06234313708579247,0.011696028347801337,-1.1720439294144043,0.8,0.7917770097401141,0.8660254037844387,-0.4999999999999998,-0.6513724827222217,-0.7587581226927913,-0.433883739117558,-0.9009688679024191
0.04679218720457015,0.034094179006681276,0.02312239511268329,0.039891291082289636,-0.32927400942563534,0.8,0.7918218950581265,0.8660254037844387,-0.4999999999999998,-0.7907757369376986,-0.6121059825476627,-0.9749279121818236,-0.2225209339563146
0.0,0.011111215122715136,0.028170850475742706,-0.016901794910049166,0.1051689457417833,0.8,0.791956551012164,0.8660254037844387,-0.4999999999999998,-0.9987165071710528,-0.05064916883871355,0.7818314824680298,0.6234898018587336
0.0,0.021858838313503486,-0.005571039869659899,0.022472834779709055,-0.26468567907368035,0.8,0.7920014363301765,0.8660254037844387,-0.4999999999999998,-0.9884683243281114,0.15142777750457667,0.9749279121818236,-0.22252093395631434
0.033711025728798034,0.0,0.016620931367026387,0.027399013566558723,-1.0590800748864662,0.8,0.7920463216481889,0.8660254037844387,-0.4999999999999998,-0.9377521321470804,0.3473052528448203,0.43388373911755823,-0.900968867902419
-0.022290772900045237,0.0,0.016349122069192402,-0.03857230374689307,-0.02293797213951342,0.8,0.7920912069662014,0.8660254037844387,-0.4999999999999998,-0.8486442574947509,0.5289640103269624,-0.433883739117558,-0.9009688679024191
0.0,-0.03297005343621867,-0.03297005343621867,0.005602250310674402,0.03598126707449047,0.8,0.7921360922842139,0.8660254037844387,-0.4999999999999998,-0.7247927872291207,0.6889669190756859,-0.9749279121818236,-0.2225209339563146
-0.02002861912032995,0.0,0.0,-0.022599810606082807,2.3325914884494474,0.8,0.7922707482382513,0.8660254037844387,-0.4999999999999998,-0.20129852008866114,0.9795299412524943,0.7818314824680298,0.6234898018587336
0.008608366291577263,0.0,-0.016901794910049166,0.016997560295408266,-0.8101343546542253,0.8,0.7923156335562638,0.5000000000000003,-0.8660254037844385,0.20129852008866006,0.9795299412524945,0.9749279121818236,-0.22252093395631434
0.01694136961812352,0.09072889416366135,0.011299544599374666,0.09633114447433587,-1.0598647777964418,0.8,0.7923605188742763,0.5000000000000003,-0.8660254037844385,0.39435585511331855,0.9189578116202306,0.43388373911755823,-0.900968867902419
0.09638733515162073,0.03484496835089694,0.09633114447433587,0.03484496835089694,1.0237894706582524,0.8,0.7924054041922888,0.5000000000000003,-0.8660254037844385,0.5712682150947923,0.8207634412072763,-0.433883739117558,-0.9009688679024191
0.025190224621169294,0.08066792098262254,0.05460408232225419,0.08066792098262254,1.1681227269936256,0.8,0.7924502895103013,0.5000000000000003,-0.8660254037844385,0.72479278722912,0.6889669190756866,-0.9749279121818236,-0.2225209339563146
0.01970505256363138,-0.025317838550774182,-0.009708805137453664,-0.06575142701411876,-0.9540802289001824,0.8,0.7925849454643387,0.5000000000000003,-0.8660254037844385,0.9884683243281114,0.1514277775045767,0.7818314824680298,0.6234898018587336
-0.00980399092998061,0.020762026468560523,-0.00980399092998061,0.03341607842489539,-0.08635226587203505,0.8,0.7926298307823512,0.5000000000000003,-0.8660254037844385,0.9987165071710528,-0.05064916883871264,0.9749279121818236,-0.22252093395631434
0.024332078073457882,0.0,0.06207248247251587,0.02777953650700982,0.2899827607446435,0.8,0.7926747161003637,0.5000000000000003,-0.8660254037844385,0.9680771188662043,-0.2506525322587204,0.43388373911755823,-0.900968867902419
0.019048177668909923,0.049007532246580776,-0.013986227983039856,0.04465023095160892,-0.9677041035071459,0.8,0.792719601418376,0.5000000000000003,-0.8660254037844385,0.8978045395707416,-0.4403941515576344,-0.433883739117558,-0.9009688679024191
-0.038466245545726065,0.1603426884678653,-0.0431722442928344,0.013015355995480675,1.8484174059543845,0.8,0.7927644867363886,0.5000000000000003,-0.8660254037844385,0.7907757369376989,-0.6121059825476626,-0.9749279121818236,-0.2225209339563146
0.09798042705970027,-0.12905465551211875,0.1329184456767976,-0.030636940687233324,-0.31684830998021135,0.8,0.792899142690426,0.5000000000000003,-0.8660254037844385,0.29936312297335804,-0.9541392564000488,0.7818314824680298,0.6234898018587336
-0.13289665894347266,-0.0488323260944033,-0.039392364709002994,-0.13289665894347266,0.08060984395227502,0.8,0.7929440280084384,0.5000000000000003,-0.8660254037844385,0.10116832198743272,-0.994869323391895,0.9749279121818236,-0.22252093395631434
-0.07131607320635819,-0.11723009173806058,-0.11332868956447784,0.0,-0.5018688213289649,0.8,0.7929889133264509,0.5000000000000003,-0.8660254037844385,-0.10116832198743204,-0.9948693233918952,0.43388373911755823,-0.900968867902419
0.07121452836305757,0.02457123769823141,-0.005012537031211045,0.010101086255878002,0.33416849287537154,0.8,0.7930337986444634,0.5000000000000003,-0.8660254037844385,-0.29936312297335776,-0.9541392564000489,-0.433883739117558,-0.9009688679024191
-0.010102615400712809,0.0,0.0,0.03457131149583329,-1.358727155148358,0.8,0.7930786839624759,0.5000000000000003,-0.8660254037844385,-0.4853019625310808,-0.8743466161445822,-0.9749279121818236,-0.2225209339563146
0.04020638193114407,0.004842620002853491,0.024815145627894136,-0.009756165867939072,0.6824317051234655,0.8,0.7932133399165133,0.5000000000000003,-0.8660254037844385,-0.8978045395707417,-0.44039415155763423,0.7818314824680298,0.6234898018587336
0.004914010196641713,0.06544395776331376,0.009756165867939136,0.061777413554239276,0.4135529392304812,0.8,0.7932582252345258,0.5000000000000003,-0.8660254037844385,-0.9680771188662041,-0.2506525322587213,0.9749279121818236,-0.22252093395631434
0.061777413554239276,0.13522675864030287,0.05202124768630014,0.1048995804060888,0.827219826020922,0.8,0.7933031105525383,0.5000000000000003,-0.8660254037844385,-0.9987165071710528,-0.05064916883871355,0.43388373911755823,-0.900968867902419
0.12136084130850881,0.023438551141146114,0.12136084130850881,0.03265593118967695,-0.4838122912717663,0.8,0.7933479958705508,0.5000000000000003,-0.8660254037844385,-0.9884683243281114,0.15142777750457667,-0.433883739117558,-0.9009688679024191
0.0,-0.0433992747043712,0.012170523848435998,-0.008064552083658996,-3.080076867596228,0.8,0.7933928811885633,0.5000000000000003,-0.8660254037844385,-0.9377521321470804,0.3473052528448203,-0.9749279121818236,-0.2225209339563146
-0.09408644999421638,0.006030115467564761,0.0,-0.07130906001992121,2.1774177846663747,0.8,0.7935724224606132,0.5000000000000003,-0.8660254037844385,-0.3943558551133187,0.9189578116202306,0.9749279121818236,-0.22252093395631434
0.013363215039236298,-0.026397398510821186,-0.09289375880341598,0.008658054700508674,-0.5226021974972035,0.8,0.7936173077786257,0.5000000000000003,-0.8660254037844385,-0.20129852008866114,0.9795299412524943,0.43388373911755823,-0.900968867902419
-0.004434592848067865,-0.0020597800984979747,0.0394759905113574,-0.00431965714062166,-0.5462560607454912,0.8,0.7936621930966381,0.5000000000000003,-0.8660254037844385,-2.4492935982947064e-16,1.0,-0.433883739117558,-0.9009688679024191
-0.054808182766865964,-0.03141621715187735,-0.026288998667672505,-0.053345929806467844,2.1839975271708023,0.8,0.7937070784146506,1.2246467991473532e-16,-1.0,0.20129852008866006,0.9795299412524945,-0.9749279121818236,-0.2225209339563146
-0.014184734133149203,-0.04838591332692915,-0.049226893484514554,-0.04196427064015899,0.18996546590565858,0.8,0.7938417343686881,1.2246467991473532e-16,-1.0,0.72479278722912,0.6889669190756866,0.7818314824680298,0.6234898018587336
0.004750598454041804,-0.008522165475573149,-0.03263700965321147,0.04652008272237256,-2.0801906269665276,0.8,0.7938866196867005,1.2246467991473532e-16,-1.0,0.8486442574947509,0.5289640103269624,0.9749279121818236,-0.22252093395631434
-0.004750598454041881,0.0,0.02342036366214711,-0.04652008272237262,0.4360682859628923,0.8,0.793931505004713,1.2246467991473532e-16,-1.0,0.9377521321470804,0.3473052528448203,0.43388373911755823,-0.900968867902419
-0.024097529426346284,-0.022780006060810997,-0.01869222673014813,0.01886857873808785,1.9452497056820781,0.8,0.7939763903227255,1.2246467991473532e-16,-1.0,0.9884683243281114,0.1514277775045767,-0.433883739117558,-0.9009688679024191
0.02884812788038816,0.009174367245604971,0.0,-0.01411798028404588,-2.1002869948668694,0.8,0.794021275640738,1.2246467991473532e-16,-1.0,0.9987165071710528,-0.05064916883871264,-0.9749279121818236,-0.2225209339563146
-0.008567347920740893,-0.005035559511259631,0.004705998747108145,0.02573244606424871,0.17933833037475302,0.8,0.7941559315947754,1.2246467991473532e-16,-1.0,0.7907757369376989,-0.6121059825476626,0.7818314824680298,0.6234898018587336
-0.0009565249402108362,0.00045889697835401096,-0.018958008540059114,-0.016298310385141457,1.57117512619871,0.8,0.7942008169127879,1.2246467991473532e-16,-1.0,0.6513724827222223,-0.758758122692791,0.9749279121818236,-0.22252093395631434
0.004773274406909948,0.02267668660159317,0.014252009792950849,0.03233534858922351,0.5734852391598573,0.8,0.7942457022308004,1.2246467991473532e-16,-1.0,0.48530196253108104,-0.8743466161445821,0.43388373911755823,-0.900968867902419
0.04652008272237256,0.0384442643374439,0.037041347336331576,0.0357180483793169,-1.4375936343483233,0.8,0.7942905875488129,1.2246467991473532e-16,-1.0,0.29936312297335804,-0.9541392564000488,-0.433883739117558,-0.9009688679024191
0.03132244105220812,0.013969429211576812,0.0444517201643673,0.0,-0.12053110430931828,0.8,0.7943354728668253,1.2246467991473532e-16,-1.0,0.10116832198743272,-0.994869323391895,-0.9749279121818236,-0.2225209339563146
-0.017778229065734136,-0.021506185371127483,-0.017544293138656752,-0.008810621353606442,0.46140773334554475,0.8,0.7944701288208628,1.2246467991473532e-16,-1.0,-0.4853019625310808,-0.8743466161445822,0.7818314824680298,0.6234898018587336
-0.013544211986474024,0.004338397559886872,0.004415014026497735,-0.013363215039236369,1.3285019713012576,0.8,0.7945150141388753,1.2246467991473532e-16,-1.0,-0.6513724827222217,-0.7587581226927913,0.9749279121818236,-0.22252093395631434
0.013544211986473934,0.01290339292688759,-0.017778229065734136,0.02655020688292125,-1.9274497068493555,0.8,0.7945598994568877,1.2246467991473532e-16,-1.0,-0.7907757369376986,-0.6121059825476627,0.43388373911755823,-0.900968867902419
-0.03189333259265751,-0.025975462271824953,0.02217383639284286,-0.05844353947557884,-0.2711542929710934,0.8,0.7946047847749002,1.2246467991473532e-16,-1.0,-0.8978045395707417,-0.44039415155763423,-0.433883739117558,-0.9009688679024191
-0.03903925335019234,0.01696063032285419,-0.054067168985500305,-0.009302383378101402,0.4980613012160374,0.8,0.7946496700929127,1.2246467991473532e-16,-1.0,-0.9680771188662041,-0.2506525322587213,-0.9749279121818236,-0.2225209339563146
-0.018119218925681895,-0.08501402729139443,-0.0234203636621472,-0.028438021020956838,0.5655302305053358,0.8,0.79478432604695,1.2246467991473532e-16,-1.0,-0.9377521321470804,0.3473052528448203,0.7818314824680298,0.6234898018587336
-0.009852287185835048,0.0,-0.01913932274293444,0.0024010165132301556,-0.25543945268869195,0.8,0.7948292113649625,1.2246467991473532e-16,-1.0,-0.8486442574947509,0.5289640103269624,0.9749279121818236,-0.22252093395631434
0.0049382769891932795,0.0,0.004819282006023543,-0.012062918522107302,-2.119196541497131,0.8,0.794874096682975,1.2246467991473532e-16,-1.0,-0.7247927872291207,0.6889669190756859,0.43388373911755823,-0.900968867902419
-0.014888598400041399,0.0,-0.0194180678768161,-0.02955877446462216,1.7502144221179117,0.8,0.7949189820009875,1.2246467991473532e-16,-1.0,-0.5712682150947924,0.8207634412072763,-0.433883739117558,-0.9009688679024191
0.0,-0.02857345842204175,-0.019802608596683105,0.014888598400041446,-0.3549604689081203,0.8,0.794963867319,1.2246467991473532e-16,-1.0,-0.3943558551133187,0.9189578116202306,-0.9749279121818236,-0.2225209339563146
-0.020202687854778488,-0.019512796067434328,0.014888598400041446,-0.03509128625481997,0.3210526005320306,0.8,0.7950985232730374,-0.4999999999999997,-0.8660254037844388,0.39435585511331855,0.9189578116202306,0.7818314824680298,0.6234898018587336
-0.01025649013484849,-0.014888598400041399,-0.03000222168713061,-0.005115095676324061,-0.9888838391292067,0.8,0.7951434085910499,-0.4999999999999997,-0.8660254037844388,0.5712682150947923,0.8207634412072763,0.9749279121818236,-0.22252093395631434
-0.08607465433948723,-0.020202687854778488,-0.015345554702537852,-0.08004275861767736,2.035041877969496,0.8,0.7952331792270749,-0.4999999999999997,-0.8660254037844388,0.8486442574947509,0.5289640103269624,-0.433883739117558,-0.9009688679024191
-0.034289040771615105,-0.06317890294372862,-0.08047240402881276,-0.028170850475742682,-0.9738480800667186,0.8,0.7952780645450873,-0.4999999999999997,-0.8660254037844388,0.9377521321470804,0.3473052528448203,-0.9749279121818236,-0.2225209339563146
-0.01759574466597464,-0.05014980182601544,-0.028330479834180973,-0.02898750882400805,0.5270919123880936,0.8,0.7954127204991248,-0.4999999999999997,-0.8660254037844388,0.9680771188662043,-0.2506525322587204,0.7818314824680298,0.6234898018587336
-0.05472491864634459,0.0,-0.023256839595909927,-0.04820212692368263,0.6834297005291227,0.8,0.7954576058171373,-0.4999999999999997,-0.8660254037844388,0.8978045395707416,-0.4403941515576344,0.9749279121818236,-0.22252093395631434
0.0,0.12977431742204854,-0.029853005648536338,0.094187196043099,0.9876482868219415,0.8,0.7955024911351497,-0.4999999999999997,-0.8660254037844388,0.7907757369376989,-0.6121059825476626,0.43388373911755823,-0.900968867902419
0.07811777538792747,-0.09055357544893937,0.07020426234687847,-0.022728229523506522,-2.509593950960879,0.8,0.7955473764531622,-0.4999999999999997,-0.8660254037844388,0.6513724827222223,-0.758758122692791,-0.433883739117558,-0.9009688679024191
-0.04130383727396346,-0.044951411201207235,-0.02865522835054086,-0.047067536446463894,-0.5740927326057707,0.8,0.7955922617711747,-0.4999999999999997,-0.8660254037844388,0.48530196253108104,-0.8743466161445821,-0.9749279121818236,-0.2225209339563146
-0.012121349147384575,0.0057306692280980846,-0.011696028347801235,0.006006018469991941,1.5964726627668546,0.8,0.7957269177252121,-0.4999999999999997,-0.8660254037844388,-0.10116832198743204,-0.9948693233918952,0.7818314824680298,0.6234898018587336
0.024097529080210435,0.0822380856886258,0.017493140423409482,0.074963037680313,-0.8113230201766369,0.8,0.7957718030432246,-0.4999999999999997,-0.8660254037844388,-0.29936312297335776,-0.9541392564000489,0.9749279121818236,-0.22252093395631434
0.055006647301659925,-0.015594646558968847,0.061644170226613955,0.011049891497366392,-0.11353919274765922,0.8,0.7958166883612371,-0.4999999999999997,-0.8660254037844388,-0.4853019625310808,-0.8743466161445822,0.43388373911755823,-0.900968867902419
0.008471062678530818,-0.00032079364865309515,0.0,0.021739965507499983,0.09348818424408338,0.8,0.7958615736792496,-0.4999999999999997,-0.8660254037844388,-0.6513724827222217,-0.7587581226927913,-0.433883739117558,-0.9009688679024191
-0.016957668542420888,0.005333340889063316,0.005420062216286035,-0.04959695960627505,-0.9358391590083512,0.8,0.7959064589972621,-0.4999999999999997,-0.8660254037844388,-0.7907757369376986,-0.6121059825476627,-0.9749279121818236,-0.2225209339563146
-0.005698015696033632,-0.0434851358943245,-0.05556986404230139,0.0,1.1995965250110536,0.8,0.7960411149512995,-0.4999999999999997,-0.8660254037844388,-0.9987165071710528,-0.05064916883871355,0.7818314824680298,0.6234898018587336
-0.005730669228098182,0.0,0.011363747874334085,-0.011363747874334036,-0.009537140790989688,0.8,0.796086000269312,-0.4999999999999997,-0.8660254037844388,-0.9884683243281114,0.15142777750457667,0.9749279121818236,-0.22252093395631434
-0.03509135651363801,-0.016807102601408698,-0.011363747874334036,-0.02224558052932996,-0.7688119744667915,0.8,0.7961308855873245,-0.4999999999999997,-0.8660254037844388,-0.9377521321470804,0.3473052528448203,0.43388373911755823,-0.900968867902419
0.023530545265529484,-0.005665732178300458,-0.010338981649521222,0.007624907466956391,-2.023397869755235,0.8,0.7961757709053369,-0.4999999999999997,-0.8660254037844388,-0.8486442574947509,0.5289640103269624,-0.433883739117558,-0.9009688679024191
-0.005830914636476495,0.0,0.016036997345554915,-0.00850172205030981,0.9165782534402531,0.8,0.7962206562233494,-0.4999999999999997,-0.8660254037844388,-0.7247927872291207,0.6889669190756859,-0.9749279121818236,-0.2225209339563146
-0.005865113711324816,-0.022989496172240394,-0.028820410808716907,0.0058309146364764605,0.12559427035882997,0.8,0.7963553121773869,-0.4999999999999997,-0.8660254037844388,-0.20129852008866114,0.9795299412524943,0.7818314824680298,0.6234898018587336
-0.014576325217093978,-0.005830914636476495,-0.005865113711324816,-0.01759574466597464,0.6626409215093259,0.8,0.7964001974953993,-0.4999999999999997,-0.8660254037844388,-2.4492935982947064e-16,1.0,0.9749279121818236,-0.22252093395631434
0.01457632521709399,0.017391725884585187,0.0,0.02915655591408321,0.8115835121172672,0.8,0.7964450828134118,-0.8660254037844385,-0.5000000000000004,0.20129852008866006,0.9795299412524945,0.43388373911755823,-0.900968867902419
-0.003535679503720867,-0.00489701677282754,0.011696028347801337,-0.017391725884585128,0.8976104282118024,0.8,0.7964899681314243,-0.8660254037844385,-0.5000000000000004,0.39435585511331855,0.9189578116202306,-0.433883739117558,-0.9009688679024191
-0.015287436177965269,0.038798536476668394,-0.011696028347801235,0.02312239511268329,-0.978277387348285,0.8,0.7965348534494368,-0.8660254037844385,-0.5000000000000004,0.5712682150947923,0.8207634412072763,-0.9749279121818236,-0.2225209339563146
0.018823115681686212,-0.011173290180334456,0.023256839595910014,-0.023122395112683266,-1.35391264314287,0.8,0.7966695094034741,-0.8660254037844385,-0.5000000000000004,0.9377521321470804,0.3473052528448203,0.7818314824680298,0.6234898018587336
0.0,-0.005633812421074309,-0.023256839595909927,0.03448614298701744,0.13465784457259689,0.8,0.7967143947214866,-0.8660254037844385,-0.5000000000000004,0.9884683243281114,0.1514277775045767,0.9749279121818236,-0.22252093395631434
-0.029853005648536338,-0.011363747874334036,0.028987508824008093,-0.07020426234687842,-0.18731804403190758,0.8,0.7967592800394991,-0.8660254037844385,-0.5000000000000004,0.9987165071710528,-0.05064916883871264,0.43388373911755823,-0.900968867902419
-0.0560894888812147,-0.05884051447254439,-0.07103577604213308,-0.012195261569588702,1.3505021333690157,0.8,0.7968041653575116,-0.8660254037844385,-0.5000000000000004,0.9680771188662043,-0.2506525322587204,-0.433883739117558,-0.9009688679024191
0.01273908961882172,0.0240123984598698,0.03620766002945851,-0.03115513769280424,-0.36260186911673753,0.8,0.7968490506755241,-0.8660254037844385,-0.5000000000000004,0.8978045395707416,-0.4403941515576344,-0.9749279121818236,-0.2225209339563146
-0.11383519348317547,-0.05166390345697691,-0.08010188734108464,-0.051959766092321016,1.452971465449945,0.8,0.7969837066295615,-0.8660254037844385,-0.5000000000000004,0.48530196253108104,-0.8743466161445821,0.7818314824680298,0.6234898018587336
0.06087492005665858,-0.003120124318874639,-0.040221183807695085,0.06453853603873219,-1.5163437611061854,0.8,0.797028591947574,-0.8660254037844385,-0.5000000000000004,0.29936312297335804,-0.9541392564000488,0.9749279121818236,-0.22252093395631434
0.020803115930879048,0.0,0.03379029939349861,-0.02211778359218716,-0.44586046380354655,0.8,0.7970734772655865,-0.8660254037844385,-0.5000000000000004,0.10116832198743272,-0.994869323391895,0.43388373911755823,-0.900968867902419
-0.11778300643842027,-0.03174874397942948,0.0,-0.08324270723037118,2.119378216838165,0.8,0.7971183625835989,-0.8660254037844385,-0.5000000000000004,-0.10116832198743204,-0.9948693233918952,-0.433883739117558,-0.9009688679024191
-0.04512048247871836,0.13835844806336378,-0.03947877380960061,-0.07197351445211479,0.28133454938962543,0.8,0.7971632479016114,-0.8660254037844385,-0.5000000000000004,-0.29936312297335776,-0.9541392564000489,-0.9749279121818236,-0.2225209339563146
-0.007722038985425331,-0.15790302592099234,-0.034132973033528226,0.007434971238750044,-1.2418285657615258,0.8,0.7972979038556489,-0.8660254037844385,-0.5000000000000004,-0.7907757369376986,-0.6121059825476627,0.7818314824680298,0.6234898018587336
0.018433739243710046,-0.07512064159252879,-0.06453854321336494,0.0,0.6442695999823979,0.8,0.7973427891736613,-0.8660254037844385,-0.5000000000000004,-0.8978045395707417,-0.44039415155763423,0.9749279121818236,-0.22252093395631434
0.019593710826229686,0.21602610721811277,-0.007434971238749889,0.14464528561911735,0.5061569928452422,0.8,0.7973876744916738,-0.8660254037844385,-0.5000000000000004,-0.9680771188662041,-0.2506525322587213,0.43388373911755823,-0.900968867902419
0.07889395044558029,-0.0760175095910461,0.13911275278255264,-0.012967504075314808,-0.31571654724685155,0.8,0.7974325598096863,-0.8660254037844385,-0.5000000000000004,-0.9987165071710528,-0.05064916883871355,-0.433883739117558,-0.9009688679024191
0.027212537040062754,0.03519548384930988,-0.03300626529690951,0.03822125249212064,-1.32090803454215,0.8,0.7974774451276988,-0.8660254037844385,-0.5000000000000004,-0.9884683243281114,0.15142777750457667,-0.9749279121818236,-0.2225209339563146
0.07122751778903003,0.052185773616070304,0.10199914710501169,0.006230543734639389,-0.5019842383556234,0.8,0.7976121010817362,-0.8660254037844385,-0.5000000000000004,-0.7247927872291207,0.6889669190756859,0.7818314824680298,0.6234898018587336
0.006230543734639389,-0.0462509730165155,-0.024541085581342225,0.024541085581342322,-0.7592210405233564,0.8,0.7976569863997487,-0.8660254037844385,-0.5000000000000004,-0.5712682150947924,0.8207634412072763,0.9749279121818236,-0.22252093395631434
0.018462045231939988,0.017595744665974633,0.018462045231939988,0.02395328933036308,0.18967689398582604,0.8,0.7977018717177612,-0.8660254037844385,-0.5000000000000004,-0.3943558551133187,0.9189578116202306,0.43388373911755823,-0.900968867902419
0.024097529080210435,0.022989496172240335,0.024097529080210435,0.017595744665974633,0.5508532794034445,0.8,0.7977467570357737,-0.8660254037844385,-0.5000000000000004,-0.20129852008866114,0.9795299412524943,-0.433883739117558,-0.9009688679024191
0.011834516917728159,0.011299544599374666,0.011834516917728159,0.0057971120756082056,-1.2098459658544767,0.8,0.7977916423537861,-0.8660254037844385,-0.5000000000000004,-2.4492935982947064e-16,1.0,-0.9749279121818236,-0.2225209339563146
-0.04820212692368263,-0.0518847854375897,-0.005899716318173342,-0.06569526734709222,1.6116815544842944,0.8,0.7979711836258361,-1.0,-1.8369701987210297e-16,0.72479278722912,0.6889669190756866,0.9749279121818236,-0.22252093395631434
-0.012422508040835292,-0.01190496206238883,-0.04849437491170523,0.01834912127514641,-1.4346455437194987,0.8,0.7980160689438485,-1.0,-1.8369701987210297e-16,0.8486442574947509,0.5289640103269624,0.43388373911755823,-0.900968867902419
0.018576367746392982,0.06939199781065296,0.01234582401175363,0.04154903399633759,0.5559884138014232,0.8,0.798060954261861,-1.0,-1.8369701987210297e-16,0.9377521321470804,0.3473052528448203,-0.433883739117558,-0.9009688679024191
0.012195261569588601,-0.028330479834180973,0.03021375030039692,-0.005830914636476495,0.8338040461008371,0.8,0.7981058395798735,-1.0,-1.8369701987210297e-16,0.9884683243281114,0.1514277775045767,-0.9749279121818236,-0.2225209339563146
0.0,0.05043087159701261,0.005934800599554714,-0.029675810561878704,-1.067019067639209,0.8,0.798240495533911,-1.0,-1.8369701987210297e-16,0.8978045395707416,-0.4403941515576344,0.7818314824680298,0.6234898018587336
0.0,-0.03900218667288074,-0.02395328933036298,0.05849622137059574,0.02932118532210169,0.8,0.7982853808519234,-1.0,-1.8369701987210297e-16,0.7907757369376989,-0.6121059825476626,0.9749279121818236,-0.22252093395631434
0.029853005648536365,-0.005698015696033632,0.029853005648536365,-0.034685524520041776,0.016870128303484975,0.8,0.7983302661699359,-1.0,-1.8369701987210297e-16,0.6513724827222223,-0.758758122692791,0.43388373911755823,-0.900968867902419
0.0,0.04470020236891445,0.0,0.03468552452004165,-0.4434863285136148,0.8,0.7983751514879484,-1.0,-1.8369701987210297e-16,0.48530196253108104,-0.8743466161445821,-0.433883739117558,-0.9009688679024191
0.0,0.0,0.011696028347801337,-0.034685524520041776,0.20401260571249458,0.8,0.7984200368059609,-1.0,-1.8369701987210297e-16,0.29936312297335804,-0.9541392564000488,-0.9749279121818236,-0.2225209339563146
-0.029853005648536338,-0.02210039176283156,-0.02353054526552943,-0.029853005648536338,0.4475278979754833,0.8,0.7985546927599982,-1.0,-1.8369701987210297e-16,-0.29936312297335776,-0.9541392564000489,0.7818314824680298,0.6234898018587336
-0.006079040349402174,0.032970053436218595,-0.02409752908021036,0.04154903399633759,-1.0022635752581412,0.8,0.7985995780780107,-1.0,-1.8369701987210297e-16,-0.4853019625310808,-0.8743466161445822,0.9749279121818236,-0.22252093395631434
0.041797159709263294,-0.01634912206919231,0.041797159709263294,0.011560811248108576,0.13576889928933256,0.8,0.7986444633960232,-1.0,-1.8369701987210297e-16,-0.6513724827222217,-0.7587581226927913,0.43388373911755823,-0.900968867902419
0.02312239511268329,0.01038540845348891,0.02312239511268329,0.0170944171024322,1.2406353524307867,0.8,0.7986893487140357,-1.0,-1.8369701987210297e-16,-0.7907757369376986,-0.6121059825476627,-0.433883739117558,-0.9009688679024191
-0.011494368400598594,-0.02143529995085519,-0.011494368400598594,-0.011363747874334036,-0.7010405866488466,0.8,0.7987342340320481,-1.0,-1.8369701987210297e-16,-0.8978045395707417,-0.44039415155763423,-0.9749279121818236,-0.2225209339563146
0.02849192869600681,0.00609253469750049,0.03816410873485102,0.028170850475742706,0.5758873333754534,0.8,0.7988688899860856,-1.0,-1.8369701987210297e-16,-0.9884683243281114,0.15142777750457667,0.7818314824680298,0.6234898018587336
-0.0045608984327343656,-0.0060925346975004785,-0.0142330784715784,-0.005571039869659899,-2.062768931400513,0.8,0.7989137753040981,-1.0,-1.8369701987210297e-16,-0.9377521321470804,0.3473052528448203,0.9749279121818236,-0.22252093395631434
0.0045608984327342485,0.027399013566558723,0.0045608984327342485,0.032970053436218595,2.4447595817745884,0.8,0.7989586606221105,-1.0,-1.8369701987210297e-16,-0.8486442574947509,0.5289640103269624,0.43388373911755823,-0.900968867902419
0.011173290180334477,0.026668221646324243,0.03857230374689308,-0.01783378975870633,-0.6655342459164881,0.8,0.799003545940123,-1.0,-1.8369701987210297e-16,-0.7247927872291207,0.6889669190756859,-0.433883739117558,-0.9009688679024191
0.005540175253055282,-0.010582099318558446,0.016086122327765937,-0.004025048554797251,-2.052027483875696,0.8,0.7990484312581355,-1.0,-1.8369701987210297e-16,-0.5712682150947924,0.8207634412072763,-0.9749279121818236,-0.2225209339563146
0.01098917664011634,0.0,-0.026955784001152946,0.037944960641269246,1.591024415418604,0.8,0.7991830872121729,-0.866025403784439,0.49999999999999933,0.20129852008866006,0.9795299412524945,0.7818314824680298,0.6234898018587336
-0.005479460395805272,-0.0020233405377774543,0.024932443463375496,-0.01069527888945819,2.1824652583519426,0.8,0.7992279725301854,-0.866025403784439,0.49999999999999933,0.39435585511331855,0.9189578116202306,0.9749279121818236,-0.22252093395631434
0.005479460395805221,0.0020233405377774187,-0.02493244346337547,0.005361938000394903,-1.2910476863392881,0.8,0.7992728578481979,-0.866025403784439,0.49999999999999933,0.5712682150947923,0.8207634412072763,0.43388373911755823,-0.900968867902419
0.01626050511169458,0.00916005119623115,0.01626050511169458,0.014493392085294555,-1.1965969664182816,0.8,0.7993177431662104,-0.866025403784439,0.49999999999999933,0.72479278722912,0.6889669190756866,-0.433883739117558,-0.9009688679024191
0.013351320424662208,0.011893338186226877,0.021277378208016763,-0.0065040096610273655,0.4315391142523979,0.8,0.7993626284842229,-0.866025403784439,0.49999999999999933,0.8486442574947509,0.5289640103269624,-0.9749279121818236,-0.2225209339563146
-0.024705877478673262,0.005194812051598424,0.01566610211549801,0.01839734784725418,0.388316886438127,0.8,0.7994972844382603,-0.866025403784439,0.49999999999999933,0.9987165071710528,-0.05064916883871264,0.7818314824680298,0.6234898018587336
0.011354557054011139,-0.005194812051598307,-0.03565396768948332,-0.031748668271916365,-0.3018515951975283,0.8,0.7995421697562728,-0.866025403784439,0.49999999999999933,0.9680771188662043,-0.2506525322587204,0.9749279121818236,-0.22252093395631434
-0.04959695960627505,-0.021053389382458158,-0.0012895126340314194,-0.04959695960627505,0.6710156632458832,0.8,0.7995870550742853,-0.866025403784439,0.49999999999999933,0.8978045395707416,-0.4403941515576344,0.43388373911755823,-0.900968867902419
-0.02865522835054086,-0.01069527888945819,-0.06096070748060903,0.005633812421074211,-0.29644740046689144,0.8,0.7996319403922977,-0.866025403784439,0.49999999999999933,0.7907757369376989,-0.6121059825476626,-0.433883739117558,-0.9009688679024191
0.022989496172240335,0.026526729166799178,0.05177892024734497,-0.011299544599374644,-0.6608207424211783,0.8,0.7996768257103102,-0.866025403784439,0.49999999999999933,0.6513724827222223,-0.758758122692791,-0.9749279121818236,-0.2225209339563146
-0.011428684924131786,0.0,-0.05177892024734504,0.011299544599374666,1.4715104767981924,0.8,0.7998114816643477,-0.866025403784439,0.49999999999999933,0.10116832198743272,-0.994869323391895,0.7818314824680298,0.6234898018587336
0.03390151970384086,-0.005249350958782499,0.028170850475742706,0.06524052539321744,-2.4266410419886117,0.8,0.7998563669823601,-0.866025403784439,0.49999999999999933,-0.10116832198743204,-0.9948693233918952,0.9749279121818236,-0.22252093395631434
0.0,-0.02666822164632427,0.0011105461780697697,-0.02666822164632427,1.015194805933069,0.8,0.7999012523003726,-0.866025403784439,0.49999999999999933,-0.29936312297335776,-0.9541392564000489,0.43388373911755823,-0.900968867902419
-0.03960740748801231,0.0,-0.04071795366608213,0.0,-1.2564468758019103,0.8,0.7999461376183851,-0.866025403784439,0.49999999999999933,-0.4853019625310808,-0.8743466161445822,-0.433883739117558,-0.9009688679024191
0.011436557012269555,0.0,0.028434117307677777,-0.005420062216286015,0.8132379902396167,0.8,0.7999910229363976,-0.866025403784439,0.49999999999999933,-0.6513724827222217,-0.7587581226927913,-0.9749279121818236,-0.2225209339563146
-0.017233332985252897,-0.06130053327039959,-0.02849192869600684,-0.06164417022661399,0.20833764006672467,0.8,0.800125678890435,-0.866025403784439,0.49999999999999933,-0.9680771188662041,-0.2506525322587213,0.7818314824680298,0.6234898018587336
-0.00005814749095387946,-0.005763699172500427,-0.005797112075608216,0.0,-0.766557364673352,0.8,0.8001705642084475,-0.866025403784439,0.49999999999999933,-0.9987165071710528,-0.05064916883871355,0.9749279121818236,-0.22252093395631434
-0.023471013348865474,0.07207866260422088,0.03955605033276535,0.02285811627493255,2.471181707298337,0.8,0.80021544952646,-0.866025403784439,0.49999999999999933,-0.9884683243281114,0.15142777750457667,0.43388373911755823,-0.900968867902419
-0.01807802064747214,-0.0435867339082141,-0.027995239084656672,-0.07020426234687842,-1.108353904040555,0.8,0.8002603348444725,-0.866025403784439,0.49999999999999933,-0.9377521321470804,0.3473052528448203,-0.433883739117558,-0.9009688679024191
0.0,-0.005633812421074309,-0.029156555914083275,0.0,-0.21607660410656013,0.8,0.800305220162485,-0.866025403784439,0.49999999999999933,-0.8486442574947509,0.5289640103269624,-0.9749279121818236,-0.2225209339563146
0.04154903399633759,-0.02285811627493258,0.02339285674158273,0.04734614607194579,-0.27295214922071676,0.8,0.8004398761165223,-0.866025403784439,0.49999999999999933,-0.3943558551133187,0.9189578116202306,0.7818314824680298,0.6234898018587336
0.0057971120756082056,0.0,0.0,0.0,-8.498418036089904,0.8,0.8004847614345348,-0.866025403784439,0.49999999999999933,-0.20129852008866114,0.9795299412524943,0.9749279121818236,-0.22252093395631434
-0.1426563114266597,0.7272413595666266,-0.06156796989370011,0.7160052968348779,14.859316370699219,0.8,0.8005296467525473,-0.866025403784439,0.49999999999999933,-2.4492935982947064e-16,1.0,0.43388373911755823,-0.900968867902419
0.8529958760832373,0.0027893994904665915,0.7719075345502776,-0.0028288535293775263,-0.6567749086413264,0.8,0.8005745320705597,-0.5000000000000012,0.8660254037844379,0.20129852008866006,0.9795299412524945,-0.433883739117558,-0.9009688679024191
0.002836878648922792,-0.011204588536625724,0.002836878648922792,0.0,-1.0347937136189649,0.8,0.8006194173885722,-0.5000000000000012,0.8660254037844379,0.39435585511331855,0.9189578116202306,-0.9749279121818236,-0.2225209339563146
0.0,0.02228508974789081,0.0,0.011267714251726712,0.23505856196090397,0.8,0.8007540733426097,-0.5000000000000012,0.8660254037844379,0.8486442574947509,0.5289640103269624,0.7818314824680298,0.6234898018587336
0.005649727214967146,-0.008298860832071861,0.00846266595045183,0.005586601499866274,-2.013722195669951,0.8,0.8007989586606221,-0.5000000000000012,0.8660254037844379,0.9377521321470804,0.3473052528448203,0.9749279121818236,-0.22252093395631434
0.005617987036759496,0.0027739243143502347,0.0028050483012747717,0.0,0.7343892244783913,0.8,0.8008438439786346,-0.5000000000000012,0.8660254037844379,0.9884683243281114,0.1514277775045767,0.43388373911755823,-0.900968867902419
0.0027972020093997587,0.0,0.0027972020093997587,0.002781640379193226,0.6107037871180677,0.8,0.8008887292966471,-0.5000000000000012,0.8660254037844379,0.9987165071710528,-0.05064916883871264,-0.433883739117558,-0.9009688679024191
0.0055710398696598214,0.005524936517721633,0.0055710398696598214,0.0027739243143502347,0.05776924449198278,0.8,0.8009336146146596,-0.5000000000000012,0.8660254037844379,0.9680771188662043,-0.2506525322587204,-0.9749279121818236,-0.2225209339563146
0.0,-0.005524936517721636,0.0,-0.0027739243143501727,0.632234205761976,0.8,0.801068270568697,-0.5000000000000012,0.8660254037844379,0.6513724827222223,-0.758758122692791,0.7818314824680298,0.6234898018587336
0.0,0.0027662509387050963,0.0027739243143502347,0.0,-0.34628123454938686,0.8,0.8011131558867095,-0.5000000000000012,0.8660254037844379,0.48530196253108104,-0.8743466161445821,0.9749279121818236,-0.22252093395631434
0.0,0.0,0.0027662509387050963,0.0027739243143502347,-1.0736858757077683,0.8,0.801158041204722,-0.5000000000000012,0.8660254037844379,0.29936312297335804,-0.9541392564000488,0.43388373911755823,-0.900968867902419
-0.002781640379193324,-0.0027662509387050317,-0.005540175253055251,-0.005555564693543434,1.0055230594313138,0.8,0.8012029265227345,-0.5000000000000012,0.8660254037844379,0.10116832198743272,-0.994869323391895,-0.433883739117558,-0.9009688679024191
0.0,0.005524936517721633,0.0,0.002781640379193226,-0.394495637191738,0.8,0.8012478118407469,-0.5000000000000012,0.8660254037844379,-0.10116832198743204,-0.9948693233918952,-0.9749279121818236,-0.2225209339563146
-0.002789399490466699,0.0,0.0,-0.002781640379193324,0.3735956676352094,0.8,0.8013824677947844,-0.5000000000000012,0.8660254037844379,-0.6513724827222217,-0.7587581226927913,0.7818314824680298,0.6234898018587336
-0.005602250310674478,-0.008298860832071861,-0.002781640379193324,-0.008391649801141172,-0.5506725110161251,0.8,0.8014273531127969,-0.5000000000000012,0.8660254037844379,-0.7907757369376986,-0.6121059825476627,0.9749279121818236,-0.22252093395631434
0.0028050483012747717,0.0,-0.005586601499866309,0.005602250310674402,-1.3297391536329122,0.8,0.8014722384308093,-0.5000000000000012,0.8660254037844379,-0.8978045395707417,-0.44039415155763423,0.43388373911755823,-0.900968867902419
0.0,0.0,0.0027972020093997587,0.0027893994904665915,0.6303444755044139,0.8,0.8015620090668343,-0.5000000000000012,0.8660254037844379,-0.9987165071710528,-0.05064916883871355,-0.9749279121818236,-0.2225209339563146
-0.005617987036759381,-0.002753747786129303,0.0027893994904665915,-0.002789399490466699,1.4534744877992285,0.8,0.8016966650208718,-0.5000000000000012,0.8660254037844379,-0.8486442574947509,0.5289640103269624,0.7818314824680298,0.6234898018587336
0.008415189046158981,0.002753747786129309,-0.002789399490466699,0.0027893994904665915,-1.5684212297667175,0.8,0.8017415503388842,-0.5000000000000012,0.8660254037844379,-0.7247927872291207,0.6889669190756859,0.9749279121818236,-0.22252093395631434
0.0,0.0,0.0055710398696598214,0.0,-0.0949352322053463,0.8,0.8017864356568967,-0.5000000000000012,0.8660254037844379,-0.5712682150947924,0.8207634412072763,0.43388373911755823,-0.900968867902419
0.0,0.0,0.0,0.0,-0.5444085604336351,0.8,0.8018313209749092,-0.5000000000000012,0.8660254037844379,-0.3943558551133187,0.9189578116202306,-0.433883739117558,-0.9009688679024191
0.0055710398696598214,0.016529351893171736,0.0027739243143502347,0.013831531876559769,1.9127414959794933,0.8,0.8018762062929217,-0.5000000000000012,0.8660254037844379,-0.20129852008866114,0.9795299412524943,-0.9749279121818236,-0.2225209339563146
0.008298860832071831,0.0,0.008275967183016243,-0.0027510306652944994,-0.47775552222502893,0.8,0.802010862246959,-2.4492935982947064e-16,1.0,0.5712682150947923,0.8207634412072763,0.7818314824680298,0.6234898018587336
0.0,-0.0027359771418190757,-0.0027510306652944994,0.002751030665294551,0.0924551699074975,0.8,0.8020557475649716,-2.4492935982947064e-16,1.0,0.72479278722912,0.6889669190756866,0.9749279121818236,-0.22252093395631434
0.0,0.0,0.002751030665294551,-0.0027510306652944994,-0.7488585547607576,0.8,0.8021455182009966,-2.4492935982947064e-16,1.0,0.9377521321470804,0.3473052528448203,-0.433883739117558,-0.9009688679024191
0.0,-0.0027434832539860944,-0.0027510306652944994,0.002751030665294551,-0.15729245268276687,0.8,0.8021904035190089,-2.4492935982947064e-16,1.0,0.9884683243281114,0.1514277775045767,-0.9749279121818236,-0.2225209339563146
0.002751030665294551,0.0027434832539862254,0.005494513919280717,0.0027434832539862254,-0.005528839368335354,0.8,0.8023250594730464,-2.4492935982947064e-16,1.0,0.8978045395707416,-0.4403941515576344,0.7818314824680298,0.6234898018587336
0.0,0.005464489132556301,0.0,0.002735977141819197,0.32715643449636034,0.8,0.8023699447910589,-2.4492935982947064e-16,1.0,0.7907757369376989,-0.6121059825476626,0.9749279121818236,-0.22252093395631434
0.0,0.0,0.002735977141819197,0.0,0.5998932637326208,0.8,0.8024148301090713,-2.4492935982947064e-16,1.0,0.6513724827222223,-0.758758122692791,0.43388373911755823,-0.900968867902419
0.0,0.0,0.002728511990737315,0.002728511990737315,-0.7700622409066072,0.8,0.8024597154270838,-2.4492935982947064e-16,1.0,0.48530196253108104,-0.8743466161445821,-0.433883739117558,-0.9009688679024191
0.0,0.0,0.0,0.0,-0.0022818617652439472,0.8,0.8025046007450963,-2.4492935982947064e-16,1.0,0.29936312297335804,-0.9541392564000488,-0.9749279121818236,-0.2225209339563146
0.0,-0.0027285119907372265,-0.005464489132556437,-0.0027285119907372265,0.0998658665814544,0.8,0.8026392566991337,-2.4492935982947064e-16,1.0,-0.29936312297335776,-0.9541392564000489,0.7818314824680298,0.6234898018587336
0.0,0.002728511990737315,0.002735977141819197,-0.0027359771418190757,-0.36439761942739146,0.8,0.8026841420171462,-2.4492935982947064e-16,1.0,-0.4853019625310808,-0.8743466161445822,0.9749279121818236,-0.22252093395631434
0.0,-0.0027285119907372265,-0.0027359771418190757,0.002735977141819197,0.3942267620235697,0.8,0.8027290273351587,-2.4492935982947064e-16,1.0,-0.6513724827222217,-0.7587581226927913,0.43388373911755823,-0.900968867902419
-0.00550971624431123,-0.0027359771418190757,-0.0027434832539860944,-0.005479460395805272,-0.011610214683574007,0.8,0.8027739126531712,-2.4492935982947064e-16,1.0,-0.7907757369376986,-0.6121059825476627,-0.433883739117558,-0.9009688679024191
0.0,-0.0027434832539860944,0.0,0.0,-0.20784759413182216,0.8,0.8028187979711837,-2.4492935982947064e-16,1.0,-0.8978045395707417,-0.44039415155763423,-0.9749279121818236,-0.2225209339563146
0.0027586855790165915,0.0027434832539862254,-0.0027510306652944994,0.0027434832539862254,-0.058211715867036065,0.8,0.8029534539252211,-2.4492935982947064e-16,1.0,-0.9884683243281114,0.15142777750457667,0.7818314824680298,0.6234898018587336
0.0,0.002735977141819197,0.005494513919280717,-0.0027434832539860944,0.2991308347533702,0.8,0.8030432245612461,-2.4492935982947064e-16,1.0,-0.8486442574947509,0.5289640103269624,0.43388373911755823,-0.900968867902419
-0.008298860832071861,-0.004106810636441771,-0.005494513919280685,-0.00550971624431123,0.22235494607826867,0.8,0.8030881098792585,-2.4492935982947064e-16,1.0,-0.7247927872291207,0.6889669190756859,-0.433883739117558,-0.9009688679024191
0.008298860832071831,0.009556410093542928,0.0,0.014616453962157567,-0.7635328180011939,0.8,0.803132995197271,-2.4492935982947064e-16,1.0,-0.5712682150947924,0.8207634412072763,-0.9749279121818236,-0.2225209339563146
0.010959003051836941,0.00271370323795161,0.013680090518200783,0.004536025373011645,0.49559714623595336,0.8,0.8032676511513085,-2.4492935982947064e-16,1.0,-2.4492935982947064e-16,1.0,0.7818314824680298,0.6234898018587336
-0.0027285119907372265,-0.002713703237951683,-0.00272108746636384,-0.005434790704315485,1.025200315598069,0.8166666666666667,0.8033574217873334,0.49999999999999994,0.8660254037844387,0.39435585511331855,0.9189578116202306,0.43388373911755823,-0.900968867902419
0.0,-0.0013596506317443495,0.0,0.00005450346934765698,-2.2110153654975058,0.8166666666666667,0.8034023071053459,0.49999999999999994,0.8660254037844387,0.5712682150947923,0.8207634412072763,-0.433883739117558,-0.9009688679024191
0.002728511990737315,0.004073353869696094,0.005434790704315446,0.002666583997016098,-0.8496668623092427,0.8166666666666667,0.8034471924233584,0.49999999999999994,0.8660254037844387,0.72479278722912,0.6889669190756866,-0.9749279121818236,-0.2225209339563146
0.0,-0.002713703237951683,-0.005434790704315485,-0.00272108746636384,1.2150303662488802,0.8166666666666667,0.8035818483773958,0.49999999999999994,0.8660254037844387,0.9884683243281114,0.1514277775045767,0.7818314824680298,0.6234898018587336
0.0,0.00271370323795161,0.0,0.0,-1.1447152031499273,0.8166666666666667,0.8036267336954083,0.49999999999999994,0.8660254037844387,0.9987165071710528,-0.05064916883871264,0.9749279121818236,-0.22252093395631434
0.0,-0.002713703237951683,0.0,0.0,-0.42288072872435056,0.8166666666666667,0.8036716190134208,0.49999999999999994,0.8660254037844387,0.9680771188662043,-0.2506525322587204,0.43388373911755823,-0.900968867902419
0.0,0.0026865657961113705,0.0,0.0,1.0516170810387726,0.8166666666666667,0.8037165043314333,0.49999999999999994,0.8660254037844387,0.8978045395707416,-0.4403941515576344,-0.433883739117558,-0.9009688679024191
0.0,-0.005407653262475195,0.0,0.0,-10.524090921620362,0.8166666666666667,0.8037613896494458,0.49999999999999994,0.8660254037844387,0.7907757369376989,-0.6121059825476626,-0.9749279121818236,-0.2225209339563146
0.0,0.0,0.0,0.0,0.0,0.8166666666666667,0.8038960456034832,0.49999999999999994,0.8660254037844387,0.29936312297335804,-0.9541392564000488,0.7818314824680298,0.6234898018587336
0.0,0.0,0.0,0.0,0.0,0.8166666666666667,0.8039409309214957,0.49999999999999994,0.8660254037844387,0.10116832198743272,-0.994869323391895,0.9749279121818236,-0.22252093395631434
0.0,0.0,0.0,0.0,0.0,0.8166666666666667,0.8039858162395082,0.49999999999999994,0.8660254037844387,-0.10116832198743204,-0.9948693233918952,0.43388373911755823,-0.900968867902419
0.0,0.0,0.0,0.0,0.0,0.8166666666666667,0.8040307015575205,0.49999999999999994,0.8660254037844387,-0.29936312297335776,-0.9541392564000489,-0.433883739117558,-0.9009688679024191
