low,high,open,close,volume,year,days,month_sin,month_cos,day_sin,day_cos,weekday_sin,weekday_cos
0.0,-0.08288763438515688,-0.09531020147874086,0.0,1.1980730821987478,0.6666666666666666,0.6631805736343642,1.2246467991473532e-16,-1.0,0.10116832198743272,-0.994869323391895,0.9749279121818236,-0.22252093395631434
-0.0125787701350334,0.012270022236438059,-0.0125787701350334,0.02469258933002205,-1.7287013332609182,0.6666666666666666,0.6632254589523767,1.2246467991473532e-16,-1.0,-0.10116832198743204,-0.9948693233918952,0.43388373911755823,-0.900968867902419
0.0,0.02409752942634625,0.06136888889140171,-0.03727135946505547,-0.916290731874155,0.6666666666666666,0.6632703442703892,1.2246467991473532e-16,-1.0,-0.29936312297335776,-0.9541392564000489,-0.433883739117558,-0.9009688679024191
-0.06268370408331068,-0.06136888889140163,-0.06136888889140163,-0.06268370408331068,2.9222651216721185,0.6666666666666666,0.6633152295884017,1.2246467991473532e-16,-1.0,-0.4853019625310808,-0.8743466161445822,-0.9749279121818236,-0.2225209339563146
-0.044084296846254825,-0.057307352215597906,-0.057307352215597906,-0.038466309809495475,-0.6886729001650242,0.6666666666666666,0.6634498855424391,1.2246467991473532e-16,-1.0,-0.8978045395707417,-0.44039415155763423,0.7818314824680298,0.6234898018587336
-0.01704585110836476,-0.035474419798148644,-0.035474419798148644,-0.022663838145124123,-0.7482069577429727,0.6666666666666666,0.6634947708604516,1.2246467991473532e-16,-1.0,-0.9680771188662041,-0.2506525322587213,0.9749279121818236,-0.22252093395631434
-0.03498902854138654,-0.04255957410647557,-0.04255957410647557,-0.0202611655642423,1.171371642950538,0.6666666666666666,0.6635396561784641,1.2246467991473532e-16,-1.0,-0.9987165071710528,-0.05064916883871355,0.43388373911755823,-0.900968867902419
0.00886274926581948,0.014388723630732752,-0.008733671481950558,0.02312239511268329,-1.7404661748405046,0.6666666666666666,0.6635845414964765,1.2246467991473532e-16,-1.0,-0.9884683243281114,0.15142777750457667,-0.433883739117558,-0.9009688679024191
-0.0923733789439475,0.0056980156960335475,0.008733671481950537,0.002853066265385662,2.367123614131617,0.6666666666666666,0.663629426814489,1.2246467991473532e-16,-1.0,-0.9377521321470804,0.3473052528448203,-0.9749279121818236,-0.2225209339563146
0.12136088776795562,0.03352272627707552,0.014388723630732752,0.02253614383116393,-2.436116485618568,0.6666666666666666,0.6637640827685265,1.2246467991473532e-16,-1.0,-0.5712682150947924,0.8207634412072763,0.7818314824680298,0.6234898018587336
-0.05884051447254439,-0.03922074197310912,0.0,-0.08422972456909389,0.6567795363890705,0.6666666666666666,0.6638089680865389,1.2246467991473532e-16,-1.0,-0.3943558551133187,0.9189578116202306,0.9749279121818236,-0.22252093395631434
-0.0152674576811775,-0.06797298941907637,-0.07410797215372185,-0.009132474946531969,-2.379546134130174,0.6666666666666666,0.6638538534045514,1.2246467991473532e-16,-1.0,-0.20129852008866114,0.9795299412524943,0.43388373911755823,-0.900968867902419
-0.13133603552334427,0.024170338292793102,0.030305321027438586,-0.034217924315860966,3.8155121050473024,0.6666666666666666,0.6638987387225639,-0.4999999999999997,-0.8660254037844388,0.20129852008866006,0.9795299412524945,-0.433883739117558,-0.9009688679024191
0.03448622569739788,-0.07755823664167218,-0.12715513085338487,-0.035430479775115716,-2.0927455073061987,0.6666666666666666,0.6639436240405764,-0.4999999999999997,-0.8660254037844388,0.39435585511331855,0.9189578116202306,-0.9749279121818236,-0.2225209339563146
0.03333638846961512,-0.016260505742097555,0.03333638846961512,0.0,-7.937374696163295,0.6666666666666666,0.6641231653126263,-0.4999999999999997,-0.8660254037844388,0.9377521321470804,0.3473052528448203,0.9749279121818236,-0.22252093395631434
-0.06782261416701305,-0.016529286317205204,-0.016529286317205204,-0.03333638846961517,9.082507000466299,0.6666666666666666,0.6641680506306388,-0.4999999999999997,-0.8660254037844388,0.9884683243281114,0.1514277775045767,0.43388373911755823,-0.900968867902419
0.05129332784980774,0.15128945027881732,0.0,0.09684980982594635,0.26759531388504365,0.6666666666666666,0.6642129359486513,-0.4999999999999997,-0.8660254037844388,0.9987165071710528,-0.05064916883871264,-0.433883739117558,-0.9009688679024191
0.08004270767353636,0.0,0.08004270767353636,0.07124674260528088,-0.12981161152199058,0.6666666666666666,0.6642578212666638,-0.4999999999999997,-0.8660254037844388,0.9680771188662043,-0.2506525322587204,-0.9749279121818236,-0.2225209339563146
0.07410797215372183,0.03103208002418383,0.10227882262946465,0.017045851108364745,0.5943656360001616,0.6666666666666666,0.6643924772207012,-0.4999999999999997,-0.8660254037844388,0.6513724827222223,-0.758758122692791,0.7818314824680298,0.6234898018587336
0.04470020236891445,0.027399013566558723,0.024692654588224398,0.04138524248237769,-1.571899993115035,0.6666666666666666,0.6644373625387137,-0.4999999999999997,-0.8660254037844388,0.48530196253108104,-0.8743466161445821,0.9749279121818236,-0.22252093395631434
0.01086966167338706,0.055204563411187416,0.01612936642298423,0.026668221646324243,0.6931471805599453,0.6666666666666666,0.6644822478567262,-0.4999999999999997,-0.8660254037844388,0.29936312297335804,-0.9541392564000488,0.43388373911755823,-0.900968867902419
0.04492164493272388,0.002554277316255313,0.03922073760646858,0.01825342328639972,-2.384823191231018,0.6666666666666666,0.6645271331747385,-0.4999999999999997,-0.8660254037844388,0.10116832198743272,-0.994869323391895,-0.433883739117558,-0.9009688679024191
-0.10049150897502539,0.017699560026821166,0.022814655703145195,-0.10049150897502539,1.791759469228055,0.6666666666666666,0.664572018492751,-0.4999999999999997,-0.8660254037844388,-0.10116832198743204,-0.9948693233918952,-0.9749279121818236,-0.2225209339563146
0.028170850475742706,-0.04879017910793957,-0.05142522426276268,0.028170850475742706,0.7949298748698876,0.6666666666666666,0.6647066744467885,-0.4999999999999997,-0.8660254037844388,-0.6513724827222217,-0.7587581226927913,0.7818314824680298,0.6234898018587336
-0.08398564686928707,-0.054067235212882966,-0.051432190058059934,-0.028170850475742682,1.1975002898203186,0.6666666666666666,0.6647515597648009,-0.4999999999999997,-0.8660254037844388,-0.7907757369376986,-0.6121059825476627,0.9749279121818236,-0.22252093395631434
0.0,-0.008368241879059607,-0.028170850475742682,0.01980260859668314,-2.092513623247189,0.6666666666666666,0.6647964450828134,-0.4999999999999997,-0.8660254037844388,-0.8978045395707417,-0.44039415155763423,0.43388373911755823,-0.900968867902419
0.05581479639354426,0.008368241879059648,0.02538921009654936,0.008368241879059648,0.43995128417933366,0.6666666666666666,0.6648413304008259,-0.4999999999999997,-0.8660254037844388,-0.9680771188662041,-0.2506525322587213,-0.433883739117558,-0.9009688679024191
-0.05884051447254439,0.0,-0.05437671892055753,0.0,0.4550620492475365,0.6666666666666666,0.6648862157188384,-0.4999999999999997,-0.8660254037844388,-0.9987165071710528,-0.05064916883871355,-0.9749279121818236,-0.2225209339563146
0.029853005648536365,-0.002781640379193324,0.05437671892055749,-0.028170850475742682,-0.4382549309311553,0.6666666666666666,0.6650208716728758,-0.4999999999999997,-0.8660254037844388,-0.8486442574947509,0.5289640103269624,0.7818314824680298,0.6234898018587336
-0.04512046332971382,-0.025389210096549483,-0.06621123583828571,0.0,0.4906229164484712,0.6666666666666666,0.6650657569908883,-0.4999999999999997,-0.8660254037844388,-0.7247927872291207,0.6889669190756859,0.9749279121818236,-0.22252093395631434
0.015267457681177408,0.0,0.04082202574173622,-0.02898750882400805,-0.8007778447523107,0.6666666666666666,0.6651106423089008,-0.4999999999999997,-0.8660254037844388,-0.5712682150947924,0.8207634412072763,0.43388373911755823,-0.900968867902419
0.044451790841811674,-0.014388723630732781,-0.014388723630732781,0.01459878519327518,-2.3978952727983707,0.6666666666666666,0.6651555276269133,-0.4999999999999997,-0.8660254037844388,-0.3943558551133187,0.9189578116202306,-0.433883739117558,-0.9009688679024191
-0.014598785193275239,-0.014598785193275239,-0.014598785193275239,-0.014598785193275239,0.22314355131420976,0.6666666666666666,0.6652004129449257,-0.4999999999999997,-0.8660254037844388,-0.20129852008866114,0.9795299412524943,-0.9749279121818236,-0.2225209339563146
-0.029853005648536338,0.0,0.0,-0.029853005648536338,4.9459189793765646,0.6666666666666666,0.6653350688989632,-0.8660254037844385,-0.5000000000000004,0.39435585511331855,0.9189578116202306,0.7818314824680298,0.6234898018587336
-0.030771629315981694,-0.029853005648536338,-0.029853005648536338,-0.030771629315981694,-1.9206279035810292,0.6666666666666666,0.6653799542169757,-0.8660254037844385,-0.5000000000000004,0.5712682150947923,0.8207634412072763,0.9749279121818236,-0.22252093395631434
-0.06453853603873223,-0.0152674576811775,-0.06252037329541112,0.0,0.26311081172127565,0.6666666666666666,0.6654248395349881,-0.8660254037844385,-0.5000000000000004,0.72479278722912,0.6889669190756866,0.43388373911755823,-0.900968867902419
0.0,-0.015504171634804215,0.03174874397942956,-0.06453853603873223,-0.08565544457849389,0.6666666666666666,0.6654697248530006,-0.8660254037844385,-0.5000000000000004,0.8486442574947509,0.5289640103269624,-0.433883739117558,-0.9009688679024191
-0.03390151879036064,0.0,0.0,-0.010050326220427584,0.46593030385809975,0.6666666666666666,0.6655146101710131,-0.8660254037844385,-0.5000000000000004,0.9377521321470804,0.3473052528448203,-0.9749279121818236,-0.2225209339563146
0.04385184020120862,0.1926843584234216,-0.03497976157411006,0.2672732206825815,1.795155058229193,0.6666666666666666,0.6656492661250505,-0.8660254037844385,-0.5000000000000004,0.9680771188662043,-0.2506525322587204,0.7818314824680298,0.6234898018587336
0.1442003584164103,-0.02083412894626986,0.1909145508436401,-0.02083412894626986,-1.1410245300116997,0.6666666666666666,0.665694151443063,-0.8660254037844385,-0.5000000000000004,0.8978045395707416,-0.4403941515576344,0.9749279121818236,-0.22252093395631434
-0.05581479639354438,-0.013245214201674278,0.0026702260059476303,-0.054067235212882966,-1.2317648216555945,0.6666666666666666,0.6657390367610755,-0.8660254037844385,-0.5000000000000004,0.7907757369376989,-0.6121059825476626,0.43388373911755823,-0.900968867902419
-0.0030257180790000562,0.0,-0.0950435235166045,0.03815179500526111,-0.35667494393873245,0.6666666666666666,0.665783922079088,-0.8660254037844385,-0.5000000000000004,0.6513724827222223,-0.758758122692791,-0.433883739117558,-0.9009688679024191
0.10899031629855986,0.013245214201674292,0.0789141570936202,0.013280395052798672,-0.0953101798043249,0.6666666666666666,0.6658288073971005,-0.8660254037844385,-0.5000000000000004,0.48530196253108104,-0.8743466161445821,-0.9749279121818236,-0.2225209339563146
0.008119116580163102,-0.013245214201674278,0.01612936642298423,-0.010610169046851185,-0.8811994120628849,0.6666666666666666,0.6659634633511379,-0.8660254037844385,-0.5000000000000004,-0.10116832198743204,-0.9948693233918952,0.7818314824680298,0.6234898018587336
-0.05826891840617861,-0.013423007444650008,-0.013423007444650008,-0.04360366139040205,1.8530599950918507,0.6666666666666666,0.6660083486691504,-0.8660254037844385,-0.5000000000000004,-0.29936312297335776,-0.9541392564000489,0.9749279121818236,-0.22252093395631434
-0.04679218720457015,-0.02739901356655871,-0.05556986404230139,-0.025389210096549483,-1.126011262856224,0.6666666666666666,0.6660532339871629,-0.8660254037844385,-0.5000000000000004,-0.4853019625310808,-0.8743466161445822,0.43388373911755823,-0.900968867902419
-0.0617479479616635,-0.04255957410647557,-0.014388723630732781,-0.02605065202965303,0.7576857016975165,0.6666666666666666,0.6660981193051754,-0.8660254037844385,-0.5000000000000004,-0.6513724827222217,-0.7587581226927913,-0.433883739117558,-0.9009688679024191
-0.06241764681343456,-0.014598785193275239,-0.1069721641372228,-0.0029368567943550963,0.0,0.6666666666666666,0.6661430046231878,-0.8660254037844385,-0.5000000000000004,-0.7907757369376986,-0.6121059825476627,-0.9749279121818236,-0.2225209339563146
0.1419702731556602,0.05715835929975084,0.10697216413722269,0.0,0.17185025692665923,0.6666666666666666,0.6662776605772253,-0.8660254037844385,-0.5000000000000004,-0.9987165071710528,-0.05064916883871355,0.7818314824680298,0.6234898018587336
-0.04512046332971382,-0.06010386663356806,-0.041426072762811524,-0.0029455073338171475,-0.8191879014553104,0.6666666666666666,0.6663225458952378,-0.8660254037844385,-0.5000000000000004,-0.9884683243281114,0.15142777750457667,0.9749279121818236,-0.22252093395631434
-0.06351342135633119,0.0,0.023881780235719043,0.0,1.1979847624813134,0.6666666666666666,0.6663674312132501,-0.8660254037844385,-0.5000000000000004,-0.9377521321470804,0.3473052528448203,0.43388373911755823,-0.900968867902419
0.01626050574209758,0.0,-0.04217495599589659,0.0,-0.39204208777602373,0.6666666666666666,0.6664123165312626,-0.8660254037844385,-0.5000000000000004,-0.8486442574947509,0.5289640103269624,-0.433883739117558,-0.9009688679024191
0.08942787161013016,0.0029455073338171245,0.042174955995896574,0.0029455073338171245,-2.0149030205422647,0.6666666666666666,0.6664572018492751,-0.8660254037844385,-0.5000000000000004,-0.7247927872291207,0.6889669190756859,-0.9749279121818236,-0.2225209339563146
0.0029455073338171245,0.028987508824008093,0.0029455073338171245,0.028987508824008093,0.5877866649021191,0.6666666666666666,0.6665918578033125,-0.8660254037844385,-0.5000000000000004,-0.20129852008866114,0.9795299412524943,0.7818314824680298,0.6234898018587336
-0.04512046332971382,0.0,0.028987508824008093,0.0,1.4403615823901663,0.6666666666666666,0.666636743121325,-0.8660254037844385,-0.5000000000000004,-2.4492935982947064e-16,1.0,0.9749279121818236,-0.22252093395631434
-0.02808294158121543,0.0,-0.0618754153129121,0.0,0.6250937173149297,0.6666666666666666,0.6666816284393375,-1.0,-1.8369701987210297e-16,0.20129852008866006,0.9795299412524945,0.43388373911755823,-0.900968867902419
0.08780219010420458,0.13353139262452257,0.07606003687283576,0.01418462155992381,-1.9600947840472698,0.6666666666666666,0.66672651375735,-1.0,-1.8369701987210297e-16,0.39435585511331855,0.9189578116202306,-0.433883739117558,-0.9009688679024191
-0.08149302707971913,-0.10814218252797317,0.011204588536625664,-0.01418462155992368,0.3364722366212129,0.6666666666666666,0.6667713990753625,-1.0,-1.8369701987210297e-16,0.5712682150947923,0.8207634412072763,-0.9749279121818236,-0.2225209339563146
0.09588175071045182,-0.025389210096549483,-0.025389210096549483,0.0,-8.630521876723241,0.6666666666666666,0.6669509403474124,-1.0,-1.8369701987210297e-16,0.9884683243281114,0.1514277775045767,0.9749279121818236,-0.22252093395631434
-0.15415067982725836,-0.014388723630732781,-0.08649201946965146,-0.014388723630732781,9.375854810453756,0.6666666666666666,0.6669958256654249,-1.0,-1.8369701987210297e-16,0.9987165071710528,-0.05064916883871264,0.43388373911755823,-0.900968867902419
0.08004270767353636,0.014388723630732752,0.07788365317807411,-0.005813964224045715,-1.2153365629762511,0.6666666666666666,0.6670407109834373,-1.0,-1.8369701987210297e-16,0.9680771188662043,-0.2506525322587204,-0.433883739117558,-0.9009688679024191
0.0030721961115887132,-0.014388723630732781,-0.062427409750555725,0.005813964224045722,0.664159643686693,0.6666666666666666,0.6670855963014498,-1.0,-1.8369701987210297e-16,0.8978045395707416,-0.4403941515576344,-0.9749279121818236,-0.2225209339563146
0.0,0.014388723630732752,0.0,0.0,0.9221558513265531,0.6666666666666666,0.6672202522554873,-1.0,-1.8369701987210297e-16,0.48530196253108104,-0.8743466161445821,0.7818314824680298,0.6234898018587336
0.042048267218125074,0.002853066265385662,0.0738888423075186,-0.011661928398920269,-1.270462545594769,0.6666666666666666,0.6672651375734997,-1.0,-1.8369701987210297e-16,0.29936312297335804,-0.9541392564000488,0.9749279121818236,-0.22252093395631434
-0.09884588745663854,-0.0172417898961184,-0.06169358073792998,-0.005882364128172204,1.3705460041517514,0.6666666666666666,0.6673100228915122,-1.0,-1.8369701987210297e-16,0.10116832198743272,-0.994869323391895,0.43388373911755823,-0.900968867902419
0.0319516455701948,-0.002902756845474009,0.04154903399633759,0.011730328303046744,-1.9459101490553135,0.6666666666666666,0.6673549082095247,-1.0,-1.8369701987210297e-16,-0.10116832198743204,-0.9948693233918952,-0.433883739117558,-0.9009688679024191
-0.012658384455781838,-0.011696028347801235,-0.07232066331231927,-0.008784820969229647,0.6931471805599453,0.6666666666666666,0.6673997935275372,-1.0,-1.8369701987210297e-16,-0.29936312297335776,-0.9541392564000489,-0.9749279121818236,-0.2225209339563146
-0.009600140869238029,-0.014815142302275305,-0.009419212750162352,-0.014815142302275305,1.4315509527080115,0.6666666666666666,0.6675344494815746,-1.0,-1.8369701987210297e-16,-0.7907757369376986,-0.6121059825476627,0.7818314824680298,0.6234898018587336
0.03785945067977294,0.02941392749555068,0.06709834038086308,-0.03647817422941536,-2.1246981332679566,0.6666666666666666,0.6675793347995871,-1.0,-1.8369701987210297e-16,-0.8978045395707417,-0.44039415155763423,0.9749279121818236,-0.22252093395631434
0.042430567265871175,-0.014598785193275239,0.0,0.05129331653169072,0.616186139423817,0.6666666666666666,0.6676242201175996,-1.0,-1.8369701987210297e-16,-0.9680771188662041,-0.2506525322587213,0.43388373911755823,-0.900968867902419
-0.06751022729262406,-0.0029455073338171475,0.0,-0.029853005648536338,0.6312717768418578,0.6666666666666666,0.6676691054356121,-1.0,-1.8369701987210297e-16,-0.9987165071710528,-0.05064916883871355,-0.433883739117558,-0.9009688679024191
0.003169571647514219,0.0,-0.07025789757711212,0.026907498314719083,-2.145399509471633,0.6666666666666666,0.6677139907536246,-1.0,-1.8369701987210297e-16,-0.9884683243281114,0.15142777750457667,-0.9749279121818236,-0.2225209339563146
0.009448879973770242,-0.02690749831471911,0.009448879973770242,-0.02690749831471911,0.7375989431307791,0.6666666666666666,0.667848646707662,-1.0,-1.8369701987210297e-16,-0.7247927872291207,0.6889669190756859,0.7818314824680298,0.6234898018587336
-0.028618854006788513,0.006042308797982336,-0.012618451621284669,-0.01834912127514634,2.230481799092702,0.6666666666666666,0.6678935320256745,-1.0,-1.8369701987210297e-16,-0.5712682150947924,0.8207634412072763,0.9749279121818236,-0.22252093395631434
0.0,-0.024391430073128693,-0.009569517971307444,0.0,-1.604775899328289,0.6666666666666666,0.667938417343687,-1.0,-1.8369701987210297e-16,-0.3943558551133187,0.9189578116202306,0.43388373911755823,-0.900968867902419
0.003220611732483714,0.003081663593968796,0.040822031200037155,-0.012422508040835292,0.38193461069797024,0.6666666666666666,0.6679833026616994,-1.0,-1.8369701987210297e-16,-0.20129852008866114,0.9795299412524943,-0.433883739117558,-0.9009688679024191
0.05322072121352507,0.009188417331775181,0.009188417331775181,0.024692588966579433,-3.4499875458315876,0.6666666666666666,0.6680281879797119,-0.866025403784439,0.49999999999999933,0.20129852008866006,0.9795299412524945,-0.9749279121818236,-0.2225209339563146
0.0,0.0,0.0,0.0,-5.298317366548036,0.6666666666666666,0.6681628439337494,-0.866025403784439,0.49999999999999933,0.72479278722912,0.6889669190756866,0.7818314824680298,0.6234898018587336
-0.053220721213525085,0.006079040349402274,-0.043620580344287084,0.006079040349402274,7.600902459542082,0.6666666666666666,0.6682077292517618,-0.866025403784439,0.49999999999999933,0.8486442574947509,0.5289640103269624,0.9749279121818236,-0.22252093395631434
0.0032102726817127302,0.012048327267974135,0.061747947961663385,-0.05288941290816885,1.9387416595767009,0.6666666666666666,0.6682526145697743,-0.866025403784439,0.49999999999999933,0.9377521321470804,0.3473052528448203,0.43388373911755823,-0.900968867902419
-0.03922067647349926,-0.06493774017614297,-0.06493774017614297,-0.032470431035696974,0.6490223756510074,0.6666666666666666,0.6682974998877868,-0.866025403784439,0.49999999999999933,0.9884683243281114,0.1514277775045767,-0.433883739117558,-0.9009688679024191
0.0033277869243214537,-0.025891466129339822,-0.032470431035696974,-0.003305785007903514,-0.8472978603872037,0.6666666666666666,0.6683423852057992,-0.866025403784439,0.49999999999999933,0.9987165071710528,-0.05064916883871264,-0.9749279121818236,-0.2225209339563146
-0.030356433184177682,-0.016529286317205204,-0.00995032141084811,-0.033673182662800755,-0.20359895524123955,0.6666666666666666,0.6684770411598366,-0.866025403784439,0.49999999999999933,0.7907757369376989,-0.6121059825476626,0.7818314824680298,0.6234898018587336
-0.02426468158995163,0.03278979205930277,-0.05129332784980785,0.03367318266280076,-0.055262678675049415,0.6666666666666666,0.6685219264778491,-0.866025403784439,0.49999999999999933,0.6513724827222223,-0.758758122692791,0.9749279121818236,-0.22252093395631434
0.08408311990911065,0.028618854006788503,0.08408311990911065,0.03257614007055468,0.4855078157817008,0.6666666666666666,0.6685668117958616,-0.866025403784439,0.49999999999999933,0.48530196253108104,-0.8743466161445821,0.43388373911755823,-0.900968867902419
-0.03947877380960061,0.003129889972640981,0.0,0.02531785956523302,-0.2354568115475667,0.6666666666666666,0.6686116971138741,-0.866025403784439,0.49999999999999933,0.29936312297335804,-0.9541392564000488,-0.433883739117558,-0.9009688679024191
0.05547917619510443,0.015504171634804168,0.04725291561423366,0.015504171634804168,0.2964927021339359,0.6666666666666666,0.6686565824318865,-0.866025403784439,0.49999999999999933,0.10116832198743272,-0.994869323391895,-0.9749279121818236,-0.2225209339563146
0.015748341593925654,0.0,-0.015504171634804215,0.0,-1.286210902562908,0.6666666666666666,0.668791238385924,-0.866025403784439,0.49999999999999933,-0.4853019625310808,-0.8743466161445822,0.7818314824680298,0.6234898018587336
-0.11232923655486277,-0.05048393320891423,-0.051293321837057954,-0.0833816057495048,2.0492277630833393,0.6666666666666666,0.6688361237039365,-0.866025403784439,0.49999999999999933,-0.6513724827222217,-0.7587581226927913,0.9749279121818236,-0.22252093395631434
-0.13053883880778594,0.025560548823947708,0.019544577857628517,-0.04795442977383938,0.2722258142150891,0.6666666666666666,0.6688810090219489,-0.866025403784439,0.49999999999999933,-0.7907757369376986,-0.6121059825476627,0.43388373911755823,-0.900968867902419
0.15471969646881042,-0.006329128843763199,-0.04959689421171268,0.10008352229461455,-0.4136762979385591,0.6666666666666666,0.6689258943399614,-0.866025403784439,0.49999999999999933,-0.8978045395707417,-0.44039415155763423,-0.433883739117558,-0.9009688679024191
-0.01721211192872009,0.0,0.06559729659721662,-0.04879019444480666,-1.250997742970799,0.6666666666666666,0.6689707796579739,-0.866025403784439,0.49999999999999933,-0.9680771188662041,-0.2506525322587213,-0.9749279121818236,-0.2225209339563146
-0.04255965761056675,-0.03226090812760145,-0.03226090812760145,-0.03390151879036064,1.142885112346098,0.6666666666666666,0.6691054356120113,-0.866025403784439,0.49999999999999933,-0.9377521321470804,0.3473052528448203,0.7818314824680298,0.6234898018587336
-0.0036297645952370152,-0.03333638846961517,-0.050430805107565854,0.017094416637950666,0.38692153039599536,0.6666666666666666,0.6691503209300238,-0.866025403784439,0.49999999999999933,-0.8486442574947509,0.5289640103269624,0.9749279121818236,-0.22252093395631434
0.010850005732616262,-0.0033955857023685826,-0.03509136972648951,-0.045068325238444534,-1.1535711729488671,0.6666666666666666,0.6691952062480363,-0.866025403784439,0.49999999999999933,-0.7247927872291207,0.6889669190756859,0.43388373911755823,-0.900968867902419
0.007168482740163504,0.0529924799140812,0.0,0.09466521945015732,0.6673946844575306,0.6666666666666666,0.6692400915660488,-0.866025403784439,0.49999999999999933,-0.5712682150947924,0.8207634412072763,-0.433883739117558,-0.9009688679024191
0.10178268057615289,0.04725291561423366,0.10178268057615289,0.04725291561423366,-0.8131064956389243,0.6666666666666666,0.6692849768840613,-0.866025403784439,0.49999999999999933,-0.3943558551133187,0.9189578116202306,-0.9749279121818236,-0.2225209339563146
-0.032789792059302734,-0.009273627900164807,0.037979287714068964,-0.03125251322872973,-0.4818380868927383,0.6666666666666666,0.6694196328380987,-0.5000000000000012,0.8660254037844379,0.20129852008866006,0.9795299412524945,0.7818314824680298,0.6234898018587336
0.016529286317205256,-0.02197888532856498,-0.054239793456166405,-0.006369441998261541,-0.8109302162163288,0.6666666666666666,0.6694645181561112,-0.5000000000000012,0.8660254037844379,0.39435585511331855,0.9189578116202306,0.9749279121818236,-0.22252093395631434
-0.04698846430683228,0.061557834256168315,0.09381874238376957,-0.003200075973045901,1.221672381425337,0.6666666666666666,0.6695094034741237,-0.5000000000000012,0.8660254037844379,0.5712682150947923,0.8207634412072763,0.43388373911755823,-0.900968867902419
0.046988464306832296,0.011869634968458198,-0.06792727625442987,-0.006430884414196457,-0.2231435513142097,0.6666666666666666,0.6695542887921362,-0.5000000000000012,0.8660254037844379,0.72479278722912,0.6889669190756866,-0.433883739117558,-0.9009688679024191
0.025891466129339763,-0.04217495599589659,0.03454029163302249,0.028618854006788503,-0.5695332245927687,0.6666666666666666,0.6695991741101486,-0.5000000000000012,0.8660254037844379,0.8486442574947509,0.5289640103269624,-0.9749279121818236,-0.2225209339563146
0.006369441998261662,-0.0030816635939688655,-0.00930238372196077,0.00936043370728044,0.5014797613477531,0.6666666666666666,0.6697338300641861,-0.5000000000000012,0.8660254037844379,0.9987165071710528,-0.05064916883871264,0.7818314824680298,0.6234898018587336
-0.01600040238550386,0.0,-0.018868465912800163,0.00619196430619583,-1.864784604242945,0.6666666666666666,0.6697787153821986,-0.5000000000000012,0.8660254037844379,0.9680771188662043,-0.2506525322587204,0.9749279121818236,-0.22252093395631434
0.034868868298304045,0.003081663593968796,0.03125251322872968,-0.00930238372196077,0.8209805520698303,0.6666666666666666,0.669823600700211,-0.5000000000000012,0.8660254037844379,0.8978045395707416,-0.4403941515576344,0.43388373911755823,-0.900968867902419
-0.03164825656582021,-0.0030816635939688655,-0.0440323038817498,0.00930238372196067,-0.579818495252942,0.6666666666666666,0.6698684860182235,-0.5000000000000012,0.8660254037844379,0.7907757369376989,-0.6121059825476626,-0.433883739117558,-0.9009688679024191
-0.01948111747458135,-0.01555239801347629,0.0,-0.01555239801347629,0.7621400520468967,0.6666666666666666,0.669913371336236,-0.5000000000000012,0.8660254037844379,0.6513724827222223,-0.758758122692791,-0.9749279121818236,-0.2225209339563146
-0.016529286317205204,0.003129889972640981,0.028528132246945757,-0.0614086460660913,1.0296194171811581,0.6666666666666666,0.6700480272902734,-0.5000000000000012,0.8660254037844379,0.10116832198743272,-0.994869323391895,0.7818314824680298,0.6234898018587336
-0.03045917798962703,-0.04473592744204911,-0.05789399963578763,-0.003338898075968429,0.3732042458899429,0.6666666666666666,0.6700929126082859,-0.5000000000000012,0.8660254037844379,-0.10116832198743204,-0.9948693233918952,0.9749279121818236,-0.22252093395631434
0.01365207583721704,-0.019802608596683105,-0.006644536402944578,0.0033388980759683543,0.04016604172533465,0.6666666666666666,0.6701377979262984,-0.5000000000000012,0.8660254037844379,-0.29936312297335776,-0.9541392564000489,0.43388373911755823,-0.900968867902419
-0.048620723533198226,0.0,-0.0168071021524099,0.0,-0.18074799234652417,0.6666666666666666,0.6701826832443109,-0.5000000000000012,0.8660254037844379,-0.4853019625310808,-0.8743466161445822,-0.433883739117558,-0.9009688679024191
0.0654278256856081,0.03278979205930277,0.016807102152409884,0.0,-1.0525211814678428,0.6666666666666666,0.6702275685623234,-0.5000000000000012,0.8660254037844379,-0.6513724827222217,-0.7587581226927913,-0.9749279121818236,-0.2225209339563146
-0.010050326220427584,0.0,0.03278979205930277,0.016529286317205256,1.5070758997725306,0.6666666666666666,0.6703622245163607,-0.5000000000000012,0.8660254037844379,-0.9680771188662041,-0.2506525322587213,0.7818314824680298,0.6234898018587336
-0.03774037429570294,-0.003231017594680599,-0.003231017594680599,-0.0032840721155309315,0.11311480443783156,0.6666666666666666,0.6704071098343732,-0.5000000000000012,0.8660254037844379,-0.9987165071710528,-0.05064916883871355,0.9749279121818236,-0.22252093395631434
0.017331522526503555,-0.003241490918010516,-0.060017952454249165,0.013072069344937442,-1.3392883187439601,0.6666666666666666,0.6704519951523857,-0.5000000000000012,0.8660254037844379,-0.9884683243281114,0.15142777750457667,0.43388373911755823,-0.900968867902419
0.030459177989626992,-0.02298949662229019,0.033786964913948586,-0.026317283546611645,-1.493925025312256,0.6666666666666666,0.6705417657884106,-0.5000000000000012,0.8660254037844379,-0.8486442574947509,0.5289640103269624,-0.9749279121818236,-0.2225209339563146
-0.07616137125701354,0.019737464261657442,-0.003327786924321495,0.0,3.115533473366612,0.6666666666666666,0.6706764217424481,-0.5000000000000012,0.8660254037844379,-0.3943558551133187,0.9189578116202306,0.7818314824680298,0.6234898018587336
0.01428594386615902,0.006493523278643216,-0.06187542739085451,0.02955877446462218,-0.38353003124190876,0.6666666666666666,0.6707213070604605,-0.5000000000000012,0.8660254037844379,-0.20129852008866114,0.9795299412524943,0.9749279121818236,-0.22252093395631434
0.0348467811309983,-0.013029488147416928,0.0348467811309983,-0.04298178190927217,-0.9867639885315408,0.6666666666666666,0.670766192378473,-2.4492935982947064e-16,1.0,0.20129852008866006,0.9795299412524945,0.43388373911755823,-0.900968867902419
-0.006872872530504391,0.0032733222794778514,0.046831254856539405,-0.010186835410455947,1.1944033533097853,0.6666666666666666,0.6708110776964855,-2.4492935982947064e-16,1.0,0.39435585511331855,0.9189578116202306,-0.433883739117558,-0.9009688679024191
0.013698830935582138,-0.019802608596683105,-0.019802608596683105,0.023609842855106016,-0.12805192685989705,0.6666666666666666,0.670855963014498,-2.4492935982947064e-16,1.0,0.5712682150947923,0.8207634412072763,-0.9749279121818236,-0.2225209339563146
0.0033955857023685687,0.0,0.0,0.0,-0.8274595181675394,0.6666666666666666,0.6709906189685354,-2.4492935982947064e-16,1.0,0.9377521321470804,0.3473052528448203,0.7818314824680298,0.6234898018587336
-0.0033955857023685826,0.013245214201674292,-0.0168071021524099,0.0,2.3841650799864684,0.6666666666666666,0.6710355042865479,-2.4492935982947064e-16,1.0,0.9884683243281114,0.1514277775045767,0.9749279121818236,-0.22252093395631434
-0.013698830935582187,0.0,-0.010221544107446278,0.013245214201674292,-3.2108436531709366,0.6666666666666666,0.6710803896045604,-2.4492935982947064e-16,1.0,0.9987165071710528,-0.05064916883871264,0.43388373911755823,-0.900968867902419
0.03390151879036072,0.0032840721155310434,0.0369789676707042,-0.013245214201674278,1.2809338454620642,0.6666666666666666,0.6711252749225729,-2.4492935982947064e-16,1.0,0.9680771188662043,-0.2506525322587204,-0.433883739117558,-0.9009688679024191
-0.013423007444650008,-0.016529286317205204,-0.00995032141084811,-0.003338898075968429,-0.048790164169432056,0.6666666666666666,0.6711701602405854,-2.4492935982947064e-16,1.0,0.8978045395707416,-0.4403941515576344,-0.9749279121818236,-0.2225209339563146
-0.0033840947077598857,0.0,0.0,0.0033388980759683543,0.9328200338253656,0.6666666666666666,0.6713048161946228,-2.4492935982947064e-16,1.0,0.48530196253108104,-0.8743466161445821,0.7818314824680298,0.6234898018587336
0.016807102152409884,0.0,0.0,0.0,0.10273411887560714,0.6666666666666666,0.6713497015126353,-2.4492935982947064e-16,1.0,0.29936312297335804,-0.9541392564000488,0.9749279121818236,-0.22252093395631434
0.0,0.0,0.0,0.0,-10.42821608147111,0.6666666666666666,0.6713945868306478,-2.4492935982947064e-16,1.0,0.10116832198743272,-0.994869323391895,0.43388373911755823,-0.900968867902419
0.0,0.0,0.0,0.0,6.907755278982137,0.6666666666666666,0.6714394721486602,-2.4492935982947064e-16,1.0,-0.10116832198743204,-0.9948693233918952,-0.433883739117558,-0.9009688679024191
-0.0168071021524099,-0.0168071021524099,-0.0168071021524099,-0.0168071021524099,3.0492730404820207,0.6666666666666666,0.6714843574666727,-2.4492935982947064e-16,1.0,-0.29936312297335776,-0.9541392564000489,-0.9749279121818236,-0.2225209339563146
0.04636587661703203,0.05281750594419644,0.04636587661703203,0.04959689421171262,-0.5315765678710297,0.6666666666666666,0.6716190134207102,-2.4492935982947064e-16,1.0,-0.7907757369376986,-0.6121059825476627,0.7818314824680298,0.6234898018587336
-0.02955877446462216,-0.01948111747458135,-0.026230987540300732,-0.016260505742097555,-0.21511137961694557,0.6666666666666666,0.6716638987387226,-2.4492935982947064e-16,1.0,-0.8978045395707417,-0.44039415155763423,0.9749279121818236,-0.22252093395631434
0.0,0.0322609081276015,0.013201499392883745,-0.0032840721155309315,0.5481214085096876,0.6666666666666666,0.6717087840567351,-2.4492935982947064e-16,1.0,-0.9680771188662041,-0.2506525322587213,0.43388373911755823,-0.900968867902419
0.016529286317205256,-0.009569517971307444,0.0,0.019544577857628517,-1.0589470322756782,0.6666666666666666,0.6717536693747476,-2.4492935982947064e-16,1.0,-0.9987165071710528,-0.05064916883871355,-0.433883739117558,-0.9009688679024191
0.009787997229406287,0.009569517971307478,0.01626050574209758,0.0064308844141964675,0.540384426007535,0.6666666666666666,0.6719332106467975,-2.4492935982947064e-16,1.0,-0.7247927872291207,0.6889669190756859,0.7818314824680298,0.6234898018587336
-0.06021880233697229,-0.006369441998261541,-0.06669131084966345,-0.006430884414196457,0.00966191091173689,0.6666666666666666,0.67197809596481,-2.4492935982947064e-16,1.0,-0.5712682150947924,0.8207634412072763,0.9749279121818236,-0.22252093395631434
0.04054605519330522,0.003189792214479569,0.05043080510756591,0.0,0.23841102344499815,0.6666666666666666,0.6720229812828225,-2.4492935982947064e-16,1.0,-0.3943558551133187,0.9189578116202306,0.43388373911755823,-0.900968867902419
0.0098847499142606,0.03443216301251183,0.0,0.04725291561423366,0.13447791422855357,0.6666666666666666,0.672067866600835,-2.4492935982947064e-16,1.0,-0.20129852008866114,0.9795299412524943,-0.433883739117558,-0.9009688679024191
0.048009249721526925,0.045120463329713874,0.09082920630548277,0.015267457681177408,-0.006644542718668613,0.6666666666666666,0.6721127519188473,-2.4492935982947064e-16,1.0,-2.4492935982947064e-16,1.0,-0.9749279121818236,-0.2225209339563146
0.027736728475613988,-0.0029455073338171475,0.008941929114742673,0.0,-1.1394342831883648,0.6833333333333333,0.6722474078728848,0.49999999999999994,0.8660254037844387,0.5712682150947923,0.8207634412072763,0.7818314824680298,0.6234898018587336
-0.01840541004278668,-0.011869634968458085,-0.04243056726587111,-0.0152674576811775,1.293584963015623,0.6833333333333333,0.6722922931908973,0.49999999999999994,0.8660254037844387,0.72479278722912,0.6889669190756866,0.9749279121818236,-0.22252093395631434
0.021440310883154224,0.0,0.03647817422941538,0.024317284739611457,-0.5203950747821413,0.6833333333333333,0.6723371785089097,0.49999999999999994,0.8660254037844387,0.8486442574947509,0.5289640103269624,0.43388373911755823,-0.900968867902419
0.0,0.005952393036455796,0.0,-0.009049827058433886,-0.752570601030746,0.6833333333333333,0.6723820638269222,0.49999999999999994,0.8660254037844387,0.9377521321470804,0.3473052528448203,-0.433883739117558,-0.9009688679024191
-0.0370412362379075,-0.027069296732119025,-0.03647817422941536,-0.006079040349402174,0.8086600676817896,0.6833333333333333,0.6724269491449347,0.49999999999999994,0.8660254037844387,0.9884683243281114,0.1514277775045767,-0.9749279121818236,-0.2225209339563146
0.05803149262062422,0.0791041763818703,0.05129331653169072,0.06491955482194664,0.9199204999247338,0.6833333333333333,0.6725616050989721,0.49999999999999994,0.8660254037844387,0.8978045395707416,-0.4403941515576344,0.7818314824680298,0.6234898018587336
0.0,0.0,0.008784820969229577,-0.02605065202965303,-0.44425113314332093,0.6833333333333333,0.6726064904169846,0.49999999999999994,0.8660254037844387,0.7907757369376989,-0.6121059825476626,0.9749279121818236,-0.22252093395631434
0.011799606060174524,0.013986228915818986,0.017341458306337543,0.05422150250539572,-0.3398678256223512,0.6833333333333333,0.6726513757349971,0.49999999999999994,0.8660254037844387,0.6513724827222223,-0.758758122692791,0.43388373911755823,-0.900968867902419
0.026050652029652933,0.027399013566558723,0.002861229548440964,0.027399013566558723,-0.040491361354736875,0.6833333333333333,0.6726962610530096,0.49999999999999994,0.8660254037844387,0.48530196253108104,-0.8743466161445821,-0.433883739117558,-0.9009688679024191
-0.014388723630732781,-0.013605638815206152,0.01418462155992381,-0.04987184834626782,0.3517039312167119,0.6833333333333333,0.6727411463710221,0.49999999999999994,0.8660254037844387,0.29936312297335804,-0.9541392564000488,-0.9749279121818236,-0.2225209339563146
0.04809974935953085,0.04027386046153039,0.027779603667171544,0.07654006999259205,1.5495397708530314,0.6833333333333333,0.672920687643072,0.49999999999999994,0.8660254037844387,-0.4853019625310808,-0.8743466161445822,0.9749279121818236,-0.22252093395631434
0.058998350023727594,0.1466035084146378,0.050745150525430154,0.11191792875233174,0.1935748724806822,0.6833333333333333,0.6729655729610845,0.49999999999999994,0.8660254037844387,-0.6513724827222217,-0.7587581226927913,0.43388373911755823,-0.900968867902419
0.10144663868843205,0.05526267750975834,0.10144663868843205,0.06820829194628285,0.10056776697404284,0.6833333333333333,0.673010458279097,0.49999999999999994,0.8660254037844387,-0.7907757369376986,-0.6121059825476627,-0.433883739117558,-0.9009688679024191
0.05493366784192623,0.03174871754188452,0.0769610743796769,-0.004405289072357769,-0.09044622307603682,0.6833333333333333,0.6730553435971094,0.49999999999999994,0.8660254037844387,-0.8978045395707417,-0.44039415155763423,-0.9749279121818236,-0.2225209339563146
0.006659338846090223,0.010362727635729298,-0.015368067691660416,0.06205197786665125,-0.4377012071245025,0.6833333333333333,0.6731899995511469,0.49999999999999994,0.8660254037844387,-0.9884683243281114,0.15142777750457667,0.7818314824680298,0.6234898018587336
0.04117592650312936,0.06967990362159594,0.09691790524223694,0.06233171781394726,0.5553723421485306,0.6833333333333333,0.6732348848691594,0.49999999999999994,0.8660254037844387,-0.9377521321470804,0.3473052528448203,0.9749279121818236,-0.22252093395631434
-0.04117592650312939,0.009569487695932868,0.0527981817369535,-0.1090493987278503,-0.4391505870590997,0.6833333333333333,0.6732797701871718,0.49999999999999994,0.8660254037844387,-0.8486442574947509,0.5289640103269624,0.43388373911755823,-0.900968867902419
-0.038336166447297,-0.07924939131752869,-0.15193087233909394,0.03208833528355106,-0.11000089521432846,0.6833333333333333,0.6733246555051843,0.49999999999999994,0.8660254037844387,-0.7247927872291207,0.6889669190756859,-0.433883739117558,-0.9009688679024191
0.058052062793421476,-0.004132233417370393,0.06854924760419479,-0.023430280583042445,-1.60171586634019,0.6833333333333333,0.6733695408231968,0.49999999999999994,0.8660254037844387,-0.5712682150947924,0.8207634412072763,-0.9749279121818236,-0.2225209339563146
-0.0021716032074677676,-0.02728398373450705,-0.04661856589816671,-0.008658054700508611,-0.6190392084062235,0.6833333333333333,0.6735041967772342,0.49999999999999994,0.8660254037844387,-2.4492935982947064e-16,1.0,0.7818314824680298,0.6234898018587336
-0.09097180288673985,-0.017167787811240575,0.0021667943524192055,-0.06744121570653808,1.4039939382192914,0.6833333333333333,0.6735490820952467,0.8660254037844386,0.5000000000000001,0.20129852008866006,0.9795299412524945,0.9749279121818236,-0.22252093395631434
-0.024097529426346284,-0.06021885714584076,-0.07177961326642503,0.0,0.3538639793330821,0.6833333333333333,0.6735939674132592,0.8660254037844386,0.5000000000000001,0.39435585511331855,0.9189578116202306,0.43388373911755823,-0.900968867902419
0.07061761214871896,0.03833616644729698,0.03877329463202465,0.041007983627907627,-0.48489224173948614,0.6833333333333333,0.6736388527312717,0.8660254037844386,0.5000000000000001,0.5712682150947923,0.8207634412072763,-0.433883739117558,-0.9009688679024191
-0.011428739421586523,-0.004434592848067865,-0.022625378768840076,-0.015748395826043118,-0.6772738314036552,0.6833333333333333,0.6736837380492842,0.8660254037844386,0.5000000000000001,0.72479278722912,0.6889669190756866,-0.9749279121818236,-0.2225209339563146
0.022728230139335913,0.05406722127027579,0.0812741045000315,0.02020274191794866,0.6025502852077187,0.6833333333333333,0.6738183940033216,0.8660254037844386,0.5000000000000001,0.9884683243281114,0.1514277775045767,0.7818314824680298,0.6234898018587336
0.0022447212687245473,-0.03208833528355105,-0.05418443664142517,0.021978885986724744,-0.23725121882488895,0.6833333333333333,0.673863279321334,0.8660254037844386,0.5000000000000001,0.9987165071710528,-0.05064916883871264,0.9749279121818236,-0.22252093395631434
0.03090750817789317,0.03208833528355106,0.045709817355874635,0.021506185371127504,-0.07958743791834744,0.6833333333333333,0.6739081646393466,0.8660254037844386,0.5000000000000001,0.9680771188662043,-0.2506525322587204,0.43388373911755823,-0.900968867902419
0.0,-0.010582149912423542,-0.010695228025736492,-0.021506185371127483,-0.5760218233225327,0.6833333333333333,0.6739530499573589,0.8660254037844386,0.5000000000000001,0.8978045395707416,-0.4403941515576344,-0.433883739117558,-0.9009688679024191
-0.03315222944661781,-0.021506185371127483,-0.043963186792008925,0.0,-1.55814461804655,0.6833333333333333,0.6739979352753714,0.8660254037844386,0.5000000000000001,0.7907757369376989,-0.6121059825476626,-0.9749279121818236,-0.2225209339563146
-0.04598507038005548,0.029980804656678066,0.048255034701458234,-0.06048875836844918,2.307572634505085,0.6833333333333333,0.6741325912294089,0.8660254037844386,0.5000000000000001,0.29936312297335804,-0.9541392564000488,0.7818314824680298,0.6234898018587336
-0.02381062571361482,-0.04090981253706843,-0.07559156362328952,-0.0210043091322497,-0.5411309732613196,0.6833333333333333,0.6741774765474213,0.8660254037844386,0.5000000000000001,0.10116832198743272,-0.994869323391895,0.9749279121818236,-0.22252093395631434
0.01909364034457443,-0.04495145170556334,-0.0233655268272645,0.02331116800851309,-0.12744494656812036,0.6833333333333333,0.6742223618654338,0.8660254037844386,0.5000000000000001,-0.10116832198743204,-0.9948693233918952,0.43388373911755823,-0.900968867902419
0.00471698536904043,0.01142873942158647,0.00706721644212317,-0.016260560497138424,0.6833910056145807,0.6833333333333333,0.6742672471834463,0.8660254037844386,0.5000000000000001,-0.29936312297335776,-0.9541392564000489,-0.433883739117558,-0.9009688679024191
0.011696084120135192,0.0045351507520485805,0.009345853047052682,0.03452589057700573,-1.000631880307906,0.6833333333333333,0.6743121325014588,0.8660254037844386,0.5000000000000001,-0.4853019625310808,-0.8743466161445822,-0.9749279121818236,-0.2225209339563146
0.004640374935987388,0.01571293742757147,0.018433683459957093,0.006764339965700657,0.5187937934151675,0.6833333333333333,0.6744916737735087,0.8660254037844386,0.5000000000000001,-0.9680771188662041,-0.2506525322587213,0.9749279121818236,-0.22252093395631434
-0.0023175511530002064,0.013274624104356723,0.0068259043419073235,0.011173343459893216,-1.1474024528375417,0.6833333333333333,0.6745365590915212,0.8660254037844386,0.5000000000000001,-0.9987165071710528,-0.05064916883871355,0.43388373911755823,-0.900968867902419
0.002317551153000248,-0.04036429196296299,-0.020619212865877354,-0.02931441385662874,-0.16251892949777494,0.6833333333333333,0.6745814444095337,0.8660254037844386,0.5000000000000001,-0.9884683243281114,0.15142777750457667,-0.433883739117558,-0.9009688679024191
-0.004640374935987326,-0.009195458525095823,0.00231208240210159,-0.01614791586318466,0.7077459799810979,0.6833333333333333,0.6746263297275462,0.8660254037844386,0.5000000000000001,-0.9377521321470804,0.3473052528448203,-0.9749279121818236,-0.2225209339563146
-0.035506709833750066,0.02057218895613072,-0.032866776804069145,-0.016413069489175702,1.0181669234493704,0.6833333333333333,0.6747609856815836,0.8660254037844386,0.5000000000000001,-0.5712682150947924,0.8207634412072763,0.7818314824680298,0.6234898018587336
0.00240668037067911,-0.00909096283426231,-0.007185709997090511,0.02105344442516301,-0.13427961562987478,0.6833333333333333,0.6748058709995961,1.0,6.123233995736766e-17,0.20129852008866006,0.9795299412524945,0.9749279121818236,-0.22252093395631434
0.03077168645446741,0.02480390026183364,0.03077168645446741,0.013793308523969955,-0.5641169208162142,0.6833333333333333,0.6748507563176086,1.0,6.123233995736766e-17,0.39435585511331855,0.9189578116202306,0.43388373911755823,-0.900968867902419
0.01388909912918758,-0.01345310547095458,0.01388909912918758,0.002280446157357698,-0.4934338810541215,0.6833333333333333,0.674895641635621,1.0,6.123233995736766e-17,0.5712682150947923,0.8207634412072763,-0.433883739117558,-0.9009688679024191
-0.004608298782495437,-0.013636562387651669,-0.004608298782495437,-0.004566213754130247,0.2702903297399117,0.6833333333333333,0.6749405269536335,1.0,6.123233995736766e-17,0.72479278722912,0.6889669190756866,-0.9749279121818236,-0.2225209339563146
-0.011614465780202848,0.018141070396735515,0.01830713046377583,0.0068415796789861255,0.9575336904082041,0.6833333333333333,0.675075182907671,1.0,6.123233995736766e-17,0.9884683243281114,0.1514277775045767,0.7818314824680298,0.6234898018587336
0.0253761380594289,-0.006764339965700711,-0.002270092259693771,0.0,0.3987083256452845,0.6833333333333333,0.6751200682256834,1.0,6.123233995736766e-17,0.9987165071710528,-0.05064916883871264,0.9749279121818236,-0.22252093395631434
0.0022753659248559606,0.002259831956616852,0.0,0.0,-1.19833898660768,0.6833333333333333,0.6751649535436959,1.0,6.123233995736766e-17,0.9680771188662043,-0.2506525322587204,0.43388373911755823,-0.900968867902419
0.0,0.004504508009083941,0.0022700922596937223,0.011299490717749322,1.2050957690705597,0.6833333333333333,0.6752098388617084,1.0,6.123233995736766e-17,0.8978045395707416,-0.4403941515576344,-0.433883739117558,-0.9009688679024191
-0.022989495542170862,0.0,-0.025259587801864585,-0.0022496639847567825,-1.002384256573556,0.6833333333333333,0.6752547241797209,1.0,6.123233995736766e-17,0.7907757369376989,-0.6121059825476626,-0.9749279121818236,-0.2225209339563146
-0.011696084120135277,-0.025029670045567852,0.004640374935987388,-0.03203932227516341,0.9611412980395069,0.6833333333333333,0.6753893801337583,1.0,6.123233995736766e-17,0.29936312297335804,-0.9541392564000488,0.7818314824680298,0.6234898018587336
-0.02381062571361482,-0.00925931621435231,-0.004640374935987326,-0.035506709833750066,0.03109058707003118,0.6833333333333333,0.6754342654517708,1.0,6.123233995736766e-17,0.10116832198743272,-0.994869323391895,0.9749279121818236,-0.22252093395631434
-0.03681399610282008,-0.023530587180201755,-0.023530587180201755,-0.0024126016353442597,-0.24550045841548626,0.6833333333333333,0.6754791507697833,1.0,6.123233995736766e-17,-0.10116832198743204,-0.9948693233918952,0.43388373911755823,-0.900968867902419
0.0,-0.014388724288892547,-0.024097529426346284,0.0,-1.395028041088645,0.6833333333333333,0.6755240360877958,1.0,6.123233995736766e-17,-0.29936312297335776,-0.9541392564000489,-0.433883739117558,-0.9009688679024191
-0.025317783531102575,0.007220298519253612,-0.050010372861124655,-0.021978827373891775,1.2552660987134865,0.6833333333333333,0.6755689214058082,1.0,6.123233995736766e-17,-0.4853019625310808,-0.8743466161445822,-0.9749279121818236,-0.2225209339563146
0.02531778353110258,-0.029199125893145387,0.02531778353110258,0.0,-2.0402208285265546,0.6833333333333333,0.6757035773598457,1.0,6.123233995736766e-17,-0.8978045395707417,-0.44039415155763423,0.7818314824680298,0.6234898018587336
0.014888598400041446,0.024391429009236073,0.027128699873508612,0.019560506469131763,0.7672551527136672,0.6833333333333333,0.6757484626778582,1.0,6.123233995736766e-17,-0.9680771188662041,-0.2506525322587213,0.9749279121818236,-0.22252093395631434
0.009803990929980647,0.009592390367769765,-0.002436110543486594,0.009638619424013622,-1.0809127115687087,0.6833333333333333,0.6757933479958705,1.0,6.123233995736766e-17,-0.9987165071710528,-0.05064916883871355,0.43388373911755823,-0.900968867902419
-0.024692589330022063,0.002383732285778579,0.02409752942634625,-0.04162169298672944,2.16150649473414,0.6833333333333333,0.675838233313883,1.0,6.123233995736766e-17,-0.9884683243281114,0.15142777750457667,-0.433883739117558,-0.9009688679024191
-0.13353139262452263,-0.02653947251399646,-0.11332863989393942,-0.05657035905723811,1.3847780606019267,0.6833333333333333,0.6758831186318955,1.0,6.123233995736766e-17,-0.9377521321470804,0.3473052528448203,-0.9749279121818236,-0.2225209339563146
0.008534894344956464,-0.0788210052996099,0.0,-0.021391169524983083,-0.8559339313332577,0.6833333333333333,0.676017774585933,1.0,6.123233995736766e-17,-0.5712682150947924,0.8207634412072763,0.7818314824680298,0.6234898018587336
0.00846266595045183,-0.021391169524983083,-0.024292669118037107,-0.002706358978334304,-0.37729423114146804,0.6833333333333333,0.6760626599039454,1.0,6.123233995736766e-17,-0.3943558551133187,0.9189578116202306,0.9749279121818236,-0.22252093395631434
0.024966664931686866,-0.002706358978334304,-0.0027359771418190757,0.0,-0.3087354816496133,0.6833333333333333,0.6761075452219579,1.0,6.123233995736766e-17,-0.20129852008866114,0.9795299412524943,0.43388373911755823,-0.900968867902419
-0.01379337475135253,0.0027063589783342767,-0.011019450437002377,-0.002713703237951683,0.1752040890250906,0.6833333333333333,0.6761524305399704,1.0,6.123233995736766e-17,-2.4492935982947064e-16,1.0,-0.433883739117558,-0.9009688679024191
-0.025317784210357158,0.010752781438702515,0.01920502703592249,0.013495468447875933,-1.153672065851137,0.6833333333333333,0.6761973158579829,0.8660254037844387,-0.4999999999999998,0.20129852008866006,0.9795299412524945,-0.9749279121818236,-0.2225209339563146
0.03911115896170976,0.04189096361241607,0.018843069660936063,0.02645654450320483,0.8171998292299242,0.6833333333333333,0.6763319718120203,0.8660254037844387,-0.4999999999999998,0.72479278722912,0.6889669190756866,0.7818314824680298,0.6234898018587336
0.0481375895500009,0.050010372861124634,0.026317283546611638,0.03590131863324175,0.3305020696347091,0.6833333333333333,0.6763768571300328,0.8660254037844387,-0.4999999999999998,0.8486442574947509,0.5289640103269624,0.9749279121818236,-0.22252093395631434
0.020672612676392706,-0.0024419430876502345,0.058023846187642655,0.02733086781086786,-1.2467928015088643,0.6833333333333333,0.6764217424480453,0.8660254037844387,-0.4999999999999998,0.9377521321470804,0.3473052528448203,0.43388373911755823,-0.900968867902419
0.035179532264617834,0.014563349860448363,0.017011387506136896,0.0024480376456885895,0.5596157879354227,0.6833333333333333,0.6764666277660578,0.8660254037844387,-0.4999999999999998,0.9884683243281114,0.1514277775045767,-0.433883739117558,-0.9009688679024191
-0.050643804684543596,-0.017011387506136958,-0.026863674691971956,-0.0024480376456886533,-1.5976034547870974,0.6833333333333333,0.6765115130840702,0.8660254037844387,-0.4999999999999998,0.9987165071710528,-0.05064916883871264,-0.9749279121818236,-0.2225209339563146
0.012903454059856928,-0.009852287185835048,0.0,-0.014815071830292448,0.9044562742271522,0.6833333333333333,0.6766461690381077,0.8660254037844387,-0.4999999999999998,0.7907757369376989,-0.6121059825476626,0.7818314824680298,0.6234898018587336
-0.010309421289296308,-0.0024782545105232227,-0.04299020506034538,-0.022642455018546188,0.3732042458899429,0.6833333333333333,0.6766910543561202,0.8660254037844387,-0.4999999999999998,0.6513724827222223,-0.758758122692791,0.9749279121818236,-0.22252093395631434
0.005168026830771913,-0.03278985043142743,0.007722100118394724,-0.012804259737471535,-2.501435951739211,0.6833333333333333,0.6767359396741326,0.8660254037844387,-0.4999999999999998,0.48530196253108104,-0.8743466161445821,0.43388373911755823,-0.900968867902419
0.0025740014677451055,0.0,0.0,0.0025740014677451055,0.0,0.6833333333333333,0.6767808249921451,0.8660254037844387,-0.4999999999999998,0.29936312297335804,-0.9541392564000488,-0.433883739117558,-0.9009688679024191
-0.036653344615689344,0.0,0.0,-0.005154707127615426,1.916922612182061,0.6833333333333333,0.6768257103101576,0.8660254037844387,-0.4999999999999998,0.10116832198743272,-0.994869323391895,-0.9749279121818236,-0.2225209339563146
-0.03528184575815347,-0.002567392990779337,-0.07450258336462207,0.0025807056598702504,-0.8873031950009028,0.6833333333333333,0.676960366264195,0.8660254037844387,-0.4999999999999998,-0.4853019625310808,-0.8743466161445822,0.7818314824680298,0.6234898018587336
0.040601002176473285,0.02788517652188196,0.058998350023727594,-0.0234691741010929,1.4718165345580525,0.6833333333333333,0.6770052515822075,0.8660254037844387,-0.4999999999999998,-0.6513724827222217,-0.7587581226927913,0.9749279121818236,-0.22252093395631434
-0.01874216386296978,-0.025317783531102575,-0.031748668271916365,0.018301147270321224,-0.7096764825111559,0.6833333333333333,0.67705013690022,0.8660254037844387,-0.4999999999999998,-0.7907757369376986,-0.6121059825476627,0.43388373911755823,-0.900968867902419
0.026668221646324243,0.020305246499891447,0.04725290161281101,0.0,0.2097205309820691,0.6833333333333333,0.6770950222182325,0.8660254037844387,-0.4999999999999998,-0.8978045395707417,-0.44039415155763423,-0.433883739117558,-0.9009688679024191
0.00524935095878255,-0.007566233103822386,-0.015504233340894603,0.015424516965620439,-1.6650077635889111,0.6833333333333333,0.6772745634902824,0.8660254037844387,-0.4999999999999998,-0.9377521321470804,0.3473052528448203,0.7818314824680298,0.6234898018587336
0.007822718386154875,0.010075642307076067,0.038318889044039774,-0.007682488667103339,0.8266785731844679,0.6833333333333333,0.6773194488082949,0.8660254037844387,-0.4999999999999998,-0.8486442574947509,0.5289640103269624,0.9749279121818236,-0.22252093395631434
-0.01307206934493735,-0.0025094092032537183,-0.040926450019469006,-0.0025740014677451727,0.3184537311185346,0.6833333333333333,0.6773643341263074,0.8660254037844387,-0.4999999999999998,-0.7247927872291207,0.6889669190756859,0.43388373911755823,-0.900968867902419
0.00524935095878255,0.005012537031210991,0.007802373027027499,0.010256490134848532,0.044451762570833796,0.6833333333333333,0.6774092194443198,0.8660254037844387,-0.4999999999999998,-0.5712682150947924,0.8207634412072763,-0.433883739117558,-0.9009688679024191
-0.034623931583441174,-0.0125787701350334,0.02304843468536551,-0.007682488667103339,1.1411719030869056,0.6833333333333333,0.6774541047623323,0.8660254037844387,-0.4999999999999998,-0.3943558551133187,0.9189578116202306,-0.9749279121818236,-0.2225209339563146
0.0,-0.02824324673696381,-0.02824324673696381,-0.04200094582874944,-0.665748206371831,0.6833333333333333,0.6775887607163698,0.5000000000000003,-0.8660254037844385,0.39435585511331855,0.9189578116202306,0.7818314824680298,0.6234898018587336
-0.024692654588224394,0.005194812051598424,-0.013106335218722858,-0.013495468447875877,1.0895624531481918,0.6833333333333333,0.6776336460343823,0.5000000000000003,-0.8660254037844385,0.5712682150947923,0.8207634412072763,0.9749279121818236,-0.22252093395631434
0.01379337475135257,-0.007802373027027488,0.010498774243293617,0.00271370323795161,-2.1355310083308794,0.6833333333333333,0.6776785313523946,0.5000000000000003,-0.8660254037844385,0.72479278722912,0.6889669190756866,0.43388373911755823,-0.900968867902419
-0.01379337475135253,-0.04813758955000099,-0.05363210346928168,-0.010899279836871851,0.9614111671546247,0.6833333333333333,0.6777234166704071,0.5000000000000003,-0.8660254037844385,0.8486442574947509,0.5289640103269624,-0.433883739117558,-0.9009688679024191
-0.08096905615030471,0.04027386046153039,0.005494513919280717,-0.07685145036927672,2.241960471177611,0.6833333333333333,0.6777683019884196,0.5000000000000003,-0.8660254037844385,0.9377521321470804,0.3473052528448203,-0.9749279121818236,-0.2225209339563146
-0.07503519060608459,-0.08509931523706683,-0.08576687635337868,0.03202599559374038,-0.6623755218931916,0.6833333333333333,0.677902957942457,0.5000000000000003,-0.8660254037844385,0.9680771188662043,-0.2506525322587204,0.7818314824680298,0.6234898018587336
0.028802039741958173,-0.017341458306337435,0.01775199909663046,-0.023189422481211922,-0.3785576551882401,0.6833333333333333,0.6779478432604695,0.5000000000000003,-0.8660254037844385,0.8978045395707416,-0.4403941515576344,0.9749279121818236,-0.22252093395631434
0.07298070450903542,0.0029112073785717086,0.0029282569169696154,0.0,-1.8941744746561244,0.6833333333333333,0.677992728578482,0.5000000000000003,-0.8660254037844385,0.7907757369376989,-0.6121059825476626,0.43388373911755823,-0.900968867902419
-0.07614026170528428,-0.008759171553446181,-0.07275935559776857,-0.008836573112528359,0.3022808718729337,0.6833333333333333,0.6780376138964945,0.5000000000000003,-0.8660254037844385,0.6513724827222223,-0.758758122692791,-0.433883739117558,-0.9009688679024191
0.003159557196248903,-0.011799606060174599,0.006269606921925908,-0.005934800599554761,0.0425596144187959,0.6833333333333333,0.678082499214507,0.5000000000000003,-0.8660254037844385,0.48530196253108104,-0.8743466161445821,-0.9749279121818236,-0.2225209339563146
-0.006329128843763199,-0.005952393036455742,0.0,-0.039458799613962446,0.9963334395476915,0.6833333333333333,0.6782171551685444,0.5000000000000003,-0.8660254037844385,-0.10116832198743204,-0.9948693233918952,0.7818314824680298,0.6234898018587336
-0.04879019444480666,-0.0272331249158497,0.012422508040835311,-0.0738698544715596,0.3899609215721992,0.6833333333333333,0.6782620404865569,0.5000000000000003,-0.8660254037844385,-0.29936312297335776,-0.9541392564000489,0.9749279121818236,-0.22252093395631434
0.05195976609232089,0.07103577604213301,-0.025001277987246565,0.15415067982725836,0.6118015411059929,0.6833333333333333,0.6783069258045694,0.5000000000000003,-0.8660254037844385,-0.4853019625310808,-0.8743466161445822,0.43388373911755823,-0.900968867902419
0.07320340491092925,0.055569864042301534,0.07906851862225396,-0.008608366291577265,-0.1327246156545825,0.6833333333333333,0.6783518111225818,0.5000000000000003,-0.8660254037844385,-0.6513724827222217,-0.7587581226927913,-0.433883739117558,-0.9009688679024191
-0.04820212692368263,0.013423007444649979,-0.054067240635007376,0.07760123777852874,0.17151064068973892,0.6833333333333333,0.6783966964405943,0.5000000000000003,-0.8660254037844385,-0.7907757369376986,-0.6121059825476627,-0.9749279121818236,-0.2225209339563146
0.08855338362202483,-0.002670226005947513,0.1246183501073424,-0.002670226005947513,-2.575878427993727,0.6833333333333333,0.6785313523946318,0.5000000000000003,-0.8660254037844385,-0.9987165071710528,-0.05064916883871355,0.7818314824680298,0.6234898018587336
0.016807102601408712,0.021164791166404323,0.01889393112135225,-0.01345914041703677,2.553899521274952,0.6833333333333333,0.6785762377126442,0.5000000000000003,-0.8660254037844385,-0.9884683243281114,0.15142777750457667,0.9749279121818236,-0.22252093395631434
-0.04837353833052122,-0.03191757260510686,-0.010752781438702409,-0.002713703237951683,0.7602864833975739,0.6833333333333333,0.6786211230306567,0.5000000000000003,-0.8660254037844385,-0.9377521321470804,0.3473052528448203,0.43388373911755823,-0.900968867902419
0.037200248150186806,0.0,-0.01634912206919231,-0.010929059852906334,-3.0628715763916197,0.6833333333333333,0.6786660083486692,0.5000000000000003,-0.8660254037844385,-0.8486442574947509,0.5289640103269624,-0.433883739117558,-0.9009688679024191
0.00839164980114123,0.050076352060339245,0.005479460395805221,0.05348863377941631,2.0794415416798357,0.6833333333333333,0.6787108936666817,0.5000000000000003,-0.8660254037844385,-0.7247927872291207,0.6889669190756859,-0.9749279121818236,-0.2225209339563146
0.06732016565597604,0.03535724342220675,0.04800917338361099,0.04580955363838799,-0.2602830982636664,0.6833333333333333,0.6788904349387316,0.5000000000000003,-0.8660254037844385,-2.4492935982947064e-16,1.0,0.9749279121818236,-0.22252093395631434
0.007782133222499861,-0.0074720669003248376,0.018065051700963397,-0.007490664594348024,-0.4754236967150748,0.6833333333333333,0.6789353202567441,1.2246467991473532e-16,-1.0,0.20129852008866006,0.9795299412524945,0.43388373911755823,-0.900968867902419
0.03053675582153982,-0.0025031278279573394,0.02025383734307631,0.0,-8.83927669058535,0.6833333333333333,0.6789802055747566,1.2246467991473532e-16,-1.0,0.39435585511331855,0.9189578116202306,-0.433883739117558,-0.9009688679024191
-0.18081895221067573,0.014925694921541442,-0.04616205917181698,-0.06203539330961381,9.88837391472608,0.6833333333333333,0.679025090892769,1.2246467991473532e-16,-1.0,0.5712682150947923,0.8207634412072763,-0.9749279121818236,-0.2225209339563146
0.105360551456412,-0.02500133722861744,-0.023905498144139285,0.026317283546611638,-0.7614151516889481,0.6833333333333333,0.6791597468468065,1.2246467991473532e-16,-1.0,0.9377521321470804,0.3473052528448203,0.7818314824680298,0.6234898018587336
0.0026990543638770567,0.0025284439146058177,0.026526729166799178,0.010336061069077635,-1.087801372563894,0.6833333333333333,0.679204632164819,1.2246467991473532e-16,-1.0,0.9884683243281114,0.1514277775045767,0.9749279121818236,-0.22252093395631434
-0.002699054363877119,-0.015267457310675045,-0.029218518241229677,-0.007742028298517038,1.3535045382968998,0.6833333333333333,0.6792495174828314,1.2246467991473532e-16,-1.0,0.9987165071710528,-0.05064916883871264,0.43388373911755823,-0.900968867902419
0.0,0.04020638193114407,0.03704123662738449,-0.02624820143405644,-0.5827991233910799,0.6833333333333333,0.6792944028008439,1.2246467991473532e-16,-1.0,0.9680771188662043,-0.2506525322587204,-0.433883739117558,-0.9009688679024191
0.0,-0.06618190533593832,-0.026317283546611645,0.010582099318558432,0.18975653528147265,0.6833333333333333,0.6793392881188564,1.2246467991473532e-16,-1.0,0.8978045395707416,-0.4403941515576344,-0.9749279121818236,-0.2225209339563146
0.016086122327765937,0.00524935095878255,0.013245214201674292,0.00524935095878255,-1.9095425048844386,0.6833333333333333,0.6794739440728939,1.2246467991473532e-16,-1.0,0.48530196253108104,-0.8743466161445821,0.7818314824680298,0.6234898018587336
0.0,0.02072617244601175,-0.010582099318558446,0.015584777987487237,1.1786549963416462,0.6833333333333333,0.6795188293909062,1.2246467991473532e-16,-1.0,0.29936312297335804,-0.9541392564000488,0.9749279121818236,-0.22252093395631434
-0.0324352443969582,-0.015504233340894603,0.015831450277340973,-0.028760186729624344,0.4795730802618863,0.6833333333333333,0.6795637147089187,1.2246467991473532e-16,-1.0,0.10116832198743272,-0.994869323391895,0.43388373911755823,-0.900968867902419
0.021739965507499983,0.007782133222499861,-0.023842166373516955,0.02617948106975413,-1.052092273033217,0.6833333333333333,0.6796086000269312,1.2246467991473532e-16,-1.0,-0.10116832198743204,-0.9948693233918952,-0.433883739117558,-0.9009688679024191
-0.01899648225351386,0.0,0.01859281541473428,-0.0077821332224999465,2.3642786619993856,0.6833333333333333,0.6796534853449437,1.2246467991473532e-16,-1.0,-0.29936312297335776,-0.9541392564000489,-0.9749279121818236,-0.2225209339563146
0.042901980397653035,0.03802742041588791,0.002628119936122682,0.030771690651569587,-2.3198268994285516,0.6833333333333333,0.6797881412989811,1.2246467991473532e-16,-1.0,-0.7907757369376986,-0.6121059825476627,0.7818314824680298,0.6234898018587336
0.03355156371268512,0.02457123769823141,0.03355156371268512,0.03230097246279945,1.8481124057791867,0.6833333333333333,0.6798330266169936,1.2246467991473532e-16,-1.0,-0.8978045395707417,-0.44039415155763423,0.9749279121818236,-0.22252093395631434
0.02753619038067309,0.061195614931905035,0.02753619038067309,0.059329375908550655,0.580913785614357,0.6833333333333333,0.6798779119350061,1.2246467991473532e-16,-1.0,-0.9680771188662041,-0.2506525322587213,0.43388373911755823,-0.900968867902419
0.038745728541854055,-0.009174367245604869,0.059898138842986136,0.0,-1.2878542883066382,0.6833333333333333,0.6799227972530186,1.2246467991473532e-16,-1.0,-0.9987165071710528,-0.05064916883871355,-0.433883739117558,-0.9009688679024191
0.02115241030113201,-0.004618941278365068,0.0,-0.004618941278365068,0.15415067982725836,0.6833333333333333,0.679967682571031,1.2246467991473532e-16,-1.0,-0.9884683243281114,0.15142777750457667,-0.9749279121818236,-0.2225209339563146
-0.02115241030113205,-0.004640374935987326,-0.004662008442114028,-0.016336459056122573,0.5389965007326869,0.6833333333333333,0.6801023385250685,1.2246467991473532e-16,-1.0,-0.7247927872291207,0.6889669190756859,0.7818314824680298,0.6234898018587336
-0.0023781768790697047,0.0,-0.016490401859018,0.011696084120135192,-0.4700036292457356,0.6833333333333333,0.680147223843081,1.2246467991473532e-16,-1.0,-0.5712682150947924,0.8207634412072763,0.9749279121818236,-0.22252093395631434
0.023530587180201804,0.0,0.02115241030113201,0.0,-2.1972245773362196,0.6833333333333333,0.6801921091610934,1.2246467991473532e-16,-1.0,-0.3943558551133187,0.9189578116202306,0.43388373911755823,-0.900968867902419
0.002322823782986947,0.002322823782986947,0.002322823782986947,0.002322823782986947,-2.3025850929940455,0.6833333333333333,0.6802369944791059,1.2246467991473532e-16,-1.0,-0.20129852008866114,0.9795299412524943,-0.433883739117558,-0.9009688679024191
0.0,0.03868515984492067,0.0,0.02066667175918367,4.61512051684126,0.6833333333333333,0.6802818797971184,-0.4999999999999997,-0.8660254037844388,0.20129852008866006,0.9795299412524945,-0.9749279121818236,-0.2225209339563146
-0.00698483222510105,0.026433232078630374,0.04313950593682642,0.04227549471737079,1.2428126376422,0.6833333333333333,0.6804614210691683,-0.4999999999999997,-0.8660254037844388,0.8486442574947509,0.5289640103269624,0.9749279121818236,-0.22252093395631434
0.056768927195903846,0.021506185371127504,0.041355197882438174,0.021552537342709815,-1.2232041662538238,0.6833333333333333,0.6805063063871808,-0.4999999999999997,-0.8660254037844388,0.9377521321470804,0.3473052528448203,0.43388373911755823,-0.900968867902419
0.036840482323875816,0.021053489516148095,0.004255321468759127,0.02318336299156216,0.40869612868961086,0.6833333333333333,0.6805511917051933,-0.4999999999999997,-0.8660254037844388,0.9884683243281114,0.1514277775045767,-0.433883739117558,-0.9009688679024191
0.0042462870124152785,0.0,0.01475267426885244,-0.010471339603724423,-0.3520772346901029,0.6833333333333333,0.6805960770232058,-0.4999999999999997,-0.8660254037844388,0.9987165071710528,-0.05064916883871264,-0.9749279121818236,-0.2225209339563146
-0.008510681896768226,0.002081114571250138,-0.02114251714655057,0.012552454174974593,-0.7023638356648693,0.6833333333333333,0.6807307329772432,-0.4999999999999997,-0.8660254037844388,0.7907757369376989,-0.6121059825476626,0.7818314824680298,0.6234898018587336
0.014846544796776646,0.00828161306447926,0.02531788440050099,-0.012552454174974605,-1.1557707025080584,0.6833333333333333,0.6807756182952557,-0.4999999999999997,-0.8660254037844388,0.6513724827222223,-0.758758122692791,0.9749279121818236,-0.22252093395631434
0.00629597234977402,0.03445124461813487,0.0,0.05129329438755048,3.2870840748947345,0.6833333333333333,0.6808205036132682,-0.4999999999999997,-0.8660254037844388,0.48530196253108104,-0.8743466161445821,0.43388373911755823,-0.900968867902419
0.01659787498817786,-0.012024181476380584,0.02061926692904748,-0.02839944704959868,-2.042759975045231,0.6833333333333333,0.6808653889312806,-0.4999999999999997,-0.8660254037844388,0.29936312297335804,-0.9541392564000488,-0.433883739117558,-0.9009688679024191
0.0020554482108347005,-0.010131837698292732,0.0020386861501433674,0.008196759194820213,0.06559728248581327,0.6833333333333333,0.6809102742492931,-0.4999999999999997,-0.8660254037844388,0.10116832198743272,-0.994869323391895,-0.9749279121818236,-0.2225209339563146
0.0,0.008113627318837295,-0.004081634546244125,0.004073321431794082,0.16093036681263712,0.6833333333333333,0.6810449302033306,-0.4999999999999997,-0.8660254037844388,-0.4853019625310808,-0.8743466161445822,0.7818314824680298,0.6234898018587336
-0.033405997467865114,0.0,-0.037504360055749884,0.006078992037186474,0.09038406146826894,0.6833333333333333,0.6810898155213431,-0.4999999999999997,-0.8660254037844388,-0.6513724827222217,-0.7587581226927913,0.9749279121818236,-0.22252093395631434
0.01475267426885244,-0.0020221952653827,0.01475267426885244,-0.0020221952653827,0.6425034477411904,0.6833333333333333,0.6811347008393555,-0.4999999999999997,-0.8660254037844388,-0.7907757369376986,-0.6121059825476627,0.43388373911755823,-0.900968867902419
0.030898362838522493,0.031875178247863616,0.030898362838522493,0.012072569651180509,1.1430640512389434,0.6833333333333333,0.681179586157368,-0.4999999999999997,-0.8660254037844388,-0.8978045395707417,-0.44039415155763423,-0.433883739117558,-0.9009688679024191
0.008080844658730553,0.0,0.014098959199254113,-0.0060181145405235874,-0.9705305008111518,0.6833333333333333,0.6812244714753805,-0.4999999999999997,-0.8660254037844388,-0.9680771188662041,-0.2506525322587213,-0.9749279121818236,-0.2225209339563146
-0.020325884298240456,-0.015810591126645002,-0.026343998838764027,-0.002014049465818833,-1.33828514193353,0.6833333333333333,0.6813591274294178,-0.4999999999999997,-0.8660254037844388,-0.9377521321470804,0.3473052528448203,0.7818314824680298,0.6234898018587336
0.010214632415779667,0.019724486795535755,0.012245039639509929,0.008032164006342388,2.698280409506405,0.6833333333333333,0.6814040127474303,-0.4999999999999997,-0.8660254037844388,-0.8486442574947509,0.5289640103269624,0.9749279121818236,-0.22252093395631434
-0.12313272283407108,-0.01178794470869139,0.026027518756136826,-0.004008017567521535,-0.29660441386812836,0.6833333333333333,0.6814488980654428,-0.4999999999999997,-0.8660254037844388,-0.7247927872291207,0.6889669190756859,0.43388373911755823,-0.900968867902419
0.07738664495708122,-0.011928559556882604,-0.052750514340708723,-0.008064552083658996,-1.5454891878338268,0.6833333333333333,0.6814937833834553,-0.4999999999999997,-0.8660254037844388,-0.5712682150947924,0.8207634412072763,-0.433883739117558,-0.9009688679024191
0.010582149912423598,-0.01612936642298425,0.0,-0.004056796771803803,-0.02690745291992438,0.6833333333333333,0.6815386687014678,-0.4999999999999997,-0.8660254037844388,-0.3943558551133187,0.9189578116202306,-0.9749279121818236,-0.2225209339563146
0.031090606532772114,0.02607973504543142,0.02265795307919087,0.018127414770653428,1.3205429835571103,0.6833333333333333,0.6816733246555052,-0.8660254037844385,-0.5000000000000004,0.20129852008866006,0.9795299412524945,0.7818314824680298,0.6234898018587336
0.0,-0.005958351152409019,0.022156019174673393,-0.012048422733467023,-1.1458260261483748,0.6833333333333333,0.6817182099735177,-0.8660254037844385,-0.5000000000000004,0.39435585511331855,0.9189578116202306,0.9749279121818236,-0.22252093395631434
-0.05236798447093209,-0.003992017470038185,-0.032391464519636835,-0.01219526186508148,0.1810484821471566,0.6833333333333333,0.6817630952915302,-0.8660254037844385,-0.5000000000000004,0.5712682150947923,0.8207634412072763,0.43388373911755823,-0.900968867902419
0.021277377938159966,-0.002002048538777479,-0.012422507734227357,0.014213472244536821,-0.32885798663596755,0.6833333333333333,0.6818079806095426,-0.8660254037844385,-0.5000000000000004,0.72479278722912,0.6889669190756866,-0.433883739117558,-0.9009688679024191
-0.014846544796776563,-0.018200639316000914,0.02061926692904748,-0.032789790777483716,0.5808798786888641,0.6833333333333333,0.6818528659275551,-0.8660254037844385,-0.5000000000000004,0.8486442574947509,0.5289640103269624,-0.9749279121818236,-0.2225209339563146
0.004264394884352982,0.0020386861501433674,-0.041672756445195636,-0.010471339603724423,0.38546444140149483,0.6833333333333333,0.6819875218815926,-0.8660254037844385,-0.5000000000000004,0.9987165071710528,-0.05064916883871264,0.7818314824680298,0.6234898018587336
-0.04126526386968782,-0.022657953079190947,0.014783832767489204,-0.021277377938160005,-0.9932517730102834,0.6833333333333333,0.682032407199605,-0.8660254037844385,-0.5000000000000004,0.9680771188662043,-0.2506525322587204,0.9749279121818236,-0.22252093395631434
-0.002219807488164339,-0.010471339603724423,-0.036290018138616674,0.021277377938159966,-0.8718389693033213,0.6833333333333333,0.6820772925176175,-0.8660254037844385,-0.5000000000000004,0.8978045395707416,-0.4403941515576344,0.43388373911755823,-0.900968867902419
0.05406722127027579,0.041242920001752705,0.03208833528355106,0.041242920001752705,1.7953761096982435,0.6833333333333333,0.68212217783563,-0.8660254037844385,-0.5000000000000004,0.7907757369376989,-0.6121059825476626,-0.433883739117558,-0.9009688679024191
0.041242920001752705,0.0,0.041242920001752705,0.0,-5.6240175061873385,0.6833333333333333,0.6821670631536425,-0.8660254037844385,-0.5000000000000004,0.6513724827222223,-0.758758122692791,-0.9749279121818236,-0.2225209339563146
-0.04757878290176113,0.020000743008244965,-0.04757878290176113,0.020000743008244965,4.6443908991413725,0.6833333333333333,0.6823017191076799,-0.8660254037844385,-0.5000000000000004,0.10116832198743272,-0.994869323391895,0.7818314824680298,0.6234898018587336
-0.041086769336290956,-0.04040959577054397,0.01680720250373278,-0.05077232340627325,0.1513996464553685,0.6833333333333333,0.6823466044256924,-0.8660254037844385,-0.5000000000000004,-0.10116832198743204,-0.9948693233918952,0.9749279121818236,-0.22252093395631434
-0.017817932493869613,0.026451209580575143,0.03681393721630452,-0.04473590033427197,-0.13235145148467398,0.6833333333333333,0.6823914897437049,-0.8660254037844385,-0.5000000000000004,-0.29936312297335776,-0.9541392564000489,0.43388373911755823,-0.900968867902419
-0.05544139656105222,-0.0793736121035802,-0.08154983755057653,-0.08641740056067378,-1.262241712449912,0.6833333333333333,0.6824363750617174,-0.8660254037844385,-0.5000000000000004,-0.4853019625310808,-0.8743466161445822,-0.433883739117558,-0.9009688679024191
0.02115241030113201,0.038384307633325114,-0.06526499025954167,0.12697793364099522,0.8472978603872037,0.6833333333333333,0.6824812603797298,-0.8660254037844385,-0.5000000000000004,-0.6513724827222217,-0.7587581226927913,-0.9749279121818236,-0.2225209339563146
0.07609927040704664,0.004175367253950492,0.07609927040704664,-0.016878122262197592,-0.04380262265839289,0.6833333333333333,0.6826159163337673,-0.8660254037844385,-0.5000000000000004,-0.9680771188662041,-0.2506525322587213,0.7818314824680298,0.6234898018587336
0.04426434782249619,0.04481397225386432,0.05859420854760871,0.04980287464879368,0.3061668871258839,0.6833333333333333,0.6826608016517798,-0.8660254037844385,-0.5000000000000004,-0.9987165071710528,-0.05064916883871355,0.9749279121818236,-0.22252093395631434
-0.020834067239453857,-0.020121383893022513,-0.006116269827894932,-0.004056796771803803,0.24273068458951452,0.6833333333333333,0.6827056869697923,-0.8660254037844385,-0.5000000000000004,-0.9884683243281114,0.15142777750457667,0.43388373911755823,-0.900968867902419
0.0,-0.016393793756152603,-0.010277523928257605,-0.02469258836084179,0.10622221325530742,0.6833333333333333,0.6827505722878047,-0.8660254037844385,-0.5000000000000004,-0.9377521321470804,0.3473052528448203,-0.433883739117558,-0.9009688679024191
0.0,0.032523160179136756,-0.018770134208413645,0.030771580398028322,-0.655119784970706,0.6833333333333333,0.6827954576058172,-0.8660254037844385,-0.5000000000000004,-0.8486442574947509,0.5289640103269624,-0.9749279121818236,-0.2225209339563146
0.03312929268291552,0.011928559556882547,0.03719433518829641,0.020000743008244965,0.9072951689655772,0.6833333333333333,0.6829301135598547,-0.8660254037844385,-0.5000000000000004,-0.3943558551133187,0.9189578116202306,0.7818314824680298,0.6234898018587336
0.008113627318837295,0.023438551141146114,0.01609700754692341,0.015717400434301358,0.10836803672178166,0.6833333333333333,0.6829749988778671,-0.8660254037844385,-0.5000000000000004,-0.20129852008866114,0.9795299412524943,0.9749279121818236,-0.22252093395631434
0.010050374385797877,0.0019286850708047437,0.02756077241182295,-0.005865160460065537,0.6904408189622024,0.6833333333333333,0.6830198841958796,-0.8660254037844385,-0.5000000000000004,-2.4492935982947064e-16,1.0,0.43388373911755823,-0.900968867902419
-0.022245636250879205,-0.023392856741582885,-0.015655881732241507,-0.03187517824786355,-2.0395956331326364,0.6833333333333333,0.6830647695138921,-1.0,-1.8369701987210297e-16,0.20129852008866006,0.9795299412524945,-0.433883739117558,-0.9009688679024191
-0.02484597528160569,0.01565588173224152,-0.060994550559735614,0.002022195265382734,0.5596157879354227,0.6833333333333333,0.6831096548319046,-1.0,-1.8369701987210297e-16,0.39435585511331855,0.9189578116202306,-0.9749279121818236,-0.2225209339563146
0.006269656748658904,-0.03356683832701361,0.03704123714668711,-0.028690465826778176,-1.1349799328389845,0.6833333333333333,0.6832891961039544,-1.0,-1.8369701987210297e-16,0.9377521321470804,0.3473052528448203,0.9749279121818236,-0.22252093395631434
-0.03174871754188445,-0.020284651550515627,-0.02040885276229888,0.00828161306447926,2.046497385960482,0.6833333333333333,0.6833340814219669,-1.0,-1.8369701987210297e-16,0.9884683243281114,0.1514277775045767,0.43388373911755823,-0.900968867902419
-0.012987182792387393,0.008163302695052716,0.010256539293318255,-0.020834067239453857,-0.7779860604969747,0.6833333333333333,0.6833789667399794,-1.0,-1.8369701987210297e-16,0.9987165071710528,-0.05064916883871264,-0.433883739117558,-0.9009688679024191
0.027928697830539084,-0.010214632415779693,-0.03531001804303077,0.024949295548786526,-0.16989903679539747,0.6833333333333333,0.6834238520579918,-1.0,-1.8369701987210297e-16,0.9680771188662043,-0.2506525322587204,-0.9749279121818236,-0.2225209339563146
0.0042283322731352085,0.02634399883876404,0.004219411510258739,-0.02705682617565956,-1.8294997972109022,0.6833333333333333,0.6835585080120293,-1.0,-1.8369701987210297e-16,0.6513724827222223,-0.758758122692791,0.7818314824680298,0.6234898018587336
0.0021075306268730012,-0.01005037438579784,0.010471339603724442,0.022941597866326904,2.738355550597539,0.6833333333333333,0.6836033933300418,-1.0,-1.8369701987210297e-16,0.48530196253108104,-0.8743466161445821,0.9749279121818236,-0.22252093395631434
0.016701833822083404,-0.010152313468980687,0.018576318532946886,0.010256539293318255,-0.5075143624623346,0.6833333333333333,0.6836482786480542,-1.0,-1.8369701987210297e-16,0.29936312297335804,-0.9541392564000488,0.43388373911755823,-0.900968867902419
-0.006230494218358959,0.006103728655524434,-0.0020470328671578298,-0.004089981263258574,-0.3769499378001431,0.6833333333333333,0.6836931639660667,-1.0,-1.8369701987210297e-16,0.10116832198743272,-0.994869323391895,-0.433883739117558,-0.9009688679024191
-0.010471339603724423,-0.006103728655524326,-0.027000625269513447,-0.027000625269513447,0.4563567154045537,0.6833333333333333,0.6837380492840792,-1.0,-1.8369701987210297e-16,-0.10116832198743204,-0.9948693233918952,-0.9749279121818236,-0.2225209339563146
0.0,0.02419470532481667,0.0,0.041242920001752705,-0.8498456324660023,0.6833333333333333,0.6838727052381166,-1.0,-1.8369701987210297e-16,-0.6513724827222217,-0.7587581226927913,0.7818314824680298,0.6234898018587336
0.031090606532772114,-0.0019939691223690176,0.031090606532772114,0.012048422733466999,1.7335500831421313,0.6833333333333333,0.6839175905561291,-1.0,-1.8369701987210297e-16,-0.7907757369376986,-0.6121059825476627,0.9749279121818236,-0.22252093395631434
0.010152313468980687,0.003984065041278843,0.026184801243726498,-0.012048422733467023,-0.21372432939771818,0.6833333333333333,0.6839624758741416,-1.0,-1.8369701987210297e-16,-0.8978045395707417,-0.44039415155763423,0.43388373911755823,-0.900968867902419
-0.032857134589356116,-0.016032487774745887,-0.0385052735680849,-0.0020221952653827,-0.9500575943449725,0.6833333333333333,0.6840073611921541,-1.0,-1.8369701987210297e-16,-0.9680771188662041,-0.2506525322587213,-0.433883739117558,-0.9009688679024191
0.00208555419132783,-0.0040485848134563344,0.014359158474501787,-0.020450590527956374,0.7847775034058697,0.6833333333333333,0.6840522465101666,-1.0,-1.8369701987210297e-16,-0.9987165071710528,-0.05064916883871355,-0.9749279121818236,-0.2225209339563146
0.0062304942183590865,-0.010193709918782889,-0.016427458860831908,0.0,-0.028039220064393047,0.6833333333333333,0.684186902464204,-1.0,-1.8369701987210297e-16,-0.8486442574947509,0.5289640103269624,0.7818314824680298,0.6234898018587336
-0.0663344622442913,0.020284651550515558,0.03058344299794556,-0.029352284120837194,-0.094362761448285,0.6833333333333333,0.6842317877822165,-1.0,-1.8369701987210297e-16,-0.7247927872291207,0.6889669190756859,0.9749279121818236,-0.22252093395631434
0.03905047850978422,-0.02645120958057523,-0.02851514261161535,0.010582149912423598,0.19782574332991987,0.6833333333333333,0.684276673100229,-1.0,-1.8369701987210297e-16,-0.5712682150947924,0.8207634412072763,0.43388373911755823,-0.900968867902419
0.031416217151877486,0.03644134053704478,0.004123713129538078,0.02083406723945392,0.22143268691058032,0.6833333333333333,0.6843215584182415,-1.0,-1.8369701987210297e-16,-0.3943558551133187,0.9189578116202306,-0.433883739117558,-0.9009688679024191
-0.025053478749712484,-0.016032487774745887,0.010235445344963609,-0.018730968958256926,-0.8727327575350252,0.6833333333333333,0.6843664437362539,-1.0,-1.8369701987210297e-16,-0.20129852008866114,0.9795299412524943,-0.9749279121818236,-0.2225209339563146
-0.017057966427901326,-0.0020221952653827,0.006091432053454601,-0.023380476219356947,0.10125373370517289,0.6833333333333333,0.6845010996902914,-0.866025403784439,0.49999999999999933,0.5712682150947923,0.8207634412072763,0.7818314824680298,0.6234898018587336
-0.03278984333211578,-0.03501904188130455,-0.045556587636378425,-0.015168258640362992,-0.46262352194811296,0.6833333333333333,0.6845459850083039,-0.866025403784439,0.49999999999999933,0.72479278722912,0.6889669190756866,0.9749279121818236,-0.22252093395631434
-0.08822426119176133,-0.02763196343810804,-0.0322955126777643,-0.010976995657776281,0.07913732055872379,0.6833333333333333,0.6845908703263163,-0.866025403784439,0.49999999999999933,0.8486442574947509,0.5289640103269624,0.43388373911755823,-0.900968867902419
0.09486885022573778,-0.023992351653256822,-0.008791256658526673,0.0,-9.126958763037132,0.6833333333333333,0.6846357556443288,-0.866025403784439,0.49999999999999933,0.9377521321470804,0.3473052528448203,-0.433883739117558,-0.9009688679024191
-0.029117423211619017,0.057893971840023706,0.030437102207588464,-0.029117423211619017,8.34283980427146,0.6833333333333333,0.6846806409623413,-0.866025403784439,0.49999999999999933,0.9884683243281114,0.1514277775045767,-0.9749279121818236,-0.2225209339563146
-0.037041347336331645,-0.060103968025932326,-0.032647098393497075,-0.01603703820408199,-1.540445040947149,0.6833333333333333,0.6848152969163787,-0.866025403784439,0.49999999999999933,0.8978045395707416,-0.4403941515576344,0.7818314824680298,0.6234898018587336
-0.01425200979295079,-0.004434592848067865,-0.038336166447297,-0.03525631892520049,2.03688192726104,0.6833333333333333,0.6848601822343912,-0.866025403784439,0.49999999999999933,0.7907757369376989,-0.6121059825476626,0.9749279121818236,-0.22252093395631434
0.05129335712928253,0.011049878106334366,0.04495145170556343,0.06931184521501932,-0.04445176257083381,0.6833333333333333,0.6849050675524037,-0.866025403784439,0.49999999999999933,0.6513724827222223,-0.758758122692791,0.43388373911755823,-0.900968867902419
-0.00455581208221365,0.010929007880390319,-0.008830070618169835,-0.015748395826043118,0.2291858657701724,0.6833333333333333,0.6849499528704162,-0.866025403784439,0.49999999999999933,0.48530196253108104,-0.8743466161445821,-0.433883739117558,-0.9009688679024191
0.015855302799962914,0.021506185371127504,-0.013393150948057524,0.06368781327580106,-0.6121781180262782,0.6833333333333333,0.6849948381884287,-0.866025403784439,0.49999999999999933,0.29936312297335804,-0.9541392564000488,-0.9749279121818236,-0.2225209339563146
-0.011299490717749354,-0.0258634866660995,0.017817932493869548,-0.0258634866660995,0.2708749541353997,0.6833333333333333,0.685129494142466,-0.866025403784439,0.49999999999999933,-0.29936312297335776,-0.9541392564000489,0.7818314824680298,0.6234898018587336
-0.0022753659248559086,-0.04236978479425116,-0.03139278913647502,-0.04236978479425116,-3.3843902633457743,0.6833333333333333,0.6851743794604785,-0.866025403784439,0.49999999999999933,-0.4853019625310808,-0.8743466161445822,0.9749279121818236,-0.22252093395631434
0.03579807820883286,0.07670789074590112,0.0553851407897319,0.0661033979849366,1.7047480922384253,0.6833333333333333,0.685219264778491,-0.866025403784439,0.49999999999999933,-0.6513724827222217,-0.7587581226927913,0.43388373911755823,-0.900968867902419
-0.14141168389775108,-0.008474619285550513,0.012848130670618959,-0.17171700367385498,3.1433682723600556,0.6833333333333333,0.6852641500965034,-0.866025403784439,0.49999999999999933,-0.7907757369376986,-0.6121059825476627,-0.433883739117558,-0.9009688679024191
0.03970747000854206,-0.08430702614167826,-0.13413940714072708,0.08489947607160357,-0.007874056430905883,0.6833333333333333,0.6853090354145159,-0.866025403784439,0.49999999999999933,-0.8978045395707417,-0.44039415155763423,-0.9749279121818236,-0.2225209339563146
-0.002436110543486594,0.004618941278365039,0.007272694593967098,-0.023530587180201755,-1.5821457701460928,0.6833333333333333,0.6854436913685534,-0.866025403784439,0.49999999999999933,-0.9884683243281114,0.15142777750457667,0.7818314824680298,0.6234898018587336
0.02409752942634625,-0.03278990339455414,0.014388724288892554,0.0,-8.556413904569519,0.6833333333333333,0.6854885766865658,-0.866025403784439,0.49999999999999933,-0.9377521321470804,0.3473052528448203,0.9749279121818236,-0.22252093395631434
-0.002383732285778536,0.028170962116189004,0.011834503060066448,0.028170962116189004,6.802394763324311,0.6833333333333333,0.6855334620045783,-0.866025403784439,0.49999999999999933,-0.8486442574947509,0.5289640103269624,0.43388373911755823,-0.900968867902419
0.04890381500815116,0.040821954783826074,0.034685579662306155,0.022884271358232112,0.6931471805599453,0.6833333333333333,0.6855783473225908,-0.866025403784439,0.49999999999999933,-0.7247927872291207,0.6889669190756859,-0.433883739117558,-0.9009688679024191
-0.06575142701411876,0.18232157445459,-0.06575142701411876,0.006764339965700657,3.3537951427675714,0.6833333333333333,0.6856232326406033,-0.866025403784439,0.49999999999999933,-0.5712682150947924,0.8207634412072763,-0.9749279121818236,-0.2225209339563146
0.08822426119176131,-0.13247376469457292,0.08822426119176131,0.06102115321991019,-3.248434627109745,0.6833333333333333,0.6857578885946407,-0.866025403784439,0.49999999999999933,-2.4492935982947064e-16,1.0,0.7818314824680298,0.6234898018587336
0.0,-0.023530526213405432,0.013245214201674292,-0.023530526213405432,0.6151856390902335,0.6833333333333333,0.6858027739126532,-0.5000000000000012,0.8660254037844379,0.20129852008866006,0.9795299412524945,0.9749279121818236,-0.22252093395631434
0.011049878106334366,0.04652007193207784,-0.0021953360953400475,0.01290339292688759,-1.5314763709643884,0.6833333333333333,0.6858476592306657,-0.5000000000000012,0.8660254037844379,0.39435585511331855,0.9189578116202306,0.43388373911755823,-0.900968867902419
-0.1288329137627177,-0.03575566423712448,0.026031813135230782,-0.06396887657599774,2.583997552432231,0.6833333333333333,0.6858925445486782,-0.5000000000000012,0.8660254037844379,0.5712682150947923,0.8207634412072763,-0.433883739117558,-0.9009688679024191
0.06999236292796673,-0.01076440769495334,-0.07098326484079409,0.051065483649110094,0.21175822908908445,0.6833333333333333,0.6859374298666906,-0.5000000000000012,0.8660254037844379,0.72479278722912,0.6889669190756866,-0.9749279121818236,-0.2225209339563146
0.029852989302822812,0.006472559785504116,0.027212538511440502,-0.01746767667204602,-0.42085002694764384,0.6833333333333333,0.6860720858207281,-0.5000000000000012,0.8660254037844379,0.9884683243281114,0.1514277775045767,0.7818314824680298,0.6234898018587336
-0.00909096283426231,-0.019544629130441405,-0.01578379908985382,-0.035878253134421785,-0.5225216635291818,0.6833333333333333,0.6861169711387406,-0.5000000000000012,0.8660254037844379,0.9987165071710528,-0.05064916883871264,0.9749279121818236,-0.22252093395631434
-0.030129767580092434,0.08206492707035425,0.018018488085736917,0.05766558694708942,1.5277598814198332,0.6833333333333333,0.6861618564567531,-0.5000000000000012,0.8660254037844379,0.9680771188662043,-0.2506525322587204,0.43388373911755823,-0.900968867902419
0.05493366784192623,-0.04124292000175279,0.05218570446217316,-0.008658054700508611,0.01687803778735173,0.6833333333333333,0.6862067417747655,-0.5000000000000012,0.8660254037844379,0.8978045395707416,-0.4403941515576344,-0.433883739117558,-0.9009688679024191
0.01766059169052551,0.010471339603724442,-0.002120839019070203,0.021506185371127504,0.3956542375439051,0.6833333333333333,0.686251627092778,-0.5000000000000012,0.8660254037844379,0.7907757369376989,-0.6121059825476626,-0.9749279121818236,-0.2225209339563146
0.0280492256653492,0.0547248938110767,0.03340599746786516,0.06785755768892215,1.0051782820220128,0.6833333333333333,0.6863862830468155,-0.5000000000000012,0.8660254037844379,0.29936312297335804,-0.9541392564000488,0.7818314824680298,0.6234898018587336
0.031416217151877486,-0.013902939027250559,0.02634399883876404,-0.028227749639827347,-3.3219480100080148,0.6833333333333333,0.6864311683648279,-0.5000000000000012,0.8660254037844379,0.10116832198743272,-0.994869323391895,0.9749279121818236,-0.22252093395631434
0.018386657496916356,-0.004008017567521535,-0.012072569651180464,0.018237618683357704,0.8140997909776078,0.6833333333333333,0.6864760536828404,-0.5000000000000012,0.8660254037844379,-0.10116832198743204,-0.9948693233918952,0.43388373911755823,-0.900968867902419
-0.03711762645517312,0.0,0.00806455208365885,-0.032655931189676975,0.50574947073413,0.6833333333333333,0.6865209390008529,-0.5000000000000012,0.8660254037844379,-0.29936312297335776,-0.9541392564000489,-0.433883739117558,-0.9009688679024191
0.012526247349154982,-0.006042356818276265,-0.016194670287256973,0.026613574371400717,-0.2502245099168805,0.6833333333333333,0.6865658243188654,-0.5000000000000012,0.8660254037844379,-0.4853019625310808,-0.8743466161445822,-0.9749279121818236,-0.2225209339563146
-0.01462934563035198,0.0,0.0,-0.01219526186508148,0.25782910930209985,0.6833333333333333,0.6867004802729028,-0.5000000000000012,0.8660254037844379,-0.8978045395707417,-0.44039415155763423,0.7818314824680298,0.6234898018587336
-0.00421941151025875,-0.010152313468980687,-0.026888923677706508,0.0020429483961007366,-0.1378697942231208,0.6833333333333333,0.6867453655909153,-0.5000000000000012,0.8660254037844379,-0.9680771188662041,-0.2506525322587213,0.9749279121818236,-0.22252093395631434
0.004219411510258739,-0.010256539293318228,0.016632384384388268,-0.020619266929047586,-1.1895840668738362,0.6833333333333333,0.6867902509089278,-0.5000000000000012,0.8660254037844379,-0.9987165071710528,-0.05064916883871355,0.43388373911755823,-0.900968867902419
0.008385785412396695,0.020408852762298833,-0.012448281827057189,0.028749385132645654,1.8428146400283392,0.6833333333333333,0.6868800215449526,-0.5000000000000012,0.8660254037844379,-0.9377521321470804,0.3473052528448203,-0.9749279121818236,-0.2225209339563146
0.0,0.0040322598452742905,0.02880854977589981,-0.030834939323973427,-2.402430427963762,0.6833333333333333,0.6870146774989901,-0.5000000000000012,0.8660254037844379,-0.5712682150947924,0.8207634412072763,0.7818314824680298,0.6234898018587336
0.012448281827057298,-0.01214588716411158,-0.016360267948842506,0.016563510136389858,1.2947271675944,0.6833333333333333,0.6870595628170026,-0.5000000000000012,0.8660254037844379,-0.3943558551133187,0.9189578116202306,0.9749279121818236,-0.22252093395631434
-0.010362727635729357,0.008113627318837295,0.020408852762298833,0.006141310983985454,-0.11607217125275401,0.6833333333333333,0.687104448135015,-0.5000000000000012,0.8660254037844379,-0.20129852008866114,0.9795299412524943,0.43388373911755823,-0.900968867902419
-0.04255967488727559,0.0,-0.028690465826778176,-0.024794634182998078,0.8092193518126993,0.6833333333333333,0.6871493334530275,-2.4492935982947064e-16,1.0,0.20129852008866006,0.9795299412524945,-0.433883739117558,-0.9009688679024191
-0.004357301294971973,-0.028690465826778176,-0.04681701490552201,0.004175367253950492,-0.8247235383486646,0.6833333333333333,0.68719421877104,-2.4492935982947064e-16,1.0,0.39435585511331855,0.9189578116202306,-0.9749279121818236,-0.2225209339563146
-0.002185738999249642,0.022611473789591625,0.04473590033427199,0.0,-1.2685113254635072,0.6833333333333333,0.6873288747250774,-2.4492935982947064e-16,1.0,0.8486442574947509,0.5289640103269624,0.7818314824680298,0.6234898018587336
0.01735399763961275,-0.056441305902726266,-0.03174871754188445,-0.03174871754188445,-0.6931471805599453,0.6833333333333333,0.6873737600430899,-2.4492935982947064e-16,1.0,0.9377521321470804,0.3473052528448203,0.9749279121818236,-0.22252093395631434
-0.010810957345391049,0.021277377938159966,0.021277377938159966,-0.010810957345391049,-0.587786664902119,0.6833333333333333,0.6874186453611024,-2.4492935982947064e-16,1.0,0.9884683243281114,0.1514277775045767,0.43388373911755823,-0.900968867902419
-0.008733671785050415,-0.002107530626873046,-0.002107530626873046,0.023631633364472472,2.028148247292285,0.6833333333333333,0.6874635306791149,-2.4492935982947064e-16,1.0,0.9987165071710528,-0.05064916883871264,-0.433883739117558,-0.9009688679024191
0.010905274992518265,0.012578870230597415,-0.002111880883385701,0.01892804152280303,0.9057086225436182,0.6833333333333333,0.6875084159971274,-2.4492935982947064e-16,1.0,0.9680771188662043,-0.2506525322587204,-0.9749279121818236,-0.2225209339563146
0.0,-0.006269656748658918,-0.021368313720887874,-0.02105348951614806,-0.32378707709389715,0.6833333333333333,0.6876430719511648,-2.4492935982947064e-16,1.0,0.6513724827222223,-0.758758122692791,0.7818314824680298,0.6234898018587336
0.012931202047372534,-0.016913706242903153,0.012875701843308874,-0.0021298734754140788,-1.2237754316221157,0.6833333333333333,0.6876879572691773,-2.4492935982947064e-16,1.0,0.48530196253108104,-0.8743466161445821,0.9749279121818236,-0.22252093395631434
-0.057284433159513724,-0.03471060884846167,-0.039135390394273724,-0.041355197882438174,2.3561258599220753,0.6833333333333333,0.6877328425871898,-2.4492935982947064e-16,1.0,0.29936312297335804,-0.9541392564000488,0.43388373911755823,-0.900968867902419
0.015748395826043066,0.03471060884846162,-0.0066741535800700245,0.03922067647349922,-1.274320689570347,0.6833333333333333,0.6877777279052023,-2.4492935982947064e-16,1.0,0.10116832198743272,-0.994869323391895,-0.433883739117558,-0.9009688679024191
0.03724418942402146,0.010604492760964595,0.047939417449757826,0.002134521408939022,1.377783671451982,0.6833333333333333,0.6878226132232147,-2.4492935982947064e-16,1.0,-0.10116832198743204,-0.9948693233918952,-0.9749279121818236,-0.2225209339563146
-0.004310347292986505,-0.008474619285550513,-0.015005575318722954,0.0,-1.8177349556313156,0.6833333333333333,0.6879572691772522,-2.4492935982947064e-16,1.0,-0.6513724827222217,-0.7587581226927913,0.7818314824680298,0.6234898018587336
-0.006500610052404535,-0.0021298734754140788,0.004310347292986426,-0.01720470868824572,1.3663601462190733,0.6833333333333333,0.6880021544952647,-2.4492935982947064e-16,1.0,-0.7907757369376986,-0.6121059825476627,0.9749279121818236,-0.22252093395631434
0.008658054700508674,0.0,-0.002152902644882432,0.0172047086882457,-0.04110167568555192,0.6833333333333333,0.6880470398132771,-2.4492935982947064e-16,1.0,-0.8978045395707417,-0.44039415155763423,0.43388373911755823,-0.900968867902419
-0.032861686685255714,0.0,-0.006486451493040867,-0.004273506640873116,-0.5808179955860256,0.6833333333333333,0.6880919251312896,-2.4492935982947064e-16,1.0,-0.9680771188662041,-0.2506525322587213,-0.433883739117558,-0.9009688679024191
0.01107435287258815,-0.004273506640873116,-0.004347828654464175,0.0,-1.491654876777717,0.6833333333333333,0.6881368104493021,-2.4492935982947064e-16,1.0,-0.9987165071710528,-0.05064916883871355,-0.9749279121818236,-0.2225209339563146
-0.08741196605744979,0.0021389852319342773,0.01941801593377098,-0.05955452541920756,2.8233610476132043,0.6833333333333333,0.688316351721352,-2.4492935982947064e-16,1.0,-0.7247927872291207,0.6889669190756859,0.9749279121818236,-0.22252093395631434
0.04466078558365514,-0.054898527942476294,-0.07312225007272835,-0.0068415796789861386,-3.228826155721369,0.6833333333333333,0.6883612370393645,-2.4492935982947064e-16,1.0,-0.5712682150947924,0.8207634412072763,0.43388373911755823,-0.900968867902419
0.0,-0.004524890448971678,0.01142873942158647,-0.00458715974260037,0.22314355131420976,0.6833333333333333,0.688406122357377,-2.4492935982947064e-16,1.0,-0.3943558551133187,0.9189578116202306,-0.433883739117558,-0.9009688679024191
-0.0023014399062319694,0.006779734473298854,0.0,0.013698831681280374,0.8472978603872037,0.6833333333333333,0.6884510076753895,-2.4492935982947064e-16,1.0,-0.20129852008866114,0.9795299412524943,-0.9749279121818236,-0.2225209339563146
-0.02095540033448757,-0.009049826732992521,-0.0022753659248559086,-0.01830713046377574,0.5389965007326869,0.7,0.6886305489474394,0.49999999999999994,0.8660254037844387,0.5712682150947923,0.8207634412072763,0.9749279121818236,-0.22252093395631434
0.0,-0.00455581208221365,-0.0022804461573577074,-0.018648541458224102,0.16833531481921474,0.7,0.6886754342654519,0.49999999999999994,0.8660254037844387,0.72479278722912,0.6889669190756866,0.43388373911755823,-0.900968867902419
-0.00945632618099683,0.01810002406868767,-0.03958609376108926,0.034685579662306155,1.035637489506721,0.7,0.6887203195834642,0.49999999999999994,0.8660254037844387,0.8486442574947509,0.5289640103269624,-0.433883739117558,-0.9009688679024191
-0.016766901167962242,-0.013544211986474024,0.011806557254079482,-0.0022753659248559086,-0.4861330111756192,0.7,0.6887652049014767,0.49999999999999994,0.8660254037844387,0.9377521321470804,0.3473052528448203,-0.9749279121818236,-0.2225209339563146
0.04024213525208145,0.02024808817962006,0.0116686768300396,0.022523454104476055,-0.9620367536623589,0.7,0.6888998608555142,0.49999999999999994,0.8660254037844387,0.9680771188662043,-0.2506525322587204,0.7818314824680298,0.6234898018587336
0.027461654467849345,0.028542029544634008,0.045359313424990784,0.01766059169052551,1.4679723921341576,0.7,0.6889447461735266,0.49999999999999994,0.8660254037844387,0.8978045395707416,-0.4403941515576344,0.9749279121818236,-0.22252093395631434
0.04415734750810628,0.027749937723664145,0.026259688550964767,0.02591935218993499,-1.2576769832977972,0.7,0.6889896314915391,0.49999999999999994,0.8660254037844387,0.7907757369376989,-0.6121059825476626,0.43388373911755823,-0.900968867902419
0.015005575318722873,0.014629345630351929,0.015005575318722873,0.027341369018189565,0.902401619713488,0.7,0.6890345168095516,0.49999999999999994,0.8660254037844387,0.6513724827222223,-0.758758122692791,-0.433883739117558,-0.9009688679024191
-0.021506185371127483,-0.01462934563035198,0.0,-0.01673687625722509,-0.22664618186541183,0.7,0.6890794021275641,0.49999999999999994,0.8660254037844387,0.48530196253108104,-0.8743466161445821,-0.9749279121818236,-0.2225209339563146
-0.053584194779486456,-0.016985530028710828,-0.006403380116287184,-0.01916984731128699,1.0838844819578664,0.7,0.689258943399614,0.49999999999999994,0.8660254037844387,-0.29936312297335776,-0.9541392564000489,0.9749279121818236,-0.22252093395631434
0.042655186899096025,-0.004291847909449223,-0.0064447505543316925,-0.010810957345391049,-2.3860957258672153,0.7,0.6893038287176265,0.49999999999999994,0.8660254037844387,-0.4853019625310808,-0.8743466161445822,0.43388373911755823,-0.900968867902419
-0.03125262002428298,-0.023940236457550175,-0.02178733381266773,-0.02866792107451329,1.0433496099930604,0.7,0.689348714035639,0.49999999999999994,0.8660254037844387,-0.6513724827222217,-0.7587581226927913,-0.433883739117558,-0.9009688679024191
-0.025259587801864585,0.010953053665162716,-0.03132244105220812,0.026491695627516965,0.9431981847940795,0.7,0.6893935993536515,0.49999999999999994,0.8660254037844387,-0.7907757369376986,-0.6121059825476627,-0.9749279121818236,-0.2225209339563146
0.04768213720797772,0.012987182792387503,0.037908679870145665,0.0021762254469964042,-1.001694391475688,0.7,0.6895282553076889,0.49999999999999994,0.8660254037844387,-0.9987165071710528,-0.05064916883871355,0.7818314824680298,0.6234898018587336
0.0,-0.002152902644882432,0.0130436503466261,0.008658054700508674,-0.5270203096859712,0.7,0.6895731406257014,0.49999999999999994,0.8660254037844387,-0.9884683243281114,0.15142777750457667,0.9749279121818236,-0.22252093395631434
0.024097476058447212,0.0021529026448824772,0.002157444648104033,-0.00431965714062166,-0.30830135965451655,0.7,0.6896180259437139,0.49999999999999994,0.8660254037844387,-0.9377521321470804,0.3473052528448203,0.43388373911755823,-0.900968867902419
-0.008695698854858923,0.010695228025736534,-0.008658054700508611,0.01716778781124057,1.6422277352570913,0.7,0.6896629112617263,0.49999999999999994,0.8660254037844387,-0.8486442574947509,0.5289640103269624,-0.433883739117558,-0.9009688679024191
-0.01762158469175275,0.016878122262197547,-0.019759078498560314,0.016878122262197547,-0.6007738604289302,0.7,0.6897077965797388,0.49999999999999994,0.8660254037844387,-0.7247927872291207,0.6889669190756859,-0.9749279121818236,-0.2225209339563146
0.01980266053972827,0.012474161858639712,0.05814338613188529,-0.006295972349773998,-0.24294617861038947,0.7,0.6898424525337763,0.49999999999999994,0.8660254037844387,-0.20129852008866114,0.9795299412524943,0.7818314824680298,0.6234898018587336
0.0021762254469964042,-0.03361667900519022,-0.02114251714655057,-0.014846544796776563,0.07232066157962608,0.7,0.6898873378517887,0.49999999999999994,0.8660254037844387,-2.4492935982947064e-16,1.0,0.9749279121818236,-0.22252093395631434
-0.0131292791121591,0.0190482276518422,-0.010741180434370026,-0.02378483078099617,0.8031480757742738,0.7,0.6899322231698012,0.8660254037844386,0.5000000000000001,0.20129852008866006,0.9795299412524945,0.43388373911755823,-0.900968867902419
0.008771977817187141,-0.023330885508243936,-0.004329006844936764,0.0130436503466261,-2.367123614131617,0.7,0.6899771084878137,0.8660254037844386,0.5000000000000001,0.39435585511331855,0.9189578116202306,-0.433883739117558,-0.9009688679024191
-0.037824326609701475,-0.0021481752849815835,0.004329006844936752,-0.024044903191061295,1.540445040947149,0.7,0.6900219938058262,0.8660254037844386,0.5000000000000001,0.5712682150947923,0.8207634412072763,-0.9749279121818236,-0.2225209339563146
-0.011402566874812996,-0.006472559785504095,-0.00216221249251755,-0.008888938939973515,1.3406243242867022,0.7,0.6901566497598636,0.8660254037844386,0.5000000000000001,0.9377521321470804,0.3473052528448203,0.7818314824680298,0.6234898018587336
0.0316053087927617,0.01290339292688759,-0.021882690698543768,0.026433232078630374,-0.36426935166989716,0.7,0.6902015350778761,0.8660254037844386,0.5000000000000001,0.9884683243281114,0.1514277775045767,0.9749279121818236,-0.22252093395631434
0.12516312425450934,0.2812511880375844,0.194416224206416,0.11294045043059384,3.9915550618722686,0.7,0.6902464203958886,0.8660254037844386,0.5000000000000001,0.9987165071710528,-0.05064916883871264,0.43388373911755823,-0.900968867902419
-0.017804560249013876,-0.1071541765292469,-0.048516932106988285,0.00966185571400704,-1.6335819303962562,0.7,0.6902913057139011,0.8660254037844386,0.5000000000000001,0.9680771188662043,-0.2506525322587204,-0.433883739117558,-0.9009688679024191
-0.018127414770653445,-0.02361601337179296,-0.005752692816170016,0.015267548546999675,-0.4347396910917287,0.7,0.6903361910319135,0.8660254037844386,0.5000000000000001,0.8978045395707416,-0.4403941515576344,-0.9749279121818236,-0.2225209339563146
0.047628003911058245,0.010969020852107304,0.02656709263901491,0.02247283377626483,-0.4877219296059802,0.7,0.690470846985951,0.8660254037844386,0.5000000000000001,0.48530196253108104,-0.8743466161445821,0.7818314824680298,0.6234898018587336
0.005797158280759611,-0.014652262710496819,0.005602205663000764,-0.03390160952948786,-0.41943631870490244,0.7,0.6905157323039635,0.8660254037844386,0.5000000000000001,0.29936312297335804,-0.9541392564000488,0.9749279121818236,-0.22252093395631434
0.009587746450276317,0.04155973250961256,-0.024506432556405035,0.05225073053704904,0.5003816646049074,0.7,0.6905606176219758,0.8660254037844386,0.5000000000000001,0.10116832198743272,-0.994869323391895,0.43388373911755823,-0.900968867902419
0.0189042268934043,0.0,0.05747650747177439,0.012646992519685568,-0.8762564490921493,0.7,0.6906055029399883,0.8660254037844386,0.5000000000000001,-0.10116832198743204,-0.9948693233918952,-0.433883739117558,-0.9009688679024191
0.02770253228414351,0.008810579340706302,0.024912296069574638,0.023071056620136435,0.36608677812107904,0.7,0.6906503882580008,0.8660254037844386,0.5000000000000001,-0.29936312297335776,-0.9541392564000489,-0.9749279121818236,-0.2225209339563146
0.0018198784076674348,0.0,0.0017558831836879507,-0.024868043407205727,-0.4945651028942104,0.7,0.6908299295300507,0.8660254037844386,0.5000000000000001,-0.8978045395707417,-0.44039415155763423,0.9749279121818236,-0.22252093395631434
-0.00913251856049572,-0.017699560667042254,-0.026668179253262637,-0.012669884140283657,-0.024491020008295755,0.7,0.6908748148480632,0.8660254037844386,0.5000000000000001,-0.9680771188662041,-0.2506525322587213,0.43388373911755823,-0.900968867902419
0.018182388447055203,0.05894256229642254,0.008968618586220238,0.06180260913744085,1.092163625141576,0.7,0.6909197001660757,0.8660254037844386,0.5000000000000001,-0.9987165071710528,-0.05064916883871355,-0.433883739117558,-0.9009688679024191
0.030170806586939925,0.0016820444936309455,0.05218578636444028,0.005123791375908726,-1.2182454636126545,0.7,0.6909645854840882,0.8660254037844386,0.5000000000000001,-0.9884683243281114,0.15142777750457667,-0.9749279121818236,-0.2225209339563146
0.015611792303279297,0.0067001864154418245,0.008438820425613164,0.0034013606514071942,0.1505728584793744,0.7,0.6910992414381256,0.8660254037844386,0.5000000000000001,-0.7247927872291207,0.6889669190756859,0.7818314824680298,0.6234898018587336
-0.008643046570974885,-0.02023675957259272,-0.015241561128309362,-0.006814330053874812,-0.6255890295486543,0.7,0.6911441267561381,0.8660254037844386,0.5000000000000001,-0.5712682150947924,0.8207634412072763,0.9749279121818236,-0.22252093395631434
-0.015748383248846084,-0.006837627068146496,-0.008569065357745216,-0.020726110886285586,-0.08381867188307147,0.7,0.6911890120741506,0.8660254037844386,0.5000000000000001,-0.3943558551133187,0.9189578116202306,0.43388373911755823,-0.900968867902419
-0.030441038956957656,-0.013817132466701782,-0.010380706205944744,-0.01583149221815387,0.3159667862903629,0.7,0.6912338973921631,1.0,6.123233995736766e-17,0.20129852008866006,0.9795299412524945,-0.433883739117558,-0.9009688679024191
0.0,-0.01754429277171819,-0.01754429277171819,-0.01069527911673112,0.08034912716421336,0.7,0.6912787827101755,1.0,6.123233995736766e-17,0.39435585511331855,0.9189578116202306,-0.9749279121818236,-0.2225209339563146
0.0018165724657501462,0.08966268165513623,0.0,-0.0017936779623585635,2.335137696031794,0.7,0.691413438664213,1.0,6.123233995736766e-17,0.8486442574947509,0.5289640103269624,0.7818314824680298,0.6234898018587336
0.007233297420809092,-0.04298178190927217,-0.014260477279429983,0.04218547625709297,-1.302371973161271,0.7,0.6914583239822255,1.0,6.123233995736766e-17,0.9377521321470804,0.3473052528448203,0.9749279121818236,-0.22252093395631434
0.03540189268427448,0.005054725717853446,0.04390520648031717,-0.006908483800825801,-0.2999737109633375,0.7,0.6915032093002379,1.0,6.123233995736766e-17,0.9884683243281114,0.1514277775045767,0.43388373911755823,-0.900968867902419
0.0,-0.00843882042561318,-0.006896572255120058,0.012058745753820932,-0.853797144712528,0.7,0.6915480946182504,1.0,6.123233995736766e-17,0.9987165071710528,-0.05064916883871264,-0.433883739117558,-0.9009688679024191
0.008658095628435286,0.003384094707759889,0.0034542314543865057,0.01360563881520608,-0.28629990222482926,0.7,0.6915929799362629,1.0,6.123233995736766e-17,0.9680771188662043,-0.2506525322587204,-0.9749279121818236,-0.2225209339563146
0.017094416637950666,0.013423007444649979,0.023851192569933087,0.005054725717853446,0.8273689425594887,0.7,0.6917276358903003,1.0,6.123233995736766e-17,0.6513724827222223,-0.758758122692791,0.7818314824680298,0.6234898018587336
0.015139006841054988,0.024692628097270908,0.0083822309090728,0.03143353291277555,0.2785828285966669,0.7,0.6917725212083128,1.0,6.123233995736766e-17,0.48530196253108104,-0.8743466161445821,0.9749279121818236,-0.22252093395631434
0.0,0.006482998615194865,0.031226869775976943,-0.006535964868773635,0.051658858273909994,0.7,0.6918174065263253,1.0,6.123233995736766e-17,0.29936312297335804,-0.9541392564000488,0.43388373911755823,-0.900968867902419
0.018197381628560088,0.0016141653468370847,-0.01139144865738877,0.0032733222794778514,-0.8467193240679141,0.7,0.6918622918443378,1.0,6.123233995736766e-17,0.10116832198743272,-0.994869323391895,-0.433883739117558,-0.9009688679024191
-0.024897568044001884,0.001611640800859403,-0.016502008404672783,-0.006557394395008837,0.78032723428102,0.7,0.6919071771623503,1.0,6.123233995736766e-17,-0.10116832198743204,-0.9948693233918952,-0.9749279121818236,-0.2225209339563146
-0.0101352125057436,-0.01787214654295686,0.0,-0.016584112277642674,-0.25184465098685943,0.7,0.6920418331163877,1.0,6.123233995736766e-17,-0.6513724827222217,-0.7587581226927913,0.7818314824680298,0.6234898018587336
0.0067682090661632015,-0.018197381628560116,-0.005004215478529079,-0.006711428144459117,-2.2536812860038764,0.7,0.6920867184344002,1.0,6.123233995736766e-17,-0.7907757369376986,-0.6121059825476627,0.9749279121818236,-0.22252093395631434
-0.0483686220241372,-0.01853459254342368,-0.023689748183887794,-0.035993608952273055,2.085107279215513,0.7,0.6921316037524127,1.0,6.123233995736766e-17,-0.8978045395707417,-0.44039415155763423,0.43388373911755823,-0.900968867902419
0.015803608419049087,0.0033955857023685687,-0.017271652511608816,0.013865026959849506,-0.12309372259362122,0.7,0.6921764890704251,1.0,6.123233995736766e-17,-0.9680771188662041,-0.2506525322587213,-0.433883739117558,-0.9009688679024191
0.01039877998110434,0.001693438523767318,0.015557816819370946,0.01027405332890365,-0.1702540873938371,0.7,0.6922213743884376,1.0,6.123233995736766e-17,-0.9987165071710528,-0.05064916883871355,-0.9749279121818236,-0.2225209339563146
-0.010398779981104425,0.016778981031203098,0.003424657665679008,-0.01199666390641306,0.39275845683904953,0.7,0.6923560303424751,1.0,6.123233995736766e-17,-0.8486442574947509,0.5289640103269624,0.7818314824680298,0.6234898018587336
0.0,-0.023570172286508245,-0.003424657665679023,-0.005185873223316394,-0.8154159654875868,0.7,0.6924009156604874,1.0,6.123233995736766e-17,-0.7247927872291207,0.6889669190756859,0.9749279121818236,-0.22252093395631434
0.0,0.0,-0.006884702279480628,-0.001734562770149022,-1.3691019605795178,0.7,0.6924458009785,1.0,6.123233995736766e-17,-0.5712682150947924,0.8207634412072763,0.43388373911755823,-0.900968867902419
-0.03186107248554842,-0.01199666390641306,-0.010416750941125924,-0.0139863119332428,1.8398278722690773,0.7,0.6924906862965124,1.0,6.123233995736766e-17,-0.3943558551133187,0.9189578116202306,-0.433883739117558,-0.9009688679024191
0.008952645362922224,0.0068728725305045495,-0.003496503706704725,-0.005295640473445273,-1.6166843209548676,0.7,0.692535571614525,1.0,6.123233995736766e-17,-0.20129852008866114,0.9795299412524943,-0.9749279121818236,-0.2225209339563146
0.02464911147529534,0.027028646259856202,0.0069808244606095774,0.03136142523842006,2.2860860936140104,0.7,0.6926702275685623,0.8660254037844387,-0.4999999999999998,0.39435585511331855,0.9189578116202306,0.7818314824680298,0.6234898018587336
0.017241790132380846,0.0016653174025607152,0.020654759534848455,0.030407799354654673,0.309168613342855,0.7,0.6927151128865748,0.8660254037844387,-0.4999999999999998,0.5712682150947923,0.8207634412072763,0.9749279121818236,-0.22252093395631434
0.005115136431636551,-0.0016653174025606412,0.02190485488394755,-0.011715643622988253,-0.8988054175331356,0.7,0.6927599982045873,0.8660254037844387,-0.4999999999999998,0.72479278722912,0.6889669190756866,0.43388373911755823,-0.900968867902419
-0.01715306238996867,-0.005012576967322016,-0.010050326220427584,-0.005063337408214932,-0.21072103131565253,0.7,0.6928048835225998,0.8660254037844387,-0.4999999999999998,0.8486442574947509,0.5289640103269624,-0.433883739117558,-0.9009688679024191
0.0,-0.005037749253105548,-0.011854528663519987,-0.018787855161718138,0.16642077241907272,0.7,0.6929844247946497,0.8660254037844387,-0.4999999999999998,0.9680771188662043,-0.2506525322587204,0.7818314824680298,0.6234898018587336
-0.028072075440861,-0.01355951663467844,-0.0017049879711584206,-0.020906747926708304,0.18984256418723813,0.7,0.6930293101126622,0.8660254037844387,-0.4999999999999998,0.8978045395707416,-0.4403941515576344,0.9749279121818236,-0.22252093395631434
0.014134497835800324,0.013559516634678477,-0.027683484994701784,0.027779620457212616,-0.7804205777266277,0.7,0.6930741954306747,0.8660254037844387,-0.4999999999999998,0.7907757369376989,-0.6121059825476626,0.43388373911755823,-0.900968867902419
0.01739180905944718,-0.015267498065987525,0.025975503563392698,0.0017108219734410053,-1.0258529343856815,0.7,0.6931190807486871,0.8660254037844387,-0.4999999999999998,0.6513724827222223,-0.758758122692791,-0.433883739117558,-0.9009688679024191
-0.00865809562843535,0.003412969402467417,-0.010309359945159682,-0.003424657665679023,2.3130563928613412,0.7,0.6931639660666996,0.8660254037844387,-0.4999999999999998,0.48530196253108104,-0.8743466161445821,-0.9749279121818236,-0.2225209339563146
-0.001740684352669165,-0.006837627068146496,0.0,-0.0017166960375329045,-0.8109302162163288,0.7,0.6932986220207371,0.8660254037844387,-0.4999999999999998,-0.10116832198743204,-0.9948693233918952,0.7818314824680298,0.6234898018587336
0.01039877998110434,-0.0017166960375329045,0.0017256654412142014,0.0,-2.6548056865833978,0.7,0.6933435073387495,0.8660254037844387,-0.4999999999999998,-0.29936312297335776,-0.9541392564000489,0.9749279121818236,-0.22252093395631434
0.011996663906413125,0.08399993286490083,0.013698830935582138,0.06324897004892986,4.448516375942715,0.7,0.693388392656762,0.8660254037844387,-0.4999999999999998,-0.4853019625310808,-0.8743466161445822,0.43388373911755823,-0.900968867902419
0.03843414120115285,0.01877987713305531,0.05781955448764013,0.0064308844141964675,-1.458355147438179,0.7,0.6934332779747745,0.8660254037844387,-0.4999999999999998,-0.6513724827222217,-0.7587581226927913,-0.433883739117558,-0.9009688679024191
0.0322609081276015,0.03653378145688586,0.011173327811945117,0.01904825264330729,0.9129331461793091,0.7,0.693478163292787,0.8660254037844387,-0.4999999999999998,-0.7907757369376986,-0.6121059825476627,-0.9749279121818236,-0.2225209339563146
-0.019231419980184485,-0.03808533369184327,0.021978885328564898,0.004705849150308774,-1.2327845015644816,0.7,0.6936128192468244,0.8660254037844387,-0.4999999999999998,-0.9987165071710528,-0.05064916883871355,0.7818314824680298,0.6234898018587336
-0.017959610340977972,0.01234582401175363,-0.0031104194157647582,0.007794301506256388,-0.0717439048588413,0.7,0.6936577045648369,0.8660254037844387,-0.4999999999999998,-0.9884683243281114,0.15142777750457667,0.9749279121818236,-0.22252093395631434
0.022802268736517955,-0.004611877564029088,0.006211194113952857,-0.029947085253116474,0.7493868988828214,0.7,0.6937025898828494,0.8660254037844387,-0.4999999999999998,-0.9377521321470804,0.3473052528448203,0.43388373911755823,-0.900968867902419
0.004819243613337211,-0.00618239421276712,-0.028259309810535004,0.031498637488073834,-0.6510759666392583,0.7,0.6937474752008619,0.8660254037844387,-0.4999999999999998,-0.8486442574947509,0.5289640103269624,-0.433883739117558,-0.9009688679024191
0.0063898681875254795,0.019954632506017107,0.014229437729384972,0.015384977530602565,-0.45145022134998775,0.7,0.6937923605188743,0.8660254037844387,-0.4999999999999998,-0.7247927872291207,0.6889669190756859,-0.9749279121818236,-0.2225209339563146
-0.009600140869238029,0.0015186379264741983,0.03395392005041082,-0.026296963472840232,1.050410186850232,0.7,0.6939270164729118,0.8660254037844387,-0.4999999999999998,-0.20129852008866114,0.9795299412524943,0.7818314824680298,0.6234898018587336
-0.017843077984553226,-0.03238525637472918,-0.03238525637472918,-0.023791779433229788,-0.587786664902119,0.7,0.6939719017909243,0.5000000000000003,-0.8660254037844385,0.20129852008866006,0.9795299412524945,0.9749279121818236,-0.22252093395631434
0.014622466252069415,-0.00786789119081751,-0.02539824227430477,0.0,-1.378914253822268,0.7,0.6940167871089367,0.5000000000000003,-0.8660254037844385,0.39435585511331855,0.9189578116202306,0.43388373911755823,-0.900968867902419
-0.01790115451006955,-0.004750560430467144,0.004811590728468525,-0.004827074573558838,1.0636960235618818,0.7,0.6940616724269492,0.5000000000000003,-0.8660254037844385,0.5712682150947923,0.8207634412072763,-0.433883739117558,-0.9009688679024191
-0.0016434233475588985,-0.020850813390258075,-0.012882613465706587,-0.008097163962031898,-0.5558159100256479,0.7,0.6941065577449617,0.5000000000000003,-0.8660254037844385,0.72479278722912,0.6889669190756866,-0.9749279121818236,-0.2225209339563146
-0.028358877830316848,-0.0032467529572777435,-0.0032467529572777435,-0.02469262809727078,-0.03603993648319693,0.7,0.694241213698999,0.5000000000000003,-0.8660254037844385,0.9884683243281114,0.1514277775045767,0.7818314824680298,0.6234898018587336
0.010101086661320448,-0.0016273769112919575,-0.029705205064592836,0.02143529938905644,0.5713423066757419,0.7,0.6942860990170115,0.5000000000000003,-0.8660254037844385,0.9987165071710528,-0.05064916883871264,0.9749279121818236,-0.22252093395631434
-0.003355704759474624,-0.0016299517969224507,-0.003355704759474624,-0.00819008518738213,0.2667388986065377,0.7,0.694330984335024,0.5000000000000003,-0.8660254037844385,0.9680771188662043,-0.2506525322587204,0.43388373911755823,-0.900968867902419
-0.011834406127981876,0.008123475075565907,0.01666711606791502,-0.021613495928470942,0.2071432099677687,0.7,0.6943758696530365,0.5000000000000003,-0.8660254037844385,0.8978045395707416,-0.4403941515576344,-0.433883739117558,-0.9009688679024191
-0.039901219335735615,-0.03457135143194422,-0.02172184178576828,-0.04292504612301115,-0.21111935834740803,0.7,0.694420754971049,0.5000000000000003,-0.8660254037844385,0.7907757369376989,-0.6121059825476626,-0.9749279121818236,-0.2225209339563146
-0.03603998835961145,-0.044527861912083404,-0.03611743143475544,-0.014134497835800392,0.1444279838487359,0.7,0.6945554109250864,0.5000000000000003,-0.8660254037844385,0.29936312297335804,-0.9541392564000488,0.7818314824680298,0.6234898018587336
0.02715100703327549,0.0276355839954578,-0.010563468311108748,0.022868211266812172,-0.9249487946172696,0.7,0.6946002962430989,0.5000000000000003,-0.8660254037844385,0.10116832198743272,-0.994869323391895,0.9749279121818236,-0.22252093395631434
0.0017841626227588217,-0.0034129694024675563,0.02447672295893938,-0.01754429277171819,0.12260232209233228,0.7,0.6946451815611114,0.5000000000000003,-0.8660254037844385,-0.10116832198743204,-0.9948693233918952,0.43388373911755823,-0.900968867902419
-0.012556249460506423,-0.017241790132380867,-0.006932430187221161,0.005295640473445323,0.8560506514967984,0.7,0.6946900668791239,0.5000000000000003,-0.8660254037844385,-0.29936312297335776,-0.9541392564000489,-0.433883739117558,-0.9009688679024191
-0.0405211582527287,-0.01931581297205857,-0.04445176257083381,-0.03767262443328526,1.491654876777717,0.7,0.6947349521971363,0.5000000000000003,-0.8660254037844385,-0.4853019625310808,-0.8743466161445822,-0.9749279121818236,-0.2225209339563146
0.005623207461498323,-0.023319377133025086,-0.02765154915619833,-0.0036630043997713676,-0.9556585146651747,0.7,0.6948696081511738,0.5000000000000003,-0.8660254037844385,-0.8978045395707417,-0.44039415155763423,0.7818314824680298,0.6234898018587336
0.011152521571377236,0.023319377133025003,0.011152521571377236,0.009132518560495809,-0.9968912751600374,0.7,0.6949144934691863,0.5000000000000003,-0.8660254037844385,-0.9680771188662041,-0.2506525322587213,0.9749279121818236,-0.22252093395631434
-0.0037037045034599898,-0.021506185003538344,0.009199732089834534,0.0,-0.12102663240222566,0.7,0.6949593787871987,0.5000000000000003,-0.8660254037844385,-0.9987165071710528,-0.05064916883871355,0.43388373911755823,-0.900968867902419
0.007393742182186402,-0.0036297645952370152,0.007299295494986573,0.0,-1.4781019103730135,0.7,0.6950042641052112,0.5000000000000003,-0.8660254037844385,-0.9884683243281114,0.15142777750457667,-0.433883739117558,-0.9009688679024191
-0.01484255925010347,0.0,-0.00546951416072432,-0.0018198784076672984,2.09848973665053,0.7,0.6950491494232237,0.5000000000000003,-0.8660254037844385,-0.9377521321470804,0.3473052528448203,-0.9749279121818236,-0.2225209339563146
0.009302428148637255,0.0,0.005469514160724344,0.0,-0.20522332108063904,0.7,0.6952286906952736,0.5000000000000003,-0.8660254037844385,-0.3943558551133187,0.9189578116202306,0.9749279121818236,-0.22252093395631434
-0.028170894627331616,-0.0036429877979378762,-0.04652001563489282,-0.0018231093902705716,-0.7047977977799206,0.7,0.6952735760132861,0.5000000000000003,-0.8660254037844385,-0.20129852008866114,0.9795299412524943,0.43388373911755823,-0.900968867902419
0.028170894627331584,0.0018231093902706256,0.035550994782785575,-0.00916600210815699,-0.39768296766610944,0.7,0.6953184613312986,0.5000000000000003,-0.8660254037844385,-2.4492935982947064e-16,1.0,-0.433883739117558,-0.9009688679024191
-0.007434971238749889,0.005449643002904319,-0.01481507139420387,0.014625562371845103,1.6593348835787234,0.7,0.6953633466493111,1.2246467991473532e-16,-1.0,0.20129852008866006,0.9795299412524945,-0.9749279121818236,-0.2225209339563146
0.011131829535814371,-0.0036297645952370152,0.022141104448373364,-0.001816572465750154,-0.23875144898020073,0.7,0.6954980026033485,1.2246467991473532e-16,-1.0,0.72479278722912,0.6889669190756866,0.7818314824680298,0.6234898018587336
-0.0036968582970643505,0.005439761235844491,0.0018231093902706256,0.0036297645952369758,-0.39429180751003917,0.7,0.695542887921361,1.2246467991473532e-16,-1.0,0.8486442574947509,0.5289640103269624,0.9749279121818236,-0.22252093395631434
-0.018692114685078528,0.056253791467370244,0.0018198784076674348,0.04255965761056673,0.69522834676377,0.7,0.6955877732393735,1.2246467991473532e-16,-1.0,0.9377521321470804,0.3473052528448203,0.43388373911755823,-0.900968867902419
0.04968822821232538,-0.010309359945159682,0.051384192758054975,-0.01751364918812901,-2.115424259559342,0.7,0.6956326585573859,1.2246467991473532e-16,-1.0,0.9884683243281114,0.1514277775045767,-0.433883739117558,-0.9009688679024191
-0.003597122633126276,0.018820082079164944,-0.020943153801097306,0.020979853727208023,1.057550801870336,0.7,0.6956775438753984,1.2246467991473532e-16,-1.0,0.9987165071710528,-0.05064916883871264,-0.9749279121818236,-0.2225209339563146
0.026668179253262533,-0.017094416637950714,0.019214587787924984,0.0017285660131724798,-0.3906059937044145,0.7,0.6958121998294359,1.2246467991473532e-16,-1.0,0.7907757369376989,-0.6121059825476626,0.7818314824680298,0.6234898018587336
0.0035026273336773027,0.025533237063563998,0.006896572255120114,0.027258902504778013,1.6877091404592548,0.7,0.6958570851474483,1.2246467991473532e-16,-1.0,0.6513724827222223,-0.758758122692791,0.9749279121818236,-0.22252093395631434
0.005231086097334672,-0.006745381901845846,0.01534551436098458,-0.011834406127981876,-1.9962563513749974,0.7,0.6959019704654608,1.2246467991473532e-16,-1.0,0.48530196253108104,-0.8743466161445821,0.43388373911755823,-0.900968867902419
-0.01754429277171819,-0.01191498263121367,-0.01191498263121367,-0.01715306238996867,2.304991833024611,0.7,0.6959468557834733,1.2246467991473532e-16,-1.0,0.29936312297335804,-0.9541392564000488,-0.433883739117558,-0.9009688679024191
0.017544292771718168,0.005123791375908726,-0.003430531729770814,0.01545089536079948,-1.3077320386167886,0.7,0.6959917411014858,1.2246467991473532e-16,-1.0,0.10116832198743272,-0.994869323391895,-0.9749279121818236,-0.2225209339563146
-0.0157759895531592,0.013536573157150787,0.01365207583721704,0.005097752731537606,0.39504059077228026,0.7,0.6961263970555231,1.2246467991473532e-16,-1.0,-0.4853019625310808,-0.8743466161445822,0.7818314824680298,0.6234898018587336
0.027876425982328104,0.013355858031922933,0.013468204076441457,0.008438820425613164,-0.09411329157047876,0.7,0.6961712823735356,1.2246467991473532e-16,-1.0,-0.6513724827222217,-0.7587581226927913,0.9749279121818236,-0.22252093395631434
0.006849335134521119,-0.004987576305126313,-0.016863789778810017,-0.00843882042561318,0.3232270098711923,0.7,0.6962161676915481,1.2246467991473532e-16,-1.0,-0.7907757369376986,-0.6121059825476627,0.43388373911755823,-0.900968867902419
-0.024180857661024607,-0.008368281726796628,-0.02758801266135205,-0.006802740702696069,-1.127599825541362,0.7,0.6962610530095606,1.2246467991473532e-16,-1.0,-0.8978045395707417,-0.44039415155763423,-0.433883739117558,-0.9009688679024191
0.008703308502453537,-0.011834406127981876,0.013889181725769988,0.0034071550003274003,1.1809148843090835,0.7,0.6963059383275731,1.2246467991473532e-16,-1.0,-0.9680771188662041,-0.2506525322587213,-0.9749279121818236,-0.2225209339563146
-0.04792398497595275,-0.008539794097315635,0.0034423408007335458,-0.04700603803931285,-1.0246655678249041,0.7,0.6964405942816105,1.2246467991473532e-16,-1.0,-0.9377521321470804,0.3473052528448203,0.7818314824680298,0.6234898018587336
-0.0036429877979378762,-0.03490752479737843,-0.03496864769598118,-0.008952645362922272,-0.2247171157616402,0.7,0.696485479599623,1.2246467991473532e-16,-1.0,-0.8486442574947509,0.5289640103269624,0.9749279121818236,-0.22252093395631434
-0.01655974429034332,0.0,-0.01073354557140537,-0.009033433266866115,-0.526698972922281,0.7,0.6965303649176355,1.2246467991473532e-16,-1.0,-0.7247927872291207,0.6889669190756859,0.43388373911755823,-0.900968867902419
-0.03396549706299273,-0.016114968605125155,-0.042246874107349494,-0.05215338298040581,1.6383492559285204,0.7,0.6965752502356479,1.2246467991473532e-16,-1.0,-0.5712682150947924,0.8207634412072763,-0.433883739117558,-0.9009688679024191
-0.0019212741795517096,-0.014545697130018563,-0.017029769210481896,0.011406956935290485,0.4477368284699841,0.7,0.6966201355536604,1.2246467991473532e-16,-1.0,-0.3943558551133187,0.9189578116202306,-0.9749279121818236,-0.2225209339563146
-0.05331963567275335,-0.022223115196824315,0.009496784005849792,-0.011406956935290386,-0.7510850176661644,0.7,0.6967547915076979,-0.4999999999999997,-0.8660254037844388,0.39435585511331855,0.9189578116202306,0.7818314824680298,0.6234898018587336
0.07047928542421374,-0.0075188250008288715,0.0018886178867254765,0.01329557482201584,-2.6567569067146595,0.7,0.6967996768257103,-0.4999999999999997,-0.8660254037844388,0.5712682150947923,0.8207634412072763,0.9749279121818236,-0.22252093395631434
-0.009496784005849865,0.018692114685078528,-0.00947877994225316,-0.00947877994225316,1.208960345836975,0.7,0.6968894474617353,-0.4999999999999997,-0.8660254037844388,0.8486442574947509,0.5289640103269624,-0.433883739117558,-0.9009688679024191
-0.036933173596662545,-0.026267900967589467,0.0,-0.02507365990385799,0.47743860773325364,0.7,0.6969343327797478,-0.4999999999999997,-0.8660254037844388,0.9377521321470804,0.3473052528448203,-0.9749279121818236,-0.2225209339563146
0.009852239974235948,0.009460754214591941,-0.028987555572748902,0.00971828657771271,0.31508104663989545,0.7,0.6970689887337852,-0.4999999999999997,-0.8660254037844388,0.9680771188662043,-0.2506525322587204,0.7818314824680298,0.6234898018587336
0.003913895668890902,-0.011363747874334036,0.028987555572748822,0.011538578446382624,0.1267517056391438,0.7,0.6971138740517977,-0.4999999999999997,-0.8660254037844388,0.8978045395707416,-0.4403941515576344,0.9749279121818236,-0.22252093395631434
0.001951264791174795,0.0,0.0,0.0,-1.9050881545350582,0.7,0.6971587593698102,-0.4999999999999997,-0.8660254037844388,0.7907757369376989,-0.6121059825476626,0.43388373911755823,-0.900968867902419
0.005830868431325343,0.024460318841706526,-0.017291526681358086,0.02827711372146931,2.192770226986839,0.7,0.6972036446878227,-0.4999999999999997,-0.8660254037844388,0.6513724827222223,-0.758758122692791,-0.433883739117558,-0.9009688679024191
0.0019361533552127088,-0.005591852363012085,0.01919452034110026,-0.014981538899453343,-0.81652620172045,0.7,0.6972485300058351,-0.4999999999999997,-0.8660254037844388,0.48530196253108104,-0.8743466161445821,-0.9749279121818236,-0.2225209339563146
0.005785885630212574,0.0018674569098872174,-0.0019029936597422328,-0.019048267638185925,-0.03077165866675366,0.7,0.6973831859598726,-0.4999999999999997,-0.8660254037844388,-0.10116832198743204,-0.9948693233918952,0.7818314824680298,0.6234898018587336
-0.0019248807046657911,-0.024552718268344497,-0.003816794879762787,0.003838772793776592,1.030363188134003,0.7,0.6974280712778851,-0.4999999999999997,-0.8660254037844388,-0.29936312297335776,-0.9541392564000489,0.9749279121818236,-0.22252093395631434
0.01149436840059853,0.02081439982284476,0.003816794879762768,0.00953299723263739,-0.3907046925250438,0.7,0.6974729565958975,-0.4999999999999997,-0.8660254037844388,-0.4853019625310808,-0.8743466161445822,0.43388373911755823,-0.900968867902419
-0.02507365990385799,-0.013195322612600865,-0.003816794879762787,-0.017225335801884345,0.4554755286828257,0.7,0.69751784191391,-0.4999999999999997,-0.8660254037844388,-0.6513724827222217,-0.7587581226927913,-0.433883739117558,-0.9009688679024191
-0.023716504265574045,-0.005708904280803422,-0.0076775735208357695,0.0019286850708047437,-2.7150432365931807,0.7,0.6975627272319225,-0.4999999999999997,-0.8660254037844388,-0.7907757369376986,-0.6121059825476627,-0.9749279121818236,-0.2225209339563146
0.0,-0.0076628657456105625,-0.021422461631036626,-0.007736975009341296,0.7444404749474958,0.7,0.6976973831859599,-0.4999999999999997,-0.8660254037844388,-0.9987165071710528,-0.05064916883871355,0.7818314824680298,0.6234898018587336
-0.04082195478382607,0.0,0.021422461631036536,0.0,0.6549259677397475,0.7,0.6977422685039724,-0.4999999999999997,-0.8660254037844388,-0.9884683243281114,0.15142777750457667,0.9749279121818236,-0.22252093395631434
0.0041580060266276225,0.0,-0.001928685070804626,-0.0058423164939181696,1.2091541630679337,0.7,0.6977871538219849,-0.4999999999999997,-0.8660254037844388,-0.9377521321470804,0.3473052528448203,0.43388373911755823,-0.900968867902419
0.018499947052563474,0.0,0.0038535657754703166,-0.041880505970209154,-0.7166776779701395,0.7,0.6978320391399974,-0.4999999999999997,-0.8660254037844388,-0.8486442574947509,0.5289640103269624,-0.433883739117558,-0.9009688679024191
-0.0061286674134019845,-0.0019248807046657911,-0.06351334559153629,0.018164001704635117,2.2378349092458842,0.7,0.6978769244580099,-0.4999999999999997,-0.8660254037844388,-0.7247927872291207,0.6889669190756859,-0.9749279121818236,-0.2225209339563146
0.010193709918782925,-0.021422461631036626,0.028284686588075175,0.005982113388948107,-2.6796676615249235,0.7,0.6980115804120473,-0.4999999999999997,-0.8660254037844388,-0.20129852008866114,0.9795299412524943,0.7818314824680298,0.6234898018587336
-0.020492501366212862,-0.013875285790127699,-0.008000035037559684,-0.005982113388948155,0.8419928081575104,0.7,0.6980564657300597,-0.4999999999999997,-0.8660254037844388,-2.4492935982947064e-16,1.0,0.9749279121818236,-0.22252093395631434
-0.0188093644489565,0.009930511209213518,-0.012121348855462816,-0.032523160179136874,-0.5543107357057294,0.7,0.6981013510480722,-0.8660254037844385,-0.5000000000000004,0.20129852008866006,0.9795299412524945,0.43388373911755823,-0.900968867902419
-0.01916984731128699,-0.015936577124404123,-0.016393793756152603,-0.010384348796017056,0.3548213752894094,0.7,0.6981462363660847,-0.8660254037844385,-0.5000000000000004,0.39435585511331855,0.9189578116202306,-0.433883739117558,-0.9009688679024191
-0.03501458933013823,-0.03889949140763246,-0.031482157596251274,-0.010493316039269613,0.49643688631389105,0.7,0.6981911216840971,-0.8660254037844385,-0.5000000000000004,0.5712682150947923,0.8207634412072763,-0.9749279121818236,-0.2225209339563146
0.04783526534921958,0.008316048409686833,0.021097808800234128,0.004210628908069916,-1.7267269989572005,0.7,0.6983257776381346,-0.8660254037844385,-0.5000000000000004,0.9377521321470804,0.3473052528448203,0.7818314824680298,0.6234898018587336
-0.06128837082017432,0.0041322334173704315,-0.0062826871311996635,-0.019088628309907686,3.208151861505225,0.7,0.6983706629561471,-0.8660254037844385,-0.5000000000000004,0.9884683243281114,0.1514277775045767,0.9749279121818236,-0.22252093395631434
0.050615870086074335,0.030459227148096665,-0.02123230093437536,0.04807613656148289,-1.2279169699088373,0.7,0.6984155482741595,-0.8660254037844385,-0.5000000000000004,0.9987165071710528,-0.05064916883871264,0.43388373911755823,-0.900968867902419
0.021232300934375337,-0.020202687854778488,0.03789933686159208,-0.006141310983985549,-0.43978985064923903,0.7,0.698460433592172,-0.8660254037844385,-0.5000000000000004,0.9680771188662043,-0.2506525322587204,-0.433883739117558,-0.9009688679024191
-0.0021030982811969913,0.0,0.012320472324358381,0.0020513297207268607,-0.7932306391169278,0.7,0.6985053189101845,-0.8660254037844385,-0.5000000000000004,0.8978045395707416,-0.4403941515576344,-0.9749279121818236,-0.2225209339563146
0.02083406723945392,0.016194670287257,-0.010256539293318228,0.012220099466856656,1.7668914026500415,0.7,0.6986399748642219,-0.8660254037844385,-0.5000000000000004,0.48530196253108104,-0.8743466161445821,0.7818314824680298,0.6234898018587336
0.0020597800984979817,0.021847965673826672,0.026451209580575143,-0.006091432053454704,-0.4918226766403753,0.7,0.6986848601822344,-0.8660254037844385,-0.5000000000000004,0.29936312297335804,-0.9541392564000488,0.9749279121818236,-0.22252093395631434
0.0243914294820772,0.04607336332328652,0.0,0.04383177076138379,0.2207878376217507,0.7,0.6987297455002469,-0.8660254037844385,-0.5000000000000004,0.10116832198743272,-0.994869323391895,0.43388373911755823,-0.900968867902419
0.03356683832701367,-0.024692634956092457,0.041303813336354925,0.01162802671208485,-1.3312345839368633,0.7,0.6987746308182594,-0.8660254037844385,-0.5000000000000004,-0.10116832198743204,-0.9948693233918952,-0.433883739117558,-0.9009688679024191
-0.009756212162808945,0.024692634956092363,-0.005797158280759501,0.019084530456126167,0.6705728585214062,0.7,0.6988195161362719,-0.8660254037844385,-0.5000000000000004,-0.29936312297335776,-0.9541392564000489,-0.9749279121818236,-0.2225209339563146
0.019418067876816054,0.013047747367172013,0.03428913162444016,0.011278304423166925,0.07051378432765813,0.7,0.6989541720903093,-0.8660254037844385,-0.5000000000000004,-0.7907757369376986,-0.6121059825476627,0.7818314824680298,0.6234898018587336
0.013371770026413925,0.0128796068468369,0.00931967860352949,0.022182034995474092,0.13512586545768013,0.7,0.6989990574083218,-0.8660254037844385,-0.5000000000000004,-0.8978045395707417,-0.44039415155763423,0.9749279121818236,-0.22252093395631434
0.0,0.0756737889979443,0.0,0.0756737889979443,-0.8762125083067446,0.7,0.6990439427263343,-0.8660254037844385,-0.5000000000000004,-0.9680771188662041,-0.2506525322587213,0.43388373911755823,-0.900968867902419
0.005676497611771969,-0.053973052612056184,0.03643395431344481,-0.09040700692550108,0.6886729001650242,0.7,0.6990888280443467,-0.8660254037844385,-0.5000000000000004,-0.9987165071710528,-0.05064916883871355,-0.433883739117558,-0.9009688679024191
0.0,-0.030883484935660545,-0.05327245791780332,-0.0018569647049051453,-0.941263652805535,0.7,0.6991337133623592,-0.8660254037844385,-0.5000000000000004,-0.9884683243281114,0.15142777750457667,-0.9749279121818236,-0.2225209339563146
0.013121030663829705,0.011009274912558846,0.02790871713214382,0.011090675941079061,0.8122065405759334,0.7,0.6992683693163967,-0.8660254037844385,-0.5000000000000004,-0.7247927872291207,0.6889669190756859,0.7818314824680298,0.6234898018587336
0.0055710840212487844,0.01987421002310156,0.0,0.016408782087951795,-0.052367985517315925,0.7,0.6993132546344091,-0.8660254037844385,-0.5000000000000004,-0.5712682150947924,0.8207634412072763,0.9749279121818236,-0.22252093395631434
0.00738010015545396,-0.0017905517431194655,0.019982524293111953,0.0,-0.29849298855599654,0.7,0.6993581399524216,-0.8660254037844385,-0.5000000000000004,-0.3943558551133187,0.9189578116202306,0.43388373911755823,-0.900968867902419
-0.018553389839703473,-0.010810905886807262,-0.007220241137379281,-0.007259639643511909,0.8316480887200759,0.7,0.6994030252704341,-0.8660254037844385,-0.5000000000000004,-0.20129852008866114,0.9795299412524943,-0.433883739117558,-0.9009688679024191
0.014870147981314023,0.014388723877542623,0.0,0.016260548889711478,-2.4266972637020765,0.7,0.6994479105884466,-0.8660254037844385,-0.5000000000000004,-2.4492935982947064e-16,1.0,-0.9749279121818236,-0.2225209339563146
0.005519744150000967,0.017699560667042275,0.02504600842243766,0.02127737865777787,1.7615456906315583,0.7,0.6996274518604965,-1.0,-1.8369701987210297e-16,0.72479278722912,0.6889669190756866,0.9749279121818236,-0.22252093395631434
0.018182388447055203,0.0017528889704023273,0.0087951650925496,-0.005277010182864334,-1.9582559848776127,0.7,0.699672337178509,-1.0,-1.8369701987210297e-16,0.8486442574947509,0.5289640103269624,0.43388373911755823,-0.900968867902419
0.0,0.015638920089044862,-0.014109567870067096,0.022668819242311372,1.9207515894191585,0.7,0.6997172224965215,-1.0,-1.8369701987210297e-16,0.9377521321470804,0.3473052528448203,-0.433883739117558,-0.9009688679024191
0.010752781208979089,0.0068728725305045495,0.02974848795911187,-0.003454231454386554,-0.7795796863322527,0.7,0.699762107814534,-1.0,-1.8369701987210297e-16,0.9884683243281114,0.1514277775045767,-0.9749279121818236,-0.2225209339563146
0.01591539804428352,0.0,-0.013889181725769854,0.0034542314543865057,0.377294231141468,0.7,0.6998967637685714,-1.0,-1.8369701987210297e-16,0.8978045395707416,-0.4403941515576344,0.7818314824680298,0.6234898018587336
-0.005277010182864334,-0.00859853797171859,0.005231086097334672,-0.010398779981104425,0.30888428010238395,0.7,0.6999416490865839,-1.0,-1.8369701987210297e-16,0.7907757369376989,-0.6121059825476626,0.9749279121818236,-0.22252093395631434
-0.0035335691578420145,0.008598537971718516,-0.014010723613876197,0.008673114539890201,0.2189389200321779,0.7,0.6999865344045964,-1.0,-1.8369701987210297e-16,0.6513724827222223,-0.758758122692791,0.43388373911755823,-0.900968867902419
0.010563468311108654,0.0484639456489125,0.007029899153266697,0.038954971155896134,1.405766464532711,0.7,0.7000314197226087,-1.0,-1.8369701987210297e-16,0.48530196253108104,-0.8743466161445821,-0.433883739117558,-0.9009688679024191
0.0276355839954578,0.03997334667703485,0.0660697251966107,0.02623098754030083,-0.5665266654752698,0.7,0.7000763050406212,-1.0,-1.8369701987210297e-16,0.29936312297335804,-0.9541392564000488,-0.9749279121818236,-0.2225209339563146
-0.01718253712972952,-0.022187969592592102,0.013029488147417018,0.003231017594680675,-0.5916777203950857,0.7,0.7002109609946587,-1.0,-1.8369701987210297e-16,-0.29936312297335776,-0.9541392564000489,0.7818314824680298,0.6234898018587336
0.0051858732233163955,-0.0032102726817125823,-0.06346029325498286,0.0,-1.4781019103730135,0.7,0.7002558463126711,-1.0,-1.8369701987210297e-16,-0.4853019625310808,-0.8743466161445822,0.9749279121818236,-0.22252093395631434
0.025533237063563998,-0.016207795195103483,0.053704127387043735,-0.037802369026624864,-0.059423420470800764,0.7,0.7003007316306836,-1.0,-1.8369701987210297e-16,-0.6513724827222217,-0.7587581226927913,0.43388373911755823,-0.900968867902419
0.0067001864154418245,0.012987183462619612,-0.0049139710474499255,0.008340363891643427,1.791759469228055,0.7,0.7003456169486961,-1.0,-1.8369701987210297e-16,-0.7907757369376986,-0.6121059825476627,-0.433883739117558,-0.9009688679024191
0.009966929652473033,0.0,0.013050743505315385,0.004971047416796766,-2.187072205872201,0.7,0.7003905022667086,-1.0,-1.8369701987210297e-16,-0.8978045395707417,-0.44039415155763423,-0.9749279121818236,-0.2225209339563146
-0.0066335169385576855,-0.009724540873323924,-0.02627406365198791,0.004946379860555984,-1.0116009116784799,0.7,0.700525158220746,-1.0,-1.8369701987210297e-16,-0.9884683243281114,0.15142777750457667,0.7818314824680298,0.6234898018587336
0.01813729119412244,0.001627376911291969,0.023027310694710253,0.0065573943950087855,1.55814461804655,0.7,0.7005700435387585,-1.0,-1.8369701987210297e-16,-0.9377521321470804,0.3473052528448203,0.9749279121818236,-0.22252093395631434
-0.019802608596683105,0.0,-0.0016273769112919575,0.0,0.7018808605286999,0.7,0.700614928856771,-1.0,-1.8369701987210297e-16,-0.8486442574947509,0.5289640103269624,0.43388373911755823,-0.900968867902419
-0.05833560397195511,-0.006525302290037473,-0.03143353291277557,-0.011503774255564836,1.5503338730763963,0.7,0.7006598141747835,-1.0,-1.8369701987210297e-16,-0.7247927872291207,0.6889669190756859,-0.433883739117558,-0.9009688679024191
0.0175136491881291,-0.004922111605559075,-0.03245367305702944,0.004946379860555984,0.0746349813885809,0.7,0.7007046994927959,-1.0,-1.8369701987210297e-16,-0.5712682150947924,0.8207634412072763,-0.9749279121818236,-0.2225209339563146
0.08164394930408118,0.11485481359593094,0.08164394930408118,0.09710281449930071,0.022016130564375062,0.7,0.7008393554468334,-0.866025403784439,0.49999999999999933,0.20129852008866006,0.9795299412524945,0.7818314824680298,0.6234898018587336
0.08874319866397198,0.11484616327911511,0.08874319866397198,0.08713576800496092,0.4822813820606922,0.7,0.7008842407648459,-0.866025403784439,0.49999999999999933,0.39435585511331855,0.9189578116202306,0.9749279121818236,-0.22252093395631434
0.02601307128497735,-0.055084485520664035,0.05829651237182911,-0.016552086242696405,-0.9183611259884635,0.7,0.7009291260828583,-0.866025403784439,0.49999999999999933,0.5712682150947923,0.8207634412072763,0.43388373911755823,-0.900968867902419
0.01977463634675922,0.09982036689572471,-0.005540175253055251,0.07371047833904425,0.7436629706968471,0.7,0.7009740114008708,-0.866025403784439,0.49999999999999933,0.72479278722912,0.6889669190756866,-0.433883739117558,-0.9009688679024191
0.047790650498246136,-0.010050326220427584,0.08897704835684299,-0.01562530335027711,-0.7646061445420903,0.7,0.7010188967188833,-0.866025403784439,0.49999999999999933,0.8486442574947509,0.5289640103269624,-0.9749279121818236,-0.2225209339563146
-0.022927515052155564,-0.01655036047366712,-0.025741422561674915,-0.011881285005265156,-0.6266264982183829,0.7,0.7011535526729208,-0.866025403784439,0.49999999999999933,0.9987165071710528,-0.05064916883871264,0.7818314824680298,0.6234898018587336
-0.023465545828713075,-0.02864776485984816,-0.06880666566482802,-0.020121415555515967,-0.4407332469456223,0.7,0.7011984379909332,-0.866025403784439,0.49999999999999933,0.9680771188662043,-0.2506525322587204,0.9749279121818236,-0.22252093395631434
-0.012649455472663674,-0.015979083336420338,0.01799358112638983,-0.0372713915257339,0.2972515234679317,0.7,0.7012433233089457,-0.866025403784439,0.49999999999999933,0.8978045395707416,-0.4403941515576344,0.43388373911755823,-0.900968867902419
-0.008522770491473028,0.03040551801836605,-0.03489537603643888,0.026372111688861957,0.26893602963072555,0.7,0.7012882086269582,-0.866025403784439,0.49999999999999933,0.7907757369376989,-0.6121059825476626,-0.433883739117558,-0.9009688679024191
0.051435920422021095,0.029508237681219133,0.07258492537454622,0.08025338820664926,1.1073079956356635,0.7,0.7013330939449707,-0.866025403784439,0.49999999999999933,0.6513724827222223,-0.758758122692791,-0.9749279121818236,-0.2225209339563146
0.06173986552631902,0.039658196578573675,0.05524845155394275,0.028662459702632707,0.8741451104233916,0.7,0.7014677498990081,-0.866025403784439,0.49999999999999933,0.10116832198743272,-0.994869323391895,0.7818314824680298,0.6234898018587336
0.006349251899202967,0.0,0.018576338766832897,-0.006161472259993697,-1.9684377379469848,0.7,0.7015126352170206,-0.866025403784439,0.49999999999999933,-0.10116832198743204,-0.9948693233918952,0.9749279121818236,-0.22252093395631434
0.0,-0.0159218502942117,-0.01607940149048273,-0.016199745283071963,-0.15847034097177473,0.7,0.7015575205350331,-0.866025403784439,0.49999999999999933,-0.29936312297335776,-0.9541392564000489,0.43388373911755823,-0.900968867902419
0.007566233103822359,0.043485069353810434,-0.0024969372763501614,0.041826533134031174,1.507438744478979,0.7,0.7016024058530456,-0.866025403784439,0.49999999999999933,-0.4853019625310808,-0.8743466161445822,-0.433883739117558,-0.9009688679024191
0.01000007379760166,0.00471698536904043,0.06062462181643484,-0.028102093316881224,-0.5731295071021456,0.7,0.701647291171058,-0.866025403784439,0.49999999999999933,-0.6513724827222217,-0.7587581226927913,-0.9749279121818236,-0.2225209339563146
-0.01756630690142411,-0.0420482830496019,-0.05191271903049596,0.007407493170317986,-0.11332868530700312,0.7,0.7017819471250955,-0.866025403784439,0.49999999999999933,-0.9680771188662041,-0.2506525322587213,0.7818314824680298,0.6234898018587336
-0.01017819503600033,0.03851265974371735,-0.004968949761003972,0.040969602554293466,0.04984780572756752,0.7,0.701826832443108,-0.866025403784439,0.49999999999999933,-0.9987165071710528,-0.05064916883871355,0.9749279121818236,-0.22252093395631434
0.06077508285394441,0.032523160179136756,0.08586920566475226,-0.004733731975462489,-0.633642449360149,0.7,0.7018717177611203,-0.866025403784439,0.49999999999999933,-0.9884683243281114,0.15142777750457667,0.43388373911755823,-0.900968867902419
0.0012025587905885667,-0.028987536873252298,-0.0420131389699378,-0.013134590061588534,-0.2473382799012667,0.7,0.7019166030791328,-0.866025403784439,0.49999999999999933,-0.9377521321470804,0.3473052528448203,-0.433883739117558,-0.9009688679024191
-0.03547772344856432,-0.02381062571361482,-0.025348373477377468,-0.012091976599990659,0.6541305282174936,0.7,0.7019614883971453,-0.866025403784439,0.49999999999999933,-0.8486442574947509,0.5289640103269624,-0.9749279121818236,-0.2225209339563146
0.02094963630508724,0.015541270432267737,0.008521012424381906,0.025226566661579138,0.007926065272420723,0.7,0.7021859149872077,-0.866025403784439,0.49999999999999933,-2.4492935982947064e-16,1.0,0.43388373911755823,-0.900968867902419
0.0,-0.003565147778719474,-0.0036429587932451032,-0.007142937386289971,-0.36801722054266683,0.7,0.7022308003052202,-0.5000000000000012,0.8660254037844379,0.20129852008866006,0.9795299412524945,-0.433883739117558,-0.9009688679024191
-0.0024419430876502345,-0.005970075888443939,-0.002436110543486594,-0.008398333045977768,-0.13407472325456912,0.7,0.7022756856232327,-0.5000000000000012,0.8660254037844379,0.39435585511331855,0.9189578116202306,-0.9749279121818236,-0.2225209339563146
0.010942376465708847,0.01780457894851043,0.018127453537902183,0.00240668037067911,1.4309351417425111,0.7,0.7024103415772701,-0.5000000000000012,0.8660254037844379,0.8486442574947509,0.5289640103269624,0.7818314824680298,0.6234898018587336
-0.0024213640413270404,0.011696084120135192,-0.0060060467651042275,0.005991652675298541,-0.30657035697198665,0.7,0.7024552268952826,-0.5000000000000012,0.8660254037844379,0.9377521321470804,0.3473052528448203,0.9749279121818236,-0.22252093395631434
-0.023299591766428863,-0.023530587180201755,-0.00604233743606632,0.0035777896075703634,-0.6516474496531924,0.7,0.7025001122132951,-0.5000000000000012,0.8660254037844379,0.9884683243281114,0.1514277775045767,0.43388373911755823,-0.900968867902419
0.02572095580775591,0.0,0.004836764199049123,-0.015597096048287563,-1.4919560362439293,0.7,0.7025449975313075,-0.5000000000000012,0.8660254037844379,0.9987165071710528,-0.05064916883871264,-0.433883739117558,-0.9009688679024191
-0.018304424308039243,-0.0035777896075703734,-0.01335777662343105,0.010823821641377657,1.4755622264682529,0.7,0.70258988284932,-0.5000000000000012,0.8660254037844379,0.9680771188662043,-0.2506525322587204,-0.9749279121818236,-0.2225209339563146
-0.002466031306457394,0.021277434428206024,0.026539472513996566,-0.02176619810708669,0.34196675593885356,0.7,0.7027245388033575,-0.5000000000000012,0.8660254037844379,0.6513724827222223,-0.758758122692791,0.7818314824680298,0.6234898018587336
0.003696828862672753,-0.04179717424698171,-0.02653947251399646,-0.004901965730517207,-1.1674653879834729,0.7,0.70276942412137,-0.5000000000000012,0.8660254037844379,0.48530196253108104,-0.8743466161445821,0.9749279121818236,-0.22252093395631434
-0.07932544138310774,0.0,0.002441943087650178,-0.06601386751162888,0.6994167935735407,0.7,0.7028143094393824,-0.5000000000000012,0.8660254037844379,0.29936312297335804,-0.9541392564000488,0.43388373911755823,-0.900968867902419
-0.06889776255572576,-0.047449554501055806,-0.0759858962659189,-0.0777487108012942,-0.2508680993290647,0.7,0.7028591947573949,-0.5000000000000012,0.8660254037844379,0.10116832198743272,-0.994869323391895,-0.433883739117558,-0.9009688679024191
-0.030415093465954213,-0.055204563411187506,-0.06664597215039254,0.04031121953619752,-0.053621091439097525,0.7,0.7029040800754074,-0.5000000000000012,0.8660254037844379,-0.10116832198743204,-0.9948693233918952,-0.9749279121818236,-0.2225209339563146
0.0599322836141011,-0.0013522962044063432,0.03319803765603786,0.006788853478243524,-0.45319651092935437,0.7,0.7030387360294448,-0.5000000000000012,0.8660254037844379,-0.6513724827222217,-0.7587581226927913,0.7818314824680298,0.6234898018587336
-0.0013859672577063288,0.04627394113713018,-0.019231343661884472,0.04109258719566788,0.2572228649670723,0.7,0.7030836213474573,-0.5000000000000012,0.8660254037844379,-0.7907757369376986,-0.6121059825476627,0.9749279121818236,-0.22252093395631434
0.01650654890240919,-0.018253423286399582,0.05267927815623909,-0.04244664996959595,-0.04750233398500325,0.7,0.7031285066654698,-0.5000000000000012,0.8660254037844379,-0.8978045395707417,-0.44039415155763423,0.43388373911755823,-0.900968867902419
-0.0013651540658814808,-0.005277052121341222,-0.019934227954466286,0.01479511285152464,-0.1834032226646956,0.7,0.7032182773014948,-0.5000000000000012,0.8660254037844379,-0.9987165071710528,-0.05064916883871355,-0.9749279121818236,-0.2225209339563146
0.012220067291609687,-0.007968162080333081,0.0026809642684590866,-0.004013347641600393,-1.0116009116784799,0.7,0.7033529332555322,-0.5000000000000012,0.8660254037844379,-0.8486442574947509,0.5289640103269624,0.7818314824680298,0.6234898018587336
-0.021828949849253876,0.0,0.0026737959128732823,-0.002684562793282275,0.8109302162163288,0.7,0.7033978185735447,-0.5000000000000012,0.8660254037844379,-0.7247927872291207,0.6889669190756859,0.9749279121818236,-0.22252093395631434
-0.011095803614336807,-0.006689013752792,-0.035329728162028555,-0.005390843438307593,-0.5458224658030868,0.7,0.7034427038915572,-0.5000000000000012,0.8660254037844379,-0.5712682150947924,0.8207634412072763,0.43388373911755823,-0.900968867902419
0.008333373556530022,0.006689013752791986,0.02324097428883812,0.005390843438307659,0.8335045382548677,0.7,0.7034875892095696,-0.5000000000000012,0.8660254037844379,-0.3943558551133187,0.9189578116202306,-0.433883739117558,-0.9009688679024191
0.015099824606188307,-0.006689013752792,0.006733993691857901,0.0,-0.8198988861990892,0.7,0.703532474527582,-0.5000000000000012,0.8660254037844379,-0.20129852008866114,0.9795299412524943,-0.9749279121818236,-0.2225209339563146
-0.005464489132556437,-0.001343150253550419,-0.013513706539888254,-0.01899648225351386,0.5862840350175841,0.7,0.7036671304816196,-2.4492935982947064e-16,1.0,0.5712682150947923,0.8207634412072763,0.7818314824680298,0.6234898018587336
-0.012405417694708647,-0.009453165862617248,-0.01369883138300104,0.006825925967175893,-0.920057214669632,0.7,0.7037120157996319,-2.4492935982947064e-16,1.0,0.72479278722912,0.6889669190756866,0.9749279121818236,-0.22252093395631434
0.0,-0.002717390423720679,0.006872905415825075,-0.012320439886456494,0.9784679768260465,0.7,0.7037569011176444,-2.4492935982947064e-16,1.0,0.8486442574947509,0.5289640103269624,0.43388373911755823,-0.900968867902419
0.009661934440722551,0.01753249428673282,0.0013688916515824606,0.02851511069480386,-0.6049544685244844,0.7,0.7038017864356569,-2.4492935982947064e-16,1.0,0.9377521321470804,0.3473052528448203,-0.433883739117558,-0.9009688679024191
-0.011049891497366387,-0.010752781438702409,0.01223674716362375,-0.03681397152687573,2.4372522040824958,0.7,0.7038466717536694,-2.4492935982947064e-16,1.0,0.9884683243281114,0.1514277775045767,-0.9749279121818236,-0.2225209339563146
-0.021053355652288625,0.0013504056182226689,-0.017723724175774995,0.005540175253055282,-1.2203759949206519,0.7,0.7039813277077068,-2.4492935982947064e-16,1.0,0.8978045395707416,-0.4403941515576344,0.7818314824680298,0.6234898018587336
-0.03463553211976342,-0.021828949849253876,-0.0027548200552563735,-0.02801301003276431,0.4579115834807068,0.7,0.7040262130257193,-2.4492935982947064e-16,1.0,0.7907757369376989,-0.6121059825476626,0.9749279121818236,-0.22252093395631434
0.0058565265928769115,-0.01669021838975932,-0.0293933041152365,-0.0014214290840584391,0.08172573752382947,0.7,0.7040710983437318,-2.4492935982947064e-16,1.0,0.6513724827222223,-0.758758122692791,0.43388373911755823,-0.900968867902419
0.01161115007916917,-0.012703085725477096,-0.011428684924131786,-0.0014235203465896597,-1.1658450188893723,0.7,0.7041159836617443,-2.4492935982947064e-16,1.0,0.48530196253108104,-0.8743466161445821,-0.433883739117558,-0.9009688679024191
0.008620735070485726,0.05660584203812572,0.01991529078802182,0.02114244993154769,0.5749144034972855,0.7,0.7041608689797567,-2.4492935982947064e-16,1.0,0.29936312297335804,-0.9541392564000488,-0.9749279121818236,-0.2225209339563146
0.026818835650326986,-0.001343150253550419,0.020906698251346476,0.006949258593159656,-1.5973653311998313,0.7,0.7042955249337942,-2.4492935982947064e-16,1.0,-0.29936312297335776,-0.9541392564000489,0.7818314824680298,0.6234898018587336
0.017943906782128108,0.0013431502535504545,0.025869387669338988,0.012388342088584766,0.712949807856125,0.7,0.7043404102518067,-2.4492935982947064e-16,1.0,-0.4853019625310808,-0.8743466161445822,0.9749279121818236,-0.22252093395631434
-0.005486977012151188,0.0026809642684590866,-0.00809720241664192,0.020312153395213722,0.18721154208814636,0.7,0.7043852955698191,-2.4492935982947064e-16,1.0,-0.6513724827222217,-0.7587581226927913,0.43388373911755823,-0.900968867902419
0.017723724175774985,0.06478949541942994,0.0027063589783342767,0.06612904714815715,0.680877087968131,0.7,0.7044301808878316,-2.4492935982947064e-16,1.0,-0.7907757369376986,-0.6121059825476627,-0.433883739117558,-0.9009688679024191
0.027983176320579322,-0.002512561802928198,0.07169189157681873,-0.026702102787152814,1.0679692225560244,0.7,0.7044750662058441,-2.4492935982947064e-16,1.0,-0.8978045395707417,-0.44039415155763423,-0.9749279121818236,-0.2225209339563146
-0.014560168875929314,0.00501882645771222,-0.00378068921502522,-0.02083412894626986,-1.0276411771690526,0.7,0.7046097221598816,-2.4492935982947064e-16,1.0,-0.9884683243281114,0.15142777750457667,0.7818314824680298,0.6234898018587336
0.01718483975291039,-0.030497887766890237,-0.0320745901331842,0.01566610211549801,-1.4062551036824287,0.7,0.7046994927959065,-2.4492935982947064e-16,1.0,-0.8486442574947509,0.5289640103269624,0.43388373911755823,-0.900968867902419
0.002617800009600174,0.006430914783477699,0.009085032704114484,0.01030942128929636,-0.4382549309311553,0.7,0.704744378113919,-2.4492935982947064e-16,1.0,-0.7247927872291207,0.6889669190756859,-0.433883739117558,-0.9009688679024191
-0.011834477682177555,-0.011605565625768586,-0.023530475407740826,-0.012903454059856923,-0.25489224962879004,0.7,0.7047892634319315,-2.4492935982947064e-16,1.0,-0.5712682150947924,0.8207634412072763,-0.9749279121818236,-0.2225209339563146
0.005277052121341313,0.028134821476707574,0.018349121466278543,0.002594032770560682,1.0203600917683615,0.7,0.7049239193859689,-2.4492935982947064e-16,1.0,-2.4492935982947064e-16,1.0,0.7818314824680298,0.6234898018587336
0.019544608621316677,0.027364866446996525,0.028170911370531924,0.04681441307225977,1.0345904299031787,0.7166666666666667,0.7050136900219939,0.49999999999999994,0.8660254037844387,0.39435585511331855,0.9189578116202306,0.43388373911755823,-0.900968867902419
0.02043491912380219,0.0,0.02862666498726049,-0.0012368868410129019,0.21484474849951474,0.7166666666666667,0.7050585753400064,0.49999999999999994,0.8660254037844387,0.5712682150947923,0.8207634412072763,-0.433883739117558,-0.9009688679024191
0.001263452970350611,-0.00862601735598483,-0.0235888757980439,0.0,-2.6127400212978853,0.7166666666666667,0.7051034606580188,0.49999999999999994,0.8660254037844387,0.72479278722912,0.6889669190756866,-0.9749279121818236,-0.2225209339563146
-0.001263452970350517,0.008626017355984852,0.01866882114543386,0.008626017355984852,1.7531446331002754,0.7166666666666667,0.7052381166120563,0.49999999999999994,0.8660254037844387,0.9884683243281114,0.1514277775045767,0.7818314824680298,0.6234898018587336
0.0063012421595670534,0.008552361106675734,0.009816020835667714,0.00733504766407149,-0.2592196077880194,0.7166666666666667,0.7052830019300688,0.49999999999999994,0.8660254037844387,0.9987165071710528,-0.05064916883871264,0.9749279121818236,-0.22252093395631434
0.012484603931535854,-0.006101323343128872,-0.008583706549849161,-0.018439319530579527,-0.9214058325409255,0.7166666666666667,0.7053278872480812,0.49999999999999994,0.8660254037844387,0.9680771188662043,-0.2506525322587204,0.43388373911755823,-0.900968867902419
-0.011229142102798989,0.009744282136373943,-0.009901061633650766,0.013555309630054978,0.9214058325409255,0.7166666666666667,0.7053727725660937,0.49999999999999994,0.8660254037844387,0.8978045395707416,-0.4403941515576344,-0.433883739117558,-0.9009688679024191
-0.06078144593509701,-0.04969968070098998,-0.03287271328827261,-0.08556589766795088,4.11637892436859,0.7166666666666667,0.7054176578841062,0.49999999999999994,0.8660254037844387,0.7907757369376989,-0.6121059825476626,-0.9749279121818236,-0.2225209339563146
0.01849456516045676,-0.008957154487645577,-0.005154707127615426,0.03536714138253123,-2.160316403849259,0.7166666666666667,0.7055523138381435,0.49999999999999994,0.8660254037844387,0.29936312297335804,-0.9541392564000488,0.7818314824680298,0.6234898018587336
0.014295257662533955,0.02788517652188196,0.007722100118394724,0.01785760056426182,-0.9997664540314771,0.7166666666666667,0.705597199156156,0.49999999999999994,0.8660254037844387,0.10116832198743272,-0.994869323391895,0.9749279121818236,-0.22252093395631434
0.008991733143546546,-0.0025031278279573394,0.014004004340324451,-0.0012649909442552683,-0.31551687144522494,0.7166666666666667,0.7056420844741685,0.49999999999999994,0.8660254037844387,-0.10116832198743204,-0.9948693233918952,0.43388373911755823,-0.900968867902419
-0.0012796199837708953,-0.0050251313862273595,0.003785519976593362,-0.0012666536089975405,-1.2367626271489267,0.7166666666666667,0.705686969792181,0.49999999999999994,0.8660254037844387,-0.29936312297335776,-0.9541392564000489,-0.433883739117558,-0.9009688679024191
0.005108563120568315,0.0012586222087823539,-0.010126659037970807,0.0,1.3862943611198906,0.7166666666666667,0.7057318551101935,0.49999999999999994,0.8660254037844387,-0.4853019625310808,-0.8743466161445822,-0.9749279121818236,-0.2225209339563146
0.02267097505917122,0.037041295672156124,0.021397871277090363,0.026267990837614972,2.6223847193359355,0.7166666666666667,0.7059113963822434,0.49999999999999994,0.8660254037844387,-0.9680771188662041,-0.2506525322587213,0.9749279121818236,-0.22252093395631434
-0.021397871277090332,-0.012195319899920735,-0.0037429530249349155,-0.017435104124795073,-0.7080526055689328,0.7166666666666667,0.7059562817002559,0.49999999999999994,0.8660254037844387,-0.9987165071710528,-0.05064916883871355,0.43388373911755823,-0.900968867902419
-0.01409378006242485,-0.006153771673248928,-0.026600686694094662,-0.0025157221829736026,-1.9472762694863566,0.7166666666666667,0.7060011670182683,0.49999999999999994,0.8660254037844387,-0.9884683243281114,0.15142777750457667,-0.433883739117558,-0.9009688679024191
0.012820676280343956,-0.008679614068649142,0.02158814966288359,-0.010126659037970807,-0.7676232734614282,0.7166666666666667,0.7060460523362808,0.49999999999999994,0.8660254037844387,-0.9377521321470804,0.3473052528448203,-0.9749279121818236,-0.2225209339563146
-0.0012746658205421576,-0.0037429530249349155,-0.006301242159567044,0.006341139061377332,0.6347751743380381,0.7166666666666667,0.7061807082903183,0.49999999999999994,0.8660254037844387,-0.5712682150947924,0.8207634412072763,0.7818314824680298,0.6234898018587336
-0.014129988758264145,0.004987536766390722,0.003785519976593362,-0.002531644553252767,0.6105967775109408,0.7166666666666667,0.7062255936083308,0.49999999999999994,0.8660254037844387,-0.3943558551133187,0.9189578116202306,0.9749279121818236,-0.22252093395631434
0.005161296858002699,-0.020101160053479915,-0.011399762820051626,-0.0025380700479059343,-2.2365639918962517,0.7166666666666667,0.7062704789263432,0.49999999999999994,0.8660254037844387,-0.20129852008866114,0.9795299412524943,0.43388373911755823,-0.900968867902419
0.00896869190026142,0.039806212617111245,0.002544528242299443,0.018880431068287098,3.7898553714539385,0.7166666666666667,0.7063153642443557,0.49999999999999994,0.8660254037844387,-2.4492935982947064e-16,1.0,-0.433883739117558,-0.9009688679024191
0.01015236163435085,-0.0024419430876502345,0.016383493791936946,0.011159346837872602,-0.46561903092791146,0.7166666666666667,0.7063602495623682,0.8660254037844386,0.5000000000000001,0.20129852008866006,0.9795299412524945,-0.9749279121818236,-0.2225209339563146
0.005037789189216557,-0.008594362128148928,0.006230573444407629,-0.013656284114222816,-2.162823150618887,0.7166666666666667,0.7064949055164056,0.8660254037844386,0.5000000000000001,0.72479278722912,0.6889669190756866,0.7818314824680298,0.6234898018587336
-0.0101010862558781,0.00614632448246033,-0.003733636168057468,-0.005012537031211045,1.1873130590847607,0.7166666666666667,0.7065397908344181,0.8660254037844386,0.5000000000000001,0.8486442574947509,0.5289640103269624,0.9749279121818236,-0.22252093395631434
0.007585364072904506,-0.0024539280848285233,-0.010025196490534856,0.0025094092032536793,-0.9624318878720102,0.7166666666666667,0.7065846761524306,0.8660254037844386,0.5000000000000001,0.9377521321470804,0.3473052528448203,0.43388373911755823,-0.900968867902419
-0.006317164529846201,-0.0036923963976317887,0.0012586222087823539,0.003752375802900125,0.6896689161836205,0.7166666666666667,0.7066295614704431,0.8660254037844386,0.5000000000000001,0.9884683243281114,0.1514277775045767,-0.433883739117558,-0.9009688679024191
-0.006357264110747605,-0.013656284114222816,0.002512561802928182,-0.015094671718973838,-0.28884418763195835,0.7166666666666667,0.7066744467884556,0.8660254037844386,0.5000000000000001,0.9987165071710528,-0.05064916883871264,-0.9749279121818236,-0.2225209339563146
-0.018018549736181003,0.002496937276350143,-0.006293251017953369,-0.007633617676892158,-0.4289956055183584,0.7166666666666667,0.706809102742493,0.8660254037844386,0.5000000000000001,0.7907757369376989,-0.6121059825476626,0.7818314824680298,0.6234898018587336
0.015464272419925778,-0.0024969372763501614,-0.010152361634350938,0.005095547628986266,0.9718605830289658,0.7166666666666667,0.7068539880605055,0.8660254037844386,0.5000000000000001,0.6513724827222223,-0.758758122692791,0.9749279121818236,-0.22252093395631434
-0.0077022128185933025,-0.0025031278279573394,0.005089064567689317,-0.012787885963103124,0.4373827110764694,0.7166666666666667,0.706898873378518,0.8660254037844386,0.5000000000000001,0.48530196253108104,-0.8743466161445821,0.43388373911755823,-0.900968867902419
0.03668975143403466,0.09211528651764442,0.021344196731496665,0.11878353844472705,1.2384501064558775,0.7166666666666667,0.7069437586965304,0.8660254037844386,0.5000000000000001,0.29936312297335804,-0.9541392564000488,-0.433883739117558,-0.9009688679024191
0.04967706300298672,0.013621083049944908,0.07765088861274679,0.004561006987747619,-1.0628409635998268,0.7166666666666667,0.7069886440145429,0.8660254037844386,0.5000000000000001,0.10116832198743272,-0.994869323391895,-0.9749279121818236,-0.2225209339563146
0.02336552682726442,-0.00338788950884249,0.003442313678817918,0.0011370358013061568,-0.21294681329369472,0.7166666666666667,0.7071681852865928,0.8660254037844386,0.5000000000000001,-0.6513724827222217,-0.7587581226927913,0.9749279121818236,-0.22252093395631434
-0.005790426389740454,-0.0011318879350677698,0.007986425742768642,-0.0022753659248559086,-0.15234072458201878,0.7166666666666667,0.7072130706046053,0.8660254037844386,0.5000000000000001,-0.7907757369376986,-0.6121059825476627,0.43388373911755823,-0.900968867902419
0.0057904263897405805,0.012380536272872951,-0.005698042789053764,0.013574856642605285,-0.4674751828923769,0.7166666666666667,0.7072579559226178,0.8660254037844386,0.5000000000000001,-0.8978045395707417,-0.44039415155763423,-0.433883739117558,-0.9009688679024191
0.021702797169266215,0.012229236539079237,0.01699753350680315,0.011173343459893216,0.8951943387308197,0.7166666666666667,0.7073028412406303,0.8660254037844386,0.5000000000000001,-0.9680771188662041,-0.2506525322587213,-0.9749279121818236,-0.2225209339563146
0.0056337317525650445,0.02832435757307564,0.02332143970917844,0.014341129805259728,0.31582429242831894,0.7166666666666667,0.7074374971946676,0.8660254037844386,0.5000000000000001,-0.9377521321470804,0.3473052528448203,0.7818314824680298,0.6234898018587336
0.007834471963476078,-0.014061898484638038,0.007654564290443036,-0.01768000130167699,-0.16897075571951156,0.7166666666666667,0.7074823825126801,0.8660254037844386,0.5000000000000001,-0.8486442574947509,0.5289640103269624,0.9749279121818236,-0.22252093395631434
-0.031712814849809895,-0.019802660539728355,-0.025373726900341884,-0.02254884725917008,0.10583546223526526,0.7166666666666667,0.7075272678306926,0.8660254037844386,0.5000000000000001,-0.7247927872291207,0.6889669190756859,0.43388373911755823,-0.900968867902419
0.006880809379530768,-0.0033388714964171524,-0.022599810606082807,0.013590229564162757,-1.3362839405452291,0.7166666666666667,0.7075721531487051,0.8660254037844386,0.5000000000000001,-0.5712682150947924,0.8207634412072763,-0.433883739117558,-0.9009688679024191
0.0034226768641978404,0.0033388714964170613,0.01699753350680315,0.011185734879130074,0.3497403862700644,0.7166666666666667,0.7076170384667175,1.0,6.123233995736766e-17,0.20129852008866006,0.9795299412524945,-0.9749279121818236,-0.2225209339563146
0.024748200102498525,0.08004270767353636,0.011173343459893216,0.07084505279642708,1.3325852419125286,0.7166666666666667,0.707751694420755,1.0,6.123233995736766e-17,0.72479278722912,0.6889669190756866,0.7818314824680298,0.6234898018587336
0.04454836004556501,0.001025138866252878,0.07076905509235919,-0.01566607721385704,-0.7890622295797481,0.7166666666666667,0.7077965797387675,1.0,6.123233995736766e-17,0.8486442574947509,0.5289640103269624,0.9749279121818236,-0.22252093395631434
-0.006396553282288274,-0.014448171094538942,-0.011452457963702945,-0.005277077284427373,-0.41214292925076995,0.7166666666666667,0.70784146505678,1.0,6.123233995736766e-17,0.9377521321470804,0.3473052528448203,0.43388373911755823,-0.900968867902419
-0.03704128707616035,0.013423032228286119,-0.005249375858380516,0.02301359603289174,1.9587491271283217,0.7166666666666667,0.7078863503747924,1.0,6.123233995736766e-17,0.9884683243281114,0.1514277775045767,-0.433883739117558,-0.9009688679024191
0.05925267393293338,0.030305368473922185,0.015666077213857117,0.03854433612871845,-0.4029876692193565,0.7166666666666667,0.7079312356928049,1.0,6.123233995736766e-17,0.9987165071710528,-0.05064916883871264,-0.9749279121818236,-0.2225209339563146
0.054947690660223716,0.06360523453778831,0.0455775857961407,0.04950066453086652,0.14440787175121705,0.7166666666666667,0.7080658916468424,1.0,6.123233995736766e-17,0.7907757369376989,-0.6121059825476626,0.7818314824680298,0.6234898018587336
0.019608452137044822,0.026717384776904215,0.052085054564181006,0.01876225799063979,-0.3902080661706997,0.7166666666666667,0.7081107769648548,1.0,6.123233995736766e-17,0.6513724827222223,-0.758758122692791,0.9749279121818236,-0.22252093395631434
-0.016642584195718024,-0.016499027584821135,0.009354551588886557,-0.0263669407920287,-0.29062424952041777,0.7166666666666667,0.7081556622828673,1.0,6.123233995736766e-17,0.48530196253108104,-0.8743466161445821,0.43388373911755823,-0.900968867902419
0.001972338346751658,-0.025270367212340012,-0.026416605485845585,-0.0173247214596177,-0.06073795552766858,0.7166666666666667,0.7082005476008798,1.0,6.123233995736766e-17,0.29936312297335804,-0.9541392564000488,-0.433883739117558,-0.9009688679024191
0.001968549657760123,0.010372526422428108,-0.025170760692986134,0.034354490670099644,0.008633147144702875,0.7166666666666667,0.7082454329188923,1.0,6.123233995736766e-17,0.10116832198743272,-0.994869323391895,-0.9749279121818236,-0.2225209339563146
0.06010393422847786,0.06711491751455509,0.11122562034746371,0.04044673826129259,0.8370118203042011,0.7166666666666667,0.7083800888729297,1.0,6.123233995736766e-17,-0.4853019625310808,-0.8743466161445822,0.7818314824680298,0.6234898018587336
-0.003710575785625153,-0.0017558831836880042,-0.0017558831836880042,-0.016349165381545912,-0.7345207470743277,0.7166666666666667,0.7084249741909422,1.0,6.123233995736766e-17,-0.6513724827222217,-0.7587581226927913,0.9749279121818236,-0.22252093395631434
-0.034029806537639366,-0.028522404720289423,-0.028522404720289423,-0.022223115196824315,0.0008616975974811416,0.7166666666666667,0.7084698595089547,1.0,6.123233995736766e-17,-0.7907757369376986,-0.6121059825476627,0.43388373911755823,-0.900968867902419
-0.027292116916616635,-0.02286336356564297,-0.023788882243405692,-0.03720031596779025,-0.7044075853783252,0.7166666666666667,0.7085147448269672,1.0,6.123233995736766e-17,-0.8978045395707417,-0.44039415155763423,-0.433883739117558,-0.9009688679024191
0.0029600153536430873,-0.03866590100102721,-0.05226844620639212,-0.008784844548040592,-0.005240186663556159,0.7166666666666667,0.7085596301449796,1.0,6.123233995736766e-17,-0.9680771188662041,-0.2506525322587213,-0.9749279121818236,-0.2225209339563146
-0.06618186929807614,-0.0038535657754703747,0.0,-0.02180465713546065,0.6280247177999416,0.7166666666666667,0.7086942860990171,1.0,6.123233995736766e-17,-0.9377521321470804,0.3473052528448203,0.7818314824680298,0.6234898018587336
0.05129329438755048,0.0,-0.014742243967924252,0.0325312942735704,-0.7995466573501907,0.7166666666666667,0.7087391714170296,1.0,6.123233995736766e-17,-0.8486442574947509,0.5289640103269624,0.9749279121818236,-0.22252093395631434
-0.0060181145405235874,-0.00775196964062084,0.010832174296317524,-0.014655911596996021,-0.2759699165232697,0.7166666666666667,0.708784056735042,1.0,6.123233995736766e-17,-0.7247927872291207,0.6889669190756859,0.43388373911755823,-0.900968867902419
0.008016162888192879,0.029709939970538363,-0.010832174296317557,0.033868779534546575,0.7897019155964748,0.7166666666666667,0.7088289420530545,1.0,6.123233995736766e-17,-0.5712682150947924,0.8207634412072763,-0.433883739117558,-0.9009688679024191
-0.002998571592347738,-0.012351711738277104,0.02927030785105196,-0.04276653024135868,0.06033192460960349,0.7166666666666667,0.7090084833251044,0.8660254037844387,-0.4999999999999998,0.20129852008866006,0.9795299412524945,0.7818314824680298,0.6234898018587336
-0.060874921055295614,-0.02713342118336411,-0.036225194116712975,-0.05616577953733828,0.22173741093722002,0.7166666666666667,0.7090533686431169,0.8660254037844387,-0.4999999999999998,0.39435585511331855,0.9189578116202306,0.9749279121818236,-0.22252093395631434
-0.02477235410574778,-0.05658078831888107,-0.04173632256936228,-0.02877134536335833,-0.4839845862411794,0.7166666666666667,0.7090982539611294,0.8660254037844387,-0.4999999999999998,0.5712682150947923,0.8207634412072763,0.43388373911755823,-0.900968867902419
-0.02764133944327302,-0.022071315399685328,-0.04355439837234625,-0.0032484849939220044,0.24571787335274872,0.7166666666666667,0.7091431392791419,0.8660254037844387,-0.4999999999999998,0.72479278722912,0.6889669190756866,-0.433883739117558,-0.9009688679024191
0.011148429679332961,-0.024745699505836664,-0.004352559820799568,-0.014200141554677938,-0.4681006790996494,0.7166666666666667,0.7091880245971544,0.8660254037844387,-0.4999999999999998,0.8486442574947509,0.5289640103269624,-0.9749279121818236,-0.2225209339563146
0.0022147853599034494,0.0,0.0010899432876239033,0.0032948665621596552,-0.18995518164902575,0.7166666666666667,0.7093226805511917,0.8660254037844387,-0.4999999999999998,0.9987165071710528,-0.05064916883871264,0.7818314824680298,0.6234898018587336
-0.0022147853599034694,0.011911310843559127,-0.007654564290443052,0.004376370490078383,0.5606005245979622,0.7166666666666667,0.7093675658692042,0.8660254037844387,-0.4999999999999998,0.9680771188662043,-0.2506525322587204,0.9749279121818236,-0.22252093395631434
0.012121322317095534,0.036982595517340344,0.002193033555974538,0.037497738596817154,0.4440799442359439,0.7166666666666667,0.7094124511872167,0.8660254037844387,-0.4999999999999998,0.8978045395707416,-0.4403941515576344,0.43388373911755823,-0.900968867902419
0.003280454886492815,-0.007287970660781112,0.047067466434586744,-0.018037632047004898,-0.8835823721280697,0.7166666666666667,0.7094573365052292,0.8660254037844387,-0.4999999999999998,0.7907757369376989,-0.6121059825476626,-0.433883739117558,-0.9009688679024191
-0.040094418869395285,-0.006289272951276752,-0.017923524881994436,-0.03708169124156504,1.188786795272053,0.7166666666666667,0.7095022218232416,0.8660254037844387,-0.4999999999999998,0.6513724827222223,-0.758758122692791,-0.9749279121818236,-0.2225209339563146
-0.06453854281198727,-0.05289951580040557,-0.04126526386968782,-0.030459259920411205,-0.15322059140181543,0.7166666666666667,0.7096368777772791,0.8660254037844387,-0.4999999999999998,0.10116832198743272,-0.994869323391895,0.7818314824680298,0.6234898018587336
0.058840500022933395,0.014309452772364855,-0.030390684454860668,0.031569779607527555,-1.0519936780121855,0.7166666666666667,0.7096817630952916,0.8660254037844387,-0.4999999999999998,-0.10116832198743204,-0.9948693233918952,0.9749279121818236,-0.22252093395631434
-0.04082203993331886,-0.020983606352434896,0.019242254775527844,-0.03271582847987807,0.2861280705850468,0.7166666666666667,0.709726648413304,0.8660254037844387,-0.4999999999999998,-0.29936312297335776,-0.9541392564000489,0.43388373911755823,-0.900968867902419
0.023530587180201804,-0.027150962700856176,-0.022676686601593315,-0.004597704712699258,-1.6458631586325825,0.7166666666666667,0.7097715337313165,0.8660254037844387,-0.4999999999999998,-0.4853019625310808,-0.8743466161445822,-0.433883739117558,-0.9009688679024191
0.008106551975807527,0.04813456905329109,0.0022908949361331405,0.027274391314292625,1.686996146779975,0.7166666666666667,0.709816419049329,0.8660254037844387,-0.4999999999999998,-0.6513724827222217,-0.7587581226927913,-0.9749279121818236,-0.2225209339563146
0.004602995651873287,-0.014309452772364829,0.024860067764722986,-0.007878453021289705,-1.0867427131127259,0.7166666666666667,0.7099510750033664,0.8660254037844387,-0.4999999999999998,-0.9680771188662041,-0.2506525322587213,0.7818314824680298,0.6234898018587336
0.010279947914490106,0.013216038204338676,-0.011223505377071397,-0.0033956667054905213,1.4557296126184802,0.7166666666666667,0.7099959603213789,0.8660254037844387,-0.4999999999999998,-0.9987165071710528,-0.05064916883871355,0.9749279121818236,-0.22252093395631434
-0.018349120606183555,-0.017660591690525567,0.013453105470954588,-0.012550040174183857,-1.3233050269691486,0.7166666666666667,0.7100408456393914,0.8660254037844387,-0.4999999999999998,-0.9884683243281114,0.15142777750457667,0.43388373911755823,-0.900968867902419
-0.015160653071478068,-0.020248088179620077,-0.02252345410447606,-0.020882465045166495,0.6394029045532547,0.7166666666666667,0.7100857309574039,0.8660254037844387,-0.4999999999999998,-0.9377521321470804,0.3473052528448203,-0.433883739117558,-0.9009688679024191
-0.007075550684006261,0.0,-0.020714129617314878,-0.009422911402011267,0.9544096899777649,0.7166666666666667,0.7101306162754164,0.8660254037844387,-0.4999999999999998,-0.8486442574947509,0.5289640103269624,-0.9749279121818236,-0.2225209339563146
0.004722554567355234,0.010175344986218068,-0.0011634938568090172,0.016432334962687985,-0.3180601078109528,0.7166666666666667,0.7102652722294538,0.8660254037844387,-0.4999999999999998,-0.3943558551133187,0.9189578116202306,0.7818314824680298,0.6234898018587336
0.01982573159023051,0.03969646337953886,0.008115951194897815,0.07077631277081485,0.5894687510851038,0.7166666666666667,0.7103101575474663,0.8660254037844387,-0.4999999999999998,-0.20129852008866114,0.9795299412524943,0.9749279121818236,-0.22252093395631434
0.038509872381724625,0.0021598774346231835,0.06374429396506727,-0.001085212121288378,-0.5419162108360218,0.7166666666666667,0.7103550428654788,0.5000000000000003,-0.8660254037844385,0.20129852008866006,0.9795299412524945,0.43388373911755823,-0.900968867902419
0.012148096249285386,0.009661824850761726,0.0021645526047716934,0.011872741544193257,-0.7515812209965615,0.7166666666666667,0.7103999281834912,0.5000000000000003,-0.8660254037844385,0.39435585511331855,0.9189578116202306,-0.433883739117558,-0.9009688679024191
0.009830789737439394,0.004264394884352982,0.007539044428982929,-0.005379166994359837,0.37960478264244096,0.7166666666666667,0.7104448135015037,0.5000000000000003,-0.8660254037844385,0.5712682150947923,0.8207634412072763,-0.9749279121818236,-0.2225209339563146
0.012959132630372629,0.026248227126280662,0.0191292026531784,0.022400839020665232,0.035297782081023896,0.7166666666666667,0.7105794694555412,0.5000000000000003,-0.8660254037844385,0.9377521321470804,0.3473052528448203,0.7818314824680298,0.6234898018587336
0.0010724107286640449,-0.0072802918014604435,-0.002107530626873046,0.007356906485253608,-0.10343558724824191,0.7166666666666667,0.7106243547735536,0.5000000000000003,-0.8660254037844385,0.9884683243281114,0.1514277775045767,0.9749279121818236,-0.22252093395631434
0.01805679192451437,0.03386674892563931,0.012578870230597415,0.024820278181019135,0.3584362125070714,0.7166666666666667,0.7106692400915661,0.5000000000000003,-0.8660254037844385,0.9987165071710528,-0.05064916883871264,0.43388373911755823,-0.900968867902419
0.02083406723945392,-0.0010096143362832743,0.016529285665789057,-0.0010219959027282497,-0.3568349311400975,0.7166666666666667,0.7107141254095786,0.5000000000000003,-0.8660254037844385,0.9680771188662043,-0.2506525322587204,-0.433883739117558,-0.9009688679024191
-0.03674948174645299,-0.014242294732239232,-0.020704652919739486,-0.031155188763544357,-0.07644917216340626,0.7166666666666667,0.7107590107275911,0.5000000000000003,-0.8660254037844385,0.8978045395707416,-0.4403941515576344,-0.9749279121818236,-0.2225209339563146
0.007458712587920634,-0.010298791447429973,0.006256481825200696,0.004210628908069916,-1.0579975695139194,0.7166666666666667,0.7108936666816285,0.5000000000000003,-0.8660254037844385,0.48530196253108104,-0.8743466161445821,0.7818314824680298,0.6234898018587336
-0.07378139631789352,-0.02303769672209176,-0.032755116420884,-0.0628593546392614,2.305069566321708,0.7166666666666667,0.710938551999641,0.5000000000000003,-0.8660254037844385,0.29936312297335804,-0.9541392564000488,0.9749279121818236,-0.22252093395631434
0.005698042789053831,-0.03120209810973828,-0.04391491200333271,0.0077995547749048705,-1.3937663759585917,0.7166666666666667,0.7109834373176535,0.5000000000000003,-0.8660254037844385,0.10116832198743272,-0.994869323391895,0.43388373911755823,-0.900968867902419
-0.00798642574276857,-0.007679653385963561,0.008938598666672008,-0.02244760944565733,0.04879016416943204,0.7166666666666667,0.711028322635666,0.5000000000000003,-0.8660254037844385,-0.10116832198743204,-0.9948693233918952,-0.433883739117558,-0.9009688679024191
0.01478140845143414,0.034635464483286554,-0.014566097156682703,0.059488896521817825,0.39075425759159504,0.7166666666666667,0.7110732079536783,0.5000000000000003,-0.8660254037844385,-0.29936312297335776,-0.9541392564000489,-0.9749279121818236,-0.2225209339563146
-0.020525162036484038,0.0021254479933449275,0.04631479215621043,-0.049325150223169835,0.1734767143196334,0.7166666666666667,0.7112078639077158,0.5000000000000003,-0.8660254037844385,-0.7907757369376986,-0.6121059825476627,0.7818314824680298,0.6234898018587336
0.00803213653876483,-0.04561051935119725,-0.03732597577502203,-0.011299490717749354,-0.9696960800193928,0.7166666666666667,0.7112527492257283,0.5000000000000003,-0.8660254037844385,-0.8978045395707417,-0.44039415155763423,0.9749279121818236,-0.22252093395631434
0.0034226768641978404,0.006644589033976422,-0.014648054670752437,0.0034032628169807814,0.49817450621243187,0.7166666666666667,0.7112976345437408,0.5000000000000003,-0.8660254037844385,-0.9680771188662041,-0.2506525322587213,0.43388373911755823,-0.900968867902419
-0.023042472625918253,-0.021194382950727925,-0.006833787208155271,-0.01253573743210017,-0.24686007793152578,0.7166666666666667,0.7113425198617532,0.5000000000000003,-0.8660254037844385,-0.9987165071710528,-0.05064916883871355,-0.433883739117558,-0.9009688679024191
0.008125372235437946,0.004499440937785134,0.0,0.0011460488723506628,-0.4222722264245456,0.7166666666666667,0.7113874051797657,0.5000000000000003,-0.8660254037844385,-0.9884683243281114,0.15142777750457667,-0.9749279121818236,-0.2225209339563146
0.001155428111254271,0.007825606980943842,0.010233193541102439,-0.0022935221717213707,-0.3886579897917832,0.7166666666666667,0.7115669464518156,0.5000000000000003,-0.8660254037844385,-0.5712682150947924,0.8207634412072763,0.9749279121818236,-0.22252093395631434
-0.011614465780202848,-0.020248088179620077,-0.026362615345871174,-0.009227276887925554,0.521765563804325,0.7166666666666667,0.7116118317698281,0.5000000000000003,-0.8660254037844385,-0.3943558551133187,0.9189578116202306,0.43388373911755823,-0.900968867902419
-0.09940739580903635,-0.01257885216858445,0.0,-0.030590647527527496,1.759595892738094,0.7166666666666667,0.7116567170878406,0.5000000000000003,-0.8660254037844385,-0.20129852008866114,0.9795299412524943,-0.433883739117558,-0.9009688679024191
0.06373177187729598,0.0011501127469980461,-0.037874314019115604,0.03174875172375942,-0.7596624584163254,0.7166666666666667,0.7117016024058531,0.5000000000000003,-0.8660254037844385,-2.4492935982947064e-16,1.0,-0.9749279121818236,-0.2225209339563146
-0.007290484232693686,-0.005763726893749695,0.04250931229760192,-0.0341410380046331,0.14695077393985279,0.7166666666666667,0.7118362583598905,1.2246467991473532e-16,-1.0,0.5712682150947923,0.8207634412072763,0.7818314824680298,0.6234898018587336
0.00850043337805857,-0.013969946644320158,-0.04492471245532391,0.0035863436026653964,-1.3250600676758695,0.7166666666666667,0.711881143677903,1.2246467991473532e-16,-1.0,0.72479278722912,0.6889669190756866,0.9749279121818236,-0.22252093395631434
-0.006064322834572105,-0.009422911402011267,0.004825094974829934,-0.0011940573217919018,1.0414538748281612,0.7166666666666667,0.7119260289959155,1.2246467991473532e-16,-1.0,0.8486442574947509,0.5289640103269624,0.43388373911755823,-0.900968867902419
0.007272694593967098,0.01176488645993077,0.004801925185013694,-0.0035906361620683847,-0.23764112638069634,0.7166666666666667,0.711970914313928,1.2246467991473532e-16,-1.0,0.9377521321470804,0.3473052528448203,-0.433883739117558,-0.9009688679024191
-0.003629735800722127,-0.0070423318925754005,0.0059700758884439755,0.0,0.018868484304382736,0.7166666666666667,0.7120157996319404,1.2246467991473532e-16,-1.0,0.9884683243281114,0.1514277775045767,-0.9749279121818236,-0.2225209339563146
0.00965024667322465,0.061663364493332574,-0.005970075888443939,0.05935426745719565,0.9737952263543463,0.7166666666666667,0.7121504555859779,1.2246467991473532e-16,-1.0,0.8978045395707416,-0.4403941515576344,0.7818314824680298,0.6234898018587336
0.004790423808819495,-0.020134835733835812,0.05476025087051035,-0.005665758965184324,-1.3699579418001973,0.7166666666666667,0.7121953409039904,1.2246467991473532e-16,-1.0,0.7907757369376989,-0.6121059825476626,0.9749279121818236,-0.22252093395631434
0.034060834125861056,0.0056337317525650445,0.009029398458055669,-0.014882943566363384,0.1640224283064124,0.7166666666666667,0.7122402262220028,1.2246467991473532e-16,-1.0,0.6513724827222223,-0.758758122692791,0.43388373911755823,-0.900968867902419
-0.0257324460642487,-0.006764339965700711,-0.03895099470203421,-0.010434894984410796,0.6407158176619953,0.7166666666666667,0.7122851115400153,1.2246467991473532e-16,-1.0,0.48530196253108104,-0.8743466161445821,-0.433883739117558,-0.9009688679024191
0.002366919236984209,-0.018265330079867158,0.00466200844211412,-0.002333665433510724,-1.0893386518827806,0.7166666666666667,0.7123299968580278,1.2246467991473532e-16,-1.0,0.29936312297335804,-0.9541392564000488,-0.9749279121818236,-0.2225209339563146
-0.0011827593303213135,0.0011513271592340408,0.0,-0.010569698983905784,1.7589183630388128,0.7166666666666667,0.7124646528120652,1.2246467991473532e-16,-1.0,-0.29936312297335776,-0.9541392564000489,0.7818314824680298,0.6234898018587336
-0.00593475836070488,0.004592426425815945,-0.008172917417485685,0.0,-2.1536718155520496,0.7166666666666667,0.7125095381300777,1.2246467991473532e-16,-1.0,-0.4853019625310808,-0.8743466161445822,0.9749279121818236,-0.22252093395631434
-0.02776274222598855,-0.027876344051543874,-0.014167874357689354,-0.031177612079645933,0.36350090900913223,0.7166666666666667,0.7125544234480902,1.2246467991473532e-16,-1.0,-0.6513724827222217,-0.7587581226927913,0.43388373911755823,-0.900968867902419
-0.05795072568725094,-0.01423510253563046,-0.021635496773599442,-0.039756810174935334,1.4358400976713206,0.7166666666666667,0.7125993087661027,1.2246467991473532e-16,-1.0,-0.7907757369376986,-0.6121059825476627,-0.433883739117558,-0.9009688679024191
0.00903817263498917,-0.036500426362858995,-0.03210149259026987,-0.006357264110747605,-0.5329723861293061,0.7166666666666667,0.7126441940841152,1.2246467991473532e-16,-1.0,-0.8978045395707417,-0.44039415155763423,-0.9749279121818236,-0.2225209339563146
-0.07470144131254777,-0.025095396577875705,-0.012626418589462689,-0.06862850240082978,0.43463648540844424,0.7166666666666667,0.7127788500381526,1.2246467991473532e-16,-1.0,-0.9884683243281114,0.15142777750457667,0.7818314824680298,0.6234898018587336
-0.118995676717491,0.0,-0.06157803479028427,0.04540161240818196,1.288543705776206,0.7166666666666667,0.7128237353561651,1.2246467991473532e-16,-1.0,-0.9377521321470804,0.3473052528448203,0.9749279121818236,-0.22252093395631434
0.15704377341434955,-0.008934289739165735,0.05264374505111866,-0.007863729088470522,-1.7322300267045678,0.7166666666666667,0.7128686206741776,1.2246467991473532e-16,-1.0,-0.8486442574947509,0.5289640103269624,0.43388373911755823,-0.900968867902419
0.023716504265574045,0.0560894421978562,-0.014202967190288789,0.04124298071546938,0.18879407129957215,0.7166666666666667,0.71291350599219,1.2246467991473532e-16,-1.0,-0.7247927872291207,0.6889669190756859,-0.433883739117558,-0.9009688679024191
0.038318889044039774,0.02513597778064068,0.03701762289343402,0.05645671269101732,0.059485453286179955,0.7166666666666667,0.7129583913102024,1.2246467991473532e-16,-1.0,-0.5712682150947924,0.8207634412072763,-0.9749279121818236,-0.2225209339563146
-0.007547198392470282,-0.0023669192369841817,0.05604384503836758,-0.04390944919423959,-0.46495056139434426,0.7166666666666667,0.7130930472642399,-0.4999999999999997,-0.8660254037844388,0.20129852008866006,0.9795299412524945,0.7818314824680298,0.6234898018587336
0.01005032622042762,-0.030068412260519557,-0.04359039579956212,0.020975367673540538,-0.5270861446377709,0.7166666666666667,0.7131379325822524,-0.4999999999999997,-0.8660254037844388,0.39435585511331855,0.9189578116202306,0.9749279121818236,-0.22252093395631434
0.002496937276350143,0.012136117915912186,0.003705962703374667,-0.011049737856306606,-0.7493417389035872,0.7166666666666667,0.7131828179002648,-0.4999999999999997,-0.8660254037844388,0.5712682150947923,0.8207634412072763,0.43388373911755823,-0.900968867902419
-0.0012476893014072826,0.017932294344607316,0.03988443309618742,0.003696828862672753,0.44882722638192196,0.7166666666666667,0.7132725885362898,-0.4999999999999997,-0.8660254037844388,0.8486442574947509,0.5289640103269624,-0.9749279121818236,-0.2225209339563146
-0.0062617850061539694,-0.014320040736911007,-0.034964378443577235,0.008573193373765223,0.7204464190475831,0.7166666666666667,0.7134072444903272,-0.4999999999999997,-0.8660254037844388,0.9987165071710528,-0.05064916883871264,0.7818314824680298,0.6234898018587336
0.03578419569796483,0.009569442282869125,0.012195319899920686,0.01091583353578073,-0.13020275045241206,0.7166666666666667,0.7134521298083397,-0.4999999999999997,-0.8660254037844388,0.9680771188662043,-0.2506525322587204,0.9749279121818236,-0.22252093395631434
-0.0183490915731697,-0.008368213416389917,0.00965024667322465,-0.01335777662343105,1.175977196836509,0.7166666666666667,0.7134970151263522,-0.4999999999999997,-0.8660254037844388,0.8978045395707416,-0.4403941515576344,0.43388373911755823,-0.900968867902419
-0.03774035062468663,-0.007228882631897569,-0.01572931600995626,-0.02100139826742887,0.36753063364118577,0.7166666666666667,0.7135419004443647,-0.4999999999999997,-0.8660254037844388,0.7907757369376989,-0.6121059825476626,-0.433883739117558,-0.9009688679024191
-0.015504233340894603,-0.02945006968314585,-0.024692589330022063,-0.02784993466903755,-0.922425720441671,0.7166666666666667,0.7135867857623772,-0.4999999999999997,-0.8660254037844388,0.6513724827222223,-0.758758122692791,-0.9749279121818236,-0.2225209339563146
0.005194812051598424,-0.004993763572624904,-0.035627204820398856,0.006397998839316242,-0.8628020469231689,0.7166666666666667,0.7137214417164146,-0.4999999999999997,-0.8660254037844388,0.10116832198743272,-0.994869323391895,0.7818314824680298,0.6234898018587336
0.005168026830771913,-0.01132795958734327,0.02178178107636783,-0.005115095676324061,0.19139485299962947,0.7166666666666667,0.7137663270344271,-0.4999999999999997,-0.8660254037844388,-0.10116832198743204,-0.9948693233918952,0.9749279121818236,-0.22252093395631434
-0.02611118106761108,0.006309133129631005,-0.011472359787071663,-0.006430914783477764,1.0117963959914864,0.7166666666666667,0.7138112123524396,-0.4999999999999997,-0.8660254037844388,-0.29936312297335776,-0.9541392564000489,0.43388373911755823,-0.900968867902419
-0.007968162080333081,-0.011385281246753079,-0.03922073760646856,-0.019544608621316552,-0.36824615657091314,0.7166666666666667,0.713856097670452,-0.4999999999999997,-0.8660254037844388,-0.4853019625310808,-0.8743466161445822,-0.433883739117558,-0.9009688679024191
-0.047790650498246226,-0.02838903772495889,0.014560168875929305,-0.013245214201674278,0.8138136884078856,0.7166666666666667,0.7139009829884645,-0.4999999999999997,-0.8660254037844388,-0.6513724827222217,-0.7587581226927913,-0.9749279121818236,-0.2225209339563146
0.023497981380209126,-0.01849456516045682,-0.021249182628721316,-0.013423007444650008,-1.5615304134936776,0.7166666666666667,0.714035638942502,-0.4999999999999997,-0.8660254037844388,-0.9680771188662041,-0.2506525322587213,0.7818314824680298,0.6234898018587336
-0.004106810636441771,-0.006689013752792,-0.009440352670192243,0.006733993691857901,0.2499876402396467,0.7166666666666667,0.7140805242605144,-0.4999999999999997,-0.8660254037844388,-0.9987165071710528,-0.05064916883871355,0.9749279121818236,-0.22252093395631434
0.019022294838062517,0.026491653515302496,0.009440352670192323,0.006689013752791986,0.5343388304587061,0.7166666666666667,0.7141254095785269,-0.4999999999999997,-0.8660254037844388,-0.9884683243281114,0.15142777750457667,0.43388373911755823,-0.900968867902419
-0.0026954169100109515,-0.0013080746020537552,0.025183578913248954,-0.012072601826427443,-1.4240346891027378,0.7166666666666667,0.7141702948965394,-0.4999999999999997,-0.8660254037844388,-0.9377521321470804,0.3473052528448203,-0.433883739117558,-0.9009688679024191
-0.014956044433428715,-0.009204495576828517,-0.03056716698688426,-0.010854913225728166,0.4767680293342777,0.7166666666666667,0.7142151802145519,-0.4999999999999997,-0.8660254037844388,-0.8486442574947509,0.5289640103269624,-0.9749279121818236,-0.2225209339563146
-0.01657501513054577,-0.007957593872907913,0.0026954169100110673,0.005442185183195945,0.8644058965051434,0.7166666666666667,0.7143498361685893,-0.4999999999999997,-0.8660254037844388,-0.3943558551133187,0.9189578116202306,0.7818314824680298,0.6234898018587336
0.0013918205394318054,0.0026595734218114358,-0.005398118732639826,-0.005442185183195927,-0.9899436414489204,0.7166666666666667,0.7143947214866018,-0.4999999999999997,-0.8660254037844388,-0.20129852008866114,0.9795299412524943,0.9749279121818236,-0.22252093395631434
-0.012596409076057462,-0.008000098616864728,-0.0013540627739280118,-0.01789450595905315,0.7771018736625366,0.7166666666666667,0.7144396068046143,-0.4999999999999997,-0.8660254037844388,-2.4492935982947064e-16,1.0,0.43388373911755823,-0.900968867902419
-0.03584613226335594,-0.025764080029509324,-0.024692654588224394,0.011049891497366392,0.6194896081435977,0.7166666666666667,0.7144844921226268,-0.8660254037844385,-0.5000000000000004,0.20129852008866006,0.9795299412524945,-0.433883739117558,-0.9009688679024191
0.035846132263355965,0.017699527687414923,0.0,-0.011049891497366387,-1.0569395922675417,0.7166666666666667,0.7145293774406393,-0.8660254037844385,-0.5000000000000004,0.39435585511331855,0.9189578116202306,-0.9749279121818236,-0.2225209339563146
0.007017599428781409,-0.016326877928051417,0.0041580392777204826,-0.002781640379193324,-0.38193461069797024,0.7166666666666667,0.7146640333946767,-0.8660254037844385,-0.5000000000000004,0.8486442574947509,0.5289640103269624,0.7818314824680298,0.6234898018587336
-0.01692563437672995,-0.006882366003674612,-0.006939679656913771,-0.01261399708626258,0.2843542823591063,0.7166666666666667,0.7147089187126892,-0.8660254037844385,-0.5000000000000004,0.9377521321470804,0.3473052528448203,0.9749279121818236,-0.22252093395631434
-0.0014235203465896597,-0.0013821359753346514,-0.00979709655831624,0.0056258884112239905,-0.2843542823591063,0.7166666666666667,0.7147538040307017,-0.8660254037844385,-0.5000000000000004,0.9884683243281114,0.1514277775045767,0.43388373911755823,-0.900968867902419
0.0,-0.0027700822210765625,0.008403402658699925,-0.009866207076554308,-0.6133600639421134,0.7166666666666667,0.714798689348714,-0.8660254037844385,-0.5000000000000004,0.9987165071710528,-0.05064916883871264,-0.433883739117558,-0.9009688679024191
-0.014347434665984182,-0.009756198935703465,-0.00981089463700951,-0.012829848729466131,1.0589824938973418,0.7166666666666667,0.7148435746667265,-0.8660254037844385,-0.5000000000000004,0.9680771188662043,-0.2506525322587204,-0.9749279121818236,-0.2225209339563146
-0.016023668895710674,-0.012685113773229013,-0.025678989960522283,-0.004313411907067722,0.7121150832667563,0.7166666666666667,0.714978230620764,-0.8660254037844385,-0.5000000000000004,0.6513724827222223,-0.758758122692791,0.7818314824680298,0.6234898018587336
-0.004414978861516099,0.0014173995215023996,-0.0014461649573203898,0.014306381987610884,0.8631277641346979,0.7166666666666667,0.7150231159387764,-0.8660254037844385,-0.5000000000000004,0.48530196253108104,-0.8743466161445821,0.9749279121818236,-0.22252093395631434
0.029071786609384233,0.021023913187430188,0.01579359962330451,-0.00427043105408754,-1.1132499419017976,0.7166666666666667,0.7150680012567889,-0.8660254037844385,-0.5000000000000004,0.29936312297335804,-0.9541392564000488,0.43388373911755823,-0.900968867902419
0.019858789843849284,0.005532512278883532,0.02947582348807763,0.028131222890440517,0.062357861043374915,0.7166666666666667,0.7151128865748014,-0.8660254037844385,-0.5000000000000004,0.10116832198743272,-0.994869323391895,-0.433883739117558,-0.9009688679024191
0.004204660693296972,0.027212537922889274,0.0027624300578069465,0.020590994293628814,-0.03851567208061519,0.7166666666666667,0.7151577718928139,-0.8660254037844385,-0.5000000000000004,-0.10116832198743204,-0.9948693233918952,-0.9749279121818236,-0.2225209339563146
0.023497981380209126,0.013333581734356021,0.033901551675681416,0.0,-1.2540727263774314,0.7166666666666667,0.7152924278468513,-0.8660254037844385,-0.5000000000000004,-0.6513724827222217,-0.7587581226927913,0.7818314824680298,0.6234898018587336
0.008163302695052716,-0.00797882155302369,-0.013423007444650008,0.00271370323795161,0.32593195458578056,0.7166666666666667,0.7153373131648638,-0.8660254037844385,-0.5000000000000004,-0.7907757369376986,-0.6121059825476627,0.9749279121818236,-0.22252093395631434
-0.021918730273874212,0.019828818731916487,0.0026990543638770567,0.02673953546983538,0.08563073339050216,0.7166666666666667,0.7153821984828763,-0.8660254037844385,-0.5000000000000004,-0.8978045395707417,-0.44039415155763423,0.43388373911755823,-0.900968867902419
0.06306586711303826,0.05970024009133716,0.03704123662738449,0.04513982441055633,0.6575672481273198,0.7166666666666667,0.7154270838008888,-0.8660254037844385,-0.5000000000000004,-0.9680771188662041,-0.2506525322587213,-0.433883739117558,-0.9009688679024191
0.03450821369018032,0.01711537455253089,0.033208700559748464,0.024907923636420443,-0.5240358555027972,0.7166666666666667,0.7154719691189012,-0.8660254037844385,-0.5000000000000004,-0.9987165071710528,-0.05064916883871355,-0.9749279121818236,-0.2225209339563146
0.01000007379760166,0.00965024667322465,0.024815145627894136,0.011009303917251818,0.490405784757248,0.7166666666666667,0.7156066250729387,-0.8660254037844385,-0.5000000000000004,-0.8486442574947509,0.5289640103269624,0.7818314824680298,0.6234898018587336
0.012361143745463864,0.004790423808819495,-0.0024539280848285233,0.0036429587932450486,-0.29094471808659733,0.7166666666666667,0.7156515103909512,-0.8660254037844385,-0.5000000000000004,-0.7247927872291207,0.6889669190756859,0.9749279121818236,-0.22252093395631434
0.014634393050861038,0.032905406014606745,0.019465315590965454,0.021583607868334055,0.3812081304626043,0.7166666666666667,0.7156963957089636,-0.8660254037844385,-0.5000000000000004,-0.5712682150947924,0.8207634412072763,0.43388373911755823,-0.900968867902419
0.0,-0.012798273509620667,0.014354299532618037,-0.020372192972372066,-0.5212969236332861,0.7166666666666667,0.7157412810269761,-0.8660254037844385,-0.5000000000000004,-0.3943558551133187,0.9189578116202306,-0.433883739117558,-0.9009688679024191
0.0024183209047599625,0.001170301923219839,-0.003569275915688759,0.008438831777262568,0.44075806114927374,0.7166666666666667,0.7157861663449886,-0.8660254037844385,-0.5000000000000004,-0.20129852008866114,0.9795299412524943,-0.9749279121818236,-0.2225209339563146
-0.021978827373891775,0.0,0.001191099036618895,-0.004813482474175489,-0.16632121544751347,0.7166666666666667,0.7159657076170385,-1.0,-1.8369701987210297e-16,0.5712682150947923,0.8207634412072763,0.9749279121818236,-0.22252093395631434
0.02318585577221872,-0.014134497041916072,-0.009569442282869082,0.0036122536076963834,-0.7827593392496325,0.7166666666666667,0.716010592935051,-1.0,-1.8369701987210297e-16,0.72479278722912,0.6889669190756866,0.43388373911755823,-0.900968867902419
-0.0036253493030870307,0.01061958635442972,-0.0012025587905886163,0.010759237687895771,0.69522834676377,0.7166666666666667,0.7160554782530635,-1.0,-1.8369701987210297e-16,0.8486442574947509,0.5289640103269624,-0.433883739117558,-0.9009688679024191
0.007237602910783497,-0.009434135679107251,0.010772001073457589,-0.0011897954050268278,0.17152193955024894,0.7166666666666667,0.716100363571076,-1.0,-1.8369701987210297e-16,0.9377521321470804,0.3473052528448203,-0.9749279121818236,-0.2225209339563146
0.007185709997090522,0.009434135679107399,0.0,0.0,-0.8380008730280329,0.7166666666666667,0.7162350195251134,-1.0,-1.8369701987210297e-16,0.9680771188662043,-0.2506525322587204,0.7818314824680298,0.6234898018587336
0.002383732285778579,0.05480818276686606,0.007117517691026101,0.045383046921066435,1.4414264318146068,0.7166666666666667,0.7162799048431259,-1.0,-1.8369701987210297e-16,0.8978045395707416,-0.4403941515576344,0.9749279121818236,-0.22252093395631434
0.017699644820635588,-0.01680707521245828,0.03370452224229277,-0.011441816367278408,-0.9898094288193106,0.7166666666666667,0.7163247901611384,-1.0,-1.8369701987210297e-16,0.7907757369376989,-0.6121059825476626,0.43388373911755823,-0.900968867902419
-0.004689335775924461,-0.019395938293002804,-0.011494423526282506,-0.010410643373586362,0.11434069146541066,0.7166666666666667,0.7163696754791509,-1.0,-1.8369701987210297e-16,0.6513724827222223,-0.758758122692791,-0.433883739117558,-0.9009688679024191
0.0011744250884382,0.00459770471269931,0.00805999170021701,0.006952457338088807,-0.2915208487589466,0.7166666666666667,0.7164145607971633,-1.0,-1.8369701987210297e-16,0.48530196253108104,-0.8743466161445821,-0.9749279121818236,-0.2225209339563146
0.013986227983039808,0.05467058586566592,-0.009216645991064273,0.021702797169266215,-0.040821994520255166,0.7166666666666667,0.7165492167512008,-1.0,-1.8369701987210297e-16,-0.10116832198743204,-0.9948693233918952,0.7818314824680298,0.6234898018587336
-0.016336459056122573,-0.0319938992640726,0.021752383423164316,-0.019395938293002804,0.8717224123942785,0.7166666666666667,0.7165941020692133,-1.0,-1.8369701987210297e-16,-0.29936312297335776,-0.9541392564000489,0.9749279121818236,-0.22252093395631434
0.0,0.006703876193146091,-0.017133442144799418,0.029513978417672296,0.15261752506163118,0.7166666666666667,0.7166389873872256,-1.0,-1.8369701987210297e-16,-0.4853019625310808,-0.8743466161445822,0.43388373911755823,-0.900968867902419
0.019802636095942787,-0.0033463203625910556,0.030631947144847464,0.001117968727175199,-0.7199709462191141,0.7166666666666667,0.7166838727052381,-1.0,-1.8369701987210297e-16,-0.6513724827222217,-0.7587581226927913,-0.433883739117558,-0.9009688679024191
0.005750468951244188,0.02428378361271805,0.0,0.02428378361271805,-0.6224221615648753,0.7166666666666667,0.7167287580232506,-1.0,-1.8369701987210297e-16,-0.7907757369376986,-0.6121059825476627,-0.9749279121818236,-0.2225209339563146
0.003434431826065561,-0.0010911325603517198,0.02319265105236615,-0.031010206443528948,0.9259356992333369,0.7166666666666667,0.716863413977288,-1.0,-1.8369701987210297e-16,-0.9987165071710528,-0.05064916883871355,0.7818314824680298,0.6234898018587336
-0.033704522242292784,-0.040094418869395285,-0.04693599854838145,-0.04486092464852411,0.7752015565843853,0.7166666666666667,0.7169082992953005,-1.0,-1.8369701987210297e-16,-0.9884683243281114,0.15142777750457667,0.9749279121818236,-0.22252093395631434
-0.07102125973448349,-0.027651503984284922,-0.032560985352360294,-0.07067494803686246,0.02068490615351211,0.7166666666666667,0.716953184613313,-1.0,-1.8369701987210297e-16,-0.9377521321470804,0.3473052528448203,0.43388373911755823,-0.900968867902419
-0.028315954560337253,-0.06765869749445606,-0.07356255469954981,0.006293251017953462,-0.16020572004621014,0.7166666666666667,0.7169980699313255,-1.0,-1.8369701987210297e-16,-0.8486442574947509,0.5289640103269624,-0.433883739117558,-0.9009688679024191
-0.0013063035276342039,0.018576338766832897,0.011385281246753002,-0.006293251017953369,0.3949354351002801,0.7166666666666667,0.717042955249338,-1.0,-1.8369701987210297e-16,-0.7247927872291207,0.6889669190756859,-0.9749279121818236,-0.2225209339563146
-0.01980263976251052,0.026635990381965045,-0.013933050849376056,0.05526265536922553,0.14467701883943887,0.7166666666666667,0.7171776112033754,-1.0,-1.8369701987210297e-16,-0.20129852008866114,0.9795299412524943,0.7818314824680298,0.6234898018587336
0.0013324757107203277,-0.0452123291487979,0.020202687854778384,-0.07567150713842492,-0.4436303439908457,0.7166666666666667,0.7172224965213879,-0.866025403784439,0.49999999999999933,0.20129852008866006,0.9795299412524945,0.9749279121818236,-0.22252093395631434
-0.017461842133704605,-0.027885176521881865,-0.0317486983145803,-0.04076835690073612,0.46916364599601046,0.7166666666666667,0.7172673818394004,-0.866025403784439,0.49999999999999933,0.39435585511331855,0.9189578116202306,0.43388373911755823,-0.900968867902419
-0.009530388185289524,-0.02472475364660934,-0.03947883657578293,0.0026809642684590866,0.053680149463623816,0.7166666666666667,0.7173122671574128,-0.866025403784439,0.49999999999999933,0.5712682150947923,0.8207634412072763,-0.433883739117558,-0.9009688679024191
0.008174424739314198,0.007874048793430557,0.006689013752791986,0.0013378234783854798,-0.6680782835912529,0.7166666666666667,0.7173571524754253,-0.866025403784439,0.49999999999999933,0.72479278722912,0.6889669190756866,-0.9749279121818236,-0.2225209339563146
0.005412728042532322,-0.007874048793430576,-0.012072601826427443,0.0026702260059476303,-0.37064165142044064,0.7166666666666667,0.7174918084294628,-0.866025403784439,0.49999999999999933,0.9884683243281114,0.1514277775045767,0.7818314824680298,0.6234898018587336
-0.0067704678345085305,-0.0013184219222287772,0.012072601826427531,-0.006689013752792,0.20640794585229452,0.7166666666666667,0.7175366937474752,-0.866025403784439,0.49999999999999933,0.9987165071710528,-0.05064916883871264,0.9749279121818236,-0.22252093395631434
-0.015058482014745307,0.003949999829078167,-0.03390155167568134,0.0,-0.9770226248901636,0.7166666666666667,0.7175815790654877,-0.866025403784439,0.49999999999999933,0.9680771188662043,-0.2506525322587204,0.43388373911755823,-0.900968867902419
0.020478544231031334,-0.007915600894365259,0.025869387669338988,0.006689013752791986,0.7818036069556749,0.7166666666666667,0.7176264643835002,-0.866025403784439,0.49999999999999933,0.8978045395707416,-0.4403941515576344,-0.433883739117558,-0.9009688679024191
-0.004062322424309712,0.001323594098769011,0.01600032608667546,-0.0040080494843330395,-0.3414917675173423,0.7166666666666667,0.7176713497015127,-0.866025403784439,0.49999999999999933,0.7907757369376989,-0.6121059825476626,-0.9749279121818236,-0.2225209339563146
-0.008174424739314174,0.003960428888746979,-0.025453491949292778,-0.010767254164723324,-0.252433309516514,0.7166666666666667,0.7178060056555501,-0.866025403784439,0.49999999999999933,0.29936312297335804,-0.9541392564000488,0.7818314824680298,0.6234898018587336
0.013587152781846462,0.032407242313712725,0.005412728042532322,0.020094460067376113,0.44416899199740567,0.7166666666666667,0.7178508909735626,-0.866025403784439,0.49999999999999933,0.10116832198743272,-0.994869323391895,0.9749279121818236,-0.22252093395631434
0.030567166986884234,0.005089064567689317,0.030567166986884234,0.01969861399786005,-0.3902343527624584,0.7166666666666667,0.7178957762915751,-0.866025403784439,0.49999999999999933,-0.10116832198743204,-0.9948693233918952,0.43388373911755823,-0.900968867902419
-0.01583145027734096,0.012610495459131794,0.007822718386154875,0.030732223041227733,0.1727291571025152,0.7166666666666667,0.7179406616095876,-0.866025403784439,0.49999999999999933,-0.29936312297335776,-0.9541392564000489,-0.433883739117558,-0.9009688679024191
0.039118441083421676,0.03084754521575303,0.03446416238848547,0.008788527680163735,0.10836803672178166,0.7166666666666667,0.7179855469276001,-0.866025403784439,0.49999999999999933,-0.4853019625310808,-0.8743466161445822,-0.9749279121818236,-0.2225209339563146
-0.049813719972879845,-0.030847545215752996,0.0,-0.052609930168491165,0.4889668299534916,0.7166666666666667,0.7181202028816375,-0.866025403784439,0.49999999999999933,-0.8978045395707417,-0.44039415155763423,0.7818314824680298,0.6234898018587336
-0.042559606059098296,-0.0012539473745168358,-0.04622127705916773,-0.03622126008711712,-0.03714551979094646,0.7166666666666667,0.71816508819965,-0.866025403784439,0.49999999999999933,-0.9680771188662041,-0.2506525322587213,0.9749279121818236,-0.22252093395631434
0.0014015071751724087,-0.07150539901586986,-0.04158881513578548,-0.00685406250238793,-0.3346390555395519,0.7166666666666667,0.7182099735176625,-0.866025403784439,0.49999999999999933,-0.9987165071710528,-0.05064916883871355,0.43388373911755823,-0.900968867902419
0.011142166193409714,0.030526592843283403,-0.0013708334946226637,0.033809846503540845,0.2011076629150294,0.7166666666666667,0.7182548588356749,-0.866025403784439,0.49999999999999933,-0.9884683243281114,0.15142777750457667,-0.433883739117558,-0.9009688679024191
0.01920502703592249,0.018135194680965864,0.024391430270145887,0.02754272964141267,-0.1883686371375996,0.7166666666666667,0.7182997441536874,-0.866025403784439,0.49999999999999933,-0.9377521321470804,0.3473052528448203,-0.9749279121818236,-0.2225209339563146
-0.009556410093542893,-0.009026518126304207,0.03162322146503297,-0.03154009809598812,-0.13715458499394295,0.7166666666666667,0.7184344001077249,-0.866025403784439,0.49999999999999933,-0.5712682150947924,0.8207634412072763,0.7818314824680298,0.6234898018587336
0.014976472309828815,-0.0064977115332129935,-0.028949425552159735,0.010624323155087951,0.1323964475475261,0.7166666666666667,0.7184792854257372,-0.866025403784439,0.49999999999999933,-0.3943558551133187,0.9189578116202306,0.9749279121818236,-0.22252093395631434
-0.020478544231031383,-0.007853435908030006,0.005326302703991416,-0.03358273870166542,-0.2156202531092573,0.7166666666666667,0.7185241707437497,-0.866025403784439,0.49999999999999933,-0.20129852008866114,0.9795299412524943,0.43388373911755823,-0.900968867902419
-0.03509131981127006,-0.027983176320579367,-0.020121415555515967,-0.01791917173293321,0.6226739239025596,0.7166666666666667,0.7185690560617622,-0.866025403784439,0.49999999999999933,-2.4492935982947064e-16,1.0,-0.433883739117558,-0.9009688679024191
0.0,-0.008141149682649845,-0.0344624036424564,-0.021083014939947506,-0.5232481437645479,0.7166666666666667,0.7186139413797747,-0.5000000000000012,0.8660254037844379,0.20129852008866006,0.9795299412524945,-0.9749279121818236,-0.2225209339563146
-0.11974924696709616,-0.04742871435965168,-0.018401101421510718,-0.08288765144372433,1.4631727268808323,0.7166666666666667,0.7187485973338121,-0.5000000000000012,0.8660254037844379,0.72479278722912,0.6889669190756866,0.7818314824680298,0.6234898018587336
-0.07348882487383919,-0.089612143788526,-0.089612143788526,-0.08701137029999516,0.4468987386083755,0.7166666666666667,0.7187934826518246,-0.5000000000000012,0.8660254037844379,0.8486442574947509,0.5289640103269624,0.9749279121818236,-0.22252093395631434
0.0051858732233163955,0.07667161043060713,-0.08474122389351073,0.13521349722367781,-0.5911768577879205,0.7166666666666667,0.7188383679698371,-0.5000000000000012,0.8660254037844379,0.9377521321470804,0.3473052528448203,0.43388373911755823,-0.900968867902419
0.052068844597593984,-0.045899981114625475,0.11551285320949234,-0.0939875442907845,-0.6036714754421421,0.7166666666666667,0.7188832532878496,-0.5000000000000012,0.8660254037844379,0.9884683243281114,0.1514277775045767,-0.433883739117558,-0.9009688679024191
-0.026535607534030066,-0.048108569935121304,-0.07061753725744306,-0.01628698916323251,0.10282455172604771,0.7166666666666667,0.718928138605862,-0.5000000000000012,0.8660254037844379,0.9987165071710528,-0.05064916883871264,-0.9749279121818236,-0.2225209339563146
0.008368281726796593,-0.00798091894609338,-0.019705051792144594,-0.004938316138385181,-0.8451986730511436,0.7166666666666667,0.7190627945598995,-0.5000000000000012,0.8660254037844379,0.7907757369376989,-0.6121059825476626,0.7818314824680298,0.6234898018587336
-0.020202687854778488,0.011155521783349005,0.0016569600978183269,-0.01496289837817015,0.2602448712333286,0.7166666666666667,0.719107679877912,-0.5000000000000012,0.8660254037844379,0.6513724827222223,-0.758758122692791,0.9749279121818236,-0.22252093395631434
0.018534592543423597,0.011032447809243118,-0.006644536402944578,0.029705205064592993,-0.0855979491924827,0.7166666666666667,0.7191525651959244,-0.5000000000000012,0.8660254037844379,0.48530196253108104,-0.8743466161445821,0.43388373911755823,-0.900968867902419
0.001668095311354922,-0.01739176369134029,0.03761686663286163,-0.019705051792144594,-0.722860077878457,0.7166666666666667,0.7191974505139369,-0.5000000000000012,0.8660254037844379,0.29936312297335804,-0.9541392564000488,-0.433883739117558,-0.9009688679024191
-0.2004855584985898,-0.11838126684469519,-0.1209984790272543,-0.17340619407183036,3.0502505209162543,0.7166666666666667,0.7192423358319494,-0.5000000000000012,0.8660254037844379,0.10116832198743272,-0.994869323391895,-0.9749279121818236,-0.2225209339563146
-0.018499947052563404,-0.02361601337179296,-0.08306661026176493,-0.04230238607684932,-0.8816504381548727,0.7166666666666667,0.7193769917859868,-0.5000000000000012,0.8660254037844379,-0.4853019625310808,-0.8743466161445822,0.7818314824680298,0.6234898018587336
0.03666394875719851,-0.0586733898954689,0.005888183771778883,0.028399447049598688,0.3437055412147329,0.7166666666666667,0.7194218771039993,-0.5000000000000012,0.8660254037844379,-0.6513724827222217,-0.7587581226927913,0.9749279121818236,-0.22252093395631434
-0.00803216400634236,0.0696424107475762,-0.007858578882325183,0.06765863064812654,-0.6689883450832096,0.7166666666666667,0.7194667624220118,-0.5000000000000012,0.8660254037844379,-0.7907757369376986,-0.6121059825476627,0.43388373911755823,-0.900968867902419
0.03759098476583453,-0.00913251856049572,0.05375569162087578,-0.020775088429016722,-0.7553433884298512,0.7166666666666667,0.7195116477400243,-0.5000000000000012,0.8660254037844379,-0.8978045395707417,-0.44039415155763423,-0.433883739117558,-0.9009688679024191
-0.021590658679159096,-0.0018365022916115997,-0.0245991813808507,0.017029769210481903,-0.04484075411517283,0.7166666666666667,0.7195565330580368,-0.5000000000000012,0.8660254037844379,-0.9680771188662041,-0.2506525322587213,-0.9749279121818236,-0.2225209339563146
0.057819607032180975,0.05542078342294117,0.032047998448767795,0.06886780648495759,0.1973093477594463,0.7166666666666667,0.7196911890120742,-0.5000000000000012,0.8660254037844379,-0.9377521321470804,0.3473052528448203,0.7818314824680298,0.6234898018587336
0.005602205663000764,0.02744595079015344,0.06465449465911512,0.034426775250762924,0.11768100004586696,0.7166666666666667,0.7197360743300867,-0.5000000000000012,0.8660254037844379,-0.8486442574947509,0.5289640103269624,0.9749279121818236,-0.22252093395631434
0.06488764684573926,0.010101086661320448,0.03754703745147394,-0.022242086616104596,-0.5412147025645314,0.7166666666666667,0.7197809596480992,-0.5000000000000012,0.8660254037844379,-0.7247927872291207,0.6889669190756859,0.43388373911755823,-0.900968867902419
-0.010526402859971452,-0.016892277916625443,-0.018597265887783876,-0.006944548526717969,-1.241605251624715,0.7166666666666667,0.7198707302841241,-0.5000000000000012,0.8660254037844379,-0.3943558551133187,0.9189578116202306,-0.9749279121818236,-0.2225209339563146
-0.07696105459185051,-0.02065475953484834,-0.03119842386196288,-0.05368009907027205,1.3983572335691659,0.7166666666666667,0.7200053862381616,-2.4492935982947064e-16,1.0,0.39435585511331855,0.9189578116202306,0.7818314824680298,0.6234898018587336
0.03002098805007162,0.10865939231865616,-0.04870213785738202,0.1079307192525852,1.1931227883018702,0.7166666666666667,0.7200502715561741,-2.4492935982947064e-16,1.0,0.5712682150947923,0.8207634412072763,0.9749279121818236,-0.22252093395631434
0.10683819149877234,0.051683257756523125,0.11675561877612514,0.017989059643700546,-0.37027347984833103,0.7166666666666667,0.7200951568741865,-2.4492935982947064e-16,1.0,0.72479278722912,0.6889669190756866,0.43388373911755823,-0.900968867902419
-0.018441450552963964,-0.07696104113612832,0.02115621865848781,-0.031278279130516985,-1.0269899126421334,0.7166666666666667,0.720140042192199,-2.4492935982947064e-16,1.0,0.8486442574947509,0.5289640103269624,-0.433883739117558,-0.9009688679024191
0.013445568317287734,-0.008032202460952372,-0.03440143286016207,0.02314150667265149,0.09263280203360856,0.7166666666666667,0.7201849275102115,-2.4492935982947064e-16,1.0,0.9377521321470804,0.3473052528448203,-0.9749279121818236,-0.2225209339563146
0.003333412713915429,0.003220611732483714,0.02143529938905644,0.0,-0.3862145966125777,0.7166666666666667,0.7203195834642488,-2.4492935982947064e-16,1.0,0.9680771188662043,-0.2506525322587204,0.7818314824680298,0.6234898018587336
0.014863968914644548,0.0,-0.004906013071851137,0.0032626425892958387,-0.38207222853345885,0.7166666666666667,0.7203644687822613,-2.4492935982947064e-16,1.0,0.8978045395707416,-0.4403941515576344,0.9749279121818236,-0.22252093395631434
-0.07663319350771942,-0.01948111747458135,0.0,-0.03648825863062893,1.12147042674416,0.7166666666666667,0.7204093541002738,-2.4492935982947064e-16,1.0,0.7907757369376989,-0.6121059825476626,0.43388373911755823,-0.900968867902419
0.03307526093065792,-0.0032840721155309315,-0.03333638846961517,0.006734025694352132,-0.7276333566311146,0.7166666666666667,0.7204542394182863,-2.4492935982947064e-16,1.0,0.6513724827222223,-0.758758122692791,-0.433883739117558,-0.9009688679024191
-0.001713835692237878,0.0179304125107913,0.001693438523767318,0.028124281139354286,0.28034528238792666,0.7166666666666667,0.7204991247362988,-2.4492935982947064e-16,1.0,0.48530196253108104,-0.8743466161445821,-0.9749279121818236,-0.2225209339563146
0.03207026887641546,0.04886708096107066,0.03164294994584778,0.028940898867791887,0.34839332310701043,0.7166666666666667,0.7206337806903362,-2.4492935982947064e-16,1.0,-0.10116832198743204,-0.9948693233918952,0.7818314824680298,0.6234898018587336
0.0,-0.015504171634804215,0.048009249721526925,-0.00955420373659305,0.026668247082161273,0.7166666666666667,0.7206786660083487,-2.4492935982947064e-16,1.0,-0.29936312297335776,-0.9541392564000489,0.9749279121818236,-0.22252093395631434
0.0,-0.014162337781884044,-0.03497976157411006,-0.024292708203049844,0.3202923049035983,0.7166666666666667,0.7207235513263612,-2.4492935982947064e-16,1.0,-0.4853019625310808,-0.8743466161445822,0.43388373911755823,-0.900968867902419
0.00991742727735285,0.006319130401203841,-0.013029488147416928,0.02748759605754577,-0.48615093216199085,0.7166666666666667,0.7207684366443736,-2.4492935982947064e-16,1.0,-0.6513724827222217,-0.7587581226927913,-0.433883739117558,-0.9009688679024191
0.009820036984304599,-0.007905134213245376,0.025891466129339763,0.0,0.08362052902142038,0.7166666666666667,0.7208133219623861,-2.4492935982947064e-16,1.0,-0.7907757369376986,-0.6121059825476627,-0.9749279121818236,-0.2225209339563146
0.004874129868569639,0.04044093056050494,0.0,0.020521653663981315,0.08223809823697201,0.7166666666666667,0.7209479779164236,-2.4492935982947064e-16,1.0,-0.9987165071710528,-0.05064916883871355,0.7818314824680298,0.6234898018587336
0.02560137382072522,-0.003053434597129846,0.043756937961636704,-0.006269606921925834,-1.622683139184121,0.7166666666666667,0.720992863234436,-2.4492935982947064e-16,1.0,-0.9884683243281114,0.15142777750457667,0.9749279121818236,-0.22252093395631434
-0.032105455486217384,-0.018519030050575022,-0.018519030050575022,-0.017446934596551264,0.5792029212107276,0.7166666666666667,0.721082633870461,-2.4492935982947064e-16,1.0,-0.8486442574947509,0.5289640103269624,-0.433883739117558,-0.9009688679024191
0.011354492670246309,0.033693813795089365,-0.03486886829830408,0.04993239487627224,0.7325889126112419,0.7166666666666667,0.7211275191884735,-2.4492935982947064e-16,1.0,-0.7247927872291207,0.6889669190756859,-0.9749279121818236,-0.2225209339563146
0.04571323416179335,0.036959122266817974,0.06403441277508781,0.022574264688994764,0.19399350529946058,0.7166666666666667,0.7212621751425109,-2.4492935982947064e-16,1.0,-0.20129852008866114,0.9795299412524943,0.7818314824680298,0.6234898018587336
0.024354373559578722,0.01583908340774407,0.028338966168859676,0.03365350881925798,-0.09793021889496194,0.7166666666666667,0.7213070604605234,-2.4492935982947064e-16,1.0,-2.4492935982947064e-16,1.0,0.9749279121818236,-0.22252093395631434
0.014925635875708533,0.028170850475742706,0.028987508824008093,0.024166077217886394,0.4067190267677581,0.7333333333333333,0.7213968310965484,0.49999999999999994,0.8660254037844387,0.39435585511331855,0.9189578116202306,-0.433883739117558,-0.9009688679024191
0.021978920540141948,-0.008368241879059607,0.01418462155992381,-0.025605926586985614,-0.8492490805184654,0.7333333333333333,0.7214417164145609,0.49999999999999994,0.8660254037844387,0.5712682150947923,0.8207634412072763,-0.9749279121818236,-0.2225209339563146
-0.014598785193275239,0.0,-0.01991529078802192,0.0014398493690991085,-0.23197146543777514,0.7333333333333333,0.7215763723685983,0.49999999999999994,0.8660254037844387,0.9377521321470804,0.3473052528448203,0.7818314824680298,0.6234898018587336
0.024692554439498506,0.008368241879059648,0.008583735493483863,0.02837073791118327,0.5504251965563098,0.7333333333333333,0.7216212576866108,0.49999999999999994,0.8660254037844387,0.9884683243281114,0.1514277775045767,0.9749279121818236,-0.22252093395631434
-0.05303152060835809,0.0,0.019746744340697304,-0.05905247907853284,0.9331925426767582,0.7333333333333333,0.7216661430046233,0.49999999999999994,0.8660254037844387,0.9987165071710528,-0.05064916883871264,0.43388373911755823,-0.900968867902419
-0.06403441277508784,-0.0630580756179241,-0.057487035748264206,-0.07387966929088557,0.05224256435860207,0.7333333333333333,0.7217110283226357,0.49999999999999994,0.8660254037844387,0.9680771188662043,-0.2506525322587204,-0.433883739117558,-0.9009688679024191
-0.021190627935658526,-0.034615948494877036,-0.07047326024027029,-0.01610346889993343,-0.806433448951076,0.7333333333333333,0.7217559136406482,0.49999999999999994,0.8660254037844387,0.8978045395707416,-0.4403941515576344,-0.9749279121818236,-0.2225209339563146
-0.04550068291400487,-0.039036961529175275,-0.020850813390258075,-0.03468556527340826,-0.022823813565256878,0.7333333333333333,0.7218905695946857,0.49999999999999994,0.8660254037844387,0.48530196253108104,-0.8743466161445821,0.7818314824680298,0.6234898018587336
0.0068728725305045495,-0.025807936064341508,-0.039674666220925574,0.0067001864154418245,-0.33793138084897345,0.7333333333333333,0.7219354549126981,0.49999999999999994,0.8660254037844387,0.29936312297335804,-0.9541392564000488,0.9749279121818236,-0.22252093395631434
-0.013793308523969885,-0.019802608596683105,0.01173528516637706,-0.027074386640739228,0.3257062897197142,0.7333333333333333,0.7219803402307106,0.49999999999999994,0.8660254037844387,0.10116832198743272,-0.994869323391895,0.43388373911755823,-0.900968867902419
-0.021053472607028428,-0.010050326220427584,-0.03390151879036064,-0.02782785608057803,-0.2486821551105847,0.7333333333333333,0.7220252255487231,0.49999999999999994,0.8660254037844387,-0.10116832198743204,-0.9948693233918952,-0.433883739117558,-0.9009688679024191
-0.019696188362930737,-0.03774037429570294,-0.02620238840015348,-0.012422550484178002,0.6627204939292373,0.7333333333333333,0.7220701108667356,0.49999999999999994,0.8660254037844387,-0.29936312297335776,-0.9541392564000489,-0.9749279121818236,-0.2225209339563146
0.009000909246199649,0.16111935460165255,-0.012466799317071453,0.15669849805578173,1.709614281889598,0.7333333333333333,0.7222496521387854,0.49999999999999994,0.8660254037844387,-0.8978045395707417,-0.44039415155763423,0.9749279121818236,-0.22252093395631434
0.1402293668651924,0.03509135651363814,0.16939491134197626,0.04039441825867378,-1.099937084622524,0.7333333333333333,0.722294537456798,0.49999999999999994,0.8660254037844387,-0.9680771188662041,-0.2506525322587213,0.43388373911755823,-0.900968867902419
0.0560328063668321,0.03390151970384086,0.03712378713808917,0.005847964174874583,-0.4859498047391725,0.7333333333333333,0.7223394227748104,0.49999999999999994,0.8660254037844387,-0.9987165071710528,-0.05064916883871355,-0.433883739117558,-0.9009688679024191
-0.029897564283618446,-0.04255957410647557,0.0029112073785717086,-0.022108504531851574,-0.7018052433030598,0.7333333333333333,0.7223843080928228,0.49999999999999994,0.8660254037844387,-0.9884683243281114,0.15142777750457667,-0.9749279121818236,-0.2225209339563146
-0.05297190792056538,0.002894355230134138,-0.022043522088371084,0.019188797273946685,0.7167787850932223,0.7333333333333333,0.7225189640468603,0.49999999999999994,0.8660254037844387,-0.7247927872291207,0.6889669190756859,0.7818314824680298,0.6234898018587336
0.0680324189449598,0.0014440077763354022,0.011816965268268642,0.0029197072579049094,-0.3803065484720095,0.7333333333333333,0.7225638493648728,0.49999999999999994,0.8660254037844387,-0.5712682150947924,0.8207634412072763,0.9749279121818236,-0.22252093395631434
0.005961263797465613,0.0014419943326859205,0.0058565265928769115,-0.005847964174874562,-0.989841445724239,0.7333333333333333,0.7226087346828852,0.49999999999999994,0.8660254037844387,-0.3943558551133187,0.9189578116202306,0.43388373911755823,-0.900968867902419
-0.014970325031890802,0.010035950933523375,0.0,0.02031998280155493,0.45350334265816206,0.7333333333333333,0.7226536200008977,0.49999999999999994,0.8660254037844387,-0.20129852008866114,0.9795299412524943,-0.433883739117558,-0.9009688679024191
-0.07190597117624106,-0.005722539026455654,0.013053144411854952,-0.11080314396629862,0.8871990771393896,0.7333333333333333,0.7226985053189102,0.49999999999999994,0.8660254037844387,-2.4492935982947064e-16,1.0,-0.9749279121818236,-0.2225209339563146
-0.03462836280484645,-0.06674082165762349,-0.10472031901542585,-0.011299583086249928,0.9855556751897471,0.7333333333333333,0.7228331612729476,0.8660254037844386,0.5000000000000001,0.5712682150947923,0.8207634412072763,0.7818314824680298,0.6234898018587336
0.01828814587394202,0.019742495995549645,0.0015987579262899685,0.07654011623406318,-1.083493210176453,0.7333333333333333,0.7228780465909601,0.8660254037844386,0.5000000000000001,0.72479278722912,0.6889669190756866,0.9749279121818236,-0.22252093395631434
-0.0033003297825259527,0.0,0.060436647334129706,-0.0765401162340632,-0.006451635281488719,0.7333333333333333,0.7229229319089726,0.8660254037844386,0.5000000000000001,0.8486442574947509,0.5289640103269624,0.43388373911755823,-0.900968867902419
-0.020034119507495243,-0.058840517405923845,-0.07329862531605263,-0.01142864599737849,-0.19011886725398633,0.7333333333333333,0.7229678172269851,0.8660254037844386,0.5000000000000001,0.9377521321470804,0.3473052528448203,-0.433883739117558,-0.9009688679024191
-0.010169569717570558,0.031399724482127904,-0.008123475075565809,0.017901154510069527,-0.0328224391409376,0.7333333333333333,0.7230127025449976,0.8660254037844386,0.5000000000000001,0.9884683243281114,0.1514277775045767,-0.9749279121818236,-0.2225209339563146
0.030203689225065923,0.05707256226694715,0.006504081665492242,0.08795182281947195,0.10181531062788916,0.7333333333333333,0.723147358499035,0.8660254037844386,0.5000000000000001,0.8978045395707416,-0.4403941515576344,0.7818314824680298,0.6234898018587336
0.04366093175120278,0.01161115007916917,0.11037221536496568,0.004421556124475479,-0.7237476210086623,0.7333333333333333,0.7231922438170475,0.8660254037844386,0.5000000000000001,0.7907757369376989,-0.6121059825476626,0.9749279121818236,-0.22252093395631434
0.020360865916008105,-0.018937148199744874,-0.013148425416264023,-0.005899716318173342,0.3237470073725767,0.7333333333333333,0.72323712913506,0.8660254037844386,0.5000000000000001,0.6513724827222223,-0.758758122692791,0.43388373911755823,-0.900968867902419
0.012326874181870819,0.0,-0.014815142302275305,0.001478160193697676,-0.1323643043768962,0.7333333333333333,0.7232820144530725,0.8660254037844386,0.5000000000000001,0.48530196253108104,-0.8743466161445821,-0.433883739117558,-0.9009688679024191
0.0015301842179819244,0.05018972981271327,0.03230828272568481,-0.02543144952406081,0.8138635286465684,0.7333333333333333,0.7233268997710849,0.8660254037844386,0.5000000000000001,0.29936312297335804,-0.9541392564000488,-0.9749279121818236,-0.2225209339563146
-0.03580149215133362,-0.07400042666326721,-0.047346146071945816,-0.04493396709786572,-0.1222727686342813,0.7333333333333333,0.7235064410431349,0.8660254037844386,0.5000000000000001,-0.4853019625310808,-0.8743466161445822,0.9749279121818236,-0.22252093395631434
-0.017586406197545396,-0.039943828086605,-0.04651997090990719,-0.017586406197545396,-1.0418433587668725,0.7333333333333333,0.7235513263611473,0.8660254037844386,0.5000000000000001,-0.6513724827222217,-0.7587581226927913,0.43388373911755823,-0.900968867902419
-0.04959689421171268,0.018634061607445105,-0.020850813390258075,-0.044525077225679804,1.028515054838105,0.7333333333333333,0.7235962116791598,0.8660254037844386,0.5000000000000001,-0.7907757369376986,-0.6121059825476627,-0.433883739117558,-0.9009688679024191
0.001693438523767318,-0.026501952798262705,-0.04305304468319102,0.029902610973610293,-1.080621971633531,0.7333333333333333,0.7236410969971723,0.8660254037844386,0.5000000000000001,-0.8978045395707417,-0.44039415155763423,-0.9749279121818236,-0.2225209339563146
0.015113663628642622,-0.015923888242412206,0.03817891481462131,0.01623410705292867,0.8104132867656862,0.7333333333333333,0.7237757529512097,0.8660254037844386,0.5000000000000001,-0.9884683243281114,0.15142777750457667,0.7818314824680298,0.6234898018587336
0.0033277869243214537,0.019078462025190413,0.001627376911291969,-0.027756896457217548,0.11973447976989501,0.7333333333333333,0.7238206382692222,0.8660254037844386,0.5000000000000001,-0.9377521321470804,0.3473052528448203,0.9749279121818236,-0.22252093395631434
-0.003327786924321495,-0.014274576211506875,-0.011447413895596566,0.019672747143666937,-0.1427480477294466,0.7333333333333333,0.7238655235872347,0.8660254037844386,0.5000000000000001,-0.8486442574947509,0.5289640103269624,0.43388373911755823,-0.900968867902419
0.03761686663286163,0.014274576211506816,0.025975462271824908,0.019293261114412995,-0.9215957841038482,0.7333333333333333,0.7239104089052472,0.8660254037844386,0.5000000000000001,-0.7247927872291207,0.6889669190756859,-0.433883739117558,-0.9009688679024191
-0.02931803229174324,0.00940444924180837,0.01904825264330729,0.007930210214249223,0.7037292898904823,0.7333333333333333,0.7239552942232597,0.8660254037844386,0.5000000000000001,-0.5712682150947924,0.8207634412072763,-0.9749279121818236,-0.2225209339563146
0.032523160179136756,0.033745574330929305,-0.0015736004587544382,0.03721363452125339,0.3661040342275841,0.7333333333333333,0.724089950177297,1.0,6.123233995736766e-17,0.5712682150947923,0.8207634412072763,0.7818314824680298,0.6234898018587336
0.04382551166994475,0.029719840953437545,0.06993731387289699,0.015106012741322635,0.18064740679483526,0.7333333333333333,0.7241348354953095,1.0,6.123233995736766e-17,0.72479278722912,0.6889669190756866,0.9749279121818236,-0.22252093395631434
-0.0046047985166634674,0.0014630915303479248,-0.011816965268268666,0.0119226335185335,-0.21404568719668332,0.7333333333333333,0.724179720813322,1.0,6.123233995736766e-17,0.8486442574947509,0.5289640103269624,0.43388373911755823,-0.900968867902419
0.03774032798284711,0.03871450865091658,0.007401986406752667,0.051959757709108184,0.33309727560468705,0.7333333333333333,0.7242246061313344,1.0,6.123233995736766e-17,0.9377521321470804,0.3473052528448203,-0.433883739117558,-0.9009688679024191
0.0,0.03591542807975848,0.005882364128172348,0.019499206273036918,0.1357264125011999,0.7333333333333333,0.7242694914493469,1.0,6.123233995736766e-17,0.9884683243281114,0.1514277775045767,-0.9749279121818236,-0.2225209339563146
-0.007435006955408482,0.022804486287279446,-0.017751999096630337,0.033901551675681416,0.14585187701256314,0.7333333333333333,0.7244041474033844,1.0,6.123233995736766e-17,0.8978045395707416,-0.4403941515576344,0.7818314824680298,0.6234898018587336
0.07197350160202613,0.006609434550760324,0.11811467903155459,-0.032523160179136874,-0.7760852321619393,0.7333333333333333,0.7244490327213968,1.0,6.123233995736766e-17,0.7907757369376989,-0.6121059825476626,0.9749279121818236,-0.22252093395631434
-0.04255957410647557,-0.03622126008711712,-0.046141177429528474,0.004123680424657951,0.2002674696502361,0.7333333333333333,0.7244939180394093,1.0,6.123233995736766e-17,0.6513724827222223,-0.758758122692791,0.43388373911755823,-0.900968867902419
0.045333498420825714,0.022958415546577456,0.008298860832071831,0.019022294838062517,-0.17077325089902126,0.7333333333333333,0.7245388033574218,1.0,6.123233995736766e-17,0.48530196253108104,-0.8743466161445821,-0.433883739117558,-0.9009688679024191
-0.006949258593159681,-0.005354760181332368,0.025834146426344826,-0.005398118732639826,-0.8782713693490077,0.7333333333333333,0.7245836886754343,1.0,6.123233995736766e-17,0.29936312297335804,-0.9541392564000488,-0.9749279121818236,-0.2225209339563146
0.028867988867033997,0.03560033006996431,-0.009440352670192243,0.025385472695907584,0.46578489834168707,0.7333333333333333,0.7247183446294717,1.0,6.123233995736766e-17,-0.29936312297335776,-0.9541392564000489,0.7818314824680298,0.6234898018587336
0.009440352670192323,-0.014351147441243021,0.029374580624658687,-0.0092776933361308,-0.19508559851905233,0.7333333333333333,0.7247632299474842,1.0,6.123233995736766e-17,-0.4853019625310808,-0.8743466161445822,0.9749279121818236,-0.22252093395631434
-0.008086289896264327,-0.003949999829078106,-0.013245214201674278,-0.013405077537147841,-0.1604285791837178,0.7333333333333333,0.7248081152654967,1.0,6.123233995736766e-17,-0.6513724827222217,-0.7587581226927913,0.43388373911755823,-0.900968867902419
-0.02465876030550848,-0.01729918279964322,-0.01884306966093601,-0.016326877928051417,0.02971647232847687,0.7333333333333333,0.7248530005835092,1.0,6.123233995736766e-17,-0.7907757369376986,-0.6121059825476627,-0.433883739117558,-0.9009688679024191
-0.0013879570566438678,-0.009440352670192243,-0.012303661959489023,-0.004123680424658028,-0.457469893098479,0.7333333333333333,0.7248978859015217,1.0,6.123233995736766e-17,-0.8978045395707417,-0.44039415155763423,-0.9749279121818236,-0.2225209339563146
0.009675289390783798,0.012121316938651316,0.006854062502387921,0.016393793756152505,1.3028353857346286,0.7333333333333333,0.7250325418555591,1.0,6.123233995736766e-17,-0.9884683243281114,0.15142777750457667,0.7818314824680298,0.6234898018587336
0.004118085360568678,0.005340525195053377,0.006807339249077338,-0.008163302695052731,-0.7386545378804519,0.7333333333333333,0.7250774271735716,1.0,6.123233995736766e-17,-0.9377521321470804,0.3473052528448203,0.9749279121818236,-0.22252093395631434
0.0,0.0301661617773535,0.0027100262199033945,0.025625144828757496,0.9339476914023248,0.7333333333333333,0.7251223124915841,1.0,6.123233995736766e-17,-0.8486442574947509,0.5289640103269624,0.43388373911755823,-0.900968867902419
-0.004118085360568834,-0.0077821332224999465,0.03849180791463034,-0.021535196003400658,-1.1301300489885149,0.7333333333333333,0.7251671978095965,1.0,6.123233995736766e-17,-0.7247927872291207,0.6889669190756859,-0.433883739117558,-0.9009688679024191
-0.013850623669593243,-0.010471290063899706,-0.035789106092001394,-0.009569409221162041,0.8522118751896326,0.7333333333333333,0.725212083127609,1.0,6.123233995736766e-17,-0.5712682150947924,0.8207634412072763,-0.9749279121818236,-0.2225209339563146
-0.00981089463700951,-0.010582099318558446,-0.004056764596556842,0.017699527687414923,0.04919024419077178,0.7333333333333333,0.7253467390816465,1.0,6.123233995736766e-17,-2.4492935982947064e-16,1.0,0.7818314824680298,0.6234898018587336
0.027779603667171544,0.01844582840702905,0.013459140417036684,0.00806455234209452,0.02955880224154443,0.7333333333333333,0.7253916243996589,0.8660254037844387,-0.4999999999999998,0.20129852008866006,0.9795299412524945,0.9749279121818236,-0.22252093395631434
0.0,0.010389694197929174,-0.008053727074825295,-0.0013395517287270997,-0.011718884113213375,0.7333333333333333,0.7254365097176714,0.8660254037844387,-0.4999999999999998,0.39435585511331855,0.9189578116202306,0.43388373911755823,-0.900968867902419
0.008185576598920183,-0.016938468612144635,0.0,0.01595777025991132,-0.6564989134042066,0.7333333333333333,0.7254813950356839,0.8660254037844387,-0.4999999999999998,0.5712682150947923,0.8207634412072763,-0.433883739117558,-0.9009688679024191
0.018843069660936063,0.03613292851761091,0.021334122127624016,0.028610568559617442,0.5221251790199241,0.7333333333333333,0.7255262803536964,0.8660254037844387,-0.4999999999999998,0.72479278722912,0.6889669190756866,-0.9749279121818236,-0.2225209339563146
-0.01884306966093601,0.0050568960638672465,0.028610568559617442,-0.05399604125552494,-0.09913772021955719,0.7333333333333333,0.7256609363077338,0.8660254037844387,-0.4999999999999998,0.9884683243281114,0.1514277775045767,0.7818314824680298,0.6234898018587336
-0.004084445391219581,0.008788527680163735,-0.04725290161281097,0.0629303309946907,0.08897388342955116,0.7333333333333333,0.7257058216257463,0.8660254037844387,-0.4999999999999998,0.9987165071710528,-0.05064916883871264,0.9749279121818236,-0.22252093395631434
0.06470907101869298,0.02834441738779566,0.05745706185682438,0.02757070204379784,-0.13077857734875753,0.7333333333333333,0.7257507069437588,0.8660254037844387,-0.4999999999999998,0.9680771188662043,-0.2506525322587204,0.43388373911755823,-0.900968867902419
-0.006414414584006327,-0.004872112437905081,0.0250639446979372,-0.037787894945955636,0.10548987339683334,0.7333333333333333,0.7257955922617713,0.8660254037844387,-0.4999999999999998,0.8978045395707416,-0.4403941515576344,-0.433883739117558,-0.9009688679024191
-0.027398979302198156,-0.03605107508492399,-0.041699019725428416,-0.02600924347439653,-0.17512978469930626,0.7333333333333333,0.7258404775797836,0.8660254037844387,-0.4999999999999998,0.7907757369376989,-0.6121059825476626,-0.9749279121818236,-0.2225209339563146
-0.021391169524983083,-0.002534853152055743,0.01663507502749113,-0.025351598413729956,-0.46474701180191497,0.7333333333333333,0.7259751335338211,0.8660254037844387,-0.4999999999999998,0.29936312297335804,-0.9541392564000488,0.7818314824680298,0.6234898018587336
-0.012236747163623805,-0.05745706185682441,-0.05745706185682441,0.0,0.062051988567566385,0.7333333333333333,0.7260200188518336,0.8660254037844387,-0.4999999999999998,0.10116832198743272,-0.994869323391895,0.9749279121818236,-0.22252093395631434
0.01223674716362375,0.0369434803235148,-0.005390843438307593,0.008075406231589869,-0.22990912486995438,0.7333333333333333,0.726064904169846,0.8660254037844387,-0.4999999999999998,-0.10116832198743204,-0.9948693233918952,0.43388373911755823,-0.900968867902419
-0.004062322424309712,-0.03560033006996432,0.004045822528233536,-0.0040295837033563695,-0.2678623801635786,0.7333333333333333,0.7261097894878585,0.8660254037844387,-0.4999999999999998,-0.29936312297335776,-0.9541392564000489,-0.433883739117558,-0.9009688679024191
-0.015037830310177195,0.006689013752791986,0.006706958910468944,-0.014915484201620588,0.3648327050189446,0.7333333333333333,0.7262893307599085,0.8660254037844387,-0.4999999999999998,-0.8978045395707417,-0.44039415155763423,0.7818314824680298,0.6234898018587336
0.010959003051836941,-0.002670226005947513,-0.0175324942867327,0.012220067291609687,0.4785569921135006,0.7333333333333333,0.7263342160779209,0.8660254037844387,-0.4999999999999998,-0.9680771188662041,-0.2506525322587213,0.9749279121818236,-0.22252093395631434
0.010840204046527043,0.007989382424267296,0.01619467080834733,0.009402375820479869,0.08443831914657454,0.7333333333333333,0.7263791013959334,0.8660254037844387,-0.4999999999999998,-0.9987165071710528,-0.05064916883871355,0.43388373911755823,-0.900968867902419
-0.006761376788186848,-0.005319156418319687,0.004008049484332985,-0.008053727074825295,-0.3834421960207271,0.7333333333333333,0.7264239867139459,0.8660254037844387,-0.4999999999999998,-0.9884683243281114,0.15142777750457667,-0.433883739117558,-0.9009688679024191
-0.0013577397919763404,0.0,-0.013423007444650008,-0.006761376788186848,0.8845037064118125,0.7333333333333333,0.7264688720319584,0.8660254037844387,-0.4999999999999998,-0.9377521321470804,0.3473052528448203,-0.9749279121818236,-0.2225209339563146
-0.013680090518200882,-0.006689013752792,0.0,0.005412728042532322,-0.6841931117817845,0.7333333333333333,0.7266035279859958,0.8660254037844387,-0.4999999999999998,-0.5712682150947924,0.8207634412072763,0.7818314824680298,0.6234898018587336
-0.001378391496544468,0.0026809642684590866,0.0013504056182226689,-0.020450558352709477,-0.25945116967396786,0.7333333333333333,0.7266484133040083,0.8660254037844387,-0.4999999999999998,-0.3943558551133187,0.9189578116202306,0.9749279121818236,-0.22252093395631434
0.0,-0.01212131693865133,-0.021828949849253876,0.010959003051836941,-0.3364722366212129,0.7333333333333333,0.7266932986220208,0.8660254037844387,-0.4999999999999998,-0.20129852008866114,0.9795299412524943,0.43388373911755823,-0.900968867902419
0.0013783914965446054,0.01746184213370473,0.006872905415825075,0.01621655591423976,-0.6359887667199967,0.7333333333333333,0.7267381839400333,0.5000000000000003,-0.8660254037844385,0.20129852008866006,0.9795299412524945,-0.433883739117558,-0.9009688679024191
0.012320439886456612,0.005312092270843664,0.02168104504679621,-0.00942770243599627,-0.09920665008344803,0.7333333333333333,0.7267830692580457,0.5000000000000003,-0.8660254037844385,0.39435585511331855,0.9189578116202306,-0.9749279121818236,-0.2225209339563146
-0.0054570343155934935,-0.005312092270843689,-0.02031215339521377,0.0067431396427138236,-0.37525132951166773,0.7333333333333333,0.7269177252120832,0.5000000000000003,-0.8660254037844385,0.8486442574947509,0.5289640103269624,0.7818314824680298,0.6234898018587336
0.010884450959217563,0.026282696269979706,0.021651705123940712,0.0040241145220093885,1.1075012360853558,0.7333333333333333,0.7269626105300957,0.5000000000000003,-0.8660254037844385,0.9377521321470804,0.3473052528448203,0.9749279121818236,-0.22252093395631434
0.009427702435996249,0.006464171167244077,-0.0013395517287270997,0.02119288923724339,0.5072795207592401,0.7333333333333333,0.7270074958481081,0.5000000000000003,-0.8660254037844385,0.9884683243281114,0.1514277775045767,0.43388373911755823,-0.900968867902419
-0.016216555914239775,-0.006464171167244152,0.02515024097557073,-0.025217003759252895,-0.5967073306604985,0.7333333333333333,0.7270523811661206,0.5000000000000003,-0.8660254037844385,0.9987165071710528,-0.05064916883871264,-0.433883739117558,-0.9009688679024191
0.0027210874663637827,-0.019647009900367003,-0.03864570942344654,-0.005390843438307593,-0.17589066646366416,0.7333333333333333,0.7270972664841331,0.5000000000000003,-0.8660254037844385,0.9680771188662043,-0.2506525322587204,-0.9749279121818236,-0.2225209339563146
0.00946588474451959,0.015748342185240974,0.00946588474451959,0.027983176320579322,0.6026331730191135,0.7333333333333333,0.7272319224381705,0.5000000000000003,-0.8660254037844385,0.6513724827222223,-0.758758122692791,0.7818314824680298,0.6234898018587336
0.006706958910468944,0.005194812051598424,0.02787175007687327,-0.0026315779068493595,-0.2883840731826108,0.7333333333333333,0.727276807756183,0.5000000000000003,-0.8660254037844385,0.48530196253108104,-0.8743466161445821,0.9749279121818236,-0.22252093395631434
-0.07205331470910203,-0.02624820143405644,-0.01583145027734096,-0.03622126008711712,1.0136417287133326,0.7333333333333333,0.7273216930741955,0.5000000000000003,-0.8660254037844385,0.29936312297335804,-0.9541392564000488,0.43388373911755823,-0.900968867902419
-0.014472018626680341,0.023654168663495855,0.02105338938245812,-0.026299100947403595,0.7846506615563454,0.7333333333333333,0.727366578392208,0.5000000000000003,-0.8660254037844385,0.10116832198743272,-0.994869323391895,-0.433883739117558,-0.9009688679024191
-0.0788286686839099,-0.09531015503356308,-0.09270937575252543,-0.03714716090063292,-0.48481038462475495,0.7333333333333333,0.7274114637102205,0.5000000000000003,-0.8660254037844385,-0.10116832198743204,-0.9948693233918952,-0.9749279121818236,-0.2225209339563146
-0.006329128843763199,-0.021661510703432276,-0.02605065202965303,-0.023565132907507936,-0.579063493329573,0.7333333333333333,0.7275461196642579,0.5000000000000003,-0.8660254037844385,-0.6513724827222217,-0.7587581226927913,0.7818314824680298,0.6234898018587336
0.00790513421324536,-0.01916051503830397,-0.014771373712083145,-0.039518855432299174,0.187474475107475,0.7333333333333333,0.7275910049822704,0.5000000000000003,-0.8660254037844385,-0.7907757369376986,-0.6121059825476627,0.9749279121818236,-0.22252093395631434
0.0,0.0014870231771583235,-0.04255957431215046,0.02903184214436729,-0.5702870489873899,0.7333333333333333,0.7276358903002829,0.5000000000000003,-0.8660254037844385,-0.8978045395707417,-0.44039415155763423,0.43388373911755823,-0.900968867902419
0.006279449609063171,-0.0014870231771583141,0.01998530962315572,0.004507927985153642,0.07608230645743949,0.7333333333333333,0.7276807756182953,0.5000000000000003,-0.8660254037844385,-0.9680771188662041,-0.2506525322587213,-0.433883739117558,-0.9009688679024191
0.006240264057409292,0.0,0.022574264688994764,-0.022745498352724706,0.20465873664010678,0.7333333333333333,0.7277256609363077,0.5000000000000003,-0.8660254037844385,-0.9987165071710528,-0.05064916883871355,-0.9749279121818236,-0.2225209339563146
-0.026794289877979393,-0.02409752908021036,-0.037912047228643136,-0.03115513769280424,0.2044626826711681,0.7333333333333333,0.7279052022083577,0.5000000000000003,-0.8660254037844385,-0.7247927872291207,0.6889669190756859,0.9749279121818236,-0.22252093395631434
-0.052471078666972655,0.004562777435508705,-0.02662641241207224,0.018809313681050693,0.21483663816654489,0.7333333333333333,0.7279500875263701,0.5000000000000003,-0.8660254037844385,-0.5712682150947924,0.8207634412072763,0.43388373911755823,-0.900968867902419
0.03798970727497603,0.009063497339854476,0.02042484787971775,0.0077339464477245564,-0.970739663757894,0.7333333333333333,0.7279949728443826,0.5000000000000003,-0.8660254037844385,-0.3943558551133187,0.9189578116202306,-0.433883739117558,-0.9009688679024191
-0.0032467529572777435,0.013443021956755813,0.004654812147035147,0.028855466401591905,1.2608721172446269,0.7333333333333333,0.7280398581623951,0.5000000000000003,-0.8660254037844385,-0.20129852008866114,0.9795299412524943,-0.9749279121818236,-0.2225209339563146
0.04917722637428878,-0.002971767651908605,0.03647817422941538,-0.009022609188974089,-1.1956861373599312,0.7333333333333333,0.7281745141164325,1.2246467991473532e-16,-1.0,0.39435585511331855,0.9189578116202306,0.7818314824680298,0.6234898018587336
-0.009331318432827345,0.0029717676519085837,-0.018072764186628686,-0.03223610553385365,0.9525196701706138,0.7333333333333333,0.728219399434445,1.2246467991473532e-16,-1.0,0.5712682150947923,0.8207634412072763,0.9749279121818236,-0.22252093395631434
-0.03822125249212061,0.019104198610705423,-0.02306022218982184,-0.03008937410807371,0.45181486750701133,0.7333333333333333,0.7282642847524575,1.2246467991473532e-16,-1.0,0.72479278722912,0.6889669190756866,0.43388373911755823,-0.900968867902419
0.003241490918010434,-0.06463554057476449,-0.03642525026522175,0.014365794465061666,-1.3662346914453547,0.7333333333333333,0.72830917007047,1.2246467991473532e-16,-1.0,0.8486442574947509,0.5289640103269624,-0.433883739117558,-0.9009688679024191
0.01923141998018453,-0.0015540374488472385,0.02390553659874923,0.012598580010267145,-0.28457165003738844,0.7333333333333333,0.7283540553884825,1.2246467991473532e-16,-1.0,0.9377521321470804,0.3473052528448203,-0.9749279121818236,-0.2225209339563146
0.014184583822308682,0.016962648083657494,0.01096333169955489,0.009345853741213814,0.48119849620895855,0.7333333333333333,0.7284887113425199,1.2246467991473532e-16,-1.0,0.9680771188662043,-0.2506525322587204,0.7818314824680298,0.6234898018587336
-0.030184986207812518,0.004576698988345329,-0.004683882090491608,-0.020360865916008122,0.7140406281482227,0.7333333333333333,0.7285335966605324,1.2246467991473532e-16,-1.0,0.8978045395707416,-0.4403941515576344,0.9749279121818236,-0.22252093395631434
0.01916997403301824,0.0045557759581865654,-0.01101501217479431,0.032687740097878976,-0.5913644862500029,0.7333333333333333,0.7285784819785449,1.2246467991473532e-16,-1.0,0.7907757369376989,-0.6121059825476626,0.43388373911755823,-0.900968867902419
0.007880216298088575,0.03278986244289131,0.02808294158121537,-0.02167272792308464,0.04156874449555582,0.7333333333333333,0.7286233672965573,1.2246467991473532e-16,-1.0,0.6513724827222223,-0.758758122692791,-0.433883739117558,-0.9009688679024191
-0.009463784133561344,-0.041922337389423386,-0.012384047315929621,0.012441828589763617,-0.6706019422388891,0.7333333333333333,0.7286682526145698,1.2246467991473532e-16,-1.0,0.48530196253108104,-0.8743466161445821,-0.9749279121818236,-0.2225209339563146
-0.011155521783349002,-0.009216646328614303,-0.003120124318874639,-0.028215011437286327,-0.03566018039888422,0.7333333333333333,0.7288029085686073,1.2246467991473532e-16,-1.0,-0.10116832198743204,-0.9948693233918952,0.7818314824680298,0.6234898018587336
0.0,0.004618978071354789,-0.01574834159392558,0.0015885990252141118,-0.026757449169549304,0.7333333333333333,0.7288477938866197,1.2246467991473532e-16,-1.0,-0.29936312297335776,-0.9541392564000489,0.9749279121818236,-0.22252093395631434
0.01273908961882172,0.019772452001773817,0.03125251322872968,0.026626412412072285,0.3316178581564148,0.7333333333333333,0.7288926792046322,1.2246467991473532e-16,-1.0,-0.4853019625310808,-0.8743466161445822,0.43388373911755823,-0.900968867902419
-0.014342899459459444,-0.010598084756169036,0.010711681722990737,0.0030864193642173477,0.12129133773002061,0.7333333333333333,0.7289375645226447,1.2246467991473532e-16,-1.0,-0.6513724827222217,-0.7587581226927913,-0.433883739117558,-0.9009688679024191
-0.004827074573558838,-0.009174367245604869,-0.030914407006117715,-0.040886159588234605,0.3523552827942159,0.7333333333333333,0.7289824498406572,1.2246467991473532e-16,-1.0,-0.7907757369376986,-0.6121059825476627,-0.9749279121818236,-0.2225209339563146
-0.05639963491440877,-0.03756313977617147,-0.01582310001565857,-0.022728229083628364,0.39224681702231146,0.7333333333333333,0.7291171057946946,1.2246467991473532e-16,-1.0,-0.9987165071710528,-0.05064916883871355,0.7818314824680298,0.6234898018587336
0.035209006978750165,0.018957895892364195,-0.03241771825110671,0.008176613636745765,-1.012368862567367,0.7333333333333333,0.7291619911127071,1.2246467991473532e-16,-1.0,-0.9884683243281114,0.15142777750457667,0.9749279121818236,-0.22252093395631434
0.011466087062334668,0.004683882090491654,0.01471811942296732,0.03047550368929493,0.32228760162925646,0.7333333333333333,0.7292068764307196,1.2246467991473532e-16,-1.0,-0.9377521321470804,0.3473052528448203,0.43388373911755823,-0.900968867902419
0.020951631188772062,0.0604413674399985,0.05986040686157017,0.006299227515135912,0.1441886870985107,0.7333333333333333,0.7292517617487321,1.2246467991473532e-16,-1.0,-0.8486442574947509,0.5289640103269624,-0.433883739117558,-0.9009688679024191
-0.0015961299282058498,-0.055779395789276244,-0.04375693796163683,0.010929097382962018,-0.7218229805366116,0.7333333333333333,0.7292966470667445,1.2246467991473532e-16,-1.0,-0.7247927872291207,0.6889669190756859,-0.9749279121818236,-0.2225209339563146
-0.024253426639311737,0.01691049299698271,0.03299585441033377,0.0077339464477245564,1.2809338454620642,0.7333333333333333,0.729431303020782,1.2246467991473532e-16,-1.0,-0.20129852008866114,0.9795299412524943,0.7818314824680298,0.6234898018587336
-0.004922111605559075,-0.01846204523194002,-0.004647527083507235,-0.037681031700841035,-0.2749686191787958,0.7333333333333333,0.7294761883387945,-0.4999999999999997,-0.8660254037844388,0.20129852008866006,0.9795299412524945,0.9749279121818236,-0.22252093395631434
0.004922111605559119,-0.010929097382962067,-0.0379792877140689,0.00955420373659314,-0.6931471805599453,0.7333333333333333,0.7295210736568069,-0.4999999999999997,-0.8660254037844388,0.39435585511331855,0.9189578116202306,0.43388373911755823,-0.900968867902419
0.01944954082562819,0.007818677967197265,0.02390553659874923,0.01416233778188409,-0.4447922098992395,0.7333333333333333,0.7295659589748194,-0.4999999999999997,-0.8660254037844388,0.5712682150947923,0.8207634412072763,-0.433883739117558,-0.9009688679024191
0.004803885813683472,0.0015563819669177138,0.006279449609063171,-0.020521653663981267,-0.5648160076625302,0.7333333333333333,0.7297455002468693,-0.4999999999999997,-0.8660254037844388,0.9884683243281114,0.1514277775045767,0.7818314824680298,0.6234898018587336
-0.06262344030132357,-0.006240264057409244,-0.02535791163425367,-0.04401688237475103,1.9427769872232763,0.7333333333333333,0.7297903855648817,-0.4999999999999997,-0.8660254037844388,0.9987165071710528,-0.05064916883871264,0.9749279121818236,-0.22252093395631434
0.0033955857023685687,-0.03341600380249304,-0.039284961944216344,0.009950321410848074,-1.1294166361536557,0.7333333333333333,0.7298352708828942,-0.4999999999999997,-0.8660254037844388,0.9680771188662043,-0.2506525322587204,0.43388373911755823,-0.900968867902419
0.005071816986032857,0.0,-0.010067189855022089,0.017989059643700546,-0.27375576275358654,0.7333333333333333,0.7298801562009067,-0.4999999999999997,-0.8660254037844388,0.8978045395707416,-0.4403941515576344,-0.433883739117558,-0.9009688679024191
0.020034119507495316,0.03497976157411009,0.020034119507495316,0.014481371391996518,0.8485129273653716,0.7333333333333333,0.7299250415189192,-0.4999999999999997,-0.8660254037844388,0.7907757369376989,-0.6121059825476626,-0.9749279121818236,-0.2225209339563146
0.032523160179136756,0.02163915436944962,0.042077363915729846,0.03608227377455106,-0.30421137440299145,0.7333333333333333,0.7300596974729566,-0.4999999999999997,-0.8660254037844388,0.29936312297335804,-0.9541392564000488,0.7818314824680298,0.6234898018587336
-0.004811590728468497,0.030122731329248746,0.021944433751480814,-0.03448614384634518,0.22067136216882066,0.7333333333333333,0.7301045827909691,-0.4999999999999997,-0.8660254037844388,0.10116832198743272,-0.994869323391895,0.9749279121818236,-0.22252093395631434
0.004811590728468525,-0.054891775671339404,-0.026710087347304467,0.006359315882097129,-1.4709682381689952,0.7333333333333333,0.7301494681089816,-0.4999999999999997,-0.8660254037844388,-0.10116832198743204,-0.9948693233918952,0.43388373911755823,-0.900968867902419
-0.006420561660093021,0.033901519288622534,0.03289248156007154,0.0015835678354726888,1.3600919887258665,0.7333333333333333,0.7301943534269941,-0.4999999999999997,-0.8660254037844388,-0.29936312297335776,-0.9541392564000489,-0.433883739117558,-0.9009688679024191
-0.014598824263478959,-0.030771629315981694,-0.01866304383068657,-0.009539013645775878,-0.7337848262917716,0.7333333333333333,0.7302392387450065,-0.4999999999999997,-0.8660254037844388,-0.4853019625310808,-0.8743466161445822,-0.9749279121818236,-0.2225209339563146
-0.003273322279477878,-0.02852813224694566,-0.04331069607320435,-0.01610346889993343,0.1090403726162269,0.7333333333333333,0.730373894699044,-0.4999999999999997,-0.8660254037844388,-0.8978045395707417,-0.44039415155763423,0.7818314824680298,0.6234898018587336
0.009787997229406287,0.017530351083487106,0.009787997229406287,0.025642482545709343,0.024491020008295696,0.7333333333333333,0.7304187800170565,-0.4999999999999997,-0.8660254037844388,-0.9680771188662041,-0.2506525322587213,0.9749279121818236,-0.22252093395631434
0.025642482545709343,0.04630459735551584,0.025642482545709343,0.014140011807539389,0.5172565140962812,0.7333333333333333,0.7304636653350689,-0.4999999999999997,-0.8660254037844388,-0.9987165071710528,-0.05064916883871355,0.43388373911755823,-0.900968867902419
-0.006349221431296386,-0.019802644557253182,0.020360865916008105,0.006220854108468698,-1.0002473388688278,0.7333333333333333,0.7305085506530814,-0.4999999999999997,-0.8660254037844388,-0.9884683243281114,0.15142777750457667,-0.433883739117558,-0.9009688679024191
0.015798101405066718,-0.0030816635939688655,0.0,-0.004661971650722192,-0.03322564762832039,0.7333333333333333,0.7305534359710939,-0.4999999999999997,-0.8660254037844388,-0.9377521321470804,0.3473052528448203,-0.9749279121818236,-0.2225209339563146
0.003129889972640981,0.004618978071354789,-0.003105589683804648,0.0077579464992720655,1.5481373865703045,0.7333333333333333,0.7306880919251313,-0.4999999999999997,-0.8660254037844388,-0.5712682150947924,0.8207634412072763,0.7818314824680298,0.6234898018587336
-0.0015637577716170101,-0.001537314477385987,0.007746001755043086,-0.003095974848549861,-1.2983255881739335,0.7333333333333333,0.7307329772431438,-0.4999999999999997,-0.8660254037844388,-0.3943558551133187,0.9189578116202306,0.9749279121818236,-0.22252093395631434
-0.001566132201023956,0.0030721961115887132,-0.0015444372226886642,0.010794271776796153,1.2587599879677422,0.7333333333333333,0.7307778625611563,-0.4999999999999997,-0.8660254037844388,-0.20129852008866114,0.9795299412524943,0.43388373911755823,-0.900968867902419
0.0,-0.006153859705557642,0.0015444372226886645,-0.020140125518010053,-0.4350463321257385,0.7333333333333333,0.7308227478791688,-0.4999999999999997,-0.8660254037844388,-2.4492935982947064e-16,1.0,-0.433883739117558,-0.9009688679024191
-0.011032447809243109,0.0015419821415285238,-0.01555239801347629,0.0031249996327449483,-0.7875339992645013,0.7333333333333333,0.7308676331971813,-0.8660254037844385,-0.5000000000000004,0.20129852008866006,0.9795299412524945,-0.9749279121818236,-0.2225209339563146
-0.017586406197545396,-0.007733946447724547,0.004691131833769012,-0.010980454611290418,1.170421270154703,0.7333333333333333,0.7310022891512187,-0.8660254037844385,-0.5000000000000004,0.72479278722912,0.6889669190756866,0.7818314824680298,0.6234898018587336
0.001611640800859403,-0.0031104194157647582,0.001558882457746565,-0.006329128843763199,-1.0645532690761907,0.7333333333333333,0.7310471744692312,-0.8660254037844385,-0.5000000000000004,0.8486442574947509,0.5289640103269624,0.9749279121818236,-0.22252093395631434
-0.049515096488804686,-0.014117905482333019,-0.025237907911061737,-0.014388761584644553,1.304251938453448,0.7333333333333333,0.7310920597872437,-0.8660254037844385,-0.5000000000000004,0.9377521321470804,0.3473052528448203,0.43388373911755823,-0.900968867902419
0.055935658148897734,0.020329099596285788,-0.0015987579262899214,0.014388761584644541,-0.476717567185084,0.7333333333333333,0.7311369451052561,-0.8660254037844385,-0.5000000000000004,0.9884683243281114,0.1514277775045767,-0.433883739117558,-0.9009688679024191
-0.0016013180467559151,-0.009331318432827345,0.00955420373659314,0.003169571647514219,-0.804960049229825,0.7333333333333333,0.7311818304232686,-0.8660254037844385,-0.5000000000000004,0.9987165071710528,-0.05064916883871264,-0.9749279121818236,-0.2225209339563146
-0.025975462271824953,-0.0015637577716170101,0.006319130401203841,-0.01273908961882177,0.6567795363890705,0.7333333333333333,0.7313164863773061,-0.8660254037844385,-0.5000000000000004,0.7907757369376989,-0.6121059825476626,0.7818314824680298,0.6234898018587336
0.008190085187381967,-0.017364233606090622,-0.01907846202519042,-0.006430884414196457,-0.8480697631657854,0.7333333333333333,0.7313613716953186,-0.8660254037844385,-0.5000000000000004,0.6513724827222223,-0.758758122692791,0.9749279121818236,-0.22252093395631434
-0.011484977978208267,-0.004788550140769487,-0.022728229083628364,-0.009724540873323924,0.9366231605072306,0.7333333333333333,0.731406257013331,-0.8660254037844385,-0.5000000000000004,0.48530196253108104,-0.8743466161445821,0.43388373911755823,-0.900968867902419
0.003294892790826155,-0.008032202460952372,0.011428645997378485,-0.006535964868773635,-0.7770816320450958,0.7333333333333333,0.7314511423313435,-0.8660254037844385,-0.5000000000000004,0.29936312297335804,-0.9541392564000488,-0.433883739117558,-0.9009688679024191
0.0016434233475588623,0.004827074573558745,-0.006514674949928501,0.013029488147417018,-0.16496159593147394,0.7333333333333333,0.731496027649356,-0.8660254037844385,-0.5000000000000004,0.10116832198743272,-0.994869323391895,-0.9749279121818236,-0.2225209339563146
0.013050743505315385,0.006400015741889492,0.017814258036178393,0.009661902008877073,-0.34740130715340317,0.7333333333333333,0.7316306836033933,-0.8660254037844385,-0.5000000000000004,-0.4853019625310808,-0.8743466161445822,0.7818314824680298,0.6234898018587336
-0.011410094737343248,0.004773312070055635,0.0032051278873936047,-0.006430884414196457,1.2701926036306517,0.7333333333333333,0.7316755689214058,-0.8660254037844385,-0.5000000000000004,-0.6513724827222217,-0.7587581226927913,0.9749279121818236,-0.22252093395631434
-0.016529286317205204,-0.007968199924551575,-0.019386695131198776,-0.003231017594680599,0.30640420261420637,0.7333333333333333,0.7317204542394183,-0.8660254037844385,-0.5000000000000004,-0.7907757369376986,-0.6121059825476627,0.43388373911755823,-0.900968867902419
0.0016653174025607152,-0.0032051278873935184,0.004881984157555335,0.003231017594680675,0.21130909366720696,0.7333333333333333,0.7317653395574308,-0.8660254037844385,-0.5000000000000004,-0.8978045395707417,-0.44039415155763423,-0.433883739117558,-0.9009688679024191
0.003322258902565665,0.0,0.004858343165854107,-0.01790115451006955,-0.3310813879863365,0.7333333333333333,0.7318102248754433,-0.8660254037844385,-0.5000000000000004,-0.9680771188662041,-0.2506525322587213,-0.9749279121818236,-0.2225209339563146
-0.021794678457536177,-0.004827074573558838,-0.01628698916323251,-0.024938963769660785,0.7438130380067309,0.7333333333333333,0.7319448808294807,-0.8660254037844385,-0.5000000000000004,-0.9377521321470804,0.3473052528448203,0.7818314824680298,0.6234898018587336
-0.011935379799684245,-0.01790115451006955,-0.03509132540401166,0.0016820444936309455,-0.37981728644128004,0.7333333333333333,0.7319897661474932,-0.8660254037844385,-0.5000000000000004,-0.8486442574947509,0.5289640103269624,0.9749279121818236,-0.22252093395631434
-0.05826889503753571,-0.0232569192760299,0.011834406127981801,-0.035932017044668405,0.8474757488516058,0.7333333333333333,0.7320346514655057,-0.8660254037844385,-0.5000000000000004,-0.7247927872291207,0.6889669190756859,0.43388373911755823,-0.900968867902419
-0.00913251856049572,-0.035932017044668405,-0.035932017044668405,-0.03366120833160536,-0.19305127346652162,0.7333333333333333,0.7320795367835181,-0.8660254037844385,-0.5000000000000004,-0.5712682150947924,0.8207634412072763,-0.433883739117558,-0.9009688679024191
0.0,0.006944548526718014,-0.02469258974538504,0.017857599912556286,-0.055902777581146375,0.7333333333333333,0.7321244221015306,-0.8660254037844385,-0.5000000000000004,-0.3943558551133187,0.9189578116202306,-0.9749279121818236,-0.2225209339563146
-0.0018365022916115997,-0.022748156945767047,0.008888981326335924,-0.025090897333365454,-0.3942347705786106,0.7333333333333333,0.7323039633735805,-1.0,-1.8369701987210297e-16,0.39435585511331855,0.9189578116202306,0.9749279121818236,-0.22252093395631434
-0.03174871245230434,-0.012466799317071453,-0.016057464066499393,0.0018131921294868966,0.6679595215964678,0.7333333333333333,0.732348848691593,-1.0,-1.8369701987210297e-16,0.5712682150947923,0.8207634412072763,0.43388373911755823,-0.900968867902419
0.01879752827560166,-0.005390800595484875,-0.012669884140283657,-0.012762283155732697,-1.338024894697188,0.7333333333333333,0.7323937340096055,-1.0,-1.8369701987210297e-16,0.72479278722912,0.6889669190756866,-0.433883739117558,-0.9009688679024191
-0.005602205663000722,0.03540189268427448,-0.020239818385519002,0.0073126401528283425,0.9718605830289658,0.7333333333333333,0.732438619327618,-1.0,-1.8369701987210297e-16,0.8486442574947509,0.5289640103269624,-0.9749279121818236,-0.2225209339563146
-0.02081439982284482,-0.031804770051148235,0.0,-0.04470013722722553,-0.275741632079863,0.7333333333333333,0.7325732752816554,-1.0,-1.8369701987210297e-16,0.9987165071710528,-0.05064916883871264,0.7818314824680298,0.6234898018587336
-0.015414548530177145,-0.02361601337179296,0.005560669208365045,0.011363747874334085,0.026355844705362456,0.7333333333333333,0.7326181605996679,-1.0,-1.8369701987210297e-16,0.9680771188662043,-0.2506525322587204,0.9749279121818236,-0.22252093395631434
0.03622894835302183,0.0378764906512229,-0.007421177443988877,0.02050400505006209,0.11026177961391781,0.7333333333333333,0.7326630459176804,-1.0,-1.8369701987210297e-16,0.8978045395707416,-0.4403941515576344,0.43388373911755823,-0.900968867902419
0.0037383184454995756,0.0,0.0055710840212487844,0.01828202730573385,-0.7291633701846525,0.7333333333333333,0.7327079312356929,-1.0,-1.8369701987210297e-16,0.7907757369376989,-0.6121059825476626,-0.433883739117558,-0.9009688679024191
0.005581360158029983,-0.02146770856327109,0.01834912100756125,-0.023832496683518164,-0.08587362798432961,0.7333333333333333,0.7327528165537053,-1.0,-1.8369701987210297e-16,0.6513724827222223,-0.758758122692791,-0.9749279121818236,-0.2225209339563146
-0.016838503604358474,-0.0090827490337824,-0.012808989906094874,0.001853611080720024,0.5430493554331906,0.7333333333333333,0.7328874725077428,-1.0,-1.8369701987210297e-16,0.10116832198743272,-0.994869323391895,0.7818314824680298,0.6234898018587336
0.0037664790749430688,-0.00916600210815699,-0.011111215122715117,-0.009302428148637193,-0.4500455724642697,0.7333333333333333,0.7329323578257553,-1.0,-1.8369701987210297e-16,-0.10116832198743204,-0.9948693233918952,0.9749279121818236,-0.22252093395631434
0.0018778882429633585,0.012808989906094961,-0.001863887217501116,-0.0018708615356124029,0.1858676598007051,0.7333333333333333,0.7329772431437678,-1.0,-1.8369701987210297e-16,-0.29936312297335776,-0.9541392564000489,0.43388373911755823,-0.900968867902419
-0.005644367317906469,-0.014652262710496819,0.0,0.005602205663000764,-0.025393448088709247,0.7333333333333333,0.7330221284617802,-1.0,-1.8369701987210297e-16,-0.4853019625310808,-0.8743466161445822,-0.433883739117558,-0.9009688679024191
-0.050300782031352166,-0.011131829535814333,0.0,-0.0634218126951818,0.6435245974086995,0.7333333333333333,0.7330670137797927,-1.0,-1.8369701987210297e-16,-0.6513724827222217,-0.7587581226927913,-0.9749279121818236,-0.2225209339563146
-0.08701139419154778,-0.0419109465006057,-0.06752803921034449,-0.06136898709475663,0.8351875787141797,0.7333333333333333,0.7332016697338302,-1.0,-1.8369701987210297e-16,-0.9680771188662041,-0.2506525322587213,0.7818314824680298,0.6234898018587336
-0.010881437854108542,0.021175023112023933,-0.05329134273521973,0.08295964577391578,-1.098267520521271,0.7333333333333333,0.7332465550518426,-1.0,-1.8369701987210297e-16,-0.9987165071710528,-0.05064916883871355,0.9749279121818236,-0.22252093395631434
0.07987429557952534,-0.0095694876959328,0.06124366300999769,-0.023576707370544053,-0.40961019176333313,0.7333333333333333,0.733291440369855,-1.0,-1.8369701987210297e-16,-0.9884683243281114,0.15142777750457667,0.43388373911755823,-0.900968867902419
0.010050374385797877,0.009569487695932868,0.0,0.01382049520773499,0.14070961725824058,0.7333333333333333,0.7333363256878676,-1.0,-1.8369701987210297e-16,-0.9377521321470804,0.3473052528448203,-0.433883739117558,-0.9009688679024191
0.0039920174700382215,-0.013423053471403153,0.011811149287128673,-0.015810591126645002,-0.628947011650268,0.7333333333333333,0.73338121100588,-1.0,-1.8369701987210297e-16,-0.8486442574947509,0.5289640103269624,-0.9749279121818236,-0.2225209339563146
-0.003992017470038185,0.022901833413656317,-0.017769500439537612,0.017769500439537633,0.0495150645273805,0.7333333333333333,0.7335158669599174,-1.0,-1.8369701987210297e-16,-0.3943558551133187,0.9189578116202306,0.7818314824680298,0.6234898018587336
-0.24590051648524353,-0.042395609973888346,0.011881316667758601,-0.18663621508137637,2.858328659246959,0.7333333333333333,0.7335607522779299,-1.0,-1.8369701987210297e-16,-0.20129852008866114,0.9795299412524943,0.9749279121818236,-0.22252093395631434
-0.0633457130938373,-0.17839226363557173,-0.17839226363557173,-0.12280737527998037,-0.34700275514934675,0.7333333333333333,0.7336056375959424,-0.866025403784439,0.49999999999999933,0.20129852008866006,0.9795299412524945,0.43388373911755823,-0.900968867902419
0.010840204046527043,-0.08338158698746856,-0.13588709603477891,0.021108943290144903,-0.596252115595135,0.7333333333333333,0.7336505229139549,-0.866025403784439,0.49999999999999933,0.39435585511331855,0.9189578116202306,-0.433883739117558,-0.9009688679024191
0.02659728721856963,0.04010564568288835,0.02659728721856963,0.043429577847426425,-0.0715380497507021,0.7333333333333333,0.7336954082319673,-0.866025403784439,0.49999999999999933,0.5712682150947923,0.8207634412072763,-0.9749279121818236,-0.2225209339563146
-0.015873334137796888,-0.007398359101006512,0.05861550841062244,-0.033039883649497254,0.08426806607270837,0.7333333333333333,0.7338300641860048,-0.866025403784439,0.49999999999999933,0.9377521321470804,0.3473052528448203,0.7818314824680298,0.6234898018587336
-0.057629123612617454,-0.030153009265626557,-0.04040949940047514,-0.083493948679617,-0.4072235049037741,0.7333333333333333,0.7338749495040173,-0.866025403784439,0.49999999999999933,0.9884683243281114,0.1514277775045767,0.9749279121818236,-0.22252093395631434
-0.05218577361607031,-0.07685899346192954,-0.0721274398448027,-0.025605926586985614,-0.3129908551245847,0.7333333333333333,0.7339198348220297,-0.866025403784439,0.49999999999999933,0.9987165071710528,-0.05064916883871264,0.43388373911755823,-0.900968867902419
-0.027150963677340236,-0.036469711307814554,-0.030944774790092902,-0.026278858850604114,-0.5339550784597609,0.7333333333333333,0.7339647201400422,-0.866025403784439,0.49999999999999933,0.9680771188662043,-0.2506525322587204,-0.433883739117558,-0.9009688679024191
-0.040567145747157266,-0.011494368400598594,-0.05581479639354438,-0.06099452556827052,0.6249896391868544,0.7333333333333333,0.7340096054580547,-0.866025403784439,0.49999999999999933,0.8978045395707416,-0.4403941515576344,-0.9749279121818236,-0.2225209339563146
-0.02908125834381935,-0.06569526734709222,-0.03379734739498176,-0.0319516455701948,0.08222075082910817,0.7333333333333333,0.7341442614120921,-0.866025403784439,0.49999999999999933,0.48530196253108104,-0.8743466161445821,0.7818314824680298,0.6234898018587336
-0.019868184393173713,0.0153142204347786,-0.03174874397942948,-0.029656181622580075,0.31286325908194074,0.7333333333333333,0.7341891467301046,-0.866025403784439,0.49999999999999933,0.29936312297335804,-0.9541392564000488,0.9749279121818236,-0.22252093395631434
0.019868184393173678,0.021053389571175793,-0.00647250851269115,0.0864538018610937,0.6256439374168461,0.7333333333333333,0.7342340320481171,-0.866025403784439,0.49999999999999933,0.10116832198743272,-0.994869323391895,0.43388373911755823,-0.900968867902419
0.02908125834381926,0.008889009583911015,0.05372542412692471,-0.027995580496555317,-0.6585965917318073,0.7333333333333333,0.7342789173661296,-0.866025403784439,0.49999999999999933,-0.10116832198743204,-0.9948693233918952,-0.433883739117558,-0.9009688679024191
-0.012820752601721806,-0.023881780235719116,-0.015504171634804215,-0.012698570842024859,-1.041530365438976,0.7333333333333333,0.7343238026841421,-0.866025403784439,0.49999999999999933,-0.29936312297335776,-0.9541392564000489,-0.9749279121818236,-0.2225209339563146
-0.032789792059302734,-0.0369272373676227,-0.01257876994641129,-0.03909296552222368,0.358883167217036,0.7333333333333333,0.7344584586381795,-0.866025403784439,0.49999999999999933,-0.7907757369376986,-0.6121059825476627,0.7818314824680298,0.6234898018587336
0.009950321410848074,-0.022187969592592102,-0.03215715749563787,0.03589288954917767,0.08859957925199895,0.7333333333333333,0.734503343956192,-0.866025403784439,0.49999999999999933,-0.8978045395707417,-0.44039415155763423,0.9749279121818236,-0.22252093395631434
0.019608453053774177,0.04695701393468272,0.019418067876816054,0.01273908961882172,-0.2692875936189918,0.7333333333333333,0.7345482292742045,-0.866025403784439,0.49999999999999933,-0.9680771188662041,-0.2506525322587213,0.43388373911755823,-0.900968867902419
-0.0064935232786432545,-0.009216646328614303,0.022187969592592127,-0.003169571647514258,-0.03206465962950158,0.7333333333333333,0.734593114592217,-0.866025403784439,0.49999999999999933,-0.9987165071710528,-0.05064916883871355,-0.433883739117558,-0.9009688679024191
0.012945152605807753,-0.012422508040835292,-0.003139716949284924,-0.009569517971307444,-1.0166699171817772,0.7333333333333333,0.7346379999102294,-0.866025403784439,0.49999999999999933,-0.9884683243281114,0.15142777750457667,-0.9749279121818236,-0.2225209339563146
-0.0032206117324838006,0.06356149175887302,-0.01584817667026129,0.08299698719593386,1.6899582890921192,0.7333333333333333,0.7347726558642669,-0.866025403784439,0.49999999999999933,-0.7247927872291207,0.6889669190756859,0.7818314824680298,0.6234898018587336
0.01916997403301824,-0.011799606060174599,0.055915130987168944,-0.07025789757711212,-0.680052771998884,0.7333333333333333,0.7348175411822794,-0.866025403784439,0.49999999999999933,-0.5712682150947924,0.8207634412072763,0.9749279121818236,-0.22252093395631434
-0.009539013645775878,-0.039339377657863155,-0.027566803660342268,0.003159557196248903,-0.2521227704152941,0.7333333333333333,0.7348624265002918,-0.866025403784439,0.49999999999999933,-0.3943558551133187,0.9189578116202306,0.43388373911755823,-0.900968867902419
-0.006410348654758466,-0.01555239801347629,-0.01250015065656526,-0.019108919496783294,0.3470215122380897,0.7333333333333333,0.7349073118183043,-0.866025403784439,0.49999999999999933,-0.20129852008866114,0.9795299412524943,-0.433883739117558,-0.9009688679024191
-0.03934930186775505,0.015552398013476215,0.0,0.03785945067977294,0.567229294697286,0.7333333333333333,0.7349521971363168,-0.866025403784439,0.49999999999999933,-2.4492935982947064e-16,1.0,-0.9749279121818236,-0.2225209339563146
0.019868184393173678,0.003081663593968796,0.0031397169492848147,-0.021910088379238652,-1.1168641936350288,0.7333333333333333,0.7350868530903542,-0.5000000000000012,0.8660254037844379,0.5712682150947923,0.8207634412072763,0.7818314824680298,0.6234898018587336
-0.0065789649063572285,0.012232556840809858,0.030866618448254852,-0.04200944468147294,0.019418085857101516,0.7333333333333333,0.7351317384083667,-0.5000000000000012,0.8660254037844379,0.72479278722912,0.6889669190756866,0.9749279121818236,-0.22252093395631434
0.016366962135763476,-0.0434850700695396,-0.059485472455043514,0.026060082380938463,0.7745337938248094,0.7333333333333333,0.7351766237263792,-0.5000000000000012,0.8660254037844379,0.8486442574947509,0.5289640103269624,0.43388373911755823,-0.900968867902419
-0.006514674949928501,0.0,0.01282075260172188,-0.012945152605807765,-0.3784364357202451,0.7333333333333333,0.7352215090443917,-0.5000000000000012,0.8660254037844379,0.9377521321470804,0.3473052528448203,-0.433883739117558,-0.9009688679024191
-0.003273322279477878,0.015748341593925654,-0.02908125834381935,0.003252032360632719,-0.42087738710305117,0.7333333333333333,0.7352663943624042,-0.5000000000000012,0.8660254037844379,0.9884683243281114,0.1514277775045767,-0.9749279121818236,-0.2225209339563146
0.022691390156293966,0.2954642423496187,0.022691390156293966,0.16705413825375587,3.2683825781044846,0.7333333333333333,0.7354010503164415,-0.5000000000000012,0.8660254037844379,0.8978045395707416,-0.4403941515576344,0.7818314824680298,0.6234898018587336
0.11778306961914477,-0.10536058958606735,0.19453304388756165,-0.03636767570772354,-1.5607062260869708,0.7333333333333333,0.735445935634454,-0.5000000000000012,0.8660254037844379,0.7907757369376989,-0.6121059825476626,0.9749279121818236,-0.22252093395631434
-0.028903718295038655,-0.02617948106975416,-0.051432190058059934,-0.0172417898961184,0.06873292867290653,0.7333333333333333,0.7354908209524665,-0.5000000000000012,0.8660254037844379,0.6513724827222223,-0.758758122692791,0.43388373911755823,-0.900968867902419
0.0029282569169696154,-0.029611825536356835,-0.031032080024183763,0.05085843493854743,-0.9048310165961619,0.7333333333333333,0.7355357062704789,-0.5000000000000012,0.8660254037844379,0.48530196253108104,-0.8743466161445821,-0.433883739117558,-0.9009688679024191
0.051293245588426156,0.013568716037264268,0.03103208002418383,0.008230491061099875,-0.8715782640942581,0.7333333333333333,0.7355805915884914,-0.5000000000000012,0.8660254037844379,0.29936312297335804,-0.9541392564000488,-0.9749279121818236,-0.2225209339563146
-0.08398564686928707,0.0026917890744305533,0.027399013566558723,-0.10051499876245878,1.0890083733139293,0.7333333333333333,0.7357152475425289,-0.5000000000000012,0.8660254037844379,-0.29936312297335776,-0.9541392564000489,0.7818314824680298,0.6234898018587336
0.014992770651808101,-0.027249681751811177,-0.09639188978403768,0.08398564686928715,-0.32495855701984566,0.7333333333333333,0.7357601328605413,-0.5000000000000012,0.8660254037844379,-0.4853019625310808,-0.8743466161445822,0.9749279121818236,-0.22252093395631434
0.0,0.008253199498297299,0.06899287621747893,-0.022472834779709076,0.020653357011777614,0.7333333333333333,0.7358050181785538,-0.5000000000000012,0.8660254037844379,-0.6513724827222217,-0.7587581226927913,0.43388373911755823,-0.900968867902419
0.032213659450158846,0.03499680834018925,-0.031032080024183763,0.04445178612998184,-0.39975779542887363,0.7333333333333333,0.7358499034965663,-0.5000000000000012,0.8660254037844379,-0.7907757369376986,-0.6121059825476627,-0.433883739117558,-0.9009688679024191
0.03955314108167029,0.007905172057463819,0.03380600433853395,0.005420062216286035,-0.31738722686569676,0.7333333333333333,0.7358947888145788,-0.5000000000000012,0.8660254037844379,-0.8978045395707417,-0.44039415155763423,-0.9749279121818236,-0.2225209339563146
0.030015932690516226,0.03101026874761883,0.030015932690516226,0.026668221646324243,0.8572979437217869,0.7333333333333333,0.7360294447686162,-0.5000000000000012,0.8660254037844379,-0.9884683243281114,0.15142777750457667,0.7818314824680298,0.6234898018587336
0.008032164006342388,-0.007662865278947137,0.03174866827191641,-0.010582099318558446,-0.8019091945731759,0.7333333333333333,0.7360743300866287,-0.5000000000000012,0.8660254037844379,-0.9377521321470804,0.3473052528448203,0.9749279121818236,-0.22252093395631434
-0.057629123612617454,-0.00772210011839466,-0.034440457346346896,-0.03518627506225271,0.5835516135749073,0.7333333333333333,0.7361192154046412,-0.5000000000000012,0.8660254037844379,-0.8486442574947509,0.5289640103269624,0.43388373911755823,-0.900968867902419
0.0084388607223491,-0.05034170714900985,-0.027324143616085695,0.013680090518200783,-1.1012683327262258,0.7333333333333333,0.7362089860406661,-0.5000000000000012,0.8660254037844379,-0.5712682150947924,0.8207634412072763,-0.9749279121818236,-0.2225209339563146
0.02216161663041206,0.08338159079850707,0.01920502703592249,0.07836905376729618,1.088812655679306,0.7333333333333333,0.7363436419947036,-2.4492935982947064e-16,1.0,0.20129852008866006,0.9795299412524945,0.7818314824680298,0.6234898018587336
0.06368199087554546,0.017348680511854606,0.09827018919854866,0.01000007379760166,0.6250811080080001,0.7333333333333333,0.7363885273127161,-2.4492935982947064e-16,1.0,0.39435585511331855,0.9189578116202306,0.9749279121818236,-0.22252093395631434
0.012771553234792767,0.012210093952767596,0.004914010196641713,-0.01756630690142411,-0.5376967775959292,0.7333333333333333,0.7364334126307286,-2.4492935982947064e-16,1.0,0.5712682150947923,0.8207634412072763,0.43388373911755823,-0.900968867902419
-0.028315954560337253,-0.02955877446462216,-0.03238137873171657,0.007566233103822359,-0.720591730483546,0.7333333333333333,0.736478297948741,-2.4492935982947064e-16,1.0,0.72479278722912,0.6889669190756866,-0.433883739117558,-0.9009688679024191
-0.01844582840702894,0.02225064624237178,0.012578770135033408,-0.043652649968563224,0.9159534068583068,0.7333333333333333,0.7365231832667535,-2.4492935982947064e-16,1.0,0.8486442574947509,0.5289640103269624,-0.9749279121818236,-0.2225209339563146
-0.0631210920251108,-0.07091583324214605,-0.048665186999774304,-0.05392143083465544,-0.3735898995777155,0.7333333333333333,0.736657839220791,-2.4492935982947064e-16,1.0,0.9987165071710528,-0.05064916883871264,0.7818314824680298,0.6234898018587336
0.01963595613078631,0.018206009010147205,-0.04290198039765308,0.0,0.04785602117763514,0.7333333333333333,0.7367027245388034,-2.4492935982947064e-16,1.0,0.9680771188662043,-0.2506525322587204,0.9749279121818236,-0.22252093395631434
0.011049891497366392,0.022930918775442274,-0.0027434832539860944,0.07470144131254787,-0.15539756278182154,0.7333333333333333,0.7367476098568159,-2.4492935982947064e-16,1.0,0.8978045395707416,-0.4403941515576344,0.43388373911755823,-0.900968867902419
0.05608941306045403,0.01251579598057542,0.05608941306045403,0.015306406386848517,-0.24773382198012267,0.7333333333333333,0.7367924951748284,-2.4492935982947064e-16,1.0,0.7907757369376989,-0.6121059825476626,-0.433883739117558,-0.9009688679024191
-0.03974029099126166,-0.010000073797601792,-0.026317283546611645,-0.05195975100253782,-0.861855525319138,0.7333333333333333,0.7368373804928409,-2.4492935982947064e-16,1.0,0.6513724827222223,-0.758758122692791,-0.9749279121818236,-0.2225209339563146
-0.04987184834626782,-0.0101010862558781,-0.010723953080772902,-0.06329485579091777,1.4019004273360418,0.7333333333333333,0.7369720364468783,-2.4492935982947064e-16,1.0,0.10116832198743272,-0.994869323391895,0.7818314824680298,0.6234898018587336
0.008486605863890113,-0.041456735770148995,-0.044084296846254825,0.04445178612998184,-0.9199649552360394,0.7333333333333333,0.7370169217648908,-2.4492935982947064e-16,1.0,-0.10116832198743204,-0.9948693233918952,0.9749279121818236,-0.22252093395631434
0.027779603667171544,0.007905172057463819,0.03596518026609185,0.010810905654593712,-0.8124651359344125,0.7333333333333333,0.7370618070829033,-2.4492935982947064e-16,1.0,-0.29936312297335776,-0.9541392564000489,0.43388373911755823,-0.900968867902419
-0.03342933088213881,0.005235609152347886,0.018843069660936063,-0.04396314718520069,1.3805173375429685,0.7333333333333333,0.7371066924009158,-2.4492935982947064e-16,1.0,-0.4853019625310808,-0.8743466161445822,-0.433883739117558,-0.9009688679024191
0.0028288535293776312,-0.021108943290144847,-0.0408220210112087,0.013947214494684635,0.4325195301323715,0.7333333333333333,0.7371515777189281,-2.4492935982947064e-16,1.0,-0.6513724827222217,-0.7587581226927913,-0.9749279121818236,-0.2225209339563146
0.07087433781429159,0.177867210702049,0.15176692861936975,0.13940061393724967,1.1398552472021588,0.7333333333333333,0.7372862336729656,-2.4492935982947064e-16,1.0,-0.9680771188662041,-0.2506525322587213,0.7818314824680298,0.6234898018587336
0.025975523404794403,-0.07170699657774834,-0.004784693483860293,-0.03681399610282008,-0.6893065613407575,0.7333333333333333,0.7373311189909781,-2.4492935982947064e-16,1.0,-0.9987165071710528,-0.05064916883871355,0.9749279121818236,-0.22252093395631434
0.007662865278947024,-0.009638619424013638,-0.04162169298672944,-0.005012537031211045,-0.8201967847215137,0.7333333333333333,0.7373760043089905,-2.4492935982947064e-16,1.0,-0.9884683243281114,0.15142777750457667,0.43388373911755823,-0.900968867902419
0.005076148117122006,0.007237602910783497,-0.005012537031211045,0.024815145627894136,0.1303980885148497,0.7333333333333333,0.7374657749450155,-2.4492935982947064e-16,1.0,-0.8486442574947509,0.5289640103269624,-0.9749279121818236,-0.2225209339563146
0.02746736853507486,0.0,0.019901135431252496,0.009756165867939136,-0.4374911348275728,0.7333333333333333,0.7376004308990529,-2.4492935982947064e-16,1.0,-0.3943558551133187,0.9189578116202306,0.7818314824680298,0.6234898018587336
0.004914010196641713,0.0024010165132301556,0.01709447516267421,0.004842620002853491,-0.4271482005961182,0.7333333333333333,0.7376453162170654,-2.4492935982947064e-16,1.0,-0.20129852008866114,0.9795299412524943,0.9749279121818236,-0.22252093395631434
-0.03238137873171657,-0.01449299311322081,-0.007290484232693686,-0.03440139446747581,1.4262996957335898,0.7333333333333333,0.7376902015350779,-2.4492935982947064e-16,1.0,-2.4492935982947064e-16,1.0,0.43388373911755823,-0.900968867902419
-0.06538275844718772,-0.02963182770146597,-0.02970512636123311,-0.05392835209071998,0.25191942557687186,0.75,0.7377799721711029,0.49999999999999994,0.8660254037844387,0.39435585511331855,0.9189578116202306,-0.9749279121818236,-0.2225209339563146
-0.002706358978334304,0.0025031278279573515,-0.04628076990468588,-0.01864233305319356,-1.1579147535899272,0.75,0.7379146281251403,0.49999999999999994,0.8660254037844387,0.8486442574947509,0.5289640103269624,0.7818314824680298,0.6234898018587336
0.00809720241664188,-0.035627204820398856,0.0,0.008032164006342388,1.1247720601609248,0.75,0.7379595134431528,0.49999999999999994,0.8660254037844387,0.9377521321470804,0.3473052528448203,0.9749279121818236,-0.22252093395631434
0.0,0.025576878599971323,0.002628119936122682,0.026317283546611638,-0.5006658847068662,0.75,0.7380043987611653,0.49999999999999994,0.8660254037844387,0.9884683243281114,0.1514277775045767,0.43388373911755823,-0.900968867902419
0.04725290161281101,0.058840444976795865,0.028462499144995837,0.0653499374644681,0.8182041382205146,0.75,0.7380492840791778,0.49999999999999994,0.8660254037844387,0.9987165071710528,-0.05064916883871264,-0.433883739117558,-0.9009688679024191
-0.023347403468671764,-0.002383732285778536,0.047331387728287114,-0.02463176259715852,-0.817482377092105,0.75,0.7380941693971902,0.49999999999999994,0.8660254037844387,0.9680771188662043,-0.2506525322587204,-0.9749279121818236,-0.2225209339563146
0.07091583324214615,0.0669223030938881,0.08172571359170626,0.06516176021810594,0.10924904939751874,0.75,0.7382288253512277,0.49999999999999994,0.8660254037844387,0.6513724827222223,-0.758758122692791,0.7818314824680298,0.6234898018587336
0.045408051252084206,0.026433232078630374,-0.022676686601593315,0.056768927195903846,0.3091194635465535,0.75,0.7382737106692402,0.49999999999999994,0.8660254037844387,0.48530196253108104,-0.8743466161445821,0.9749279121818236,-0.22252093395631434
0.038950994702034204,-0.0021762254469963062,0.033825116280926125,0.00660062516769775,-0.5989599655002442,0.75,0.7383185959872526,0.49999999999999994,0.8660254037844387,0.29936312297335804,-0.9541392564000488,0.43388373911755823,-0.900968867902419
-0.0022496639847567825,0.015135358077368948,0.011025406713509909,-0.0176995602935799,-0.5359144542814016,0.75,0.7383634813052651,0.49999999999999994,0.8660254037844387,0.10116832198743272,-0.994869323391895,-0.433883739117558,-0.9009688679024191
-0.013605638815206152,-0.015135358077369078,-0.013245214201674278,0.013303952966471196,0.8341285961455016,0.75,0.7384083666232776,0.49999999999999994,0.8660254037844387,-0.10116832198743204,-0.9948693233918952,-0.9749279121818236,-0.2225209339563146
0.04683130679958442,0.08154983755057657,0.01980266053972827,0.07016690994449658,0.5346574019199126,0.75,0.7385879078953275,0.49999999999999994,0.8660254037844387,-0.7907757369376986,-0.6121059825476627,0.9749279121818236,-0.22252093395631434
0.03636765901174436,0.0,0.05921385627933394,-0.018653323199012518,-0.6668152308469538,0.75,0.73863279321334,0.49999999999999994,0.8660254037844387,-0.8978045395707417,-0.44039415155763423,0.43388373911755823,-0.900968867902419
-0.010559800200275565,0.0,-0.018653323199012518,0.024794634182998078,-0.3726989005453557,0.75,0.7386776785313525,0.49999999999999994,0.8660254037844387,-0.9680771188662041,-0.2506525322587213,-0.433883739117558,-0.9009688679024191
0.023086047549430676,0.0,0.03494694765197885,-0.0020429483961007704,-0.4960574228706401,0.75,0.738722563849365,0.49999999999999994,0.8660254037844387,-0.9987165071710528,-0.05064916883871355,-0.9749279121818236,-0.2225209339563146
0.030645834216674998,0.043228694041020685,0.0040322598452742905,0.04596214051645315,1.2717782346088555,0.75,0.7388572198034024,0.49999999999999994,0.8660254037844387,-0.8486442574947509,0.5289640103269624,0.7818314824680298,0.6234898018587336
0.008016162888192879,-0.0038535657754703747,0.03557693530001566,-0.013766135643126768,-1.0730132090897848,0.75,0.7389021051214149,0.49999999999999994,0.8660254037844387,-0.7247927872291207,0.6889669190756859,0.9749279121818236,-0.22252093395631434
0.007952320274778126,-0.0019323198547421562,0.003875970083794454,0.0019781909344353853,0.34906379209617766,0.75,0.7389469904394274,0.49999999999999994,0.8660254037844387,-0.5712682150947924,0.8207634412072763,0.43388373911755823,-0.900968867902419
-0.009950368622447227,-0.015594842736981486,-0.015594842736981486,0.0019743794703678923,-0.825670000229583,0.75,0.7389918757574397,0.49999999999999994,0.8660254037844387,-0.3943558551133187,0.9189578116202306,-0.433883739117558,-0.9009688679024191
0.009950368622447272,0.009775192951102817,-0.0059113885494225015,0.013712202030157375,0.4401855768119022,0.75,0.7390367610754522,0.49999999999999994,0.8660254037844387,-0.20129852008866114,0.9795299412524943,-0.9749279121818236,-0.2225209339563146
-0.00795232027477797,0.015444308209867733,0.029213391096168162,-0.0216330276684599,-0.14504292456181472,0.75,0.7391714170294897,0.8660254037844386,0.5000000000000001,0.39435585511331855,0.9189578116202306,0.7818314824680298,0.6234898018587336
-0.0019980483476691635,-0.02129793135769993,-0.03317378857271779,0.003968255233499011,0.1771624739839272,0.75,0.7392163023475021,0.8660254037844386,0.5000000000000001,0.5712682150947923,0.8207634412072763,0.9749279121818236,-0.22252093395631434
0.0019980483476691614,0.0,0.0019822065421142097,0.0019781909344353853,-0.1500880622189703,0.75,0.7392611876655146,0.8660254037844386,0.5000000000000001,0.72479278722912,0.6889669190756866,0.43388373911755823,-0.900968867902419
-0.004000096886446756,0.027028646259856202,0.009852239974235948,-0.013930608095660164,0.2614649260629422,0.75,0.7393060729835271,0.8660254037844386,0.5000000000000001,0.8486442574947509,0.5289640103269624,-0.433883739117558,-0.9009688679024191
-0.04299527349899904,-0.042808050780483865,-0.019802608596683105,-0.02229062057925957,0.11635385147714396,0.75,0.7393509583015396,0.8660254037844386,0.5000000000000001,0.9377521321470804,0.3473052528448203,-0.9749279121818236,-0.2225209339563146
-0.006295972349773998,-0.020081072588202253,-0.01612936642298425,-0.0020513297207269817,-0.8018185358650729,0.75,0.739485614255577,0.8660254037844386,0.5000000000000001,0.9680771188662043,-0.2506525322587204,0.7818314824680298,0.6234898018587336
-0.002107530626873046,0.0,-0.010214632415779693,-0.024949295548786516,0.1512309697239235,0.75,0.7395304995735895,0.8660254037844386,0.5000000000000001,0.8978045395707416,-0.4403941515576344,0.9749279121818236,-0.22252093395631434
0.0,-0.03299265233323086,-0.024949295548786516,0.0,-0.6131044728864089,0.75,0.739575384891602,0.8660254037844386,0.5000000000000001,0.7907757369376989,-0.6121059825476626,0.43388373911755823,-0.900968867902419
-0.0321570301036744,0.002094289494708471,0.0,-0.029916732076083235,1.2907817316742223,0.75,0.7396202702096145,0.8660254037844386,0.5000000000000001,0.6513724827222223,-0.758758122692791,-0.433883739117558,-0.9009688679024191
0.012987182792387503,0.02886795561479227,0.0021030982811968487,0.04038807167980778,-0.020248160829947424,0.75,0.739665155527627,0.8660254037844386,0.5000000000000001,0.48530196253108104,-0.8743466161445821,-0.9749279121818236,-0.2225209339563146
0.008565354550322386,0.01612936642298423,-0.0021030982811969913,0.040821954783826074,1.3791667471956586,0.75,0.7398446967996769,0.8660254037844386,0.5000000000000001,-0.29936312297335776,-0.9541392564000489,0.9749279121818236,-0.22252093395631434
0.025264477562812162,0.027615141057408078,0.0552853118575888,-0.00803216400634236,-2.1308101344372123,0.75,0.7398895821176894,0.8660254037844386,0.5000000000000001,-0.4853019625310808,-0.8743466161445822,0.43388373911755823,-0.900968867902419
0.004149379647108779,-0.02961718959618553,-0.012024181476380584,-0.010131837698292732,0.21004610480880959,0.75,0.7399344674357018,0.8660254037844386,0.5000000000000001,-0.6513724827222217,-0.7587581226927913,-0.433883739117558,-0.9009688679024191
-0.002072488191731447,-0.004016066001746035,0.0020140494658188045,0.0,0.9147270098979723,0.75,0.7399793527537143,0.8660254037844386,0.5000000000000001,-0.7907757369376986,-0.6121059825476627,-0.9749279121818236,-0.2225209339563146
-0.027341369018189593,-0.014184573314254878,-0.014184573314254878,-0.03523682330978842,-0.5410106001043883,0.75,0.7401140087077518,0.8660254037844386,0.5000000000000001,-0.9987165071710528,-0.05064916883871355,0.7818314824680298,0.6234898018587336
-0.09851361172238679,-0.03109060653277206,-0.041672756445195636,-0.058648725731191384,1.2120049760232003,0.75,0.7401588940257642,0.8660254037844386,0.5000000000000001,-0.9884683243281114,0.15142777750457667,0.9749279121818236,-0.22252093395631434
0.03922073041435473,-0.03426456073054745,-0.056908078802502184,0.013333624121765099,-0.9488139235797152,0.75,0.7402037793437767,0.8660254037844386,0.5000000000000001,-0.9377521321470804,0.3473052528448203,0.43388373911755823,-0.900968867902419
-0.020572188956130673,-0.015368067691660416,0.013423007444649979,-0.020067596478626496,-0.16349169222039708,0.75,0.7402486646617892,0.8660254037844386,0.5000000000000001,-0.8486442574947509,0.5289640103269624,-0.433883739117558,-0.9009688679024191
-0.028104867639220824,-0.024637334766016598,-0.04313950593682635,-0.03904056655794954,0.2390743733864041,0.75,0.7402935499798017,0.8660254037844386,0.5000000000000001,-0.7247927872291207,0.6889669190756859,-0.9749279121818236,-0.2225209339563146
0.011806557254079482,0.013513706830160102,-0.004651166791590379,0.045774538914810835,-0.5324498325063727,0.75,0.7404282059338391,1.0,6.123233995736766e-17,0.39435585511331855,0.9189578116202306,0.7818314824680298,0.6234898018587336
0.034605440848917174,0.05017410644564081,0.043336326636510956,0.04377072632935367,0.6939625087747001,0.75,0.7404730912518516,1.0,6.123233995736766e-17,0.5712682150947923,0.8207634412072763,0.9749279121818236,-0.22252093395631434
0.017977995919926253,-0.006403380116287184,0.04153603733347061,-0.023836477039890717,-0.21159678066573884,0.75,0.7405179765698641,1.0,6.123233995736766e-17,0.72479278722912,0.6889669190756866,0.43388373911755823,-0.900968867902419
-0.017977995919926257,-0.004291847909449223,-0.017279030701836683,0.010905274992518265,0.20423478422466973,0.75,0.7405628618878766,1.0,6.123233995736766e-17,0.8486442574947509,0.5289640103269624,-0.433883739117558,-0.9009688679024191
0.022422549406113202,-0.002152902644882432,0.010834280147504947,0.0021667943524192055,-0.45210241891649544,0.75,0.740607747205889,1.0,6.123233995736766e-17,0.9377521321470804,0.3473052528448203,-0.9749279121818236,-0.2225209339563146
-0.03842282099362547,-0.006486451493040867,-0.006486451493040867,-0.04652002546456042,-0.42435202576216385,0.75,0.7407424031599265,1.0,6.123233995736766e-17,0.9680771188662043,-0.2506525322587204,0.7818314824680298,0.6234898018587336
-0.056887432820900315,-0.053464903050821196,-0.05805206279342158,-0.04167265729104035,0.8319653624086177,0.75,0.740787288477939,1.0,6.123233995736766e-17,0.8978045395707416,-0.4403941515576344,0.9749279121818236,-0.22252093395631434
-0.0024419430876502345,-0.023149160145970772,-0.023256840240719518,-0.023924562884678667,-0.06471020969495055,0.75,0.7408321737959513,1.0,6.123233995736766e-17,0.7907757369376989,-0.6121059825476626,0.43388373911755823,-0.900968867902419
0.002441943087650178,0.0023392358406720136,-0.019002928829705428,0.03099177932680167,-0.4418327522790392,0.75,0.7408770591139638,1.0,6.123233995736766e-17,0.6513724827222223,-0.758758122692791,-0.433883739117558,-0.9009688679024191
-0.0024419430876502345,0.00466200844211412,0.021353159902788153,-0.035846153016008936,0.005681833467430864,0.75,0.7409219444319763,1.0,6.123233995736766e-17,0.48530196253108104,-0.8743466161445821,-0.9749279121818236,-0.2225209339563146
-0.05529052989186902,-0.011696084120135277,-0.03828226355949545,0.007272694593967098,1.231494273116785,0.75,0.7410566003860137,1.0,6.123233995736766e-17,-0.10116832198743204,-0.9948693233918952,0.7818314824680298,0.6234898018587336
0.06259865811411945,-0.0023557676740256495,0.019324255019436385,-0.00484262000285356,-0.3953879020079821,0.75,0.7411014857040262,1.0,6.123233995736766e-17,-0.29936312297335776,-0.9541392564000489,0.9749279121818236,-0.22252093395631434
-0.009756165867939072,-0.009478735386040972,0.0,0.016847612005967634,-1.013905591195947,0.75,0.7411463710220387,1.0,6.123233995736766e-17,-0.4853019625310808,-0.8743466161445822,0.43388373911755823,-0.900968867902419
0.02898751015968521,0.06006429470884671,0.009523872860951717,0.03747507558656448,0.22348190354210354,0.75,0.7411912563400512,1.0,6.123233995736766e-17,-0.6513724827222217,-0.7587581226927913,-0.433883739117558,-0.9009688679024191
0.016529342897415655,0.0,0.03263700965321155,-0.01856200040337045,0.2678659132643162,0.75,0.7412361416580637,1.0,6.123233995736766e-17,-0.7907757369376986,-0.6121059825476627,-0.9749279121818236,-0.2225209339563146
0.004672901274182882,0.013363215039236298,-0.016185363935654874,0.03452589057700573,-0.18605522634600352,0.75,0.7413707976121011,1.0,6.123233995736766e-17,-0.9987165071710528,-0.05064916883871355,0.7818314824680298,0.6234898018587336
0.025317838550774147,-0.00665933884609034,0.03886205053724811,-0.004535150752048731,-0.5216907536350945,0.75,0.7414156829301136,1.0,6.123233995736766e-17,-0.9884683243281114,0.15142777750457667,0.9749279121818236,-0.22252093395631434
-0.0417694842683307,0.002224745998022385,-0.004494385253481444,-0.03233534858922336,0.34335128274026183,0.75,0.7414605682481261,1.0,6.123233995736766e-17,-0.9377521321470804,0.3473052528448203,0.43388373911755823,-0.900968867902419
0.007083904606024743,-0.03850987238172454,-0.04373540639529862,0.009345853047052682,-1.171231057270364,0.75,0.7415054535661386,1.0,6.123233995736766e-17,-0.8486442574947509,0.5289640103269624,-0.433883739117558,-0.9009688679024191
0.016336459056122608,0.027336528921831325,0.016336459056122608,0.011560756120584355,0.023754086008107057,0.75,0.741550338884151,1.0,6.123233995736766e-17,-0.7247927872291207,0.6889669190756859,-0.9749279121818236,-0.2225209339563146
0.013793308523969955,0.022223221566227525,0.013793308523969955,0.04054616263320555,0.48803261423743405,0.75,0.7416849948381885,1.0,6.123233995736766e-17,-0.20129852008866114,0.9795299412524943,0.7818314824680298,0.6234898018587336
0.02480390026183364,0.03668148026393313,0.033673235293832676,0.01967269451263507,0.24874950221938108,0.75,0.741729880156201,1.0,6.123233995736766e-17,-2.4492935982947064e-16,1.0,0.9749279121818236,-0.22252093395631434
-0.0067038761931460635,0.0021164513897495465,0.036840482323875816,-0.026317283546611645,0.21002415934329044,0.75,0.7417747654742134,0.8660254037844387,-0.4999999999999998,0.20129852008866006,0.9795299412524945,0.43388373911755823,-0.900968867902419
-0.013544211986474024,-0.014909791142919649,-0.04348507135785223,0.02415048919419258,0.375262504256744,0.75,0.7418196507922259,0.8660254037844387,-0.4999999999999998,0.39435585511331855,0.9189578116202306,-0.433883739117558,-0.9009688679024191
0.011299490717749322,0.0021436726244676144,0.011049878106334366,-0.035323832654085625,-0.20178381648984367,0.75,0.7419991920642758,0.8660254037844387,-0.4999999999999998,0.9377521321470804,0.3473052528448203,0.7818314824680298,0.6234898018587336
-0.004504508009083828,0.004273506640873242,-0.02447288555098425,0.035323832654085625,-0.6038413474967921,0.75,0.7420440773822883,0.8660254037844387,-0.4999999999999998,0.9884683243281114,0.1514277775045767,0.9749279121818236,-0.22252093395631434
0.008988816381188296,0.0021298734754141547,0.03757349663884241,-0.019715896346124594,0.7568975760820468,0.75,0.7420889627003008,0.8660254037844387,-0.4999999999999998,0.9987165071710528,-0.05064916883871264,0.43388373911755823,-0.900968867902419
0.004464289089766226,-0.02368241081812387,-0.02415048919419248,0.006615285258266287,-1.1922156473398922,0.75,0.7421338480183133,0.8660254037844387,-0.4999999999999998,0.9680771188662043,-0.2506525322587204,-0.433883739117558,-0.9009688679024191
0.008869335031998967,0.04473590033427199,0.017621584691752644,0.034560641244862945,1.807507826196194,0.75,0.7421787333363258,0.8660254037844387,-0.4999999999999998,0.8978045395707416,-0.4403941515576344,-0.9749279121818236,-0.2225209339563146
0.021834907005152716,0.0041580060266276225,0.03433810595165008,0.008456701919078527,-0.5728420754708519,0.75,0.7423133892903632,0.8660254037844387,-0.4999999999999998,0.48530196253108104,-0.8743466161445821,0.7818314824680298,0.6234898018587336
0.012875701843308874,-0.0062435602179554415,0.0104933160392696,0.00629597234977402,-0.5415185701653968,0.75,0.7423582746083757,0.8660254037844387,-0.4999999999999998,0.29936312297335804,-0.9541392564000488,0.9749279121818236,-0.22252093395631434
0.004255321468759127,0.006243560217955487,0.006243560217955487,0.002089813062622727,-0.7742727253723137,0.75,0.7424031599263882,0.8660254037844387,-0.4999999999999998,0.10116832198743272,-0.994869323391895,0.43388373911755823,-0.900968867902419
0.008456701919078527,0.02459137910601807,-0.01462934563035198,0.008316048409686833,1.0619547978240946,0.75,0.7424480452444006,0.8660254037844387,-0.4999999999999998,-0.10116832198743204,-0.9948693233918952,-0.433883739117558,-0.9009688679024191
-0.03208833528355105,-0.020450590527956374,0.018770134208413742,-0.03797921176024354,0.2283249100562074,0.75,0.7424929305624131,0.8660254037844387,-0.4999999999999998,-0.29936312297335776,-0.9541392564000489,-0.9749279121818236,-0.2225209339563146
0.002171603207467767,-0.022989545718672396,-0.040047512146573656,-0.002152902644882432,-1.034800775923156,0.75,0.7426275865164506,0.8660254037844387,-0.4999999999999998,-0.7907757369376986,-0.6121059825476627,0.7818314824680298,0.6234898018587336
-0.0021716032074677676,-0.004237290408819877,-0.006472559785504095,0.0021529026448824772,0.24116205681688804,0.75,0.7426724718344629,0.8660254037844387,-0.4999999999999998,-0.8978045395707417,-0.44039415155763423,0.9749279121818236,-0.22252093395631434
-0.055880459585953814,-0.00638984287769804,0.006472559785504116,-0.043963186792008925,0.9208517432017177,0.75,0.7427173571524754,0.8660254037844387,-0.4999999999999998,-0.9680771188662041,-0.2506525322587213,0.43388373911755823,-0.900968867902419
0.015963890173635243,-0.025975462271824953,-0.05072752675770959,0.011173343459893216,-2.0425864492906816,0.75,0.7427622424704879,0.8660254037844387,-0.4999999999999998,-0.9987165071710528,-0.05064916883871355,-0.433883739117558,-0.9009688679024191
-0.013667625367167967,0.010905274992518265,-0.013667625367167967,0.002219807488164401,-0.3417492937220567,0.75,0.7428071277885004,0.8660254037844387,-0.4999999999999998,-0.9884683243281114,0.15142777750457667,-0.9749279121818236,-0.2225209339563146
0.0022908949361331405,-0.010905274992518163,0.029380562794739405,-0.013393150948057524,1.499953679592412,0.75,0.7429417837425378,0.8660254037844387,-0.4999999999999998,-0.7247927872291207,0.6889669190756859,0.7818314824680298,0.6234898018587336
0.004566213754130215,-0.013245214201674278,-0.015712937427571433,0.004484308372104462,-0.2108230669261692,0.75,0.7429866690605503,0.8660254037844387,-0.4999999999999998,-0.5712682150947924,0.8207634412072763,0.9749279121818236,-0.22252093395631434
0.013574856642605285,0.011049878106334366,0.013483337333688235,0.006689035087788761,0.28768207245178085,0.75,0.7430315543785628,0.8660254037844387,-0.4999999999999998,-0.3943558551133187,0.9189578116202306,0.43388373911755823,-0.900968867902419
0.006718997367987594,-0.002200271231768648,0.0,0.006644589033976422,0.13129675482310635,0.75,0.7430764396965753,0.8660254037844387,-0.4999999999999998,-0.20129852008866114,0.9795299412524943,-0.433883739117558,-0.9009688679024191
-0.0067189973679875215,0.06811146173366206,0.008888938939973553,0.004405289072357788,1.3029370685859034,0.75,0.7431213250145878,0.5000000000000003,-0.8660254037844385,0.20129852008866006,0.9795299412524945,-0.9749279121818236,-0.2225209339563146
-0.025029670045567852,-0.05715840806849934,0.015368067691660532,-0.0357980782088328,-0.6986333265967253,0.75,0.7432559809686252,0.5000000000000003,-0.8660254037844385,0.72479278722912,0.6889669190756866,0.7818314824680298,0.6234898018587336
-0.06915745505733838,-0.04455086064222684,-0.049117074396357006,-0.05141314256715546,0.547315509853771,0.75,0.7433008662866377,0.5000000000000003,-0.8660254037844385,0.8486442574947509,0.5289640103269624,0.9749279121818236,-0.22252093395631434
0.007380041503099141,-0.011454813402962514,-0.05165462569693472,0.014285943460664936,-1.043577769431865,0.75,0.7433457516046502,0.5000000000000003,-0.8660254037844385,0.9377521321470804,0.3473052528448203,0.43388373911755823,-0.900968867902419
0.019418067876816054,0.0023014399062319967,0.03782953361673704,0.02336552682726442,-0.3934889170614488,0.75,0.7433906369226626,0.5000000000000003,-0.8660254037844385,0.9884683243281114,0.1514277775045767,-0.433883739117558,-0.9009688679024191
0.04466078558365514,0.0645385142864625,0.00923793233759718,0.06914681306895784,1.0622446444972349,0.75,0.7434355222406751,0.5000000000000003,-0.8660254037844385,0.9987165071710528,-0.05064916883871264,-0.9749279121818236,-0.2225209339563146
0.03833616644729698,0.008583735786265884,0.0623810696383583,-0.0021574446481041364,-0.7308875085427924,0.75,0.7435701781947126,0.5000000000000003,-0.8660254037844385,0.7907757369376989,-0.6121059825476626,0.7818314824680298,0.6234898018587336
0.006615285258266287,-0.008583735786265919,-0.006500610052404535,0.0,-1.2809338454620642,0.75,0.743615063512725,0.5000000000000003,-0.8660254037844385,0.6513724827222223,-0.758758122692791,0.9749279121818236,-0.22252093395631434
0.00438596758616891,0.02343028058304254,0.006500610052404639,0.025587725231146437,1.8870696490323797,0.75,0.7436599488307375,0.5000000000000003,-0.8660254037844385,0.48530196253108104,-0.8743466161445821,0.43388373911755823,-0.900968867902419
0.03017467365869418,0.03516392796456624,0.027690823512343567,0.016701833822083404,0.26469255422708216,0.75,0.74370483414875,0.5000000000000003,-0.8660254037844385,0.29936312297335804,-0.9541392564000488,-0.433883739117558,-0.9009688679024191
0.010559800200275546,0.12048941611386844,0.15355024579723786,0.032589412026689635,1.3379624997848676,0.75,0.7437497194667625,0.5000000000000003,-0.8660254037844385,0.10116832198743272,-0.994869323391895,-0.9749279121818236,-0.2225209339563146
-0.0021030982811969913,-0.1043600496908842,-0.1043600496908842,-0.04299527349899904,-0.8639419046377671,0.75,0.7438843754207999,0.5000000000000003,-0.8660254037844385,-0.4853019625310808,-0.8743466161445822,0.7818314824680298,0.6234898018587336
-0.05184741378211144,-0.034591460565467046,-0.034591460565467046,-0.016878122262197592,-0.5895699912775466,0.75,0.7439292607388124,0.5000000000000003,-0.8660254037844385,-0.6513724827222217,-0.7587581226927913,0.9749279121818236,-0.22252093395631434
0.02841713319906902,-0.010405861472309519,-0.025158535741161975,-0.012848130670618841,0.004008021397538868,0.75,0.7439741460568249,0.5000000000000003,-0.8660254037844385,-0.7907757369376986,-0.6121059825476627,0.43388373911755823,-0.900968867902419
-0.0972516807081787,-0.008403502976647062,-0.012820676019081425,-0.07377644662405967,0.833778310299691,0.75,0.7440190313748374,0.5000000000000003,-0.8660254037844385,-0.8978045395707417,-0.44039415155763423,-0.433883739117558,-0.9009688679024191
0.01649040185901799,-0.07443252482104527,-0.06899285683757686,0.02066667175918367,-1.289484634844602,0.75,0.7440639166928498,0.5000000000000003,-0.8660254037844385,-0.9680771188662041,-0.2506525322587213,-0.9749279121818236,-0.2225209339563146
0.01622276456269838,0.03352271228397673,0.03620301350546104,0.013544211986473934,0.6463266841535608,0.75,0.7442434579648998,0.5000000000000003,-0.8660254037844385,-0.8486442574947509,0.5289640103269624,0.9749279121818236,-0.22252093395631434
0.01142873942158647,-0.002200271231768648,0.0,0.0022395871033799087,-0.8068064990324667,0.75,0.7442883432829122,0.5000000000000003,-0.8660254037844385,-0.7247927872291207,0.6889669190756859,0.43388373911755823,-0.900968867902419
0.006794982708665556,0.002200271231768617,-0.0022247459980224804,0.006689035087788761,-0.44513036450059584,0.75,0.7443332286009247,0.5000000000000003,-0.8660254037844385,-0.5712682150947924,0.8207634412072763,-0.433883739117558,-0.9009688679024191
-0.0022598319566167757,-0.011049878106334215,-0.004464289089766179,-0.0022247459980224804,-0.30126133057816185,0.75,0.7443781139189372,0.5000000000000003,-0.8660254037844385,-0.3943558551133187,0.9189578116202306,-0.9749279121818236,-0.2225209339563146
0.002259831956616852,0.06453856087400014,0.0022346889958830924,0.049956104368289816,1.7606825882044466,0.75,0.7445127698729745,1.2246467991473532e-16,-1.0,0.20129852008866006,0.9795299412524945,0.7818314824680298,0.6234898018587336
0.041995135015588686,0.008298794604689132,0.04580954397434388,0.0042283322731352085,-1.5790122850968118,0.75,0.744557655190987,1.2246467991473532e-16,-1.0,0.39435585511331855,0.9189578116202306,0.9749279121818236,-0.22252093395631434
0.02141407482365579,0.022472785793338973,0.006376160487829222,0.020877664835286622,1.7284507380960934,0.75,0.7446025405089995,1.2246467991473532e-16,-1.0,0.5712682150947923,0.8207634412072763,0.43388373911755823,-0.900968867902419
0.00633586290000838,0.010050374385797877,0.018888317074982893,0.002063933031040177,-0.16364227650882962,0.75,0.744647425827012,1.2246467991473532e-16,-1.0,0.72479278722912,0.6889669190756866,-0.433883739117558,-0.9009688679024191
0.0,0.0,-0.012552454174974605,0.02444111260757307,-0.036771399097122896,0.75,0.7446923111450245,1.2246467991473532e-16,-1.0,0.8486442574947509,0.5289640103269624,-0.9749279121818236,-0.2225209339563146
0.03516392796456624,0.01980260859668314,0.05129329438755048,0.008016162888192879,0.2936711690925352,0.75,0.7448269670990619,1.2246467991473532e-16,-1.0,0.9987165071710528,-0.05064916883871264,0.7818314824680298,0.6234898018587336
0.0,0.028987555572748822,0.0019980483476691614,-0.006006065915190707,-0.15652441165528197,0.75,0.7448718524170744,1.2246467991473532e-16,-1.0,0.9680771188662043,-0.2506525322587204,0.9749279121818236,-0.22252093395631434
0.0,-0.023122395112683266,-0.0019980483476691635,-0.008064552083658996,-0.6316168764311632,0.75,0.7449167377350869,1.2246467991473532e-16,-1.0,0.8978045395707416,-0.4403941515576344,0.43388373911755823,-0.900968867902419
0.006078992037186474,-0.005865160460065537,-0.00803216400634236,0.010070521112402905,-0.18533885048380755,0.75,0.7449616230530994,1.2246467991473532e-16,-1.0,0.7907757369376989,-0.6121059825476626,-0.433883739117558,-0.9009688679024191
0.012048422733466999,0.009756212162808971,0.01202418147638046,0.021804657135460755,0.3042799638608187,0.75,0.7450065083711118,1.2246467991473532e-16,-1.0,0.6513724827222223,-0.758758122692791,-0.9749279121818236,-0.2225209339563146
-0.014070617998849651,-0.0019436797020841571,0.0,0.005865160460065498,-0.5989599655002442,0.75,0.7451411643251493,1.2246467991473532e-16,-1.0,0.10116832198743272,-0.994869323391895,0.7818314824680298,0.6234898018587336
0.024001129208062993,0.03253877098635807,0.015810591126644992,0.007767021786537967,1.3023426499542163,0.75,0.7451860496431618,1.2246467991473532e-16,-1.0,-0.10116832198743204,-0.9948693233918952,0.9749279121818236,-0.22252093395631434
0.01763026120260952,-0.0037735858188063507,0.019418067876816054,0.00962465842398903,-0.6610803047632826,0.75,0.7452309349611742,1.2246467991473532e-16,-1.0,-0.29936312297335776,-0.9541392564000489,0.43388373911755823,-0.900968867902419
0.003875970083794454,0.0018886178867254765,0.015267548546999675,0.00382409295183407,-0.38641691313746984,0.75,0.7452758202791867,1.2246467991473532e-16,-1.0,-0.4853019625310808,-0.8743466161445822,-0.433883739117558,-0.9009688679024191
-0.025466628762953608,-0.0037807190911864,-0.01912111432246998,-0.023167037953535786,0.32751664203774267,0.75,0.7453207055971992,1.2246467991473532e-16,-1.0,-0.6513724827222217,-0.7587581226927913,-0.9749279121818236,-0.2225209339563146
-0.09134979175143464,-0.01912111432246998,-0.015564502101345714,-0.06662401324072789,0.6687944683558879,0.75,0.7454553615512366,1.2246467991473532e-16,-1.0,-0.9680771188662041,-0.2506525322587213,0.7818314824680298,0.6234898018587336
0.012959132630372629,0.0038535657754703166,-0.044095277714720174,0.06074745708145911,-0.7082662590516021,0.75,0.7455002468692491,1.2246467991473532e-16,-1.0,-0.9987165071710528,-0.05064916883871355,0.9749279121818236,-0.22252093395631434
0.06440438250020544,-0.0038535657754703747,0.02629071746570635,-0.023858062646828666,-0.17949638920801486,0.75,0.7455451321872616,1.2246467991473532e-16,-1.0,-0.9884683243281114,0.15142777750457667,0.43388373911755823,-0.900968867902419
-0.014184573314254878,-0.015564502101345714,0.0019939691223689556,-0.01214588716411158,-0.9202046311952914,0.75,0.7455900175052741,1.2246467991473532e-16,-1.0,-0.9377521321470804,0.3473052528448203,-0.433883739117558,-0.9009688679024191
0.010152313468980687,0.011696028891390677,-0.01404239185583596,0.049662639192708954,0.6061358035703155,0.75,0.7456349028232866,1.2246467991473532e-16,-1.0,-0.8486442574947509,0.5289640103269624,-0.9749279121818236,-0.2225209339563146
-0.010152313468980687,0.0019361533552127088,0.02789032249210303,-0.04966263919270905,0.4737843520856415,0.75,0.745769558777324,1.2246467991473532e-16,-1.0,-0.3943558551133187,0.9189578116202306,0.7818314824680298,0.6234898018587336
-0.006141310983985549,-0.04146695484962901,-0.031938907305559275,-0.0061286674134019845,-1.0573020670681847,0.75,0.7458144440953365,1.2246467991473532e-16,-1.0,-0.20129852008866114,0.9795299412524943,0.9749279121818236,-0.22252093395631434
-0.031285158448794884,-0.00809720241664192,-0.024641881013321848,-0.03333648816952178,1.0013833362891624,0.75,0.745859329413349,-0.4999999999999997,-0.8660254037844388,0.20129852008866006,0.9795299412524945,0.43388373911755823,-0.900968867902419
-0.019251862331138243,-0.02469258836084179,-0.012552454174974605,0.014721648312405019,-0.4578709559203186,0.75,0.7459042147313614,-0.4999999999999997,-0.8660254037844388,0.39435585511331855,0.9189578116202306,-0.433883739117558,-0.9009688679024191
0.04435785943956016,0.030771580398028322,0.018770134208413742,0.020661872724274735,-0.8825437994488784,0.75,0.7460837560034114,-0.4999999999999997,-0.8660254037844388,0.9377521321470804,0.3473052528448203,0.7818314824680298,0.6234898018587336
-0.014568451353348163,-0.010152313468980687,0.012320472324358381,-0.02066187272427463,0.09408643908460829,0.75,0.7461286413214238,-0.4999999999999997,-0.8660254037844388,0.9884683243281114,0.1514277775045767,0.9749279121818236,-0.22252093395631434
-0.05826890412534127,-0.022704821120375446,-0.033198137159645105,-0.06245300668267235,1.421385680931161,0.75,0.7461735266394363,-0.4999999999999997,-0.8660254037844388,0.9987165071710528,-0.05064916883871264,0.43388373911755823,-0.900968867902419
0.0,-0.042650346142944086,-0.05195969064340276,0.017621584691752644,-1.7022880663975628,0.75,0.7462184119574488,-0.4999999999999997,-0.8660254037844388,0.9680771188662043,-0.2506525322587204,-0.433883739117558,-0.9009688679024191
0.015435845692503117,0.055098627970001306,0.015435845692503117,0.015168258640363043,0.11718225462299321,0.75,0.7462632972754613,-0.4999999999999997,-0.8660254037844388,0.8978045395707416,-0.4403941515576344,-0.9749279121818236,-0.2225209339563146
0.021645845549061918,0.022427063141754227,0.021645845549061918,0.04827800320767348,1.2092473310592058,0.75,0.7463979532294986,-0.4999999999999997,-0.8660254037844388,0.48530196253108104,-0.8743466161445821,0.7818314824680298,0.6234898018587336
0.03781959726816469,0.0020140494658188045,0.06226070987573765,0.004089981263258659,-1.2237754316221157,0.75,0.7464428385475111,-0.4999999999999997,-0.8660254037844388,0.29936312297335804,-0.9541392564000488,0.9749279121818236,-0.22252093395631434
-0.020834067239453857,-0.01214588716411158,-0.01214588716411158,-0.0289875082515751,0.6065791642514864,0.75,0.7464877238655236,-0.4999999999999997,-0.8660254037844388,0.10116832198743272,-0.994869323391895,0.43388373911755823,-0.900968867902419
0.004201682855065479,0.014155984137113529,-0.026833320333141425,0.039139821720555724,0.2400215891015614,0.75,0.7465326091835361,-0.4999999999999997,-0.8660254037844388,-0.10116832198743204,-0.9948693233918952,-0.433883739117558,-0.9009688679024191
-0.008421094365324252,-0.01823761868335773,0.004175367253950492,-0.030771580398028235,0.42343380165098077,0.75,0.7465774945015486,-0.4999999999999997,-0.8660254037844388,-0.29936312297335776,-0.9541392564000489,-0.9749279121818236,-0.2225209339563146
-0.010627133286517867,0.008146677051625077,0.002081114571250138,0.010362727635729298,-0.2439055427626389,0.75,0.746712150455586,-0.4999999999999997,-0.8660254037844388,-0.7907757369376986,-0.6121059825476627,0.7818314824680298,0.6234898018587336
0.0315483786188599,-0.002030407223730144,0.004149379647108779,0.0020597800984979817,-1.3724052489592236,0.75,0.7467570357735985,-0.4999999999999997,-0.8660254037844388,-0.8978045395707417,-0.44039415155763423,0.9749279121818236,-0.22252093395631434
-0.006230494218358959,0.010111251882460776,0.0,-0.0041237131295381434,0.8697050326371498,0.75,0.746801921091611,-0.4999999999999997,-0.8660254037844388,-0.9680771188662041,-0.2506525322587213,0.43388373911755823,-0.900968867902419
-0.03174871754188445,0.0,0.0,-0.031482157596251274,0.02849195579430624,0.75,0.7468468064096234,-0.4999999999999997,-0.8660254037844388,-0.9987165071710528,-0.05064916883871355,-0.433883739117558,-0.9009688679024191
-0.012987182792387393,-0.047382710473899935,-0.03583103647526192,-0.0021345214089388918,-0.1981769285837487,0.75,0.7468916917276359,-0.4999999999999997,-0.8660254037844388,-0.9884683243281114,0.15142777750457667,-0.9749279121818236,-0.2225209339563146
-0.04683130679958447,-0.014877999401837746,-0.00645852257796816,-0.054898527942476294,1.0422593521169778,0.75,0.7470263476816734,-0.4999999999999997,-0.8660254037844388,-0.7247927872291207,0.6889669190756859,0.7818314824680298,0.6234898018587336
0.027028646259856202,-0.012931202047372541,-0.028479496039129193,0.03982834066316947,-0.025689486115310897,0.75,0.7470712329996858,-0.4999999999999997,-0.8660254037844388,-0.5712682150947924,0.8207634412072763,0.9749279121818236,-0.22252093395631434
0.0,0.0,0.006644589033976422,-0.006528904502439731,-1.6961113945058337,0.75,0.7471161183176983,-0.4999999999999997,-0.8660254037844388,-0.3943558551133187,0.9189578116202306,0.43388373911755823,-0.900968867902419
0.004434592848067803,0.004329006844936752,0.015334296952748114,-0.00877197781718711,-0.9718605830289657,0.75,0.7471610036357108,-0.4999999999999997,-0.8660254037844388,-0.20129852008866114,0.9795299412524943,-0.433883739117558,-0.9009688679024191
-0.04525654763189394,-0.004329006844936764,-0.004357301294971973,-0.015538641962354344,2.8290028115198727,0.75,0.7472058889537233,-0.4999999999999997,-0.8660254037844388,-2.4492935982947064e-16,1.0,-0.9749279121818236,-0.2225209339563146
0.011507540927197257,-0.015300882319626839,-0.03104459213640273,-0.002239587103379891,-0.7562802200887816,0.75,0.7473405449077607,-0.8660254037844385,-0.5000000000000004,0.5712682150947923,0.8207634412072763,0.7818314824680298,0.6234898018587336
0.011376730431034803,0.026088411742531663,0.004494385253481471,0.0352459057377801,-0.5927427462338775,0.75,0.7473854302257732,-0.8660254037844385,-0.5000000000000004,0.72479278722912,0.6889669190756866,0.9749279121818236,-0.22252093395631434
-0.0022650584923549115,0.012793339753170128,0.054539141542365666,-0.02854202954463411,0.6016913518098915,0.75,0.7474303155437857,-0.8660254037844385,-0.5000000000000004,0.8486442574947509,0.5289640103269624,0.43388373911755823,-0.900968867902419
-0.053563449388976246,-0.03668148026393314,-0.05453914154236574,-0.059650653210966645,0.249084772953637,0.75,0.7474752008617982,-0.8660254037844385,-0.5000000000000004,0.9377521321470804,0.3473052528448203,-0.433883739117558,-0.9009688679024191
-0.01932425501943638,-0.04725289161179527,-0.04822979164878008,-0.023924562884678667,0.2758941166997386,0.75,0.7475200861798106,-0.8660254037844385,-0.5000000000000004,0.9884683243281114,0.1514277775045767,-0.9749279121818236,-0.2225209339563146
-0.012270022236438008,0.011454813402962482,-0.02381062571361482,0.016807045193652493,-0.6735770843658481,0.75,0.7476547421338481,-0.8660254037844385,-0.5000000000000004,0.8978045395707416,-0.4403941515576344,0.7818314824680298,0.6234898018587336
0.043485069353810434,-0.00915337349673065,0.028505465550963796,0.016529342897415655,-0.14429416120471536,0.75,0.7476996274518606,-0.8660254037844385,-0.5000000000000004,0.7907757369376989,-0.6121059825476626,0.9749279121818236,-0.22252093395631434
0.011751061047061695,0.05370423413895743,0.0023392358406720136,0.06789941969510256,0.6300007248753741,0.75,0.747744512769873,-0.8660254037844385,-0.5000000000000004,0.6513724827222223,-0.758758122692791,0.43388373911755823,-0.900968867902419
0.0523441456500919,0.017279030701836704,0.06117421626826171,-0.002190631490828773,-1.3689574414666137,0.75,0.7477893980878855,-0.8660254037844385,-0.5000000000000004,0.48530196253108104,-0.8743466161445821,-0.433883739117558,-0.9009688679024191
-0.008908842575952999,-0.008602195202435712,-0.006615285258266366,-0.0021953360953400475,-0.9007865453381898,0.75,0.747834283405898,-0.8660254037844385,-0.5000000000000004,0.29936312297335804,-0.9541392564000488,-0.9749279121818236,-0.2225209339563146
-0.002239587103379891,-0.006500610052404535,0.004415014026497735,-0.004405289072357769,-0.09684982598991766,0.75,0.7479689393599355,-0.8660254037844385,-0.5000000000000004,-0.29936312297335776,-0.9541392564000489,0.7818314824680298,0.6234898018587336
-0.022676686601593315,0.01510280525484022,-0.0022050178405892047,-0.03595900289060523,2.0471459469884854,0.75,0.7480138246779479,-0.8660254037844385,-0.5000000000000004,-0.4853019625310808,-0.8743466161445822,0.9749279121818236,-0.22252093395631434
-0.049363730760801555,-0.06639610509819374,-0.047466543817802506,-0.04445177745029633,0.12335948361422444,0.75,0.7480587099959604,-0.8660254037844385,-0.5000000000000004,-0.6513724827222217,-0.7587581226927913,0.43388373911755823,-0.900968867902419
-0.019465315590965433,-0.03967850304338648,-0.04740230640793523,-0.004796167875959173,0.42399007095263797,0.75,0.7481035953139729,-0.8660254037844385,-0.5000000000000004,-0.7907757369376986,-0.6121059825476627,-0.433883739117558,-0.9009688679024191
0.0024539280848285537,-0.009569442282869082,-0.002430074591113589,-0.009661902008876995,-0.016592595093419715,0.75,0.7481484806319854,-0.8660254037844385,-0.5000000000000004,-0.8978045395707417,-0.44039415155763423,-0.9749279121818236,-0.2225209339563146
-0.007380041503099163,0.009569442282869125,-0.002436110543486594,0.009661902008877073,-0.865480179470394,0.75,0.7482831365860227,-0.8660254037844385,-0.5000000000000004,-0.9884683243281114,0.15142777750457667,0.7818314824680298,0.6234898018587336
0.007380041503099141,0.011834503060066448,0.03357626481238721,-0.014528087143477158,0.1528392042294475,0.75,0.7483280219040352,-0.8660254037844385,-0.5000000000000004,-0.9377521321470804,0.3473052528448203,0.9749279121818236,-0.22252093395631434
-0.00491401019664174,-0.014218235345845086,-0.023867459674933467,-0.004889980733338914,-0.8368539012261204,0.75,0.7483729072220477,-0.8660254037844385,-0.5000000000000004,-0.8486442574947509,0.5289640103269624,0.43388373911755823,-0.900968867902419
0.009803990929980647,0.002383732285778579,0.009615449881982607,0.024214235752775193,0.7939518796819108,0.75,0.7484177925400602,-0.8660254037844385,-0.5000000000000004,-0.7247927872291207,0.6889669190756859,-0.433883739117558,-0.9009688679024191
0.007290484232693631,0.1418302723787046,-0.007202848246638382,0.10224568734605419,1.938445961974625,0.75,0.7484626778580726,-0.8660254037844385,-0.5000000000000004,-0.5712682150947924,0.8207634412072763,-0.9749279121818236,-0.2225209339563146
0.10995045128786023,0.032523160179136756,0.10511952874775589,0.07688101961869716,-0.4401692225866514,0.75,0.7485973338121101,-0.8660254037844385,-0.5000000000000004,-2.4492935982947064e-16,1.0,0.7818314824680298,0.6234898018587336
0.05691735734559681,0.011928559556882547,0.08121002646363391,-0.01005037438579784,-0.5096016334051021,0.75,0.7486422191301226,-1.0,-1.8369701987210297e-16,0.20129852008866006,0.9795299412524945,0.9749279121818236,-0.22252093395631434
0.006128667413401884,0.0019743794703678923,-0.012072569651180464,-0.0040485848134563344,-0.1780493501129349,0.75,0.748687104448135,-1.0,-1.8369701987210297e-16,0.39435585511331855,0.9189578116202306,0.43388373911755823,-0.900968867902419
-0.0020386861501434225,-0.003952570404803319,-0.006091432053454704,0.02404932782170141,-0.4006048312259116,0.75,0.7487319897661475,-1.0,-1.8369701987210297e-16,0.5712682150947923,0.8207634412072763,-0.433883739117558,-0.9009688679024191
0.016194670287257,0.019608452137044822,0.02613216378496816,-0.011952417161224803,0.09861051283298156,0.75,0.74877687508416,-1.0,-1.8369701987210297e-16,0.72479278722912,0.6889669190756866,-0.9749279121818236,-0.2225209339563146
-0.006042356818276265,-0.0038910517027434606,-0.0019860486913849196,0.0,0.8687189355719855,0.75,0.7489564163562099,-1.0,-1.8369701987210297e-16,0.9987165071710528,-0.05064916883871264,0.9749279121818236,-0.22252093395631434
0.0020182103794553308,-0.017699606976415597,0.0,-0.0060301154675648965,-0.8621507674598886,0.75,0.7490013016742224,-1.0,-1.8369701987210297e-16,0.9680771188662043,-0.2506525322587204,0.43388373911755823,-0.900968867902419
-0.0020182103794554075,0.005934776946917593,-0.005982113388948155,0.01202418147638046,0.4157772754745841,0.75,0.7490461869922349,-1.0,-1.8369701987210297e-16,0.8978045395707416,-0.4403941515576344,-0.433883739117558,-0.9009688679024191
0.0,0.01565588173224152,0.0,0.017769500439537633,0.2270237027656771,0.75,0.7490910723102474,-1.0,-1.8369701987210297e-16,0.7907757369376989,-0.6121059825476626,-0.9749279121818236,-0.2225209339563146
0.014042391855835916,0.0,0.01980260859668314,0.007797302849916281,-0.4011714132334649,0.75,0.7492257282642848,-1.0,-1.8369701987210297e-16,0.29936312297335804,-0.9541392564000488,0.7818314824680298,0.6234898018587336
0.017769500439537633,0.02871012335219314,0.005865160460065498,0.017324721459617647,0.5723873536149102,0.75,0.7492706135822973,-1.0,-1.8369701987210297e-16,0.10116832198743272,-0.994869323391895,0.9749279121818236,-0.22252093395631434
0.001954986355998253,0.02238897298214292,0.021215773162361187,0.005708904280803393,0.612379046666711,0.75,0.7493154989003098,-1.0,-1.8369701987210297e-16,-0.10116832198743204,-0.9948693233918952,0.43388373911755823,-0.900968867902419
-0.14927976184134906,-0.08466593466134956,-0.06708623007388823,-0.16912630561763264,0.5362082881376257,0.75,0.7493603842183222,-1.0,-1.8369701987210297e-16,-0.29936312297335776,-0.9541392564000489,-0.433883739117558,-0.9009688679024191
-0.03460544084891715,-0.03889949140763246,-0.10536056972099662,0.07153653707994291,-0.5171304270589739,0.75,0.7494052695363347,-1.0,-1.8369701987210297e-16,-0.4853019625310808,-0.8743466161445822,-0.9749279121818236,-0.2225209339563146
0.11934674364086617,0.04490555732282321,0.125563257575775,0.006256481825200696,-0.7288722750717532,0.75,0.7495399254903722,-1.0,-1.8369701987210297e-16,-0.8978045395707417,-0.44039415155763423,0.7818314824680298,0.6234898018587336
-0.060103968025932326,-0.046995370385445746,-0.04499732203777661,-0.062185082597182514,-0.39354601587095406,0.75,0.7495848108083846,-1.0,-1.8369701987210297e-16,-0.9680771188662041,-0.2506525322587213,0.9749279121818236,-0.22252093395631434
-0.004434592848067865,-0.04056053308032146,-0.047117979418375394,-0.004434592848067865,-0.9033417575333519,0.75,0.7496296961263971,-1.0,-1.8369701987210297e-16,-0.9987165071710528,-0.05064916883871355,0.43388373911755823,-0.900968867902419
-0.00892862219116849,0.0021762254469964042,-0.0021953360953400475,0.015435845692503117,0.11583181552512165,0.75,0.7496745814444096,-1.0,-1.8369701987210297e-16,-0.9884683243281114,0.15142777750457667,-0.433883739117558,-0.9009688679024191
0.0022395871033799087,0.027868923773292444,0.015267405440277368,-0.015435845692503142,0.2498666214549633,0.75,0.7497194667624221,-1.0,-1.8369701987210297e-16,-0.9377521321470804,0.3473052528448203,-0.9749279121818236,-0.2225209339563146
-0.01578379908985382,-0.023530526213405432,-0.0419951350155887,-0.00892862219116849,0.5376433205532669,0.75,0.7498541227164595,-1.0,-1.8369701987210297e-16,-0.5712682150947924,0.8207634412072763,0.7818314824680298,0.6234898018587336
0.0045351507520485805,0.0,0.011223505377071315,-0.009009061234425377,-0.7797278015661754,0.75,0.749899008034472,-1.0,-1.8369701987210297e-16,-0.3943558551133187,0.9189578116202306,0.9749279121818236,-0.22252093395631434
0.0,-0.0043383975598869666,0.006674153580069935,0.03991656941231863,0.5231524362466493,0.75,0.7499438933524845,-1.0,-1.8369701987210297e-16,-0.20129852008866114,0.9795299412524943,0.43388373911755823,-0.900968867902419
0.009009061234425433,0.0,0.019759078498560335,-0.021978885986724647,-0.06484484676410496,0.75,0.749988778670497,-0.866025403784439,0.49999999999999933,0.20129852008866006,0.9795299412524945,-0.433883739117558,-0.9009688679024191
-0.0022447212687246683,-0.019759078498560314,-0.030907508177893207,0.0,-1.1084645851111214,0.75,0.7500336639885095,-0.866025403784439,0.49999999999999933,0.39435585511331855,0.9189578116202306,-0.9749279121818236,-0.2225209339563146
0.0022447212687245473,0.030570035843951415,0.008928622191168457,0.0,0.523614779882312,0.75,0.7501683199425468,-0.866025403784439,0.49999999999999933,0.8486442574947509,0.5289640103269624,0.7818314824680298,0.6234898018587336
-0.009009061234425377,-0.023940236457550175,0.0,-0.011173343459893164,0.9870415879920045,0.75,0.7502132052605593,-0.866025403784439,0.49999999999999933,0.9377521321470804,0.3473052528448203,0.9749279121818236,-0.22252093395631434
-0.027524646294219458,-0.02002295033445876,-0.013423007444650008,-0.02964861132393294,-0.43204474591287634,0.75,0.7502580905785718,-0.866025403784439,0.49999999999999933,0.9884683243281114,0.1514277775045767,0.43388373911755823,-0.900968867902419
-0.009345853047052549,-0.011299490717749354,-0.022780006060810997,0.011507540927197257,0.6948292667429302,0.75,0.7503029758965842,-0.866025403784439,0.49999999999999933,0.9987165071710528,-0.05064916883871264,-0.433883739117558,-0.9009688679024191
0.025493768910237344,0.05526267750975834,0.018265330079867182,0.055631697403240456,0.17670356448973132,0.75,0.7503478612145967,-0.866025403784439,0.49999999999999933,0.9680771188662043,-0.2506525322587204,-0.9749279121818236,-0.2225209339563146
0.022625378768840007,-0.015168258640362992,0.033373529118096865,-0.01746767667204602,-0.8953840470548413,0.75,0.7504825171686342,-0.866025403784439,0.49999999999999933,0.6513724827222223,-0.758758122692791,0.7818314824680298,0.6234898018587336
-0.013513706830160108,-0.004376370490078377,-0.002190631490828773,-0.0022050178405892047,-0.6897048363689726,0.75,0.7505274024866466,-0.866025403784439,0.49999999999999933,0.48530196253108104,-0.8743466161445821,0.9749279121818236,-0.22252093395631434
0.004524890448971647,0.0,-0.011025406713509968,-0.022322440502953473,0.9507419606284011,0.75,0.7505722878046591,-0.866025403784439,0.49999999999999933,0.29936312297335804,-0.9541392564000488,0.43388373911755823,-0.900968867902419
0.0022548440243270436,0.0087336717850503,-0.013393150948057524,0.037656737455701646,-1.8037836621948569,0.75,0.7506171731226716,-0.866025403784439,0.49999999999999933,0.10116832198743272,-0.994869323391895,-0.433883739117558,-0.9009688679024191
0.033225667984378246,0.03208833528355106,0.030976003999621495,0.027868923773292444,1.2151998669197195,0.75,0.7506620584406841,-0.866025403784439,0.49999999999999933,-0.10116832198743204,-0.9948693233918952,-0.9749279121818236,-0.2225209339563146
-0.006557446338053988,-0.006335862900008393,0.015135358077368948,-0.008492611877578856,-0.4825218476031389,0.75,0.7507967143947215,-0.866025403784439,0.49999999999999933,-0.6513724827222217,-0.7587581226927913,0.7818314824680298,0.6234898018587336
-0.006600625167697802,-0.004246287012415234,-0.0021481752849815835,-0.03471060884846167,-0.1368591827171973,0.75,0.750841599712734,-0.866025403784439,0.49999999999999933,-0.7907757369376986,-0.6121059825476627,0.9749279121818236,-0.22252093395631434
-0.006644589033976515,-0.0258634866660995,-0.017353997639612605,-0.0022099961859086466,0.20067069546215124,0.75,0.7508864850307465,-0.866025403784439,0.49999999999999933,-0.8978045395707417,-0.44039415155763423,0.43388373911755823,-0.900968867902419
0.011049878106334366,0.015168258640363043,-0.0043859675861688515,0.019715896346124688,-0.1657326441008707,0.75,0.750931370348759,-0.866025403784439,0.49999999999999933,-0.9680771188662041,-0.2506525322587213,-0.433883739117558,-0.9009688679024191
-0.011049878106334215,0.0,0.013100611087858245,-0.01310061108785824,0.3510799218113624,0.75,0.7509762556667714,-0.866025403784439,0.49999999999999933,-0.9987165071710528,-0.05064916883871355,-0.9749279121818236,-0.2225209339563146
0.002219807488164401,-0.012987182792387393,-0.021930681706028146,0.0,-1.6277311054814259,0.75,0.7511109116208089,-0.866025403784439,0.49999999999999933,-0.8486442574947509,0.5289640103269624,0.7818314824680298,0.6234898018587336
-0.002219807488164339,0.0,0.008830070618169936,-0.008830070618169835,1.8120647353888004,0.75,0.7511557969388214,-0.866025403784439,0.49999999999999933,-0.7247927872291207,0.6889669190756859,0.9749279121818236,-0.22252093395631434
0.0,0.0021762254469964042,-0.006615285258266366,0.015401777203588247,0.08197358295967264,0.75,0.7512006822568338,-0.866025403784439,0.49999999999999933,-0.5712682150947924,0.8207634412072763,0.43388373911755823,-0.900968867902419
0.011049878106334366,0.021506185371127504,0.006615285258266287,-0.002185738999249642,-0.7118393135720978,0.75,0.7512455675748463,-0.866025403784439,0.49999999999999933,-0.3943558551133187,0.9189578116202306,-0.433883739117558,-0.9009688679024191
-0.02222322156622745,-0.017167787811240575,0.00438596758616891,0.004366814847225137,1.0552319930378846,0.75,0.7512904528928588,-0.866025403784439,0.49999999999999933,-0.20129852008866114,0.9795299412524943,-0.9749279121818236,-0.2225209339563146
0.02002295033445876,0.019293235804585588,0.010881437854108538,0.017279030701836704,-1.252762968495368,0.75,0.7514251088468963,-0.5000000000000012,0.8660254037844379,0.39435585511331855,0.9189578116202306,0.7818314824680298,0.6234898018587336
0.015300882319626907,0.0,0.01716778781124057,-0.004291847909449223,-0.3148682127559377,0.75,0.7514699941649087,-0.5000000000000012,0.8660254037844379,0.5712682150947923,0.8207634412072763,0.9749279121818236,-0.22252093395631434
-0.004347828654464175,-0.0021254479933449652,-0.006403380116287184,0.0064308331413835676,0.45911782160048453,0.75,0.7515148794829212,-0.5000000000000012,0.8660254037844379,0.72479278722912,0.6889669190756866,0.43388373911755823,-0.900968867902419
-0.002181075847975613,0.021053489516148095,0.0021389852319342773,-0.006430833141383504,1.0246318756701192,0.75,0.7515597648009337,-0.5000000000000012,0.8660254037844379,0.8486442574947509,0.5289640103269624,-0.433883739117558,-0.9009688679024191
-0.002185738999249642,-0.027456869632435245,-0.006430833141383504,-0.002152902644882432,-1.14055097788844,0.75,0.7516046501189462,-0.5000000000000012,0.8660254037844379,0.9377521321470804,0.3473052528448203,-0.9749279121818236,-0.2225209339563146
-0.0043859675861688515,-0.0064447505543316925,-0.015168258640362992,-0.00431965714062166,0.18325222228690782,0.75,0.7517393060729836,-0.5000000000000012,0.8660254037844379,0.9680771188662043,-0.2506525322587204,0.7818314824680298,0.6234898018587336
0.008752782433393995,0.017094417683034057,0.013015355995480675,0.0,-0.009345862418237658,0.75,0.7517841913909961,-0.5000000000000012,0.8660254037844379,0.8978045395707416,-0.4403941515576344,0.9749279121818236,-0.22252093395631434
-0.019802660539728355,-0.010649667128702448,-0.0021574446481041364,-0.0043383975598869666,0.21465693743689096,0.75,0.7518290767090086,-0.5000000000000012,0.8660254037844379,0.7907757369376989,-0.6121059825476626,0.43388373911755823,-0.900968867902419
0.0,-0.0021436726244676704,-0.028479496039129193,0.004338397559886872,0.2905189537869806,0.75,0.7518739620270211,-0.5000000000000012,0.8660254037844379,0.6513724827222223,-0.758758122692791,-0.433883739117558,-0.9009688679024191
-0.01567785146897707,0.006417179265340721,0.041355197882438174,-0.03077162963851731,0.29894979729812327,0.75,0.7519188473450334,-0.5000000000000012,0.8660254037844379,0.48530196253108104,-0.8743466161445821,-0.9749279121818236,-0.2225209339563146
-0.0022598319566167757,-0.03030531977610392,-0.041355197882438174,-0.011223505377071397,0.913766540378248,0.75,0.752053503299071,-0.5000000000000012,0.8660254037844379,-0.10116832198743204,-0.9948693233918952,0.7818314824680298,0.6234898018587336
0.002259831956616852,0.006571706585418501,0.0,0.013453105470954588,-0.1169409303434613,0.75,0.7520983886170834,-0.5000000000000012,0.8660254037844379,-0.29936312297335776,-0.9541392564000489,0.9749279121818236,-0.22252093395631434
0.004504508009083941,-0.013186991843684808,0.004434592848067803,-0.0022296000938832375,-0.5487845070988498,0.75,0.7521432739350958,-0.5000000000000012,0.8660254037844379,-0.4853019625310808,-0.8743466161445822,0.43388373911755823,-0.900968867902419
-0.004504508009083828,0.0,-0.008888938939973515,-0.008968661352744359,0.0032733253449691085,0.75,0.7521881592531083,-0.5000000000000012,0.8660254037844379,-0.6513724827222217,-0.7587581226927913,-0.433883739117558,-0.9009688679024191
-0.041480562370971565,-0.008888938939973515,-0.008968661352744359,-0.027398947339176118,0.15973728653589814,0.75,0.7522330445711208,-0.5000000000000012,0.8660254037844379,-0.7907757369376986,-0.6121059825476627,-0.9749279121818236,-0.2225209339563146
0.011696084120135192,-0.02029385401059286,-0.020478566154579034,-0.004640374935987326,0.7975322903019361,0.75,0.7523677005251582,-0.5000000000000012,0.8660254037844379,-0.9987165071710528,-0.05064916883871355,0.7818314824680298,0.6234898018587336
-0.018779988726159873,-0.00915337349673065,-0.01388909912918768,-0.016413069489175702,-0.37915187351708957,0.75,0.7524125858431707,-0.5000000000000012,0.8660254037844379,-0.9884683243281114,0.15142777750457667,0.9749279121818236,-0.22252093395631434
-0.016726721107590145,-0.02561260791474509,-0.01645164571755654,-0.01909364034457438,0.5883975384702907,0.75,0.7524574711611832,-0.5000000000000012,0.8660254037844379,-0.9377521321470804,0.3473052528448203,0.43388373911755823,-0.900968867902419
0.004807696883909408,0.011723508785557453,-0.00952387286095172,0.030844701391635976,-1.2065205764047346,0.75,0.7525472417972082,-0.5000000000000012,0.8660254037844379,-0.7247927872291207,0.6889669190756859,-0.9749279121818236,-0.2225209339563146
0.026037004507726617,0.03661732926852362,0.023641853144997595,0.02765150398428485,0.7396671961948382,0.75,0.7526818977512456,-0.5000000000000012,0.8660254037844379,-0.20129852008866114,0.9795299412524943,0.7818314824680298,0.6234898018587336
0.023095691902071138,0.008948597461870642,0.038950994702034204,0.018018488085736917,-0.8303960495846004,0.75,0.7527267830692581,-2.4492935982947064e-16,1.0,0.20129852008866006,0.9795299412524945,0.9749279121818236,-0.22252093395631434
0.011350794790879151,0.01766059169052551,0.008948597461870642,0.011098935125882146,-0.3249927548855912,0.75,0.7527716683872706,-2.4492935982947064e-16,1.0,0.39435585511331855,0.9189578116202306,0.43388373911755823,-0.900968867902419
0.022322440502953598,0.004366814847225137,0.019846330689775163,0.008791256658526606,-0.7298967227686868,0.75,0.752816553705283,-2.4492935982947064e-16,1.0,0.5712682150947923,0.8207634412072763,-0.433883739117558,-0.9009688679024191
-0.0022099961859086466,0.0021762254469964042,-0.00657170658541842,0.002185738999249566,0.4989911661189878,0.75,0.7528614390232955,-2.4492935982947064e-16,1.0,0.72479278722912,0.6889669190756866,-0.9749279121818236,-0.2225209339563146
0.004415014026497735,0.0,0.0,-0.00657170658541842,-0.6241543090729939,0.75,0.752996094977333,-2.4492935982947064e-16,1.0,0.9884683243281114,0.1514277775045767,0.7818314824680298,0.6234898018587336
-0.006629799386401212,0.0,-0.006615285258266366,0.0,0.3746934494414107,0.75,0.7530409802953455,-2.4492935982947064e-16,1.0,0.9987165071710528,-0.05064916883871264,0.9749279121818236,-0.22252093395631434
-0.013393150948057524,0.0,0.015368067691660532,-0.0199785002975028,0.3744329988604358,0.75,0.7530858656133579,-2.4492935982947064e-16,1.0,0.9680771188662043,-0.2506525322587204,0.43388373911755823,-0.900968867902419
-0.004504508009083828,-0.015334296952748204,-0.026491695627516992,-0.0022447212687246683,0.2225703211466071,0.75,0.7531307509313704,-2.4492935982947064e-16,1.0,0.8978045395707416,-0.4403941515576344,-0.433883739117558,-0.9009688679024191
-0.04856446697699618,-0.022322440502953473,-0.024916273704973086,-0.04598507038005548,0.8450016481268533,0.75,0.7531756362493829,-2.4492935982947064e-16,1.0,0.7907757369376989,-0.6121059825476626,-0.9749279121818236,-0.2225209339563146
-0.016726721107590145,-0.03211282125943964,-0.02555310504718676,-0.02381062571361482,-0.20847336156641594,0.75,0.7533102922034203,-2.4492935982947064e-16,1.0,0.29936312297335804,-0.9541392564000488,0.7818314824680298,0.6234898018587336
-0.02439142900923605,-0.01172350878555751,-0.011834503060066504,-0.012121406772798023,-0.18914087206600963,0.75,0.7533551775214328,-2.4492935982947064e-16,1.0,0.10116832198743272,-0.994869323391895,0.9749279121818236,-0.22252093395631434
0.012270022236438059,-0.01425200979295079,-0.019231344291746142,0.012121406772797938,-1.015641321215485,0.75,0.7534000628394453,-2.4492935982947064e-16,1.0,-0.10116832198743204,-0.9948693233918952,0.43388373911755823,-0.900968867902419
-0.0024419430876502345,0.009523872860951717,0.007255221638197886,-0.007255221638197869,1.405342556090585,0.75,0.7534449481574578,-2.4492935982947064e-16,1.0,-0.29936312297335776,-0.9541392564000489,-0.433883739117558,-0.9009688679024191
0.014563349860448363,0.016451645717556578,0.0,0.009661902008877073,-0.39558360477816673,0.75,0.7534898334754703,-2.4492935982947064e-16,1.0,-0.4853019625310808,-0.8743466161445822,-0.9749279121818236,-0.2225209339563146
0.014354299532618037,0.01388909912918758,0.01672672110759015,0.014320040736911063,-0.6902016703301885,0.75,0.7536244894295077,-2.4492935982947064e-16,1.0,-0.8978045395707417,-0.44039415155763423,0.7818314824680298,0.6234898018587336
0.0023724215749720582,-0.011560756120584237,0.011778744443373698,0.004728136931999134,-0.20854475189305707,0.75,0.7536693747475202,-2.4492935982947064e-16,1.0,-0.9680771188662041,-0.2506525322587213,0.9749279121818236,-0.22252093395631434
-0.016726721107590145,-0.011696084120135277,-0.016529342897415596,-0.016647161155679782,1.019474968109386,0.75,0.7537142600655327,-2.4492935982947064e-16,1.0,-0.9987165071710528,-0.05064916883871355,0.43388373911755823,-0.900968867902419
0.0,-0.007083904606024704,-0.011976122653548273,-0.002401016513230197,-1.564702018592709,0.75,0.753759145383545,-2.4492935982947064e-16,1.0,-0.9884683243281114,0.15142777750457667,-0.433883739117558,-0.9009688679024191
0.0,0.004728136931999134,0.0,0.007185709997090522,1.4527841023887236,0.75,0.753938686655595,-2.4492935982947064e-16,1.0,-0.5712682150947924,0.8207634412072763,0.7818314824680298,0.6234898018587336
0.0072028482466383326,0.002355767674025659,0.014354299532618037,0.004761909164848319,-0.7078749872701887,0.75,0.7539835719736074,-2.4492935982947064e-16,1.0,-0.3943558551133187,0.9189578116202306,0.9749279121818236,-0.22252093395631434
-0.007202848246638382,-0.00945632618099683,-0.007151451285979648,-0.007151451285979648,0.04354824524573546,0.75,0.7540284572916199,-2.4492935982947064e-16,1.0,-0.20129852008866114,0.9795299412524943,0.43388373911755823,-0.900968867902419
0.0,0.0071005585069712955,0.002389542121131396,0.009523872860951717,0.5547337603381143,0.75,0.7540733426096324,-2.4492935982947064e-16,1.0,-2.4492935982947064e-16,1.0,-0.433883739117558,-0.9009688679024191
-0.014563349860448232,0.0,0.002383732285778579,-0.011919024223680784,0.354715439719324,0.7666666666666666,0.7542528838816823,0.49999999999999994,0.8660254037844387,0.72479278722912,0.6889669190756866,0.7818314824680298,0.6234898018587336
0.004878053631136859,-0.011862467671819492,-0.002383732285778536,-0.002401016513230197,-1.1311733047174217,0.7666666666666666,0.7542977691996948,0.49999999999999994,0.8660254037844387,0.8486442574947509,0.5289640103269624,0.9749279121818236,-0.22252093395631434
0.0048543736892072385,-0.0023895421211313534,-0.009592390367769748,0.004796167875959231,-0.5730028687178821,0.7666666666666666,0.7543426545177073,0.49999999999999994,0.8660254037844387,0.9377521321470804,0.3473052528448203,0.43388373911755823,-0.900968867902419
0.0,0.004773274406909948,0.0,0.004773274406909948,2.152200895962264,0.7666666666666666,0.7543875398357198,0.49999999999999994,0.8660254037844387,0.9884683243281114,0.1514277775045767,-0.433883739117558,-0.9009688679024191
-0.012180464966032565,0.002378176879069833,0.009592390367769765,-0.011976122653548273,-0.6757554378480761,0.7666666666666666,0.7544324251537322,0.49999999999999994,0.8660254037844387,0.9987165071710528,-0.05064916883871264,-0.9749279121818236,-0.2225209339563146
-0.00491401019664174,0.0023724215749720582,0.002383732285778579,-0.012121406772798023,0.3683876903252649,0.7666666666666666,0.7545670811077697,0.49999999999999994,0.8660254037844387,0.7907757369376989,-0.6121059825476626,0.7818314824680298,0.6234898018587336
0.012240101473467267,0.007083904606024743,-0.016807045193652587,0.031215047117372288,-0.45539906731489466,0.7666666666666666,0.7546119664257822,0.49999999999999994,0.8660254037844387,0.6513724827222223,-0.758758122692791,0.9749279121818236,-0.22252093395631434
0.0048543736892072385,0.018648541458224085,0.021557643647694476,-0.01668695997389521,-0.2866376859338747,0.7666666666666666,0.7546568517437946,0.49999999999999994,0.8660254037844387,0.48530196253108104,-0.8743466161445821,0.43388373911755823,-0.900968867902419
-0.00242429909809359,-0.03048304451829067,-0.014320040736911007,0.007185709997090522,-1.2888986748245443,0.7666666666666666,0.7547017370618071,0.49999999999999994,0.8660254037844387,0.29936312297335804,-0.9541392564000488,-0.433883739117558,-0.9009688679024191
-0.009756165867939072,-0.00716842576963888,-0.014528087143477158,-0.021713797140567672,1.0833448165373212,0.7666666666666666,0.7547466223798196,0.49999999999999994,0.8660254037844387,0.10116832198743272,-0.994869323391895,-0.9749279121818236,-0.2225209339563146
0.0024480376456885895,-0.002401016513230197,0.0,0.014528087143477182,0.37597467959745917,0.7666666666666666,0.7549261636518695,0.49999999999999994,0.8660254037844387,-0.6513724827222217,-0.7587581226927913,0.9749279121818236,-0.22252093395631434
-0.004901965730517207,0.0024010165132301556,0.0048661851346001326,-0.012091976599990659,-0.8008578735627252,0.7666666666666666,0.754971048969882,0.49999999999999994,0.8660254037844387,-0.7907757369376986,-0.6121059825476627,0.43388373911755823,-0.900968867902419
0.0024539280848285537,-0.009638619424013638,-0.004866185134600146,0.0,0.06453852113757116,0.7666666666666666,0.7550159342878945,0.49999999999999994,0.8660254037844387,-0.8978045395707417,-0.44039415155763423,-0.433883739117558,-0.9009688679024191
0.004889980733338848,0.009638619424013622,0.007290484232693631,0.007272694593967098,-0.6153694795172611,0.7666666666666666,0.755060819605907,0.49999999999999994,0.8660254037844387,-0.9680771188662041,-0.2506525322587213,-0.9749279121818236,-0.2225209339563146
0.0,-0.0048076968839094155,0.004830922540104382,-0.009708805137453664,0.4818380868927384,0.7666666666666666,0.7551954755599444,0.49999999999999994,0.8660254037844387,-0.9377521321470804,0.3473052528448203,0.7818314824680298,0.6234898018587336
-0.007343908818167413,-0.009685296229311491,-0.019465315590965433,0.0,1.1041988953767494,0.7666666666666666,0.7552403608779569,0.49999999999999994,0.8660254037844387,-0.8486442574947509,0.5289640103269624,0.9749279121818236,-0.22252093395631434
0.007343908818167356,0.0048543736892072385,0.007343908818167356,0.007290484232693631,-0.9135090889122782,0.7666666666666666,0.7552852461959694,0.49999999999999994,0.8660254037844387,-0.7247927872291207,0.6889669190756859,0.43388373911755823,-0.900968867902419
0.0,0.012033770786742774,0.007290484232693631,0.009638619424013622,0.2954642128938359,0.7666666666666666,0.7553301315139819,0.49999999999999994,0.8660254037844387,-0.5712682150947924,0.8207634412072763,-0.433883739117558,-0.9009688679024191
0.009708805137453721,0.002389542121131396,0.004830922540104382,-0.007220298519253685,-0.1838731474853735,0.7666666666666666,0.7553750168319943,0.49999999999999994,0.8660254037844387,-0.3943558551133187,0.9189578116202306,-0.9749279121818236,-0.2225209339563146
-0.009708805137453664,-0.007185709997090511,-0.007255221638197869,-0.0024183209047600263,1.0008145453919832,0.7666666666666666,0.7555096727860318,0.8660254037844386,0.5000000000000001,0.20129852008866006,0.9795299412524945,0.7818314824680298,0.6234898018587336
0.0,-0.0024066803706791493,-0.004866185134600146,0.0,-1.681615890129629,0.7666666666666666,0.7555545581040443,0.8660254037844386,0.5000000000000001,0.39435585511331855,0.9189578116202306,0.9749279121818236,-0.22252093395631434
0.0,0.00240668037067911,0.0048661851346001326,-0.00242429909809359,1.4799299661538834,0.7666666666666666,0.7555994434220566,0.8660254037844386,0.5000000000000001,0.5712682150947923,0.8207634412072763,0.43388373911755823,-0.900968867902419
0.0,0.007185709997090522,-0.004866185134600146,-0.002430074591113589,-1.3058220078973175,0.7666666666666666,0.7556443287400691,0.8660254037844386,0.5000000000000001,0.72479278722912,0.6889669190756866,-0.433883739117558,-0.9009688679024191
0.0,-0.009592390367769748,0.0,0.0048543736892072385,0.6375036889912421,0.7666666666666666,0.7556892140580816,0.8660254037844386,0.5000000000000001,0.8486442574947509,0.5289640103269624,-0.9749279121818236,-0.2225209339563146
-0.00980399092998061,0.00240668037067911,-0.00980399092998061,-0.00242429909809359,0.32314915553661294,0.7666666666666666,0.755823870012119,0.8660254037844386,0.5000000000000001,0.9987165071710528,-0.05064916883871264,0.7818314824680298,0.6234898018587336
-0.04020638193114397,0.009569442282869125,-0.027467368535074855,0.009661902008877073,0.7068594424239273,0.7666666666666666,0.7558687553301315,0.8660254037844386,0.5000000000000001,0.9680771188662043,-0.2506525322587204,0.9749279121818236,-0.22252093395631434
0.050010372861124634,0.004750598454041804,0.049392766237853505,0.0024010165132301556,-0.05807437451768194,0.7666666666666666,0.755913640648144,0.8660254037844386,0.5000000000000001,0.8978045395707416,-0.4403941515576344,0.43388373911755823,-0.900968867902419
-0.012270022236438008,-0.016726721107590145,-0.004830922540104328,-0.01449299311322081,0.06098841251953142,0.7666666666666666,0.7559585259661565,0.8660254037844386,0.5000000000000001,0.7907757369376989,-0.6121059825476626,-0.433883739117558,-0.9009688679024191
0.024391429009236073,0.03550670983375005,0.04033763237385441,0.02403959576192946,0.09522200027073752,0.7666666666666666,0.756003411284169,0.8660254037844386,0.5000000000000001,0.6513724827222223,-0.758758122692791,-0.9749279121818236,-0.2225209339563146
-0.007255221638197869,-0.002328343008603325,-0.02115241030113205,-0.009546602648708631,-0.19832189814039575,0.7666666666666666,0.7561829525562189,0.8660254037844386,0.5000000000000001,-0.10116832198743204,-0.9948693233918952,0.9749279121818236,-0.22252093395631434
0.0024242990980936773,-0.021202244171598425,-0.0047619091648482175,-0.009638619424013638,-1.244197605636445,0.7666666666666666,0.7562278378742314,0.8660254037844386,0.5000000000000001,-0.29936312297335776,-0.9541392564000489,0.43388373911755823,-0.900968867902419
-0.017094475162674334,0.0,-0.021713797140567672,0.0,1.2633675217441651,0.7666666666666666,0.7562727231922438,0.8660254037844386,0.5000000000000001,-0.4853019625310808,-0.8743466161445822,-0.433883739117558,-0.9009688679024191
0.01709447516267421,0.0,0.012121406772797938,0.012033770786742774,-2.1815256677931156,0.7666666666666666,0.7563176085102563,0.8660254037844386,0.5000000000000001,-0.6513724827222217,-0.7587581226927913,-0.9749279121818236,-0.2225209339563146
-0.007290484232693686,0.002378176879069833,0.0072028482466383326,-0.01203377078674266,1.2270685191205855,0.7666666666666666,0.7564522644642938,0.8660254037844386,0.5000000000000001,-0.9680771188662041,-0.2506525322587213,0.7818314824680298,0.6234898018587336
0.0048661851346001326,0.02579278523711928,-0.014458069884836276,0.044978007309841576,1.3704155324965335,0.7666666666666666,0.7564971497823063,0.8660254037844386,0.5000000000000001,-0.9987165071710528,-0.05064916883871355,0.9749279121818236,-0.22252093395631434
0.009661902008877073,0.016073754681327504,0.035760687189161845,-0.004640374935987326,-1.4296712287056266,0.7666666666666666,0.7565420351003187,0.8660254037844386,0.5000000000000001,-0.9884683243281114,0.15142777750457667,0.43388373911755823,-0.900968867902419
0.0024010165132301556,-0.020714129617314878,-0.004694839837349066,-0.018779988726159873,-0.5176316782349902,0.7666666666666666,0.7565869204183312,0.8660254037844386,0.5000000000000001,-0.9377521321470804,0.3473052528448203,-0.433883739117558,-0.9009688679024191
-0.0048076968839094155,-0.018779988726159873,-0.007083904606024704,0.0,-1.279958711303858,0.7666666666666666,0.7566318057363437,0.8660254037844386,0.5000000000000001,-0.8486442574947509,0.5289640103269624,-0.9749279121818236,-0.2225209339563146
0.0,0.014117980284045808,-0.014320040736911007,-0.007134330739820362,1.5214691394881432,0.7666666666666666,0.7567664616903811,0.8660254037844386,0.5000000000000001,-0.3943558551133187,0.9189578116202306,0.7818314824680298,0.6234898018587336
0.004807696883909408,-0.007034075678021155,0.007185709997090522,0.002383732285778579,-1.0536609008058433,0.7666666666666666,0.7568113470083936,1.0,6.123233995736766e-17,0.20129852008866006,0.9795299412524945,0.9749279121818236,-0.22252093395631434
-0.021819084390046293,0.002350231073082586,-0.004784693483860293,-0.004773274406909872,2.1548242112655585,0.7666666666666666,0.7568562323264061,1.0,6.123233995736766e-17,0.39435585511331855,0.9189578116202306,0.43388373911755823,-0.900968867902419
0.024214235752775193,0.09829325412471807,0.0023951513627289223,0.030626685370098813,0.37660245415733473,0.7666666666666666,0.7569011176444186,1.0,6.123233995736766e-17,0.5712682150947923,0.8207634412072763,-0.433883739117558,-0.9009688679024191
0.03756317780146399,-0.02804922566534915,0.03756317780146399,0.04757409878489416,-0.5409965013993541,0.7666666666666666,0.7569460029624311,1.0,6.123233995736766e-17,0.72479278722912,0.6889669190756866,-0.9749279121818236,-0.2225209339563146
0.04063760635352897,0.03441196406751395,0.04063760635352897,0.04117592650312936,0.8600857584369594,0.7666666666666666,0.7570806589164685,1.0,6.123233995736766e-17,0.9884683243281114,0.1514277775045767,0.7818314824680298,0.6234898018587336
0.004415014026497735,0.010515383860032602,0.026202347839165366,0.012658384774144172,-1.051457150750832,0.7666666666666666,0.757125544234481,1.0,6.123233995736766e-17,0.9987165071710528,-0.05064916883871264,0.9749279121818236,-0.22252093395631434
0.026088411742531663,-0.002094289494708448,0.027631963438107966,-0.006309213481938578,-0.4663738611951568,0.7666666666666666,0.7571704295524935,1.0,6.123233995736766e-17,0.9680771188662043,-0.2506525322587204,0.43388373911755823,-0.900968867902419
-0.004301077929863997,-0.010537545755073938,-0.012658384774144153,-0.004228332273135299,-0.18058393689541388,0.7666666666666666,0.7572153148705059,1.0,6.123233995736766e-17,0.8978045395707416,-0.4403941515576344,-0.433883739117558,-0.9009688679024191
0.0021529026448824772,0.00633586290000838,-0.012820676019081425,-0.008510681896768226,-0.07197349962508923,0.7666666666666666,0.7572602001885184,1.0,6.123233995736766e-17,0.7907757369376989,-0.6121059825476626,-0.9749279121818236,-0.2225209339563146
0.0064308331413835676,-0.002107530626873046,0.0064308331413835676,0.010627133286517935,-0.049723435352430505,0.7666666666666666,0.7573948561425559,1.0,6.123233995736766e-17,0.29936312297335804,-0.9541392564000488,0.7818314824680298,0.6234898018587336
-0.0042826578564018674,0.0021075306268730012,0.012739014169903515,-0.002116451389749607,-0.33725685808163075,0.7666666666666666,0.7574397414605682,1.0,6.123233995736766e-17,0.10116832198743272,-0.994869323391895,0.9749279121818236,-0.22252093395631434
-0.030503425769029452,-0.002107530626873046,-0.004228332273135299,-0.014941515038151712,0.5163050895306163,0.7666666666666666,0.7574846267785807,1.0,6.123233995736766e-17,-0.10116832198743204,-0.9948693233918952,0.43388373911755823,-0.900968867902419
-0.038336166447297,-0.01916984731128699,-0.02575247238354272,-0.0643951521248775,0.7285776175394458,0.7666666666666666,0.7575295120965932,1.0,6.123233995736766e-17,-0.29936312297335776,-0.9541392564000489,-0.433883739117558,-0.9009688679024191
-0.06899286365711291,-0.02614525429813932,-0.055880459585953814,-0.07128912846358022,0.4211640176512681,0.7666666666666666,0.7575743974146057,1.0,6.123233995736766e-17,-0.4853019625310808,-0.8743466161445822,-0.9749279121818236,-0.2225209339563146
0.0,-0.03367323529383265,-0.06899286365711291,0.06207248247251587,-0.5104795431257481,0.7666666666666666,0.7577090533686431,1.0,6.123233995736766e-17,-0.8978045395707417,-0.44039415155763423,0.7818314824680298,0.6234898018587336
0.03627969723539656,0.0,0.06899286365711284,-0.016336459056122573,-0.4326478427019667,0.7666666666666666,0.7577539386866556,1.0,6.123233995736766e-17,-0.9680771188662041,-0.2506525322587213,0.9749279121818236,-0.22252093395631434
0.004739340811956338,0.004555812082213534,-0.01856200040337045,0.016336459056122608,-0.579818495252942,0.7666666666666666,0.7577988240046681,1.0,6.123233995736766e-17,-0.9987165071710528,-0.05064916883871355,0.43388373911755823,-0.900968867902419
0.011751061047061695,0.006794982708665556,0.01856200040337034,-0.0023175511530002064,0.6368287499697217,0.7666666666666666,0.7578437093226806,1.0,6.123233995736766e-17,-0.9884683243281114,0.15142777750457667,-0.433883739117558,-0.9009688679024191
-0.004683844604938501,-0.0022598319566167757,-0.009237932337597185,-0.004651166791590379,-0.5634012814149046,0.7666666666666666,0.7580232505947305,1.0,6.123233995736766e-17,-0.5712682150947924,0.8207634412072763,0.7818314824680298,0.6234898018587336
0.0,-0.006810516676904582,0.002317551153000248,0.0,0.13242458564933154,0.7666666666666666,0.758068135912743,1.0,6.123233995736766e-17,-0.3943558551133187,0.9189578116202306,0.9749279121818236,-0.22252093395631434
-0.016568466418927695,-0.023042472625918253,-0.011641619218773457,-0.009367741111531847,-0.18698356989976592,0.7666666666666666,0.7581130212307555,1.0,6.123233995736766e-17,-0.20129852008866114,0.9795299412524943,0.43388373911755823,-0.900968867902419
-0.0023895421211313534,0.0,-0.011778744443373715,-0.016607777466976375,0.43008173574352043,0.7666666666666666,0.7581579065487679,1.0,6.123233995736766e-17,-2.4492935982947064e-16,1.0,-0.433883739117558,-0.9009688679024191
-0.007202848246638382,-0.002333665433510724,-0.004750598454041881,0.007151451285979509,0.7818036069556749,0.7666666666666666,0.7582027918667804,0.8660254037844387,-0.4999999999999998,0.20129852008866006,0.9795299412524945,-0.9749279121818236,-0.2225209339563146
0.0,-0.007034075678021155,0.011834503060066448,-0.009546602648708631,-1.3100031986577185,0.7666666666666666,0.7583374478208179,0.8660254037844387,-0.4999999999999998,0.72479278722912,0.6889669190756866,0.7818314824680298,0.6234898018587336
-0.007255221638197869,-0.0047169853690404535,-0.014218235345845086,-0.002401016513230197,0.0502618347808883,0.7666666666666666,0.7583823331388303,0.8660254037844387,-0.4999999999999998,0.8486442574947509,0.5289640103269624,0.9749279121818236,-0.22252093395631434
0.007255221638197886,0.00471698536904043,0.002383732285778579,0.009569442282869125,0.6351233404435678,0.7666666666666666,0.7584272184568428,0.8660254037844387,-0.4999999999999998,0.9377521321470804,0.3473052528448203,0.43388373911755823,-0.900968867902419
-0.009685296229311491,-0.011834503060066504,0.0,-0.009569442282869082,-0.3659946758875347,0.7666666666666666,0.7584721037748553,0.8660254037844387,-0.4999999999999998,0.9884683243281114,0.1514277775045767,-0.433883739117558,-0.9009688679024191
0.00968529622931142,0.014184734133149192,0.014184734133149192,-0.0024066803706791493,-0.23066238372823702,0.7666666666666666,0.7585169890928678,0.8660254037844387,-0.4999999999999998,0.9987165071710528,-0.05064916883871264,-0.9749279121818236,-0.2225209339563146
-0.007255221638197869,0.0,-0.026160856786697394,0.00240668037067911,-0.2689899394396283,0.7666666666666666,0.7586516450469052,0.8660254037844387,-0.4999999999999998,0.7907757369376989,-0.6121059825476626,0.7818314824680298,0.6234898018587336
0.007255221638197886,-0.018958008540059114,0.0,0.004796167875959231,-0.587786664902119,0.7666666666666666,0.7586965303649177,0.8660254037844387,-0.4999999999999998,0.6513724827222223,-0.758758122692791,0.9749279121818236,-0.22252093395631434
0.0,0.004773274406909948,0.009592390367769765,-0.007202848246638382,0.8800876832101945,0.7666666666666666,0.7587414156829302,0.8660254037844387,-0.4999999999999998,0.48530196253108104,-0.8743466161445821,0.43388373911755823,-0.900968867902419
0.0,0.004750598454041804,-0.009592390367769748,0.01672672110759015,0.6435502394205732,0.7666666666666666,0.7587863010009427,0.8660254037844387,-0.4999999999999998,0.29936312297335804,-0.9541392564000488,-0.433883739117558,-0.9009688679024191
0.0072028482466383326,0.004728136931999134,0.021454858039589218,-0.007134330739820362,-1.37905669381966,0.7666666666666666,0.7588311863189551,0.8660254037844387,-0.4999999999999998,0.10116832198743272,-0.994869323391895,-0.9749279121818236,-0.2225209339563146
-0.0023951513627290238,0.007050607511374592,-0.016647161155679782,0.009501249976804536,2.283167007136944,0.7666666666666666,0.7589658422729926,0.8660254037844387,-0.4999999999999998,-0.4853019625310808,-0.8743466161445822,0.7818314824680298,0.6234898018587336
0.009546602648708645,0.025434927742743238,0.009546602648708645,0.03256098535236044,-0.8968726460170535,0.7666666666666666,0.7590107275910051,0.8660254037844387,-0.4999999999999998,-0.6513724827222217,-0.7587581226927913,0.9749279121818236,-0.22252093395631434
-0.011947619161938814,0.015855302799962914,0.009456326180996755,-0.032560985352360294,0.47808387671041847,0.7666666666666666,0.7590556129090175,0.8660254037844387,-0.4999999999999998,-0.7907757369376986,-0.6121059825476627,0.43388373911755823,-0.900968867902419
0.007185709997090522,-0.02733652892183136,0.0,0.011751061047061695,-1.3158122860814714,0.7666666666666666,0.75910049822703,0.8660254037844387,-0.4999999999999998,-0.8978045395707417,-0.44039415155763423,-0.433883739117558,-0.9009688679024191
-0.021713797140567672,0.0,-0.011834503060066504,0.0023336654335107585,0.6091615244868525,0.7666666666666666,0.7591453835450425,0.8660254037844387,-0.4999999999999998,-0.9680771188662041,-0.2506525322587213,-0.9749279121818236,-0.2225209339563146
0.02884812788038816,0.0,0.004750598454041804,0.009280800346692139,-0.882137449548938,0.7666666666666666,0.7592800394990799,0.8660254037844387,-0.4999999999999998,-0.9377521321470804,0.3473052528448203,0.7818314824680298,0.6234898018587336
0.02803930494051221,0.025086864937074533,0.02803930494051221,0.011481226121868266,1.0332624084596593,0.7666666666666666,0.7593249248170924,0.8660254037844387,-0.4999999999999998,-0.8486442574947509,0.5289640103269624,0.9749279121818236,-0.22252093395631434
0.0,0.024472885550984216,0.013730179327818448,0.038078524366190365,0.5495467116278395,0.7666666666666666,0.7593698101351049,0.8660254037844387,-0.4999999999999998,-0.7247927872291207,0.6889669190756859,0.43388373911755823,-0.900968867902419
0.020525162036484038,0.006571706585418501,0.022472834177642478,-0.002200271231768648,-0.0650383961792222,0.7666666666666666,0.7594146954531173,0.8660254037844387,-0.4999999999999998,-0.5712682150947924,0.8207634412072763,-0.433883739117558,-0.9009688679024191
0.004504508009083941,0.002181075847975534,-0.011173343459893164,0.010953053665162716,-0.3716435596326537,0.7666666666666666,0.7594595807711298,0.8660254037844387,-0.4999999999999998,-0.3943558551133187,0.9189578116202306,-0.9749279121818236,-0.2225209339563146
0.022223221566227525,0.03215703010367434,0.02660918915239631,0.015135358077368948,0.4246154443987595,0.7666666666666666,0.7595942367251672,0.5000000000000003,-0.8660254037844385,0.39435585511331855,0.9189578116202306,0.7818314824680298,0.6234898018587336
0.00438596758616891,-0.012739014169903484,0.010881437854108538,-0.010787529422904852,-1.010084611160516,0.7666666666666666,0.7596391220431797,0.5000000000000003,-0.8660254037844385,0.5712682150947923,0.8207634412072763,0.9749279121818236,-0.22252093395631434
-0.015435845692503142,0.004264394884352982,0.015037914335826527,-0.004347828654464175,0.36000273403140703,0.7666666666666666,0.7596840073611922,0.5000000000000003,-0.8660254037844385,0.72479278722912,0.6889669190756866,0.43388373911755823,-0.900968867902419
-0.02247283417764251,-0.0021298734754140788,-0.0021345214089388918,-0.013158071505751809,0.6974981663942714,0.7666666666666666,0.7597288926792047,0.5000000000000003,-0.8660254037844385,0.8486442574947509,0.5289640103269624,-0.433883739117558,-0.9009688679024191
-0.018349120606183555,-0.03030531977610392,-0.028170798367165,-0.0428476025394375,-0.8682589007871502,0.7666666666666666,0.7597737779972171,0.5000000000000003,-0.8660254037844385,0.9377521321470804,0.3473052528448203,-0.9749279121818236,-0.2225209339563146
0.009216645991064322,-0.02222322156622745,-0.042655186899096045,0.016000271587512268,-0.41238555095273816,0.7666666666666666,0.7599084339512546,0.5000000000000003,-0.8660254037844385,0.9680771188662043,-0.2506525322587204,0.7818314824680298,0.6234898018587336
0.018182301348111794,0.013393150948057493,0.018182301348111794,0.009029398458055669,0.3629054936893685,0.7666666666666666,0.7599533192692671,0.5000000000000003,-0.8660254037844385,0.8978045395707416,-0.4403941515576344,0.9749279121818236,-0.22252093395631434
-0.009049826732992521,-0.013393150948057524,0.0022496639847568323,-0.011299490717749354,-1.6314168191528755,0.7666666666666666,0.7599982045872795,0.5000000000000003,-0.8660254037844385,0.7907757369376989,-0.6121059825476626,0.43388373911755823,-0.900968867902419
-0.009132474615119266,0.011173343459893216,-0.011299490717749354,0.006794982708665556,2.272507637756768,0.7666666666666666,0.760043089905292,0.5000000000000003,-0.8660254037844385,0.6513724827222223,-0.758758122692791,-0.433883739117558,-0.9009688679024191
0.006857108690263253,0.06453856087400014,0.006794982708665556,0.06128837082017433,0.4907786918207,0.7666666666666666,0.7600879752233045,0.5000000000000003,-0.8660254037844385,0.48530196253108104,-0.8743466161445821,-0.9749279121818236,-0.2225209339563146
0.031392789136474926,-0.02105348951614806,0.041995135015588686,-0.038965930317220725,-0.4101489574205908,0.7666666666666666,0.7602226311773419,0.5000000000000003,-0.8660254037844385,-0.10116832198743204,-0.9948693233918952,0.7818314824680298,0.6234898018587336
-0.06851998824296551,-0.03905047850978429,-0.021882690698543768,-0.06380300287392507,0.4624931013414723,0.7666666666666666,0.7602675164953544,0.5000000000000003,-0.8660254037844385,-0.29936312297335776,-0.9541392564000489,0.9749279121818236,-0.22252093395631434
-0.01668695997389521,-0.022372276273661795,-0.04525654763189394,-0.0023557676740256495,-0.3291818033585337,0.7666666666666666,0.7603124018133669,0.5000000000000003,-0.8660254037844385,-0.4853019625310808,-0.8743466161445822,0.43388373911755823,-0.900968867902419
0.0024010165132301556,-0.006810516676904582,0.016073754681327504,0.009389843352046751,-0.43517800542667595,0.7666666666666666,0.7603572871313794,0.5000000000000003,-0.8660254037844385,-0.6513724827222217,-0.7587581226927913,-0.433883739117558,-0.9009688679024191
-0.002401016513230197,-0.006857108690263342,-0.039494118343474764,-0.004683844604938501,1.0210796556330237,0.7666666666666666,0.7604021724493919,0.5000000000000003,-0.8660254037844385,-0.7907757369376986,-0.6121059825476627,-0.9749279121818236,-0.2225209339563146
0.035422853246057845,0.042655186899096025,0.02803930494051221,0.05258343676884344,-0.7979361043188139,0.7666666666666666,0.7605368284034293,0.5000000000000003,-0.8660254037844385,-0.9987165071710528,-0.05064916883871355,0.7818314824680298,0.6234898018587336
0.03421088374565772,0.010929007880390319,0.029513978417672296,0.01107435287258815,-0.2819840513371431,0.7666666666666666,0.7605817137214418,0.5000000000000003,-0.8660254037844385,-0.9884683243281114,0.15142777750457667,0.9749279121818236,-0.22252093395631434
-0.01127411972678018,0.0,0.026491695627516965,-0.029052348792514393,-0.2480729343567351,0.7666666666666666,0.7606265990394543,0.5000000000000003,-0.8660254037844385,-0.9377521321470804,0.3473052528448203,0.43388373911755823,-0.900968867902419
-0.01830713046377574,-0.030907508177893207,-0.04455086064222684,-0.011402566874812996,0.28037387914505624,0.7666666666666666,0.7606714843574667,0.5000000000000003,-0.8660254037844385,-0.8486442574947509,0.5289640103269624,-0.433883739117558,-0.9009688679024191
0.01603703820408208,0.008928622191168457,0.024748200102498525,0.009132474615119254,-0.3542329402831807,0.7666666666666666,0.7607163696754792,0.5000000000000003,-0.8660254037844385,-0.7247927872291207,0.6889669190756859,-0.9749279121818236,-0.2225209339563146
0.0045351507520485805,0.032789843332115695,-0.011173343459893164,0.03352271228397673,0.3639653772014116,0.7666666666666666,0.7608959109475291,0.5000000000000003,-0.8660254037844385,-2.4492935982947064e-16,1.0,0.9749279121818236,-0.22252093395631434
0.017937683425593834,-0.002152902644882432,0.028794928151645992,-0.002200271231768648,-0.9175021190604521,0.7666666666666666,0.7609407962655416,1.2246467991473532e-16,-1.0,0.20129852008866006,0.9795299412524945,0.43388373911755823,-0.900968867902419
-0.017937683425593903,-0.01958706258089904,-0.00657170658541842,-0.022272614319215643,1.2992829841302609,0.7666666666666666,0.7609856815835541,1.2246467991473532e-16,-1.0,0.39435585511331855,0.9189578116202306,-0.433883739117558,-0.9009688679024191
-0.025201822511232493,-0.02447288555098425,-0.02447288555098425,-0.020478566154579034,-0.5053311044483499,0.7666666666666666,0.7610305669015666,1.2246467991473532e-16,-1.0,0.5712682150947923,0.8207634412072763,-0.9749279121818236,-0.2225209339563146
-0.002322823782987026,0.004494385253481471,-0.020478566154579034,0.013698831681280374,-0.35863380842406534,0.7666666666666666,0.761165222855604,1.2246467991473532e-16,-1.0,0.9377521321470804,0.3473052528448203,0.7818314824680298,0.6234898018587336
0.011560756120584355,0.00447427609926283,0.029447227507323485,-0.011402566874812996,-0.5996211225491218,0.7666666666666666,0.7612101081736165,1.2246467991473532e-16,-1.0,0.9884683243281114,0.1514277775045767,0.9749279121818236,-0.22252093395631434
0.004587159742600465,0.011098935125882146,-0.024860067764723087,0.0316053087927617,1.1033628914267075,0.7666666666666666,0.761254993491629,1.2246467991473532e-16,-1.0,0.9987165071710528,-0.05064916883871264,0.43388373911755823,-0.900968867902419
0.011376730431034803,0.004405289072357788,0.02038579166546013,-0.006689035087788625,-0.7026710620712008,0.7666666666666666,0.7612998788096415,1.2246467991473532e-16,-1.0,0.9680771188662043,-0.2506525322587204,-0.433883739117558,-0.9009688679024191
-0.013667625367167967,-0.011049878106334215,-0.0022447212687246683,-0.011248648337805244,0.850028237510061,0.7666666666666666,0.7613447641276538,1.2246467991473532e-16,-1.0,0.8978045395707416,-0.4403941515576344,-0.9749279121818236,-0.2225209339563146
-0.004597704712699258,0.004434592848067803,-0.009029398458055615,0.0,-0.02275175698341607,0.7666666666666666,0.7614794200816913,1.2246467991473532e-16,-1.0,0.48530196253108104,-0.8743466161445821,0.7818314824680298,0.6234898018587336
0.006888599648832427,0.004415014026497735,-0.004545458184549777,0.017937683425593834,-0.06705213787788712,0.7666666666666666,0.7615243053997038,1.2246467991473532e-16,-1.0,0.29936312297335804,-0.9541392564000488,0.9749279121818236,-0.22252093395631434
-0.018476258871787984,0.010953053665162716,0.02918279295056632,-0.047790672728416674,0.022124796280635763,0.7666666666666666,0.7615691907177163,1.2246467991473532e-16,-1.0,0.10116832198743272,-0.994869323391895,0.43388373911755823,-0.900968867902419
-0.02597551857850827,-0.05600567404518935,-0.05455893100999526,-0.02597551857850827,-0.11341621649004305,0.7666666666666666,0.7616140760357287,1.2246467991473532e-16,-1.0,-0.10116832198743204,-0.9948693233918952,-0.433883739117558,-0.9009688679024191
0.016607777466976493,0.027274391314292625,-0.0023392358406721064,0.016607777466976493,0.610138477359973,0.7666666666666666,0.7616589613537412,1.2246467991473532e-16,-1.0,-0.29936312297335776,-0.9541392564000489,-0.9749279121818236,-0.2225209339563146
0.0140189079031222,-0.013544211986474024,0.009324068065773154,0.023256840240719442,-1.3639102797363531,0.7666666666666666,0.7617936173077787,1.2246467991473532e-16,-1.0,-0.7907757369376986,-0.6121059825476627,0.7818314824680298,0.6234898018587336
-0.011668676830039679,-0.0022753659248559086,0.01382509208019764,0.0,-0.9267620317414506,0.7666666666666666,0.7618385026257911,1.2246467991473532e-16,-1.0,-0.8978045395707417,-0.44039415155763423,0.9749279121818236,-0.22252093395631434
0.01629831038514142,0.022523454104476055,-0.00458715974260037,0.006872927339372961,1.1786549963416462,0.7666666666666666,0.7618833879438036,1.2246467991473532e-16,-1.0,-0.9680771188662041,-0.2506525322587213,0.43388373911755823,-0.900968867902419
-0.0233655268272645,0.0,0.03167682760120659,-0.013793308523969885,0.0551320706947163,0.7666666666666666,0.7619282732618161,1.2246467991473532e-16,-1.0,-0.9987165071710528,-0.05064916883871355,-0.433883739117558,-0.9009688679024191
0.00471698536904043,0.002224745998022385,-0.04091475993880384,0.004618941278365039,0.6893084042527796,0.7666666666666666,0.7619731585798286,1.2246467991473532e-16,-1.0,-0.9884683243281114,0.15142777750457667,-0.9749279121818236,-0.2225209339563146
0.0,-0.045462329719813406,-0.014018907903122324,-0.02095540033448757,-0.3349349573023265,0.7666666666666666,0.762107814533866,1.2246467991473532e-16,-1.0,-0.7247927872291207,0.6889669190756859,0.7818314824680298,0.6234898018587336
0.004694839837348985,0.025259587801864512,0.011696084120135192,0.011696084120135192,-1.0285447260513927,0.7666666666666666,0.7621526998518785,1.2246467991473532e-16,-1.0,-0.5712682150947924,0.8207634412072763,0.9749279121818236,-0.22252093395631434
0.011641619218773538,-0.006825904341907456,0.004640374935987388,0.013857020927051615,0.6741712791009397,0.7666666666666666,0.762197585169891,1.2246467991473532e-16,-1.0,-0.3943558551133187,0.9189578116202306,0.43388373911755823,-0.900968867902419
-0.011641619218773457,0.01360563881520608,0.011507540927197257,0.0,0.2991107682754037,0.7666666666666666,0.7622424704879035,1.2246467991473532e-16,-1.0,-0.20129852008866114,0.9795299412524943,-0.433883739117558,-0.9009688679024191
-0.004694839837349066,0.008968661352744326,0.0068415796789861255,0.015927457323784706,-0.11742798505794393,0.7666666666666666,0.7622873558059159,-0.4999999999999997,-0.8660254037844388,0.20129852008866006,0.9795299412524945,-0.9749279121818236,-0.2225209339563146
0.02555310504718689,-0.008968661352744359,0.0,-0.015927457323784706,-1.303551934049837,0.7666666666666666,0.7624668970779659,-0.4999999999999997,-0.8660254037844388,0.8486442574947509,0.5289640103269624,0.9749279121818236,-0.22252093395631434
-0.01153419714406447,0.008968661352744326,-0.0022753659248559086,0.02491627370497308,1.4124206657121106,0.7666666666666666,0.7625117823959783,-0.4999999999999997,-0.8660254037844388,0.9377521321470804,0.3473052528448203,0.43388373911755823,-0.900968867902419
0.01382509208019764,0.0022296000938831022,0.006810516676904558,-0.01805916501470985,-1.0108848357438358,0.7666666666666666,0.7625566677139908,-0.4999999999999997,-0.8660254037844388,0.9884683243281114,0.1514277775045767,-0.433883739117558,-0.9009688679024191
-0.002290894936133112,-0.01345310547095458,-0.013667625367167967,0.0022753659248559606,0.2857116284644823,0.7666666666666666,0.7626015530320033,-0.4999999999999997,-0.8660254037844388,0.9987165071710528,-0.05064916883871264,-0.9749279121818236,-0.2225209339563146
-0.02790887272121242,-0.011350794790879137,0.004576662532905499,-0.03233534858922336,1.9167485629256822,0.7666666666666666,0.7627362089860407,-0.4999999999999997,-0.8660254037844388,0.7907757369376989,-0.6121059825476626,0.7818314824680298,0.6234898018587336
0.009389843352046751,0.002280446157357698,-0.01611085967697014,0.023202873974104168,-0.8260571077490164,0.7666666666666666,0.7627810943040532,-0.4999999999999997,-0.8660254037844388,0.6513724827222223,-0.758758122692791,0.9749279121818236,-0.22252093395631434
0.011614465780202853,0.024748200102498525,0.004629633555101856,0.02491627370497308,0.5128117217376201,0.7666666666666666,0.7628259796220657,-0.4999999999999997,-0.8660254037844388,0.48530196253108104,-0.8743466161445821,0.43388373911755823,-0.900968867902419
0.03405552628981879,0.04348507135785213,0.038509872381724625,0.03947887841990441,-0.5596157879354228,0.7666666666666666,0.7628708649400782,-0.4999999999999997,-0.8660254037844388,0.29936312297335804,-0.9541392564000488,-0.433883739117558,-0.9009688679024191
0.006674153580069935,-0.0021298734754140788,0.041355197882438174,-0.0305700358439514,-1.4642559025896025,0.7666666666666666,0.7629157502580907,-0.4999999999999997,-0.8660254037844388,0.10116832198743272,-0.994869323391895,-0.9749279121818236,-0.2225209339563146
-0.02696800759066291,-0.03250559100787253,-0.041355197882438174,-0.017897658957141415,0.23211222129697015,0.7666666666666666,0.763050406212128,-0.4999999999999997,-0.8660254037844388,-0.4853019625310808,-0.8743466161445822,0.7818314824680298,0.6234898018587336
-0.013761672279226023,-0.008849606874565673,-0.03850987238172454,-0.009070348633521486,-0.19671029424605427,0.7666666666666666,0.7630952915301406,-0.4999999999999997,-0.8660254037844388,-0.6513724827222217,-0.7587581226927913,0.9749279121818236,-0.22252093395631434
0.0,-0.013423007444650008,0.01830713046377583,0.004545458184549649,0.46455402447817085,0.7666666666666666,0.763140176848153,-0.4999999999999997,-0.8660254037844388,-0.7907757369376986,-0.6121059825476627,0.43388373911755823,-0.900968867902419
0.01830713046377583,0.008968661352744326,0.009029398458055669,0.011274119726780267,-0.06782259633876106,0.7666666666666666,0.7631850621661656,-0.4999999999999997,-0.8660254037844388,-0.8978045395707417,-0.44039415155763423,-0.433883739117558,-0.9009688679024191
-0.016000271587512296,0.008888938939973553,0.008948597461870642,-0.024972951408060516,-0.5465437063680699,0.7666666666666666,0.7632299474841779,-0.4999999999999997,-0.8660254037844388,-0.9680771188662041,-0.2506525322587213,-0.9749279121818236,-0.2225209339563146
-0.00693649243136523,-0.024637334766016598,-0.017977995919926257,-0.004608298782495437,-0.43623676677491796,0.7666666666666666,0.7633646034382154,-0.4999999999999997,-0.8660254037844388,-0.9377521321470804,0.3473052528448203,0.7818314824680298,0.6234898018587336
-0.002322823782987026,-0.004545458184549777,-0.01830713046377574,0.009195458525095747,1.9745149596369767,0.7666666666666666,0.7634094887562279,-0.4999999999999997,-0.8660254037844388,-0.8486442574947509,0.5289640103269624,0.9749279121818236,-0.22252093395631434
0.0,0.0022753659248559606,-0.006952457338088844,0.00228576759677249,-0.12951097589010932,0.7666666666666666,0.7634543740742403,-0.4999999999999997,-0.8660254037844388,-0.7247927872291207,0.6889669190756859,0.43388373911755823,-0.900968867902419
0.011560756120584355,0.05526267750975834,0.013857020927051615,0.04027386046153039,0.39968713082827584,0.7666666666666666,0.7634992593922528,-0.4999999999999997,-0.8660254037844388,-0.5712682150947924,0.8207634412072763,-0.433883739117558,-0.9009688679024191
0.027212538511440502,0.02966316335055656,0.053584194779486484,0.04920779248099802,0.6594739654533575,0.7666666666666666,0.7635441447102653,-0.4999999999999997,-0.8660254037844388,-0.3943558551133187,0.9189578116202306,-0.9749279121818236,-0.2225209339563146
0.03083952428198114,-0.010493316039269613,0.029980804656678066,-0.029663163350556687,-1.6034626492440134,0.7666666666666666,0.7636788006643027,-0.8660254037844385,-0.5000000000000004,0.20129852008866006,0.9795299412524945,0.7818314824680298,0.6234898018587336
0.008639354137923277,-0.006349171292205541,-0.008474619285550513,0.010695228025736534,-0.9377969370951186,0.7666666666666666,0.7637236859823152,-0.8660254037844385,-0.5000000000000004,0.39435585511331855,0.9189578116202306,0.9749279121818236,-0.22252093395631434
0.012820676019081434,0.01684248733147511,0.0021254479933449275,0.016878122262197547,1.624540680619857,0.7666666666666666,0.7637685713003277,-0.8660254037844385,-0.5000000000000004,0.5712682150947923,0.8207634412072763,0.43388373911755823,-0.900968867902419
-0.0021254479933449652,-0.0020898130626226526,0.012658384774144172,-0.010515383860032708,-1.3756446332032324,0.7666666666666666,0.7638134566183402,-0.8660254037844385,-0.5000000000000004,0.72479278722912,0.6889669190756866,-0.433883739117558,-0.9009688679024191
-0.008547052740754846,0.044997322037776566,-0.014783832767489099,0.055512705897809274,1.7395737160574847,0.7666666666666666,0.7638583419363527,-0.8660254037844385,-0.5000000000000004,0.8486442574947509,0.5289640103269624,-0.9749279121818236,-0.2225209339563146
0.03789933686159208,0.01980260859668314,0.047776485100720044,-0.004008017567521535,-0.010471299867295366,0.7666666666666666,0.7639929978903901,-0.8660254037844385,-0.5000000000000004,0.9987165071710528,-0.05064916883871264,0.7818314824680298,0.6234898018587336
-0.010384348796017056,-0.025820723137206753,0.008080844658730553,-0.03681393721630461,0.5658263229418632,0.7666666666666666,0.7640378832084026,-0.8660254037844385,-0.5000000000000004,0.9680771188662043,-0.2506525322587204,0.9749279121818236,-0.22252093395631434
-0.029663163350556687,-0.014184573314254878,-0.03688939443463038,-0.008368241322527534,-1.6188759919314073,0.7666666666666666,0.7640827685264151,-0.8660254037844385,-0.5000000000000004,0.8978045395707416,-0.4403941515576344,0.43388373911755823,-0.900968867902419
0.021277377938159966,0.012170523848435998,0.03285713458935605,0.008368241322527527,-0.6845634368685539,0.7666666666666666,0.7641276538444275,-0.8660254037844385,-0.5000000000000004,0.7907757369376989,-0.6121059825476626,-0.433883739117558,-0.9009688679024191
-0.025587725231146566,-0.0265592965591247,-0.032857134589356116,-0.01680720250373277,0.8509541715903142,0.7666666666666666,0.76417253916244,-0.8660254037844385,-0.5000000000000004,0.6513724827222223,-0.758758122692791,-0.9749279121818236,-0.2225209339563146
-0.00216221249251755,0.020492501366212806,-0.025371315441107333,-0.004246287012415234,0.9350909963743022,0.7666666666666666,0.7643071951164775,-0.8660254037844385,-0.5000000000000004,0.10116832198743272,-0.994869323391895,0.7818314824680298,0.6234898018587336
0.01716778781124057,-0.03299265233323086,0.006403380116287118,0.010582149912423598,-0.9205979890717354,0.7666666666666666,0.7643520804344899,-0.8660254037844385,-0.5000000000000004,-0.10116832198743204,-0.9948693233918952,0.9749279121818236,-0.22252093395631434
-0.006403380116287184,0.0,0.014783832767489204,-0.010582149912423542,-0.43466426280042675,0.7666666666666666,0.7643969657525024,-0.8660254037844385,-0.5000000000000004,-0.29936312297335776,-0.9541392564000489,0.43388373911755823,-0.900968867902419
-0.0021436726244676704,0.022798942414447902,-0.014783832767489099,0.031416217151877486,0.5207759546191588,0.7666666666666666,0.7644418510705149,-0.8660254037844385,-0.5000000000000004,-0.4853019625310808,-0.8743466161445822,-0.433883739117558,-0.9009688679024191
0.0021436726244676144,0.004089981263258659,-0.006403380116287184,-0.006204721609101773,-0.20030405934438694,0.7666666666666666,0.7644867363885274,-0.8660254037844385,-0.5000000000000004,-0.6513724827222217,-0.7587581226927913,-0.9749279121818236,-0.2225209339563146
0.0357556642371245,0.0,0.0357556642371245,0.014418312506319263,-1.0475206275103983,0.7666666666666666,0.7646213923425648,-0.8660254037844385,-0.5000000000000004,-0.9680771188662041,-0.2506525322587213,0.7818314824680298,0.6234898018587336
0.006179161340372787,0.016194670287257,0.012320472324358381,0.014213472244536821,1.627661651390552,0.7666666666666666,0.7646662776605773,-0.8660254037844385,-0.5000000000000004,-0.9987165071710528,-0.05064916883871355,0.9749279121818236,-0.22252093395631434
0.0,0.0,0.016194670287257,-0.0020182103794554075,0.478712772648872,0.7666666666666666,0.7647111629785898,-0.8660254037844385,-0.5000000000000004,-0.9884683243281114,0.15142777750457667,0.43388373911755823,-0.900968867902419
-0.004115228309332698,0.004008017567521568,-0.02645120958057523,0.006042356818276304,-0.1329321715939091,0.7666666666666666,0.7647560482966023,-0.8660254037844385,-0.5000000000000004,-0.9377521321470804,0.3473052528448203,-0.433883739117558,-0.9009688679024191
0.01636026794884244,0.0,0.026451209580575143,-0.010090941631732705,-1.785390020942575,0.7666666666666666,0.7648009336146148,-0.8660254037844385,-0.5000000000000004,-0.8486442574947509,0.5289640103269624,-0.9749279121818236,-0.2225209339563146
-0.006103728655524326,-0.002002048538777479,-0.016194670287256973,0.00606679519291175,0.49933124434025555,0.7666666666666666,0.7649355895686522,-0.8660254037844385,-0.5000000000000004,-0.3943558551133187,0.9189578116202306,0.7818314824680298,0.6234898018587336
-0.014388772710688592,-0.0060301154675648965,0.010152313468980687,-0.014213472244536873,1.344990554978655,0.7666666666666666,0.7649804748866647,-0.8660254037844385,-0.5000000000000004,-0.20129852008866114,0.9795299412524943,0.9749279121818236,-0.22252093395631434
-0.02728398373450705,-0.004040405644838063,-0.0020221952653827,-0.01857631853294681,-0.7878551321015642,0.7666666666666666,0.7650253602046772,-0.8660254037844385,-0.5000000000000004,-2.4492935982947064e-16,1.0,0.43388373911755823,-0.900968867902419
0.021053489516148095,0.002022195265382734,-0.028749385132645605,0.002081114571250138,0.1503592060909962,0.7666666666666666,0.7650702455226895,-1.0,-1.8369701987210297e-16,0.20129852008866006,0.9795299412524945,-0.433883739117558,-0.9009688679024191
0.0,-0.0020221952653827,0.0,0.006217680033439038,-1.6122909814165067,0.7666666666666666,0.765115130840702,-1.0,-1.8369701987210297e-16,0.39435585511331855,0.9189578116202306,-0.9749279121818236,-0.2225209339563146
0.0,0.031875178247863616,0.002081114571250138,0.012320472324358381,2.6800425761153064,0.7666666666666666,0.7652946721127519,-1.0,-1.8369701987210297e-16,0.9377521321470804,0.3473052528448203,0.9749279121818236,-0.22252093395631434
-0.010471339603724423,-0.040005296451461676,0.018538152357797533,-0.014388772710688592,-0.8531917870759815,0.7666666666666666,0.7653395574307644,-1.0,-1.8369701987210297e-16,0.9884683243281114,0.1514277775045767,0.43388373911755823,-0.900968867902419
-0.010582149912423542,-0.012320472324358366,-0.014388772710688592,-0.02303769672209176,-0.5185179693891463,0.7666666666666666,0.7653844427487769,-1.0,-1.8369701987210297e-16,0.9987165071710528,-0.05064916883871264,-0.433883739117558,-0.9009688679024191
-0.04126526386968782,-0.022989545718672396,-0.025158535741161975,-0.02575247238354272,0.7457909140453672,0.7666666666666666,0.7654293280667894,-1.0,-1.8369701987210297e-16,0.9680771188662043,-0.2506525322587204,-0.9749279121818236,-0.2225209339563146
0.011025406713509909,-0.008492611877578856,-0.032365305149522884,0.010810957345391062,-1.5234954826333758,0.7666666666666666,0.7655639840208268,-1.0,-1.8369701987210297e-16,0.6513724827222223,-0.758758122692791,0.7818314824680298,0.6234898018587336
0.0021906314908287376,0.0,0.019544629130441447,0.0,-0.31321537445694575,0.7666666666666666,0.7656088693388393,-1.0,-1.8369701987210297e-16,0.48530196253108104,-0.8743466161445821,0.9749279121818236,-0.22252093395631434
0.002185738999249566,0.016913706242903215,-0.015168258640362992,-0.006472559785504095,1.4421748195143473,0.7666666666666666,0.7656537546568518,-1.0,-1.8369701987210297e-16,0.29936312297335804,-0.9541392564000488,0.43388373911755823,-0.900968867902419
0.008695698854858828,-0.006309213481938578,0.008695698854858828,0.02141407482365579,0.3476671035844359,0.7666666666666666,0.7656986399748643,-1.0,-1.8369701987210297e-16,0.10116832198743272,-0.994869323391895,-0.433883739117558,-0.9009688679024191
0.029853036004861108,0.06532938457130615,0.08303524958125288,0.027169930139462162,1.0687399375951654,0.7666666666666666,0.7657435252928767,-1.0,-1.8369701987210297e-16,-0.10116832198743204,-0.9948693233918952,-0.9749279121818236,-0.2225209339563146
0.012526247349154982,-0.028057925979866897,-0.04065596622723666,0.0061665580300596535,-0.8262078298720984,0.7666666666666666,0.7658781812469142,-1.0,-1.8369701987210297e-16,-0.6513724827222217,-0.7587581226927913,0.7818314824680298,0.6234898018587336
0.0062047216091018825,0.0,0.014418312506319263,-0.006166558030059634,-1.4106858142440497,0.7666666666666666,0.7659230665649267,-1.0,-1.8369701987210297e-16,-0.7907757369376986,-0.6121059825476627,0.9749279121818236,-0.22252093395631434
0.0,0.010111251882460776,-0.00821359089721744,0.020408852762298833,1.0305008628089638,0.7666666666666666,0.7659679518829391,-1.0,-1.8369701987210297e-16,-0.8978045395707417,-0.44039415155763423,0.43388373911755823,-0.900968867902419
0.01636026794884244,0.008016162888192879,0.01636026794884244,0.0040322598452742905,0.30677182586403984,0.7666666666666666,0.7660128372009516,-1.0,-1.8369701987210297e-16,-0.9680771188662041,-0.2506525322587213,-0.433883739117558,-0.9009688679024191
0.004048584813456464,-0.004000096886446756,0.004048584813456464,0.0,-0.9318075805648393,0.7666666666666666,0.7660577225189641,-1.0,-1.8369701987210297e-16,-0.9987165071710528,-0.05064916883871355,-0.9749279121818236,-0.2225209339563146
-0.0020221952653827,0.01590498756602818,0.0,0.019921053567774218,1.4305671847978787,0.7666666666666666,0.7661923784730015,-1.0,-1.8369701987210297e-16,-0.8486442574947509,0.5289640103269624,0.7818314824680298,0.6234898018587336
0.014070617998849577,0.001970395110546306,0.025923708523594626,-0.0019743794703679803,-0.825554345972187,0.7666666666666666,0.766237263791014,-1.0,-1.8369701987210297e-16,-0.7247927872291207,0.6889669190756859,0.9749279121818236,-0.22252093395631434
-0.016097007546923326,-0.003944774580914181,-0.007905172057463813,-0.013930608095660164,-0.3266331590362244,0.7666666666666666,0.7662821491090265,-1.0,-1.8369701987210297e-16,-0.5712682150947924,0.8207634412072763,0.43388373911755823,-0.900968867902419
0.008080844658730553,-0.013930608095660164,-0.00997021061911054,-0.002005969028743923,-1.0265089947667658,0.7666666666666666,0.766327034427039,-1.0,-1.8369701987210297e-16,-0.3943558551133187,0.9189578116202306,-0.433883739117558,-0.9009688679024191
0.002010096973002039,0.02961718959618555,0.0,0.02381062616420465,2.1767260557878783,0.7666666666666666,0.7663719197450515,-1.0,-1.8369701987210297e-16,-0.20129852008866114,0.9795299412524943,-0.9749279121818236,-0.2225209339563146
0.004008017567521568,0.003883496430666036,0.021804657135460755,-0.00589966956943259,0.8098338450945558,0.7666666666666666,0.7665065756990889,-0.866025403784439,0.49999999999999933,0.5712682150947923,0.8207634412072763,0.7818314824680298,0.6234898018587336
-0.004008017567521535,-0.003883496430665945,-0.00589966956943259,-0.017910956594772105,-0.4723759011485837,0.7666666666666666,0.7665514610171014,-0.866025403784439,0.49999999999999933,0.72479278722912,0.6889669190756866,0.9749279121818236,-0.22252093395631434
-0.024391429482077235,-0.01568658150052533,-0.017910956594772105,-0.024391429482077235,-0.5534770332370977,0.7666666666666666,0.7665963463351139,-0.866025403784439,0.49999999999999933,0.8486442574947509,0.5289640103269624,0.43388373911755823,-0.900968867902419
0.0020554482108347005,-0.021978933942680377,-0.02233598127124259,0.01834907266380092,-0.49906316813507545,0.7666666666666666,0.7666412316531264,-0.866025403784439,0.49999999999999933,0.9377521321470804,0.3473052528448203,-0.433883739117558,-0.9009688679024191
0.014271429187583541,0.014042391855835916,0.024341950299986405,0.014042391855835916,-0.6007738604289302,0.7666666666666666,0.7666861169711388,-0.866025403784439,0.49999999999999933,0.9884683243281114,0.1514277775045767,-0.9749279121818236,-0.2225209339563146
0.014070617998849577,0.013847930636267053,0.019841996645082575,0.011881316667758601,0.7022963752135334,0.7666666666666666,0.7668207729251763,-0.866025403784439,0.49999999999999933,0.8978045395707416,-0.4403941515576344,0.7818314824680298,0.6234898018587336
0.0,0.025219501160970645,-0.007889579483857942,0.013685486621695313,0.5292343731760605,0.7666666666666666,0.7668656582431888,-0.866025403784439,0.49999999999999933,0.7907757369376989,-0.6121059825476626,0.9749279121818236,-0.22252093395631434
0.033369062350359566,0.013320876957683876,0.025416742075581516,0.017324721459617647,-0.07229383790504935,0.7666666666666666,0.7669105435612011,-0.866025403784439,0.49999999999999933,0.6513724827222223,-0.758758122692791,0.43388373911755823,-0.900968867902419
-0.01165060643245484,-0.017159649751460455,0.0038535657754703166,-0.0173247214596177,-0.9750788058832884,0.7666666666666666,0.7669554288792136,-0.866025403784439,0.49999999999999933,0.48530196253108104,-0.8743466161445821,-0.433883739117558,-0.9009688679024191
-0.023716504265574045,0.0,-0.017459158563923362,-0.023576707370544053,0.6365282865604374,0.7666666666666666,0.7670003141972261,-0.866025403784439,0.49999999999999933,0.29936312297335804,-0.9541392564000488,-0.9749279121818236,-0.2225209339563146
0.0,0.0,-0.021761517909575773,0.02357670737054402,-0.0738590611381244,0.7666666666666666,0.7671349701512635,-0.866025403784439,0.49999999999999933,-0.29936312297335776,-0.9541392564000489,0.7818314824680298,0.6234898018587336
0.01980260859668314,0.0,0.01980260859668314,0.0,-1.2963835909712584,0.7666666666666666,0.767179855469276,-0.866025403784439,0.49999999999999933,-0.4853019625310808,-0.8743466161445822,0.9749279121818236,-0.22252093395631434
0.009756212162808971,0.02843795417462726,0.009756212162808971,0.019231343409939892,1.4036586490292267,0.7666666666666666,0.7672247407872885,-0.866025403784439,0.49999999999999933,-0.6513724827222217,-0.7587581226927913,0.43388373911755823,-0.900968867902419
0.00966185571400704,-0.01886846647869452,0.019231343409939892,-0.0095694876959328,-1.7594240885851187,0.7666666666666666,0.767269626105301,-0.866025403784439,0.49999999999999933,-0.7907757369376986,-0.6121059825476627,-0.433883739117558,-0.9009688679024191
0.0,0.013245259017196195,0.013245259017196195,0.019048267638185915,1.3373905541297215,0.7666666666666666,0.7673145114233135,-0.866025403784439,0.49999999999999933,-0.8978045395707417,-0.44039415155763423,-0.9749279121818236,-0.2225209339563146
-0.0194180678768161,0.005623207461498323,-0.042232814589945086,0.0,0.6188556042562539,0.7666666666666666,0.7674491673773509,-0.866025403784439,0.49999999999999933,-0.9884683243281114,0.15142777750457667,0.7818314824680298,0.6234898018587336
0.01363218224660355,-0.009389686536441254,0.01363218224660355,-0.00947877994225316,-2.3940466471370763,0.7666666666666666,0.7674940526953634,-0.866025403784439,0.49999999999999933,-0.9377521321470804,0.3473052528448203,0.9749279121818236,-0.22252093395631434
0.005785885630212574,-0.00947877994225316,0.015355373326145297,-0.0095694876959328,0.2591087000077249,0.7666666666666666,0.7675389380133759,-0.866025403784439,0.49999999999999933,-0.8486442574947509,0.5289640103269624,0.43388373911755823,-0.900968867902419
-0.009661855714007139,0.0,-0.0095694876959328,0.009569487695932868,1.6908175187024783,0.7666666666666666,0.7675838233313883,-0.866025403784439,0.49999999999999933,-0.7247927872291207,0.6889669190756859,-0.433883739117558,-0.9009688679024191
-0.009756212162808945,0.0,0.009569487695932868,-0.028987555572748902,-1.6800066025982627,0.7666666666666666,0.7676287086494008,-0.866025403784439,0.49999999999999933,-0.5712682150947924,0.8207634412072763,-0.9749279121818236,-0.2225209339563146
-0.009852239974235892,-0.0095694876959328,-0.028987555572748902,-0.009852239974235892,1.1509802741854256,0.7666666666666666,0.7677633646034383,-0.866025403784439,0.49999999999999933,-2.4492935982947064e-16,1.0,0.7818314824680298,0.6234898018587336
-0.06124366300999772,-0.009661855714007139,-0.019802608596683105,0.0,-0.09633110893843207,0.7666666666666666,0.7678082499214507,-0.5000000000000012,0.8660254037844379,0.20129852008866006,0.9795299412524945,0.9749279121818236,-0.22252093395631434
0.02083406723945392,-0.01960845213704491,0.0,-0.04040959577054397,0.13959908918694755,0.7666666666666666,0.7678531352394632,-0.5000000000000012,0.8660254037844379,0.39435585511331855,0.9189578116202306,0.43388373911755823,-0.900968867902419
-0.010362727635729357,-0.04040959577054397,-0.030459227148096752,-0.010362727635729357,-0.3608717325653457,0.7666666666666666,0.7678980205574757,-0.5000000000000012,0.8660254037844379,0.5712682150947923,0.8207634412072763,-0.433883739117558,-0.9009688679024191
-0.04255967488727559,-0.010362727635729357,-0.020834067239453857,-0.02105348951614806,0.6379110520846877,0.7666666666666666,0.7679429058754882,-0.5000000000000012,0.8660254037844379,0.72479278722912,0.6889669190756866,-0.9749279121818236,-0.2225209339563146
0.010810957345391062,0.02061926692904748,-0.021277377938160005,0.021053489516148095,-0.4824261492442928,0.7666666666666666,0.7680775618295256,-0.5000000000000012,0.8660254037844379,0.9884683243281114,0.1514277775045767,0.7818314824680298,0.6234898018587336
0.010695228025736534,0.0,0.03797921176024339,-0.010471339603724423,0.532978428407124,0.7666666666666666,0.7681224471475381,-0.5000000000000012,0.8660254037844379,0.9987165071710528,-0.05064916883871264,0.9749279121818236,-0.22252093395631434
-0.021506185371127483,-0.020619266929047586,-0.01670183382208351,-0.010582149912423542,-0.5821686725978958,0.7666666666666666,0.7681673324655506,-0.5000000000000012,0.8660254037844379,0.9680771188662043,-0.2506525322587204,0.43388373911755823,-0.900968867902419
0.0,-0.02105348951614806,-0.010582149912423542,0.0,0.8155878864903097,0.7666666666666666,0.7682122177835631,-0.5000000000000012,0.8660254037844379,0.8978045395707416,-0.4403941515576344,-0.433883739117558,-0.9009688679024191
-0.021978885986724647,0.031416217151877486,-0.04348507135785223,-0.04348507135785223,1.431271280744948,0.7666666666666666,0.7682571031015756,-0.5000000000000012,0.8660254037844379,0.7907757369376989,-0.6121059825476626,-0.9749279121818236,-0.2225209339563146
-0.02247283417764251,-0.06385141040339531,0.0,0.0,-1.4037718393843974,0.7666666666666666,0.768391759055613,-0.5000000000000012,0.8660254037844379,0.29936312297335804,-0.9541392564000488,0.7818314824680298,0.6234898018587336
0.0,0.021739965225781453,-0.011173343459893164,0.021978885986724744,-0.09476783142259555,0.7666666666666666,0.7684366443736255,-0.5000000000000012,0.8660254037844379,0.10116832198743272,-0.994869323391895,0.9749279121818236,-0.22252093395631434
0.03352271228397673,0.0,0.04396318679200902,0.010810957345391062,0.3738232896500393,0.7666666666666666,0.768481529691638,-0.5000000000000012,0.8660254037844379,-0.10116832198743204,-0.9948693233918952,0.43388373911755823,-0.900968867902419
0.008752782433393995,0.027573350287934038,0.0,0.021277377938159966,0.42219622414444063,0.7666666666666666,0.7685264150096504,-0.5000000000000012,0.8660254037844379,-0.29936312297335776,-0.9541392564000489,-0.433883739117558,-0.9009688679024191
0.02368241081812391,0.024794634182998078,0.03174871754188452,0.031090606532772114,-0.5982447479580077,0.7666666666666666,0.7685713003276629,-0.5000000000000012,0.8660254037844379,-0.4853019625310808,-0.8743466161445822,-0.9749279121818236,-0.2225209339563146
0.031416217151877486,0.020202687854778384,0.02061926692904748,0.0,-0.5239621016713606,0.7666666666666666,0.7687059562817004,-0.5000000000000012,0.8660254037844379,-0.8978045395707417,-0.44039415155763423,0.7818314824680298,0.6234898018587336
-0.02929076915853236,0.009950368622447272,0.010152313468980687,-0.010256539293318228,1.0409676117502598,0.7666666666666666,0.7687508415997127,-0.5000000000000012,0.8660254037844379,-0.9680771188662041,-0.2506525322587213,0.9749279121818236,-0.22252093395631434
-0.0021254479933449652,-0.04040959577054397,-0.030771580398028235,-0.020834067239453857,-0.7933330404277541,0.7666666666666666,0.7687957269177252,-0.5000000000000012,0.8660254037844379,-0.9987165071710528,-0.05064916883871355,0.43388373911755823,-0.900968867902419
-0.032435193251517926,0.0,0.010362727635729298,-0.021277377938160005,-0.25315944725447537,0.7666666666666666,0.7688854975537502,-0.5000000000000012,0.8660254037844379,-0.9377521321470804,0.3473052528448203,-0.9749279121818236,-0.2225209339563146
0.021739965225781453,-0.020834067239453857,-0.042111445177613796,0.010695228025736534,-0.27210686066630957,0.7666666666666666,0.7690201535077876,-0.5000000000000012,0.8660254037844379,-0.5712682150947924,0.8207634412072763,0.7818314824680298,0.6234898018587336
-0.010810957345391049,0.0,0.0,0.010582149912423598,-0.12370965432602281,0.7666666666666666,0.7690650388258001,-0.5000000000000012,0.8660254037844379,-0.3943558551133187,0.9189578116202306,0.9749279121818236,-0.22252093395631434
0.0,0.02083406723945392,0.021277377938159966,0.010471339603724442,1.2113529116235584,0.7666666666666666,0.7691099241438126,-0.5000000000000012,0.8660254037844379,-0.20129852008866114,0.9795299412524943,0.43388373911755823,-0.900968867902419
0.010810957345391062,0.0,-0.010582149912423542,-0.02105348951614806,-0.37826488180900786,0.7666666666666666,0.7691548094618251,-2.4492935982947064e-16,1.0,0.20129852008866006,0.9795299412524945,-0.433883739117558,-0.9009688679024191
0.0,-0.020834067239453857,0.010582149912423598,0.010582149912423598,-1.1670941739405702,0.7666666666666666,0.7691996947798375,-2.4492935982947064e-16,1.0,0.39435585511331855,0.9189578116202306,-0.9749279121818236,-0.2225209339563146
0.0,0.02083406723945392,-0.010582149912423542,0.02083406723945392,0.3174082527169817,0.7666666666666666,0.769334350733875,-2.4492935982947064e-16,1.0,0.8486442574947509,0.5289640103269624,0.7818314824680298,0.6234898018587336
0.010695228025736534,0.0,0.010582149912423598,-0.03141621715187735,-0.549209866774306,0.7666666666666666,0.7693792360518875,-2.4492935982947064e-16,1.0,0.9377521321470804,0.3473052528448203,0.9749279121818236,-0.22252093395631434
-0.008547052740754846,-0.010362727635729357,0.0,0.0,0.3144933299024377,0.7666666666666666,0.7694241213698999,-2.4492935982947064e-16,1.0,0.9884683243281114,0.1514277775045767,0.43388373911755823,-0.900968867902419
0.008547052740754738,-0.010471339603724423,-0.010582149912423542,0.0,-0.15415067982725836,0.7666666666666666,0.7694690066879124,-2.4492935982947064e-16,1.0,0.9987165071710528,-0.05064916883871264,-0.433883739117558,-0.9009688679024191
-0.032435193251517926,0.0,-0.004264394884352925,0.0,1.8191584434161694,0.7666666666666666,0.7695138920059249,-2.4492935982947064e-16,1.0,0.9680771188662043,-0.2506525322587204,-0.9749279121818236,-0.2225209339563146
0.010929007880390319,0.0,0.014846544796776646,-0.010695228025736492,-1.3270249526623312,0.7666666666666666,0.7696485479599623,-2.4492935982947064e-16,1.0,0.6513724827222223,-0.758758122692791,0.7818314824680298,0.6234898018587336
0.0,-0.010582149912423542,-0.010582149912423542,-0.010810957345391049,-0.24701103272085306,0.7666666666666666,0.7696934332779748,-2.4492935982947064e-16,1.0,0.48530196253108104,-0.8743466161445821,0.9749279121818236,-0.22252093395631434
-0.021978885986724647,-0.015005575318722954,-0.032435193251517926,-0.021978885986724647,0.917256448994114,0.7666666666666666,0.7697383185959873,-2.4492935982947064e-16,1.0,0.29936312297335804,-0.9541392564000488,0.43388373911755823,-0.900968867902419
-0.05715841383994864,0.015005575318722873,-0.03352271228397685,0.032789843332115695,0.11992574056874397,0.7666666666666666,0.7697832039139998,-2.4492935982947064e-16,1.0,0.10116832198743272,-0.994869323391895,-0.433883739117558,-0.9009688679024191
0.05715841383994862,0.0,0.0444517201643673,-0.03278984333211578,-0.7279939118901135,0.7666666666666666,0.7698280892320123,-2.4492935982947064e-16,1.0,-0.10116832198743204,-0.9948693233918952,-0.9749279121818236,-0.2225209339563146
0.011049878106334366,-0.004264394884352925,0.0,0.032789843332115695,-0.7591051483517427,0.7666666666666666,0.7699627451860497,-2.4492935982947064e-16,1.0,-0.6513724827222217,-0.7587581226927913,0.7818314824680298,0.6234898018587336
0.0,0.014846544796776646,0.021506185371127504,0.021277377938159966,0.8142915639190337,0.7666666666666666,0.7700076305040622,-2.4492935982947064e-16,1.0,-0.7907757369376986,-0.6121059825476627,0.9749279121818236,-0.22252093395631434
0.0,0.0,0.010582149912423598,-0.03208833528355105,-0.12114438335908823,0.7666666666666666,0.7700525158220747,-2.4492935982947064e-16,1.0,-0.8978045395707417,-0.44039415155763423,0.43388373911755823,-0.900968867902419
0.0,-0.010582149912423542,-0.03208833528355105,0.010810957345391062,-0.716136698784644,0.7666666666666666,0.7700974011400872,-2.4492935982947064e-16,1.0,-0.9680771188662041,-0.2506525322587213,-0.433883739117558,-0.9009688679024191
-0.004405289072357769,0.0,0.0,0.0,1.2865168533072253,0.7666666666666666,0.7701422864580996,-2.4492935982947064e-16,1.0,-0.9987165071710528,-0.05064916883871355,-0.9749279121818236,-0.2225209339563146
0.015334296952748114,0.0,0.0,0.0,-1.473500423206991,0.7666666666666666,0.7703218277301496,-2.4492935982947064e-16,1.0,-0.7247927872291207,0.6889669190756859,0.9749279121818236,-0.22252093395631434
-0.01092900788039039,-0.010695228025736492,0.0,-0.021739965225781532,-0.09811785595852336,0.7666666666666666,0.770366713048162,-2.4492935982947064e-16,1.0,-0.5712682150947924,0.8207634412072763,0.43388373911755823,-0.900968867902419
-0.011049878106334215,0.010695228025736534,-0.01092900788039039,0.021739965225781453,1.0529101351872543,0.7666666666666666,0.7704115983661745,-2.4492935982947064e-16,1.0,-0.3943558551133187,0.9189578116202306,-0.433883739117558,-0.9009688679024191
0.0,-0.010695228025736492,0.010929007880390319,-0.010810957345391049,0.00359066813072854,0.7666666666666666,0.770456483684187,-2.4492935982947064e-16,1.0,-0.20129852008866114,0.9795299412524943,-0.9749279121818236,-0.2225209339563146
0.011049878106334366,0.021277377938159966,0.0,0.03208833528355106,1.0099703879192257,0.7833333333333333,0.7706360249562368,0.49999999999999994,0.8660254037844387,0.5712682150947923,0.8207634412072763,0.9749279121818236,-0.22252093395631434
0.021739965225781453,0.010471339603724442,0.042559674887275516,0.0,-0.7412848161580998,0.7833333333333333,0.7706809102742493,0.49999999999999994,0.8660254037844387,0.72479278722912,0.6889669190756866,0.43388373911755823,-0.900968867902419
0.0,0.0,-0.02105348951614806,0.010471339603724442,0.1868773733298153,0.7833333333333333,0.7707257955922618,0.49999999999999994,0.8660254037844387,0.8486442574947509,0.5289640103269624,-0.433883739117558,-0.9009688679024191
0.012820676019081434,0.02061926692904748,0.0021254479933449275,0.02061926692904748,-0.011428695823622744,0.7833333333333333,0.7707706809102743,0.49999999999999994,0.8660254037844387,0.9377521321470804,0.3473052528448203,-0.9749279121818236,-0.2225209339563146
-0.0021254479933449652,0.0,0.03954730845185065,-0.041672756445195636,-0.5988824791571735,0.7833333333333333,0.7709053368643117,0.49999999999999994,0.8660254037844387,0.9680771188662043,-0.2506525322587204,0.7818314824680298,0.6234898018587336
0.0,-0.020619266929047586,-0.041672756445195636,0.021053489516148095,0.1830186638281105,0.7833333333333333,0.7709502221823242,0.49999999999999994,0.8660254037844387,0.8978045395707416,-0.4403941515576344,0.9749279121818236,-0.22252093395631434
0.0,0.008298794604689132,0.010582149912423598,-0.02105348951614806,-0.18301866382811038,0.7833333333333333,0.7709951075003367,0.49999999999999994,0.8660254037844387,0.7907757369376989,-0.6121059825476626,0.43388373911755823,-0.900968867902419
-0.010695228025736492,-0.008298794604689195,-0.010582149912423542,0.0,0.3042799638608187,0.7833333333333333,0.7710399928183491,0.49999999999999994,0.8660254037844387,0.6513724827222223,-0.758758122692791,-0.433883739117558,-0.9009688679024191
0.002148175284981716,0.0,0.010582149912423598,0.010582149912423598,0.3329386640399018,0.7833333333333333,0.7710848781363616,0.49999999999999994,0.8660254037844387,0.48530196253108104,-0.8743466161445821,-0.9749279121818236,-0.2225209339563146
-0.0021481752849815835,0.02061926692904748,0.0,0.02083406723945392,0.3128062776254596,0.7833333333333333,0.7712644194084115,0.49999999999999994,0.8660254037844387,-0.29936312297335776,-0.9541392564000489,0.9749279121818236,-0.22252093395631434
0.021277377938159966,-0.010256539293318228,0.02083406723945392,-0.004132233417370393,1.053939848616517,0.7833333333333333,0.771309304726424,0.49999999999999994,0.8660254037844387,-0.4853019625310808,-0.8743466161445822,0.43388373911755823,-0.900968867902419
-0.03208833528355105,0.0,-0.05292240252300491,-0.02728398373450705,-2.2074287475104613,0.7833333333333333,0.7713541900444365,0.49999999999999994,0.8660254037844387,-0.6513724827222217,-0.7587581226927913,-0.433883739117558,-0.9009688679024191
0.0,-0.020834067239453857,0.010810957345391062,0.0,0.35101794762359173,0.7833333333333333,0.771399075362449,0.49999999999999994,0.8660254037844387,-0.7907757369376986,-0.6121059825476627,-0.9749279121818236,-0.2225209339563146
-0.021978885986724647,-0.010582149912423542,0.010695228025736534,-0.021506185371127483,1.1117625080549882,0.7833333333333333,0.7715337313164864,0.49999999999999994,0.8660254037844387,-0.9987165071710528,-0.05064916883871355,0.7818314824680298,0.6234898018587336
0.0,-0.010695228025736492,-0.032435193251517926,0.0,-0.2255216737191772,0.7833333333333333,0.7715786166344989,0.49999999999999994,0.8660254037844387,-0.9884683243281114,0.15142777750457667,0.9749279121818236,-0.22252093395631434
0.0,0.0,0.010929007880390319,-0.01092900788039039,0.6976015309093256,0.7833333333333333,0.7716235019525114,0.49999999999999994,0.8660254037844387,-0.9377521321470804,0.3473052528448203,0.43388373911755823,-0.900968867902419
0.011049878106334366,-0.010810957345391049,-0.01092900788039039,0.0,-2.0779611565094016,0.7833333333333333,0.7716683872705239,0.49999999999999994,0.8660254037844387,-0.8486442574947509,0.5289640103269624,-0.433883739117558,-0.9009688679024191
-0.011049878106334215,0.004338397559886872,0.010929007880390319,0.010929007880390319,0.5638334238796262,0.7833333333333333,0.7717132725885364,0.49999999999999994,0.8660254037844387,-0.7247927872291207,0.6889669190756859,-0.9749279121818236,-0.2225209339563146
0.0,-0.0043383975598869666,-0.01092900788039039,-0.01092900788039039,0.225161715470447,0.7833333333333333,0.7718479285425738,0.49999999999999994,0.8660254037844387,-0.20129852008866114,0.9795299412524943,0.7818314824680298,0.6234898018587336
0.0,0.010810957345391062,0.0,0.010929007880390319,0.9469972206102917,0.7833333333333333,0.7718928138605863,0.49999999999999994,0.8660254037844387,-2.4492935982947064e-16,1.0,0.9749279121818236,-0.22252093395631434
0.0,0.0,0.010929007880390319,0.010810957345391062,-1.0281606277174984,0.7833333333333333,0.7719376991785988,0.8660254037844386,0.5000000000000001,0.20129852008866006,0.9795299412524945,0.43388373911755823,-0.900968867902419
0.011049878106334366,0.0,0.0,0.0,-0.5050116539005708,0.7833333333333333,0.7719825844966112,0.8660254037844386,0.5000000000000001,0.39435585511331855,0.9189578116202306,-0.433883739117558,-0.9009688679024191
0.010929007880390319,0.0,0.010810957345391062,0.0,-0.12323264042394809,0.7833333333333333,0.7720274698146237,0.8660254037844386,0.5000000000000001,0.5712682150947923,0.8207634412072763,-0.9749279121818236,-0.2225209339563146
-0.021978885986724647,0.0,-0.010810957345391049,-0.021739965225781532,1.1638336367355917,0.7833333333333333,0.7721621257686612,0.8660254037844386,0.5000000000000001,0.9377521321470804,0.3473052528448203,0.7818314824680298,0.6234898018587336
0.0,0.0,-0.01092900788039039,0.010929007880390319,-0.7675177232810152,0.7833333333333333,0.7722070110866736,0.8660254037844386,0.5000000000000001,0.9884683243281114,0.1514277775045767,0.9749279121818236,-0.22252093395631434
0.017621584691752644,0.0,0.010929007880390319,0.0,1.1672783093595382,0.7833333333333333,0.7722518964046861,0.8660254037844386,0.5000000000000001,0.9987165071710528,-0.05064916883871264,0.43388373911755823,-0.900968867902419
-0.00657170658541842,0.0,0.0,0.010810957345391062,-0.7941946107544137,0.7833333333333333,0.7722967817226986,0.8660254037844386,0.5000000000000001,0.9680771188662043,-0.2506525322587204,-0.433883739117558,-0.9009688679024191
-0.011049878106334215,0.0,0.0,-0.021739965225781532,1.1095230137742729,0.7833333333333333,0.772341667040711,0.8660254037844386,0.5000000000000001,0.8978045395707416,-0.4403941515576344,-0.9749279121818236,-0.2225209339563146
0.0,-0.021739965225781532,-0.021978885986724647,-0.004405289072357769,-0.3950851104054459,0.7833333333333333,0.7724763229947484,0.8660254037844386,0.5000000000000001,0.48530196253108104,-0.8743466161445821,0.7818314824680298,0.6234898018587336
-0.03390157359922904,0.0,0.0,-0.029117423211619017,0.48750753077460696,0.7833333333333333,0.7725212083127609,0.8660254037844386,0.5000000000000001,0.29936312297335804,-0.9541392564000488,0.9749279121818236,-0.22252093395631434
0.0,-0.011049878106334215,-0.03390157359922904,0.011299490717749322,-1.0827569168783155,0.7833333333333333,0.7725660936307734,0.8660254037844386,0.5000000000000001,0.10116832198743272,-0.994869323391895,0.43388373911755823,-0.900968867902419
0.0,-0.011173343459893164,0.01142873942158647,-0.02272823013933594,0.5989599655002442,0.7833333333333333,0.7726109789487859,0.8660254037844386,0.5000000000000001,-0.10116832198743204,-0.9948693233918952,-0.433883739117558,-0.9009688679024191
0.0,0.011173343459893216,-0.011428739421586523,0.03390157359922902,-0.30010459245033816,0.7833333333333333,0.7726558642667983,0.8660254037844386,0.5000000000000001,-0.29936312297335776,-0.9541392564000489,-0.9749279121818236,-0.2225209339563146
0.01142873942158647,0.0,0.022728230139335913,-0.011173343459893164,-0.9719796377347436,0.7833333333333333,0.7728354055388483,0.8660254037844386,0.5000000000000001,-0.8978045395707417,-0.44039415155763423,0.9749279121818236,-0.22252093395631434
-0.0584962053759208,-0.011173343459893164,-0.011299490717749354,-0.0342889862599202,2.33381052667626,0.7833333333333333,0.7728802908568607,0.8660254037844386,0.5000000000000001,-0.9680771188662041,-0.2506525322587213,0.43388373911755823,-0.900968867902419
0.023810625713614683,-0.02272823013933594,-0.022989495542170862,0.011560756120584355,-1.782409634859729,0.7833333333333333,0.7729251761748732,0.8660254037844386,0.5000000000000001,-0.9987165071710528,-0.05064916883871355,-0.433883739117558,-0.9009688679024191
0.011696084120135192,0.022728230139335913,0.011560756120584355,0.01142873942158647,0.33356736892858285,0.7833333333333333,0.7729700614928857,0.8660254037844386,0.5000000000000001,-0.9884683243281114,0.15142777750457667,-0.9749279121818236,-0.2225209339563146
0.011560756120584355,0.022223221566227525,0.0,0.03352271228397673,0.590812385818656,0.7833333333333333,0.7731047174469232,0.8660254037844386,0.5000000000000001,-0.7247927872291207,0.6889669190756859,0.7818314824680298,0.6234898018587336
0.022728230139335913,0.0,0.03390157359922902,-0.011049878106334215,-0.7608461118189173,0.7833333333333333,0.7731496027649356,0.8660254037844386,0.5000000000000001,-0.5712682150947924,0.8207634412072763,0.9749279121818236,-0.22252093395631434
-0.011299490717749354,0.0,0.0,0.0,-0.49443765458301764,0.7833333333333333,0.7731944880829481,1.0,6.123233995736766e-17,0.20129852008866006,0.9795299412524945,0.43388373911755823,-0.900968867902419
-0.011428739421586523,-0.02222322156622745,-0.03390157359922904,-0.03390157359922904,1.2663004026084368,0.7833333333333333,0.7732393734009606,1.0,6.123233995736766e-17,0.39435585511331855,0.9189578116202306,-0.433883739117558,-0.9009688679024191
-0.011560756120584237,-0.011299490717749354,0.0,0.01142873942158647,-0.5469965433997632,0.7833333333333333,0.7732842587189731,1.0,6.123233995736766e-17,0.5712682150947923,0.8207634412072763,-0.9749279121818236,-0.2225209339563146
-0.011696084120135277,0.0,-0.011560756120584237,-0.022989495542170862,-0.10135249426028746,0.7833333333333333,0.7734189146730105,1.0,6.123233995736766e-17,0.9377521321470804,0.3473052528448203,0.7818314824680298,0.6234898018587336
0.011696084120135192,0.0,0.011560756120584355,0.011560756120584355,0.18865069184560215,0.7833333333333333,0.773463799991023,1.0,6.123233995736766e-17,0.9884683243281114,0.1514277775045767,0.9749279121818236,-0.22252093395631434
0.0,0.011299490717749322,0.0,-0.011560756120584237,-1.7699177273130062,0.7833333333333333,0.7735086853090355,1.0,6.123233995736766e-17,0.9987165071710528,-0.05064916883871264,0.43388373911755823,-0.900968867902419
0.0,-0.011299490717749354,0.0,0.0,1.4403615823901663,0.7833333333333333,0.773553570627048,1.0,6.123233995736766e-17,0.9680771188662043,-0.2506525322587204,-0.433883739117558,-0.9009688679024191
-0.00700124428278621,0.011299490717749322,-0.01856200040337045,0.022989495542170824,0.68544213418554,0.7833333333333333,0.7735984559450604,1.0,6.123233995736766e-17,0.8978045395707416,-0.4403941515576344,-0.9749279121818236,-0.2225209339563146
0.029990739824956966,0.0,0.029990739824956966,0.011299490717749322,-2.4904468301636156,0.7833333333333333,0.7737331118990979,1.0,6.123233995736766e-17,0.48530196253108104,-0.8743466161445821,0.7818314824680298,0.6234898018587336
0.0045351507520485805,0.011173343459893216,0.011299490717749322,0.011173343459893216,0.9555114450274363,0.7833333333333333,0.7737779972171104,1.0,6.123233995736766e-17,0.29936312297335804,-0.9541392564000488,0.9749279121818236,-0.22252093395631434
-0.004535150752048731,0.0,0.0,0.0,0.37597467959745917,0.7833333333333333,0.7738228825351228,1.0,6.123233995736766e-17,0.10116832198743272,-0.994869323391895,0.43388373911755823,-0.900968867902419
0.011299490717749322,0.0,0.0,0.0,-1.0538543880266162,0.7833333333333333,0.7738677678531353,1.0,6.123233995736766e-17,-0.10116832198743204,-0.9948693233918952,-0.433883739117558,-0.9009688679024191
0.0,0.011049878106334366,0.022223221566227525,0.0,0.3816138922859845,0.7833333333333333,0.7739126531711478,1.0,6.123233995736766e-17,-0.29936312297335776,-0.9541392564000489,-0.9749279121818236,-0.2225209339563146
-0.02272823013933594,-0.02222322156622745,-0.02222322156622745,-0.02702864625985619,0.5487191967112094,0.7833333333333333,0.7740473091251852,1.0,6.123233995736766e-17,-0.7907757369376986,-0.6121059825476627,0.7818314824680298,0.6234898018587336
0.01142873942158647,0.0,-0.011299490717749354,0.015855302799962914,-1.613429933703638,0.7833333333333333,0.7740921944431977,1.0,6.123233995736766e-17,-0.8978045395707417,-0.44039415155763423,0.9749279121818236,-0.22252093395631434
-0.011428739421586523,0.0,0.0,-0.02272823013933594,1.355835153635182,0.7833333333333333,0.7741370797612102,1.0,6.123233995736766e-17,-0.9680771188662041,-0.2506525322587213,0.43388373911755823,-0.900968867902419
0.0,-0.011299490717749354,-0.011428739421586523,0.0,0.08399997441273828,0.7833333333333333,0.7741819650792227,1.0,6.123233995736766e-17,-0.9987165071710528,-0.05064916883871355,-0.433883739117558,-0.9009688679024191
0.0,0.011299490717749322,0.01142873942158647,0.022728230139335913,-0.8520484631458014,0.7833333333333333,0.7742268503972352,1.0,6.123233995736766e-17,-0.9884683243281114,0.15142777750457667,-0.9749279121818236,-0.2225209339563146
0.0,0.011173343459893216,-0.011428739421586523,0.011173343459893216,1.0647107369924282,0.7833333333333333,0.7743615063512725,1.0,6.123233995736766e-17,-0.7247927872291207,0.6889669190756859,0.7818314824680298,0.6234898018587336
0.022728230139335913,0.011049878106334366,0.022728230139335913,0.0,-0.2662030407746567,0.7833333333333333,0.774406391669285,1.0,6.123233995736766e-17,-0.5712682150947924,0.8207634412072763,0.9749279121818236,-0.22252093395631434
0.015607936307961055,0.04301734316394145,0.022223221566227525,0.04348507135785213,1.545432582458188,0.7833333333333333,0.7744512769872975,1.0,6.123233995736766e-17,-0.3943558551133187,0.9189578116202306,0.43388373911755823,-0.900968867902419
0.028355250484047925,0.031090606532772114,0.021739965225781453,0.031416217151877486,0.3574209342754538,0.7833333333333333,0.7744961623053099,1.0,6.123233995736766e-17,-0.20129852008866114,0.9795299412524943,-0.433883739117558,-0.9009688679024191
0.021277377938159966,0.020202687854778384,0.021277377938159966,0.020408852762298833,0.4527982971970961,0.7833333333333333,0.7745410476233224,1.0,6.123233995736766e-17,-2.4492935982947064e-16,1.0,-0.9749279121818236,-0.2225209339563146
0.031090606532772114,0.0,0.05129329438755048,-0.010152313468980687,-0.7849547298130681,0.7833333333333333,0.7746757035773599,0.8660254037844387,-0.4999999999999998,0.5712682150947923,0.8207634412072763,0.7818314824680298,0.6234898018587336
0.010152313468980687,0.0,-0.00803216400634236,0.010152313468980687,-0.4905882670141198,0.7833333333333333,0.7747205888953723,0.8660254037844387,-0.4999999999999998,0.72479278722912,0.6889669190756866,0.9749279121818236,-0.22252093395631434
-0.030771580398028235,-0.01005037438579784,-0.012170523848436116,-0.030771580398028235,0.26926218991174283,0.7833333333333333,0.7747654742133848,0.8660254037844387,-0.4999999999999998,0.8486442574947509,0.5289640103269624,0.43388373911755823,-0.900968867902419
0.0041580060266276225,-0.010152313468980687,-0.010256539293318228,0.02061926692904748,-1.2009510018970195,0.7833333333333333,0.7748103595313973,0.8660254037844387,-0.4999999999999998,0.9377521321470804,0.3473052528448203,-0.433883739117558,-0.9009688679024191
-0.004158006026627518,0.010152313468980687,0.010256539293318255,-0.010256539293318228,0.4449068401594611,0.7833333333333333,0.7748552448494098,0.8660254037844387,-0.4999999999999998,0.9884683243281114,0.1514277775045767,-0.9749279121818236,-0.2225209339563146
0.0,-0.02040885276229888,-0.012320472324358366,0.0,-0.54930995986096,0.7833333333333333,0.7749899008034472,0.8660254037844387,-0.4999999999999998,0.8978045395707416,-0.4403941515576344,0.7818314824680298,0.6234898018587336
0.0,0.010256539293318255,0.0,-0.010362727635729357,-0.194839775151358,0.7833333333333333,0.7750347861214597,0.8660254037844387,-0.4999999999999998,0.7907757369376989,-0.6121059825476626,0.9749279121818236,-0.22252093395631434
0.0,0.0,0.002063933031040177,0.02061926692904748,0.21379768889597206,0.7833333333333333,0.7750796714394722,0.8660254037844387,-0.4999999999999998,0.6513724827222223,-0.758758122692791,0.43388373911755823,-0.900968867902419
0.018576318532946886,0.010152313468980687,0.010256539293318255,0.010152313468980687,0.3524406397999441,0.7833333333333333,0.7751245567574847,0.8660254037844387,-0.4999999999999998,0.48530196253108104,-0.8743466161445821,-0.433883739117558,-0.9009688679024191
0.0020429483961007366,0.010050374385797877,0.010152313468980687,-0.010152313468980687,-1.4796263009121098,0.7833333333333333,0.7753040980295346,0.8660254037844387,-0.4999999999999998,-0.29936312297335776,-0.9541392564000489,0.7818314824680298,0.6234898018587336
-0.020619266929047586,-0.020202687854778488,-0.010152313468980687,-0.010256539293318228,0.7963314167951762,0.7833333333333333,0.7753489833475471,0.8660254037844387,-0.4999999999999998,-0.4853019625310808,-0.8743466161445822,0.9749279121818236,-0.22252093395631434
-0.010471339603724423,0.0,-0.010256539293318228,-0.020834067239453857,1.6800851880599927,0.7833333333333333,0.7753938686655596,0.8660254037844387,-0.4999999999999998,-0.6513724827222217,-0.7587581226927913,0.43388373911755823,-0.900968867902419
0.0,-0.004089981263258574,-0.020834067239453857,0.010471339603724442,-0.17818881723007882,0.7833333333333333,0.775438753983572,0.8660254037844387,-0.4999999999999998,-0.7907757369376986,-0.6121059825476627,-0.433883739117558,-0.9009688679024191
0.0,0.014242294732239372,0.02083406723945392,0.030771580398028322,-0.327776529653659,0.7833333333333333,0.7754836393015845,0.8660254037844387,-0.4999999999999998,-0.8978045395707417,-0.44039415155763423,-0.9749279121818236,-0.2225209339563146
0.02083406723945392,0.0,0.020408852762298833,-0.02040885276229888,-0.09087558273645911,0.7833333333333333,0.775618295255622,0.8660254037844387,-0.4999999999999998,-0.9884683243281114,0.15142777750457667,0.7818314824680298,0.6234898018587336
-0.004132233417370393,0.0,-0.02040885276229888,0.0061665580300596535,-0.4301024124935496,0.7833333333333333,0.7756631805736344,0.8660254037844387,-0.4999999999999998,-0.9377521321470804,0.3473052528448203,0.9749279121818236,-0.22252093395631434
0.0041322334173704315,-0.010152313468980687,0.010256539293318255,-0.006166558030059634,0.22450317083024937,0.7833333333333333,0.7757080658916469,0.8660254037844387,-0.4999999999999998,-0.8486442574947509,0.5289640103269624,0.43388373911755823,-0.900968867902419
0.0,0.010152313468980687,0.0,0.0,-0.5802067693793498,0.7833333333333333,0.7757529512096594,0.8660254037844387,-0.4999999999999998,-0.7247927872291207,0.6889669190756859,-0.433883739117558,-0.9009688679024191
-0.010362727635729357,-0.010152313468980687,0.0,-0.010362727635729357,0.6253671654982031,0.7833333333333333,0.7757978365276719,0.8660254037844387,-0.4999999999999998,-0.5712682150947924,0.8207634412072763,-0.9749279121818236,-0.2225209339563146
0.0,0.020202687854778384,-0.010256539293318228,0.040821954783826074,0.29866054887810434,0.7833333333333333,0.7759324924817093,0.5000000000000003,-0.8660254037844385,0.20129852008866006,0.9795299412524945,0.7818314824680298,0.6234898018587336
0.02061926692904748,0.0,0.030459227148096665,-0.020202687854778488,0.6264225851254362,0.7833333333333333,0.7759773777997218,0.5000000000000003,-0.8660254037844385,0.39435585511331855,0.9189578116202306,0.9749279121818236,-0.22252093395631434
-0.010256539293318228,0.03922067647349922,-0.030459227148096752,0.040005296451461635,0.7506774213616323,0.7833333333333333,0.7760222631177343,0.5000000000000003,-0.8660254037844385,0.5712682150947923,0.8207634412072763,0.43388373911755823,-0.900968867902419
0.030459227148096665,-0.009661855714007139,0.054175731413670616,-0.019802608596683105,-1.9319104031475527,0.7833333333333333,0.7760671484357468,0.5000000000000003,-0.8660254037844385,0.72479278722912,0.6889669190756866,-0.433883739117558,-0.9009688679024191
-0.030459227148096752,-0.025566803289453894,-0.023716504265574045,0.0,0.06495789627477229,0.7833333333333333,0.7761120337537591,0.5000000000000003,-0.8660254037844385,0.8486442574947509,0.5289640103269624,-0.9749279121818236,-0.2225209339563146
0.030459227148096665,0.015810591126644992,0.009950368622447272,0.009950368622447272,-0.06495789627477237,0.7833333333333333,0.7762466897077966,0.5000000000000003,-0.8660254037844385,0.9987165071710528,-0.05064916883871264,0.7818314824680298,0.6234898018587336
-0.030459227148096752,-0.009852239974235892,0.0,-0.02000074300824502,0.5963257923410771,0.7833333333333333,0.7762915750258091,0.5000000000000003,-0.8660254037844385,0.9680771188662043,-0.2506525322587204,0.9749279121818236,-0.22252093395631434
-0.010362727635729357,-0.009950368622447227,-0.009950368622447227,-0.030771580398028235,-0.014897854680636946,0.7833333333333333,0.7763364603438215,0.5000000000000003,-0.8660254037844385,0.8978045395707416,-0.4403941515576344,0.43388373911755823,-0.900968867902419
-0.14550760042756364,-0.0725706723257106,-0.1165338591177195,-0.12169697471394884,1.9418816757678847,0.7833333333333333,0.776381345661834,0.5000000000000003,-0.8660254037844385,0.7907757369376989,-0.6121059825476626,-0.433883739117558,-0.9009688679024191
0.0,-0.03278984333211578,-0.057819573440121966,0.05715841383994862,-0.9634003928416564,0.7833333333333333,0.7764262309798465,0.5000000000000003,-0.8660254037844385,0.6513724827222223,-0.758758122692791,-0.9749279121818236,-0.2225209339563146
0.00240668037067911,0.011049878106334366,0.08004279500634942,-0.06899291690001519,-0.37867623880074786,0.7833333333333333,0.776560886933884,0.5000000000000003,-0.8660254037844385,0.10116832198743272,-0.994869323391895,0.7818314824680298,0.6234898018587336
-0.02679810937991524,-0.06585806087320017,-0.06820829194628283,-0.024097529426346284,0.4295463124723812,0.7833333333333333,0.7766057722518964,0.5000000000000003,-0.8660254037844385,-0.10116832198743204,-0.9948693233918952,0.9749279121818236,-0.22252093395631434
0.0,-0.026160856786697394,-0.04820205472285078,-0.012270022236438008,-0.8156329457432349,0.7833333333333333,0.7766506575699089,0.5000000000000003,-0.8660254037844385,-0.29936312297335776,-0.9541392564000489,0.43388373911755823,-0.900968867902419
0.0,0.0,0.024391429009236073,0.012270022236438059,-0.15364575681728831,0.7833333333333333,0.7766955428879214,0.5000000000000003,-0.8660254037844385,-0.4853019625310808,-0.8743466161445822,-0.433883739117558,-0.9009688679024191
0.0,0.023810625713614683,-0.012121406772798023,0.0,1.0980231870310433,0.7833333333333333,0.7767404282059339,0.5000000000000003,-0.8660254037844385,-0.6513724827222217,-0.7587581226927913,-0.9749279121818236,-0.2225209339563146
0.0,-0.02381062571361482,0.012121406772797938,-0.012270022236438008,-1.1943939997790611,0.7833333333333333,0.7768750841599713,0.5000000000000003,-0.8660254037844385,-0.9680771188662041,-0.2506525322587213,0.7818314824680298,0.6234898018587336
-0.02500133722861744,0.01197612265354822,-0.012121406772798023,-0.02500133722861744,1.829619884153993,0.7833333333333333,0.7769199694779838,0.5000000000000003,-0.8660254037844385,-0.9987165071710528,-0.05064916883871355,0.9749279121818236,-0.22252093395631434
0.0,-0.024097529426346284,-0.024692589330022063,0.012578770135033408,-1.7637447080996276,0.7833333333333333,0.7769648547959963,0.5000000000000003,-0.8660254037844385,-0.9884683243281114,0.15142777750457667,0.43388373911755823,-0.900968867902419
0.012578770135033408,0.03357626481238721,0.012422567093584014,0.04879011875636829,0.18262509299297666,0.7833333333333333,0.7770097401140088,0.5000000000000003,-0.8660254037844385,-0.9377521321470804,0.3473052528448203,-0.433883739117558,-0.9009688679024191
0.02469258933002205,0.002355767674025659,0.012270022236438059,-0.011976122653548273,-0.4893086565413572,0.7833333333333333,0.7770546254320212,0.5000000000000003,-0.8660254037844385,-0.8486442574947509,0.5289640103269624,-0.9749279121818236,-0.2225209339563146
0.0,-0.02381062571361482,0.0,-0.012121406772798023,-0.6032521764433971,0.7833333333333333,0.7772341667040712,0.5000000000000003,-0.8660254037844385,-0.20129852008866114,0.9795299412524943,0.9749279121818236,-0.22252093395631434
-0.012270022236438008,0.023810625713614683,0.012121406772797938,-0.012270022236438008,1.204425190671584,0.7833333333333333,0.7772790520220836,0.5000000000000003,-0.8660254037844385,-2.4492935982947064e-16,1.0,0.43388373911755823,-0.900968867902419
0.012270022236438059,-0.0047169853690404535,-0.012121406772798023,0.024391429009236073,-0.8187627098595991,0.7833333333333333,0.7773239373400961,1.2246467991473532e-16,-1.0,0.20129852008866006,0.9795299412524945,-0.433883739117558,-0.9009688679024191
0.0,-0.00711751769102607,0.02409752942634625,-0.012121406772798023,-0.97164082695732,0.7833333333333333,0.7773688226581086,1.2246467991473532e-16,-1.0,0.39435585511331855,0.9189578116202306,-0.9749279121818236,-0.2225209339563146
-0.012270022236438008,0.0,-0.024097529426346284,-0.012270022236438008,1.410391912698951,0.7833333333333333,0.777503478612146,1.2246467991473532e-16,-1.0,0.8486442574947509,0.5289640103269624,0.7818314824680298,0.6234898018587336
-0.03774035062468663,-0.02653947251399646,-0.00980399092998061,-0.014925694921541364,0.7330163403249287,0.7833333333333333,0.7775483639301585,1.2246467991473532e-16,-1.0,0.9377521321470804,0.3473052528448203,0.9749279121818236,-0.22252093395631434
0.012739013396069176,-0.009828079148787717,-0.014888598400041399,0.0025031278279573515,-1.2254928254227229,0.7833333333333333,0.777593249248171,1.2246467991473532e-16,-1.0,0.9884683243281114,0.1514277775045767,0.43388373911755823,-0.900968867902419
-0.025642467455926174,0.012270022236438059,-0.0125787701350334,0.0,1.830501379794982,0.7833333333333333,0.7776381345661835,1.2246467991473532e-16,-1.0,0.9987165071710528,-0.05064916883871264,-0.433883739117558,-0.9009688679024191
0.012903454059856928,-0.012270022236438008,0.012578770135033408,0.0,-0.955303241820355,0.7833333333333333,0.777683019884196,1.2246467991473532e-16,-1.0,0.9680771188662043,-0.2506525322587204,-0.9749279121818236,-0.2225209339563146
0.0,0.0,0.0,-0.0125787701350334,0.5701917926760202,0.7833333333333333,0.7778176758382334,1.2246467991473532e-16,-1.0,0.6513724827222223,-0.758758122692791,0.7818314824680298,0.6234898018587336
0.0,0.0,-0.025317783531102575,0.012578770135033408,0.8235174996197324,0.7833333333333333,0.7778625611562459,1.2246467991473532e-16,-1.0,0.48530196253108104,-0.8743466161445821,0.9749279121818236,-0.22252093395631434
0.012739013396069176,0.012270022236438059,0.03774035062468666,-0.0125787701350334,-2.0588359605235227,0.7833333333333333,0.7779074464742584,1.2246467991473532e-16,-1.0,0.29936312297335804,-0.9541392564000488,0.43388373911755823,-0.900968867902419
0.0,-0.024692589330022063,-0.02500133722861744,0.0,-0.15942773692810208,0.7833333333333333,0.7779523317922707,1.2246467991473532e-16,-1.0,0.10116832198743272,-0.994869323391895,-0.433883739117558,-0.9009688679024191
-0.01273901339606918,0.0,0.0,-0.01273901339606918,0.10536051565782635,0.7833333333333333,0.7779972171102832,1.2246467991473532e-16,-1.0,-0.10116832198743204,-0.9948693233918952,-0.9749279121818236,-0.2225209339563146
-0.012903454059856923,-0.0125787701350334,-0.025642467455926174,-0.012903454059856923,-0.21622310846963594,0.7833333333333333,0.7781318730643207,1.2246467991473532e-16,-1.0,-0.6513724827222217,-0.7587581226927913,0.7818314824680298,0.6234898018587336
-0.01307206934493735,-0.01273901339606918,0.012903454059856928,0.0,-0.07145896398214498,0.7833333333333333,0.7781767583823332,1.2246467991473532e-16,-1.0,-0.7907757369376986,-0.6121059825476627,0.9749279121818236,-0.22252093395631434
0.013072069344937442,0.0859424053475375,0.0859424053475375,0.07503523369377954,2.5776883832389665,0.7833333333333333,0.7782216437003456,1.2246467991473532e-16,-1.0,-0.8978045395707417,-0.44039415155763423,0.43388373911755823,-0.900968867902419
0.06291382692098157,-0.011834503060066504,-0.011834503060066504,-0.012121406772798023,-1.4607269559026603,0.7833333333333333,0.7782665290183581,1.2246467991473532e-16,-1.0,-0.9680771188662041,-0.2506525322587213,-0.433883739117558,-0.9009688679024191
-0.050010372861124655,-0.011976122653548273,-0.04629318148001814,-0.024692589330022063,0.6791097208843568,0.7833333333333333,0.7783114143363706,1.2246467991473532e-16,-1.0,-0.9987165071710528,-0.05064916883871355,-0.9749279121818236,-0.2225209339563146
0.02531778353110258,0.01197612265354822,0.009925629817233826,0.04879011875636829,-0.5976693889441823,0.7833333333333333,0.778446070290408,1.2246467991473532e-16,-1.0,-0.8486442574947509,0.5289640103269624,0.7818314824680298,0.6234898018587336
0.02469258933002205,0.00947873538604097,0.036367551662784325,-0.011976122653548273,-0.9947053428977924,0.7833333333333333,0.7784909556084205,1.2246467991473532e-16,-1.0,-0.7247927872291207,0.6889669190756859,0.9749279121818236,-0.22252093395631434
0.0,-0.009478735386040972,-0.024097529426346284,0.0,0.5150463113702209,0.7833333333333333,0.778535840926433,1.2246467991473532e-16,-1.0,-0.5712682150947924,0.8207634412072763,0.43388373911755823,-0.900968867902419
0.012121406772797938,0.007117517691026101,0.012121406772797938,0.0,-0.7680886018520641,0.7833333333333333,0.7785807262444455,1.2246467991473532e-16,-1.0,-0.3943558551133187,0.9189578116202306,-0.433883739117558,-0.9009688679024191
0.0,0.0,0.014354299532618037,0.0,-0.2709614256647026,0.7833333333333333,0.778625611562458,1.2246467991473532e-16,-1.0,-0.20129852008866114,0.9795299412524943,-0.9749279121818236,-0.2225209339563146
-0.03681399610282008,-0.00711751769102607,-0.0023781768790697047,0.0,-0.1423162221802555,0.7833333333333333,0.7787602675164954,-0.4999999999999997,-0.8660254037844388,0.5712682150947923,0.8207634412072763,0.7818314824680298,0.6234898018587336
0.02469258933002205,0.0,-0.024097529426346284,-0.012121406772798023,0.5545610172737986,0.7833333333333333,0.7788500381525204,-0.4999999999999997,-0.8660254037844388,0.8486442574947509,0.5289640103269624,0.43388373911755823,-0.900968867902419
0.0,-0.011976122653548273,0.012121406772797938,0.012121406772797938,-1.3209116018570388,0.7833333333333333,0.7788949234705328,-0.4999999999999997,-0.8660254037844388,0.9377521321470804,0.3473052528448203,-0.433883739117558,-0.9009688679024191
-0.024692589330022063,0.00240668037067911,0.0,-0.02439142900923605,1.7508495664839288,0.7833333333333333,0.7789398087885453,-0.4999999999999997,-0.8660254037844388,0.9884683243281114,0.1514277775045767,-0.9749279121818236,-0.2225209339563146
0.002496937276350143,-0.007237602910783485,-0.012121406772798023,0.0,0.239276449721427,0.7833333333333333,0.7790744647425828,-0.4999999999999997,-0.8660254037844388,0.8978045395707416,-0.4403941515576344,0.7818314824680298,0.6234898018587336
-0.0024969372763501614,-0.007290484232693686,-0.024692589330022063,-0.012422567093584021,-0.7723252102721279,0.7833333333333333,0.7791193500605952,-0.4999999999999997,-0.8660254037844388,0.7907757369376989,-0.6121059825476626,0.9749279121818236,-0.22252093395631434
0.0,0.0,0.0,0.012422567093584014,0.14609261849749589,0.7833333333333333,0.7791642353786077,-0.4999999999999997,-0.8660254037844388,0.6513724827222223,-0.758758122692791,0.43388373911755823,-0.900968867902419
0.0,-0.012270022236438008,0.012422567093584014,0.0,0.4912171523776144,0.7833333333333333,0.7792091206966202,-0.4999999999999997,-0.8660254037844388,0.48530196253108104,-0.8743466161445821,-0.433883739117558,-0.9009688679024191
-0.0125787701350334,-0.004950500193259168,-0.012422567093584021,-0.02500133722861744,0.8991143559292474,0.7833333333333333,0.7792540060146327,-0.4999999999999997,-0.8660254037844388,0.29936312297335804,-0.9541392564000488,-0.9749279121818236,-0.2225209339563146
-0.025642467455926174,0.004950500193259122,0.012422567093584014,-0.01273901339606918,-0.6811326187364085,0.7833333333333333,0.7793886619686701,-0.4999999999999997,-0.8660254037844388,-0.29936312297335776,-0.9541392564000489,0.7818314824680298,0.6234898018587336
-0.01307206934493735,-0.027536190380673183,-0.03774035062468663,-0.02597552340479427,0.4170747371860034,0.7833333333333333,0.7794335472866826,-0.4999999999999997,-0.8660254037844388,-0.4853019625310808,-0.8743466161445822,0.9749279121818236,-0.22252093395631434
-0.023969167282447124,-0.0361796836488077,-0.03922073760646856,-0.013245214201674278,-0.48118872000261537,0.7833333333333333,0.7794784326046951,-0.4999999999999997,-0.8660254037844388,-0.6513724827222217,-0.7587581226927913,0.43388373911755823,-0.900968867902419
-0.030098067930435856,0.0,0.0,-0.013423007444650008,0.9545968307348944,0.7833333333333333,0.7795233179227076,-0.4999999999999997,-0.8660254037844388,-0.7907757369376986,-0.6121059825476627,-0.433883739117558,-0.9009688679024191
-0.013986228915818995,-0.02666822164632427,-0.02702864625985619,-0.0413852424823777,0.8836054787469616,0.7833333333333333,0.77956820324072,-0.4999999999999997,-0.8660254037844388,-0.8978045395707417,-0.44039415155763423,-0.9749279121818236,-0.2225209339563146
0.0,0.05264374505111866,-0.027779603667171558,0.04138524248237769,-1.3352171894909077,0.7833333333333333,0.7797028591947575,-0.4999999999999997,-0.8660254037844388,-0.9884683243281114,0.15142777750457667,0.7818314824680298,0.6234898018587336
0.027779603667171544,-0.03922073760646856,0.054808249927027666,0.0,-0.27071525892477594,0.7833333333333333,0.77974774451277,-0.4999999999999997,-0.8660254037844388,-0.9377521321470804,0.3473052528448203,0.9749279121818236,-0.22252093395631434
0.01360563881520608,0.0,-0.013423007444650008,0.013423007444649979,-1.034746941571443,0.7833333333333333,0.7797926298307823,-0.4999999999999997,-0.8660254037844388,-0.8486442574947509,0.5289640103269624,0.43388373911755823,-0.900968867902419
-0.02739901356655871,0.0,0.0,-0.0408220210112087,1.3594213428687942,0.7833333333333333,0.7798375151487948,-0.4999999999999997,-0.8660254037844388,-0.7247927872291207,0.6889669190756859,-0.433883739117558,-0.9009688679024191
-0.013986228915818995,-0.013423007444650008,-0.02739901356655871,0.0,-0.30865269676608564,0.7833333333333333,0.7798824004668073,-0.4999999999999997,-0.8660254037844388,-0.5712682150947924,0.8207634412072763,-0.9749279121818236,-0.2225209339563146
-0.01418462155992368,-0.013605638815206152,0.0,-0.028170850475742682,0.7504159635849296,0.7833333333333333,0.7800170564208448,-0.4999999999999997,-0.8660254037844388,-2.4492935982947064e-16,1.0,0.7818314824680298,0.6234898018587336
-0.014388723630732781,-0.027779603667171558,-0.028170850475742682,0.0,-0.21784180803638953,0.7833333333333333,0.7800619417388572,-0.8660254037844385,-0.5000000000000004,0.20129852008866006,0.9795299412524945,0.9749279121818236,-0.22252093395631434
-0.05971924852298902,0.0,-0.014388723630732781,-0.014388723630732781,0.8214159160721044,0.7833333333333333,0.7801068270568697,-0.8660254037844385,-0.5000000000000004,0.39435585511331855,0.9189578116202306,0.43388373911755823,-0.900968867902419
0.045120463329713874,0.027779603667171544,0.0,0.0,-0.20124085341134446,0.7833333333333333,0.7801517123748822,-0.8660254037844385,-0.5000000000000004,0.5712682150947923,0.8207634412072763,-0.433883739117558,-0.9009688679024191
-0.014815142302275305,-0.03626620953106161,0.0,0.0,-0.25977456334178567,0.7833333333333333,0.7801965976928947,-0.8660254037844385,-0.5000000000000004,0.72479278722912,0.6889669190756866,-0.9749279121818236,-0.2225209339563146
-0.005988036287827113,0.011299544599374666,0.014388723630732752,-0.02941392749555062,-0.7295951686026346,0.7833333333333333,0.7803312536469321,-0.8660254037844385,-0.5000000000000004,0.9884683243281114,0.1514277775045767,0.7818314824680298,0.6234898018587336
-0.009049827058433886,-0.045985069119416466,-0.02898750882400805,-0.015037863346261034,0.35114788683658654,0.7833333333333333,0.7803761389649446,-0.8660254037844385,-0.5000000000000004,0.9987165071710528,-0.05064916883871264,0.9749279121818236,-0.22252093395631434
-0.0152674576811775,0.01459878519327518,-0.029853005648536338,0.0,-0.7443154671343448,0.7833333333333333,0.7804210242829571,-0.8660254037844385,-0.5000000000000004,0.9680771188662043,-0.2506525322587204,0.43388373911755823,-0.900968867902419
0.0,-0.02941392749555062,0.0,-0.0152674576811775,0.15415067982725836,0.7833333333333333,0.7804659096009696,-0.8660254037844385,-0.5000000000000004,0.8978045395707416,-0.4403941515576344,-0.433883739117558,-0.9009688679024191
-0.015504171634804215,0.014815142302275281,0.0,0.0,-0.25213108818746205,0.7833333333333333,0.780510794918982,-0.8660254037844385,-0.5000000000000004,0.7907757369376989,-0.6121059825476626,-0.9749279121818236,-0.2225209339563146
-0.01574834159392558,-0.029853005648536338,-0.0152674576811775,-0.015504171634804215,0.3500353031688336,0.7833333333333333,0.7806454508730195,-0.8660254037844385,-0.5000000000000004,0.29936312297335804,-0.9541392564000488,0.7818314824680298,0.6234898018587336
0.0,0.01503786334626105,0.0,-0.01574834159392558,-0.8468661746477132,0.7833333333333333,0.780690336191032,-0.8660254037844385,-0.5000000000000004,0.10116832198743272,-0.994869323391895,0.9749279121818236,-0.22252093395631434
0.0,-0.0458094926622427,-0.015504171634804215,0.015748341593925654,0.1274707680128317,0.7833333333333333,0.7807352215090444,-0.8660254037844385,-0.5000000000000004,-0.10116832198743204,-0.9948693233918952,0.43388373911755823,-0.900968867902419
-0.006369441998261541,0.015504171634804168,-0.01574834159392558,-0.01574834159392558,0.05182506786458595,0.7833333333333333,0.7807801068270569,-0.8660254037844385,-0.5000000000000004,-0.29936312297335776,-0.9541392564000489,-0.433883739117558,-0.9009688679024191
0.02211778359218723,0.030305321027438586,0.015748341593925654,0.04651997090990722,1.1971312725092194,0.7833333333333333,0.7808249921450694,-0.8660254037844385,-0.5000000000000004,-0.4853019625310808,-0.8743466161445822,-0.9749279121818236,-0.2225209339563146
0.015504171634804168,0.0,0.03077162931598164,0.0,-0.9985288301111273,0.7833333333333333,0.7809596480991068,-0.8660254037844385,-0.5000000000000004,-0.8978045395707417,-0.44039415155763423,0.7818314824680298,0.6234898018587336
-0.03125251322872973,0.0,0.01503786334626105,-0.030771629315981694,0.21857828088263484,0.7833333333333333,0.7810045334171193,-0.8660254037844385,-0.5000000000000004,-0.9680771188662041,-0.2506525322587213,0.9749279121818236,-0.22252093395631434
0.0,0.04380265112628338,-0.06155783425616829,0.060624634964517955,0.8937422416386698,0.7833333333333333,0.7810494187351318,-0.8660254037844385,-0.5000000000000004,-0.9987165071710528,-0.05064916883871355,0.43388373911755823,-0.900968867902419
0.07637297655844347,0.0,0.10536048538245169,0.008784820969229577,-2.5474050478106274,0.7833333333333333,0.7810943040531443,-0.8660254037844385,-0.5000000000000004,-0.9884683243281114,0.15142777750457667,-0.433883739117558,-0.9009688679024191
0.0,0.01418462155992381,-0.02898750882400805,0.03438730941470218,1.8370930105295762,0.7833333333333333,0.7811391893711568,-0.8660254037844385,-0.5000000000000004,-0.9377521321470804,0.3473052528448203,-0.9749279121818236,-0.2225209339563146
0.01459878519327518,0.0,0.028987508824008093,-0.01418462155992368,0.5995668057190388,0.7833333333333333,0.7812738453251942,-0.8660254037844385,-0.5000000000000004,-0.5712682150947924,0.8207634412072763,0.7818314824680298,0.6234898018587336
0.0,0.0,0.0,0.01418462155992381,-1.6209103135963372,0.7833333333333333,0.7813187306432067,-0.8660254037844385,-0.5000000000000004,-0.3943558551133187,0.9189578116202306,0.9749279121818236,-0.22252093395631434
-0.02941392749555062,0.0,0.0,-0.05798727268620713,0.6047362232158923,0.7833333333333333,0.7813636159612192,-0.8660254037844385,-0.5000000000000004,-0.20129852008866114,0.9795299412524943,0.43388373911755823,-0.900968867902419
-0.015037863346261034,-0.01704585110836476,-0.02898750882400805,-0.015037863346261034,1.5371382590371623,0.7833333333333333,0.7814085012792316,-0.8660254037844385,-0.5000000000000004,-2.4492935982947064e-16,1.0,-0.433883739117558,-0.9009688679024191
-0.030771629315981694,-0.026126279275567026,-0.014815142302275305,-0.030771629315981694,-1.4899500175170635,0.7833333333333333,0.7814533865972441,-1.0,-1.8369701987210297e-16,0.20129852008866006,0.9795299412524945,-0.9749279121818236,-0.2225209339563146
-0.01574834159392558,-0.029853005648536338,-0.06155783425616829,0.03077162931598164,-0.6178947161496796,0.7833333333333333,0.7816329278692941,-1.0,-1.8369701987210297e-16,0.8486442574947509,0.5289640103269624,0.9749279121818236,-0.22252093395631434
0.015748341593925654,0.01503786334626105,0.04651997090990722,0.0,0.6218947214830256,0.7833333333333333,0.7816778131873064,-1.0,-1.8369701987210297e-16,0.9377521321470804,0.3473052528448203,0.43388373911755823,-0.900968867902419
0.015504171634804168,0.04380265112628338,0.01503786334626105,0.029853005648536365,0.4465265949059383,0.7833333333333333,0.781722698505319,-1.0,-1.8369701987210297e-16,0.9884683243281114,0.1514277775045767,-0.433883739117558,-0.9009688679024191
0.045120463329713874,-0.014388723630732781,0.02941392749555068,0.0,-1.0871835928444868,0.7833333333333333,0.7817675838233314,-1.0,-1.8369701987210297e-16,0.9987165071710528,-0.05064916883871264,-0.9749279121818236,-0.2225209339563146
-0.014815142302275305,0.0,-0.014598785193275239,0.01459878519327518,0.0408219945202552,0.7833333333333333,0.7819022397773688,-1.0,-1.8369701987210297e-16,0.7907757369376989,-0.6121059825476626,0.7818314824680298,0.6234898018587336
0.014815142302275281,0.014388723630732752,0.0,0.0,0.31812309795301635,0.7833333333333333,0.7819471250953813,-1.0,-1.8369701987210297e-16,0.6513724827222223,-0.758758122692791,0.9749279121818236,-0.22252093395631434
-0.029853005648536338,-0.014388723630732781,0.01459878519327518,-0.0444517908418116,0.32085584613377927,0.7833333333333333,0.7819920104133938,-1.0,-1.8369701987210297e-16,0.48530196253108104,-0.8743466161445821,0.43388373911755823,-0.900968867902419
-0.030771629315981694,-0.014598785193275239,-0.014598785193275239,-0.030771629315981694,0.4894863077309952,0.7833333333333333,0.7820368957314063,-1.0,-1.8369701987210297e-16,0.29936312297335804,-0.9541392564000488,-0.433883739117558,-0.9009688679024191
-0.09844005482909286,-0.04512046332971382,-0.1590646897936108,0.015504171634804168,0.7198463869151854,0.7833333333333333,0.7820817810494188,-1.0,-1.8369701987210297e-16,0.10116832198743272,-0.994869323391895,-0.9749279121818236,-0.2225209339563146
0.06669131084966336,0.015267457681177408,0.1292116841450746,-0.04725291561423363,-0.7842280576093325,0.7833333333333333,0.7822164370034562,-1.0,-1.8369701987210297e-16,-0.4853019625310808,-0.8743466161445822,0.7818314824680298,0.6234898018587336
-0.016260505742097555,-0.030771629315981694,-0.07878087903750865,-0.016260505742097555,-0.026702158606996335,0.7833333333333333,0.7822613223214687,-1.0,-1.8369701987210297e-16,-0.6513724827222217,-0.7587581226927913,0.9749279121818236,-0.22252093395631434
0.0,-0.01574834159392558,0.0,0.0322609081276015,-0.2456237291237205,0.7833333333333333,0.7823062076394812,-1.0,-1.8369701987210297e-16,-0.7907757369376986,-0.6121059825476627,0.43388373911755823,-0.900968867902419
0.0322609081276015,0.02507966002675299,0.048009249721526925,0.0,-0.21005007456719013,0.7833333333333333,0.7823510929574936,-1.0,-1.8369701987210297e-16,-0.8978045395707417,-0.44039415155763423,-0.433883739117558,-0.9009688679024191
-0.01600040238550386,0.0030911896080078717,0.012422508040835311,0.0,-0.060751662406074054,0.7833333333333333,0.7823959782755061,-1.0,-1.8369701987210297e-16,-0.9680771188662041,-0.2506525322587213,-0.9749279121818236,-0.2225209339563146
-0.016260505742097555,-0.040950640287780955,-0.044171252020264826,-0.03226090812760145,0.4456821680725306,0.7833333333333333,0.7825306342295436,-1.0,-1.8369701987210297e-16,-0.9377521321470804,0.3473052528448203,0.7818314824680298,0.6234898018587336
0.0,-0.0032206117324838006,0.0,0.0,-0.44352466993250933,0.7833333333333333,0.782575519547556,-1.0,-1.8369701987210297e-16,-0.8486442574947509,0.5289640103269624,0.9749279121818236,-0.22252093395631434
0.0032733222794778514,0.04725291561423366,0.0,0.0322609081276015,-0.3198016218738935,0.7833333333333333,0.7826204048655685,-1.0,-1.8369701987210297e-16,-0.7247927872291207,0.6889669190756859,0.43388373911755823,-0.900968867902419
0.02898758584812349,-0.015504171634804215,0.01600040238550383,0.009478734671999748,-0.386360926798122,0.7833333333333333,0.782665290183581,-1.0,-1.8369701987210297e-16,-0.5712682150947924,0.8207634412072763,-0.433883739117558,-0.9009688679024191
0.0,0.0,0.015748341593925654,-0.009478734671999748,0.463431864082501,0.7833333333333333,0.7827101755015935,-1.0,-1.8369701987210297e-16,-0.3943558551133187,0.9189578116202306,-0.9749279121818236,-0.2225209339563146
-0.03226090812760145,0.0,0.0,-0.022472910898195066,-0.5405675929647281,0.7833333333333333,0.7828448314556309,-0.866025403784439,0.49999999999999933,0.39435585511331855,0.9189578116202306,0.7818314824680298,0.6234898018587336
0.0,0.0,-0.03174874397942948,0.02247291089819494,0.686046559010369,0.7833333333333333,0.7828897167736434,-0.866025403784439,0.49999999999999933,0.5712682150947923,0.8207634412072763,0.9749279121818236,-0.22252093395631434
0.03543047977511576,0.03077162931598164,0.01916997403301824,0.03125251322872968,1.1718715804687623,0.7833333333333333,0.7829346020916559,-0.866025403784439,0.49999999999999933,0.72479278722912,0.6889669190756866,0.43388373911755823,-0.900968867902419
0.021910088379238604,0.0,0.04335039926239289,0.0,-1.228052408866706,0.7833333333333333,0.7829794874096684,-0.866025403784439,0.49999999999999933,0.8486442574947509,0.5289640103269624,-0.433883739117558,-0.9009688679024191
0.006172853201976842,0.01503786334626105,-0.0152674576811775,0.030305321027438586,0.27694625730718614,0.7833333333333333,0.7830243727276808,-0.866025403784439,0.49999999999999933,0.9377521321470804,0.3473052528448203,-0.9749279121818236,-0.2225209339563146
-0.015504171634804215,0.07197350160202613,0.030305321027438586,0.057987272686207,0.8505578469744111,0.7833333333333333,0.7831590286817183,-0.866025403784439,0.49999999999999933,0.9680771188662043,-0.2506525322587204,0.7818314824680298,0.6234898018587336
0.08961214378852603,0.10536054214877982,0.057987272686207,-0.01418462155992368,-0.08575467750803058,0.7833333333333333,0.7832039139997308,-0.866025403784439,0.49999999999999933,0.8978045395707416,-0.4403941515576344,0.9749279121818236,-0.22252093395631434
-0.02898750882400805,-0.10536054214877988,0.0,-0.014388723630732781,-1.4830239875784417,0.7833333333333333,0.7832487993177433,-0.866025403784439,0.49999999999999933,0.7907757369376989,-0.6121059825476626,0.43388373911755823,-0.900968867902419
-0.011834516917728074,0.0,0.013986228915818986,-0.014598785193275239,-0.33024168687057687,0.7833333333333333,0.7832936846357557,-0.866025403784439,0.49999999999999933,0.6513724827222223,-0.758758122692791,-0.433883739117558,-0.9009688679024191
-0.033285946411985706,-0.04255957410647557,-0.05715835929975083,0.0,1.3503292124263755,0.7833333333333333,0.7833385699537682,-0.866025403784439,0.49999999999999933,0.48530196253108104,-0.8743466161445821,-0.9749279121818236,-0.2225209339563146
0.03625771406389439,0.014388723630732752,-0.00886274926581949,0.01459878519327518,-1.4236014135327013,0.7833333333333333,0.7834732259078057,-0.866025403784439,0.49999999999999933,-0.10116832198743204,-0.9948693233918952,0.7818314824680298,0.6234898018587336
-0.020990256382716867,-0.014388723630732781,0.02346153445909486,-0.014598785193275239,0.36772478012531734,0.7833333333333333,0.783518111225818,-0.866025403784439,0.49999999999999933,-0.29936312297335776,-0.9541392564000489,0.9749279121818236,-0.22252093395631434
0.029853005648536365,0.014388723630732752,-0.011661928398920269,0.01459878519327518,-0.47895041523554177,0.7833333333333333,0.7835629965438305,-0.866025403784439,0.49999999999999933,-0.4853019625310808,-0.8743466161445822,0.43388373911755823,-0.900968867902419
-0.014815142302275305,0.0,-0.0029368567943550963,-0.02941392749555062,0.14571181118139379,0.7833333333333333,0.783607881861843,-0.866025403784439,0.49999999999999933,-0.6513724827222217,-0.7587581226927913,-0.433883739117558,-0.9009688679024191
0.0,0.0,-0.014815142302275305,0.02941392749555068,0.48681074756211684,0.7833333333333333,0.7836527671798555,-0.866025403784439,0.49999999999999933,-0.7907757369376986,-0.6121059825476627,-0.9749279121818236,-0.2225209339563146
0.0,0.0,0.02941392749555068,-0.014598785193275239,0.010362787035546658,0.7833333333333333,0.7837874231338929,-0.866025403784439,0.49999999999999933,-0.9987165071710528,-0.05064916883871355,0.7818314824680298,0.6234898018587336
-0.06155783425616829,-0.014388723630732781,0.0,-0.060624634964518,0.5881684171495497,0.7833333333333333,0.7838323084519054,-0.866025403784439,0.49999999999999933,-0.9884683243281114,0.15142777750457667,0.9749279121818236,-0.22252093395631434
-0.03226090812760145,-0.0444517908418116,-0.0909717617517188,-0.01574834159392558,0.1714484084181373,0.7833333333333333,0.7838771937699179,-0.866025403784439,0.49999999999999933,-0.9377521321470804,0.3473052528448203,0.43388373911755823,-0.900968867902419
0.01626050574209758,-0.030771629315981694,0.0,0.0,-0.3416302106614813,0.7833333333333333,0.7839220790879304,-0.866025403784439,0.49999999999999933,-0.8486442574947509,0.5289640103269624,-0.433883739117558,-0.9009688679024191
0.0,-0.006269606921925834,0.0,0.0,-0.6841381106175795,0.7833333333333333,0.7839669644059428,-0.866025403784439,0.49999999999999933,-0.7247927872291207,0.6889669190756859,-0.9749279121818236,-0.2225209339563146
0.0,0.006269606921925908,0.0,-0.01600040238550386,1.176237450698646,0.7833333333333333,0.7841016203599803,-0.866025403784439,0.49999999999999933,-0.20129852008866114,0.9795299412524943,0.7818314824680298,0.6234898018587336
0.0,0.015504171634804168,-0.01600040238550386,0.03174874397942956,0.004140792666031387,0.7833333333333333,0.7841465056779928,-0.866025403784439,0.49999999999999933,-2.4492935982947064e-16,1.0,0.9749279121818236,-0.22252093395631434
-0.016260505742097555,-0.015504171634804215,0.01916997403301824,-0.03174874397942948,-1.0230296075021026,0.7833333333333333,0.7841913909960052,-0.5000000000000012,0.8660254037844379,0.20129852008866006,0.9795299412524945,0.43388373911755823,-0.900968867902419
0.0,-0.03174874397942948,-0.01916997403301815,-0.016260505742097555,-0.10068860229708337,0.7833333333333333,0.7842362763140177,-0.5000000000000012,0.8660254037844379,0.39435585511331855,0.9189578116202306,-0.433883739117558,-0.9009688679024191
0.0,0.01600040238550383,-0.016260505742097555,0.0,-0.5962973545700277,0.7833333333333333,0.7842811616320302,-0.5000000000000012,0.8660254037844379,0.5712682150947923,0.8207634412072763,-0.9749279121818236,-0.2225209339563146
0.0,-0.01600040238550386,0.0,0.0,1.3410555756410463,0.7833333333333333,0.7844158175860676,-0.5000000000000012,0.8660254037844379,0.9377521321470804,0.3473052528448203,0.7818314824680298,0.6234898018587336
-0.03333638846961517,-0.012987183462619664,0.0,-0.023218268067503114,0.7640162252051247,0.7833333333333333,0.7844607029040801,-0.5000000000000012,0.8660254037844379,0.9884683243281114,0.1514277775045767,0.9749279121818236,-0.22252093395631434
0.0,-0.003273322279477878,-0.016529286317205204,0.006688981750297954,-1.0727088977192618,0.7833333333333333,0.7845055882220926,-0.5000000000000012,0.8660254037844379,0.9987165071710528,-0.05064916883871264,0.43388373911755823,-0.900968867902419
0.0,0.0032733222794778514,-0.0168071021524099,-0.0168071021524099,1.3493177035318975,0.7833333333333333,0.7845504735401051,-0.5000000000000012,0.8660254037844379,0.9680771188662043,-0.2506525322587204,-0.433883739117558,-0.9009688679024191
0.0,0.006514674949928488,0.0,0.0,-0.3285435528657057,0.7833333333333333,0.7845953588581176,-0.5000000000000012,0.8660254037844379,0.8978045395707416,-0.4403941515576344,-0.9749279121818236,-0.2225209339563146
-0.017094416637950714,-0.009787997229406386,0.0,-0.006802740702696069,-0.5820774260455005,0.7833333333333333,0.784730014812155,-0.5000000000000012,0.8660254037844379,0.48530196253108104,-0.8743466161445821,0.7818314824680298,0.6234898018587336
0.0034423408007335458,0.01626050574209758,0.0,0.040139129172311265,-0.36988651821781715,0.7833333333333333,0.7847749001301675,-0.5000000000000012,0.8660254037844379,0.29936312297335804,-0.9541392564000488,0.9749279121818236,-0.22252093395631434
0.01365207583721704,0.0,0.016807102152409884,-0.016529286317205204,-1.3052684658732987,0.7833333333333333,0.78481978544818,-0.5000000000000012,0.8660254037844379,0.10116832198743272,-0.994869323391895,0.43388373911755823,-0.900968867902419
0.0,0.0,-0.0168071021524099,-0.0168071021524099,2.184566180464296,0.7833333333333333,0.7848646707661925,-0.5000000000000012,0.8660254037844379,-0.10116832198743204,-0.9948693233918952,-0.433883739117558,-0.9009688679024191
0.0,0.09237337894394747,0.03005231635408416,0.1419702731556602,0.3738305507120858,0.7833333333333333,0.7849095560842049,-0.5000000000000012,0.8660254037844379,-0.29936312297335776,-0.9541392564000489,-0.9749279121818236,-0.2225209339563146
0.09684980982594635,0.0,0.09710281449930071,-0.014815142302275305,-0.008804165453579775,0.7833333333333333,0.7850442120382424,-0.5000000000000012,0.8660254037844379,-0.7907757369376986,-0.6121059825476627,0.7818314824680298,0.6234898018587336
-0.015504171634804215,0.01459878519327518,-0.015037863346261034,-0.030305321027438516,0.39036767990580046,0.7833333333333333,0.7850890973562549,-0.5000000000000012,0.8660254037844379,-0.8978045395707417,-0.44039415155763423,0.9749279121818236,-0.22252093395631434
0.015504171634804168,-0.014598785193275239,0.0,0.030305321027438586,-1.365074714701162,0.7833333333333333,0.7851339826742673,-0.5000000000000012,0.8660254037844379,-0.9680771188662041,-0.2506525322587213,0.43388373911755823,-0.900968867902419
0.0,-0.029853005648536338,0.0,-0.015037863346261034,-1.9898293829901488,0.7833333333333333,0.7852237533102923,-0.5000000000000012,0.8660254037844379,-0.9884683243281114,0.15142777750457667,-0.9749279121818236,-0.2225209339563146
0.0,0.01503786334626105,0.006042308797982336,-0.0152674576811775,0.5717863235556778,0.7833333333333333,0.7853584092643296,-0.5000000000000012,0.8660254037844379,-0.7247927872291207,0.6889669190756859,0.7818314824680298,0.6234898018587336
0.024317284739611457,0.02941392749555068,0.008995554548278597,0.05390528429894339,1.051836223870379,0.7833333333333333,0.7854032945823421,-0.5000000000000012,0.8660254037844379,-0.5712682150947924,0.8207634412072763,0.9749279121818236,-0.22252093395631434
0.020803178590102462,0.014388723630732752,0.02941392749555068,0.014472018626680403,0.5046091584232111,0.7833333333333333,0.7854481799003546,-0.5000000000000012,0.8660254037844379,-0.3943558551133187,0.9189578116202306,0.43388373911755823,-0.900968867902419
-0.060624634964518,-0.020202687854778488,-0.011661928398920269,-0.023256839595909927,0.3203072997678576,0.7833333333333333,0.7854930652183671,-0.5000000000000012,0.8660254037844379,-0.20129852008866114,0.9795299412524943,-0.433883739117558,-0.9009688679024191
0.015504171634804168,0.020202687854778384,0.026050652029652933,0.008784820969229577,-0.7727784502519525,0.7833333333333333,0.7855379505363796,-2.4492935982947064e-16,1.0,0.20129852008866006,0.9795299412524945,-0.9749279121818236,-0.2225209339563146
0.015267457681177408,0.0,-0.0497906874141105,0.005813964224045722,0.781383297445471,0.7833333333333333,0.785672606490417,-2.4492935982947064e-16,1.0,0.72479278722912,0.6889669190756866,0.7818314824680298,0.6234898018587336
-0.0152674576811775,0.01418462155992381,0.020803178590102462,-0.050530831191213835,0.356552537426553,0.7833333333333333,0.7857174918084295,-2.4492935982947064e-16,1.0,0.8486442574947509,0.5289640103269624,0.9749279121818236,-0.22252093395631434
-0.015504171634804215,-0.05203487964975126,-0.014815142302275305,-0.024692588966579474,-1.0460344725882025,0.7833333333333333,0.785762377126442,-2.4492935982947064e-16,1.0,0.9377521321470804,0.3473052528448203,0.43388373911755823,-0.900968867902419
0.0,-0.036257714063894324,-0.0458094926622427,0.015504171634804168,-0.33598455068128624,0.7833333333333333,0.7858072624444544,-2.4492935982947064e-16,1.0,0.9884683243281114,0.1514277775045767,-0.433883739117558,-0.9009688679024191
0.0,0.0,0.003120124318874584,-0.015504171634804215,0.40204630135937885,0.7833333333333333,0.7858521477624669,-2.4492935982947064e-16,1.0,0.9987165071710528,-0.05064916883871264,-0.9749279121818236,-0.2225209339563146
-0.03174874397942948,0.0,-0.003120124318874639,0.0,0.42803943014670337,0.7833333333333333,0.7859868037165044,-2.4492935982947064e-16,1.0,0.7907757369376989,-0.6121059825476626,0.7818314824680298,0.6234898018587336
0.01600040238550383,0.0,-0.01257876994641129,0.015504171634804168,-0.01650450067146331,0.7833333333333333,0.7860316890345168,-2.4492935982947064e-16,1.0,0.6513724827222223,-0.758758122692791,0.9749279121818236,-0.22252093395631434
0.0,0.0,0.012578769946411373,-0.015504171634804215,0.5291142462309553,0.7833333333333333,0.7860765743525293,-2.4492935982947064e-16,1.0,0.48530196253108104,-0.8743466161445821,0.43388373911755823,-0.900968867902419
0.015748341593925654,0.045120463329713874,0.015504171634804168,0.03077162931598164,0.6984805265353079,0.7833333333333333,0.7861214596705418,-2.4492935982947064e-16,1.0,0.29936312297335804,-0.9541392564000488,-0.433883739117558,-0.9009688679024191
0.03077162931598164,0.01459878519327518,0.015267457681177408,0.01503786334626105,-1.124202910731298,0.7833333333333333,0.7861663449885543,-2.4492935982947064e-16,1.0,0.10116832198743272,-0.994869323391895,-0.9749279121818236,-0.2225209339563146
0.029853005648536365,0.028573345190656425,0.029853005648536365,0.057987272686207,0.8667909025822734,0.7833333333333333,0.7863010009425917,-2.4492935982947064e-16,1.0,-0.4853019625310808,-0.8743466161445822,0.7818314824680298,0.6234898018587336
0.023256839595910014,0.0,0.04317213038393171,0.0,-0.47275971734771544,0.7833333333333333,0.7863458862606042,-2.4492935982947064e-16,1.0,-0.6513724827222217,-0.7587581226927913,0.9749279121818236,-0.22252093395631434
-0.008658054402634622,0.013986228915818986,-0.01418462155992368,-0.01418462155992368,0.6503875541397626,0.7833333333333333,0.7863907715786167,-2.4492935982947064e-16,1.0,-0.7907757369376986,-0.6121059825476627,0.43388373911755823,-0.900968867902419
-0.005813964224045715,0.005540175253055282,0.0,-0.014388723630732781,-0.2269915599103831,0.7833333333333333,0.7864356568966292,-2.4492935982947064e-16,1.0,-0.8978045395707417,-0.44039415155763423,-0.433883739117558,-0.9009688679024191
0.020202687854778384,0.008253199498297299,0.0,0.056352948857828114,-1.7344002723335217,0.7833333333333333,0.7864805422146416,-2.4492935982947064e-16,1.0,-0.9680771188662041,-0.2506525322587213,-0.9749279121818236,-0.2225209339563146
0.028170850475742706,0.04027386046153039,0.028170850475742706,0.027028646259856202,0.9943887827973584,0.7833333333333333,0.7866600834866916,-2.4492935982947064e-16,1.0,-0.8486442574947509,0.5289640103269624,0.9749279121818236,-0.22252093395631434
0.04082202101120871,0.03871453680086345,0.04614117742952852,0.03922073760646858,0.16384380903291793,0.7833333333333333,0.7867049688047041,-2.4492935982947064e-16,1.0,-0.7247927872291207,0.6889669190756859,0.43388373911755823,-0.900968867902419
0.03922073760646858,0.0,0.046640594584218126,0.007662865278947024,-1.1929583032041062,0.7833333333333333,0.7867498541227165,-2.4492935982947064e-16,1.0,-0.5712682150947924,0.8207634412072763,-0.433883739117558,-0.9009688679024191
-0.012903454059856923,0.0,0.0,-0.007662865278947137,0.8941390579744319,0.7833333333333333,0.786794739440729,-2.4492935982947064e-16,1.0,-0.3943558551133187,0.9189578116202306,-0.9749279121818236,-0.2225209339563146
0.012903454059856928,0.012578770135033408,-0.01273901339606918,0.012739013396069176,0.43862778701302896,0.8,0.7869742807127789,0.49999999999999994,0.8660254037844387,0.39435585511331855,0.9189578116202306,0.9749279121818236,-0.22252093395631434
0.012739013396069176,0.0,0.02531778353110258,0.012578770135033408,-1.785256891740488,0.8,0.7870191660307914,0.49999999999999994,0.8660254037844387,0.5712682150947923,0.8207634412072763,0.43388373911755823,-0.900968867902419
0.0025284439146058177,0.0,0.0,0.0,-1.4087672169719492,0.8,0.7870640513488039,0.49999999999999994,0.8660254037844387,0.72479278722912,0.6889669190756866,-0.433883739117558,-0.9009688679024191
-0.015267457310675045,0.0,-0.0125787701350334,-0.025317783531102575,0.08701137698962969,0.8,0.7871089366668164,0.49999999999999994,0.8660254037844387,0.8486442574947509,0.5289640103269624,-0.9749279121818236,-0.2225209339563146
-0.015504233340894603,0.012422567093584014,0.0,0.03774035062468666,2.8502246898827526,0.8,0.7872435926208537,0.49999999999999994,0.8660254037844387,0.9987165071710528,-0.05064916883871264,0.7818314824680298,0.6234898018587336
0.02824324673696372,0.0,0.025001337228617453,-0.004950500193259168,-1.9256351551939026,0.8,0.7872884779388662,0.49999999999999994,0.8660254037844387,0.9680771188662043,-0.2506525322587204,0.9749279121818236,-0.22252093395631434
0.0,-0.004950500193259168,-0.012422567093584021,0.0,0.6806730063347696,0.8,0.7873333632568787,0.49999999999999994,0.8660254037844387,0.8978045395707416,-0.4403941515576344,0.43388373911755823,-0.900968867902419
0.012578770135033408,0.004950500193259122,0.0,0.0,1.1528997015059381,0.8,0.7873782485748912,0.49999999999999994,0.8660254037844387,0.7907757369376989,-0.6121059825476626,-0.433883739117558,-0.9009688679024191
-0.0125787701350334,0.0,-0.0125787701350334,-0.02005083703535825,-1.3360584287129564,0.8,0.7874231338929036,0.49999999999999994,0.8660254037844387,0.6513724827222223,-0.758758122692791,-0.9749279121818236,-0.2225209339563146
0.0,0.0,0.012578770135033408,0.020050837035358288,1.5364889127879329,0.8,0.7876026751649536,0.49999999999999994,0.8660254037844387,-0.10116832198743204,-0.9948693233918952,0.9749279121818236,-0.22252093395631434
0.012578770135033408,0.0,0.0,-0.0074720669003248376,-2.1476625103882054,0.8,0.787647560482966,0.49999999999999994,0.8660254037844387,-0.29936312297335776,-0.9541392564000489,0.43388373911755823,-0.900968867902419
-0.0125787701350334,0.0,-0.0125787701350334,0.0,0.8552030398943168,0.8,0.7876924458009785,0.49999999999999994,0.8660254037844387,-0.4853019625310808,-0.8743466161445822,-0.433883739117558,-0.9009688679024191
0.012578770135033408,0.0,0.012578770135033408,0.012422567093584014,-0.4874782597689995,0.8,0.787737331118991,0.49999999999999994,0.8660254037844387,-0.6513724827222217,-0.7587581226927913,-0.9749279121818236,-0.2225209339563146
0.0,0.0,0.0,-0.012422567093584021,-0.0064308903302904025,0.8,0.7878719870730284,0.49999999999999994,0.8660254037844387,-0.9680771188662041,-0.2506525322587213,0.7818314824680298,0.6234898018587336
0.0,0.0,0.012422567093584014,0.012422567093584014,0.17693070815907824,0.8,0.7879168723910409,0.49999999999999994,0.8660254037844387,-0.9987165071710528,-0.05064916883871355,0.9749279121818236,-0.22252093395631434
0.012422567093584014,0.024391429009236073,0.0,0.012270022236438059,1.0804299695849193,0.8,0.7879617577090534,0.49999999999999994,0.8660254037844387,-0.9884683243281114,0.15142777750457667,0.43388373911755823,-0.900968867902419
0.0,0.0,0.024391429009236073,0.0,-0.3118243777733806,0.8,0.7880066430270659,0.49999999999999994,0.8660254037844387,-0.9377521321470804,0.3473052528448203,-0.433883739117558,-0.9009688679024191
0.012270022236438059,0.03550670983375005,-0.012121406772798023,0.04762811660654813,0.919793362425357,0.8,0.7880515283450784,0.49999999999999994,0.8660254037844387,-0.8486442574947509,0.5289640103269624,-0.9749279121818236,-0.2225209339563146
0.03593203248641274,0.022989495542170824,0.04762811660654813,0.0,-0.815185009270085,0.8,0.7881861842991158,0.49999999999999994,0.8660254037844387,-0.3943558551133187,0.9189578116202306,0.7818314824680298,0.6234898018587336
-0.011834503060066504,-0.022989495542170862,-0.011696084120135277,-0.023530587180201755,-0.6425313164794352,0.8,0.7882310696171283,0.49999999999999994,0.8660254037844387,-0.20129852008866114,0.9795299412524943,0.9749279121818236,-0.22252093395631434
-0.06644503700852371,0.0,-0.011834503060066504,0.011834503060066448,2.052802293133251,0.8,0.7882759549351408,0.49999999999999994,0.8660254037844387,-2.4492935982947064e-16,1.0,0.43388373911755823,-0.900968867902419
0.06644503700852365,0.0,0.0,0.0,-1.927891643552635,0.8,0.7883208402531533,0.8660254037844386,0.5000000000000001,0.20129852008866006,0.9795299412524945,-0.433883739117558,-0.9009688679024191
-0.016807045193652587,-0.011696084120135277,-0.004773274406909872,-0.011834503060066504,-0.1466034741918754,0.8,0.7883657255711657,0.8660254037844386,0.5000000000000001,0.39435585511331855,0.9189578116202306,-0.9749279121818236,-0.2225209339563146
-0.03198307356271579,0.0,0.004773274406909948,-0.028987510159685204,0.30399564794330475,0.8,0.7885003815252032,0.8660254037844386,0.5000000000000001,0.8486442574947509,0.5289640103269624,0.7818314824680298,0.6234898018587336
-0.025317783531102575,-0.060624621816434854,-0.04879011875636827,-0.03238137873171657,0.5582278626605746,0.8,0.7885452668432157,0.8660254037844386,0.5000000000000001,0.9377521321470804,0.3473052528448203,0.9749279121818236,-0.22252093395631434
0.012739013396069176,0.012422567093584014,0.0,0.0,-1.2226649373380885,0.8,0.7885901521612281,0.8660254037844386,0.5000000000000001,0.9884683243281114,0.1514277775045767,0.43388373911755823,-0.900968867902419
-0.1067680009295655,-0.012422567093584021,-0.06453852113757118,-0.025642467455926174,0.6899975716570491,0.8,0.7886350374792406,0.8660254037844386,0.5000000000000001,0.9987165071710528,-0.05064916883871264,-0.433883739117558,-0.9009688679024191
0.0,-0.05129330693589688,-0.03528184575815347,-0.07271034442748027,0.6075686738541571,0.8,0.7886799227972531,0.8660254037844386,0.5000000000000001,0.9680771188662043,-0.2506525322587204,-0.9749279121818236,-0.2225209339563146
0.0,-0.013245214201674278,-0.005540175253055251,0.01936441462101247,0.39510232107261783,0.8,0.7888145787512905,0.8660254037844386,0.5000000000000001,0.6513724827222223,-0.758758122692791,0.7818314824680298,0.6234898018587336
0.04138524248237769,0.026317283546611638,0.030098067930435915,0.04027386046153039,0.930540570791411,0.8,0.788859464069303,0.8660254037844386,0.5000000000000001,0.48530196253108104,-0.8743466161445821,0.9749279121818236,-0.22252093395631434
-0.02739901356655871,0.0,0.01072395308077295,-0.054067235212882966,-1.8115803531947663,0.8,0.7889043493873155,0.8660254037844386,0.5000000000000001,0.29936312297335804,-0.9541392564000488,0.43388373911755823,-0.900968867902419
-0.013986228915818995,-0.03974029099126166,-0.02702864625985619,0.01379337475135257,0.07530438306413058,0.8,0.788949234705328,0.8660254037844386,0.5000000000000001,0.10116832198743272,-0.994869323391895,-0.433883739117558,-0.9009688679024191
0.013986228915818986,-0.013605638815206152,-0.01379337475135253,-0.01379337475135253,0.22624753725180086,0.8,0.7889941200233405,0.8660254037844386,0.5000000000000001,-0.10116832198743204,-0.9948693233918952,-0.9749279121818236,-0.2225209339563146
-0.013986228915818995,0.01360563881520608,0.0,-0.005571039869659899,0.2572654643834668,0.8,0.7891736612953903,0.8660254037844386,0.5000000000000001,-0.7907757369376986,-0.6121059825476627,0.9749279121818236,-0.22252093395631434
0.013986228915818986,0.0,0.0,0.027549991219932724,-0.5560279826118197,0.8,0.7892185466134028,0.8660254037844386,0.5000000000000001,-0.8978045395707417,-0.44039415155763423,0.43388373911755823,-0.900968867902419
-0.028170850475742682,-0.013605638815206152,0.01379337475135257,-0.0359651802660917,0.10563902840158466,0.8,0.7892634319314152,0.8660254037844386,0.5000000000000001,-0.9680771188662041,-0.2506525322587213,-0.433883739117558,-0.9009688679024191
0.0,-0.01379337475135253,-0.01379337475135253,0.0,0.3136575588550416,0.8,0.7893083172494277,0.8660254037844386,0.5000000000000001,-0.9987165071710528,-0.05064916883871355,-0.9749279121818236,-0.2225209339563146
0.0,-0.013986228915818995,-0.013986228915818995,-0.01418462155992368,-0.19782574332991992,0.8,0.7894429732034652,0.8660254037844386,0.5000000000000001,-0.8486442574947509,0.5289640103269624,0.7818314824680298,0.6234898018587336
0.0,0.0,0.0,0.0,-0.21591527408210429,0.8,0.7894878585214776,0.8660254037844386,0.5000000000000001,-0.7247927872291207,0.6889669190756859,0.9749279121818236,-0.22252093395631434
0.0,0.0,-0.01418462155992368,0.0,0.030015895940265568,0.8,0.7895327438394901,0.8660254037844386,0.5000000000000001,-0.5712682150947924,0.8207634412072763,0.43388373911755823,-0.900968867902419
-0.02898750882400805,0.0,0.0,-0.014388723630732781,-0.055262678675049415,0.8,0.7895776291575026,1.0,6.123233995736766e-17,0.20129852008866006,0.9795299412524945,-0.433883739117558,-0.9009688679024191
0.0,-0.01418462155992368,-0.02898750882400805,0.014388723630732752,0.4334781443358384,0.8,0.7896225144755151,1.0,6.123233995736766e-17,0.39435585511331855,0.9189578116202306,-0.9749279121818236,-0.2225209339563146
0.028987508824008093,0.055569864042301534,0.028987508824008093,0.028170850475742706,-0.9358171542245103,0.8,0.7897571704295525,1.0,6.123233995736766e-17,0.8486442574947509,0.5289640103269624,0.7818314824680298,0.6234898018587336
0.0,-0.013605638815206152,0.01418462155992381,-0.028170850475742682,0.7978032227825078,0.8,0.789802055747565,1.0,6.123233995736766e-17,0.9377521321470804,0.3473052528448203,0.9749279121818236,-0.22252093395631434
0.0,0.0,0.027779603667171544,0.0,-0.44536258298256376,0.8,0.7898469410655775,1.0,6.123233995736766e-17,0.9884683243281114,0.1514277775045767,0.43388373911755823,-0.900968867902419
0.01418462155992381,0.0,0.0,0.03646971130781469,-0.43052907677138064,0.8,0.78989182638359,1.0,6.123233995736766e-17,0.9987165071710528,-0.05064916883871264,-0.433883739117558,-0.9009688679024191
0.0,-0.01379337475135253,-0.01379337475135253,-0.022285089747890917,0.07338254593402385,0.8,0.7899367117016025,1.0,6.123233995736766e-17,0.9680771188662043,-0.2506525322587204,-0.9749279121818236,-0.2225209339563146
0.0,0.04082202101120871,0.0,0.054808249927027666,1.7351558404231404,0.8,0.7900713676556399,1.0,6.123233995736766e-17,0.6513724827222223,-0.758758122692791,0.7818314824680298,0.6234898018587336
0.04138524248237769,0.026317283546611638,0.04082202101120871,0.0,-1.5783133689301707,0.8,0.7901162529736524,1.0,6.123233995736766e-17,0.48530196253108104,-0.8743466161445821,0.9749279121818236,-0.22252093395631434
0.013423007444649979,0.025642467455926105,0.013245214201674292,0.013245214201674292,1.51565881798468,0.8,0.7901611382916649,1.0,6.123233995736766e-17,0.29936312297335804,-0.9541392564000488,0.43388373911755823,-0.900968867902419
-0.02702864625985619,-0.025642467455926174,0.0,-0.013245214201674278,-1.0301510022029792,0.8,0.7902060236096773,1.0,6.123233995736766e-17,0.10116832198743272,-0.994869323391895,-0.433883739117558,-0.9009688679024191
0.0,-0.01307206934493735,-0.02666822164632427,0.0,-0.5608572530234877,0.8,0.7902509089276898,1.0,6.123233995736766e-17,-0.10116832198743204,-0.9948693233918952,-0.9749279121818236,-0.2225209339563146
-0.01379337475135253,-0.02666822164632427,-0.02739901356655871,-0.0408220210112087,-1.120591195386885,0.8,0.7903855648817273,1.0,6.123233995736766e-17,-0.6513724827222217,-0.7587581226927913,0.7818314824680298,0.6234898018587336
0.01379337475135257,0.0,0.01379337475135257,0.01379337475135257,1.7346010553881064,0.8,0.7904304501997397,1.0,6.123233995736766e-17,-0.7907757369376986,-0.6121059825476627,0.9749279121818236,-0.22252093395631434
-0.01379337475135253,0.013423007444649979,-0.01379337475135253,0.008185576598920183,-0.2775376233800085,0.8,0.7904753355177522,1.0,6.123233995736766e-17,-0.8978045395707417,-0.44039415155763423,0.43388373911755823,-0.900968867902419
-0.013986228915818995,0.0,0.01379337475135257,-0.021978951350272766,0.2043342193567135,0.8,0.7905202208357647,1.0,6.123233995736766e-17,-0.9680771188662041,-0.2506525322587213,-0.433883739117558,-0.9009688679024191
-0.043172130383931806,-0.02702864625985619,-0.01379337475135253,-0.04255957410647557,0.15016444515942326,0.8,0.7905651061537772,1.0,6.123233995736766e-17,-0.9987165071710528,-0.05064916883871355,-0.9749279121818236,-0.2225209339563146
0.01459878519327518,-0.01379337475135253,0.0,0.014388723630732752,-0.2597532969267707,0.8,0.7906997621078146,1.0,6.123233995736766e-17,-0.8486442574947509,0.5289640103269624,0.7818314824680298,0.6234898018587336
-0.0444517908418116,0.01379337475135257,-0.013986228915818995,0.04196422522709526,0.6917337527627984,0.8,0.7907446474258271,1.0,6.123233995736766e-17,-0.7247927872291207,0.6889669190756859,0.9749279121818236,-0.22252093395631434
0.05884051447254449,0.01360563881520608,0.027779603667171544,-0.019364414621012484,-1.8074404747902082,0.8,0.7907895327438396,1.0,6.123233995736766e-17,-0.5712682150947924,0.8207634412072763,0.43388373911755823,-0.900968867902419
0.008534894344956464,-0.02739901356655871,-0.01379337475135253,0.0055710398696598214,1.039423417277779,0.8,0.7908344180618521,1.0,6.123233995736766e-17,-0.3943558551133187,0.9189578116202306,-0.433883739117558,-0.9009688679024191
-0.04342211948713788,0.0,-0.013986228915818995,-0.05715835929975083,0.5613564324132067,0.8,0.791013959333902,0.8660254037844387,-0.4999999999999998,0.39435585511331855,0.9189578116202306,0.7818314824680298,0.6234898018587336
0.0,-0.028170850475742682,-0.043172130383931806,0.008784820969229577,-1.377636298376776,0.8,0.7910588446519145,0.8660254037844387,-0.4999999999999998,0.5712682150947923,0.8207634412072763,0.9749279121818236,-0.22252093395631434
0.02049850151144867,0.028170850475742706,0.01459878519327518,0.03438730941470218,0.8522118751896326,0.8,0.7911037299699268,0.8660254037844387,-0.4999999999999998,0.72479278722912,0.6889669190756866,0.43388373911755823,-0.900968867902419
0.0,0.0,0.0,-0.005649727214967185,-0.365113812584597,0.8,0.7911486152879393,0.8660254037844387,-0.4999999999999998,0.8486442574947509,0.5289640103269624,-0.433883739117558,-0.9009688679024191
0.0,-0.013986228915818995,0.0,-0.008534894344956492,-0.8291028167959743,0.8,0.7911935006059518,0.8660254037844387,-0.4999999999999998,0.9377521321470804,0.3473052528448203,-0.9749279121818236,-0.2225209339563146
0.014388723630732752,0.04138524248237769,0.014388723630732752,0.028170850475742706,1.4474899221468103,0.8,0.7913281565599892,0.8660254037844387,-0.4999999999999998,0.9680771188662043,-0.2506525322587204,0.7818314824680298,0.6234898018587336
0.01418462155992381,0.0,0.028170850475742706,-0.013986228915818995,-0.568790164211464,0.8,0.7913730418780017,0.8660254037844387,-0.4999999999999998,0.8978045395707416,-0.4403941515576344,0.9749279121818236,-0.22252093395631434
0.0,-0.013605638815206152,0.01379337475135257,0.0,-2.016921184698502,0.8,0.7914179271960142,0.8660254037844387,-0.4999999999999998,0.7907757369376989,-0.6121059825476626,0.43388373911755823,-0.900968867902419
0.0,0.0,-0.01379337475135253,0.013986228915818986,1.5786662537673468,0.8,0.7914628125140267,0.8660254037844387,-0.4999999999999998,0.6513724827222223,-0.758758122692791,-0.433883739117558,-0.9009688679024191
-0.028573345190656557,0.0,0.0,-0.028170850475742682,0.5045560107523953,0.8,0.7915076978320392,0.8660254037844387,-0.4999999999999998,0.48530196253108104,-0.8743466161445821,-0.9749279121818236,-0.2225209339563146
0.0,0.01360563881520608,-0.028170850475742682,0.055569864042301534,0.21632792477914964,0.8,0.7916423537860766,0.8660254037844387,-0.4999999999999998,-0.10116832198743204,-0.9948693233918952,0.7818314824680298,0.6234898018587336
0.056352948857828114,0.026668221646324243,0.04196422522709526,0.013423007444649979,-0.0823249452560027,0.8,0.7916872391040891,0.8660254037844387,-0.4999999999999998,-0.29936312297335776,-0.9541392564000489,0.9749279121818236,-0.22252093395631434
0.0,0.0,0.04027386046153039,0.0,-1.3962446919730587,0.8,0.7917321244221016,0.8660254037844387,-0.4999999999999998,-0.4853019625310808,-0.8743466161445822,0.43388373911755823,-0.900968867902419
0.01360563881520608,0.0,-0.013245214201674278,0.0,-0.1431008436406733,0.8,0.7917770097401141,0.8660254037844387,-0.4999999999999998,-0.6513724827222217,-0.7587581226927913,-0.433883739117558,-0.9009688679024191
-0.05556986404230139,-0.013245214201674278,0.0,-0.05480824992702772,2.096601161962662,0.8,0.7918218950581265,0.8660254037844387,-0.4999999999999998,-0.7907757369376986,-0.6121059825476627,-0.9749279121818236,-0.2225209339563146
-0.014388723630732781,-0.0408220210112087,-0.06899287148695143,-0.028573345190656557,-2.903692601871825,0.8,0.791956551012164,0.8660254037844387,-0.4999999999999998,-0.9987165071710528,-0.05064916883871355,0.7818314824680298,0.6234898018587336
0.0,-0.013986228915818995,0.01418462155992381,0.0,1.039423417277779,0.8,0.7920014363301765,0.8660254037844387,-0.4999999999999998,-0.9884683243281114,0.15142777750457667,0.9749279121818236,-0.22252093395631434
0.0,-0.01418462155992368,-0.028573345190656557,0.014388723630732752,0.39730179746900346,0.8,0.7920463216481889,0.8660254037844387,-0.4999999999999998,-0.9377521321470804,0.3473052528448203,0.43388373911755823,-0.900968867902419
0.008658054402634561,0.028170850475742706,0.014388723630732752,0.0,0.016260520871780326,0.8,0.7920912069662014,0.8660254037844387,-0.4999999999999998,-0.8486442574947509,0.5289640103269624,-0.433883739117558,-0.9009688679024191
0.0057306692280980846,0.027399013566558723,0.0,0.055569864042301534,0.24862263661519463,0.8,0.7921360922842139,0.8660254037844387,-0.4999999999999998,-0.7247927872291207,0.6889669190756859,-0.9749279121818236,-0.2225209339563146
0.01418462155992381,0.013423007444649979,0.055569864042301534,-0.0413852424823777,-0.09909090264423089,0.8,0.7922707482382513,0.8660254037844387,-0.4999999999999998,-0.20129852008866114,0.9795299412524943,0.7818314824680298,0.6234898018587336
-0.01418462155992368,0.0,-0.05556986404230139,0.04138524248237769,0.8353216693404878,0.8,0.7923156335562638,0.5000000000000003,-0.8660254037844385,0.20129852008866006,0.9795299412524945,0.9749279121818236,-0.22252093395631434
0.04196422522709526,0.0,0.06899287148695142,0.0,-1.2942754623996384,0.8,0.7923605188742763,0.5000000000000003,-0.8660254037844385,0.39435585511331855,0.9189578116202306,0.43388373911755823,-0.900968867902419
-0.039111158961709615,-0.02702864625985619,-0.05480824992702772,-0.0413852424823777,-1.7382707842770688,0.8,0.7924054041922888,0.5000000000000003,-0.8660254037844385,0.5712682150947923,0.8207634412072763,-0.433883739117558,-0.9009688679024191
0.025317784210357196,0.027028646259856202,0.054808249927027666,0.04138524248237769,2.392197251683733,0.8,0.7924502895103013,0.5000000000000003,-0.8660254037844385,0.72479278722912,0.6889669190756866,-0.9749279121818236,-0.2225209339563146
-0.013986228915818995,-0.013423007444650008,-0.0408220210112087,-0.02739901356655871,0.43363598507486073,0.8,0.7925849454643387,0.5000000000000003,-0.8660254037844385,0.9884683243281114,0.1514277775045767,0.7818314824680298,0.6234898018587336
-0.01418462155992368,0.0,0.027399013566558723,0.0,-1.0033021088637848,0.8,0.7926298307823512,0.5000000000000003,-0.8660254037844385,0.9987165071710528,-0.05064916883871264,0.9749279121818236,-0.22252093395631434
0.0,0.013423007444649979,0.013423007444649979,-0.013986228915818995,1.3658854894886836,0.8,0.7926747161003637,0.5000000000000003,-0.8660254037844385,0.9680771188662043,-0.2506525322587204,0.43388373911755823,-0.900968867902419
-0.04380265112628338,-0.09798038031095951,-0.11279552261323479,-0.05798727268620713,0.7446337552367295,0.8,0.792719601418376,0.5000000000000003,-0.8660254037844385,0.8978045395707416,-0.4403941515576344,-0.433883739117558,-0.9009688679024191
0.0029806253845470537,0.028987508824008093,0.014815142302275281,0.04380265112628338,1.149517911021342,0.8,0.7927644867363886,0.5000000000000003,-0.8660254037844385,0.7907757369376989,-0.6121059825476626,-0.9749279121818236,-0.2225209339563146
0.011834516917728159,0.0,0.028987508824008093,-0.014388723630732781,-2.9648078776595908,0.8,0.792899142690426,0.5000000000000003,-0.8660254037844385,0.29936312297335804,-0.9541392564000488,0.7818314824680298,0.6234898018587336
-0.014815142302275305,-0.014388723630732781,-0.02898750882400805,-0.014598785193275239,0.658726956673466,0.8,0.7929440280084384,0.5000000000000003,-0.8660254037844385,0.10116832198743272,-0.994869323391895,0.9749279121818236,-0.22252093395631434
0.0,0.0,0.0,0.0,0.7143221776964038,0.8,0.7929889133264509,0.5000000000000003,-0.8660254037844385,-0.10116832198743204,-0.9948693233918952,0.43388373911755823,-0.900968867902419
0.014815142302275281,0.0,0.008784820969229577,0.01459878519327518,-1.0007080736867382,0.8,0.7930337986444634,0.5000000000000003,-0.8660254037844385,-0.29936312297335776,-0.9541392564000489,-0.433883739117558,-0.9009688679024191
0.0,0.0,-0.008784820969229647,-0.005813964224045715,0.3540809087616857,0.8,0.7930786839624759,0.5000000000000003,-0.8660254037844385,-0.4853019625310808,-0.8743466161445822,-0.9749279121818236,-0.2225209339563146
-0.005899716318173342,0.0,0.008784820969229577,0.005813964224045722,-0.3697470255060851,0.8,0.7932133399165133,0.5000000000000003,-0.8660254037844385,-0.8978045395707417,-0.44039415155763423,0.7818314824680298,0.6234898018587336
0.005899716318173401,0.014388723630732752,-0.008784820969229647,0.0,0.5023689137477673,0.8,0.7932582252345258,0.5000000000000003,-0.8660254037844385,-0.9680771188662041,-0.2506525322587213,0.9749279121818236,-0.22252093395631434
0.01459878519327518,0.0,0.01459878519327518,0.014388723630732752,-0.41185490620693543,0.8,0.7933031105525383,0.5000000000000003,-0.8660254037844385,-0.9987165071710528,-0.05064916883871355,0.43388373911755823,-0.900968867902419
0.002894355230134138,0.01418462155992381,0.014388723630732752,0.01418462155992381,2.3513752571634776,0.8,0.7933479958705508,0.5000000000000003,-0.8660254037844385,-0.9884683243281114,0.15142777750457667,-0.433883739117558,-0.9009688679024191
-0.01749314042340947,0.0,0.01418462155992381,-0.01418462155992368,-1.4505887118252878,0.8,0.7933928811885633,0.5000000000000003,-0.8660254037844385,-0.9377521321470804,0.3473052528448203,-0.9749279121818236,-0.2225209339563146
-0.029853005648536338,-0.043172130383931806,-0.043172130383931806,-0.04380265112628338,-0.47627324225933093,0.8,0.7935724224606132,0.5000000000000003,-0.8660254037844385,-0.3943558551133187,0.9189578116202306,0.9749279121818236,-0.22252093395631434
0.01503786334626105,0.0,0.0,0.0,-0.09909090264423089,0.8,0.7936173077786257,0.5000000000000003,-0.8660254037844385,-0.20129852008866114,0.9795299412524943,0.43388373911755823,-0.900968867902419
-0.015037863346261034,0.028987508824008093,0.0,0.02941392749555068,0.5191244265806858,0.8,0.7936621930966381,0.5000000000000003,-0.8660254037844385,-2.4492935982947064e-16,1.0,-0.433883739117558,-0.9009688679024191
0.01503786334626105,0.0,0.01459878519327518,0.014388723630732752,0.0832163060210782,0.8,0.7937070784146506,1.2246467991473532e-16,-1.0,0.20129852008866006,0.9795299412524945,-0.9749279121818236,-0.2225209339563146
0.0,0.0,0.014388723630732752,-0.014388723630732781,0.49511347834571806,0.8,0.7938417343686881,1.2246467991473532e-16,-1.0,0.72479278722912,0.6889669190756866,0.7818314824680298,0.6234898018587336
-0.0029895360782868233,-0.014388723630732781,-0.014388723630732781,-0.014598785193275239,-0.5299332435049461,0.8,0.7938866196867005,1.2246467991473532e-16,-1.0,0.8486442574947509,0.5289640103269624,0.9749279121818236,-0.22252093395631434
-0.012048327267974208,-0.014598785193275239,-0.02941392749555062,-0.029853005648536338,0.9012170628884293,0.8,0.793931505004713,1.2246467991473532e-16,-1.0,0.9377521321470804,0.3473052528448203,0.43388373911755823,-0.900968867902419
0.01503786334626105,0.0,0.0,0.029853005648536365,-2.883203268417552,0.8,0.7939763903227255,1.2246467991473532e-16,-1.0,0.9884683243281114,0.1514277775045767,-0.433883739117558,-0.9009688679024191
-0.018072764186628686,0.0,0.0,-0.014815142302275305,1.0986122886681098,0.8,0.794021275640738,1.2246467991473532e-16,-1.0,0.9987165071710528,-0.05064916883871264,-0.9749279121818236,-0.2225209339563146
0.0180727641866287,0.0,0.0,0.0,0.9967729034088623,0.8,0.7941559315947754,1.2246467991473532e-16,-1.0,0.7907757369376989,-0.6121059825476626,0.7818314824680298,0.6234898018587336
-0.015037863346261034,0.0,0.0,0.014815142302275281,-0.43579749595739997,0.8,0.7942008169127879,1.2246467991473532e-16,-1.0,0.6513724827222223,-0.758758122692791,0.9749279121818236,-0.22252093395631434
0.0,0.0,0.014815142302275281,-0.029853005648536338,-0.570544858467613,0.8,0.7942457022308004,1.2246467991473532e-16,-1.0,0.48530196253108104,-0.8743466161445821,0.43388373911755823,-0.900968867902419
-0.0152674576811775,0.0,-0.029853005648536338,0.02395328933036308,-0.3817110221000572,0.8,0.7942905875488129,1.2246467991473532e-16,-1.0,0.29936312297335804,-0.9541392564000488,-0.433883739117558,-0.9009688679024191
0.030305321027438586,0.0,0.01503786334626105,0.005899716318173401,-0.8286926725561692,0.8,0.7943354728668253,1.2246467991473532e-16,-1.0,0.10116832198743272,-0.994869323391895,-0.9749279121818236,-0.2225209339563146
-0.06155783425616829,0.0,0.014815142302275281,-0.07637297655844359,2.3890586909978726,0.8,0.7944701288208628,1.2246467991473532e-16,-1.0,-0.4853019625310808,-0.8743466161445822,0.7818314824680298,0.6234898018587336
0.0,-0.029853005648536338,-0.060624634964518,0.0,-1.1455550479153012,0.8,0.7945150141388753,1.2246467991473532e-16,-1.0,-0.6513724827222217,-0.7587581226927913,0.9749279121818236,-0.22252093395631434
0.021978885328564898,0.01503786334626105,0.015504171634804168,0.061557834256168315,-0.3802054413489266,0.8,0.7945598994568877,1.2246467991473532e-16,-1.0,-0.7907757369376986,-0.6121059825476627,0.43388373911755823,-0.900968867902419
-0.006230543734639407,0.014815142302275281,0.015267457681177408,-0.030305321027438516,2.06746535063312,0.8,0.7946047847749002,1.2246467991473532e-16,-1.0,-0.8978045395707417,-0.44039415155763423,-0.433883739117558,-0.9009688679024191
0.0,-0.029853005648536338,-0.0152674576811775,0.015267457681177408,-1.485743905234092,0.8,0.7946496700929127,1.2246467991473532e-16,-1.0,-0.9680771188662041,-0.2506525322587213,-0.9749279121818236,-0.2225209339563146
0.0,-0.0152674576811775,0.0,-0.030771629315981694,-1.141337233334451,0.8,0.79478432604695,1.2246467991473532e-16,-1.0,-0.9377521321470804,0.3473052528448203,0.7818314824680298,0.6234898018587336
-0.03174874397942948,-0.015504171634804215,-0.015504171634804215,-0.01574834159392558,1.1143606456362487,0.8,0.7948292113649625,1.2246467991473532e-16,-1.0,-0.8486442574947509,0.5289640103269624,0.9749279121818236,-0.22252093395631434
0.01600040238550383,0.03077162931598164,-0.01574834159392558,0.015748341593925654,0.3098944777228647,0.8,0.794874096682975,1.2246467991473532e-16,-1.0,-0.7247927872291207,0.6889669190756859,0.43388373911755823,-0.900968867902419
-0.03226090812760145,-0.030771629315981694,-0.012779790653020116,-0.01574834159392558,-0.7370781097856721,0.8,0.7949189820009875,1.2246467991473532e-16,-1.0,-0.5712682150947924,0.8207634412072763,-0.433883739117558,-0.9009688679024191
0.0322609081276015,0.03077162931598164,0.012779790653020142,0.03125251322872968,1.6877287410002304,0.8,0.794963867319,1.2246467991473532e-16,-1.0,-0.3943558551133187,0.9189578116202306,-0.9749279121818236,-0.2225209339563146
0.0,0.01503786334626105,0.03125251322872968,0.00613498273464547,-1.8784688682597808,0.8,0.7950985232730374,-0.4999999999999997,-0.8660254037844388,0.39435585511331855,0.9189578116202306,0.7818314824680298,0.6234898018587336
0.02507966002675299,0.014815142302275281,0.0,0.009132474946532125,1.0815595002853904,0.8,0.7951434085910499,-0.4999999999999997,-0.8660254037844388,0.5712682150947923,0.8207634412072763,0.9749279121818236,-0.22252093395631434
0.021440310883154224,0.0,0.045120463329713874,0.0,-1.0529861278413342,0.8,0.7952331792270749,-0.4999999999999997,-0.8660254037844388,0.8486442574947509,0.5289640103269624,-0.433883739117558,-0.9009688679024191
-0.04651997090990719,-0.014815142302275305,-0.029853005648536338,-0.04651997090990719,-1.0438040521731147,0.8,0.7952780645450873,-0.4999999999999997,-0.8660254037844388,0.9377521321470804,0.3473052528448203,-0.9749279121818236,-0.2225209339563146
0.015748341593925654,0.0,-0.030771629315981694,0.03125251322872968,0.7701082216960737,0.8,0.7954127204991248,-0.4999999999999997,-0.8660254037844388,0.9680771188662043,-0.2506525322587204,0.7818314824680298,0.6234898018587336
0.015504171634804168,0.0,0.04281995658395584,0.015267457681177408,0.39927313786024327,0.8,0.7954576058171373,-0.4999999999999997,-0.8660254037844388,0.8978045395707416,-0.4403941515576344,0.9749279121818236,-0.22252093395631434
0.0,0.0,-0.02731578494915163,0.01503786334626105,-0.7909449238360718,0.8,0.7955024911351497,-0.4999999999999997,-0.8660254037844388,0.7907757369376989,-0.6121059825476626,0.43388373911755823,-0.900968867902419
-0.015504171634804215,-0.015037863346261034,0.015267457681177408,-0.0458094926622427,0.41907076016394307,0.8,0.7955473764531622,-0.4999999999999997,-0.8660254037844388,0.6513724827222223,-0.758758122692791,-0.433883739117558,-0.9009688679024191
-0.01257876994641129,-0.0152674576811775,-0.030771629315981694,0.0,-0.25518290505882646,0.8,0.7955922617711747,-0.4999999999999997,-0.8660254037844388,0.48530196253108104,-0.8743466161445821,-0.9749279121818236,-0.2225209339563146
0.02808294158121537,0.00613498273464547,0.015504171634804168,0.015504171634804168,-1.0203600917683615,0.8,0.7957269177252121,-0.4999999999999997,-0.8660254037844388,-0.10116832198743204,-0.9948693233918952,0.7818314824680298,0.6234898018587336
-0.03125251322872973,-0.00613498273464541,-0.015504171634804215,-0.015504171634804215,2.0794415416798357,0.8,0.7957718030432246,-0.4999999999999997,-0.8660254037844388,-0.29936312297335776,-0.9541392564000489,0.9749279121818236,-0.22252093395631434
-0.01600040238550386,0.0,0.0,-0.01574834159392558,0.4054651081081644,0.8,0.7958166883612371,-0.4999999999999997,-0.8660254037844388,-0.4853019625310808,-0.8743466161445822,0.43388373911755823,-0.900968867902419
0.03174874397942956,0.045120463329713874,0.0,0.04651997090990722,-0.1726906637329933,0.8,0.7958615736792496,-0.4999999999999997,-0.8660254037844388,-0.6513724827222217,-0.7587581226927913,-0.433883739117558,-0.9009688679024191
0.03077162931598164,-0.014815142302275305,0.03077162931598164,0.01503786334626105,-1.6190688054950617,0.8,0.7959064589972621,-0.4999999999999997,-0.8660254037844388,-0.7907757369376986,-0.6121059825476627,-0.9749279121818236,-0.2225209339563146
-0.009132474946531969,0.0,0.012048327267974135,-0.015037863346261034,0.5549968420791281,0.8,0.7960411149512995,-0.4999999999999997,-0.8660254037844388,-0.9987165071710528,-0.05064916883871355,0.7818314824680298,0.6234898018587336
-0.06964840409097661,0.0,0.0029895360782867674,-0.07878087903750865,0.4298565612323235,0.8,0.796086000269312,-0.4999999999999997,-0.8660254037844388,-0.9884683243281114,0.15142777750457667,0.9749279121818236,-0.22252093395631434
0.0,-0.03647817422941536,-0.03647817422941536,0.01626050574209758,-0.5068176023684517,0.8,0.7961308855873245,-0.4999999999999997,-0.8660254037844388,-0.9377521321470804,0.3473052528448203,0.43388373911755823,-0.900968867902419
0.01626050574209758,-0.009331318432827345,-0.041080062412256785,0.0,0.06765864847381486,0.8,0.7961757709053369,-0.4999999999999997,-0.8660254037844388,-0.8486442574947509,0.5289640103269624,-0.433883739117558,-0.9009688679024191
0.0,0.0,0.0,0.01600040238550383,0.10629465864962322,0.8,0.7962206562233494,-0.4999999999999997,-0.8660254037844388,-0.7247927872291207,0.6889669190756859,-0.9749279121818236,-0.2225209339563146
-0.016260505742097555,0.015504171634804168,0.0,0.0,0.7621400520468967,0.8,0.7963553121773869,-0.4999999999999997,-0.8660254037844388,-0.20129852008866114,0.9795299412524943,0.7818314824680298,0.6234898018587336
0.009787997229406287,-0.015504171634804215,0.0,-0.01600040238550386,-0.3427665138926004,0.8,0.7964001974953993,-0.4999999999999997,-0.8660254037844388,-2.4492935982947064e-16,1.0,0.9749279121818236,-0.22252093395631434
-0.009787997229406386,-0.01574834159392558,-0.016260505742097555,-0.016260505742097555,-0.8417882045762339,0.8,0.7964450828134118,-0.8660254037844385,-0.5000000000000004,0.20129852008866006,0.9795299412524945,0.43388373911755823,-0.900968867902419
0.0,0.0,0.0,0.01626050574209758,-0.22957444164450025,0.8,0.7964899681314243,-0.8660254037844385,-0.5000000000000004,0.39435585511331855,0.9189578116202306,-0.433883739117558,-0.9009688679024191
0.0,0.0,0.0,0.0,1.8415731749402742,0.8,0.7965348534494368,-0.8660254037844385,-0.5000000000000004,0.5712682150947923,0.8207634412072763,-0.9749279121818236,-0.2225209339563146
0.0,0.0,0.01626050574209758,-0.016260505742097555,-0.4353180712578455,0.8,0.7966695094034741,-0.8660254037844385,-0.5000000000000004,0.9377521321470804,0.3473052528448203,0.7818314824680298,0.6234898018587336
0.0,0.015748341593925654,0.0,0.0322609081276015,-0.22018350968573286,0.8,0.7967143947214866,-0.8660254037844385,-0.5000000000000004,0.9884683243281114,0.1514277775045767,0.9749279121818236,-0.22252093395631434
0.013029488147417018,-0.01574834159392558,-0.003231017594680599,-0.006369441998261541,-1.6756198193154015,0.8,0.7967592800394991,-0.8660254037844385,-0.5000000000000004,0.9987165071710528,-0.05064916883871264,0.43388373911755823,-0.900968867902419
0.03497976157411009,0.04651997090990722,0.05048393320891424,0.05288941290816884,2.164532215650677,0.8,0.7968041653575116,-0.8660254037844385,-0.5000000000000004,0.9680771188662043,-0.2506525322587204,-0.433883739117558,-0.9009688679024191
-0.01574834159392558,0.01503786334626105,0.027315784949151645,-0.030771629315981694,-0.7522623681275258,0.8,0.7968490506755241,-0.8660254037844385,-0.5000000000000004,0.8978045395707416,-0.4403941515576344,-0.9749279121818236,-0.2225209339563146
-0.01600040238550386,-0.0458094926622427,-0.04281995658395586,-0.01574834159392558,-0.059423420470800764,0.8,0.7969837066295615,-0.8660254037844385,-0.5000000000000004,0.48530196253108104,-0.8743466161445821,0.7818314824680298,0.6234898018587336
0.01600040238550383,0.015504171634804168,0.0,0.0,-1.1617911902896412,0.8,0.797028591947574,-0.8660254037844385,-0.5000000000000004,0.29936312297335804,-0.9541392564000488,0.9749279121818236,-0.22252093395631434
-0.03226090812760145,-0.015504171634804215,-0.01574834159392558,-0.006369441998261541,0.4054651081081644,0.8,0.7970734772655865,-0.8660254037844385,-0.5000000000000004,0.10116832198743272,-0.994869323391895,0.43388373911755823,-0.900968867902419
0.0322609081276015,0.0,0.015748341593925654,0.009539013645775776,-0.4499168706789983,0.8,0.7971183625835989,-0.8660254037844385,-0.5000000000000004,-0.10116832198743204,-0.9948693233918952,-0.433883739117558,-0.9009688679024191
0.0,0.0,-0.006269606921925834,-0.003169571647514258,-0.17327172127403667,0.8,0.7971632479016114,-0.8660254037844385,-0.5000000000000004,-0.29936312297335776,-0.9541392564000489,-0.9749279121818236,-0.2225209339563146
0.0,0.015504171634804168,0.006269606921925908,0.03125251322872968,2.1605232104857914,0.8,0.7972979038556489,-0.8660254037844385,-0.5000000000000004,-0.7907757369376986,-0.6121059825476627,0.7818314824680298,0.6234898018587336
-0.01600040238550386,0.0,0.0,-0.04725291561423363,-0.647477143726757,0.8,0.7973427891736613,-0.8660254037844385,-0.5000000000000004,-0.8978045395707417,-0.44039415155763423,0.9749279121818236,-0.22252093395631434
-0.032789792059302734,-0.015504171634804215,-0.03174874397942948,0.0,-0.38776553100876343,0.8,0.7973876744916738,-0.8660254037844385,-0.5000000000000004,-0.9680771188662041,-0.2506525322587213,0.43388373911755823,-0.900968867902419
0.03278979205930277,0.0,0.009630960387242236,0.01600040238550383,-0.00881062968215492,0.8,0.7974325598096863,-0.8660254037844385,-0.5000000000000004,-0.9987165071710528,-0.05064916883871355,-0.433883739117558,-0.9009688679024191
-0.016260505742097555,-0.01574834159392558,-0.009630960387242324,-0.03226090812760145,-0.6669448081659212,0.8,0.7974774451276988,-0.8660254037844385,-0.5000000000000004,-0.9884683243281114,0.15142777750457667,-0.9749279121818236,-0.2225209339563146
-0.016529286317205204,0.0,0.0,0.0,1.3101950175812433,0.8,0.7976121010817362,-0.8660254037844385,-0.5000000000000004,-0.7247927872291207,0.6889669190756859,0.7818314824680298,0.6234898018587336
0.0,-0.01600040238550386,-0.032789792059302734,0.0,-0.6521391568325683,0.8,0.7976569863997487,-0.8660254037844385,-0.5000000000000004,-0.5712682150947924,0.8207634412072763,0.9749279121818236,-0.22252093395631434
0.02306525118597887,0.03174874397942956,0.05511932328856983,0.048009249721526925,0.10981486600720661,0.8,0.7977018717177612,-0.8660254037844385,-0.5000000000000004,-0.3943558551133187,0.9189578116202306,0.43388373911755823,-0.900968867902419
-0.006535964868773635,0.0,-0.019108919496783294,-0.04800924972152699,1.1144856378244,0.8,0.7977467570357737,-0.8660254037844385,-0.5000000000000004,-0.20129852008866114,0.9795299412524943,-0.433883739117558,-0.9009688679024191
0.01626050574209758,0.0,0.028528132246945757,0.048009249721526925,-1.8156649900816095,0.8,0.7977916423537861,-0.8660254037844385,-0.5000000000000004,-2.4492935982947064e-16,1.0,-0.9749279121818236,-0.2225209339563146
0.0,0.0,-0.01574834159392558,-0.025317859565233025,2.686310214465804,0.8,0.7979711836258361,-1.0,-1.8369701987210297e-16,0.72479278722912,0.6889669190756866,0.9749279121818236,-0.22252093395631434
0.0,-0.01574834159392558,-0.01600040238550386,0.003200075973045783,-1.1230851451868353,0.8,0.7980160689438485,-1.0,-1.8369701987210297e-16,0.8486442574947509,0.5289640103269624,0.43388373911755823,-0.900968867902419
0.003220611732483714,0.015748341593925654,0.01600040238550383,0.02211778359218723,0.05903353158419293,0.8,0.798060954261861,-1.0,-1.8369701987210297e-16,0.9377521321470804,0.3473052528448203,-0.433883739117558,-0.9009688679024191
-0.01948111747458135,0.0,0.015748341593925654,0.0,1.006375936076002,0.8,0.7981058395798735,-1.0,-1.8369701987210297e-16,0.9884683243281114,0.1514277775045767,-0.9749279121818236,-0.2225209339563146
0.0,0.0,0.0,-0.01574834159392558,-0.1890964921810145,0.8,0.798240495533911,-1.0,-1.8369701987210297e-16,0.8978045395707416,-0.4403941515576344,0.7818314824680298,0.6234898018587336
0.0,0.0,-0.01574834159392558,-0.03226090812760145,-0.23339280166355048,0.8,0.7982853808519234,-1.0,-1.8369701987210297e-16,0.7907757369376989,-0.6121059825476626,0.9749279121818236,-0.22252093395631434
-0.016529286317205204,-0.01574834159392558,-0.03226090812760145,0.0322609081276015,-0.6599563609681979,0.8,0.7983302661699359,-1.0,-1.8369701987210297e-16,0.6513724827222223,-0.758758122692791,0.43388373911755823,-0.900968867902419
0.03278979205930277,0.015748341593925654,0.0322609081276015,-0.01600040238550386,-0.09359344118527033,0.8,0.7983751514879484,-1.0,-1.8369701987210297e-16,0.48530196253108104,-0.8743466161445821,-0.433883739117558,-0.9009688679024191
-0.032789792059302734,-0.03174874397942948,-0.01600040238550386,-0.016260505742097555,0.9094751053390949,0.8,0.7984200368059609,-1.0,-1.8369701987210297e-16,0.29936312297335804,-0.9541392564000488,-0.9749279121818236,-0.2225209339563146
0.0,0.0,-0.016260505742097555,0.0,-0.5490336786048857,0.8,0.7985546927599982,-1.0,-1.8369701987210297e-16,-0.29936312297335776,-0.9541392564000489,0.7818314824680298,0.6234898018587336
0.016529286317205256,0.0,0.0,0.0,-1.0275163669843794,0.8,0.7985995780780107,-1.0,-1.8369701987210297e-16,-0.4853019625310808,-0.8743466161445822,0.9749279121818236,-0.22252093395631434
-0.016529286317205204,0.03174874397942956,0.0,0.0,1.7047480922384253,0.8,0.7986444633960232,-1.0,-1.8369701987210297e-16,-0.6513724827222217,-0.7587581226927913,0.43388373911755823,-0.900968867902419
-0.16251894819727145,-0.04800924972152699,-0.016529286317205204,-0.07486489028916037,1.0492872221056082,0.8,0.7986893487140357,-1.0,-1.8369701987210297e-16,-0.7907757369376986,-0.6121059825476627,-0.433883739117558,-0.9009688679024191
0.07550757120764182,-0.050430805107565854,-0.05129332784980785,0.02443408518159451,-0.023207293002884738,0.8,0.7987342340320481,-1.0,-1.8369701987210297e-16,-0.8978045395707417,-0.44039415155763423,-0.9749279121818236,-0.2225209339563146
-0.02578409224631114,-0.03509136972648951,-0.05406717014738315,-0.07145897920683035,-1.2566035877145558,0.8,0.7988688899860856,-1.0,-1.8369701987210297e-16,-0.9884683243281114,0.15142777750457667,0.7818314824680298,0.6234898018587336
-0.011257143446328595,0.06899288851685016,0.0,0.01834912100756125,0.8869069984822495,0.8,0.7989137753040981,-1.0,-1.8369701987210297e-16,-0.9377521321470804,0.3473052528448203,0.9749279121818236,-0.22252093395631434
0.0,-0.03390151879036064,0.036367609480340964,0.0,-1.24792034401958,0.8,0.7989586606221105,-1.0,-1.8369701987210297e-16,-0.8486442574947509,0.5289640103269624,0.43388373911755823,-0.900968867902419
-0.03846633551500206,-0.07145897920683035,-0.036367609480340825,-0.07550757120764176,2.065761437775756,0.8,0.799003545940123,-1.0,-1.8369701987210297e-16,-0.7247927872291207,0.6889669190756859,-0.433883739117558,-0.9009688679024191
-0.08167805289665722,-0.03774038232326442,-0.05324455453118966,-0.040005296451461676,-0.3457591818088021,0.8,0.7990484312581355,-1.0,-1.8369701987210297e-16,-0.5712682150947924,0.8207634412072763,-0.9749279121818236,-0.2225209339563146
0.045746077876989776,0.052446515532887684,-0.027724521833095508,0.09345317086591695,-2.169919126645952,0.8,0.7991830872121729,-0.866025403784439,0.49999999999999933,0.20129852008866006,0.9795299412524945,0.7818314824680298,0.6234898018587336
0.08191713553549843,0.018083658279982127,0.08096907636428513,0.022059696793186413,-1.0873127334141763,0.8,0.7992279725301854,-0.866025403784439,0.49999999999999933,0.39435585511331855,0.9189578116202306,0.9749279121818236,-0.22252093395631434
0.018553389839703432,0.00357781799073553,0.014706133209623233,0.0,1.6425901197510009,0.8,0.7992728578481979,-0.866025403784439,0.49999999999999933,0.5712682150947923,0.8207634412072763,0.43388373911755823,-0.900968867902419
0.0,0.0,0.007272752393174878,-0.010969020852107306,-1.556515510979758,0.8,0.7993177431662104,-0.866025403784439,0.49999999999999933,0.72479278722912,0.6889669190756866,-0.433883739117558,-0.9009688679024191
0.0,-0.007168482740163348,-0.01459878544734433,0.014598785447344208,0.5610874585468789,0.8,0.7993626284842229,-0.866025403784439,0.49999999999999933,0.8486442574947509,0.5289640103269624,-0.9749279121818236,-0.2225209339563146
-0.018553389839703473,0.0035906647494279758,0.0,-0.018282027305733767,-0.365113812584597,0.8,0.7994972844382603,-0.866025403784439,0.49999999999999933,0.9987165071710528,-0.05064916883871264,0.7818314824680298,0.6234898018587336
-0.0075188250008288715,-0.010810905886807262,-0.007380100155453859,-0.011131829535814333,0.9094879845514026,0.8,0.7995421697562728,-0.866025403784439,0.49999999999999933,0.9680771188662043,-0.2506525322587204,0.9749279121818236,-0.22252093395631434
0.0,0.007220241137379365,0.029199126740177498,-0.011257143446328595,-0.7973706864306965,0.8,0.7995870550742853,-0.866025403784439,0.49999999999999933,0.8978045395707416,-0.4403941515576344,0.43388373911755823,-0.900968867902419
-0.02290183341365635,-0.032909702525802616,-0.047891241425255957,0.0,1.3938415667552735,0.8,0.7996319403922977,-0.866025403784439,0.49999999999999933,0.7907757369376989,-0.6121059825476626,-0.433883739117558,-0.9009688679024191
0.0304206584144852,0.040078185265966,0.01125714344632857,0.05505972416541928,0.1119179162039854,0.8,0.7996768257103102,-0.866025403784439,0.49999999999999933,0.6513724827222223,-0.758758122692791,-0.9749279121818236,-0.2225209339563146
0.014870147981314023,0.06899288851685016,0.040224762728355366,0.021202188000719626,-0.43272403608079885,0.8,0.7998114816643477,-0.866025403784439,0.49999999999999933,0.10116832198743272,-0.994869323391895,0.7818314824680298,0.6234898018587336
-0.00740743408268955,-0.03390151879036064,0.0352149562628384,0.013889181725769988,-0.7140903544051884,0.8,0.7998563669823601,-0.866025403784439,0.49999999999999933,-0.10116832198743204,-0.9948693233918952,0.9749279121818236,-0.22252093395631434
0.04719564639196152,0.0,0.0,-0.017391809059447174,-0.06559728248581323,0.8,0.7999012523003726,-0.866025403784439,0.49999999999999933,-0.29936312297335776,-0.9541392564000489,0.43388373911755823,-0.900968867902419
-0.043485070606336544,0.03056262071439213,-0.0174525164723217,-0.007042276122147227,-0.22032267497256836,0.8,0.7999461376183851,-0.866025403784439,0.49999999999999933,-0.4853019625310808,-0.8743466161445822,-0.433883739117558,-0.9009688679024191
0.02197888560279815,-0.034016852168778734,-0.010619558968539236,-0.01423510253563046,0.08112554481236853,0.8,0.7999910229363976,-0.866025403784439,0.49999999999999933,-0.6513724827222217,-0.7587581226927913,-0.9749279121818236,-0.2225209339563146
-0.01459878544734433,-0.013937577605060621,0.010619558968539314,-0.025409691334151538,-1.1868050007035706,0.8,0.800125678890435,-0.866025403784439,0.49999999999999933,-0.9680771188662041,-0.2506525322587213,0.7818314824680298,0.6234898018587336
0.003669725357120675,-0.017699560667042254,-0.03950240576754742,0.021819026584723566,1.1932775152091881,0.8,0.8001705642084475,-0.866025403784439,0.49999999999999933,-0.9987165071710528,-0.05064916883871355,0.9749279121818236,-0.22252093395631434
0.007299295494986573,-0.007168482740163348,0.018149301227602863,-0.01085000573261631,0.06252035698133393,0.8,0.80021544952646,-0.866025403784439,0.49999999999999933,-0.9884683243281114,0.15142777750457667,0.43388373911755823,-0.900968867902419
-0.007299295494986557,-0.01085000573261631,-0.01085000573261631,-0.007299295494986557,-0.3964152725882465,0.8,0.8002603348444725,-0.866025403784439,0.49999999999999933,-0.9377521321470804,0.3473052528448203,-0.433883739117558,-0.9009688679024191
-0.011049825512574671,0.018018488472779662,-0.0183491210075612,0.010929060090223559,0.5322168137473082,0.8,0.800305220162485,-0.866025403784439,0.49999999999999933,-0.8486442574947509,0.5289640103269624,-0.9749279121818236,-0.2225209339563146
0.01834912100756125,0.017699560667042275,0.029199126740177498,0.010810905886807217,-0.6466271649250525,0.8,0.8004398761165223,-0.866025403784439,0.49999999999999933,-0.3943558551133187,0.9189578116202306,0.7818314824680298,0.6234898018587336
0.0,0.0,0.0,0.017762439790516744,-1.550597412411167,0.8,0.8004847614345348,-0.866025403784439,0.49999999999999933,-0.20129852008866114,0.9795299412524943,0.9749279121818236,-0.22252093395631434
0.010850005732616262,0.0,0.01428594386615902,-0.014184621799781234,1.6189166563886441,0.8,0.8005296467525473,-0.866025403784439,0.49999999999999933,-2.4492935982947064e-16,1.0,0.43388373911755823,-0.900968867902419
0.0,0.10956225696661419,0.0,0.09855166298147222,1.6856998972677308,0.8,0.8005745320705597,-0.5000000000000012,0.8660254037844379,0.20129852008866006,0.9795299412524945,-0.433883739117558,-0.9009688679024191
0.08940658545868779,0.0031397169492848147,0.12328407345694578,-0.016313560262947866,0.01733145635163994,0.8,0.8006194173885722,-0.5000000000000012,0.8660254037844379,0.39435585511331855,0.9189578116202306,-0.9749279121818236,-0.2225209339563146
-0.0334479020564528,-0.05476410966314674,-0.05476410966314674,-0.02329554042210188,-1.4611956692930084,0.8,0.8007540733426097,-0.5000000000000012,0.8660254037844379,0.8486442574947509,0.5289640103269624,0.7818314824680298,0.6234898018587336
-0.020619266929047586,-0.006644536402944578,-0.03710371439257169,0.003361344470129735,0.03636764417087479,0.8,0.8007989586606221,-0.5000000000000012,0.8660254037844379,0.9377521321470804,0.3473052528448203,0.9749279121818236,-0.22252093395631434
0.024014852631416082,0.045610544661024544,0.030459177989626992,0.023218268067503215,0.8724881092157621,0.8,0.8008438439786346,-0.5000000000000012,0.8660254037844379,0.9884683243281114,0.1514277775045767,0.43388373911755823,-0.900968867902419
0.03333638846961512,0.0,0.045610544661024544,0.013029488147417018,-0.10039772631569728,0.8,0.8008887292966471,-0.5000000000000012,0.8660254037844379,0.9987165071710528,-0.05064916883871264,-0.433883739117558,-0.9009688679024191
-0.0065789649063572285,-0.02908125834381935,-0.02908125834381935,-0.019608453053774056,-1.6532897949629497,0.8,0.8009336146146596,-0.5000000000000012,0.8660254037844379,0.9680771188662043,-0.2506525322587204,-0.9749279121818236,-0.2225209339563146
-0.00995032141084811,0.0032733222794778514,-0.016529286317205204,-0.003305785007903514,1.3991425035977396,0.8,0.801068270568697,-0.5000000000000012,0.8660254037844379,0.6513724827222223,-0.758758122692791,0.7818314824680298,0.6234898018587336
0.0,0.012987183462619612,0.009950321410848074,0.02614525565635826,-0.7233870657496635,0.8,0.8011131558867095,-0.5000000000000012,0.8660254037844379,0.48530196253108104,-0.8743466161445821,0.9749279121818236,-0.22252093395631434
0.0,0.0,0.016366962135763476,-0.029462005134981276,0.7485984850961596,0.8,0.801158041204722,-0.5000000000000012,0.8660254037844379,0.29936312297335804,-0.9541392564000488,0.43388373911755823,-0.900968867902419
0.0,0.025479137057503713,-0.026317283546611645,0.032682616867465104,-0.6485150265391769,0.8,0.8012029265227345,-0.5000000000000012,0.8660254037844379,0.10116832198743272,-0.994869323391895,-0.433883739117558,-0.9009688679024191
0.0033277869243214537,-0.025479137057503595,0.03278979205930277,-0.022765189590112297,0.6190392084062235,0.8,0.8012478118407469,-0.5000000000000012,0.8660254037844379,-0.10116832198743204,-0.9948693233918952,-0.9749279121818236,-0.2225209339563146
0.003316749478623086,0.009630960387242236,0.009630960387242236,0.0032840721155310434,0.25841169015166776,0.8,0.8013824677947844,-0.5000000000000012,0.8660254037844379,-0.6513724827222217,-0.7587581226927913,0.7818314824680298,0.6234898018587336
0.0,-0.025891466129339822,-0.035776216043600484,0.0,-2.4948569806411682,0.8,0.8014273531127969,-0.5000000000000012,0.8660254037844379,-0.7907757369376986,-0.6121059825476627,0.9749279121818236,-0.22252093395631434
0.006600677798729651,0.0,0.0098847499142606,0.0,0.44468582126144574,0.8,0.8014722384308093,-0.5000000000000012,0.8660254037844379,-0.8978045395707417,-0.44039415155763423,0.43388373911755823,-0.900968867902419
-0.013245214201674278,0.0,-0.013201499392883785,-0.0065789649063572285,0.9614111671546247,0.8,0.8015620090668343,-0.5000000000000012,0.8660254037844379,-0.9987165071710528,-0.05064916883871355,-0.9749279121818236,-0.2225209339563146
0.009950321410848074,0.0,0.013201499392883745,0.0,0.17904823144898546,0.8,0.8016966650208718,-0.5000000000000012,0.8660254037844379,-0.8486442574947509,0.5289640103269624,0.7818314824680298,0.6234898018587336
-0.00995032141084811,0.0,-0.016529286317205204,0.006578964906357279,-0.4865329311969461,0.8,0.8017415503388842,-0.5000000000000012,0.8660254037844379,-0.7247927872291207,0.6889669190756859,0.9749279121818236,-0.22252093395631434
-0.07616137125701354,0.0,0.016529286317205256,-0.08552217483405541,1.824549292051046,0.8,0.8017864356568967,-0.5000000000000012,0.8660254037844379,-0.5712682150947924,0.8207634412072763,0.43388373911755823,-0.900968867902419
-0.01085000573261631,-0.05735124110103133,-0.06082958508867037,-0.018018488472779644,-1.2822250012256842,0.8,0.8018313209749092,-0.5000000000000012,0.8660254037844379,-0.3943558551133187,0.9189578116202306,-0.433883739117558,-0.9009688679024191
0.0,0.013793308523969955,-0.03908131362292769,0.0,0.1964334009866359,0.8,0.8018762062929217,-0.5000000000000012,0.8660254037844379,-0.20129852008866114,0.9795299412524943,-0.9749279121818236,-0.2225209339563146
0.0,0.016978320039428695,0.014388723877542623,0.014440670482044187,1.1112706855400332,0.8,0.802010862246959,-2.4492935982947064e-16,1.0,0.5712682150947923,0.8207634412072763,0.7818314824680298,0.6234898018587336
-0.014652262710496819,-0.05894256229642258,0.0,0.00357781799073553,-0.7693537893705883,0.8,0.8020557475649716,-2.4492935982947064e-16,1.0,0.72479278722912,0.6889669190756866,0.9749279121818236,-0.22252093395631434
-0.011131829535814333,0.0,-0.01077208683774765,-0.018018488472779644,-0.6532305731545027,0.8,0.8021455182009966,-2.4492935982947064e-16,1.0,0.9377521321470804,0.3473052528448203,-0.433883739117558,-0.9009688679024191
-0.011257143446328595,-0.0035778179907354503,0.0,-0.02952241069181082,-0.4682660093471947,0.8,0.8021904035190089,-2.4492935982947064e-16,1.0,0.9884683243281114,0.1514277775045767,-0.9749279121818236,-0.2225209339563146
-0.050300782031352166,-0.010810905886807262,-0.03303049388134318,-0.03428913162444008,1.0414538748281612,0.8,0.8023250594730464,-2.4492935982947064e-16,1.0,0.8978045395707416,-0.4403941515576344,0.7818314824680298,0.6234898018587336
0.015748342185240974,0.010810905886807217,0.040224762728355366,-0.0077821332224999465,0.3202346754895294,0.8,0.8023699447910589,-2.4492935982947064e-16,1.0,0.7907757369376989,-0.6121059825476626,0.9749279121818236,-0.22252093395631434
0.0,-0.021739965977030734,-0.08213570922896112,0.0,-0.13709645878901883,0.8,0.8024148301090713,-2.4492935982947064e-16,1.0,0.6513724827222223,-0.758758122692791,0.43388373911755823,-0.900968867902419
-0.019724486795535786,-0.02597546112271001,0.0,-0.01178794470869139,0.7828759505260751,0.8,0.8024597154270838,-2.4492935982947064e-16,1.0,0.48530196253108104,-0.8743466161445821,-0.433883739117558,-0.9009688679024191
0.003976144610294784,0.02597546112271013,-0.01568658150052533,0.02729211691661656,-2.5952547069568657,0.8,0.8025046007450963,-2.4492935982947064e-16,1.0,0.29936312297335804,-0.9541392564000488,-0.9749279121818236,-0.2225209339563146
-0.003976144610294895,-0.04879020783583904,0.02729211691661656,0.0,1.3217558399823195,0.8,0.8026392566991337,-2.4492935982947064e-16,1.0,-0.29936312297335776,-0.9541392564000489,0.7818314824680298,0.6234898018587336
0.0,0.007662865745610478,0.0,0.003838772793776592,0.01980262729617973,0.8,0.8026841420171462,-2.4492935982947064e-16,1.0,-0.4853019625310808,-0.8743466161445822,0.9749279121818236,-0.22252093395631434
0.007936542086844474,0.02636694079202869,-0.027292116916616635,-0.02325684067059258,1.2078867036470724,0.8,0.8027290273351587,-2.4492935982947064e-16,1.0,-0.6513724827222217,-0.7587581226927913,0.43388373911755823,-0.900968867902419
-0.003960397476549598,0.0037105757856250618,0.0,0.0,0.08603433734180316,0.8,0.8027739126531712,-2.4492935982947064e-16,1.0,-0.7907757369376986,-0.6121059825476627,-0.433883739117558,-0.9009688679024191
-0.02004073173151355,-0.057158450200080556,0.0039447745809142575,-0.027834772603025564,0.2836416629147759,0.8,0.8028187979711837,-2.4492935982947064e-16,1.0,-0.8978045395707417,-0.44039415155763423,-0.9749279121818236,-0.2225209339563146
-0.04980287464879371,-0.023810626164204634,-0.02794590378897729,-0.045368661008081214,-1.1232036918054318,0.8,0.8029534539252211,-2.4492935982947064e-16,1.0,-0.9884683243281114,0.15142777750457667,0.7818314824680298,0.6234898018587336
-0.09829325412471822,-0.02851514261161535,-0.028749385132645605,-0.1020840288053301,0.251775363988537,0.8,0.8030432245612461,-2.4492935982947064e-16,1.0,-0.8486442574947509,0.5289640103269624,0.43388373911755823,-0.900968867902419
-0.14093638147173862,-0.05085846949196483,-0.10536051565782628,-0.0878613853492345,1.3273316639928765,0.8,0.8030881098792585,-2.4492935982947064e-16,1.0,-0.7247927872291207,0.6889669190756859,-0.433883739117558,-0.9009688679024191
0.021391169524982982,-0.14477445867431915,-0.09716376872733581,-0.025841268122335868,0.21472498084861388,0.8,0.803132995197271,-2.4492935982947064e-16,1.0,-0.5712682150947924,0.8207634412072763,-0.9749279121818236,-0.2225209339563146
-0.04325000783848654,-0.04103141894590327,-0.025841268122335868,-0.05377641091861036,-0.045895806143067465,0.8,0.8032676511513085,-2.4492935982947064e-16,1.0,-2.4492935982947064e-16,1.0,0.7818314824680298,0.6234898018587336
0.01098917664011634,0.09483407473348257,-0.042787234278493916,0.08470674360863543,-0.9467350416687502,0.8166666666666667,0.8033574217873334,0.49999999999999994,0.8660254037844387,0.39435585511331855,0.9189578116202306,0.43388373911755823,-0.900968867902419
0.07878086403518056,-0.014388724288892547,0.07878086403518056,0.039806212617111245,-1.4339678305892476,0.8166666666666667,0.8034023071053459,0.49999999999999994,0.8660254037844387,0.5712682150947923,0.8207634412072763,-0.433883739117558,-0.9009688679024191
0.03960910068504969,0.10536052717563239,0.03960910068504969,0.07515276290076744,0.8383291904044432,0.8166666666666667,0.8034471924233584,0.49999999999999994,0.8660254037844387,0.72479278722912,0.6889669190756866,-0.9749279121818236,-0.2225209339563146
-0.10212945960853574,-0.035401893431374704,0.07480125374711136,-0.12516313576189217,0.06854231955322035,0.8166666666666667,0.8035818483773958,0.49999999999999994,0.8660254037844387,0.9884683243281114,0.1514277775045767,0.7818314824680298,0.6234898018587336
0.05745706185682438,-0.027398947339176118,-0.08455741961505035,0.020305246499891447,-0.04516896836791141,0.8166666666666667,0.8036267336954083,0.49999999999999994,0.8660254037844387,0.9987165071710528,-0.05064916883871264,0.9749279121818236,-0.22252093395631434
-0.06826796751141803,-0.06207248247251593,-0.0248151456278942,-0.07836905376729605,-0.5375830729355401,0.8166666666666667,0.8036716190134208,0.49999999999999994,0.8660254037844387,0.9680771188662043,-0.2506525322587204,0.43388373911755823,-0.900968867902419
0.010810905654593712,0.024332078073457882,-0.06755814811270257,0.08338159079850707,-0.4848018503446855,0.8166666666666667,0.8037165043314333,0.49999999999999994,0.8660254037844387,0.8978045395707416,-0.4403941515576344,-0.433883739117558,-0.9009688679024191
0.06755814811270242,0.009569442282869125,0.08745928354395499,0.02955877446462218,-0.48665526283817767,0.8166666666666667,0.8037613896494458,0.49999999999999994,0.8660254037844387,0.7907757369376989,-0.6121059825476626,-0.9749279121818236,-0.2225209339563146
0.005012537031210991,0.028170962116189004,0.03390152035632677,-0.02457123769823142,1.254892894753193,0.8166666666666667,0.8038960456034832,0.49999999999999994,0.8660254037844387,0.29936312297335804,-0.9541392564000488,0.7818314824680298,0.6234898018587336
0.014888598400041446,0.013793308523969955,-0.024097529426346284,0.009901061633650749,1.6396162294089331,0.8166666666666667,0.8039409309214957,0.49999999999999994,0.8660254037844387,0.10116832198743272,-0.994869323391895,0.9749279121818236,-0.22252093395631434
0.014670176064580797,0.02257430016795043,0.0048661851346001326,0.07586579099648581,-1.5817488470883847,0.8166666666666667,0.8039858162395082,0.49999999999999994,0.8660254037844387,-0.10116832198743204,-0.9948693233918952,0.43388373911755823,-0.900968867902419
0.04740230640793522,0.026433232078630374,0.061195614931905035,-0.013793308523969885,-1.7107904066943878,0.8166666666666667,0.8040307015575205,0.49999999999999994,0.8660254037844387,-0.29936312297335776,-0.9541392564000489,-0.433883739117558,-0.9009688679024191
0.040821954783826074,0.0,0.027028646259856202,0.040821954783826074,1.0375245966882716,0.8166666666666667,0.804075586875533,0.49999999999999994,0.8660254037844387,-0.4853019625310808,-0.8743466161445822,-0.9749279121818236,-0.2225209339563146
-0.013423007444650008,-0.017544293138656752,0.004434592848067803,0.0,1.6764340411001049,0.8166666666666667,0.8042551281475829,0.49999999999999994,0.8660254037844387,-0.9680771188662041,-0.2506525322587213,0.9749279121818236,-0.22252093395631434
0.017857600292717848,0.06010396802593246,0.03905047850978422,0.04348507135785213,-1.7414976344471669,0.8166666666666667,0.8043000134655954,0.49999999999999994,0.8660254037844387,-0.9987165071710528,-0.05064916883871355,0.43388373911755823,-0.900968867902419
0.013186991843684803,-0.01680720250373277,-0.012848130670618841,-0.004264394884352925,0.19761024930904492,0.8166666666666667,0.8043448987836079,0.49999999999999994,0.8660254037844387,-0.9884683243281114,0.15142777750457667,-0.433883739117558,-0.9009688679024191
0.004357301294971909,-0.004246287012415234,0.012848130670618959,-0.0042826578564018674,-0.37156355643248296,0.8166666666666667,0.8043897841016204,0.49999999999999994,0.8660254037844387,-0.9377521321470804,0.3473052528448203,-0.9749279121818236,-0.2225209339563146
-0.0131292791121591,-0.008547052740754846,-0.021506185371127483,-0.012959132630372643,0.27763173659827955,0.8166666666666667,0.8045244400556578,0.49999999999999994,0.8660254037844387,-0.5712682150947924,0.8207634412072763,0.7818314824680298,0.6234898018587336
0.0,0.0,0.004338397559886872,-0.008733671785050415,0.0,0.8166666666666667,0.8045693253736703,0.49999999999999994,0.8660254037844387,-0.3943558551133187,0.9189578116202306,0.9749279121818236,-0.22252093395631434
0.013129279112159121,-0.004301077929863997,0.004319657140621676,0.0087336717850503,-0.3395071403163669,0.8166666666666667,0.8046142106916828,0.49999999999999994,0.8660254037844387,-0.20129852008866114,0.9795299412524943,0.43388373911755823,-0.900968867902419
0.0,0.025533378864239318,-0.00431965714062166,0.01724179048677462,-0.17384692980298236,0.8166666666666667,0.8046590960096953,0.49999999999999994,0.8660254037844387,-2.4492935982947064e-16,1.0,-0.433883739117558,-0.9009688679024191
0.004338397559886872,0.016667035927216762,0.0,0.02531788440050099,0.8984103065963067,0.8166666666666667,0.8047039813277077,0.8660254037844386,0.5000000000000001,0.20129852008866006,0.9795299412524945,-0.9749279121818236,-0.2225209339563146
0.03822127732738862,0.044451719736019406,0.04652007193207784,0.05275051434070869,-0.34787723323520314,0.8166666666666667,0.8048386372817452,0.8660254037844386,0.5000000000000001,0.72479278722912,0.6889669190756866,0.7818314824680298,0.6234898018587336
0.03681393721630452,0.011787944708691447,0.044451719736019406,-0.007936542086844512,-1.4234733643616446,0.8166666666666667,0.8048835225997577,0.8660254037844386,0.5000000000000001,0.8486442574947509,0.5289640103269624,0.9749279121818236,-0.22252093395631434
0.043228694041020685,0.030771720754924695,0.031130889710393107,0.03522865900346101,-0.3184537311185346,0.8166666666666667,0.8049284079177702,0.8660254037844386,0.5000000000000001,0.9377521321470804,0.3473052528448203,0.43388373911755823,-0.900968867902419
0.0,0.0,-0.0038387727937765547,0.007662865745610478,1.3758230612525952,0.8166666666666667,0.8049732932357826,0.8660254037844386,0.5000000000000001,0.9884683243281114,0.1514277775045767,-0.433883739117558,-0.9009688679024191
0.01147248135567501,0.029852933931718787,0.01147248135567501,0.011385401892575331,-0.26341745045214976,0.8166666666666667,0.8050181785537951,0.8660254037844386,0.5000000000000001,0.9987165071710528,-0.05064916883871264,-0.9749279121818236,-0.2225209339563146
-0.011472481355674987,-0.018553389839703473,0.007575786282510921,-0.019048267638185925,0.8275343712683639,0.8166666666666667,0.8051528345078326,0.8660254037844386,0.5000000000000001,0.7907757369376989,-0.6121059825476626,0.7818314824680298,0.6234898018587336
-0.035228659003461005,0.025879422893872874,-0.05427692664164695,0.034029806537639325,0.395434933748227,0.8166666666666667,0.805197719825845,0.8660254037844386,0.5000000000000001,0.6513724827222223,-0.758758122692791,0.9749279121818236,-0.22252093395631434
0.015810591126644992,0.01449299353055419,0.03906743179723765,-0.034029806537639366,0.8426789145309092,0.8166666666666667,0.8052426051438575,0.8660254037844386,0.5000000000000001,0.48530196253108104,-0.8743466161445821,0.43388373911755823,-0.900968867902419
-0.00787404903980047,-0.06693950906344193,-0.01156081177920181,-0.007722038985425331,-0.3596555720768702,0.8166666666666667,0.80528749046187,0.8660254037844386,0.5000000000000001,0.29936312297335804,-0.9541392564000488,-0.433883739117558,-0.9009688679024191
0.007874049039800558,0.0,-0.0077821332224999465,-0.003883496430665945,0.9983978972140497,0.8166666666666667,0.8053323757798825,0.8660254037844386,0.5000000000000001,0.10116832198743272,-0.994869323391895,-0.9749279121818236,-0.2225209339563146
0.003913895668890902,0.003838772793776592,0.007782133222499861,0.015444308209867733,-2.1428197219134537,0.8166666666666667,0.8055119170519324,0.8660254037844386,0.5000000000000001,-0.6513724827222217,-0.7587581226927913,0.9749279121818236,-0.22252093395631434
0.015504172207925323,0.07383428184107062,0.007722038985425329,0.06310073626966539,1.0960047252610288,0.8166666666666667,0.8055568023699449,0.8660254037844386,0.5000000000000001,-0.7907757369376986,-0.6121059825476627,0.43388373911755823,-0.900968867902419
0.030305411084514445,0.02112752691414317,0.07767305463484721,0.01782576728505847,-1.363067510510074,0.8166666666666667,0.8056016876879574,0.8660254037844386,0.5000000000000001,-0.8978045395707417,-0.44039415155763423,-0.433883739117558,-0.9009688679024191
0.033030493881343125,0.003478343987639033,-0.0035650628312419866,0.007042276122147243,0.2025242641114741,0.8166666666666667,0.8056465730059698,0.8660254037844386,0.5000000000000001,-0.9680771188662041,-0.2506525322587213,-0.9749279121818236,-0.2225209339563146
0.024956708637528798,0.003466204539078954,0.017699560667042275,0.0,-0.3101549283038396,0.8166666666666667,0.8057812289600073,0.8660254037844386,0.5000000000000001,-0.9377521321470804,0.3473052528448203,0.7818314824680298,0.6234898018587336
-0.014184621799781234,0.020548648092337266,-0.0035149388672611106,0.0035026273336773027,1.2592354830009855,0.8166666666666667,0.8058261142780198,0.8660254037844386,0.5000000000000001,-0.8486442574947509,0.5289640103269624,0.9749279121818236,-0.22252093395631434
0.0,0.016807102152409884,-0.003527337254886139,0.04779070051613047,-0.21511137961694557,0.8166666666666667,0.8058709995960321,0.8660254037844386,0.5000000000000001,-0.7247927872291207,0.6889669190756859,0.43388373911755823,-0.900968867902419
0.017699560667042275,-0.003338898075968429,0.0175136491881291,-0.03045917798962703,0.17898265552843995,0.8166666666666667,0.8059158849140446,0.8660254037844386,0.5000000000000001,-0.5712682150947924,0.8207634412072763,-0.433883739117558,-0.9009688679024191
-0.0035149388672611106,0.06787743411470072,0.027398947339175996,0.07287993043617222,1.410252549588141,0.8166666666666667,0.8059607702320571,1.0,6.123233995736766e-17,0.20129852008866006,0.9795299412524945,-0.9749279121818236,-0.2225209339563146
0.054808266717068836,-0.01574834159392558,0.06221320188945675,-0.025891466129339822,-1.9289125726867422,0.8166666666666667,0.8060954261860945,1.0,6.123233995736766e-17,0.72479278722912,0.6889669190756866,0.7818314824680298,0.6234898018587336
-0.02702864625985619,-0.03883987303395858,-0.03883987303395858,-0.00988474991426066,-0.518344456180018,0.8166666666666667,0.806140311504107,1.0,6.123233995736766e-17,0.8486442574947509,0.5289640103269624,0.9749279121818236,-0.22252093395631434
-0.02076205425627439,0.013114929775130771,-0.013289219486816477,-0.03710371439257169,-0.00947874395454377,0.8166666666666667,0.8061851968221195,1.0,6.123233995736766e-17,0.9377521321470804,0.3473052528448203,0.43388373911755823,-0.900968867902419
-0.04286366427143709,-0.02640414926194726,0.0,-0.05655219900000275,0.3829922522561057,0.8166666666666667,0.806230082140132,1.0,6.123233995736766e-17,0.9884683243281114,0.1514277775045767,-0.433883739117558,-0.9009688679024191
-0.025879422893872923,-0.04096140069549667,-0.10945657115997243,-0.0183491210075612,-0.5483162326814893,0.8166666666666667,0.8062749674581445,1.0,6.123233995736766e-17,0.9987165071710528,-0.05064916883871264,-0.9749279121818236,-0.2225209339563146
0.011173289684249525,0.01039877998110434,0.007434971238750044,0.07145897920683031,0.33967736757016137,0.8166666666666667,0.8064096234121819,1.0,6.123233995736766e-17,0.7907757369376989,-0.6121059825476626,0.7818314824680298,0.6234898018587336
0.029199126740177498,0.017094416637950666,0.06800474775244389,-0.04225985246665291,0.208638865111328,0.8166666666666667,0.8064545087301944,1.0,6.123233995736766e-17,0.6513724827222223,-0.758758122692791,0.9749279121818236,-0.22252093395631434
-0.007220241137379281,-0.020548648092337213,-0.042409225109850575,-0.007220241137379281,0.13919713016019997,0.8166666666666667,0.8064993940482069,1.0,6.123233995736766e-17,0.48530196253108104,-0.8743466161445821,0.43388373911755823,-0.900968867902419
-0.03690452121293354,-0.013937577605060621,0.003603604097584179,-0.029413856841548097,0.33727901359115303,0.8166666666666667,0.8065442793662193,1.0,6.123233995736766e-17,0.29936312297335804,-0.9541392564000488,-0.433883739117558,-0.9009688679024191
-0.05010686362974564,-0.0430173446348085,-0.05927664331783137,0.014815071394203828,0.74806293815606,0.8166666666666667,0.8065891646842318,1.0,6.123233995736766e-17,0.10116832198743272,-0.994869323391895,-0.9749279121818236,-0.2225209339563146
0.031130889710393107,-0.003669725357120758,0.015151880967518554,-0.0412817096849418,-0.8409566850487563,0.8166666666666667,0.8067238206382693,1.0,6.123233995736766e-17,-0.4853019625310808,-0.8743466161445822,0.7818314824680298,0.6234898018587336
-0.027186115129478886,0.03964479386978206,-0.007547198166129499,0.026466638290737893,-0.05924283356286074,0.8166666666666667,0.8067687059562818,1.0,6.123233995736766e-17,-0.6513724827222217,-0.7587581226927913,0.9749279121818236,-0.22252093395631434
0.06478458295603123,-0.007092221713653067,0.026169692073329354,0.014815071394203828,-1.3359404749742758,0.8166666666666667,0.8068135912742942,1.0,6.123233995736766e-17,-0.7907757369376986,-0.6121059825476627,0.43388373911755823,-0.900968867902419
-0.00740743408268955,-0.007142880821977399,0.00368324185838948,0.007326033054169503,0.1941560144409574,0.8166666666666667,0.8068584765923067,1.0,6.123233995736766e-17,-0.8978045395707417,-0.44039415155763423,-0.433883739117558,-0.9009688679024191
0.007407434082689608,-0.007194268847012137,-0.00368324185838955,0.010889389432969961,-0.5559460590464603,0.8166666666666667,0.8069033619103192,1.0,6.123233995736766e-17,-0.9680771188662041,-0.2506525322587213,-0.9749279121818236,-0.2225209339563146
-0.011131829535814333,-0.007246401635032083,-0.0036968582970643505,-0.018215422487139386,0.5559460590464603,0.8166666666666667,0.8070380178643566,1.0,6.123233995736766e-17,-0.9377521321470804,0.3473052528448203,0.7818314824680298,0.6234898018587336
0.0037243954531247596,0.0,0.014706133209623233,0.010969020852107304,0.6325225587435105,0.8166666666666667,0.8070829031823691,1.0,6.123233995736766e-17,-0.8486442574947509,0.5289640103269624,0.9749279121818236,-0.22252093395631434
-0.011215059824510343,-0.0036429877979378762,-0.007326033054169456,-0.02952241069181082,-1.2966822024302034,0.8166666666666667,0.8071277885003816,1.0,6.123233995736766e-17,-0.7247927872291207,0.6889669190756859,0.43388373911755823,-0.900968867902419
0.011215059824510263,0.0036429877979378892,0.003669725357120675,0.025879422893872874,-0.5108256237659907,0.8166666666666667,0.8071726738183941,1.0,6.123233995736766e-17,-0.5712682150947924,0.8207634412072763,-0.433883739117558,-0.9009688679024191
-0.014981538899453343,0.0036297645952369758,0.0,-0.02214110444837323,3.5136753650888455,0.8166666666666667,0.8072175591364066,1.0,6.123233995736766e-17,-0.3943558551133187,0.9189578116202306,-0.9749279121818236,-0.2225209339563146
0.0,-0.0072727523931748195,-0.007352967215510279,0.0037243954531247596,-2.686996791904378,0.8166666666666667,0.807352215090444,0.8660254037844387,-0.4999999999999998,0.20129852008866006,0.9795299412524945,0.7818314824680298,0.6234898018587336
0.0,-0.011009274912558983,-0.018622493907199746,0.007407434082689608,0.0408219945202552,0.8166666666666667,0.8073971004084565,0.8660254037844387,-0.4999999999999998,0.39435585511331855,0.9189578116202306,0.9749279121818236,-0.22252093395631434
0.018692114685078528,0.025502268443113072,0.022305735765589245,-0.0036968582970643505,-0.6539264674066639,0.8166666666666667,0.807441985726469,0.8660254037844387,-0.4999999999999998,0.5712682150947923,0.8207634412072763,0.43388373911755823,-0.900968867902419
-0.011173289684249603,0.007168482740163504,-0.011090675941079016,0.025595522642593144,1.148622709242771,0.8166666666666667,0.8074868710444814,0.8660254037844387,-0.4999999999999998,0.72479278722912,0.6889669190756866,-0.433883739117558,-0.9009688679024191
0.040372416424427036,0.0071174611259955806,0.04364324809720788,0.007194268847012065,-0.363667979429703,0.8166666666666667,0.8075317563624939,0.8660254037844387,-0.4999999999999998,0.8486442574947509,0.5289640103269624,-0.9749279121818236,-0.2225209339563146
-0.047891241425255957,-0.025135949598775322,-0.021583551304021554,-0.051481906174683845,0.5212969236332861,0.8166666666666667,0.8076664123165314,0.8660254037844387,-0.4999999999999998,0.9987165071710528,-0.05064916883871264,0.7818314824680298,0.6234898018587336
-0.030653803054277187,-0.03704123569263968,-0.04461702197515067,-0.030653803054277187,1.7564201027827462,0.8166666666666667,0.8077112976345437,0.8660254037844387,-0.4999999999999998,0.9680771188662043,-0.2506525322587204,0.9749279121818236,-0.22252093395631434
-0.06843709584123407,-0.034552439846111185,-0.026976653563600187,-0.05190781017544508,-0.29732070128954957,0.8166666666666667,0.8077561829525562,0.8660254037844387,-0.4999999999999998,0.8978045395707416,-0.4403941515576344,0.43388373911755823,-0.900968867902419
0.0041580060266276225,0.030771720754924695,-0.05623966444471088,0.004089981263258659,-0.8759531161475796,0.8166666666666667,0.8078010682705687,0.8660254037844387,-0.4999999999999998,0.7907757369376989,-0.6121059825476626,-0.433883739117558,-0.9009688679024191
0.02459137910601807,-0.015267548546999533,0.06402179766721079,0.008130118203598047,-1.563975538357343,0.8166666666666667,0.8078459535885812,0.8660254037844387,-0.4999999999999998,0.6513724827222223,-0.758758122692791,-0.9749279121818236,-0.2225209339563146
0.012072569651180509,-0.007722038985425331,-0.03149863748807392,0.016064587121218638,1.2916783847450415,0.8166666666666667,0.8079806095426186,0.8660254037844387,-0.4999999999999998,0.10116832198743272,-0.994869323391895,0.7818314824680298,0.6234898018587336
-0.004008017567521535,-0.03149863748807392,0.0,-0.003992017470038185,1.108738957486039,0.8166666666666667,0.8080254948606311,0.8660254037844387,-0.4999999999999998,-0.10116832198743204,-0.9948693233918952,0.9749279121818236,-0.22252093395631434
0.02381062616420465,0.12751329007688578,0.01980260859668314,0.1133286682771046,-0.2801538060309893,0.8166666666666667,0.8080703801786436,0.8660254037844387,-0.4999999999999998,-0.29936312297335776,-0.9541392564000489,0.43388373911755823,-0.900968867902419
0.08635757694025797,0.05146936864110035,0.10064352080641695,0.06565399044088165,-0.7838015488280762,0.8166666666666667,0.8081152654966561,0.8660254037844387,-0.4999999999999998,-0.4853019625310808,-0.8743466161445822,-0.433883739117558,-0.9009688679024191
0.01428594386615902,-0.0033500836743294692,0.05518644564055665,-0.030562620714392197,0.8262222647120284,0.8166666666666667,0.808294806768706,0.8660254037844387,-0.4999999999999998,-0.9680771188662041,-0.2506525322587213,0.7818314824680298,0.6234898018587336
-0.03610497045088264,0.0033500836743294788,-0.044604346099509994,0.020478511345710722,-1.3517540358677145,0.8166666666666667,0.8083396920867185,0.8660254037844387,-0.4999999999999998,-0.9987165071710528,-0.05064916883871355,0.9749279121818236,-0.22252093395631434
0.036104970450882526,-0.006711428144459117,0.013937577605060644,-0.048452419946204466,-1.0271533246859648,0.8166666666666667,0.808384577404731,0.8660254037844387,-0.4999999999999998,-0.9884683243281114,0.15142777750457667,0.43388373911755823,-0.900968867902419
0.0,-0.01355951663467844,0.013745907389641179,0.007067160673785595,-0.07145896398214498,0.8166666666666667,0.8084294627227434,0.8660254037844387,-0.4999999999999998,-0.9377521321470804,0.3473052528448203,-0.433883739117558,-0.9009688679024191
-0.025135949598775322,-0.01029167593525461,-0.01721211192872009,0.010507967945603783,0.28768207245178085,0.8166666666666667,0.8084743480407559,0.8660254037844387,-0.4999999999999998,-0.8486442574947509,0.5289640103269624,-0.9749279121818236,-0.2225209339563146
0.04271107821816471,0.0034423408007335458,-0.003478343987639026,0.003478343987639033,-1.0986122886681098,0.8166666666666667,0.8086090039947934,0.8660254037844387,-0.4999999999999998,-0.3943558551133187,0.9189578116202306,0.7818314824680298,0.6234898018587336
0.01039877998110434,0.01365207583721704,0.01039877998110434,0.02061926692904748,1.0704414117014134,0.8166666666666667,0.8086538893128058,0.8660254037844387,-0.4999999999999998,-0.20129852008866114,0.9795299412524943,0.9749279121818236,-0.22252093395631434
0.0,0.006756775931982309,0.0,0.01015236163435085,-0.9903987040278769,0.8166666666666667,0.8086987746308183,0.5000000000000003,-0.8660254037844385,0.20129852008866006,0.9795299412524945,0.43388373911755823,-0.900968867902419
0.0,0.0,0.0034423408007335458,-0.010152361634350938,2.1972245773362196,0.8166666666666667,0.8087436599488308,0.5000000000000003,-0.8660254037844385,0.39435585511331855,0.9189578116202306,-0.433883739117558,-0.9009688679024191
0.0,-0.006756775931982341,0.010256490134848532,-0.006825958405077668,-0.6678293725756556,0.8166666666666667,0.8087885452668433,0.5000000000000003,-0.8660254037844385,0.5712682150947923,0.8207634412072763,-0.9749279121818236,-0.2225209339563146
0.010291675935254705,0.013468204076441457,0.0,0.0034188034047501876,0.4054651081081644,0.8166666666666667,0.8089232012208807,0.5000000000000003,-0.8660254037844385,0.9377521321470804,0.3473052528448203,0.7818314824680298,0.6234898018587336
-0.07070082962951034,-0.006711428144459117,0.0,0.010186835410455923,2.0089594666414166,0.8166666666666667,0.8089680865388932,0.5000000000000003,-0.8660254037844385,0.9884683243281114,0.1514277775045767,0.9749279121818236,-0.22252093395631434
0.0,-0.020408851769199408,-0.02758801266135205,-0.03787032040515782,-1.171231057270364,0.8166666666666667,0.8090129718569057,0.5000000000000003,-0.8660254037844385,0.9987165071710528,-0.05064916883871264,0.43388373911755823,-0.900968867902419
-0.04112734209022857,-0.006896572255120058,-0.08764731405871429,-0.08033507111497265,1.4559280528786913,0.8166666666666667,0.8090578571749182,0.5000000000000003,-0.8660254037844385,0.9680771188662043,-0.2506525322587204,-0.433883739117558,-0.9009688679024191
-0.04289152474907156,0.013745907389641179,-0.04289152474907156,-0.030890549232491016,-0.186815946381794,0.8166666666666667,0.8091027424929306,0.5000000000000003,-0.8660254037844385,0.8978045395707416,-0.4403941515576344,-0.9749279121818236,-0.2225209339563146
-0.05739284248446178,-0.11949103746534948,0.0,0.007812532460724927,-0.8540775473725825,0.8166666666666667,0.8092373984469681,0.5000000000000003,-0.8660254037844385,0.48530196253108104,-0.8743466161445821,0.7818314824680298,0.6234898018587336
0.012578870230597415,-0.015504172207925167,0.019724486795535755,-0.03162315862492943,-0.634578826408878,0.8166666666666667,0.8092822837649806,0.5000000000000003,-0.8660254037844385,0.29936312297335804,-0.9541392564000488,0.9749279121818236,-0.22252093395631434
0.0,-0.031748668271916365,-0.06453845904940003,-0.016194670287256973,-1.2893524159276601,0.8166666666666667,0.809327169082993,0.5000000000000003,-0.8660254037844385,0.10116832198743272,-0.994869323391895,0.43388373911755823,-0.900968867902419
0.02061926692904748,0.008032164006342388,0.02061926692904748,0.012170523848435998,1.0840134892469568,0.8166666666666667,0.8093720544010055,0.5000000000000003,-0.8660254037844385,-0.10116832198743204,-0.9948693233918952,-0.433883739117558,-0.9009688679024191
-0.05452088711581453,-0.020202687854778488,0.0,-0.045368661008081214,0.8525362170487926,0.8166666666666667,0.809416939719018,0.5000000000000003,-0.8660254037844385,-0.29936312297335776,-0.9541392564000489,-0.9749279121818236,-0.2225209339563146
0.004301077929864145,-0.041672756445195636,-0.041672756445195636,-0.008474619285550513,-1.1304621145552087,0.8166666666666667,0.8095515956730553,0.5000000000000003,-0.8660254037844385,-0.7907757369376986,-0.6121059825476627,0.7818314824680298,0.6234898018587336
0.05429313061774465,0.061875444299974075,0.04980287464879368,0.061875444299974075,-0.7635279773217448,0.8166666666666667,0.8095964809910678,0.5000000000000003,-0.8660254037844385,-0.8978045395707417,-0.44039415155763423,0.9749279121818236,-0.22252093395631434
0.0,0.015873334137796822,-0.004056796771803803,0.0,1.8123787564307907,0.8166666666666667,0.8096413663090803,0.5000000000000003,-0.8660254037844385,-0.9680771188662041,-0.2506525322587213,0.43388373911755823,-0.900968867902419
0.12588021670935326,0.16644822265615775,0.181643821064529,0.16211886893917607,2.2248073919513613,0.8166666666666667,0.8096862516270928,0.5000000000000003,-0.8660254037844385,-0.9987165071710528,-0.05064916883871355,-0.433883739117558,-0.9009688679024191
-0.09387751614857218,-0.0168071021524099,-0.017094416637950714,-0.08886838592803763,-0.5451075723270046,0.8166666666666667,0.8097311369451053,0.5000000000000003,-0.8660254037844385,-0.9884683243281114,0.15142777750457667,-0.9749279121818236,-0.2225209339563146
0.04991443497471721,-0.0033955857023685826,-0.0826322688910799,0.07861189579318911,-0.8251397631953684,0.8166666666666667,0.8099106782171552,0.5000000000000003,-0.8660254037844385,-0.5712682150947924,0.8207634412072763,0.9749279121818236,-0.22252093395631434
0.04754089916459044,0.016863789778809972,0.07223348890997543,0.023770196239329067,-0.282389782014303,0.8166666666666667,0.8099555635351677,0.5000000000000003,-0.8660254037844385,-0.3943558551133187,0.9189578116202306,0.43388373911755823,-0.900968867902419
0.05218578636444028,-0.0033500836743294692,0.03761131702116726,0.0,-1.9652906006049757,0.8166666666666667,0.8100004488531802,0.5000000000000003,-0.8660254037844385,-0.20129852008866114,0.9795299412524943,-0.433883739117558,-0.9009688679024191
-0.020548648092337213,0.013333518153242435,0.0,-0.010118120402112067,1.8451054499333477,0.8166666666666667,0.8100453341711926,0.5000000000000003,-0.8660254037844385,-2.4492935982947064e-16,1.0,-0.9749279121818236,-0.2225209339563146
-0.0245196771461073,-0.009983434478912992,-0.006734025694352127,-0.006802740702696069,-1.7411157364093002,0.8166666666666667,0.8101799901252301,1.2246467991473532e-16,-1.0,0.5712682150947923,0.8207634412072763,0.7818314824680298,0.6234898018587336
0.007067160673785595,-0.020270944779137542,-0.010186835410455947,-0.01029167593525461,0.24994174446893383,0.8166666666666667,0.8102248754432426,1.2246467991473532e-16,-1.0,0.72479278722912,0.6889669190756866,0.9749279121818236,-0.22252093395631434
-0.0070671606737855944,-0.01029167593525461,-0.01029167593525461,0.0,1.3570239788197773,0.8166666666666667,0.810269760761255,1.2246467991473532e-16,-1.0,0.8486442574947509,0.5289640103269624,0.43388373911755823,-0.900968867902419
-0.05465836029058606,0.0068728725305045495,0.0068728725305045495,-0.0826322688910799,-1.4688153848078942,0.8166666666666667,0.8103146460792675,1.2246467991473532e-16,-1.0,0.9377521321470804,0.3473052528448203,-0.433883739117558,-0.9009688679024191
-0.0075188250008288715,-0.03130695771209884,-0.038399179425751995,0.007462713898624507,1.519489675771161,0.8166666666666667,0.81035953139728,1.2246467991473532e-16,-1.0,0.9884683243281114,0.1514277775045767,-0.9749279121818236,-0.2225209339563146
0.04067100028787655,0.05833560397195504,0.0654278256856081,0.05073546981086108,1.355835153635182,0.8166666666666667,0.8104941873513174,1.2246467991473532e-16,-1.0,0.8978045395707416,-0.4403941515576344,0.7818314824680298,0.6234898018587336
0.014388723877542623,-0.03390151879036064,-0.06899288851685015,0.007042276122147243,-1.684339220607218,0.8166666666666667,0.8105390726693299,1.2246467991473532e-16,-1.0,0.7907757369376989,-0.6121059825476626,0.9749279121818236,-0.22252093395631434
0.0,0.010291675935254705,0.0071174611259955806,-0.017699560667042254,0.21130909366720696,0.8166666666666667,0.8105839579873424,1.2246467991473532e-16,-1.0,0.6513724827222223,-0.758758122692791,0.43388373911755823,-0.900968867902419
-0.014388723877542694,-0.027683484994701784,-0.00711746112599564,0.0,-1.114612630014551,0.8166666666666667,0.8106288433053549,1.2246467991473532e-16,-1.0,0.48530196253108104,-0.8743466161445821,-0.433883739117558,-0.9009688679024191
-0.033152175287047815,-0.02847164750478987,-0.01077208683774765,-0.04754089916459048,0.1284783247731315,0.8166666666666667,0.8106737286233674,1.2246467991473532e-16,-1.0,0.29936312297335804,-0.9541392564000488,-0.9749279121818236,-0.2225209339563146
-0.011299544092015267,0.010772086837747724,0.010772086837747724,-0.0075188250008288715,0.16923392203858686,0.8166666666666667,0.8108083845774048,1.2246467991473532e-16,-1.0,-0.29936312297335776,-0.9541392564000489,0.7818314824680298,0.6234898018587336
-0.003795067191324629,-0.03267075118327647,-0.0550597241654194,0.0037664790749430688,-0.8139287192125854,0.8166666666666667,0.8108532698954173,1.2246467991473532e-16,-1.0,-0.4853019625310808,-0.8743466161445822,0.9749279121818236,-0.22252093395631434
0.0,-0.0036968582970643505,0.0037664790749430688,0.003752345925885716,0.9162907318741551,0.8166666666666667,0.8108981552134298,1.2246467991473532e-16,-1.0,-0.6513724827222217,-0.7587581226927913,0.43388373911755823,-0.900968867902419
0.007575786282510921,0.09531017177676346,0.033274756617696515,-0.003752345925885807,0.09285015396346241,0.8166666666666667,0.8109430405314422,1.2246467991473532e-16,-1.0,-0.7907757369376986,-0.6121059825476627,-0.433883739117558,-0.9009688679024191
-0.02290183341365635,-0.09902074756238846,-0.04461702197515067,-0.022814746713128983,1.0463678896305901,0.8166666666666667,0.8109879258494547,1.2246467991473532e-16,-1.0,-0.8978045395707417,-0.44039415155763423,-0.9749279121818236,-0.2225209339563146
-0.019493776560231886,0.022059696793186413,-0.01532604713114537,0.0,0.3714442318097056,0.8166666666666667,0.8111225818034922,1.2246467991473532e-16,-1.0,-0.9884683243281114,0.15142777750457667,0.7818314824680298,0.6234898018587336
-0.007905172057463813,0.0,0.0038535657754703166,-0.007722038985425331,-0.37664805968473264,0.8166666666666667,0.8111674671215046,1.2246467991473532e-16,-1.0,-0.9377521321470804,0.3473052528448203,0.9749279121818236,-0.22252093395631434
0.0,-0.010969020852107306,-0.02334734233570233,-0.003883496430665945,-0.7089231431541129,0.8166666666666667,0.8112123524395171,1.2246467991473532e-16,-1.0,-0.8486442574947509,0.5289640103269624,0.43388373911755823,-0.900968867902419
0.03125251439316623,0.07095175158188087,0.1394195763963015,0.02687308396309088,-0.7550977694214839,0.8166666666666667,0.8112572377575296,1.2246467991473532e-16,-1.0,-0.7247927872291207,0.6889669190756859,-0.433883739117558,-0.9009688679024191
0.015267548546999675,-0.013793308523969885,-0.07463499344027037,0.0,0.932696767261265,0.8166666666666667,0.8113021230755421,1.2246467991473532e-16,-1.0,-0.5712682150947924,0.8207634412072763,-0.9749279121818236,-0.2225209339563146
-0.01912111432246998,-0.028170933733023984,-0.04143724062032887,0.011299544092015232,-0.4807116435182077,0.8166666666666667,0.8114367790295794,-0.4999999999999997,-0.8660254037844388,0.20129852008866006,0.9795299412524945,0.7818314824680298,0.6234898018587336
0.026668312488599497,-0.018018488472779644,0.022814746713129042,0.025879422893872874,-1.2479896897427103,0.8166666666666667,0.811481664347592,-0.4999999999999997,-0.8660254037844388,0.39435585511331855,0.9189578116202306,0.9749279121818236,-0.22252093395631434
0.0,-0.007299295494986557,0.014925635610135518,-0.011009274912558983,0.9870598027623623,0.8166666666666667,0.8115265496656044,-0.4999999999999997,-0.8660254037844388,0.5712682150947923,0.8207634412072763,0.43388373911755823,-0.900968867902419
0.018622493907199816,0.05348871770079023,0.003696858297064305,0.04332803572817156,-0.20620704178331148,0.8166666666666667,0.8116163203016293,-0.4999999999999997,-0.8660254037844388,0.8486442574947509,0.5289640103269624,-0.9749279121818236,-0.2225209339563146
0.01828202730573385,-0.006968745732304421,0.053872939183995994,-0.007092221713653067,0.9625331239647884,0.8166666666666667,0.8117509762556668,-0.4999999999999997,-0.8660254037844388,0.9987165071710528,-0.05064916883871264,0.7818314824680298,0.6234898018587336
0.010810905886807217,0.024180857661024534,-0.024780005991454995,0.03152630689524743,-0.10115814968674802,0.8166666666666667,0.8117958615736793,-0.4999999999999997,-0.8660254037844388,0.9680771188662043,-0.2506525322587204,0.9749279121818236,-0.22252093395631434
0.03866918771722496,0.040139129172311265,0.03866918771722496,0.047146732992035,0.4639368765634982,0.8166666666666667,0.8118407468916918,-0.4999999999999997,-0.8660254037844388,0.8978045395707416,-0.4403941515576344,0.43388373911755823,-0.900968867902419
0.0,0.01626050574209758,0.037229305714682116,0.019544577857628517,-0.44793653521705706,0.8166666666666667,0.8118856322097042,-0.4999999999999997,-0.8660254037844388,0.7907757369376989,-0.6121059825476626,-0.433883739117558,-0.9009688679024191
0.010291675935254705,0.009630960387242236,0.039092965522223556,-0.05639963491440877,0.018868484304382736,0.8166666666666667,0.8119305175277167,-0.4999999999999997,-0.8660254037844388,0.6513724827222223,-0.758758122692791,-0.9749279121818236,-0.2225209339563146
0.006802740702696119,-0.012861977981922956,-0.059227854598954945,0.016920861104808112,-1.5970538532343788,0.8166666666666667,0.8120651734817542,-0.4999999999999997,-0.8660254037844388,0.10116832198743272,-0.994869323391895,0.7818314824680298,0.6234898018587336
-0.017094416637950714,-0.016313560262947866,-0.013652075837217115,0.0,1.6949096432381374,0.8166666666666667,0.8121100587997666,-0.4999999999999997,-0.8660254037844388,-0.10116832198743204,-0.9948693233918952,0.9749279121818236,-0.22252093395631434
-0.03509136972648951,-0.003294892790826186,0.010256490134848532,-0.0623039067665523,-0.49865888500611166,0.8166666666666667,0.8121549441177791,-0.4999999999999997,-0.8660254037844388,-0.29936312297335776,-0.9541392564000489,0.43388373911755823,-0.900968867902419
0.0,-0.06475858812791693,-0.041672739536076024,0.010657284544895063,-0.8167611365271219,0.8166666666666667,0.8121998294357916,-0.4999999999999997,-0.8660254037844388,-0.4853019625310808,-0.8743466161445822,-0.433883739117558,-0.9009688679024191
-0.02531778396776626,0.04811928496677107,0.007067160673785595,0.051646622221657196,0.7788419016648283,0.8166666666666667,0.8122447147538041,-0.4999999999999997,-0.8660254037844388,-0.6513724827222217,-0.7587581226927913,-0.9749279121818236,-0.2225209339563146
0.007299295494986573,-0.016920861104808123,0.027779620457212616,-0.034132973033528226,-1.1738357099056973,0.8166666666666667,0.8123793707078415,-0.4999999999999997,-0.8660254037844388,-0.9680771188662041,-0.2506525322587213,0.7818314824680298,0.6234898018587336
0.018018488472779662,0.016920861104808112,0.020339664509558392,0.010362776794199096,0.5232481437645479,0.8166666666666667,0.812424256025854,-0.4999999999999997,-0.8660254037844388,-0.9987165071710528,-0.05064916883871355,0.9749279121818236,-0.22252093395631434
0.010657284544895063,-0.0033613444701297694,-0.006734025694352127,-0.02434908872744191,-0.1388364448542158,0.8166666666666667,0.8124691413438665,-0.4999999999999997,-0.8660254037844388,-0.9884683243281114,0.15142777750457667,0.43388373911755823,-0.900968867902419
0.0175136491881291,-0.006756775931982341,-0.006779680410128465,0.03119842386196289,-0.6114691495456782,0.8166666666666667,0.812514026661879,-0.4999999999999997,-0.8660254037844388,-0.9377521321470804,0.3473052528448203,-0.433883739117558,-0.9009688679024191
-0.003478343987639026,0.03005231635408416,-0.024097610916686583,0.023609842855106016,0.9660141672265856,0.8166666666666667,0.8125589119798914,-0.4999999999999997,-0.8660254037844388,-0.8486442574947509,0.5289640103269624,-0.9749279121818236,-0.2225209339563146
0.027493196619055086,0.016313560262947845,0.044300298771465,-0.003338898075968429,0.057987257650349316,0.8166666666666667,0.8126935679339289,-0.4999999999999997,-0.8660254037844388,-0.3943558551133187,0.9189578116202306,0.7818314824680298,0.6234898018587336
-0.027493196619055138,-0.026230987540300732,-0.0168071021524099,-0.010084109368681576,0.061452779213663516,0.8166666666666667,0.8127384532519414,-0.4999999999999997,-0.8660254037844388,-0.20129852008866114,0.9795299412524943,0.9749279121818236,-0.22252093395631434
0.017271652511608875,0.029462005134981352,0.0,0.0,0.5921919583700354,0.8166666666666667,0.8127833385699538,-0.4999999999999997,-0.8660254037844388,-2.4492935982947064e-16,1.0,0.43388373911755823,-0.900968867902419
-0.059982730729773545,-0.012987183462619664,-0.010221544107446278,-0.0735883695449797,0.14310084364067324,0.8166666666666667,0.8128282238879663,-0.8660254037844385,-0.5000000000000004,0.20129852008866006,0.9795299412524945,-0.433883739117558,-0.9009688679024191
-0.08338162024744226,-0.016474821672361657,-0.059982730729773545,-0.04461702197515067,0.015748356968139112,0.8166666666666667,0.8128731092059788,-0.8660254037844385,-0.5000000000000004,0.39435585511331855,0.9189578116202306,-0.9749279121818236,-0.2225209339563146
-0.03213124741166112,-0.11612325616026235,-0.05608950333082567,-0.007633708561898499,0.03982149418667151,0.8166666666666667,0.8130077651600162,-0.8660254037844385,-0.5000000000000004,0.8486442574947509,0.5289640103269624,0.7818314824680298,0.6234898018587336
0.055569798552807304,0.025784092246311185,-0.0038535657754703747,0.022728319845238397,-1.1076621241880276,0.8166666666666667,0.8130526504780287,-0.8660254037844385,-0.5000000000000004,0.9377521321470804,0.3473052528448203,0.9749279121818236,-0.22252093395631434
-0.019493776560231886,0.04618942220580362,0.015326047131145309,-0.018904226893404312,0.248279524585752,0.8166666666666667,0.8130975357960412,-0.8660254037844385,-0.5000000000000004,0.9884683243281114,0.1514277775045767,0.43388373911755823,-0.900968867902419
-0.003944774580914181,-0.04618942220580375,0.0446170219751507,0.011385401892575331,0.2273898421956608,0.8166666666666667,0.8131424211140537,-0.8660254037844385,-0.5000000000000004,0.9987165071710528,-0.05064916883871264,-0.433883739117558,-0.9009688679024191
-0.007936542086844512,0.03922067647349922,-0.05608950333082567,-0.03846633551500206,-0.2634948468377771,0.8166666666666667,0.8131873064320662,-0.8660254037844385,-0.5000000000000004,0.9680771188662043,-0.2506525322587204,-0.9749279121818236,-0.2225209339563146
0.015810591126644992,-0.05018969732560656,0.022814746713129042,0.019418067876816054,-0.1941560144409575,0.8166666666666667,0.8133219623861035,-0.8660254037844385,-0.5000000000000004,0.6513724827222223,-0.758758122692791,0.7818314824680298,0.6234898018587336
-0.015810591126645002,-0.00368324185838955,0.018622493907199816,0.0,0.44628710262841953,0.8166666666666667,0.813366847704116,-0.8660254037844385,-0.5000000000000004,0.48530196253108104,-0.8743466161445821,0.9749279121818236,-0.22252093395631434
-0.003992017470038185,-0.029964759264653806,-0.07666589962378985,-0.03922067647349926,0.25574902534877175,0.8166666666666667,0.8134117330221285,-0.8660254037844385,-0.5000000000000004,0.29936312297335804,-0.9541392564000488,0.43388373911755823,-0.900968867902419
-0.012072569651180464,-0.0427249957488411,-0.01606458712121865,0.0,-1.3096611350989746,0.8166666666666667,0.813456618340141,-0.8660254037844385,-0.5000000000000004,0.10116832198743272,-0.994869323391895,-0.433883739117558,-0.9009688679024191
-0.03292475238659616,0.0503007820313521,0.07034151376286558,-0.04499732203777661,1.4145790749584728,0.8166666666666667,0.8135015036581534,-0.8660254037844385,-0.5000000000000004,-0.10116832198743204,-0.9948693233918952,-0.9749279121818236,-0.2225209339563146
0.02886795561479227,-0.03846633551500206,-0.058268944111685136,0.05296548411810963,-0.5556396395557832,0.8166666666666667,0.8136361596121909,-0.8660254037844385,-0.5000000000000004,-0.6513724827222217,-0.7587581226927913,0.7818314824680298,0.6234898018587336
0.00809720241664188,0.019418067876816054,0.03536711069802877,0.0,0.377294231141468,0.8166666666666667,0.8136810449302034,-0.8660254037844385,-0.5000000000000004,-0.7907757369376986,-0.6121059825476627,0.9749279121818236,-0.22252093395631434
0.008032164006342388,0.037740382323264515,-0.035367110698028795,0.0,-0.053802705992976325,0.8166666666666667,0.8137259302482158,-0.8660254037844385,-0.5000000000000004,-0.8978045395707417,-0.44039415155763423,0.43388373911755823,-0.900968867902419
0.027615141057408078,-0.003710575785625153,0.027615141057408078,0.06528232093080549,-2.2022623713661766,0.8166666666666667,0.8137708155662283,-0.8660254037844385,-0.5000000000000004,-0.9680771188662041,-0.2506525322587213,-0.433883739117558,-0.9009688679024191
-0.11099677072850957,-0.034029806537639366,-0.10665837316862262,-0.09345317086591697,2.333907564123087,0.8166666666666667,0.8138157008842408,-0.8660254037844385,-0.5000000000000004,-0.9987165071710528,-0.05064916883871355,-0.9749279121818236,-0.2225209339563146
0.06317894181632308,-0.03922067647349926,0.05884054425643621,0.004073321431794082,-1.2660669341217308,0.8166666666666667,0.8139503568382782,-0.8660254037844385,-0.5000000000000004,-0.8486442574947509,0.5289640103269624,0.7818314824680298,0.6234898018587336
-0.01646126090242003,0.0039920174700382215,-0.01646126090242003,-0.016393793756152603,0.661398482245365,0.8166666666666667,0.8139952421562907,-0.8660254037844385,-0.5000000000000004,-0.7247927872291207,0.6889669190756859,0.9749279121818236,-0.22252093395631434
-0.038059626213394426,0.015810591126644992,-0.038059626213394426,0.05232576877581999,-0.9082585601768909,0.8166666666666667,0.8140401274743032,-0.8660254037844385,-0.5000000000000004,-0.5712682150947924,0.8207634412072763,0.43388373911755823,-0.900968867902419
0.03390162018676702,0.042232814589945086,0.07472357497059295,-0.06062456338050922,1.6174060820832772,0.8166666666666667,0.8140850127923157,-0.8660254037844385,-0.5000000000000004,-0.3943558551133187,0.9189578116202306,-0.433883739117558,-0.9009688679024191
0.0041580060266276225,0.007490664371385532,-0.036663948757198465,0.09909089889551119,-1.0635209688568397,0.8166666666666667,0.8141298981103282,-0.8660254037844385,-0.5000000000000004,-0.20129852008866114,0.9795299412524943,-0.9749279121818236,-0.2225209339563146
0.08735710658637262,0.0037243954531247596,0.09493289286888375,0.0,-1.330413902725434,0.8166666666666667,0.8143094393823781,-1.0,-1.8369701987210297e-16,0.5712682150947923,0.8207634412072763,0.9749279121818236,-0.22252093395631434
0.007575786282510921,-0.014981538899453343,0.0,0.0,-7.740664401917241,0.8166666666666667,0.8143543247003906,-1.0,-1.8369701987210297e-16,0.72479278722912,0.6889669190756866,0.43388373911755823,-0.900968867902419
-0.10745914021803872,0.00751882500082888,0.00751882500082888,-0.030653803054277187,10.413312675968536,0.8166666666666667,0.814399210018403,-1.0,-1.8369701987210297e-16,0.8486442574947509,0.5289640103269624,-0.433883739117558,-0.9009688679024191
0.02898750825157504,-0.015094611283339871,-0.08599045696729257,-0.0038986367918339817,-1.1831696766961728,0.8166666666666667,0.8144440953364155,-1.0,-1.8369701987210297e-16,0.9377521321470804,0.3473052528448203,-0.9749279121818236,-0.2225209339563146
-0.024794634182998078,0.0037950671913245643,0.06708623007388818,-0.031748668271916365,0.8174448972375224,0.8166666666666667,0.814578751290453,-1.0,-1.8369701987210297e-16,0.9680771188662043,-0.2506525322587204,0.7818314824680298,0.6234898018587336
-0.016878122262197592,-0.07469091287527727,-0.06708623007388823,-0.053843280293631744,0.08701137698962969,0.8166666666666667,0.8146236366084654,-1.0,-1.8369701987210297e-16,0.8978045395707416,-0.4403941515576344,0.9749279121818236,-0.22252093395631434
-0.021506185371127483,-0.024794634182998078,-0.05021980918595048,0.0042462870124152785,-0.5389965007326869,0.8166666666666667,0.8146685219264779,-1.0,-1.8369701987210297e-16,0.7907757369376989,-0.6121059825476626,0.43388373911755823,-0.900968867902419
-0.03991656941231858,-0.01263183524978237,0.012793339753170128,-0.047731358370267464,0.9497386659416952,0.8166666666666667,0.8147134072444904,-1.0,-1.8369701987210297e-16,0.6513724827222223,-0.758758122692791,-0.433883739117558,-0.9009688679024191
0.03555926811734652,0.07350249142535568,-0.03010977367851469,0.10536051565782635,-0.03753791931906521,0.8166666666666667,0.8147582925625029,-1.0,-1.8369701987210297e-16,0.48530196253108104,-0.8743466161445821,-0.9749279121818236,-0.2225209339563146
0.013015355995480675,0.046162089048831456,0.0957070930464066,-0.061875444299974075,0.5124636257702291,0.8166666666666667,0.8148929485165403,-1.0,-1.8369701987210297e-16,-0.10116832198743204,-0.9948693233918952,0.7818314824680298,0.6234898018587336
-0.008658054700508611,-0.07410799283780864,-0.02004073173151355,-0.004264394884352925,-0.809294892875598,0.8166666666666667,0.8149378338345528,-1.0,-1.8369701987210297e-16,-0.29936312297335776,-0.9541392564000489,0.9749279121818236,-0.22252093395631434
0.025752472383542852,0.10738274945550522,0.05513201891845614,0.04593715132954859,1.7568432041218272,0.8166666666666667,0.8149827191525653,-1.0,-1.8369701987210297e-16,-0.4853019625310808,-0.8743466161445822,0.43388373911755823,-0.900968867902419
0.0,-0.09931819737184638,-0.047067466834797296,0.012170523848435998,-1.8654770451246225,0.8166666666666667,0.8150276044705778,-1.0,-1.8369701987210297e-16,-0.6513724827222217,-0.7587581226927913,-0.433883739117558,-0.9009688679024191
-0.03010977367851469,0.004008017567521568,-0.004024146438820858,-0.024490996172794488,0.8880261737045235,0.8166666666666667,0.8150724897885903,-1.0,-1.8369701987210297e-16,-0.7907757369376986,-0.6121059825476627,-0.9749279121818236,-0.2225209339563146
0.01731643392534468,-0.00803216400634236,-0.0623903330343866,0.024490996172794505,-1.8002269203271537,0.8166666666666667,0.8152071457426276,-1.0,-1.8369701987210297e-16,-0.9987165071710528,-0.05064916883871355,0.7818314824680298,0.6234898018587336
0.02960054225690296,0.0040241464388207845,0.02960054225690296,-0.00809720241664192,-0.08515780834030683,0.8166666666666667,0.8152520310606401,-1.0,-1.8369701987210297e-16,-0.9884683243281114,0.15142777750457667,0.9749279121818236,-0.22252093395631434
0.0,-0.004024146438820858,0.016529285665789057,-0.02469258836084179,-0.15600424847658126,0.8166666666666667,0.8152969163786526,-1.0,-1.8369701987210297e-16,-0.9377521321470804,0.3473052528448203,0.43388373911755823,-0.900968867902419
0.0,0.008032164006342388,0.01626050511169458,0.0,0.6398011998546526,0.8166666666666667,0.815341801696665,-1.0,-1.8369701987210297e-16,-0.8486442574947509,0.5289640103269624,-0.433883739117558,-0.9009688679024191
0.0,-0.00803216400634236,-0.016260505111694693,0.0,-0.8404718953168038,0.8166666666666667,0.8153866870146775,-1.0,-1.8369701987210297e-16,-0.7247927872291207,0.6889669190756859,-0.9749279121818236,-0.2225209339563146
-0.008368241322527534,-0.004040405644838063,-0.01652928566578902,-0.008368241322527534,0.25131442828090617,0.8166666666666667,0.815521342968715,-1.0,-1.8369701987210297e-16,-0.20129852008866114,0.9795299412524943,0.7818314824680298,0.6234898018587336
0.004192874068576918,0.012072569651180509,0.03681393721630452,0.004192874068576918,1.243905514661307,0.8166666666666667,0.8155662282867274,-0.866025403784439,0.49999999999999933,0.20129852008866006,0.9795299412524945,0.9749279121818236,-0.22252093395631434
-0.025425175002952435,-0.01612936642298425,-0.04518217853883205,-0.025425175002952435,-1.184007373080238,0.8166666666666667,0.8156111136047399,-0.866025403784439,0.49999999999999933,0.39435585511331855,0.9189578116202306,0.43388373911755823,-0.900968867902419
0.004282657856401812,0.012121348855462866,-0.01694964307797349,0.03789933686159208,-1.9694406464655074,0.8166666666666667,0.8156559989227524,-0.866025403784439,0.49999999999999933,0.5712682150947923,0.8207634412072763,-0.433883739117558,-0.9009688679024191
0.02531788440050099,-0.016194670287256973,0.02531788440050099,0.012320472324358381,2.169053700369523,0.8166666666666667,0.8157008842407649,-0.866025403784439,0.49999999999999933,0.72479278722912,0.6889669190756866,-0.9749279121818236,-0.2225209339563146
-0.04691697618224751,0.0,0.0,-0.06317894181632316,0.6787584431078457,0.8166666666666667,0.8158355401948023,-0.866025403784439,0.49999999999999933,0.9884683243281114,0.1514277775045767,0.7818314824680298,0.6234898018587336
-0.004376370490078377,-0.04593715132954861,-0.03822127732738856,-0.008733671785050415,-0.8440824235332292,0.8166666666666667,0.8158804255128148,-0.866025403784439,0.49999999999999933,0.9987165071710528,-0.05064916883871264,0.9749279121818236,-0.22252093395631434
-0.013245214201674278,0.0,0.004319657140621676,0.004376370490078383,0.22986250156295468,0.8166666666666667,0.8159253108308273,-0.866025403784439,0.49999999999999933,0.9680771188662043,-0.2506525322587204,0.43388373911755823,-0.900968867902419
0.0,0.0,0.008583735786265884,-0.01762158469175275,-1.7740598921286541,0.8166666666666667,0.8159701961488398,-0.866025403784439,0.49999999999999933,0.8978045395707416,-0.4403941515576344,-0.433883739117558,-0.9009688679024191
0.008849606874565697,0.008510681896768206,-0.030371069598933625,0.03922067647349922,-0.11122563511022437,0.8166666666666667,0.8160150814668522,-0.866025403784439,0.49999999999999933,0.7907757369376989,-0.6121059825476626,-0.9749279121818236,-0.2225209339563146
0.021787333812667592,0.01680720250373278,0.026088411742531663,0.008510681896768206,1.9542783987258299,0.8166666666666667,0.8161497374208897,-0.866025403784439,0.49999999999999933,0.29936312297335804,-0.9541392564000488,0.7818314824680298,0.6234898018587336
-0.008658054700508611,0.03681393721630452,0.05021980918595051,0.0042283322731352085,0.4803664162812822,0.8166666666666667,0.8161946227389022,-0.866025403784439,0.49999999999999933,0.10116832198743272,-0.994869323391895,0.9749279121818236,-0.22252093395631434
0.004338397559886872,0.0,-0.024794634182998078,-0.02564240709679105,-1.2788741124990537,0.8166666666666667,0.8162395080569146,-0.866025403784439,0.49999999999999933,-0.10116832198743204,-0.9948693233918952,0.43388373911755823,-0.900968867902419
-0.0043383975598869666,-0.03681393721630461,0.004175367253950492,0.0256424070967911,-0.05715841383994864,0.8166666666666667,0.8162843933749271,-0.866025403784439,0.49999999999999933,-0.29936312297335776,-0.9541392564000489,-0.433883739117558,-0.9009688679024191
0.021506185371127504,-0.004175367253950448,-0.02105348951614806,0.00840350297664704,0.12861737782209354,0.8166666666666667,0.8163292786929396,-0.866025403784439,0.49999999999999933,-0.4853019625310808,-0.8743466161445822,-0.9749279121818236,-0.2225209339563146
0.0,0.01659787498817786,0.016878122262197547,-0.016878122262197592,0.5839478885949534,0.8166666666666667,0.816463934646977,-0.866025403784439,0.49999999999999933,-0.8978045395707417,-0.44039415155763423,0.7818314824680298,0.6234898018587336
-0.03905047850978429,-0.016597874988177847,-0.025425175002952435,-0.0258634866660995,0.10054122922187746,0.8166666666666667,0.8165088199649895,-0.866025403784439,0.49999999999999933,-0.9680771188662041,-0.2506525322587213,0.9749279121818236,-0.22252093395631434
0.0,-0.025425175002952435,-0.026088411742531757,0.004357301294971909,0.29849298855599654,0.8166666666666667,0.816553705283002,-0.866025403784439,0.49999999999999933,-0.9987165071710528,-0.05064916883871355,0.43388373911755823,-0.900968867902419
0.013186991843684803,-0.012959132630372643,0.013129279112159121,-0.004357301294971973,0.6536683695861578,0.8166666666666667,0.8165985906010145,-0.866025403784439,0.49999999999999933,-0.9884683243281114,0.15142777750457667,-0.433883739117558,-0.9009688679024191
-0.01762158469175275,-0.0131292791121591,-0.017544293138656752,-0.01762158469175275,-0.5266094914672526,0.8166666666666667,0.816643475919027,-0.866025403784439,0.49999999999999933,-0.9377521321470804,0.3473052528448203,-0.9749279121818236,-0.2225209339563146
0.004434592848067803,0.034635464483286554,0.0,0.008849606874565697,-1.7364967905530055,0.8166666666666667,0.8167781318730644,-0.866025403784439,0.49999999999999933,-0.5712682150947924,0.8207634412072763,0.7818314824680298,0.6234898018587336
-0.004434592848067865,-0.008547052740754846,-0.004434592848067865,0.0,0.4578330936254803,0.8166666666666667,0.8168230171910769,-0.866025403784439,0.49999999999999933,-0.3943558551133187,0.9189578116202306,0.9749279121818236,-0.22252093395631434
0.013245214201674292,0.0,0.017621584691752644,0.026088411742531663,0.040005334613699206,0.8166666666666667,0.8168679025090894,-0.866025403784439,0.49999999999999933,-0.20129852008866114,0.9795299412524943,0.43388373911755823,-0.900968867902419
-0.008810621353606442,0.0,0.01731643392534468,-0.030503425769029452,0.41197978912935806,0.8166666666666667,0.8169127878271019,-0.866025403784439,0.49999999999999933,-2.4492935982947064e-16,1.0,-0.433883739117558,-0.9009688679024191
0.00881062135360639,0.0,-0.02169280441542303,0.021882690698543702,0.6398011998546526,0.8166666666666667,0.8169576731451142,-0.5000000000000012,0.8660254037844379,0.20129852008866006,0.9795299412524945,-0.9749279121818236,-0.2225209339563146
-0.013245214201674278,0.008547052740754738,0.030239857156177847,0.0,-0.17958557697507987,0.8166666666666667,0.8170923290991517,-0.5000000000000012,0.8660254037844379,0.72479278722912,0.6889669190756866,0.7818314824680298,0.6234898018587336
-0.00892862219116849,-0.017167787811240575,-0.030239857156177868,-0.026317283546611645,-0.16929205650362072,0.8166666666666667,0.8171372144171642,-0.5000000000000012,0.8660254037844379,0.8486442574947509,0.5289640103269624,0.9749279121818236,-0.22252093395631434
-0.0505855593228057,-0.021882690698543768,-0.008810621353606442,-0.054808182766865964,0.0,0.8166666666666667,0.8171820997351766,-0.5000000000000012,0.8660254037844379,0.9377521321470804,0.3473052528448203,0.43388373911755823,-0.900968867902419
-0.028710079677787007,-0.040637606353528935,-0.06394877436204209,-0.009434135679107251,-0.6093772974944865,0.8166666666666667,0.8172269850531891,-0.5000000000000012,0.8660254037844379,0.9884683243281114,0.1514277775045767,-0.433883739117558,-0.9009688679024191
0.028710079677787145,0.022780006060811094,0.032485535254118084,0.041769484268330756,0.06899287148695142,0.8166666666666667,0.8172718703712016,-0.5000000000000012,0.8660254037844379,0.9987165071710528,-0.05064916883871264,-0.9749279121818236,-0.2225209339563146
0.004705998747108145,-0.004514675980943847,-0.013793308523969885,0.0045351507520485805,0.7731898882334817,0.8166666666666667,0.817406526325239,-0.5000000000000012,0.8660254037844379,0.7907757369376989,-0.6121059825476626,0.7818314824680298,0.6234898018587336
0.009345853047052682,0.004514675980943794,0.01834912060618362,-0.018265330079867158,-0.42488319396526597,0.8166666666666667,0.8174514116432515,-0.5000000000000012,0.8660254037844379,0.6513724827222223,-0.758758122692791,0.9749279121818236,-0.22252093395631434
0.0,0.017857600292717848,-0.022989495542170862,0.04063760635352897,1.0083871970753842,0.8166666666666667,0.817496296961264,-0.5000000000000012,0.8660254037844379,0.48530196253108104,-0.8743466161445821,0.43388373911755823,-0.900968867902419
0.03203932227516332,0.021882690698543702,0.054311936594378954,0.021882690698543702,-1.499794734984273,0.8166666666666667,0.8175411822792765,-0.5000000000000012,0.8660254037844379,0.29936312297335804,-0.9541392564000488,-0.433883739117558,-0.9009688679024191
0.035401893431374606,0.1066583731686227,0.030371069598933553,0.1066583731686227,2.3178525651248343,0.8166666666666667,0.817586067597289,-0.5000000000000012,0.8660254037844379,0.10116832198743272,-0.994869323391895,-0.9749279121818236,-0.2225209339563146
0.042559674887275516,-0.011741806919611106,0.08201317332212398,-0.047817828912186514,-1.6343672954766257,0.8166666666666667,0.8177207235513264,-0.5000000000000012,0.8660254037844379,-0.4853019625310808,-0.8743466161445822,0.7818314824680298,0.6234898018587336
-0.03390162018676693,-0.007905172057463813,-0.015873334137796888,-0.041672756445195636,1.3288503553888105,0.8166666666666667,0.8177656088693389,-0.5000000000000012,0.8660254037844379,-0.6513724827222217,-0.7587581226927913,0.9749279121818236,-0.22252093395631434
-0.030636940687233324,-0.011976179647854582,-0.074723574970593,-0.04348507135785223,0.2205695473190369,0.8166666666666667,0.8178104941873514,-0.5000000000000012,0.8660254037844379,-0.7907757369376986,-0.6121059825476627,0.43388373911755823,-0.900968867902419
-0.017937683425593903,-0.08373091339855211,-0.02620234783916546,-0.013423007444650008,-2.718412988137757,0.8166666666666667,0.8178553795053638,-0.5000000000000012,0.8660254037844379,-0.8978045395707417,-0.44039415155763423,-0.433883739117558,-0.9009688679024191
-0.013667625367167967,-0.022075930783658364,-0.013363215039236369,-0.004514675980943847,1.2878542883066382,0.8166666666666667,0.8179002648233763,-0.5000000000000012,0.8660254037844379,-0.9680771188662041,-0.2506525322587213,-0.9749279121818236,-0.2225209339563146
0.0,0.004454346091905558,-0.013544211986474024,0.017937683425593834,0.050430853626891904,0.8166666666666667,0.8180349207774138,-0.5000000000000012,0.8660254037844379,-0.9377521321470804,0.3473052528448203,0.7818314824680298,0.6234898018587336
0.027150962700856145,0.04773135837026749,0.03132244105220812,0.04773135837026749,-0.8527773261518292,0.8166666666666667,0.8180798060954262,-0.5000000000000012,0.8660254037844379,-0.8486442574947509,0.5289640103269624,0.9749279121818236,-0.22252093395631434
0.004454346091905558,0.02096520853036046,0.013129279112159121,-0.047731358370267464,0.4182041338855941,0.8166666666666667,0.8181246914134387,-0.5000000000000012,0.8660254037844379,-0.7247927872291207,0.6889669190756859,0.43388373911755823,-0.900968867902419
0.0,0.03666394875719851,-0.017544293138656752,0.004434592848067803,0.08489944378648627,0.8166666666666667,0.8182144620494637,-0.5000000000000012,0.8660254037844379,-0.3943558551133187,0.9189578116202306,-0.9749279121818236,-0.2225209339563146
-0.031605308792761834,-0.02839944704959868,0.05173572670340476,0.07252647576015979,-1.9694406464655074,0.8166666666666667,0.8183491180035011,-2.4492935982947064e-16,1.0,0.39435585511331855,0.9189578116202306,0.7818314824680298,0.6234898018587336
0.0316053087927617,0.0,0.008368241322527527,0.0,1.6422277352570913,0.8166666666666667,0.8183940033215136,-2.4492935982947064e-16,1.0,0.5712682150947923,0.8207634412072763,0.9749279121818236,-0.22252093395631434
0.021978885986724744,0.0,0.012422507734227345,-0.05498218262150296,-0.13815033848081718,0.8166666666666667,0.8184388886395261,-2.4492935982947064e-16,1.0,0.72479278722912,0.6889669190756866,0.43388373911755823,-0.900968867902419
0.004338397559886872,-0.012422507734227357,-0.050643785061615994,0.021506185371127504,-1.4240346891027378,0.8166666666666667,0.8184837739575386,-2.4492935982947064e-16,1.0,0.8486442574947509,0.5289640103269624,-0.433883739117558,-0.9009688679024191
-0.008695698854858923,-0.012578870230597509,-0.008695698854858923,-0.017167787811240575,2.1624384612508036,0.8166666666666667,0.8185286592755511,-2.4492935982947064e-16,1.0,0.9377521321470804,0.3473052528448203,-0.9749279121818236,-0.2225209339563146
-0.1304170835817455,-0.008474619285550513,0.0,-0.07177961326642503,1.3387202713914073,0.8166666666666667,0.8186633152295885,-2.4492935982947064e-16,1.0,0.9680771188662043,-0.2506525322587204,0.7818314824680298,0.6234898018587336
0.03423313970710848,-0.08430702614167826,-0.08186390313772593,-0.023530587180201755,-0.4313184869344982,0.8166666666666667,0.818708200547601,-2.4492935982947064e-16,1.0,0.8978045395707416,-0.4403941515576344,0.9749279121818236,-0.22252093395631434
-0.0342331397071085,-0.004640374935987326,0.014117980284045808,-0.009569442282869082,-0.3825161751226197,0.8166666666666667,0.8187530858656135,-2.4492935982947064e-16,1.0,0.7907757369376989,-0.6121059825476626,0.43388373911755823,-0.900968867902419
0.014815071830292343,0.049896922567881336,-0.04785608889777287,0.07410801309097848,-0.015831465216680628,0.8166666666666667,0.8187979711836259,-2.4492935982947064e-16,1.0,0.6513724827222223,-0.758758122692791,-0.433883739117558,-0.9009688679024191
0.08004274363410643,0.021882690698543702,0.08004274363410643,0.01769956029357998,-0.6114691495456782,0.8166666666666667,0.8188428565016383,-2.4492935982947064e-16,1.0,0.48530196253108104,-0.8743466161445821,-0.9749279121818236,-0.2225209339563146
0.05287570204269114,0.03822127732738862,0.05715835989909315,0.05129334667232602,-0.09237332013101517,0.8166666666666667,0.8189775124556758,-2.4492935982947064e-16,1.0,-0.10116832198743204,-0.9948693233918952,0.7818314824680298,0.6234898018587336
-0.030503425769029452,0.0,0.004264394884352982,-0.03390162018676693,0.3425978300478957,0.8166666666666667,0.8190223977736882,-2.4492935982947064e-16,1.0,-0.29936312297335776,-0.9541392564000489,0.9749279121818236,-0.22252093395631434
-0.004434592848067865,-0.02105348951614806,-0.030239857156177868,-0.030636940687233324,-0.22123697304362816,0.8166666666666667,0.8190672830917007,-2.4492935982947064e-16,1.0,-0.4853019625310808,-0.8743466161445822,0.43388373911755823,-0.900968867902419
-0.054808182766865964,-0.008547052740754846,-0.0176995602935799,-0.013423007444650008,1.283575854924903,0.8166666666666667,0.8191121684097132,-2.4492935982947064e-16,1.0,-0.6513724827222217,-0.7587581226927913,-0.433883739117558,-0.9009688679024191
0.009345853047052682,0.004282657856401812,-0.004474276099262872,-0.004514675980943847,-1.1092224677801252,0.8166666666666667,0.8191570537277257,-2.4492935982947064e-16,1.0,-0.7907757369376986,-0.6121059825476627,-0.9749279121818236,-0.2225209339563146
0.027524646294219593,-0.0042826578564018674,0.0352459057377801,0.0,-0.3285040669720361,0.8166666666666667,0.8192917096817631,-2.4492935982947064e-16,1.0,-0.9987165071710528,-0.05064916883871355,0.7818314824680298,0.6234898018587336
-0.027524646294219458,-0.004301077929863997,-0.021882690698543768,-0.013667625367167967,0.125163142954006,0.8166666666666667,0.8193365949997756,-2.4492935982947064e-16,1.0,-0.9884683243281114,0.15142777750457667,0.9749279121818236,-0.22252093395631434
-0.03310002946307088,-0.04405994813188329,-0.026907427025710466,-0.037387608107253376,2.0304675370833762,0.8166666666666667,0.8194263656358006,-2.4492935982947064e-16,1.0,-0.8486442574947509,0.5289640103269624,-0.433883739117558,-0.9009688679024191
-0.04927100269392679,-0.06513935173823418,-0.0706176121487189,-0.058840444976795865,0.46095379372581763,0.8166666666666667,0.819471250953813,-2.4492935982947064e-16,1.0,-0.7247927872291207,0.6889669190756859,-0.9749279121818236,-0.2225209339563146
-0.030771690651569553,0.0,-0.014742267919173985,0.005037789189216557,-0.1819969341649069,0.8166666666666667,0.8196059069078505,-2.4492935982947064e-16,1.0,-0.20129852008866114,0.9795299412524943,0.7818314824680298,0.6234898018587336
0.015504233340894498,0.05608952500524168,-0.030153009265626557,0.053802655787579395,0.4471046845781487,0.8166666666666667,0.819650792225863,-2.4492935982947064e-16,1.0,-2.4492935982947064e-16,1.0,0.9749279121818236,-0.22252093395631434
0.07410790228747087,-0.00455581208221365,0.06899280661114685,0.041964270640159014,-3.7439157347803214,0.8333333333333334,0.8197405628618879,0.49999999999999994,0.8660254037844387,0.39435585511331855,0.9189578116202306,-0.433883739117558,-0.9009688679024191
0.004750598454041804,0.004555812082213534,0.04652008272237256,-0.03248553525411804,0.19105523676270922,0.8333333333333334,0.8197854481799004,0.49999999999999994,0.8660254037844387,0.5712682150947923,0.8207634412072763,-0.9749279121818236,-0.2225209339563146
-0.09958467318752456,-0.027651503984284922,-0.037041347336331645,0.0,2.1972245773362196,0.8333333333333334,0.8199201041339378,0.49999999999999994,0.8660254037844387,0.9377521321470804,0.3473052528448203,0.7818314824680298,0.6234898018587336
0.0804453504445901,-0.009389843352046762,-0.023867459674933467,0.0,-3.4609166163637775,0.8333333333333334,0.8199649894519503,0.49999999999999994,0.8660254037844387,0.9884683243281114,0.1514277775045767,0.9749279121818236,-0.22252093395631434
0.0,0.02790887272121241,0.0,0.014051851794160866,1.285198244248522,0.8333333333333334,0.8200098747699628,0.49999999999999994,0.8660254037844387,0.9987165071710528,-0.05064916883871264,0.43388373911755823,-0.900968867902419
0.023867459674933457,-0.013857020927051574,0.03325730302698026,-0.004662008442114028,1.0476921982408527,0.8333333333333334,0.8200547600879753,0.49999999999999994,0.8660254037844387,0.9680771188662043,-0.2506525322587204,-0.433883739117558,-0.9009688679024191
-0.019048177668910055,0.0,0.00466200844211412,0.00466200844211412,-0.45518854346059484,0.8333333333333334,0.8200996454059878,0.49999999999999994,0.8660254037844387,0.8978045395707416,-0.4403941515576344,-0.9749279121818236,-0.2225209339563146
0.014320040736911063,0.00925931621435227,-0.004662008442114028,0.0,0.29354719190417894,0.8333333333333334,0.8202343013600252,0.49999999999999994,0.8660254037844387,0.48530196253108104,-0.8743466161445821,0.7818314824680298,0.6234898018587336
-0.004750598454041881,-0.00925931621435231,-0.018868578738087744,-0.009345853047052549,0.1764564373415565,0.8333333333333334,0.8202791866780377,0.49999999999999994,0.8660254037844387,0.29936312297335804,-0.9541392564000488,0.9749279121818236,-0.22252093395631434
0.00947873538604097,0.06744121570653805,0.00947873538604097,0.0046838446049385874,0.5122951317453507,0.8333333333333334,0.8203240719960502,0.49999999999999994,0.8660254037844387,0.10116832198743272,-0.994869323391895,0.43388373911755823,-0.900968867902419
0.004705998747108145,0.008658054700508674,0.04157649808838032,0.0633695523636018,-0.455136717905402,0.8333333333333334,0.8203689573140627,0.49999999999999994,0.8660254037844387,-0.10116832198743204,-0.9948693233918952,-0.433883739117558,-0.9009688679024191
0.023202873974104168,0.008583735786265884,-0.013667625367167967,0.0,-0.7071334225346851,0.8333333333333334,0.8204138426320751,0.49999999999999994,0.8660254037844387,-0.29936312297335776,-0.9541392564000489,-0.9749279121818236,-0.2225209339563146
0.018182301348111794,-0.025975462271824953,0.0448505229944361,-0.004395607327108627,-0.4560173872709956,0.8333333333333334,0.8205933839041251,0.49999999999999994,0.8660254037844387,-0.8978045395707417,-0.44039415155763423,0.9749279121818236,-0.22252093395631434
0.004494385253481471,-0.004395607327108627,-0.004395607327108627,-0.017778229065734136,-1.0986122886681098,0.8333333333333334,0.8206382692221375,0.49999999999999994,0.8660254037844387,-0.9680771188662041,-0.2506525322587213,0.43388373911755823,-0.900968867902419
0.017778229065734227,0.04732071267690707,0.004395607327108693,0.03956556287840174,0.9028677115420144,0.8333333333333334,0.82068315454015,0.49999999999999994,0.8660254037844387,-0.9987165071710528,-0.05064916883871355,-0.433883739117558,-0.9009688679024191
-0.045052620380026706,-0.008438961181205271,0.034486144168593025,-0.06224224947999514,0.9637930658591584,0.8333333333333334,0.8207280398581625,0.49999999999999994,0.8660254037844387,-0.9884683243281114,0.15142777750457667,-0.9749279121818236,-0.2225209339563146
-0.03278990339455414,-0.03888175149570181,-0.08855331315409354,0.03603990164082969,-0.3120311014620675,0.8333333333333334,0.8208626958121998,0.49999999999999994,0.8660254037844387,-0.7247927872291207,0.6889669190756859,0.7818314824680298,0.6234898018587336
0.06899291690001526,0.008771977817187141,0.040821954783826074,0.013186991843684803,-0.8614824953791601,0.8333333333333334,0.8209075811302123,0.49999999999999994,0.8660254037844387,-0.5712682150947924,0.8207634412072763,0.9749279121818236,-0.22252093395631434
-0.02247283417764251,0.008695698854858828,0.026317283546611638,-0.022075930783658364,-0.3101549283038396,0.8333333333333334,0.8209524664482248,0.49999999999999994,0.8660254037844387,-0.3943558551133187,0.9189578116202306,0.43388373911755823,-0.900968867902419
-0.0417694842683307,-0.026317283546611645,-0.026317283546611645,0.004454346091905558,0.8979415932059586,0.8333333333333334,0.8209973517662373,0.49999999999999994,0.8660254037844387,-0.20129852008866114,0.9795299412524943,-0.433883739117558,-0.9009688679024191
-0.004750598454041881,-0.013423007444650008,-0.06899291690001519,-0.045462329719813406,-0.9444616088408514,0.8333333333333334,0.8210422370842498,0.49999999999999994,0.8660254037844387,-2.4492935982947064e-16,1.0,-0.9749279121818236,-0.2225209339563146
0.0,-0.03670133071727745,0.01886857873808785,-0.023530587180201755,-0.2719337154836418,0.8333333333333334,0.8211768930382872,0.8660254037844386,0.5000000000000001,0.5712682150947923,0.8207634412072763,0.7818314824680298,0.6234898018587336
-0.04879011875636827,0.009302383378101268,-0.018868578738087744,0.028170962116189004,2.4203681286504293,0.8333333333333334,0.8212217783562997,0.8660254037844386,0.5000000000000001,0.72479278722912,0.6889669190756866,0.9749279121818236,-0.22252093395631434
0.0629748528895175,0.01834912060618362,0.04652008272237256,0.013793308523969955,-0.3889358061569538,0.8333333333333334,0.8212666636743122,0.8660254037844386,0.5000000000000001,0.8486442574947509,0.5289640103269624,0.43388373911755823,-0.900968867902419
-0.02857345842204175,0.0,-0.018349120606183555,-0.004576662532905611,-0.953873443023198,0.8333333333333334,0.8213115489923246,0.8660254037844386,0.5000000000000001,0.9377521321470804,0.3473052528448203,-0.433883739117558,-0.9009688679024191
0.042559686405081565,-0.00455581208221365,0.009216645991064322,0.004576662532905499,0.6271892127681479,0.8333333333333334,0.8213564343103371,0.8660254037844386,0.5000000000000001,0.9884683243281114,0.1514277775045767,-0.9749279121818236,-0.2225209339563146
-0.004640374935987326,0.004555812082213534,0.004576662532905499,0.0,0.20479441264601322,0.8333333333333334,0.8214910902643746,0.8660254037844386,0.5000000000000001,0.8978045395707416,-0.4403941515576344,0.7818314824680298,0.6234898018587336
0.018433683459957093,0.08283602779769235,0.0,0.04465023095160892,-0.09716374845364774,0.8333333333333334,0.821535975582387,0.8660254037844386,0.5000000000000001,0.7907757369376989,-0.6121059825476626,0.9749279121818236,-0.22252093395631434
0.049007532246580776,0.040989304470255075,0.07898833690325895,0.004357301294971909,0.7331525151736445,0.8333333333333334,0.8215808609003995,0.8660254037844386,0.5000000000000001,0.6513724827222223,-0.758758122692791,0.43388373911755823,-0.900968867902419
-0.026433232078630325,-0.004024146438820858,0.0,-0.026433232078630325,-0.7642431022436755,0.8333333333333334,0.821625746218412,0.8660254037844386,0.5000000000000001,0.48530196253108104,-0.8743466161445821,-0.433883739117558,-0.9009688679024191
0.0,-0.004040405644838063,-0.05641403673530841,0.013303952966471196,0.17351092711179966,0.8333333333333334,0.8216706315364245,0.8660254037844386,0.5000000000000001,0.29936312297335804,-0.9541392564000488,-0.9749279121818236,-0.2225209339563146
0.008888938939973553,-0.06265100531941256,0.03509128677913902,-0.004415014026497771,-2.6479462770325046,0.8333333333333334,0.8218501728084744,0.8660254037844386,0.5000000000000001,-0.4853019625310808,-0.8743466161445822,0.9749279121818236,-0.22252093395631434
0.004415014026497735,0.008583735786265884,0.008583735786265884,0.004415014026497735,0.7537718023763802,0.8333333333333334,0.8218950581264869,0.8660254037844386,0.5000000000000001,-0.6513724827222217,-0.7587581226927913,0.43388373911755823,-0.900968867902419
0.013129279112159121,0.05001047276134278,-0.012903392926887598,0.08038154236027634,1.0586069540544105,0.8333333333333334,0.8219399434444994,0.8660254037844386,0.5000000000000001,-0.7907757369376986,-0.6121059825476627,-0.433883739117558,-0.9009688679024191
0.05908896055306459,0.03200270056078125,0.0750352145436932,0.03200270056078125,1.8382794848629478,0.8333333333333334,0.8219848287625119,0.8660254037844386,0.5000000000000001,-0.8978045395707417,-0.44039415155763423,-0.9749279121818236,-0.2225209339563146
0.02429266911803713,0.1563978964357301,0.019881351705318302,0.1563978964357301,0.14763599880606468,0.8333333333333334,0.8221194847165493,0.8660254037844386,0.5000000000000001,-0.9884683243281114,0.15142777750457667,0.7818314824680298,0.6234898018587336
0.04688354221910987,-0.003372681224222435,0.15302521521150772,-0.05537749946518063,-0.8737894758341799,0.8333333333333334,0.8221643700345618,0.8660254037844386,0.5000000000000001,-0.9377521321470804,0.3473052528448203,0.9749279121818236,-0.22252093395631434
0.04842663758521513,-0.027398947339176118,-0.03436769307148057,-0.0035650628312419866,-0.5972270586812061,0.8333333333333334,0.8222092553525743,0.8660254037844386,0.5000000000000001,-0.8486442574947509,0.5289640103269624,0.43388373911755823,-0.900968867902419
-0.0183491210075612,-0.04618942220580375,-0.05756979748106038,-0.018018488472779644,0.6558757857627137,0.8333333333333334,0.8222541406705867,0.8660254037844386,0.5000000000000001,-0.7247927872291207,0.6889669190756859,-0.433883739117558,-0.9009688679024191
-0.04546242130868979,0.07020427483721979,-0.04546242130868979,0.07020427483721979,0.5721945701422827,0.8333333333333334,0.8222990259885992,0.8660254037844386,0.5000000000000001,-0.5712682150947924,0.8207634412072763,-0.9749279121818236,-0.2225209339563146
0.0818300307890307,-0.017094416637950714,0.11000096452205466,-0.038001164564658955,-0.9526583760450299,0.8333333333333334,0.8224336819426367,1.0,6.123233995736766e-17,0.39435585511331855,0.9189578116202306,0.7818314824680298,0.6234898018587336
0.010657284544895063,0.017094416637950666,0.02061926692904748,0.020906747926708276,-0.08701137698962981,0.8333333333333334,0.822478567260649,1.0,6.123233995736766e-17,0.5712682150947923,0.8207634412072763,0.9749279121818236,-0.22252093395631434
0.034725761116849135,0.016807102152409884,0.0033955857023685687,0.023851192569933087,0.7375989431307791,0.8333333333333334,0.8225234525786616,1.0,6.123233995736766e-17,0.72479278722912,0.6889669190756866,0.43388373911755823,-0.900968867902419
-0.05255152840190752,-0.0168071021524099,-0.017094416637950714,-0.020408851769199408,-1.0560526742493137,0.8333333333333334,0.822568337896674,1.0,6.123233995736766e-17,0.8486442574947509,0.5289640103269624,-0.433883739117558,-0.9009688679024191
-0.047891241425255957,-0.05218578636444016,-0.03509136972648951,-0.09359343469264243,0.2341933875007947,0.8333333333333334,0.8226132232146866,1.0,6.123233995736766e-17,0.9377521321470804,0.3473052528448203,-0.9749279121818236,-0.2225209339563146
-0.058268944111685136,-0.07410799180360525,-0.07410799180360525,-0.058268944111685136,0.7672551527136672,0.8333333333333334,0.8227478791687239,1.0,6.123233995736766e-17,0.9680771188662043,-0.2506525322587204,0.7818314824680298,0.6234898018587336
0.0,0.034029806537639325,0.034029806537639325,0.06952608755801372,-0.7242377676299764,0.8333333333333334,0.8227927644867364,1.0,6.123233995736766e-17,0.8978045395707416,-0.4403941515576344,0.9749279121818236,-0.22252093395631434
-0.020202687854778488,-0.02255732518196432,-0.02255732518196432,-0.08972877541279216,0.5275274733839221,0.8333333333333334,0.8228376498047489,1.0,6.123233995736766e-17,0.7907757369376989,-0.6121059825476626,0.43388373911755823,-0.900968867902419
-0.12597978258687392,-0.15161908063893262,-0.17852650766464306,-0.11676313659580966,-0.04445176257083381,0.8333333333333334,0.8228825351227614,1.0,6.123233995736766e-17,0.6513724827222223,-0.758758122692791,-0.433883739117558,-0.9009688679024191
0.009216645991064322,0.09289375880341605,0.05310977486487595,0.004576662532905499,0.5352014297641354,0.8333333333333334,0.8229274204407738,1.0,6.123233995736766e-17,0.48530196253108104,-0.8743466161445821,-0.9749279121818236,-0.2225209339563146
-0.16413925544584287,-0.1568425331654581,-0.11886120187899454,-0.04196427064015899,0.018832948333092178,0.8333333333333334,0.8230620763948113,1.0,6.123233995736766e-17,-0.10116832198743204,-0.9948693233918952,0.7818314824680298,0.6234898018587336
0.05264374505111866,0.09015112220120755,0.019231344291746166,0.0,0.050920090427256946,0.8333333333333334,0.8231069617128238,1.0,6.123233995736766e-17,-0.29936312297335776,-0.9541392564000489,0.9749279121818236,-0.22252093395631434
-0.10821360909342011,-0.13353137794357536,-0.1321717095548755,-0.07410790228747088,0.22456098599518315,0.8333333333333334,0.8231518470308362,1.0,6.123233995736766e-17,-0.4853019625310808,-0.8743466161445822,0.43388373911755823,-0.900968867902419
0.16793278709199833,0.03390152035632677,0.12260226727200647,0.05971917799857831,-2.6884142265853512,0.8333333333333334,0.8231967323488487,1.0,6.123233995736766e-17,-0.6513724827222217,-0.7587581226927913,-0.433883739117558,-0.9009688679024191
-0.1342217613632004,0.041964270640159014,-0.1335313271249127,0.05635299492905148,1.4759065198095778,0.8333333333333334,0.8232416176668612,1.0,6.123233995736766e-17,-0.7907757369376986,-0.6121059825476627,-0.9749279121818236,-0.2225209339563146
0.021858838313503486,-0.0907543893965273,0.09431065065141353,-0.16871591797874846,0.7259370033829363,0.8333333333333334,0.8233762736208987,1.0,6.123233995736766e-17,-0.9987165071710528,-0.05064916883871355,0.7818314824680298,0.6234898018587336
0.005390843438307659,-0.005012537031211045,-0.005012537031211045,0.026668221646324243,0.013730192811902037,0.8333333333333334,0.8234211589389111,1.0,6.123233995736766e-17,-0.9884683243281114,0.15142777750457667,0.9749279121818236,-0.22252093395631434
0.04725290161281101,0.024815145627894136,0.019901135431252496,0.05129330693589695,-1.8971199848858813,0.8333333333333334,0.8234660442569236,1.0,6.123233995736766e-17,-0.9377521321470804,0.3473052528448203,0.43388373911755823,-0.900968867902419
0.030305320297493388,0.04785608889777288,-0.009901061633650766,0.04879011875636829,0.9578397347870274,0.8333333333333334,0.8235109295749361,1.0,6.123233995736766e-17,-0.8486442574947509,0.5289640103269624,-0.433883739117558,-0.9009688679024191
-0.05103149274350507,0.02765150398428485,0.039029307583067795,0.0,-0.4289956055183584,0.8333333333333334,0.8235558148929486,1.0,6.123233995736766e-17,-0.7247927872291207,0.6889669190756859,-0.9749279121818236,-0.2225209339563146
0.02072617244601175,-0.013730179327818531,0.03756317780146399,0.01886857873808785,-0.8064758658669484,0.8333333333333334,0.823690470846986,1.0,6.123233995736766e-17,-0.20129852008866114,0.9795299412524943,0.7818314824680298,0.6234898018587336
0.050010372861124634,-0.0186051692614049,-0.0186051692614049,-0.042966108164434,0.1823215567939546,0.8333333333333334,0.8237353561649985,1.0,6.123233995736766e-17,-2.4492935982947064e-16,1.0,0.9749279121818236,-0.22252093395631434
-0.0759858962659189,-0.02857345842204175,-0.04808625448947603,-0.06551460620201918,1.410986973710262,0.8333333333333334,0.823780241483011,0.8660254037844387,-0.4999999999999998,0.20129852008866006,0.9795299412524945,0.43388373911755823,-0.900968867902419
0.0,-0.029413857701085,-0.06618190533593832,0.04580955363838799,-0.30132484885556743,0.8333333333333334,0.8238251268010235,0.8660254037844387,-0.4999999999999998,0.39435585511331855,0.9189578116202306,-0.433883739117558,-0.9009688679024191
0.0,0.0,0.05628084370228767,0.0,-0.45041649597043076,0.8333333333333334,0.8238700121190359,0.8660254037844387,-0.4999999999999998,0.5712682150947923,0.8207634412072763,-0.9749279121818236,-0.2225209339563146
0.04628076990468591,0.004962784644457254,-0.010000073797601792,-0.004987536766390735,0.7993693938152527,0.8333333333333334,0.8240046680730734,0.8660254037844387,-0.4999999999999998,0.9377521321470804,0.3473052528448203,0.7818314824680298,0.6234898018587336
-0.020305246499891533,0.014742267919173921,0.01000007379760166,-0.005012537031211045,0.3331444465285383,0.8333333333333334,0.8240495533910859,0.8660254037844387,-0.4999999999999998,0.9884683243281114,0.1514277775045767,0.9749279121818236,-0.22252093395631434
-0.005141394458524434,0.0,-0.035446714756017725,0.01000007379760166,0.09531017980432493,0.8333333333333334,0.8240944387090983,0.8660254037844387,-0.4999999999999998,0.9987165071710528,-0.05064916883871264,0.43388373911755823,-0.900968867902419
-0.010362838882370162,0.009708805137453721,0.06486057245710282,-0.010000073797601792,-0.14077255388108215,0.8333333333333334,0.8241393240271108,0.8660254037844387,-0.4999999999999998,0.9680771188662043,-0.2506525322587204,-0.433883739117558,-0.9009688679024191
-0.021053389382458158,-0.039413931498686834,-0.039413931498686834,-0.05155782202602706,0.2415772530030478,0.8333333333333334,0.8243188652991607,0.8660254037844387,-0.4999999999999998,0.48530196253108104,-0.8743466161445821,0.7818314824680298,0.6234898018587336
0.02105338938245812,0.005012537031210991,-0.0101010862558781,0.031252575526135445,-0.28920530199230243,0.8333333333333334,0.8243637506171732,0.8660254037844387,-0.4999999999999998,0.29936312297335804,-0.9541392564000488,0.9749279121818236,-0.22252093395631434
-0.031748668271916365,0.0,0.015113623287089218,-0.0365576227233528,-0.037271394797231655,0.8333333333333334,0.8244086359351857,0.8660254037844387,-0.4999999999999998,0.10116832198743272,-0.994869323391895,0.43388373911755823,-0.900968867902419
0.005361938000394903,-0.025317783531102575,-0.05657035905723811,-0.005333340889063379,-0.596686914372383,0.8333333333333334,0.8244535212531982,0.8660254037844387,-0.4999999999999998,-0.10116832198743204,-0.9948693233918952,-0.433883739117558,-0.9009688679024191
0.01063838808628069,0.0,0.031252575526135445,0.026386730271521622,0.1975309754574835,0.8333333333333334,0.8244984065712107,0.8660254037844387,-0.4999999999999998,-0.29936312297335776,-0.9541392564000489,-0.9749279121818236,-0.2225209339563146
0.010526403080123732,0.02531778353110258,0.015267457310675036,-0.005221939105117153,0.8130244578194434,0.8333333333333334,0.824633062525248,0.8660254037844387,-0.4999999999999998,-0.7907757369376986,-0.6121059825476627,0.7818314824680298,0.6234898018587336
-0.01583145027734096,-0.020202687854778488,-0.035993629756686726,0.015584777987487237,-1.9799559904650303,0.8333333333333334,0.8246779478432605,0.8660254037844387,-0.4999999999999998,-0.8978045395707417,-0.44039415155763423,0.9749279121818236,-0.22252093395631434
0.0,0.020202687854778384,0.04604395597711438,-0.02083412894626986,1.7661826274384054,0.8333333333333334,0.824722833161273,0.8660254037844387,-0.4999999999999998,-0.9680771188662041,-0.2506525322587213,0.43388373911755823,-0.900968867902419
-0.021506184544051773,-0.015113623287089144,-0.035627204820398856,0.025975523404794403,-1.8614928072427301,0.8333333333333334,0.8247677184792854,0.8660254037844387,-0.4999999999999998,-0.9987165071710528,-0.05064916883871355,-0.433883739117558,-0.9009688679024191
0.032088283862610374,-0.010204160244013445,-0.010416751156715455,-0.02072617244601174,0.7884573603642703,0.8333333333333334,0.8248126037972979,0.8660254037844387,-0.4999999999999998,-0.9884683243281114,0.15142777750457667,-0.9749279121818236,-0.2225209339563146
-0.005277052121341222,0.0,0.005221939105117212,0.010416751156715365,0.6623755218931916,0.8333333333333334,0.8249472597513354,0.8660254037844387,-0.4999999999999998,-0.7247927872291207,0.6889669190756859,0.7818314824680298,0.6234898018587336
-0.01600032608667548,0.01020416024401339,0.025708393584907924,-0.010416751156715455,0.2954642128938359,0.8333333333333334,0.8249921450693478,0.8660254037844387,-0.4999999999999998,-0.5712682150947924,0.8207634412072763,0.9749279121818236,-0.22252093395631434
0.021277378208016763,0.00506329706666151,0.00506329706666151,0.02072617244601175,-0.11705655542101755,0.8333333333333334,0.8250370303873603,0.8660254037844387,-0.4999999999999998,-0.3943558551133187,0.9189578116202306,0.43388373911755823,-0.900968867902419
-0.021277378208016652,-0.020408851769199408,-0.06252035892348594,-0.02597552340479427,0.25782910930209985,0.8333333333333334,0.8250819157053728,0.8660254037844387,-0.4999999999999998,-0.20129852008866114,0.9795299412524943,-0.433883739117558,-0.9009688679024191
0.0,-0.010362838882370162,0.0,-0.015915440207621832,-0.3184537311185346,0.8333333333333334,0.8251268010233853,0.5000000000000003,-0.8660254037844385,0.20129852008866006,0.9795299412524945,-0.9749279121818236,-0.2225209339563146
-0.03278985700486635,-0.010471290063899706,0.005361938000394903,-0.02162244311208953,0.28768207245178085,0.8333333333333334,0.8252614569774227,0.5000000000000003,-0.8660254037844385,0.72479278722912,0.6889669190756866,0.7818314824680298,0.6234898018587336
0.005540175253055282,0.010471290063899701,-0.0326116197522059,0.021622443112089516,-1.3454723665996353,0.8333333333333334,0.8253063422954352,0.5000000000000003,-0.8660254037844385,0.8486442574947509,0.5289640103269624,0.9749279121818236,-0.22252093395631434
0.01098917664011634,0.005194812051598424,0.06419316207532574,0.015915440207621843,1.6639260977181702,0.8333333333333334,0.8253512276134477,0.5000000000000003,-0.8660254037844385,0.9377521321470804,0.3473052528448203,0.43388373911755823,-0.900968867902419
0.005449599457100964,-0.005194812051598307,-0.04775438597810834,-0.021277378208016652,-0.11636358900215722,0.8333333333333334,0.8253961129314602,0.5000000000000003,-0.8660254037844385,0.9884683243281114,0.1514277775045767,-0.433883739117558,-0.9009688679024191
0.021506184544051815,0.0,0.042559573926509976,0.026526729166799178,-1.3164507877526264,0.8333333333333334,0.8254409982494727,0.5000000000000003,-0.8660254037844385,0.9987165071710528,-0.05064916883871264,-0.9749279121818236,-0.2225209339563146
-0.021506184544051773,0.0,0.0,-0.03191757260510686,0.9748590860252224,0.8333333333333334,0.8255756542035101,0.5000000000000003,-0.8660254037844385,0.7907757369376989,-0.6121059825476626,0.7818314824680298,0.6234898018587336
-0.021978951350272766,-0.026386730271521545,-0.04255957392650997,-0.02185883831350347,0.3626451109252362,0.8333333333333334,0.8256205395215226,0.5000000000000003,-0.8660254037844385,0.6513724827222223,-0.758758122692791,0.9749279121818236,-0.22252093395631434
-0.005571039869659899,-0.010752781438702409,0.005420062216286035,-0.011111215122715117,-0.8556661100577202,0.8333333333333334,0.8256654248395351,0.5000000000000003,-0.8660254037844385,0.48530196253108104,-0.8743466161445821,0.43388373911755823,-0.900968867902419
-0.06939199781065296,-0.02739901356655871,-0.02739901356655871,0.0,1.4081134085145304,0.8333333333333334,0.8257103101575475,0.5000000000000003,-0.8660254037844385,0.29936312297335804,-0.9541392564000488,-0.433883739117558,-0.9009688679024191
0.074963037680313,0.07490136415915277,0.0,0.059638275082543005,0.4299432351218686,0.8333333333333334,0.82575519547556,0.5000000000000003,-0.8660254037844385,0.10116832198743272,-0.994869323391895,-0.9749279121818236,-0.2225209339563146
0.032789857004866425,0.02040885176919942,0.0800427586176773,-0.015915440207621832,0.7351541201812731,0.8333333333333334,0.8258898514295975,0.5000000000000003,-0.8660254037844385,-0.4853019625310808,-0.8743466161445822,0.7818314824680298,0.6234898018587336
0.0369434803235148,0.01005032622042762,-0.010309421289296308,0.03158154232311986,-0.8828255755796084,0.8333333333333334,0.8259347367476099,0.5000000000000003,-0.8660254037844385,-0.6513724827222217,-0.7587581226927913,0.9749279121818236,-0.22252093395631434
0.01030942128929636,0.04401684434945842,0.01030942128929636,0.07964404916985723,0.7854939074217154,0.8333333333333334,0.8259796220656224,0.5000000000000003,-0.8660254037844385,-0.7907757369376986,-0.6121059825476627,0.43388373911755823,-0.900968867902419
0.06933462788056093,0.0782007841549928,0.07885850074151286,0.06931184521501932,-0.5861392180715203,0.8333333333333334,0.8260245073836349,0.5000000000000003,-0.8660254037844385,-0.8978045395707417,-0.44039415155763423,-0.433883739117558,-0.9009688679024191
0.06034318386227502,0.03905047850978422,0.06867691129404105,0.004454346091905558,-0.6828302135890131,0.8333333333333334,0.8260693927016474,0.5000000000000003,-0.8660254037844385,-0.9680771188662041,-0.2506525322587213,-0.9749279121818236,-0.2225209339563146
0.035401893431374606,0.016878122262197547,0.01754429313865675,0.03922067647349922,0.2503364330929293,0.8333333333333334,0.8262489339736973,0.5000000000000003,-0.8660254037844385,-0.8486442574947509,0.5289640103269624,0.9749279121818236,-0.22252093395631434
-0.03991656941231858,0.0,0.004338397559886872,-0.03922067647349926,-0.5100648781986816,0.8333333333333334,0.8262938192917098,0.5000000000000003,-0.8660254037844385,-0.7247927872291207,0.6889669190756859,0.43388373911755823,-0.900968867902419
0.017937683425593834,-0.03838430763332513,-0.026317283546611645,0.004434592848067803,0.48930288675025246,0.8333333333333334,0.8263387046097223,0.5000000000000003,-0.8660254037844385,-0.5712682150947924,0.8207634412072763,-0.433883739117558,-0.9009688679024191
-0.07376619130692509,-0.021978885986724647,0.0,-0.059242775614933796,0.11648719512258326,0.8333333333333334,0.8263835899277346,0.5000000000000003,-0.8660254037844385,-0.3943558551133187,0.9189578116202306,-0.9749279121818236,-0.2225209339563146
0.018958008540058968,0.021978885986724744,-0.054808182766865964,0.07678706875359073,-1.2081308144745997,0.8333333333333334,0.8265182458817721,1.2246467991473532e-16,-1.0,0.20129852008866006,0.9795299412524945,0.7818314824680298,0.6234898018587336
0.0,-0.004357301294971973,0.07242976745861873,-0.044451720164367166,0.6720937713621129,0.8333333333333334,0.8265631311997846,1.2246467991473532e-16,-1.0,0.39435585511331855,0.9189578116202306,0.9749279121818236,-0.22252093395631434
0.013986227983039808,0.004357301294971909,-0.05844353947557884,-0.009132474615119266,0.05182506786458595,0.8333333333333334,0.826608016517797,1.2246467991473532e-16,-1.0,0.5712682150947923,0.8207634412072763,0.43388373911755823,-0.900968867902419
-0.013986227983039856,-0.0131292791121591,-0.009302383378101402,0.02267668660159317,-0.2600101352484599,0.8333333333333334,0.8266529018358095,1.2246467991473532e-16,-1.0,0.72479278722912,0.6889669190756866,-0.433883739117558,-0.9009688679024191
0.03233534858922351,0.04732071267690707,0.03670133071727731,0.060888312834571204,1.1729281826439757,0.8333333333333334,0.826697787153822,1.2246467991473532e-16,-1.0,0.8486442574947509,0.5289640103269624,-0.9749279121818236,-0.2225209339563146
0.05310977486487595,0.02898750825157504,0.06959332699612278,0.012578870230597415,-0.3980601601015867,0.8333333333333334,0.8268324431078595,1.2246467991473532e-16,-1.0,0.9987165071710528,-0.05064916883871264,0.7818314824680298,0.6234898018587336
-0.03956556287840182,-0.0289875082515751,-0.012685248193620501,-0.055688953999434625,-0.04949463760469574,0.8333333333333334,0.8268773284258719,1.2246467991473532e-16,-1.0,0.9680771188662043,-0.2506525322587204,0.9749279121818236,-0.22252093395631434
0.008928622191168457,0.04115803210001128,-0.034635464483286596,0.04732071267690707,0.5242655572743418,0.8333333333333334,0.8269222137438844,1.2246467991473532e-16,-1.0,0.8978045395707416,-0.4403941515576344,0.43388373911755823,-0.900968867902419
0.008849606874565697,0.008032164006342388,0.08443833913208021,0.016667035927216762,0.637166016506465,0.8333333333333334,0.8269670990618969,1.2246467991473532e-16,-1.0,0.7907757369376989,-0.6121059825476626,-0.433883739117558,-0.9009688679024191
0.0,-0.04082195478382607,-0.028749385132645605,-0.01666703592721668,-0.81026862174959,0.8333333333333334,0.8270119843799094,1.2246467991473532e-16,-1.0,0.6513724827222223,-0.758758122692791,-0.9749279121818236,-0.2225209339563146
0.013129279112159121,0.0,0.0,-0.02553337886423942,-0.04722888360247945,0.8333333333333334,0.8271466403339468,1.2246467991473532e-16,-1.0,0.10116832198743272,-0.994869323391895,0.7818314824680298,0.6234898018587336
-0.021978885986724647,-0.004175367253950448,-0.004175367253950448,-0.00431965714062166,0.029210378099801197,0.8333333333333334,0.8271915256519593,1.2246467991473532e-16,-1.0,-0.10116832198743204,-0.9948693233918952,0.9749279121818236,-0.22252093395631434
0.013245214201674292,-0.01263183524978237,-0.02114251714655057,-0.01307206934493735,-1.7827096337081372,0.8333333333333334,0.8272364109699718,1.2246467991473532e-16,-1.0,-0.29936312297335776,-0.9541392564000489,0.43388373911755823,-0.900968867902419
-0.049448227707135334,-0.02575247238354272,-0.034786083625431376,-0.0311828976272682,0.7876380239808678,0.8333333333333334,0.8272812962879843,1.2246467991473532e-16,-1.0,-0.4853019625310808,-0.8743466161445822,-0.433883739117558,-0.9009688679024191
0.018265330079867182,-0.004357301294971973,-0.013363215039236369,0.017937683425593834,-0.15963014559188396,0.8333333333333334,0.8273261816059967,1.2246467991473532e-16,-1.0,-0.6513724827222217,-0.7587581226927913,-0.9749279121818236,-0.2225209339563146
-0.004535150752048731,0.013015355995480675,-0.004494385253481444,-0.017937683425593903,0.0047961722634930135,0.8333333333333334,0.8274608375600342,1.2246467991473532e-16,-1.0,-0.9680771188662041,-0.2506525322587213,0.7818314824680298,0.6234898018587336
0.0045351507520485805,-0.02178733381266773,-0.004514675980943847,0.017937683425593834,0.278066613752339,0.8333333333333334,0.8275057228780467,1.2246467991473532e-16,-1.0,-0.9987165071710528,-0.05064916883871355,0.9749279121818236,-0.22252093395631434
-0.00909096283426231,-0.008849606874565673,0.004514675980943794,-0.013423007444650008,-0.8412773726056205,0.8333333333333334,0.8275506081960591,1.2246467991473532e-16,-1.0,-0.9884683243281114,0.15142777750457667,0.43388373911755823,-0.900968867902419
-0.03248553525411804,-0.00892862219116849,-0.004514675980943847,0.004494385253481471,0.9574488043676626,0.8333333333333334,0.8275954935140716,1.2246467991473532e-16,-1.0,-0.9377521321470804,0.3473052528448203,-0.433883739117558,-0.9009688679024191
0.04609117406932424,0.02217383639284286,0.013483337333688235,0.013363215039236298,-0.20714320996776867,0.8333333333333334,0.8276403788320841,1.2246467991473532e-16,-1.0,-0.8486442574947509,0.5289640103269624,-0.9749279121818236,-0.2225209339563146
0.008968661352744326,0.042925105349798376,0.0,0.043296765522199646,-0.0783906339457227,0.8333333333333334,0.8277750347861215,1.2246467991473532e-16,-1.0,-0.3943558551133187,0.9189578116202306,0.7818314824680298,0.6234898018587336
0.0,0.008368241322527527,0.06899290696590589,-0.03448614416859313,-1.6443759637953808,0.8333333333333334,0.827819920104134,1.2246467991473532e-16,-1.0,-0.20129852008866114,0.9795299412524943,0.9749279121818236,-0.22252093395631434
-0.008968661352744359,-0.004175367253950448,-0.03822127732738856,0.034486144168593025,1.4816045409242156,0.8333333333333334,0.8278648054221465,-0.4999999999999997,-0.8660254037844388,0.20129852008866006,0.9795299412524945,0.43388373911755823,-0.900968867902419
0.12277554057251443,0.22731887883173113,0.08303524958125288,0.16738000757392799,2.929711172456197,0.8333333333333334,0.827909690740159,-0.4999999999999997,-0.8660254037844388,0.39435585511331855,0.9189578116202306,-0.433883739117558,-0.9009688679024191
0.20139479050989537,0.20972054386955974,0.2239400839849411,0.20067073430519092,0.5319127523845265,0.8333333333333334,0.8280892320122089,-0.4999999999999997,-0.8660254037844388,0.9377521321470804,0.3473052528448203,0.7818314824680298,0.6234898018587336
-0.056966769976339496,0.0729489915510101,0.18814317570003627,-0.05733094802423365,-0.2551478929566133,0.8333333333333334,0.8281341173302214,-0.4999999999999997,-0.8660254037844388,0.9884683243281114,0.1514277775045767,0.9749279121818236,-0.22252093395631434
-0.03509136972648951,-0.19649184501238803,-0.2009639283017581,-0.12206240762317945,-1.029660326179098,0.8333333333333334,0.8281790026482339,-0.4999999999999997,-0.8660254037844388,0.9987165071710528,-0.05064916883871264,0.43388373911755823,-0.900968867902419
0.0,0.009132474946532125,-0.06669131084966345,-0.017699560667042254,-0.38505623647695725,0.8333333333333334,0.8282238879662462,-0.4999999999999997,-0.8660254037844388,0.9680771188662043,-0.2506525322587204,-0.433883739117558,-0.9009688679024191
0.0071174611259955806,-0.030771629315981694,0.03056262071439213,0.014184621799781118,-0.2632906193276218,0.8333333333333334,0.8282687732842587,-0.4999999999999997,-0.8660254037844388,0.8978045395707416,-0.4403941515576344,-0.9749279121818236,-0.2225209339563146
-0.12044612940310015,-0.1193468027558011,-0.051469368641100494,-0.12751329007688575,0.7318200985749048,0.8333333333333334,0.8284034292382962,-0.4999999999999997,-0.8660254037844388,0.48530196253108104,-0.8743466161445821,0.7818314824680298,0.6234898018587336
0.0,-0.05798720251887208,-0.1235212726068475,0.023716504265574045,-1.1959265828503067,0.8333333333333334,0.8284483145563087,-0.4999999999999997,-0.8660254037844388,0.29936312297335804,-0.9541392564000488,0.9749279121818236,-0.22252093395631434
0.03922067647349922,0.029413856841548108,0.046701140359135924,0.07522344013398782,-0.14605346959463894,0.8333333333333334,0.8284931998743211,-0.4999999999999997,-0.8660254037844388,0.10116832198743272,-0.994869323391895,0.43388373911755823,-0.900968867902419
0.015267548546999675,0.02504600842243766,0.05186342361018269,-0.029413856841548097,-0.1358381987224377,0.8333333333333334,0.8285380851923336,-0.4999999999999997,-0.8660254037844388,-0.10116832198743204,-0.9948693233918952,-0.433883739117558,-0.9009688679024191
-0.015267548546999533,-0.054459865263985885,-0.03303049388134318,-0.030305411084514525,-0.3181650891768568,0.8333333333333334,0.8285829705103461,-0.4999999999999997,-0.8660254037844388,-0.29936312297335776,-0.9541392564000489,-0.9749279121818236,-0.2225209339563146
-0.08004263125732523,-0.030305411084514525,-0.030305411084514525,-0.07588462523069772,1.2256411038050654,0.8333333333333334,0.8287176264643835,-0.4999999999999997,-0.8660254037844388,-0.7907757369376986,-0.6121059825476627,0.7818314824680298,0.6234898018587336
0.0,0.0633359049658576,-0.08004263125732523,0.09493289286888375,0.18650663614115906,0.8333333333333334,0.828762511782396,-0.4999999999999997,-0.8660254037844388,-0.8978045395707417,-0.44039415155763423,0.9749279121818236,-0.22252093395631434
0.05275051434070869,-0.025595522642593207,0.09909089889551119,-0.046340384554802584,-0.6470491058595826,0.8333333333333334,0.8288073971004085,-0.4999999999999997,-0.8660254037844388,-0.9680771188662041,-0.2506525322587213,0.43388373911755823,-0.900968867902419
-0.003960397476549598,-0.007434971238749889,-0.042395609973888346,-0.003960397476549598,-0.8306959165724551,0.8333333333333334,0.828852282418421,-0.4999999999999997,-0.8660254037844388,-0.9987165071710528,-0.05064916883871355,-0.433883739117558,-0.9009688679024191
-0.007968162080333081,-0.030305411084514525,-0.015873334137796888,0.0,-0.37376937729803245,0.8333333333333334,0.8288971677364335,-0.4999999999999997,-0.8660254037844388,-0.9884683243281114,0.15142777750457667,-0.9749279121818236,-0.2225209339563146
0.007968162080333152,0.015267548546999675,0.007968162080333152,0.015748342185240974,0.6782585680661947,0.8333333333333334,0.8290318236904709,-0.4999999999999997,-0.8660254037844388,-0.7247927872291207,0.6889669190756859,0.7818314824680298,0.6234898018587336
-0.04879011686415913,0.00378071909118631,0.01964697897707497,-0.06453845904940003,0.31298425531399915,0.8333333333333334,0.8290767090084834,-0.4999999999999997,-0.8660254037844388,-0.5712682150947924,0.8207634412072763,0.9749279121818236,-0.22252093395631434
-0.04255967488727559,-0.058268944111685136,-0.027615141057407946,-0.04255967488727559,-0.16026316829633538,0.8333333333333334,0.8291215943264959,-0.4999999999999997,-0.8660254037844388,-0.3943558551133187,0.9189578116202306,0.43388373911755823,-0.900968867902419
-0.021978885986724647,-0.032523160179136874,-0.074723574970593,-0.004357301294971973,-0.5606893253439468,0.8333333333333334,0.8291664796445083,-0.4999999999999997,-0.8660254037844388,-0.20129852008866114,0.9795299412524943,-0.433883739117558,-0.9009688679024191
0.0,-0.01666703592721668,-0.02178733381266773,0.01731643392534468,0.2425037985987511,0.8333333333333334,0.8292113649625208,-0.4999999999999997,-0.8660254037844388,-2.4492935982947064e-16,1.0,-0.9749279121818236,-0.2225209339563146
0.0,-0.0298530360048611,0.0,-0.008620735070485731,0.29868328351375445,0.8333333333333334,0.8293460209165583,-0.8660254037844385,-0.5000000000000004,0.5712682150947923,0.8207634412072763,0.7818314824680298,0.6234898018587336
0.008849606874565697,0.02141407482365579,0.004395607327108693,0.01716778781124057,-0.4934716090728391,0.8333333333333334,0.8293909062345707,-0.8660254037844385,-0.5000000000000004,0.72479278722912,0.6889669190756866,0.9749279121818236,-0.22252093395631434
0.0388817514957018,0.033336488169521845,0.034486144168593025,0.03758277518193711,-0.5813557745718286,0.8333333333333334,0.8294357915525832,-0.8660254037844385,-0.5000000000000004,0.8486442574947509,0.5289640103269624,0.43388373911755823,-0.900968867902419
-0.047731358370267464,-0.01237127963916149,0.02096520853036046,-0.07663325369172141,1.726650985122646,0.8333333333333334,0.8294806768705957,-0.8660254037844385,-0.5000000000000004,0.9377521321470804,0.3473052528448203,-0.433883739117558,-0.9009688679024191
-0.017937683425593903,-0.02521149554277554,-0.08663425032622164,0.03905047850978422,-1.8206799347709222,0.8333333333333334,0.8295255621886082,-0.8660254037844385,-0.5000000000000004,0.9884683243281114,0.1514277775045767,-0.9749279121818236,-0.2225209339563146
0.03991656941231863,0.01268524819362047,0.05287570204269114,-0.004264394884352925,1.0603301020970928,0.8333333333333334,0.8296602181426456,-0.8660254037844385,-0.5000000000000004,0.8978045395707416,-0.4403941515576344,0.7818314824680298,0.6234898018587336
0.004338397559886872,0.024897526988316567,0.004282657856401812,0.012739014169903515,-0.2509660569135089,0.8333333333333334,0.8297051034606581,-0.8660254037844385,-0.5000000000000004,0.7907757369376989,-0.6121059825476626,0.9749279121818236,-0.22252093395631434
0.0,-0.00823049106109974,0.012739014169903515,-0.004228332273135299,-1.1017520086727774,0.8333333333333334,0.8297499887786706,-0.8660254037844385,-0.5000000000000004,0.6513724827222223,-0.758758122692791,0.43388373911755823,-0.900968867902419
0.008620735070485726,-0.008298794604689195,-0.012739014169903484,-0.004246287012415234,0.9784679768260465,0.8333333333333334,0.8297948740966831,-0.8660254037844385,-0.5000000000000004,0.48530196253108104,-0.8743466161445821,-0.433883739117558,-0.9009688679024191
-0.004301077929863997,-0.008368241322527534,0.004264394884352982,0.0042462870124152785,0.2414153175501652,0.8333333333333334,0.8298397594146955,-0.8660254037844385,-0.5000000000000004,0.29936312297335804,-0.9541392564000488,-0.9749279121818236,-0.2225209339563146
0.017094417683034057,0.06899280470303674,0.016878122262197547,0.04959699328121657,0.6013128471469731,0.8333333333333334,0.829974415368733,-0.8660254037844385,-0.5000000000000004,-0.29936312297335776,-0.9541392564000489,0.7818314824680298,0.6234898018587336
0.041499790864574636,0.023256840670592614,0.044997322037776566,0.035647305063750294,-0.8973865772350025,0.8333333333333334,0.8300193006867455,-0.8660254037844385,-0.5000000000000004,-0.4853019625310808,-0.8743466161445822,0.9749279121818236,-0.22252093395631434
0.0,0.022728319845238397,0.03922067647349922,-0.04374450748039233,0.04037245529038763,0.8333333333333334,0.830064186004758,-0.8660254037844385,-0.5000000000000004,-0.6513724827222217,-0.7587581226927913,0.43388373911755823,-0.900968867902419
-0.037271458591439245,-0.07786033876369451,-0.08004263125732523,-0.028867955614792263,-0.1222895777582742,0.8333333333333334,0.8301090713227703,-0.8660254037844385,-0.5000000000000004,-0.7907757369376986,-0.6121059825476627,-0.433883739117558,-0.9009688679024191
-0.008474619285550513,-0.020450590527956374,0.008298794604689132,0.008333373280578048,0.3147513944199989,0.8333333333333334,0.8301539566407828,-0.8660254037844385,-0.5000000000000004,-0.8978045395707417,-0.44039415155763423,-0.9749279121818236,-0.2225209339563146
-0.021506185371127483,0.004123713129538078,0.004123713129538078,-0.02521149554277554,0.38447483221632855,0.8333333333333334,0.8302886125948203,-0.8660254037844385,-0.5000000000000004,-0.9884683243281114,0.15142777750457667,0.7818314824680298,0.6234898018587336
0.025752472383542852,0.028399447049598688,-0.029229710237960217,0.061875444299974075,-1.2487307049674294,0.8333333333333334,0.8303334979128327,-0.8660254037844385,-0.5000000000000004,-0.9377521321470804,0.3473052528448203,0.9749279121818236,-0.22252093395631434
0.0,-0.01612936642298425,0.03742646943278032,-0.036663948757198465,0.31203110146206736,0.8333333333333334,0.8303783832308452,-0.8660254037844385,-0.5000000000000004,-0.8486442574947509,0.5289640103269624,0.43388373911755823,-0.900968867902419
-0.004246287012415234,0.0040567967718039485,0.0,0.008264501707599735,-1.684339220607218,0.8333333333333334,0.8304232685488577,-0.8660254037844385,-0.5000000000000004,-0.7247927872291207,0.6889669190756859,-0.433883739117558,-0.9009688679024191
0.0,-0.01632687739841828,-0.01646126090242003,-0.0041237131295381434,2.7638702711999,0.8333333333333334,0.8304681538668702,-0.8660254037844385,-0.5000000000000004,-0.5712682150947924,0.8207634412072763,-0.9749279121818236,-0.2225209339563146
0.0,-0.0041237131295381434,0.004140788578061737,-0.029352284120837194,-1.1379030568145891,0.8333333333333334,0.8306028098209076,-0.8660254037844385,-0.5000000000000004,-2.4492935982947064e-16,1.0,0.7818314824680298,0.6234898018587336
-0.04348507135785223,-0.01666703592721668,-0.029352284120837194,-0.04348507135785223,1.0307896923293485,0.8333333333333334,0.8306476951389201,-1.0,-1.8369701987210297e-16,0.20129852008866006,0.9795299412524945,0.9749279121818236,-0.22252093395631434
-0.00892862219116849,-0.02123230093437536,-0.04793941744975783,0.03493801861709743,-0.8331040737106509,0.8333333333333334,0.8306925804569326,-1.0,-1.8369701987210297e-16,0.39435585511331855,0.9189578116202306,0.43388373911755823,-0.900968867902419
0.02217383639284286,0.008547052740754738,0.030771629638517237,0.0,-1.0896836579238083,0.8333333333333334,0.8307374657749451,-1.0,-1.8369701987210297e-16,0.5712682150947923,0.8207634412072763,-0.433883739117558,-0.9009688679024191
0.004376370490078383,-0.008547052740754846,0.008620735070485726,-0.008620735070485731,2.151762203259462,0.8333333333333334,0.8307823510929575,-1.0,-1.8369701987210297e-16,0.72479278722912,0.6889669190756866,-0.9749279121818236,-0.2225209339563146
-0.026550206882921295,0.21538830358993644,-0.008620735070485731,0.21357408838903882,0.4825218476031389,0.8333333333333334,0.8309618923650075,-1.0,-1.8369701987210297e-16,0.9987165071710528,-0.05064916883871264,0.9749279121818236,-0.22252093395631434
0.2453173667931416,0.03735575024474719,0.21706449013370432,0.027588012661351986,0.13077640495638868,0.8333333333333334,0.8310067776830199,-1.0,-1.8369701987210297e-16,0.9680771188662043,-0.2506525322587204,0.43388373911755823,-0.900968867902419
-0.061502141386133045,-0.020202687854778488,0.006944548526718014,-0.052368018652807075,-0.28349270729650394,0.8333333333333334,0.8310516630010324,-1.0,-1.8369701987210297e-16,0.8978045395707416,-0.4403941515576344,-0.433883739117558,-0.9009688679024191
0.033030493881343125,0.020202687854778384,-0.03880562101226635,0.04896086365247956,0.1536727825660721,0.8333333333333334,0.8310965483190449,-1.0,-1.8369701987210297e-16,0.7907757369376989,-0.6121059825476626,-0.9749279121818236,-0.2225209339563146
-0.02189866434552886,0.02306525118597887,0.049132724997157345,0.04341245145178906,0.016121733717079794,0.8333333333333334,0.8312312042730823,-1.0,-1.8369701987210297e-16,0.29936312297335804,-0.9541392564000488,0.7818314824680298,0.6234898018587336
0.08485653754771665,0.012945152605807753,0.06303905005164273,-0.019802608596683105,-0.7826417544414542,0.8333333333333334,0.8312760895910948,-1.0,-1.8369701987210297e-16,0.10116832198743272,-0.994869323391895,0.9749279121818236,-0.22252093395631434
-0.010221544107446278,-0.03601040379178664,-0.03601040379178664,-0.020202687854778488,-0.5549968420791281,0.8333333333333334,0.8313209749091073,-1.0,-1.8369701987210297e-16,-0.10116832198743204,-0.9948693233918952,0.43388373911755823,-0.900968867902419
-0.02426468158995163,0.1426563114266598,-0.044300298771465095,0.15123097256935356,1.746547126406507,0.8333333333333334,0.8313658602271198,-1.0,-1.8369701987210297e-16,-0.29936312297335776,-0.9541392564000489,-0.433883739117558,-0.9009688679024191
0.05129332784980774,0.045205394129396594,0.12434300644500147,-0.11449899839736974,0.4354283592935436,0.8333333333333334,0.8314107455451323,-1.0,-1.8369701987210297e-16,-0.4853019625310808,-0.8743466161445822,-0.9749279121818236,-0.2225209339563146
0.0,-0.039441694956896096,-0.0602400990768533,0.022691390156293966,-1.018600686644917,0.8333333333333334,0.8315454014991697,-1.0,-1.8369701987210297e-16,-0.8978045395707417,-0.44039415155763423,0.7818314824680298,0.6234898018587336
-0.0654278256856082,-0.0714589665195926,0.044735927442049156,-0.09755628044545428,0.3218075632169661,0.8333333333333334,0.8315902868171822,-1.0,-1.8369701987210297e-16,-0.9680771188662041,-0.2506525322587213,0.9749279121818236,-0.22252093395631434
-0.1168937311083464,-0.1352966480515227,-0.1662021757388588,-0.06571700871031438,0.22573758649125641,0.8333333333333334,0.8316351721351947,-1.0,-1.8369701987210297e-16,-0.9987165071710528,-0.05064916883871355,0.43388373911755823,-0.900968867902419
0.027615141057408078,-0.025046008422437746,-0.053042776036420006,-0.01520949484440939,-1.1295256348332028,0.8333333333333334,0.8316800574532071,-1.0,-1.8369701987210297e-16,-0.9884683243281114,0.15142777750457667,-0.433883739117558,-0.9009688679024191
-0.027615141057407946,-0.06744130691148793,0.003883496430666036,-0.03509128718694264,-0.6480856884288253,0.8333333333333334,0.8317249427712196,-1.0,-1.8369701987210297e-16,-0.9377521321470804,0.3473052528448203,-0.9749279121818236,-0.2225209339563146
0.0,0.0,-0.01957007793119124,-0.007968162080333081,-0.42872197027243175,0.8333333333333334,0.831859598725257,-1.0,-1.8369701987210297e-16,-0.5712682150947924,0.8207634412072763,0.7818314824680298,0.6234898018587336
-0.004008017567521535,-0.01957007793119124,-0.007936542086844512,0.0,0.7419373447293773,0.8333333333333334,0.8319044840432696,-1.0,-1.8369701987210297e-16,-0.3943558551133187,0.9189578116202306,0.9749279121818236,-0.22252093395631434
-0.04518217853883205,0.0,-0.003992017470038185,-0.00803216400634236,0.5806025015651508,0.8333333333333334,0.8319493693612819,-1.0,-1.8369701987210297e-16,-0.20129852008866114,0.9795299412524943,0.43388373911755823,-0.900968867902419
-0.008438961181205271,-0.007936542086844512,-0.00803216400634236,-0.028631784750856155,-0.515538908218089,0.8333333333333334,0.8319942546792944,-0.866025403784439,0.49999999999999933,0.20129852008866006,0.9795299412524945,-0.433883739117558,-0.9009688679024191
-0.004246287012415234,-0.012024181476380584,-0.053843280293631744,0.0164612609024201,-1.1387783303934442,0.8333333333333334,0.8320391399973069,-0.866025403784439,0.49999999999999933,0.39435585511331855,0.9189578116202306,-0.9749279121818236,-0.2225209339563146
0.025211495542775488,0.0040241464388207845,0.03758277518193711,-0.01646126090242003,0.1376213778760477,0.8333333333333334,0.8321737959513443,-0.866025403784439,0.49999999999999933,0.8486442574947509,0.5289640103269624,0.7818314824680298,0.6234898018587336
-0.012526247349155065,-0.020284651550515627,-0.00823049106109974,-0.012526247349155065,-0.014388737452099556,0.8333333333333334,0.8322186812693568,-0.866025403784439,0.49999999999999933,0.9377521321470804,0.3473052528448203,0.9749279121818236,-0.22252093395631434
-0.012685248193620501,-0.00823049106109974,-0.01666703592721668,0.004192874068576918,0.3760512229018711,0.8333333333333334,0.8322635665873693,-0.866025403784439,0.49999999999999933,0.9884683243281114,0.1514277775045767,0.43388373911755823,-0.900968867902419
-0.030239857156177868,0.0,-0.012685248193620501,-0.016878122262197592,0.7440672709872023,0.8333333333333334,0.8323084519053818,-0.866025403784439,0.49999999999999933,0.9987165071710528,-0.05064916883871264,-0.433883739117558,-0.9009688679024191
0.0087336717850503,-0.008298794604689195,-0.004264394884352925,0.0,-0.10457280391957705,0.8333333333333334,0.8323533372233943,-0.866025403784439,0.49999999999999933,0.9680771188662043,-0.2506525322587204,-0.9749279121818236,-0.2225209339563146
0.029980804656678066,0.008298794604689132,0.021142517146550494,0.021053489516148095,-0.4213384572644545,0.8333333333333334,0.8324879931774317,-0.866025403784439,0.49999999999999933,0.6513724827222223,-0.758758122692791,0.7818314824680298,0.6234898018587336
-0.004228332273135299,0.0,0.008333373280578048,0.0,0.09893994785490365,0.8333333333333334,0.8325328784954442,-0.866025403784439,0.49999999999999933,0.48530196253108104,-0.8743466161445821,0.9749279121818236,-0.22252093395631434
-0.004246287012415234,-0.004140788578061706,-0.01673687625722509,-0.01680720250373277,-1.7083778602890038,0.8333333333333334,0.8325777638134567,-0.866025403784439,0.49999999999999933,0.29936312297335804,-0.9541392564000488,0.43388373911755823,-0.900968867902419
-0.012848130670618841,-0.012526247349155065,0.004210628908069916,0.0,1.0784095813505903,0.8333333333333334,0.8326226491314691,-0.866025403784439,0.49999999999999933,0.10116832198743272,-0.994869323391895,-0.433883739117558,-0.9009688679024191
-0.008658054700508611,-0.004210628908069958,-0.008438961181205271,-0.021414074823655743,0.44764672214445905,0.8333333333333334,0.8326675344494816,-0.866025403784439,0.49999999999999933,-0.10116832198743204,-0.9948693233918952,-0.9749279121818236,-0.2225209339563146
-0.026433232078630325,0.0,-0.008510681896768226,-0.01307206934493735,0.24889604741662438,0.8333333333333334,0.8328021904035191,-0.866025403784439,0.49999999999999933,-0.6513724827222217,-0.7587581226927913,0.7818314824680298,0.6234898018587336
0.008888938939973553,-0.029980804656678007,-0.034786083625431376,0.004376370490078383,-1.2802561090755666,0.8333333333333334,0.8328470757215315,-0.866025403784439,0.49999999999999933,-0.7907757369376986,-0.6121059825476627,0.9749279121818236,-0.22252093395631434
0.004415014026497735,0.054982182621502826,0.004415014026497735,0.05107498220887509,1.5175365501502787,0.8333333333333334,0.832891961039544,-0.866025403784439,0.49999999999999933,-0.8978045395707417,-0.44039415155763423,0.43388373911755823,-0.900968867902419
0.04732071267690707,0.12370962685392364,0.04732071267690707,0.09115217377769728,0.5557887645121211,0.8333333333333334,0.8329368463575565,-0.866025403784439,0.49999999999999933,-0.9680771188662041,-0.2506525322587213,-0.433883739117558,-0.9009688679024191
0.02898750825157504,0.0,0.1408573881127406,-0.06252038902684118,-0.029574139782476822,0.8333333333333334,0.832981731675569,-0.866025403784439,0.49999999999999933,-0.9987165071710528,-0.05064916883871355,-0.9749279121818236,-0.2225209339563146
-0.0289875082515751,-0.08338162024744226,-0.12419035218552386,-0.016260505111694693,-0.8014961839829702,0.8333333333333334,0.8331163876296064,-0.866025403784439,0.49999999999999933,-0.8486442574947509,0.5289640103269624,0.7818314824680298,0.6234898018587336
-0.008438961181205271,-0.04445171973601945,-0.008298794604689195,-0.020704652919739486,-0.9304753668661115,0.8333333333333334,0.8331612729476189,-0.866025403784439,0.49999999999999933,-0.7247927872291207,0.6889669190756859,0.9749279121818236,-0.22252093395631434
-0.03010977367851469,-0.01666703592721668,-0.04691697618224751,-0.016878122262197592,0.3184537311185346,0.8333333333333334,0.8332061582656314,-0.866025403784439,0.49999999999999933,-0.5712682150947924,0.8207634412072763,0.43388373911755823,-0.900968867902419
-0.01762158469175275,-0.004210628908069958,0.01731643392534468,0.008474619285550421,-0.5943013459233126,0.8333333333333334,0.8332510435836439,-0.866025403784439,0.49999999999999933,-0.3943558551133187,0.9189578116202306,-0.433883739117558,-0.9009688679024191
0.004434592848067803,0.012578870230597415,0.025425175002952306,-0.03871447644172849,0.8900675367750526,0.8333333333333334,0.8332959289016563,-0.866025403784439,0.49999999999999933,-0.20129852008866114,0.9795299412524943,-0.9749279121818236,-0.2225209339563146
0.0,-0.01680720250373277,-0.01263183524978237,-0.004395607327108627,-0.587786664902119,0.8333333333333334,0.8334305848556938,-0.5000000000000012,0.8660254037844379,0.39435585511331855,0.9189578116202306,0.7818314824680298,0.6234898018587336
0.01754429313865675,0.012631835249782387,-0.021414074823655743,0.01746767667204611,-0.2790240097086664,0.8333333333333334,0.8334754701737063,-0.5000000000000012,0.8660254037844379,0.5712682150947923,0.8207634412072763,0.9749279121818236,-0.22252093395631434
0.021506185371127504,0.012474161858639712,0.04652007193207784,0.01716778781124057,-0.6592456288842639,0.8333333333333334,0.8335203554917188,-0.5000000000000012,0.8660254037844379,0.72479278722912,0.6889669190756866,0.43388373911755823,-0.900968867902419
-0.017167787811240575,-0.01666703592721668,-0.020877664835286695,-0.004264394884352925,0.1445812288111075,0.8333333333333334,0.8335652408097312,-0.5000000000000012,0.8660254037844379,0.8486442574947509,0.5289640103269624,-0.433883739117558,-0.9009688679024191
-0.01746767667204602,-0.004210628908069958,-0.02564240709679105,-0.008583735786265919,0.7849547298130682,0.8333333333333334,0.8336101261277437,-0.5000000000000012,0.8660254037844379,0.9377521321470804,0.3473052528448203,-0.9749279121818236,-0.2225209339563146
0.0,0.03319813715964508,0.01290339292688759,-0.00431965714062166,0.3513978868378886,0.8333333333333334,0.8337447820817812,-0.5000000000000012,0.8660254037844379,0.9680771188662043,-0.2506525322587204,0.7818314824680298,0.6234898018587336
0.004395607327108693,-0.0289875082515751,-0.025975462271824953,0.008620735070485726,-0.2673147696273473,0.8333333333333334,0.8337896673997935,-0.5000000000000012,0.8660254037844379,0.8978045395707416,-0.4403941515576344,0.9749279121818236,-0.22252093395631434
0.0087336717850503,0.0922496453736294,0.10798863559394883,-0.004301077929863997,1.8951018207296442,0.8333333333333334,0.833834552717806,-0.5000000000000012,0.8660254037844379,0.7907757369376989,-0.6121059825476626,0.43388373911755823,-0.900968867902419
-0.021978885986724647,-0.1177830242378687,-0.10798863559394882,-0.02620234783916546,-1.3875072175451,0.8333333333333334,0.8338794380358185,-0.5000000000000012,0.8660254037844379,0.6513724827222223,-0.758758122692791,-0.433883739117558,-0.9009688679024191
0.004434592848067803,0.012848130670618959,0.0087336717850503,0.004415014026497735,0.4922067615627806,0.8333333333333334,0.833924323353831,-0.5000000000000012,0.8660254037844379,0.48530196253108104,-0.8743466161445821,-0.9749279121818236,-0.2225209339563146
0.0,-0.004264394884352925,-0.0131292791121591,-0.004415014026497771,0.04354824524573546,0.8333333333333334,0.8340589793078684,-0.5000000000000012,0.8660254037844379,-0.10116832198743204,-0.9948693233918952,0.7818314824680298,0.6234898018587336
-0.017857600292717837,-0.025975462271824953,-0.008849606874565673,-0.008888938939973515,-0.1972044874856649,0.8333333333333334,0.8341038646258809,-0.5000000000000012,0.8660254037844379,-0.29936312297335776,-0.9541392564000489,0.9749279121818236,-0.22252093395631434
-0.004514675980943847,-0.0176995602935799,-0.013423007444650008,-0.008968661352744359,-0.1941560144409575,0.8333333333333334,0.8341487499438934,-0.5000000000000012,0.8660254037844379,-0.4853019625310808,-0.8743466161445822,0.43388373911755823,-0.900968867902419
-0.018265330079867158,0.0,0.008968661352744326,-0.018182301348111753,0.12615128532690004,0.8333333333333334,0.8341936352619059,-0.5000000000000012,0.8660254037844379,-0.6513724827222217,-0.7587581226927913,-0.433883739117558,-0.9009688679024191
-0.00925931621435231,-0.013483337333688223,-0.027150962700856176,0.009132474615119254,-0.3051171342738824,0.8333333333333334,0.8342385205799183,-0.5000000000000012,0.8660254037844379,-0.7907757369376986,-0.6121059825476627,-0.9749279121818236,-0.2225209339563146
0.018433683459957093,0.05715835989909315,0.004576662532905499,0.0444517201643673,1.4305276160967162,0.8333333333333334,0.8343731765339558,-0.5000000000000012,0.8660254037844379,-0.9987165071710528,-0.05064916883871355,0.7818314824680298,0.6234898018587336
0.06196666487695358,0.062131821616805596,0.07051371761770842,0.07130906001992116,0.11671408846747836,0.8333333333333334,0.8344180618519683,-0.5000000000000012,0.8660254037844379,-0.9884683243281114,0.15142777750457667,0.9749279121818236,-0.22252093395631434
-0.004301077929863997,-0.004024146438820858,0.025211495542775488,-0.028749385132645605,-0.7560471162135156,0.8333333333333334,0.8344629471699807,-0.5000000000000012,0.8660254037844379,-0.9377521321470804,0.3473052528448203,0.43388373911755823,-0.900968867902419
0.029726252932816433,0.10697210840590418,-0.008333373280578083,0.11034804234183972,0.77825849997623,0.8333333333333334,0.8345527178060057,-0.5000000000000012,0.8660254037844379,-0.7247927872291207,0.6889669190756859,-0.9749279121818236,-0.2225209339563146
0.05692588159465921,-0.033152175287047815,0.09569047986695081,-0.02646663829073795,-0.7036625245594683,0.8333333333333334,0.8346873737600431,-0.5000000000000012,0.8660254037844379,-0.20129852008866114,0.9795299412524943,0.7818314824680298,0.6234898018587336
-0.003960397476549598,0.0,-0.02307801677176623,-0.007692338569246892,-1.1686628017131966,0.8333333333333334,0.8347322590780556,-2.4492935982947064e-16,1.0,0.20129852008866006,0.9795299412524945,0.9749279121818236,-0.22252093395631434
0.02353047540774091,-0.02656709263901477,0.007751969640620806,0.0038535657754703166,-0.26304476806639576,0.8333333333333334,0.8347771443960681,-2.4492935982947064e-16,1.0,0.39435585511331855,0.9189578116202306,0.43388373911755823,-0.900968867902419
0.007722038985425329,0.0918075524706476,0.0038535657754703166,0.0633359049658576,2.089348061882628,0.8333333333333334,0.8348220297140806,-2.4492935982947064e-16,1.0,0.5712682150947923,0.8207634412072763,-0.433883739117558,-0.9009688679024191
0.007662865745610478,-0.021277378657777766,0.052446515532887684,-0.02189866434552886,-1.2036077742068982,0.8333333333333334,0.8348669150320931,-2.4492935982947064e-16,1.0,0.72479278722912,0.6889669190756866,-0.9749279121818236,-0.2225209339563146
0.03377437487471831,0.0,-0.011009274912558983,0.014652262710496907,-0.4656336295746172,0.8333333333333334,0.8350015709861305,-2.4492935982947064e-16,1.0,0.9884683243281114,0.1514277775045767,0.7818314824680298,0.6234898018587336
-0.018622493907199746,0.00357781799073553,0.01828202730573385,-0.022059696793186322,1.0469109142912194,0.8333333333333334,0.835046456304143,-2.4492935982947064e-16,1.0,0.9987165071710528,-0.05064916883871264,0.9749279121818236,-0.22252093395631434
0.0,0.038533710527223035,-0.01092906009022354,-0.003724395453124868,0.36237296505337,0.8333333333333334,0.8350913416221555,-2.4492935982947064e-16,1.0,0.9680771188662043,-0.2506525322587204,0.43388373911755823,-0.900968867902419
0.014925635610135518,0.030459177989626992,-0.011049825512574671,0.10274514301551338,0.38827270756779153,0.8333333333333334,0.835136226940168,-2.4492935982947064e-16,1.0,0.8978045395707416,-0.4403941515576344,-0.433883739117558,-0.9009688679024191
0.07490132000756385,0.0,0.09531017177676346,0.01005032622042762,-0.7944482952795545,0.8333333333333334,0.8351811122581804,-2.4492935982947064e-16,1.0,0.7907757369376989,-0.6121059825476626,-0.9749279121818236,-0.2225209339563146
-0.03496864769598118,0.0,-0.010152361634350938,-0.04082195478382607,0.4560474177519361,0.8333333333333334,0.8353157682122179,-2.4492935982947064e-16,1.0,0.29936312297335804,-0.9541392564000488,0.7818314824680298,0.6234898018587336
-0.07383428184107069,-0.013423007444650008,-0.031090639995029302,-0.0832306578984434,-0.10386014028259172,0.8333333333333334,0.8353606535302304,-2.4492935982947064e-16,1.0,0.10116832198743272,-0.994869323391895,0.9749279121818236,-0.22252093395631434
0.011428775753223054,-0.06995860494974274,-0.05406717014738315,-0.0037807190911864,-0.4024710938955596,0.8333333333333334,0.8354055388482428,-2.4492935982947064e-16,1.0,-0.10116832198743204,-0.9948693233918952,0.43388373911755823,-0.900968867902419
0.026169692073329354,0.06657451024198284,0.003696858297064305,0.0800426312573253,-0.01810004164361799,0.8333333333333334,0.8354504241662553,-2.4492935982947064e-16,1.0,-0.29936312297335776,-0.9541392564000489,-0.433883739117558,-0.9009688679024191
0.014652262710496907,0.1823215298540023,0.08824063225547651,-0.01408472687472389,2.4102716683994196,0.8333333333333334,0.8354953094842678,-2.4492935982947064e-16,1.0,-0.4853019625310808,-0.8743466161445822,-0.9749279121818236,-0.2225209339563146
0.0,-0.18571711555637083,-0.0735883695449797,0.038265584535748416,-1.6162259668850993,0.8333333333333334,0.8356299654383051,-2.4492935982947064e-16,1.0,-0.8978045395707417,-0.44039415155763423,0.7818314824680298,0.6234898018587336
0.053109858199269055,0.016863789778809972,0.05655219900000266,0.016920861104808112,-0.6656645348661132,0.8333333333333334,0.8356748507563176,-2.4492935982947064e-16,1.0,-0.9680771188662041,-0.2506525322587213,0.9749279121818236,-0.22252093395631434
0.023851192569933087,0.08029994215553596,0.02040885176919942,0.029754232936276707,0.6469139855207374,0.8333333333333334,0.8357197360743301,-2.4492935982947064e-16,1.0,-0.9987165071710528,-0.05064916883871355,0.43388373911755823,-0.900968867902419
0.01005032622042762,-0.034540291633022475,0.03311557740640636,0.01935550126056622,1.6404963094540732,0.8333333333333334,0.8357646213923426,-2.4492935982947064e-16,1.0,-0.9884683243281114,0.15142777750457667,-0.433883739117558,-0.9009688679024191
-0.006688981750297861,0.018987893619546243,0.02572494325882771,-0.04242075244654506,-2.3389149835075305,0.8333333333333334,0.8359441626643925,-2.4492935982947064e-16,1.0,-0.5712682150947924,0.8207634412072763,0.7818314824680298,0.6234898018587336
-0.0623039067665523,-0.0614086460660913,-0.04879019444480666,-0.03735575024474713,-0.19038782850656716,0.8333333333333334,0.835989047982405,-2.4492935982947064e-16,1.0,-0.3943558551133187,0.9189578116202306,0.9749279121818236,-0.22252093395631434
-0.01077208683774765,-0.03735575024474713,-0.05129332784980785,-0.0034662045390789404,1.224978258409746,0.8333333333333334,0.8360339333004175,-2.4492935982947064e-16,1.0,-0.20129852008866114,0.9795299412524943,0.43388373911755823,-0.900968867902419
0.014337149668989626,0.023932742800097162,0.0,0.017212111928720186,-0.9711095503237429,0.8333333333333334,0.8360788186184299,-2.4492935982947064e-16,1.0,-2.4492935982947064e-16,1.0,-0.433883739117558,-0.9009688679024191
0.014134497835800324,0.03648825863062891,0.02768348499470173,0.010186835410455923,0.4277027805160534,0.85,0.8362583598904799,0.49999999999999994,0.8660254037844387,0.72479278722912,0.6889669190756866,0.7818314824680298,0.6234898018587336
0.0378703204051578,0.003252032360632719,0.010186835410455923,0.026668221646324243,-0.4022361740789928,0.85,0.8363032452084923,0.49999999999999994,0.8660254037844387,0.8486442574947509,0.5289640103269624,0.9749279121818236,-0.22252093395631434
-0.006779680410128465,0.006472508512691137,0.02995229376185531,-0.016584112277642674,0.0360912865623729,0.85,0.8363481305265048,0.49999999999999994,0.8660254037844387,0.9377521321470804,0.3473052528448203,0.43388373911755823,-0.900968867902419
0.016863789778809972,-0.009724540873323924,-0.019868184393173713,0.006666685000289954,-0.6637332953536519,0.85,0.8363930158445173,0.49999999999999994,0.8660254037844387,0.9884683243281114,0.1514277775045767,-0.433883739117558,-0.9009688679024191
-0.006711428144459117,-0.009820036984304552,0.01658411227764279,0.00991742727735285,0.5408064559779265,0.85,0.8364379011625298,0.49999999999999994,0.8660254037844387,0.9987165071710528,-0.05064916883871264,-0.9749279121818236,-0.2225209339563146
-0.02385119256993302,0.0065573943950087855,0.0032840721155310434,-0.04714673299203494,-0.616029877215514,0.85,0.8365725571165672,0.49999999999999994,0.8660254037844387,0.7907757369376989,-0.6121059825476626,0.7818314824680298,0.6234898018587336
0.010291675935254705,0.0,-0.04013912917231118,0.04054605519330522,1.445999442641647,0.85,0.8366174424345797,0.49999999999999994,0.8660254037844387,0.6513724827222223,-0.758758122692791,0.9749279121818236,-0.22252093395631434
0.040139129172311265,0.07550755675803075,0.040139129172311265,0.08563072811140154,0.7301717254967401,0.85,0.8366623277525922,0.49999999999999994,0.8660254037844387,0.48530196253108104,-0.8743466161445821,0.43388373911755823,-0.900968867902419
0.07574597819714107,0.14894232924964074,0.07878087903750869,0.13618744321818327,0.6143227021748976,0.85,0.8367072130706047,0.49999999999999994,0.8660254037844387,0.29936312297335804,-0.9541392564000488,-0.433883739117558,-0.9009688679024191
0.08726462540946144,0.010389694197929174,0.13580154803982897,0.007926057783354578,-0.03018729706515637,0.85,0.8367520983886172,0.49999999999999994,0.8660254037844387,0.10116832198743272,-0.994869323391895,-0.9749279121818236,-0.2225209339563146
0.06992094493701362,0.057732472979519306,0.018349121466278543,0.06371587402948097,-0.34620805761129453,0.85,0.8369316396606671,0.49999999999999994,0.8660254037844387,-0.6513724827222217,-0.7587581226927913,0.9749279121818236,-0.22252093395631434
-0.01307206934493735,0.012121406772797938,0.06291382692098157,-0.06371587402948084,-0.6683011819734145,0.85,0.8369765249786796,0.49999999999999994,0.8660254037844387,-0.7907757369376986,-0.6121059825476627,0.43388373911755823,-0.900968867902419
-0.07087433781429163,-0.08810730303871693,-0.0759858962659189,-0.06805346412870197,-0.0546354353886379,0.85,0.837021410296692,0.49999999999999994,0.8660254037844387,-0.8978045395707417,-0.44039415155763423,-0.433883739117558,-0.9009688679024191
-0.011363747874334036,-0.043017343715516576,-0.0793850194232402,0.013986228915818986,-1.1818999964849735,0.85,0.8370662956147045,0.49999999999999994,0.8660254037844387,-0.9680771188662041,-0.2506525322587213,-0.9749279121818236,-0.2225209339563146
0.01980260859668314,0.010929059852906247,0.03361664504242892,0.019257863883908814,0.9693196084690727,0.85,0.837200951568742,0.49999999999999994,0.8660254037844387,-0.9377521321470804,0.3473052528448203,0.7818314824680298,0.6234898018587336
-0.054689833738864484,0.016172843654988372,0.013680090518200783,-0.08231593950183304,-0.30595425971475193,0.85,0.8372458368867544,0.49999999999999994,0.8660254037844387,-0.8486442574947509,0.5289640103269624,0.9749279121818236,-0.22252093395631434
-0.026988190170730675,-0.02162244311208953,-0.08208281798384079,0.03774029140756709,0.8067565312616685,0.85,0.8372907222047669,0.49999999999999994,0.8660254037844387,-0.7247927872291207,0.6889669190756859,0.43388373911755823,-0.900968867902419
0.006060618919367794,-0.005479460395805272,0.034786082423210955,-0.005714295813826602,-0.42701237567056716,0.85,0.8373356075227794,0.49999999999999994,0.8660254037844387,-0.5712682150947924,0.8207634412072763,-0.433883739117558,-0.9009688679024191
0.006024108979433843,-0.027856994098775043,0.008510681608948401,0.002861229548440964,-0.6329605469248315,0.85,0.8373804928407919,0.49999999999999994,0.8660254037844387,-0.3943558551133187,0.9189578116202306,-0.9749279121818236,-0.2225209339563146
0.03829631901351192,0.011236062731748845,0.002820873685589742,0.01418462155992381,-0.37781357677765437,0.85,0.8375151487948292,0.8660254037844386,0.5000000000000001,0.20129852008866006,0.9795299412524945,0.7818314824680298,0.6234898018587336
-0.0028943552301342276,0.0138699007017317,-0.008486605863890075,-0.01418462155992368,0.4714230758999618,0.85,0.8375600341128417,0.8660254037844386,0.5000000000000001,0.39435585511331855,0.9189578116202306,0.9749279121818236,-0.22252093395631434
-0.014598785193275239,-0.01386990070173185,-0.0028449494306480943,0.0056980156960335475,0.052498241905490586,0.85,0.8376049194308542,0.8660254037844386,0.5000000000000001,0.5712682150947923,0.8207634412072763,0.43388373911755823,-0.900968867902419
0.04598506911941638,0.016620931367026387,0.014144494030022641,0.01969119440051583,-0.5036731569755049,0.85,0.8376498047488667,0.8660254037844386,0.5000000000000001,0.72479278722912,0.6889669190756866,-0.433883739117558,-0.9009688679024191
-0.00846266595045183,0.0027434832539862254,0.013947214494684635,0.01657501513054585,0.38824266819475395,0.85,0.8376946900668791,0.8660254037844386,0.5000000000000001,0.8486442574947509,0.5289640103269624,-0.9749279121818236,-0.2225209339563146
0.016854315751592953,0.002735977141819197,0.011019450437002249,0.002735977141819197,0.48574018478472153,0.85,0.8378293460209166,0.8660254037844386,0.5000000000000001,0.9987165071710528,-0.05064916883871264,0.7818314824680298,0.6234898018587336
0.027474294967417733,0.05579130660611107,0.027028646259856202,0.05320398543520941,0.3992500477047301,0.85,0.8378742313389291,0.8660254037844386,0.5000000000000001,0.9680771188662043,-0.2506525322587204,0.9749279121818236,-0.22252093395631434
0.050208709570928524,0.07944627012008712,0.04178155596653739,0.05787785106277073,0.046888344982155834,0.85,0.8379191166569415,0.8660254037844386,0.5000000000000001,0.8978045395707416,-0.4403941515576344,0.43388373911755823,-0.900968867902419
-0.0888875930749719,0.007134330739820333,0.07154708392740193,-0.10021217482459299,0.5113014177561727,0.85,0.837964001974954,0.8660254037844386,0.5000000000000001,0.7907757369376989,-0.6121059825476626,-0.433883739117558,-0.9009688679024191
0.04138524248237769,-0.06611948734544354,-0.11599886589988703,0.060306610330065714,-1.3703676397528124,0.85,0.8380088872929665,0.8660254037844386,0.5000000000000001,0.6513724827222223,-0.758758122692791,-0.9749279121818236,-0.2225209339563146
0.050076352060339245,0.012578770135033408,0.06720874714351871,0.0,0.16174615907749956,0.85,0.8381884285650164,0.8660254037844386,0.5000000000000001,-0.10116832198743204,-0.9948693233918952,0.9749279121818236,-0.22252093395631434
-0.05549641427662528,-0.0125787701350334,-0.022756965171033726,-0.05223120409847578,-0.13541061073969682,0.85,0.8382333138830289,0.8660254037844386,0.5000000000000001,-0.29936312297335776,-0.9541392564000489,0.43388373911755823,-0.900968867902419
-0.05014980182601544,-0.05999191500888021,-0.049813719972879845,-0.0382560601773419,-0.18095450258242163,0.85,0.8382781992010414,0.8660254037844386,0.5000000000000001,-0.4853019625310808,-0.8743466161445822,-0.433883739117558,-0.9009688679024191
0.0056980156960335475,-0.021739965507499924,-0.03278985700486635,0.002781640379193226,0.28357529049912744,0.85,0.8383230845190539,0.8660254037844386,0.5000000000000001,-0.6513724827222217,-0.7587581226927913,-0.9749279121818236,-0.2225209339563146
-0.014306381987610969,-0.008275967183016215,0.0027739243143502347,-0.025317784210357158,-0.1987520981900506,0.85,0.8384577404730913,0.8660254037844386,0.5000000000000001,-0.9680771188662041,-0.2506525322587213,0.7818314824680298,0.6234898018587336
-0.04720643010196707,-0.02524675909405931,-0.02524675909405931,-0.03774029140756699,-0.03837769509889907,0.85,0.8385026257911038,0.8660254037844386,0.5000000000000001,-0.9987165071710528,-0.05064916883871355,0.9749279121818236,-0.22252093395631434
0.02682728756953623,0.014104592900649415,-0.03174866772568666,0.026278858850604037,0.6167493610664162,0.85,0.8385475111091163,0.8660254037844386,0.5000000000000001,-0.9884683243281114,0.15142777750457667,0.43388373911755823,-0.900968867902419
-0.005899716318173342,-0.01694954233129753,0.0,-0.026278858850604114,-0.8520953861685912,0.85,0.8385923964271288,0.8660254037844386,0.5000000000000001,-0.9377521321470804,0.3473052528448203,-0.433883739117558,-0.9009688679024191
-0.026988190170730675,-0.02305575412016405,0.005847964174874583,-0.01490346227192905,0.252413933614323,0.85,0.8386372817451412,0.8660254037844386,0.5000000000000001,-0.8486442574947509,0.5289640103269624,-0.9749279121818236,-0.2225209339563146
0.026988190170730723,0.04837353833052128,-0.014684537287402885,0.07796153788985316,-0.7243997240640497,0.85,0.8387719376991787,1.0,6.123233995736766e-17,0.20129852008866006,0.9795299412524945,0.7818314824680298,0.6234898018587336
0.05188478543758981,0.01379337475135257,0.06305807561792416,0.0,-0.696326833477325,0.85,0.8388168230171912,1.0,6.123233995736766e-17,0.39435585511331855,0.9189578116202306,0.9749279121818236,-0.22252093395631434
0.0028050483012747717,0.002735977141819197,0.0,0.0,0.3236515481921514,0.85,0.8388617083352036,1.0,6.123233995736766e-17,0.5712682150947923,0.8207634412072763,0.43388373911755823,-0.900968867902419
-0.0665947958012533,0.1750089171192298,0.1892420042059343,0.0,3.7761980035833274,0.85,0.8389065936532161,1.0,6.123233995736766e-17,0.72479278722912,0.6889669190756866,-0.433883739117558,-0.9009688679024191
0.008941929114742673,-0.1859980937593464,-0.19481304407559413,-0.03966521887634129,-2.166760091149227,0.85,0.8389514789712286,1.0,6.123233995736766e-17,0.8486442574947509,0.5289640103269624,-0.9749279121818236,-0.2225209339563146
0.02346153445909486,-0.01671346543338964,-0.03698853423681555,0.008633138852157498,-0.661398482245365,0.85,0.839086134925266,1.0,6.123233995736766e-17,0.9987165071710528,-0.05064916883871264,0.7818314824680298,0.6234898018587336
0.01152749408229181,0.04664770997848311,0.022923617975689394,0.05572473461240825,0.06732481438625441,0.85,0.8391310202432785,1.0,6.123233995736766e-17,0.9680771188662043,-0.2506525322587204,0.9749279121818236,-0.22252093395631434
0.03103208002418383,0.008010716096175936,0.047034969697344955,0.00809720241664188,-0.027074411764956976,0.85,0.839175905561291,1.0,6.123233995736766e-17,0.8978045395707416,-0.4403941515576344,0.43388373911755823,-0.900968867902419
0.011049891497366392,0.01321021925468111,0.013423007444649979,-0.00809720241664192,-0.24569437683610632,0.85,0.8392207908793035,1.0,6.123233995736766e-17,0.7907757369376989,-0.6121059825476626,-0.433883739117558,-0.9009688679024191
-0.013831531876559649,-0.007905172057463813,-0.02702864625985619,0.01612936642298423,0.17277319192526017,0.85,0.839265676197316,1.0,6.123233995736766e-17,0.6513724827222223,-0.758758122692791,-0.9749279121818236,-0.2225209339563146
0.03287970830962906,0.031252575526135445,0.029691761142972103,0.03407934314794421,0.22092707460331787,0.85,0.8394003321513533,1.0,6.123233995736766e-17,0.10116832198743272,-0.994869323391895,0.7818314824680298,0.6234898018587336
0.023969167282447194,0.005115095676324177,0.02105338938245812,-0.010362838882370162,-0.5551877364196905,0.85,0.8394452174693658,1.0,6.123233995736766e-17,-0.10116832198743204,-0.9948693233918952,0.9749279121818236,-0.22252093395631434
-0.02937458062465856,-0.007682488667103339,-0.01574834218524093,-0.007843170127777188,0.3193904993369214,0.85,0.8394901027873783,1.0,6.123233995736766e-17,-0.29936312297335776,-0.9541392564000489,0.43388373911755823,-0.900968867902419
0.03200270056078125,0.0,0.010526403080123732,0.002621231022659948,0.35292259432018186,0.85,0.8395349881053907,1.0,6.123233995736766e-17,-0.4853019625310808,-0.8743466161445822,-0.433883739117558,-0.9009688679024191
-0.015873334137796888,-0.007742028298517038,-0.013175408742137134,0.007822718386154875,0.8705223134185743,0.85,0.8395798734234032,1.0,6.123233995736766e-17,-0.6513724827222217,-0.7587581226927913,-0.9749279121818236,-0.2225209339563146
0.013245214201674292,0.007742028298517072,0.0209981271282919,-0.01307206934493735,-1.7737409637253767,0.85,0.8397145293774407,1.0,6.123233995736766e-17,-0.9680771188662041,-0.2506525322587213,0.7818314824680298,0.6234898018587336
-0.021277378208016652,-0.023408130414015006,-0.020998127128291903,-0.013245214201674278,0.5942591794077365,0.85,0.8397594146954531,1.0,6.123233995736766e-17,-0.9987165071710528,-0.05064916883871355,0.9749279121818236,-0.22252093395631434
0.008032164006342388,0.00524935095878255,0.013175408742137079,0.0,-0.8478954104498003,0.85,0.8398043000134656,1.0,6.123233995736766e-17,-0.9884683243281114,0.15142777750457667,0.43388373911755823,-0.900968867902419
0.0,0.005221939105117212,-0.01849456516045682,0.0,-0.18315872720701826,0.85,0.8398491853314781,1.0,6.123233995736766e-17,-0.9377521321470804,0.3473052528448203,-0.433883739117558,-0.9009688679024191
-0.05480824992702772,-0.026386730271521545,-0.002670226005947513,-0.02702864625985619,1.3307604030754012,0.85,0.8398940706494906,1.0,6.123233995736766e-17,-0.8486442574947509,0.5289640103269624,-0.9749279121818236,-0.2225209339563146
0.013986228915818986,-0.024358420253908622,-0.029852934173189318,-0.01379337475135253,-2.0493542492965107,0.85,0.840028726603528,1.0,6.123233995736766e-17,-0.3943558551133187,0.9189578116202306,0.7818314824680298,0.6234898018587336
-0.028170850475742682,-0.01379337475135253,-0.008298860832071861,-0.002781640379193324,1.2746138014434765,0.85,0.8400736119215405,1.0,6.123233995736766e-17,-0.20129852008866114,0.9795299412524943,0.9749279121818236,-0.22252093395631434
0.028170850475742706,0.04082202101120871,0.016529351893171736,0.013831531876559769,-0.5460198718877836,0.85,0.840118497239553,1.0,6.123233995736766e-17,-2.4492935982947064e-16,1.0,0.43388373911755823,-0.900968867902419
0.0027739243143502347,-0.002670226005947513,0.0,0.021739965507499983,0.6182735115847399,0.85,0.8401633825575655,0.8660254037844387,-0.4999999999999998,0.20129852008866006,0.9795299412524945,-0.433883739117558,-0.9009688679024191
0.024625089252208427,0.018543560143744486,0.021622443112089516,0.01600032608667546,-0.6434637604132982,0.85,0.8403429238296154,0.8660254037844387,-0.4999999999999998,0.8486442574947509,0.5289640103269624,0.7818314824680298,0.6234898018587336
0.024033176491501235,0.010443949408814861,0.015915440207621843,0.002642006966518061,0.15560734432372234,0.85,0.8403878091476279,0.8660254037844387,-0.4999999999999998,0.9377521321470804,0.3473052528448203,0.9749279121818236,-0.22252093395631434
-0.005291012628531447,-0.002600779281037636,-0.007926057783354541,-0.0026420069665181274,0.8504121575165624,0.85,0.8404326944656404,0.8660254037844387,-0.4999999999999998,0.9884683243281114,0.1514277775045767,0.43388373911755823,-0.900968867902419
0.0,-0.005221939105117153,0.0026490056620134053,0.005277052121341313,0.1943754811377673,0.85,0.8404775797836528,0.8660254037844387,-0.4999999999999998,0.9987165071710528,-0.05064916883871264,-0.433883739117558,-0.9009688679024191
-0.005319156418319687,0.0,0.005277052121341313,0.0,-0.4406387222864316,0.85,0.8405224651016653,0.8660254037844387,-0.4999999999999998,0.9680771188662043,-0.2506525322587204,-0.9749279121818236,-0.2225209339563146
0.0,0.0,-0.013245214201674278,-0.007926057783354541,-0.7496038892276026,0.85,0.8406571210557028,0.8660254037844387,-0.4999999999999998,0.6513724827222223,-0.758758122692791,0.7818314824680298,0.6234898018587336
-0.06329485579091777,0.005221939105117212,0.0,-0.04892281780872173,1.5681949539000513,0.85,0.8407020063737152,0.8660254037844387,-0.4999999999999998,0.48530196253108104,-0.8743466161445821,0.9749279121818236,-0.22252093395631434
0.022472834779709055,-0.021053389382458158,-0.0408220210112087,0.0436036613904019,-0.40757259044772903,0.85,0.8407468916917277,0.8660254037844387,-0.4999999999999998,0.29936312297335804,-0.9541392564000488,0.43388373911755823,-0.900968867902419
0.04082202101120871,0.00794705416373545,0.05143219005805984,0.0026631148831157895,1.7300299387015388,0.85,0.8407917770097402,0.8660254037844387,-0.4999999999999998,0.10116832198743272,-0.994869323391895,-0.433883739117558,-0.9009688679024191
0.0,0.0026350451548232076,0.0026350451548232076,0.00794705416373545,0.6192333852587953,0.85,0.8408366623277527,0.8660254037844387,-0.4999999999999998,-0.10116832198743204,-0.9948693233918952,-0.9749279121818236,-0.2225209339563146
0.0,0.02853634176486314,-0.005277052121341222,0.02346917410109299,-1.5962364005755645,0.85,0.8409713182817901,0.8660254037844387,-0.4999999999999998,-0.6513724827222217,-0.7587581226927913,0.7818314824680298,0.6234898018587336
0.0053191564183196535,0.010178195036000396,0.031252575526135445,0.007702212818593349,0.09042085864225022,0.85,0.8410162035998026,0.8660254037844387,-0.4999999999999998,-0.7907757369376986,-0.6121059825476627,0.9749279121818236,-0.22252093395631434
0.013175408742137079,0.0025284439146058177,0.005115095676324177,-0.018065051700963466,-0.4943967631989468,0.85,0.8410610889178151,0.8660254037844387,-0.4999999999999998,-0.8978045395707417,-0.44039415155763423,0.43388373911755823,-0.900968867902419
0.007822718386154875,0.0,-0.007682488667103339,0.02824324673696372,-0.16068238169047347,0.85,0.8411059742358276,0.8660254037844387,-0.4999999999999998,-0.9680771188662041,-0.2506525322587213,-0.433883739117558,-0.9009688679024191
-0.005208340256466822,0.0,0.015306406386848517,-0.02824324673696381,-1.3191380374402406,0.85,0.84115085955384,0.8660254037844387,-0.4999999999999998,-0.9987165071710528,-0.05064916883871355,-0.9749279121818236,-0.2225209339563146
0.002607560975429258,-0.0025284439146058255,-0.02824324673696381,0.010362838882370154,0.7731898882334817,0.85,0.8412855155078774,0.8660254037844387,-0.4999999999999998,-0.8486442574947509,0.5289640103269624,0.7818314824680298,0.6234898018587336
0.018065051700963397,0.03482941637740523,0.018065051700963397,0.04288174508321108,1.592093798976128,0.85,0.84133040082589,0.8660254037844387,-0.4999999999999998,-0.7247927872291207,0.6889669190756859,0.9749279121818236,-0.22252093395631434
0.035179532264617834,0.0073081282222503385,0.04255957376771678,0.012270022236438059,-1.051401903658196,0.85,0.8413752861439023,0.8660254037844387,-0.4999999999999998,-0.5712682150947924,0.8207634412072763,0.43388373911755823,-0.900968867902419
-0.06371587402948084,-0.009756165867939072,-0.0024539280848285233,-0.06812216717744836,0.32072686722923827,0.85,0.8414201714619148,0.8660254037844387,-0.4999999999999998,-0.3943558551133187,0.9189578116202306,-0.433883739117558,-0.9009688679024191
-0.013245214201674278,-0.04768778511856495,-0.0686419874477515,-0.013140781209811785,1.0589580845029785,0.85,0.8414650567799273,0.8660254037844387,-0.4999999999999998,-0.20129852008866114,0.9795299412524943,-0.9749279121818236,-0.2225209339563146
0.007968162080333152,0.03287271328827248,0.0,0.05906729633358835,-1.785150059840381,0.85,0.8415997127339647,0.5000000000000003,-0.8660254037844385,0.5712682150947923,0.8207634412072763,0.7818314824680298,0.6234898018587336
0.031252575526135445,-0.0024905994900405264,0.0537902442122471,-0.025253902447383837,-0.19585140902620224,0.85,0.8416445980519772,0.5000000000000003,-0.8660254037844385,0.72479278722912,0.6889669190756866,0.9749279121818236,-0.22252093395631434
0.005115095676324177,-0.007509474307561183,-0.022699625131128665,0.01774442813982275,-0.24378787889455564,0.85,0.8416894833699897,0.5000000000000003,-0.8660254037844385,0.8486442574947509,0.5289640103269624,0.43388373911755823,-0.900968867902419
0.0025477696026231208,0.0025094092032536793,0.015190150823567363,-0.007566233103822386,-0.25746829385528436,0.85,0.8417343686880022,0.5000000000000003,-0.8660254037844385,0.9377521321470804,0.3473052528448203,-0.433883739117558,-0.9009688679024191
-0.03363838868374139,0.0025031278279573515,-0.007566233103822386,-0.025642467455926174,0.2326222952687535,0.85,0.8417792540060147,0.5000000000000003,-0.8660254037844385,0.9884683243281114,0.1514277775045767,-0.9749279121818236,-0.2225209339563146
0.013072069344937442,-0.025317783531102575,-0.02304843468536549,0.005181353941462286,-0.4101932493041104,0.85,0.8419139099600521,0.5000000000000003,-0.8660254037844385,0.8978045395707416,-0.4403941515576344,0.7818314824680298,0.6234898018587336
0.0,0.012739013396069176,0.005168026830771913,0.01792626036240819,0.850677383711856,0.85,0.8419587952780646,0.5000000000000003,-0.8660254037844385,0.7907757369376989,-0.6121059825476626,0.9749279121818236,-0.22252093395631434
-0.018349121466278578,-0.002534853152055743,0.012804259737471497,-0.033551563712685153,-0.2415301775646491,0.85,0.8420036805960771,0.5000000000000003,-0.8660254037844385,0.6513724827222223,-0.758758122692791,0.43388373911755823,-0.900968867902419
-0.07410796730189892,-0.02570839358490798,-0.036273433838564566,-0.08201313935936277,0.8063377856421187,0.85,0.8420485659140896,0.5000000000000003,-0.8660254037844385,0.48530196253108104,-0.8743466161445821,-0.433883739117558,-0.9009688679024191
-0.05264375367949612,-0.06176460096243257,-0.07960304053380265,0.011331555294538047,0.5914877730769618,0.85,0.842093451232102,0.5000000000000003,-0.8660254037844385,0.29936312297335804,-0.9541392564000488,-0.9749279121818236,-0.2225209339563146
0.04979068741411059,0.0027662509387050963,0.002853066265385662,0.008415189046158981,-1.426585710894343,0.85,0.8422281071861395,0.5000000000000003,-0.8660254037844385,-0.29936312297335776,-0.9541392564000489,0.7818314824680298,0.6234898018587336
0.028170850475742706,0.0352818457581535,0.025317784210357196,0.032970053436218595,-0.7448593816072558,0.85,0.842272992504152,0.5000000000000003,-0.8660254037844385,-0.4853019625310808,-0.8743466161445822,0.9749279121818236,-0.22252093395631434
-0.025317784210357158,-0.013423007444650008,0.027399013566558723,-0.024625089252208496,0.6819111072930195,0.85,0.8423178778221644,0.5000000000000003,-0.8660254037844385,-0.6513724827222217,-0.7587581226927913,0.43388373911755823,-0.900968867902419
-0.028903718295038655,0.013423007444649979,-0.03297005343621867,0.013755427578821465,0.924169219446235,0.85,0.8423627631401769,0.5000000000000003,-0.8660254037844385,-0.7907757369376986,-0.6121059825476627,-0.433883739117558,-0.9009688679024191
0.07075085439856746,0.0,0.0356691078000957,0.008163302695052716,-1.1658450188893723,0.85,0.8424076484581894,0.5000000000000003,-0.8660254037844385,-0.8978045395707417,-0.44039415155763423,-0.9749279121818236,-0.2225209339563146
-0.02489759377223129,0.0,-0.002699054363877119,-0.021918730273874212,0.13128066018664356,0.85,0.8425423044122268,0.5000000000000003,-0.8660254037844385,-0.9884683243281114,0.15142777750457667,0.7818314824680298,0.6234898018587336
0.0027972020093997587,-0.0053476012130601,0.005390843438307659,-0.0027739243143501727,0.006289328907563918,0.85,0.8425871897302393,0.5000000000000003,-0.8660254037844385,-0.9377521321470804,0.3473052528448203,0.9749279121818236,-0.22252093395631434
0.0027893994904665915,-0.018945067904977003,-0.016260505111694693,0.0,-1.083059875660625,0.85,0.8426320750482518,0.5000000000000003,-0.8660254037844385,-0.8486442574947509,0.5289640103269624,0.43388373911755823,-0.900968867902419
-0.011204588536625724,-0.005479460395805272,-0.010989176640116416,-0.013986228915818995,0.878550403891308,0.85,0.8426769603662643,0.5000000000000003,-0.8660254037844385,-0.7247927872291207,0.6889669190756859,-0.433883739117558,-0.9009688679024191
-0.03438730941470221,0.0,-0.019526404168874276,0.002812938735484649,0.7672551527136672,0.85,0.8427218456842768,0.5000000000000003,-0.8660254037844385,-0.5712682150947924,0.8207634412072763,-0.9749279121818236,-0.2225209339563146
0.037200248150186806,0.0,0.011204588536625664,0.011173290180334477,-1.4375876555074412,0.85,0.8429013869563267,1.2246467991473532e-16,-1.0,0.20129852008866006,0.9795299412524945,0.9749279121818236,-0.22252093395631434
-0.005633812421074309,-0.008275967183016215,-0.002789399490466699,0.0027739243143502347,0.6109090823229731,0.85,0.8429462722743392,1.2246467991473532e-16,-1.0,0.39435585511331855,0.9189578116202306,0.43388373911755823,-0.900968867902419
0.005633812421074211,0.008275967183016243,0.016620931367026387,-0.005555564693543434,0.36520984638856974,0.85,0.8429911575923515,1.2246467991473532e-16,-1.0,0.5712682150947923,0.8207634412072763,-0.433883739117558,-0.9009688679024191
0.011173290180334477,0.0027434832539862254,-0.008275967183016215,0.01657501513054585,-1.447627449136699,0.85,0.843036042910364,1.2246467991473532e-16,-1.0,0.72479278722912,0.6889669190756866,-0.9749279121818236,-0.2225209339563146
0.011049891497366392,0.024358420253908577,0.01920502703592249,0.010899279836871943,1.0235771027251956,0.85,0.8431706988644015,1.2246467991473532e-16,-1.0,0.9884683243281114,0.1514277775045767,0.7818314824680298,0.6234898018587336
-0.008275967183016215,0.0026702260059476303,-0.005449599457101125,-0.019152479335169215,1.100054249985011,0.85,0.8432155841824139,1.2246467991473532e-16,-1.0,0.9987165071710528,-0.05064916883871264,0.9749279121818236,-0.22252093395631434
0.005524936517721633,-0.0053476012130601,-0.00823049106109974,0.024557892677380552,-1.8696431260448982,0.85,0.8432604695004264,1.2246467991473532e-16,-1.0,0.9680771188662043,-0.2506525322587204,0.43388373911755823,-0.900968867902419
0.0,-0.002684562793282275,0.024490996172794505,0.0026917890744305533,0.43311663943867446,0.85,0.8433053548184389,1.2246467991473532e-16,-1.0,0.8978045395707416,-0.4403941515576344,-0.433883739117558,-0.9009688679024191
0.024490996172794505,0.002684562793282232,0.002684562793282232,0.002684562793282232,-0.7114963192281418,0.85,0.8433502401364514,1.2246467991473532e-16,-1.0,0.7907757369376989,-0.6121059825476626,-0.9749279121818236,-0.2225209339563146
-0.03001593269051611,-0.002684562793282275,-0.002684562793282275,-0.03270049548379848,2.030419869232949,0.85,0.8434848960904888,1.2246467991473532e-16,-1.0,0.29936312297335804,-0.9541392564000488,0.7818314824680298,0.6234898018587336
-0.02524675909405931,-0.035571497384059673,-0.04677608592068534,-0.02524675909405931,-0.0722396275858214,0.85,0.8435297814085013,1.2246467991473532e-16,-1.0,0.10116832198743272,-0.994869323391895,0.9749279121818236,-0.22252093395631434
-0.011428684924131786,-0.008391649801141172,-0.01418462155992368,0.0,-0.12807096704420662,0.85,0.8435746667265138,1.2246467991473532e-16,-1.0,-0.10116832198743204,-0.9948693233918952,0.43388373911755823,-0.900968867902419
0.008583735493483863,0.016713465433389606,0.002853066265385662,0.022472834779709055,0.37667168945351637,0.85,0.8436195520445263,1.2246467991473532e-16,-1.0,-0.29936312297335776,-0.9541392564000489,-0.433883739117558,-0.9009688679024191
0.025317784210357196,0.008253199498297299,0.028091708524707375,0.005540175253055282,-0.2503444020141366,0.85,0.8436644373625388,1.2246467991473532e-16,-1.0,-0.4853019625310808,-0.8743466161445822,-0.9749279121818236,-0.2225209339563146
0.0027739243143502347,-0.005494513919280685,0.0027662509387050963,0.0,-0.9802476885870767,0.85,0.8437990933165762,1.2246467991473532e-16,-1.0,-0.8978045395707417,-0.44039415155763423,0.7818314824680298,0.6234898018587336
-0.0027739243143501727,0.002751030665294551,0.0027586855790165915,0.0027586855790165915,0.6624481936711387,0.85,0.8438439786345887,1.2246467991473532e-16,-1.0,-0.9680771188662041,-0.2506525322587213,0.9749279121818236,-0.22252093395631434
0.0027739243143502347,0.0027434832539862254,0.002751030665294551,0.002751030665294551,-0.8569364892249722,0.85,0.8438888639526012,1.2246467991473532e-16,-1.0,-0.9987165071710528,-0.05064916883871355,0.43388373911755823,-0.900968867902419
0.01920502703592249,0.016304693179083295,0.010929059852906247,0.013642763090858028,-0.6435502394205731,0.85,0.8439337492706136,1.2246467991473532e-16,-1.0,-0.9884683243281114,0.15142777750457667,-0.433883739117558,-0.9009688679024191
-0.033152241530607175,0.057607555966188655,0.005420062216286035,-0.02747429496741767,2.2043674648485996,0.85,0.8439786345886261,1.2246467991473532e-16,-1.0,-0.9377521321470804,0.3473052528448203,-0.9749279121818236,-0.2225209339563146
-0.002812938735484573,-0.07391224914527188,-0.01634912206919231,-0.008391649801141172,-1.9166853923968186,0.85,0.8441132905426636,1.2246467991473532e-16,-1.0,-0.5712682150947924,0.8207634412072763,0.7818314824680298,0.6234898018587336
-0.025678989960522283,-0.011019450437002377,-0.008275967183016215,0.00839164980114123,1.5865984204642776,0.85,0.844158175860676,1.2246467991473532e-16,-1.0,-0.3943558551133187,0.9189578116202306,0.9749279121818236,-0.22252093395631434
0.034094179006681276,0.008275967183016243,-0.00834496418401017,0.013831531876559769,-0.35714653083735665,0.85,0.8442030611786885,1.2246467991473532e-16,-1.0,-0.20129852008866114,0.9795299412524943,0.43388373911755823,-0.900968867902419
0.0138699007017317,0.008207972386542566,0.022100391762831545,-0.0027510306652944994,-1.7190001149456267,0.85,0.844247946496701,-0.4999999999999997,-0.8660254037844388,0.20129852008866006,0.9795299412524945,-0.433883739117558,-0.9009688679024191
-0.03361664504242904,-0.005464489132556437,-0.005479460395805272,-0.025105963433480493,0.49758039701596996,0.85,0.8442928318147135,-0.4999999999999997,-0.8660254037844388,0.39435585511331855,0.9189578116202306,-0.9749279121818236,-0.2225209339563146
-0.008583735493483709,-0.02216161663041211,-0.033522726277075525,-0.0028288535293775263,1.586783221869294,0.85,0.8444723730867634,-0.4999999999999997,-0.8660254037844388,0.9377521321470804,0.3473052528448203,0.9749279121818236,-0.22252093395631434
0.0,-0.008438860722349135,0.005665732178300511,-0.011396123893397492,-2.726217505057659,0.85,0.8445172584047759,-0.4999999999999997,-0.8660254037844388,0.9884683243281114,0.1514277775045767,0.43388373911755823,-0.900968867902419
-0.023256839595909927,0.002820873685589742,-0.017094417102432247,0.017045851108364745,1.0560526742493137,0.85,0.8445621437227884,-0.4999999999999997,-0.8660254037844388,0.9987165071710528,-0.05064916883871264,-0.433883739117558,-0.9009688679024191
0.028987508824008093,0.033244092799728,0.028330479834181008,0.0,0.5633355690379548,0.85,0.8446070290408008,-0.4999999999999997,-0.8660254037844388,0.9680771188662043,-0.2506525322587204,-0.9749279121818236,-0.2225209339563146
0.002853066265385662,-0.024828903753568898,-0.01974674434069715,0.002812938735484649,0.014742281737203431,0.85,0.8447416849948383,-0.4999999999999997,-0.8660254037844388,0.6513724827222223,-0.758758122692791,0.7818314824680298,0.6234898018587336
0.014144494030022641,-0.0027972020093996125,0.014144494030022641,0.0028050483012747717,-0.08126296407876575,0.85,0.8447865703128508,-0.4999999999999997,-0.8660254037844388,0.48530196253108104,-0.8743466161445821,0.9749279121818236,-0.22252093395631434
-0.00846266595045183,0.008368241879059648,0.011173290180334477,-0.008438860722349135,-0.5973561159182698,0.85,0.8448314556308631,-0.4999999999999997,-0.8660254037844388,0.29936312297335804,-0.9541392564000488,0.43388373911755823,-0.900968867902419
-0.008534894344956492,0.019257863883908814,-0.028170850475742682,0.019581026915758987,2.5656887290294152,0.85,0.8448763409488756,-0.4999999999999997,-0.8660254037844388,0.10116832198743272,-0.994869323391895,-0.433883739117558,-0.9009688679024191
0.0,-0.010959003051837035,0.03646971130781469,-0.030944774790092902,-0.887514388243504,0.85,0.8449212262668881,-0.4999999999999997,-0.8660254037844388,-0.10116832198743204,-0.9948693233918952,-0.9749279121818236,-0.2225209339563146
-0.014388723630732781,-0.03361664504242904,-0.036469711307814554,0.0,-0.0725899976678009,0.85,0.8450558822209255,-0.4999999999999997,-0.8660254037844388,-0.6513724827222217,-0.7587581226927913,0.7818314824680298,0.6234898018587336
-0.002902756845474009,0.02253614383116393,0.0,-0.017291480476206843,0.2528148036561406,0.85,0.845100767538938,-0.4999999999999997,-0.8660254037844388,-0.7907757369376986,-0.6121059825476627,0.9749279121818236,-0.22252093395631434
-0.005830914636476495,-0.008391649801141172,-0.005730669228098182,-0.005830914636476495,-1.7932598446032897,0.85,0.8451456528569505,-0.4999999999999997,-0.8660254037844388,-0.8978045395707417,-0.44039415155763423,0.43388373911755823,-0.900968867902419
0.0,-0.02849192869600684,-0.008658054402634622,0.0029197072579049094,0.11878353598996702,0.85,0.845190538174963,-0.4999999999999997,-0.8660254037844388,-0.9680771188662041,-0.2506525322587213,-0.433883739117558,-0.9009688679024191
0.0,0.025678989960522206,-0.008733671481950558,0.008708319454179974,1.8637700052043273,0.85,0.8452354234929755,-0.4999999999999997,-0.8660254037844388,-0.9987165071710528,-0.05064916883871355,-0.9749279121818236,-0.2225209339563146
0.0,-0.011331555294538158,0.017391725884585187,-0.01162802671208472,-1.824549292051046,0.85,0.8453700794470129,-0.4999999999999997,-0.8660254037844388,-0.8486442574947509,0.5289640103269624,0.7818314824680298,0.6234898018587336
0.0,-0.0172417898961184,-0.017391725884585128,0.008733671481950537,-0.8421827597204331,0.85,0.8454149647650254,-0.4999999999999997,-0.8660254037844388,-0.7247927872291207,0.6889669190756859,0.9749279121818236,-0.22252093395631434
0.0,0.002894355230134138,0.008733671481950537,-0.008733671481950558,0.46328467899699055,0.85,0.8454598500830379,-0.4999999999999997,-0.8660254037844388,-0.5712682150947924,0.8207634412072763,0.43388373911755823,-0.900968867902419
0.0,-0.0087083194541799,-0.005813964224045715,0.0,-0.7274362540385774,0.85,0.8455047354010504,-0.4999999999999997,-0.8660254037844388,-0.3943558551133187,0.9189578116202306,-0.433883739117558,-0.9009688679024191
-0.03269240128086098,0.0029112073785717086,0.0029112073785717086,-0.026668292301427192,1.3263962195388217,0.85,0.8455496207190628,-0.4999999999999997,-0.8660254037844388,-0.20129852008866114,0.9795299412524943,-0.9749279121818236,-0.2225209339563146
0.006024108979433843,-0.020558777613620814,-0.03249920693790367,0.01194042932428301,0.21570857282669165,0.85,0.8456842766731003,-0.8660254037844385,-0.5000000000000004,0.39435585511331855,0.9189578116202306,0.7818314824680298,0.6234898018587336
-0.01512886740783615,-0.005952393036455742,0.005988036287827164,-0.00894192911474265,1.6560936040748997,0.85,0.8457291619911128,-0.8660254037844385,-0.5000000000000004,0.5712682150947923,0.8207634412072763,0.9749279121818236,-0.22252093395631434
-0.01846204523194002,-0.0029895360782868233,-0.015037863346261034,-0.03658941284931647,-1.5388635128616897,0.85,0.8457740473091252,-0.8660254037844385,-0.5000000000000004,0.72479278722912,0.6889669190756866,0.43388373911755823,-0.900968867902419
0.0,-0.01812736761737642,-0.024541085581342225,0.018462045231939988,-0.04989697114462304,0.85,0.8458189326271377,-0.8660254037844385,-0.5000000000000004,0.8486442574947509,0.5289640103269624,-0.433883739117558,-0.9009688679024191
0.00619196430619583,0.012121349147384488,0.00619196430619583,-0.006116221220186404,-0.009345862418237658,0.85,0.8458638179451502,-0.8660254037844385,-0.5000000000000004,0.9377521321470804,0.3473052528448203,-0.9749279121818236,-0.2225209339563146
0.003081663593968796,-0.009077209638350075,0.0153142204347786,0.003062786623056623,0.493779756493002,0.85,0.8459984738991876,-0.8660254037844385,-0.5000000000000004,0.9680771188662043,-0.2506525322587204,0.7818314824680298,0.6234898018587336
-0.0030816635939688655,0.003034900840367581,0.003034900840367581,0.0,-1.0187900152509493,0.85,0.8460433592172001,-0.8660254037844385,-0.5000000000000004,0.8978045395707416,-0.4403941515576344,0.9749279121818236,-0.22252093395631434
-0.06371582987789327,0.006042308797982336,0.0,-0.05986040686157024,1.3540334989016691,0.85,0.8460882445352126,-0.8660254037844385,-0.5000000000000004,0.7907757369376989,-0.6121059825476626,0.43388373911755823,-0.900968867902419
0.013072069344937442,-0.027482619681136727,-0.0689928818081022,0.028802039741958173,-0.8479811538883362,0.85,0.8461331298532251,-0.8660254037844385,-0.5000000000000004,0.6513724827222223,-0.758758122692791,-0.433883739117558,-0.9009688679024191
0.0,-0.021910088379238652,0.02247291089819494,-0.02232953122926715,-0.2363887780642304,0.85,0.8461780151712376,-0.8660254037844385,-0.5000000000000004,0.48530196253108104,-0.8743466161445821,-0.9749279121818236,-0.2225209339563146
0.0,0.009448879973770242,-0.022472910898195066,0.025479137057503713,0.3364722366212129,0.85,0.846312671125275,-0.8660254037844385,-0.5000000000000004,-0.10116832198743204,-0.9948693233918952,0.7818314824680298,0.6234898018587336
0.02247291089819494,0.015552398013476215,0.03822125249212064,-0.009478734671999748,0.050643732818754936,0.85,0.8463575564432875,-0.8660254037844385,-0.5000000000000004,-0.29936312297335776,-0.9541392564000489,0.9749279121818236,-0.22252093395631434
0.0,-0.0030911896080080296,0.009331318432827333,0.003169571647514219,-0.9604619501872925,0.85,0.8464024417613,-0.8660254037844385,-0.5000000000000004,-0.4853019625310808,-0.8743466161445822,0.43388373911755823,-0.900968867902419
-0.042145658041862086,-0.041080062412256785,-0.041080062412256785,-0.04531522968937637,1.6201332015508483,0.85,0.8464473270793124,-0.8660254037844385,-0.5000000000000004,-0.6513724827222217,-0.7587581226927913,-0.433883739117558,-0.9009688679024191
-0.11200503440013562,-0.016260505742097555,-0.022839470648454752,-0.11200503440013562,0.569897100151344,0.85,0.8464922123973249,-0.8660254037844385,-0.5000000000000004,-0.7907757369376986,-0.6121059825476627,-0.9749279121818236,-0.2225209339563146
0.00738010015545396,-0.03333638846961517,-0.09696169840047782,0.06453854321336482,-0.7212149168942981,0.85,0.8466268683513624,-0.8660254037844385,-0.5000000000000004,-0.9987165071710528,-0.05064916883871355,0.7818314824680298,0.6234898018587336
0.050189697325606596,-0.013652075837217115,0.03922067647349922,-0.006968745732304421,-0.0429901849313683,0.85,0.8466717536693747,-0.8660254037844385,-0.5000000000000004,-0.9884683243281114,0.15142777750457667,0.9749279121818236,-0.22252093395631434
-0.003502627333677229,0.01365207583721704,0.017331522526503555,0.013889181725769988,0.25217538399487116,0.85,0.8467166389873872,-0.8660254037844385,-0.5000000000000004,-0.9377521321470804,0.3473052528448203,0.43388373911755823,-0.900968867902419
-0.017699560667042254,-0.0033955857023685826,0.0034305317297707626,-0.03152630689524752,0.6126860453310342,0.85,0.8467615243053997,-0.8660254037844385,-0.5000000000000004,-0.8486442574947509,0.5289640103269624,-0.433883739117558,-0.9009688679024191
0.0071174611259955806,0.03673197417198377,-0.03130695771209884,0.045225137830829765,-0.7595009136680789,0.85,0.8468064096234122,-0.8660254037844385,-0.5000000000000004,-0.7247927872291207,0.6889669190756859,-0.9749279121818236,-0.2225209339563146
0.0,-0.023218268067503114,0.051646622221657196,-0.041672739536076024,-0.34675750728138643,0.85,0.8469410655774496,-0.8660254037844385,-0.5000000000000004,-0.20129852008866114,0.9795299412524943,0.7818314824680298,0.6234898018587336
-0.0287789373967132,-0.034132973033528226,-0.044604346099509994,-0.01069527911673112,0.6477230554456895,0.85,0.8469859508954621,-0.8660254037844385,-0.5000000000000004,-2.4492935982947064e-16,1.0,0.9749279121818236,-0.22252093395631434
-0.0036563076970486936,-0.035339416473187425,-0.03571804913982199,-0.021739965977030734,-0.5536097638752108,0.85,0.8470308362134746,-1.0,-1.8369701987210297e-16,0.20129852008866006,0.9795299412524945,0.43388373911755823,-0.900968867902419
-0.003669725357120758,-0.01085000573261631,-0.007299295494986557,-0.003669725357120758,-0.2817119054652772,0.85,0.8470757215314871,-1.0,-1.8369701987210297e-16,0.39435585511331855,0.9189578116202306,-0.433883739117558,-0.9009688679024191
-0.007380100155453859,-0.0036429877979378762,-0.007352967215510279,-0.00368324185838955,-0.7172447321390059,0.85,0.8471206068494996,-1.0,-1.8369701987210297e-16,0.5712682150947923,0.8207634412072763,-0.9749279121818236,-0.2225209339563146
-0.08903362844794406,-0.011009274912558983,-0.0036968582970643505,-0.07666589962378985,2.6783450466882943,0.85,0.8473001481215495,-1.0,-1.8369701987210297e-16,0.9884683243281114,0.1514277775045767,0.9749279121818236,-0.22252093395631434
-0.04132825536324317,-0.060855308497144905,-0.07696105879676363,-0.04898933950781473,-0.188032978333386,0.85,0.847345033439562,-1.0,-1.8369701987210297e-16,0.9987165071710528,-0.05064916883871264,0.43388373911755823,-0.900968867902419
-0.043110083768837154,-0.015810591126645002,-0.01612936642298425,-0.02114251714655057,0.24024712164122441,0.85,0.8473899187575744,-1.0,-1.8369701987210297e-16,0.9680771188662043,-0.2506525322587204,-0.433883739117558,-0.9009688679024191
0.013129279112159121,0.046701140359135924,-0.0040733214317941755,-0.017241790486774565,0.0789414533560607,0.85,0.8474348040755869,-1.0,-1.8369701987210297e-16,0.8978045395707416,-0.4403941515576344,-0.9749279121818236,-0.2225209339563146
-0.030907508177893207,-0.10832231511673307,-0.06317894181632316,-0.021978885986724647,-0.5332762200492162,0.85,0.8475694600296244,-1.0,-1.8369701987210297e-16,0.48530196253108104,-0.8743466161445821,0.7818314824680298,0.6234898018587336
-0.0505855593228057,-0.03888175149570181,-0.035401893431374704,-0.031605308792761834,0.7483560045886721,0.85,0.8476143453476368,-1.0,-1.8369701987210297e-16,0.29936312297335804,-0.9541392564000488,0.9749279121818236,-0.22252093395631434
-0.004728136931999001,-0.008849606874565673,-0.009049826732992521,0.009132474615119254,-0.4096206498554512,0.85,0.8476592306656493,-1.0,-1.8369701987210297e-16,0.10116832198743272,-0.994869323391895,0.43388373911755823,-0.900968867902419
0.050819311001323246,0.1598487406783251,0.009049826732992556,0.15154985410104294,1.0114386574257104,0.85,0.8477041159836618,-1.0,-1.8369701987210297e-16,-0.10116832198743204,-0.9948693233918952,-0.433883739117558,-0.9009688679024191
0.022272614319215584,0.144362618090661,0.13071208265935888,0.14179795037597062,0.09743215482249913,0.85,0.8477490013016743,-1.0,-1.8369701987210297e-16,-0.29936312297335776,-0.9541392564000489,-0.9749279121818236,-0.2225209339563146
0.16229867789577468,0.03543047977511576,0.153585895084662,0.05281750594419644,-0.755711857748452,0.85,0.8478836572557117,-1.0,-1.8369701987210297e-16,-0.7907757369376986,-0.6121059825476627,0.7818314824680298,0.6234898018587336
0.06874308716531004,-0.01594936230053437,0.04959689421171262,-0.029365867388841945,-0.46708270081807185,0.85,0.8479285425737242,-1.0,-1.8369701987210297e-16,-0.8978045395707417,-0.44039415155763423,0.9749279121818236,-0.22252093395631434
0.010434950271383305,-0.032682616867465084,-0.029462005134981276,-0.01333351815324252,-0.6088060321261943,0.85,0.8479734278917367,-1.0,-1.8369701987210297e-16,-0.9680771188662041,-0.2506525322587213,0.43388373911755823,-0.900968867902419
0.013745907389641179,0.0,0.0,0.0033500836743294788,-0.300840157029292,0.85,0.8480183132097492,-1.0,-1.8369701987210297e-16,-0.9987165071710528,-0.05064916883871355,-0.433883739117558,-0.9009688679024191
0.013559516634678477,0.019737464261657442,-0.003327786924321495,0.013289219486816427,-0.13447791422855346,0.85,0.8480631985277616,-1.0,-1.8369701987210297e-16,-0.9884683243281114,0.15142777750457667,-0.9749279121818236,-0.2225209339563146
-0.16034267101664443,-0.0032626425892956865,-0.14310088032045537,-0.04385184020120868,0.35097692282409465,0.85,0.8481978544817991,-1.0,-1.8369701987210297e-16,-0.7247927872291207,0.6889669190756859,0.7818314824680298,0.6234898018587336
0.07241259939533483,-0.0366097107490931,0.09531017980432493,-0.045863456564237064,0.11332868530700327,0.85,0.8482427397998116,-1.0,-1.8369701987210297e-16,-0.5712682150947924,0.8207634412072763,0.9749279121818236,-0.22252093395631434
-0.06453855035553441,-0.048620723533198226,-0.017637125169477658,-0.06333590496585768,0.6865780318244759,0.85,0.848287625117824,-1.0,-1.8369701987210297e-16,-0.3943558551133187,0.9189578116202306,0.43388373911755823,-0.900968867902419
0.0,-0.07001018888923673,-0.07001018888923673,-0.0038535657754703747,-1.0656098828644847,0.85,0.8483325104358365,-1.0,-1.8369701987210297e-16,-0.20129852008866114,0.9795299412524943,-0.433883739117558,-0.9009688679024191
0.003913895668890902,-0.011516431521080924,-0.015384904731035867,-0.01165060643245484,-0.9206480372431108,0.85,0.848377395753849,-0.866025403784439,0.49999999999999933,0.20129852008866006,0.9795299412524945,-0.9749279121818236,-0.2225209339563146
-0.03578907391675439,-0.01165060643245484,-0.0077821332224999465,-0.007843170127777188,1.230687016796168,0.85,0.8485120517078865,-0.866025403784439,0.49999999999999933,0.72479278722912,0.6889669190756866,0.7818314824680298,0.6234898018587336
-0.012220099466856578,0.030771720754924695,-0.019724486795535786,0.03861489088270189,0.4536071841149253,0.85,0.8485569370258988,-0.866025403784439,0.49999999999999933,0.8486442574947509,0.5289640103269624,0.9749279121818236,-0.22252093395631434
0.04409527771472026,0.00754719816612951,0.03522865900346101,-0.022989587532424898,-1.0403739611162988,0.85,0.8486018223439113,-0.866025403784439,0.49999999999999933,0.9377521321470804,0.3473052528448203,0.43388373911755823,-0.900968867902419
0.0,-0.003766479074943084,0.007662865745610478,0.0,-0.5561813254867879,0.85,0.8486467076619238,-0.866025403784439,0.49999999999999933,0.9884683243281114,0.1514277775045767,-0.433883739117558,-0.9009688679024191
-0.019802608596683105,-0.01520949484440939,-0.003824092951833983,-0.023530475407740826,0.25928259793008296,0.85,0.8486915929799363,-0.866025403784439,0.49999999999999933,0.9987165071710528,-0.05064916883871264,-0.9749279121818236,-0.2225209339563146
0.0,-0.027186115129478886,-0.04305944926727577,-0.003976144610294895,-0.4528673470027482,0.85,0.8488262489339737,-0.866025403784439,0.49999999999999933,0.7907757369376989,-0.6121059825476626,0.7818314824680298,0.6234898018587336
0.0,0.003929274458886224,0.0,0.0,-0.6550473343276749,0.85,0.8488711342519862,-0.866025403784439,0.49999999999999933,0.6513724827222223,-0.758758122692791,0.9749279121818236,-0.22252093395631434
0.0039920174700382215,0.05715845020008044,0.01980260859668314,0.04289152474907159,1.0986122886681098,0.85,0.8489160195699987,-0.866025403784439,0.49999999999999933,0.48530196253108104,-0.8743466161445821,0.43388373911755823,-0.900968867902419
0.04289152474907159,0.03278979148960535,0.027080933622426688,0.05567303922024707,0.3221286469151198,0.85,0.8489609048880112,-0.866025403784439,0.49999999999999933,0.29936312297335804,-0.9541392564000488,-0.433883739117558,-0.9009688679024191
0.02636694079202869,0.04896086365247956,0.0447836497872773,0.014337149668989626,-0.13256443042186225,0.85,0.8490057902060236,-0.866025403784439,0.49999999999999933,0.10116832198743272,-0.994869323391895,-0.9749279121818236,-0.2225209339563146
0.05073546981086108,0.023609842855106016,0.03936103693775976,0.014134497835800324,0.9152592722674928,0.85,0.8491404461600611,-0.866025403784439,0.49999999999999933,-0.4853019625310808,-0.8743466161445822,0.7818314824680298,0.6234898018587336
-0.0035398234188993853,-0.020202687854778488,0.010471373065981672,0.0,-0.35564348433207005,0.85,0.8491853314780736,-0.866025403784439,0.49999999999999933,-0.6513724827222217,-0.7587581226927913,0.9749279121818236,-0.22252093395631434
0.007067160673785595,0.2670627434345622,-0.010471373065981707,0.12206240762317955,3.188310330515135,0.85,0.849230216796086,-0.866025403784439,0.49999999999999933,-0.7907757369376986,-0.6121059825476627,0.43388373911755823,-0.900968867902419
0.10992759000563875,-0.07010956514644263,0.10641265113837764,0.0514485838960614,-1.3689528860834035,0.85,0.8492751021140985,-0.866025403784439,0.49999999999999933,-0.8978045395707417,-0.44039415155763423,-0.433883739117558,-0.9009688679024191
-0.006329128843763199,-0.057487035748264206,0.05522870541240507,-0.06080901760334175,-1.0341185393064185,0.85,0.849319987432111,-0.866025403784439,0.49999999999999933,-0.9680771188662041,-0.2506525322587213,-0.9749279121818236,-0.2225209339563146
0.003169571647514219,0.24306214748626118,-0.04893938263488364,0.22126088935447866,2.135671422185684,0.85,0.8494546433861484,-0.866025403784439,0.49999999999999933,-0.9377521321470804,0.3473052528448203,0.7818314824680298,0.6234898018587336
0.13036176421068005,-0.09996131325065974,0.18284384853826327,-0.08109014123365996,-2.2523637164493704,0.85,0.8494995287041609,-0.866025403784439,0.49999999999999933,-0.8486442574947509,0.5289640103269624,0.9749279121818236,-0.22252093395631434
-0.028170850475742682,0.01020416024401339,-0.05639078904829836,-0.016483939569558754,0.07626198483363036,0.85,0.8495444140221734,-0.866025403784439,0.49999999999999933,-0.7247927872291207,0.6889669190756859,0.43388373911755823,-0.900968867902419
0.008534894344956464,0.04951501775456487,-0.022347277854463853,0.07982965266339596,-0.4652596549517533,0.85,0.8495892993401859,-0.866025403784439,0.49999999999999933,-0.5712682150947924,0.8207634412072763,-0.433883739117558,-0.9009688679024191
0.05778775113604747,0.10536052717563239,0.0994106795791548,0.09274932809900052,1.4256007310465335,0.85,0.8496341846581984,-0.866025403784439,0.49999999999999933,-0.3943558551133187,0.9189578116202306,-0.9749279121818236,-0.2225209339563146
0.054629977008485375,-0.030907508177893207,0.10433698732195609,-0.01645164571755654,0.8349087980730433,0.85,0.8497688406122358,-0.5000000000000012,0.8660254037844379,0.20129852008866006,0.9795299412524945,0.7818314824680298,0.6234898018587336
-0.04664059458421808,-0.060064294708846694,-0.052021247686300245,-0.10220590421018447,-1.8557870872171034,0.85,0.8498137259302483,-0.5000000000000012,0.8660254037844379,0.39435585511331855,0.9189578116202306,0.9749279121818236,-0.22252093395631434
0.0026490056620134053,-0.06390374204345743,-0.08612913352186025,0.018206009010147205,-0.960725609540937,0.85,0.8498586112482608,-0.5000000000000012,0.8660254037844379,0.5712682150947923,0.8207634412072763,0.43388373911755823,-0.900968867902419
0.013140781209811856,-0.005089064567689295,0.036367671202459616,-0.007762059601332474,0.27054579020879377,0.85,0.8499034965662732,-0.5000000000000012,0.8660254037844379,0.72479278722912,0.6889669190756866,-0.433883739117558,-0.9009688679024191
-0.005235609152347987,0.025190224621169294,-0.01025649013484849,0.005181353941462286,0.6774693678407155,0.85,0.8499483818842857,-0.5000000000000012,0.8660254037844379,0.8486442574947509,0.5289640103269624,-0.9749279121818236,-0.2225209339563146
-0.10506889347952682,0.0,-0.0025807056598701967,-0.111985877375624,0.23436701368405932,0.85,0.8500830378383232,-0.5000000000000012,0.8660254037844379,0.9987165071710528,-0.05064916883871264,0.7818314824680298,0.6234898018587336
-0.005847964174874562,-0.11034807891517066,-0.12069419682980383,0.017192384096632155,-0.9103559963543405,0.85,0.8501279231563356,-0.5000000000000012,0.8660254037844379,0.9680771188662043,-0.2506525322587204,0.9749279121818236,-0.22252093395631434
0.011661928398920107,0.05406723521288297,0.017341458306337543,0.0362662095310616,0.950606398975638,0.85,0.8501728084743481,-0.5000000000000012,0.8660254037844379,0.8978045395707416,-0.4403941515576344,0.43388373911755823,-0.900968867902419
0.01724178989611847,-0.0026350451548230957,0.05301103137445642,-0.01657501513054577,-0.4315308757375054,0.85,0.8502176937923606,-0.5000000000000012,0.8660254037844379,0.7907757369376989,-0.6121059825476626,-0.433883739117558,-0.9009688679024191
-0.028903718295038655,-0.04589201480500473,-0.021978951350272766,-0.025389210096549483,0.3555299224545794,0.85,0.8502625791103731,-0.5000000000000012,0.8660254037844379,0.6513724827222223,-0.758758122692791,-0.9749279121818236,-0.2225209339563146
-0.048057320124068895,-0.008321815632248448,-0.03966521887634129,-0.05581479639354438,-0.377782732096046,0.85,0.8503972350644105,-0.5000000000000012,0.8660254037844379,0.10116832198743272,-0.994869323391895,0.7818314824680298,0.6234898018587336
0.009188417331775181,-0.04268069057275626,-0.04432042799294576,-0.006060618919367702,-1.1988852578145637,0.85,0.850442120382423,-0.5000000000000012,0.8660254037844379,-0.10116832198743204,-0.9948693233918952,0.9749279121818236,-0.22252093395631434
-0.040440930560504997,-0.020558777613620814,-0.009104758428402254,-0.037155941225776395,-0.3630920782593659,0.85,0.8504870057004354,-0.5000000000000012,0.8660254037844379,-0.29936312297335776,-0.9541392564000489,0.43388373911755823,-0.900968867902419
-0.028987585848123526,-0.030122731329248812,-0.04681037255876665,-0.03205407210259106,-0.07576004588153559,0.85,0.850531891018448,-0.5000000000000012,0.8660254037844379,-0.4853019625310808,-0.8743466161445822,-0.433883739117558,-0.9009688679024191
-0.019802608596683105,0.018182302004965924,-0.01610346889993343,0.012945152605807753,0.880471634069202,0.85,0.8505767763364604,-0.5000000000000012,0.8660254037844379,-0.6513724827222217,-0.7587581226927913,-0.9749279121818236,-0.2225209339563146
0.02306525118597887,-0.05874944775212316,0.003241490918010434,0.0,-1.131786062350108,0.85,0.8507114322904978,-0.5000000000000012,0.8660254037844379,-0.9680771188662041,-0.2506525322587213,0.7818314824680298,0.6234898018587336
-0.03648825863062893,-0.006389868187525432,0.009661902008877073,-0.03934930186775505,1.2960309487438835,0.85,0.8507563176085103,-0.5000000000000012,0.8660254037844379,-0.9987165071710528,-0.05064916883871355,0.9749279121818236,-0.22252093395631434
-0.013605638815206152,-0.016155425287520307,-0.06624932273335547,0.01658411227764279,0.5939205466633852,0.85,0.8508012029265228,-0.5000000000000012,0.8660254037844379,-0.9884683243281114,0.15142777750457667,0.43388373911755823,-0.900968867902419
-0.006872872530504391,0.009724540873323983,0.027028646259856202,-0.009917427277352855,-0.7316487279145212,0.85,0.8508909735625477,-0.5000000000000012,0.8660254037844379,-0.8486442574947509,0.5289640103269624,-0.9749279121818236,-0.2225209339563146
0.0034423408007335458,0.0,0.016529286317205256,-0.030356433184177682,0.7253338670558466,0.85,0.8510256295165852,-0.5000000000000012,0.8660254037844379,-0.3943558551133187,0.9189578116202306,0.7818314824680298,0.6234898018587336
-0.017331522526503503,-0.046212799503952774,-0.04013912917231118,0.0,-1.1845547184688343,0.85,0.8510705148345976,-0.5000000000000012,0.8660254037844379,-0.20129852008866114,0.9795299412524943,0.9749279121818236,-0.22252093395631434
0.027588012661351986,0.03648825863062891,0.023609842855106016,0.006825958405077651,0.39356020560184596,0.85,0.8511154001526101,-2.4492935982947064e-16,1.0,0.20129852008866006,0.9795299412524945,0.43388373911755823,-0.900968867902419
-0.031090639995029302,-0.033115577406406436,-0.04082195478382607,-0.024097610916686583,0.12551531763628654,0.85,0.8511602854706226,-2.4492935982947064e-16,1.0,0.39435585511331855,0.9189578116202306,-0.433883739117558,-0.9009688679024191
-0.017699560667042254,-0.010152361634350938,-0.010471373065981707,0.006944548526718014,-0.5706802955911355,0.85,0.8512051707886351,-2.4492935982947064e-16,1.0,0.5712682150947923,0.8207634412072763,-0.9749279121818236,-0.2225209339563146
-0.007168482740163348,0.013513706104480555,0.03448622569739788,0.0034542314543865057,0.4270375933622922,0.85,0.8513398267426725,-2.4492935982947064e-16,1.0,0.9377521321470804,0.3473052528448203,0.7818314824680298,0.6234898018587336
0.01782576728505847,0.019934195951972208,-0.017094416637950714,0.03056262071439213,-0.3903362265118642,0.85,0.851384712060685,-2.4492935982947064e-16,1.0,0.9884683243281114,0.1514277775045767,0.9749279121818236,-0.22252093395631434
0.051646622221657196,0.019544577857628517,0.04385184020120862,0.01658411227764279,0.5017757882460728,0.85,0.8514295973786975,-2.4492935982947064e-16,1.0,0.9987165071710528,-0.05064916883871264,0.43388373911755823,-0.900968867902419
-0.006734025694352127,-0.019544577857628528,0.0,-0.01993419595197219,0.6341689300030108,0.85,0.85147448269671,-2.4492935982947064e-16,1.0,0.9680771188662043,-0.2506525322587204,-0.433883739117558,-0.9009688679024191
-0.020478511345710583,-0.009917427277352855,-0.01663930316114596,-0.013513706104480588,-0.7274811071446625,0.85,0.8515193680147224,-2.4492935982947064e-16,1.0,0.8978045395707416,-0.4403941515576344,-0.9749279121818236,-0.2225209339563146
-0.013889181725769854,-0.003327786924321495,-0.02721253704006281,-0.024097610916686583,0.10236201266156968,0.85,0.8516540239687599,-2.4492935982947064e-16,1.0,0.48530196253108104,-0.8743466161445821,0.7818314824680298,0.6234898018587336
-0.01408472687472389,-0.03390151879036064,-0.020906747926708304,-0.0069930290783427355,-1.2313717785140503,0.85,0.8516989092867724,-2.4492935982947064e-16,1.0,0.29936312297335804,-0.9541392564000488,0.9749279121818236,-0.22252093395631434
-0.00711746112599564,0.0,0.0035149388672611323,-0.0035149388672611106,1.8593796569030343,0.85,0.8517437946047848,-2.4492935982947064e-16,1.0,0.10116832198743272,-0.994869323391895,0.43388373911755823,-0.900968867902419
-0.007168482740163348,-0.010398779981104425,-0.01058209954104666,-0.017762439790516657,-0.7711087220296571,0.85,0.8517886799227973,-2.4492935982947064e-16,1.0,-0.10116832198743204,-0.9948693233918952,-0.433883739117558,-0.9009688679024191
-0.01814930122760286,0.01039877998110434,-0.017889547963743268,-0.010810905886807262,0.8888917576860407,0.85,0.8518335652408098,-2.4492935982947064e-16,1.0,-0.29936312297335776,-0.9541392564000489,-0.9749279121818236,-0.2225209339563146
-0.011049825512574671,-0.024434085181594435,-0.014545697130018563,0.010810905886807217,-1.0437356784422753,0.85,0.8519682211948473,-2.4492935982947064e-16,1.0,-0.7907757369376986,-0.6121059825476627,0.7818314824680298,0.6234898018587336
-0.11778301358058968,0.02443408518159451,0.025317783967766277,-0.09782229072948646,2.6231548538212,0.85,0.8520131065128597,-2.4492935982947064e-16,1.0,-0.8978045395707417,-0.44039415155763423,0.9749279121818236,-0.22252093395631434
0.04879011686415906,-0.07889395044558029,-0.10140010872022187,0.05010686362974556,-1.1326535547798606,0.85,0.8520579918308722,-2.4492935982947064e-16,1.0,-0.9680771188662041,-0.2506525322587213,0.43388373911755823,-0.900968867902419
0.03891538013877681,0.033030493881343125,0.04255966546361606,-0.007547198166129499,0.196886018866502,0.85,0.8521028771488847,-2.4492935982947064e-16,1.0,-0.9987165071710528,-0.05064916883871355,-0.433883739117558,-0.9009688679024191
-0.03891538013877673,0.007194268847012065,-0.003795067191324629,0.040821954783826074,-0.979782054172666,0.85,0.8522824184209346,-2.4492935982947064e-16,1.0,-0.7247927872291207,0.6889669190756859,0.7818314824680298,0.6234898018587336
0.054067261106295166,-0.01444067048204418,0.0446170219751507,-0.022059696793186322,-1.1339172334828627,0.85,0.852327303738947,-2.4492935982947064e-16,1.0,-0.5712682150947924,0.8207634412072763,0.9749279121818236,-0.22252093395631434
-0.042232814589945086,-0.0183491210075612,-0.022059696793186322,-0.02255732518196432,1.6742087485918824,0.85,0.8523721890569596,-2.4492935982947064e-16,1.0,-0.3943558551133187,0.9189578116202306,0.43388373911755823,-0.900968867902419
0.03468561642381556,0.02197888560279815,-0.018762257990639786,0.02626790096758945,-0.7064760345000017,0.85,0.852417074374972,-2.4492935982947064e-16,1.0,-0.20129852008866114,0.9795299412524943,-0.433883739117558,-0.9009688679024191
0.00754719816612951,-0.0036297645952370152,0.02247283377626483,0.011049825512574631,1.063150978438734,0.85,0.8524619596929844,-2.4492935982947064e-16,1.0,-2.4492935982947064e-16,1.0,-0.9749279121818236,-0.2225209339563146
0.018622493907199816,0.018018488472779662,0.01834912100756125,-0.007352967215510279,-1.8114645403073875,0.8666666666666667,0.8525966156470219,0.49999999999999994,0.8660254037844387,0.5712682150947923,0.8207634412072763,0.7818314824680298,0.6234898018587336
-0.022388972982142884,0.0,0.0,0.0,0.7595496351355792,0.8666666666666667,0.8526415009650344,0.49999999999999994,0.8660254037844387,0.72479278722912,0.6889669190756866,0.9749279121818236,-0.22252093395631434
-0.019048267638185925,0.03509136972648957,-0.007299295494986557,-0.01487014798131398,0.4859374613307375,0.8666666666666667,0.8526863862830468,0.49999999999999994,0.8660254037844387,0.8486442574947509,0.5289640103269624,0.43388373911755823,-0.900968867902419
-0.03922067647349926,-0.053109858199269104,0.007299295494986573,-0.0538592095556314,-0.35153354443831364,0.8666666666666667,0.8527312716010593,0.49999999999999994,0.8660254037844387,0.9377521321470804,0.3473052528448203,-0.433883739117558,-0.9009688679024191
0.0039920174700382215,-0.03704123569263968,-0.07159367553875089,0.019570077931191202,-0.4639171831893333,0.8666666666666667,0.8527761569190718,0.49999999999999994,0.8660254037844387,0.9884683243281114,0.1514277775045767,-0.9749279121818236,-0.2225209339563146
-0.024194705324816716,-0.026770306623611247,0.003898636791834069,-0.047628003911058266,1.1685971167628268,0.8666666666666667,0.8529108128731092,0.49999999999999994,0.8660254037844387,0.8978045395707416,-0.4403941515576344,0.7818314824680298,0.6234898018587336
-0.024794634182998078,-0.027506620018035725,-0.03162315862492943,-0.028867955614792263,-0.2628471812944542,0.8666666666666667,0.8529556981911217,0.49999999999999994,0.8660254037844387,0.7907757369376989,-0.6121059825476626,0.9749279121818236,-0.22252093395631434
-0.029726252932816485,-0.032391464519636835,-0.032655931189676975,-0.016878122262197592,-0.44427774127210573,0.8666666666666667,0.8530005835091342,0.49999999999999994,0.8660254037844387,0.6513724827222223,-0.758758122692791,0.43388373911755823,-0.900968867902419
0.008583735786265884,0.004106777931561642,-0.012526247349155065,0.03347599725037541,-0.055360046272580926,0.8666666666666667,0.8530454688271467,0.49999999999999994,0.8660254037844387,0.48530196253108104,-0.8743466161445821,-0.433883739117558,-0.9009688679024191
0.008510681896768206,0.01626050511169458,0.024897526988316567,0.02036728304325631,-1.048160227707721,0.8666666666666667,0.8530903541451592,0.49999999999999994,0.8660254037844387,0.29936312297335804,-0.9541392564000488,-0.9749279121818236,-0.2225209339563146
0.01680720250373278,0.0040241464388207845,0.020284651550515558,-0.02036728304325634,-0.39811213380290555,0.8666666666666667,0.8532698954172091,0.49999999999999994,0.8660254037844387,-0.4853019625310808,-0.8743466161445822,0.9749279121818236,-0.22252093395631434
-0.008368241322527534,-0.016194670287256973,-0.032655931189676975,-0.0041237131295381434,0.30132484885556754,0.8666666666666667,0.8533147807352216,0.49999999999999994,0.8660254037844387,-0.6513724827222217,-0.7587581226927913,0.43388373911755823,-0.900968867902419
0.008368241322527527,0.008130118203598047,0.004140788578061737,0.008230491061099875,0.7637647477738987,0.8666666666666667,0.853359666053234,0.49999999999999994,0.8660254037844387,-0.7907757369376986,-0.6121059825476627,-0.433883739117558,-0.9009688679024191
-0.012578870230597509,-0.008130118203598055,-0.008298794604689195,-0.0291081558963865,-0.35020242943311486,0.8666666666666667,0.8534045513712465,0.49999999999999994,0.8660254037844387,-0.8978045395707417,-0.44039415155763423,-0.9749279121818236,-0.2225209339563146
-0.021322749956169382,-0.024794634182998078,-0.012578870230597509,-0.008474619285550513,-0.06669137449867228,0.8666666666666667,0.853539207325284,0.49999999999999994,0.8660254037844387,-0.9884683243281114,0.15142777750457667,0.7818314824680298,0.6234898018587336
-0.017391726485559075,-0.008403502976647062,-0.012739014169903484,0.0,0.0,0.8666666666666667,0.8535840926432965,0.49999999999999994,0.8660254037844387,-0.9377521321470804,0.3473052528448203,0.9749279121818236,-0.22252093395631434
-0.008810621353606442,0.03319813715964508,0.0,-0.034635464483286596,0.1975309754574835,0.8666666666666667,0.8536289779613089,0.49999999999999994,0.8660254037844387,-0.8486442574947509,0.5289640103269624,0.43388373911755823,-0.900968867902419
-0.004434592848067865,-0.06317894181632316,-0.030371069598933625,0.008771977817187141,0.5487755733825578,0.8666666666666667,0.8536738632793214,0.49999999999999994,0.8660254037844387,-0.7247927872291207,0.6889669190756859,-0.433883739117558,-0.9009688679024191
0.0,0.01724179048677462,0.008771977817187141,0.0,-0.3719723593270501,0.8666666666666667,0.8537187485973339,0.49999999999999994,0.8660254037844387,-0.5712682150947924,0.8207634412072763,-0.9749279121818236,-0.2225209339563146
0.008849606874565697,0.008510681896768206,0.01731643392534468,0.013015355995480675,-0.011928570865273845,0.8666666666666667,0.8538534045513713,0.49999999999999994,0.8660254037844387,-2.4492935982947064e-16,1.0,0.7818314824680298,0.6234898018587336
0.008771977817187141,-0.004246287012415234,-0.017316433925344658,0.012848130670618959,-0.4845083154486173,0.8666666666666667,0.8538982898693838,0.8660254037844386,0.5000000000000001,0.20129852008866006,0.9795299412524945,0.9749279121818236,-0.22252093395631434
-0.013186991843684808,0.0,0.004357301294971909,-0.017167787811240575,-0.753366040553,0.8666666666666667,0.8539431751873963,0.8660254037844386,0.5000000000000001,0.39435585511331855,0.9189578116202306,0.43388373911755823,-0.900968867902419
-0.004434592848067865,-0.004264394884352925,0.004338397559886872,-0.021882690698543768,1.4448885253859434,0.8666666666666667,0.8539880605054088,0.8660254037844386,0.5000000000000001,0.5712682150947923,0.8207634412072763,-0.433883739117558,-0.9009688679024191
0.021978885986724744,0.004264394884352982,0.008620735070485726,0.021882690698543702,-1.3156767939059373,0.8666666666666667,0.8540329458234213,0.8660254037844386,0.5000000000000001,0.72479278722912,0.6889669190756866,-0.9749279121818236,-0.2225209339563146
-0.0131292791121591,0.021053489516148095,0.004282657856401812,0.01290339292688759,0.9531777216812161,0.8666666666666667,0.8541676017774587,0.8660254037844386,0.5000000000000001,0.9884683243281114,0.1514277775045767,0.7818314824680298,0.6234898018587336
0.01746767667204611,-0.008368241322527534,-0.012903392926887598,0.012739014169903515,-1.3055330044754323,0.8666666666666667,0.8542124870954712,0.8660254037844386,0.5000000000000001,0.9987165071710528,-0.05064916883871264,0.9749279121818236,-0.22252093395631434
0.01290339292688759,0.008368241322527527,0.01290339292688759,0.004210628908069916,1.0545522988740792,0.8666666666666667,0.8542573724134837,0.8660254037844386,0.5000000000000001,0.9680771188662043,-0.2506525322587204,0.43388373911755823,-0.900968867902419
-0.030371069598933625,0.06062456338050912,0.06613983918432709,-0.012685248193620501,1.5462198404410328,0.8666666666666667,0.854302257731496,0.8660254037844386,0.5000000000000001,0.8978045395707416,-0.4403941515576344,-0.433883739117558,-0.9009688679024191
-0.013303952966471248,-0.07320343361110673,-0.061875444299974075,0.0042462870124152785,-1.6406295249121075,0.8666666666666667,0.8543471430495085,0.8660254037844386,0.5000000000000001,0.7907757369376989,-0.6121059825476626,-0.9749279121818236,-0.2225209339563146
-0.004474276099262872,-0.008474619285550513,0.0,-0.0566599805614359,-0.006622540760493382,0.8666666666666667,0.854481799003546,0.8660254037844386,0.5000000000000001,0.29936312297335804,-0.9541392564000488,0.7818314824680298,0.6234898018587336
0.0,-0.030239857156177868,-0.04348507135785223,0.013363215039236298,-0.9030892200156192,0.8666666666666667,0.8545266843215584,0.8660254037844386,0.5000000000000001,0.10116832198743272,-0.994869323391895,0.9749279121818236,-0.22252093395631434
0.00447427609926283,0.025975462271824908,0.0,0.004415014026497735,1.3052265380311088,0.8666666666666667,0.8545715696395709,0.8660254037844386,0.5000000000000001,-0.10116832198743204,-0.9948693233918952,0.43388373911755823,-0.900968867902419
-0.055059835422068513,-0.030371069598933625,-0.004454346091905699,-0.04967156165839175,0.38147595173814175,0.8666666666666667,0.8546164549575834,0.8660254037844386,0.5000000000000001,-0.29936312297335776,-0.9541392564000489,-0.433883739117558,-0.9009688679024191
-0.004728136931999001,-0.054311936594378954,-0.041007983627907654,-0.013986227983039856,-1.9368466429019664,0.8666666666666667,0.8546613402755959,0.8660254037844386,0.5000000000000001,-0.4853019625310808,-0.8743466161445822,-0.9749279121818236,-0.2225209339563146
-0.03373810861372711,-0.009345853047052549,-0.023530587180201755,-0.009434135679107251,1.3650169626726059,0.8666666666666667,0.8548408815476458,0.8660254037844386,0.5000000000000001,-0.9680771188662041,-0.2506525322587213,0.9749279121818236,-0.22252093395631434
0.03846624554572604,0.04587956057569745,0.01886857873808785,0.03721367218611703,-0.373716409793584,0.8666666666666667,0.8548857668656583,0.8660254037844386,0.5000000000000001,-0.9987165071710528,-0.05064916883871355,0.43388373911755823,-0.900968867902419
-0.004728136931999001,0.00447427609926283,0.0,0.02257430016795043,-0.5017523275603158,0.8666666666666667,0.8549306521836708,0.8660254037844386,0.5000000000000001,-0.9884683243281114,0.15142777750457667,-0.433883739117558,-0.9009688679024191
0.02342036366214711,0.01769956029357998,0.018519029369165677,-0.004474276099262872,1.0273126110832431,0.8666666666666667,0.8549755375016832,0.8660254037844386,0.5000000000000001,-0.9377521321470804,0.3473052528448203,-0.9749279121818236,-0.2225209339563146
0.0318933325926575,0.034486144168593025,0.027150962700856145,0.03090750817789317,2.3715163767492538,0.8666666666666667,0.8551101934557207,0.8660254037844386,0.5000000000000001,-0.5712682150947924,0.8207634412072763,0.7818314824680298,0.6234898018587336
-0.013544211986474024,-0.012793339753170103,0.03509128677913902,-0.017544293138656752,-1.2721345613021156,0.8666666666666667,0.8551550787737332,1.0,6.123233995736766e-17,0.20129852008866006,0.9795299412524945,0.9749279121818236,-0.22252093395631434
0.02690742702571047,-0.004301077929863997,-0.013015355995480553,0.00881062135360639,-0.45716334277255827,0.8666666666666667,0.8551999640917457,1.0,6.123233995736766e-17,0.39435585511331855,0.9189578116202306,0.43388373911755823,-0.900968867902419
-0.004434592848067865,0.025533378864239318,0.021599091781746495,0.0087336717850503,1.8359294374716573,0.8666666666666667,0.8552448494097581,1.0,6.123233995736766e-17,0.5712682150947923,0.8207634412072763,-0.433883739117558,-0.9009688679024191
-0.0833816411889077,0.008368241322527527,-0.017241790486774565,-0.008733671785050415,0.20274706432357162,0.8666666666666667,0.8552897347277706,1.0,6.123233995736766e-17,0.72479278722912,0.6889669190756866,-0.9749279121818236,-0.2225209339563146
0.08338164118890773,0.0,-0.004357301294971973,0.021692804415423084,-0.4676333982237725,0.8666666666666667,0.8554243906818081,1.0,6.123233995736766e-17,0.9884683243281114,0.1514277775045767,0.7818314824680298,0.6234898018587336
-0.03620301350546102,0.11034804234183972,0.04691697618224758,0.025425175002952306,1.3499080111998032,0.8666666666666667,0.8554692759998205,1.0,6.123233995736766e-17,0.9987165071710528,-0.05064916883871264,0.9749279121818236,-0.22252093395631434
0.04944822770713528,-0.049723478961330544,0.03278979077748378,-0.025425175002952435,-1.0559953889973863,0.8666666666666667,0.855514161317833,1.0,6.123233995736766e-17,0.9680771188662043,-0.2506525322587204,0.43388373911755823,-0.900968867902419
0.0,0.023256840670592614,-0.08408313744980968,0.05021980918595051,2.1286528660173265,0.8666666666666667,0.8555590466358455,1.0,6.123233995736766e-17,0.8978045395707416,-0.4403941515576344,-0.433883739117558,-0.9009688679024191
-0.04027386046153044,-0.08805677130505235,0.04711797941837535,-0.0588405442564362,-1.6859331957200592,0.8666666666666667,0.855603931953858,1.0,6.123233995736766e-17,0.7907757369376989,-0.6121059825476626,-0.9749279121818236,-0.2225209339563146
-0.03721367218611709,0.01659787498817786,-0.008403502976647062,-0.057922592339373455,0.328426694539795,0.8666666666666667,0.8557385879078954,1.0,6.123233995736766e-17,0.29936312297335804,-0.9541392564000488,0.7818314824680298,0.6234898018587336
-0.028848127880388107,-0.1085663774009894,-0.08356499943616451,-0.0517763323961459,-0.5336882903273455,0.8666666666666667,0.8557834732259079,1.0,6.123233995736766e-17,0.10116832198743272,-0.994869323391895,0.9749279121818236,-0.22252093395631434
-0.1525259662585111,-0.06637511826693854,-0.07128912846358022,-0.11778298526598292,0.6290142967980209,0.8666666666666667,0.8558283585439204,1.0,6.123233995736766e-17,-0.10116832198743204,-0.9948693233918952,0.43388373911755823,-0.900968867902419
0.0498718483462677,0.019418067876816054,-0.09285012698226261,0.09333191220935524,-0.9350216854576319,0.8666666666666667,0.8558732438619329,1.0,6.123233995736766e-17,-0.29936312297335776,-0.9541392564000489,-0.433883739117558,-0.9009688679024191
0.06284790529513194,-0.029270355062651115,0.07796152858222118,-0.014962858442059175,-0.602815379933013,0.8666666666666667,0.8559181291799453,1.0,6.123233995736766e-17,-0.4853019625310808,-0.8743466161445822,-0.9749279121818236,-0.2225209339563146
0.010101086255878002,0.038839797345520136,0.0,0.014962858442059178,0.3942297284834183,0.8666666666666667,0.8560527851339828,1.0,6.123233995736766e-17,-0.8978045395707417,-0.44039415155763423,0.7818314824680298,0.6234898018587336
0.024815145627894136,0.01886857873808785,0.02469258933002205,0.04831853273156113,-0.2094556873210437,0.8666666666666667,0.8560976704519953,1.0,6.123233995736766e-17,-0.9680771188662041,-0.2506525322587213,0.9749279121818236,-0.22252093395631434
0.02898751015968521,0.06774592285368009,0.04296610816443407,0.04609117406932424,0.5286089953369393,0.8666666666666667,0.8561425557700076,1.0,6.123233995736766e-17,-0.9987165071710528,-0.05064916883871355,0.43388373911755823,-0.900968867902419
0.06899291690001526,0.08373091339855217,0.05012433816192752,0.09858083524769781,0.11607711570186817,0.8666666666666667,0.8561874410880201,1.0,6.123233995736766e-17,-0.9884683243281114,0.15142777750457667,-0.433883739117558,-0.9009688679024191
0.08515782780304779,0.0920189018768598,0.10935253312786446,0.016194670287257,0.6097376244131678,0.8666666666666667,0.8562323264060326,1.0,6.123233995736766e-17,-0.9377521321470804,0.3473052528448203,-0.9749279121818236,-0.2225209339563146
-0.10309551122864172,-0.07213755017154146,-0.003992017470038185,-0.1013524980903048,-0.8934103899146448,0.8666666666666667,0.85636698236007,1.0,6.123233995736766e-17,-0.5712682150947924,0.8207634412072763,0.7818314824680298,0.6234898018587336
-0.04630463502037942,-0.14826249605547928,-0.13696582445058805,-0.04082195478382607,-0.08271379211863927,0.8666666666666667,0.8564118676780825,1.0,6.123233995736766e-17,-0.3943558551133187,0.9189578116202306,0.9749279121818236,-0.22252093395631434
-0.023981942745788003,0.03146323910792397,-0.009216645991064273,0.022884271358232112,-0.23985638115493005,0.8666666666666667,0.856456752996095,1.0,6.123233995736766e-17,-0.20129852008866114,0.9795299412524943,0.43388373911755823,-0.900968867902419
0.028710079677787145,-0.008888938939973515,0.022884271358232112,-0.03687049934127215,-1.1496885052324084,0.8666666666666667,0.8565016383141075,1.0,6.123233995736766e-17,-2.4492935982947064e-16,1.0,-0.433883739117558,-0.9009688679024191
-0.019048177668910055,-0.027150962700856176,-0.022884271358232223,-0.014184734133149203,-0.004662013105811301,0.8666666666666667,0.85654652363212,0.8660254037844387,-0.4999999999999998,0.20129852008866006,0.9795299412524945,-0.9749279121818236,-0.2225209339563146
0.0,0.0,-0.013986227983039856,0.01886857873808785,0.3100926210668337,0.8666666666666667,0.8566811795861574,0.8660254037844387,-0.4999999999999998,0.72479278722912,0.6889669190756866,0.7818314824680298,0.6234898018587336
-0.13904104336922393,-0.009216645991064273,0.0,-0.1295341037489113,1.5724354362819248,0.8666666666666667,0.8567260649041699,0.8660254037844387,-0.4999999999999998,0.8486442574947509,0.5289640103269624,0.9749279121818236,-0.22252093395631434
-0.02801301003276431,-0.10227886440365994,-0.08829263642062009,-0.03794496064126931,-0.622051258876215,0.8666666666666667,0.8567709502221824,0.8660254037844387,-0.4999999999999998,0.9377521321470804,0.3473052528448203,0.43388373911755823,-0.900968867902419
0.0,-0.05264374505111857,-0.05264374505111857,-0.005540175253055251,-0.31908323499089225,0.8666666666666667,0.8568158355401948,0.8660254037844387,-0.4999999999999998,0.9884683243281114,0.1514277775045767,-0.433883739117558,-0.9009688679024191
0.016901794910049242,0.03713951171022402,-0.01634912206919231,0.005540175253055282,0.37448836096780336,0.8666666666666667,0.8568607208582073,0.8660254037844387,-0.4999999999999998,0.9987165071710528,-0.05064916883871264,-0.9749279121818236,-0.2225209339563146
0.011111215122715136,-0.005221939105117153,0.0,0.01643877609721746,-0.7830570772267436,0.8666666666666667,0.8569953768122448,0.8660254037844387,-0.4999999999999998,0.7907757369376989,-0.6121059825476626,0.7818314824680298,0.6234898018587336
-0.01671346543338964,-0.010526403080123783,0.03243524439695811,-0.021978951350272766,0.17008758182822295,0.8666666666666667,0.8570402621302573,0.8660254037844387,-0.4999999999999998,0.6513724827222223,-0.758758122692791,0.9749279121818236,-0.22252093395631434
-0.005633812421074309,-0.026811231741269037,-0.03794496064126931,-0.005571039869659899,0.06797430572455312,0.8666666666666667,0.8570851474482697,0.8660254037844387,-0.4999999999999998,0.48530196253108104,-0.8743466161445821,0.43388373911755823,-0.900968867902419
-0.03448614298701731,0.0,-0.011111215122715117,-0.045722205718766125,-0.3096833969972129,0.8666666666666667,0.8571300327662822,0.8660254037844387,-0.4999999999999998,0.29936312297335804,-0.9541392564000488,-0.433883739117558,-0.9009688679024191
-0.017699630629052897,-0.021978951350272766,-0.05158731943009089,-0.011764830029498071,0.19190036134082944,0.8666666666666667,0.8573095740383321,0.8660254037844387,-0.4999999999999998,-0.4853019625310808,-0.8743466161445822,0.7818314824680298,0.6234898018587336
0.005934800599554714,0.0,0.0,0.017595744665974633,-0.38214954647259475,0.8666666666666667,0.8573544593563446,0.8660254037844387,-0.4999999999999998,-0.6513724827222217,-0.7587581226927913,0.9749279121818236,-0.22252093395631434
-0.08004277821157772,-0.028170850475742682,0.023256839595910014,-0.05374429556592626,0.7452242019656313,0.8666666666666667,0.8573993446743571,0.8660254037844387,-0.4999999999999998,-0.7907757369376986,-0.6121059825476627,0.43388373911755823,-0.900968867902419
-0.0194180678768161,-0.06491955482194661,-0.09015108148235373,-0.006153859705557642,-0.08836547333735906,0.8666666666666667,0.8574442299923696,0.8660254037844387,-0.4999999999999998,-0.8978045395707417,-0.44039415155763423,-0.433883739117558,-0.9009688679024191
0.05715843548288445,0.006079040349402274,0.03704123623790748,0.012270080925744102,-1.154467261239054,0.8666666666666667,0.8574891153103821,0.8660254037844387,-0.4999999999999998,-0.9680771188662041,-0.2506525322587213,-0.9749279121818236,-0.2225209339563146
-0.07696104407956754,0.0,-0.01834912127514634,-0.06291384145870002,0.3142886158964932,0.8666666666666667,0.8576237712644195,0.8660254037844387,-0.4999999999999998,-0.9377521321470804,0.3473052528448203,0.7818314824680298,0.6234898018587336
-0.04779070051613058,-0.0755075567580308,-0.057158435482884434,-0.07410798406274222,0.3332871304126357,0.8666666666666667,0.857668656582432,0.8660254037844387,-0.4999999999999998,-0.8486442574947509,0.5289640103269624,0.9749279121818236,-0.22252093395631434
-0.05018969732560656,-0.04683125485653937,-0.0537041273870438,-0.0070175662009383764,0.33603392848357994,0.8666666666666667,0.8577135419004445,0.8660254037844387,-0.4999999999999998,-0.7247927872291207,0.6889669190756859,0.43388373911755823,-0.900968867902419
0.036104970450882526,0.03367318266280076,0.0,0.0,-1.5157631211995233,0.8666666666666667,0.8577584272184569,0.8660254037844387,-0.4999999999999998,-0.5712682150947924,0.8207634412072763,-0.433883739117558,-0.9009688679024191
-0.0287789373967132,-0.061452803120013534,-0.020906747926708304,-0.028573345677323933,0.38598179110447184,0.8666666666666667,0.8578033125364694,0.8660254037844387,-0.4999999999999998,-0.3943558551133187,0.9189578116202306,-0.9749279121818236,-0.2225209339563146
-0.03717896698588821,0.007017566200938237,-0.04317213112466823,-0.01459878544734433,0.579764219695926,0.8666666666666667,0.8579379684905069,0.5000000000000003,-0.8660254037844385,0.39435585511331855,0.9189578116202306,0.7818314824680298,0.6234898018587336
0.00754719816612951,0.04779070051613047,-0.022305735765589314,0.08455739039708698,-0.05465841253786408,0.8666666666666667,0.8579828538085192,0.5000000000000003,-0.8660254037844385,0.5712682150947923,0.8207634412072763,0.9749279121818236,-0.22252093395631434
0.0512932450904762,0.06453853603873219,0.10686312616267629,0.006734025694352132,-0.35575814350779633,0.8666666666666667,0.8580277391265317,0.5000000000000003,-0.8660254037844385,0.72479278722912,0.6889669190756866,0.43388373911755823,-0.900968867902419
0.014184621799781118,-0.051293321837057954,-0.006779680410128465,-0.034132973033528226,-1.2585068096746201,0.8666666666666667,0.8580726244445442,0.5000000000000003,-0.8660254037844385,0.8486442574947509,0.5289640103269624,-0.433883739117558,-0.9009688679024191
-0.06547786689025745,-0.054067168985500305,-0.02758801266135205,-0.035339416473187425,0.6371740222812972,0.8666666666666667,0.8581175097625567,0.5000000000000003,-0.8660254037844385,0.9377521321470804,0.3473052528448203,-0.9749279121818236,-0.2225209339563146
-0.015151880967518485,0.040821954783826074,-0.0355909118782622,0.049132724997157345,1.5132744902571915,0.8666666666666667,0.8582521657165941,0.5000000000000003,-0.8660254037844385,0.9680771188662043,-0.2506525322587204,0.7818314824680298,0.6234898018587336
0.015151880967518554,0.0,0.06317892453961432,-0.08576682297608472,-0.04317217186520878,0.8666666666666667,0.8582970510346066,0.5000000000000003,-0.8660254037844385,0.8978045395707416,-0.4403941515576344,0.9749279121818236,-0.22252093395631434
-0.06203542318662823,-0.08338161239439283,-0.10008344575254788,-0.06952608755801373,-0.40252824843485474,0.8666666666666667,0.8583419363526191,0.5000000000000003,-0.8660254037844385,0.7907757369376989,-0.6121059825476626,0.43388373911755823,-0.900968867902419
-0.00803216400634236,0.08338161239439283,-0.07006758719297067,0.08434115895221751,-0.3214825067806953,0.8666666666666667,0.8583868216706316,0.5000000000000003,-0.8660254037844385,0.6513724827222223,-0.758758122692791,-0.433883739117558,-0.9009688679024191
0.09969935601272933,-0.04082195478382607,0.12847829340944253,0.02898750932488704,-0.25812654245619165,0.8666666666666667,0.858431706988644,0.5000000000000003,-0.8660254037844385,0.48530196253108104,-0.8743466161445821,-0.9749279121818236,-0.2225209339563146
0.007272752393174878,0.06713923833043765,0.05518644564055665,0.03509136972648957,1.9237899542040906,0.8666666666666667,0.8585663629426815,0.5000000000000003,-0.8660254037844385,-0.10116832198743204,-0.9948693233918952,0.7818314824680298,0.6234898018587336
-0.06744130691148793,-0.03974029099126166,-0.04110171876583268,-0.08638461481696576,-0.7383117325143189,0.8666666666666667,0.858611248260694,0.5000000000000003,-0.8660254037844385,-0.29936312297335776,-0.9541392564000489,0.9749279121818236,-0.22252093395631434
-0.03149863748807392,-0.091937490552541,-0.0953101798043249,-0.04616208904883138,-0.4812668215244463,0.8666666666666667,0.8586561335787065,0.5000000000000003,-0.8660254037844385,-0.4853019625310808,-0.8743466161445822,0.43388373911755823,-0.900968867902419
-0.032523160179136874,0.0,-0.04725284047984155,0.053652753420216845,0.026191212862947476,0.8666666666666667,0.8587010188967189,0.5000000000000003,-0.8660254037844385,-0.6513724827222217,-0.7587581226927913,-0.433883739117558,-0.9009688679024191
0.024490996172794505,-0.007434971238749889,0.06252038902684111,-0.06155792547768068,-0.8904607599862241,0.8666666666666667,0.8587459042147314,0.5000000000000003,-0.8660254037844385,-0.7907757369376986,-0.6121059825476627,-0.9749279121818236,-0.2225209339563146
-0.016260505111694693,0.0,-0.038614890882701966,0.03891538013877681,0.9486344912000464,0.8666666666666667,0.8588805601687689,0.5000000000000003,-0.8660254037844385,-0.9987165071710528,-0.05064916883871355,0.7818314824680298,0.6234898018587336
0.02429266911803713,-0.022642545338903967,0.007843170127777039,-0.031010208081312926,-1.743564366069934,0.8666666666666667,0.8589254454867813,0.5000000000000003,-0.8660254037844385,-0.9884683243281114,0.15142777750457667,0.9749279121818236,-0.22252093395631434
0.0,-0.023167037953535786,0.0,-0.015873334137796888,1.1707747349163402,0.8666666666666667,0.8589703308047938,0.5000000000000003,-0.8660254037844385,-0.9377521321470804,0.3473052528448203,0.43388373911755823,-0.900968867902419
-0.01612936642298425,0.015504172207925323,-0.007843170127777188,0.031498637488073834,0.7430418179577728,0.8666666666666667,0.8590152161228063,0.5000000000000003,-0.8660254037844385,-0.8486442574947509,0.5289640103269624,-0.433883739117558,-0.9009688679024191
0.039845870688558355,0.022814746713129042,0.031010208081312964,0.007722038985425329,0.33137000141390044,0.8666666666666667,0.8590601014408188,0.5000000000000003,-0.8660254037844385,-0.7247927872291207,0.6889669190756859,-0.9749279121818236,-0.2225209339563146
-0.01574834218524093,-0.022814746713128983,-0.0076628657456105625,-0.02334734233570233,-1.4974352396932162,0.8666666666666667,0.8592396427128687,0.5000000000000003,-0.8660254037844385,-2.4492935982947064e-16,1.0,0.9749279121818236,-0.22252093395631434
-0.024097528503317416,-0.007722038985425331,-0.007722038985425331,-0.007905172057463813,0.6931471805599453,0.8666666666666667,0.8592845280308812,1.2246467991473532e-16,-1.0,0.20129852008866006,0.9795299412524945,0.43388373911755823,-0.900968867902419
0.00809720241664188,-0.0077821332224999465,-0.03149863748807392,-0.007968162080333081,-0.2585871876099859,0.8666666666666667,0.8593294133488937,1.2246467991473532e-16,-1.0,0.39435585511331855,0.9189578116202306,-0.433883739117558,-0.9009688679024191
-0.016260505111694693,-0.007843170127777188,0.007968162080333152,-0.01612936642298425,-0.5343892249897473,0.8666666666666667,0.8593742986669061,1.2246467991473532e-16,-1.0,0.5712682150947923,0.8207634412072763,-0.9749279121818236,-0.2225209339563146
-0.041847170066290046,-0.007905172057463813,0.0,-0.050010472761342815,1.1427029566024336,0.8666666666666667,0.8595089546209436,1.2246467991473532e-16,-1.0,0.9377521321470804,0.3473052528448203,0.7818314824680298,0.6234898018587336
-0.017241790486774565,-0.04049132225946989,-0.0826917370509261,0.0,-0.5437100405444983,0.8666666666666667,0.8595538399389561,1.2246467991473532e-16,-1.0,0.9884683243281114,0.1514277775045767,0.9749279121818236,-0.22252093395631434
-0.026433232078630325,-0.03361667900519022,-0.008658054700508611,-0.025975462271824953,1.0440380781786018,0.8666666666666667,0.8595987252569685,1.2246467991473532e-16,-1.0,0.9987165071710528,-0.05064916883871264,0.43388373911755823,-0.900968867902419
0.008888938939973553,0.02531788440050099,-0.008733671785050415,0.0087336717850503,-0.39026802574116914,0.8666666666666667,0.859643610574981,1.2246467991473532e-16,-1.0,0.9680771188662043,-0.2506525322587204,-0.433883739117558,-0.9009688679024191
-0.04525654763189394,-0.04255967488727559,0.0087336717850503,-0.053584194779486456,1.0756424752263536,0.8666666666666667,0.8596884958929935,1.2246467991473532e-16,-1.0,0.8978045395707416,-0.4403941515576344,-0.9749279121818236,-0.2225209339563146
-0.01869222673014813,-0.017544293138656752,-0.08149306750069886,0.009132474615119254,-0.2794506257726462,0.8666666666666667,0.8598231518470308,1.2246467991473532e-16,-1.0,0.48530196253108104,-0.8743466161445821,0.7818314824680298,0.6234898018587336
0.0,-0.026907427025710466,0.037041347336331576,-0.037041347336331645,-1.9986406504366683,0.8666666666666667,0.8598680371650433,1.2246467991473532e-16,-1.0,0.29936312297335804,-0.9541392564000488,0.9749279121818236,-0.22252093395631434
0.0,0.009049826732992556,0.009049826732992556,0.0,-0.3730028319635032,0.8666666666666667,0.8599129224830558,1.2246467991473532e-16,-1.0,0.10116832198743272,-0.994869323391895,0.43388373911755823,-0.900968867902419
-0.12014426039686461,-0.04609117406932421,-0.05556990945536514,-0.04831853273156115,2.1985886479337604,0.8666666666666667,0.8599578078010683,1.2246467991473532e-16,-1.0,-0.10116832198743204,-0.9948693233918952,-0.433883739117558,-0.9009688679024191
0.06187540625445525,-0.019048177668910055,-0.009569442282869082,0.0,-2.0849090238619694,0.8666666666666667,0.8600026931190808,1.2246467991473532e-16,-1.0,-0.29936312297335776,-0.9541392564000489,-0.9749279121818236,-0.2225209339563146
0.0,0.03774040439905826,-0.0194180678768161,0.0098522871858351,1.2515090498357742,0.8666666666666667,0.8601822343911307,1.2246467991473532e-16,-1.0,-0.8978045395707417,-0.44039415155763423,0.9749279121818236,-0.22252093395631434
0.0,-0.03774040439905813,-0.009852287185835048,0.009756165867939136,-1.0178941986542691,0.8666666666666667,0.8602271197091432,1.2246467991473532e-16,-1.0,-0.9680771188662041,-0.2506525322587213,0.43388373911755823,-0.900968867902419
-0.020202687854778488,0.06513935173823428,0.019608453053774177,-0.02955877446462216,1.9694406464655074,0.8666666666666667,0.8602720050271557,1.2246467991473532e-16,-1.0,-0.9987165071710528,-0.05064916883871355,-0.433883739117558,-0.9009688679024191
-0.06317890294372862,-0.08455741961505035,-0.02955877446462216,-0.05129330693589688,-0.33632689834612245,0.8666666666666667,0.8603168903451681,1.2246467991473532e-16,-1.0,-0.9884683243281114,0.15142777750457667,-0.9749279121818236,-0.2225209339563146
0.010810905654593712,-0.029852934817110672,-0.06187540625445534,0.0,-2.249428496636042,0.8666666666666667,0.8604515462992056,1.2246467991473532e-16,-1.0,-0.7247927872291207,0.6889669190756859,0.7818314824680298,0.6234898018587336
0.021277378208016763,-0.010152361634350938,0.03141622826482829,0.02083412894626995,0.6266775355522036,0.8666666666666667,0.8604964316172181,1.2246467991473532e-16,-1.0,-0.5712682150947924,0.8207634412072763,0.9749279121818236,-0.22252093395631434
-0.010582099318558446,0.01015236163435085,0.02040885176919942,0.0,0.5650013578680152,0.8666666666666667,0.8605413169352305,1.2246467991473532e-16,-1.0,-0.3943558551133187,0.9189578116202306,0.43388373911755823,-0.900968867902419
-0.054658426074659,0.029852934817110828,-0.030771690651569553,0.030459177989626992,1.0937175162913815,0.8666666666666667,0.860586202253243,1.2246467991473532e-16,-1.0,-0.20129852008866114,0.9795299412524943,-0.433883739117558,-0.9009688679024191
0.1264841537399624,0.02898751015968521,0.07038079133661933,0.03922067647349922,-1.1964772502491503,0.8666666666666667,0.8606310875712555,-0.4999999999999997,-0.8660254037844388,0.20129852008866006,0.9795299412524945,-0.9749279121818236,-0.2225209339563146
-0.05077233828284527,-0.009569442282869082,0.009661902008877073,-0.029270355062651115,0.39749693845898754,0.8666666666666667,0.8608106288433054,-0.4999999999999997,-0.8660254037844388,0.8486442574947509,0.5289640103269624,0.9749279121818236,-0.22252093395631434
-0.021053389382458158,-0.029270355062651115,-0.03922067647349926,-0.030153009265626557,-0.7055878825419756,0.8666666666666667,0.8608555141613179,-0.4999999999999997,-0.8660254037844388,0.9377521321470804,0.3473052528448203,0.43388373911755823,-0.900968867902419
0.03141622826482829,-0.00995032141084811,-0.010050326220427584,0.01015236163435085,-1.035824194068041,0.8666666666666667,0.8609003994793304,-0.4999999999999997,-0.8660254037844388,0.9884683243281114,0.1514277775045767,-0.433883739117558,-0.9009688679024191
0.0,0.01980260859668314,0.029852934817110828,0.02000064763127573,-0.15207814022528598,0.8666666666666667,0.8609452847973429,-0.4999999999999997,-0.8660254037844388,0.9987165071710528,-0.05064916883871264,-0.9749279121818236,-0.2225209339563146
0.010256490134848532,0.0,-0.040005296451461676,-0.00995032141084811,-0.1622347982272173,0.8666666666666667,0.8610799407513803,-0.4999999999999997,-0.8660254037844388,0.7907757369376989,-0.6121059825476626,0.7818314824680298,0.6234898018587336
0.0,-0.019802608596683105,0.020202687854778384,-0.010050326220427584,-1.1631508098056809,0.8666666666666667,0.8611248260693928,-0.4999999999999997,-0.8660254037844388,0.6513724827222223,-0.758758122692791,0.9749279121818236,-0.22252093395631434
0.0,0.0,0.0,0.01005032622042762,1.413201814039815,0.8666666666666667,0.8611697113874053,-0.4999999999999997,-0.8660254037844388,0.48530196253108104,-0.8743466161445821,0.43388373911755823,-0.900968867902419
-0.01025649013484849,0.0,-0.03045917798962703,0.0,-1.706962932567978,0.8666666666666667,0.8612145967054177,-0.4999999999999997,-0.8660254037844388,0.29936312297335804,-0.9541392564000488,-0.433883739117558,-0.9009688679024191
-0.02083412894626986,0.0,0.0,0.0,1.675499663112193,0.8666666666666667,0.8612594820234302,-0.4999999999999997,-0.8660254037844388,0.10116832198743272,-0.994869323391895,-0.9749279121818236,-0.2225209339563146
0.02083412894626995,0.009950321410848074,0.02040885176919942,-0.010050326220427584,0.14035735769492244,0.8666666666666667,0.8613941379774677,-0.4999999999999997,-0.8660254037844388,-0.4853019625310808,-0.8743466161445822,0.7818314824680298,0.6234898018587336
0.04040949940047506,0.019608453053774177,0.03960910068504969,0.029852934817110828,0.6629334019634487,0.8666666666666667,0.86143902329548,-0.4999999999999997,-0.8660254037844388,-0.6513724827222217,-0.7587581226927913,0.9749279121818236,-0.22252093395631434
-0.00995032141084811,0.019231344291746166,-0.02955877446462216,-0.009852287185835048,-0.5087827221361905,0.8666666666666667,0.8614839086134926,-0.4999999999999997,-0.8660254037844388,-0.7907757369376986,-0.6121059825476627,0.43388373911755823,-0.900968867902419
0.0,-0.019231344291746142,0.02955877446462218,0.019608453053774177,0.04652001563489291,0.8666666666666667,0.861528793931505,-0.4999999999999997,-0.8660254037844388,-0.8978045395707417,-0.44039415155763423,-0.433883739117558,-0.9009688679024191
-0.010050326220427584,0.0,-0.019608453053774056,-0.009756165867939072,-0.2578291093020998,0.8666666666666667,0.8615736792495176,-0.4999999999999997,-0.8660254037844388,-0.9680771188662041,-0.2506525322587213,-0.9749279121818236,-0.2225209339563146
-0.010152361634350938,-0.009756165867939072,0.0098522871858351,-0.040005296451461676,-0.07410797215372185,0.8666666666666667,0.8617083352035549,-0.4999999999999997,-0.8660254037844388,-0.9377521321470804,0.3473052528448203,0.7818314824680298,0.6234898018587336
-0.031090619081118393,-0.009852287185835048,-0.040005296451461676,-0.031090619081118393,0.4069722673987357,0.8666666666666667,0.8617532205215674,-0.4999999999999997,-0.8660254037844388,-0.8486442574947509,0.5289640103269624,0.9749279121818236,-0.22252093395631434
-0.08796875491672396,-0.02000064763127562,0.01015236163435085,-0.054067235212882966,1.0061094096848047,0.8666666666666667,0.8617981058395799,-0.4999999999999997,-0.8660254037844388,-0.7247927872291207,0.6889669190756859,0.43388373911755823,-0.900968867902419
0.03390151970384086,-0.0518250800340278,-0.09531021592835234,0.0,-1.5642203064408071,0.8666666666666667,0.8618429911575924,-0.4999999999999997,-0.8660254037844388,-0.5712682150947924,0.8207634412072763,-0.433883739117558,-0.9009688679024191
0.021978951350272665,0.06187540625445525,0.021978951350272665,0.05406723521288297,0.9814869314306971,0.8666666666666667,0.8618878764756049,-0.4999999999999997,-0.8660254037844388,-0.3943558551133187,0.9189578116202306,-0.9749279121818236,-0.2225209339563146
0.042559573926509976,0.0,0.06317890294372859,0.04124298071546938,-0.19302957106642685,0.8666666666666667,0.8620225324296423,-0.8660254037844385,-0.5000000000000004,0.20129852008866006,0.9795299412524945,0.7818314824680298,0.6234898018587336
-0.04255957392650997,-0.010050326220427584,-0.02061932901721874,-0.07333126457807958,-1.05187481081642,0.8666666666666667,0.8620674177476548,-0.8660254037844385,-0.5000000000000004,0.39435585511331855,0.9189578116202306,0.9749279121818236,-0.22252093395631434
0.032088283862610374,0.0,0.030771690651569587,0.032088283862610374,0.6547480476254093,0.8666666666666667,0.8621123030656673,-0.8660254037844385,-0.5000000000000004,0.5712682150947923,0.8207634412072763,0.43388373911755823,-0.900968867902419
0.0,-0.010152361634350938,-0.010152361634350938,0.02083412894626995,-1.1610178548555394,0.8666666666666667,0.8621571883836797,-0.8660254037844385,-0.5000000000000004,0.72479278722912,0.6889669190756866,-0.433883739117558,-0.9009688679024191
0.0,0.0,-0.01025649013484849,0.0,1.0320515221497706,0.8666666666666667,0.8622020737016922,-0.8660254037844385,-0.5000000000000004,0.8486442574947509,0.5289640103269624,-0.9749279121818236,-0.2225209339563146
0.010471290063899701,0.01015236163435085,0.02040885176919942,-0.010362838882370162,-0.12489327383888818,0.8666666666666667,0.8623367296557297,-0.8660254037844385,-0.5000000000000004,0.9987165071710528,-0.05064916883871264,0.7818314824680298,0.6234898018587336
-0.0534886337794163,0.0,-0.0412429807154693,-0.0534886337794163,0.8459863847893928,0.8666666666666667,0.8623816149737421,-0.8660254037844385,-0.5000000000000004,0.9680771188662043,-0.2506525322587204,0.9749279121818236,-0.22252093395631434
0.0,-0.0412429807154693,-0.043017343715516576,0.0,-0.7010523600670586,0.8666666666666667,0.8624265002917546,-0.8660254037844385,-0.5000000000000004,0.8978045395707416,-0.4403941515576344,0.43388373911755823,-0.900968867902419
0.021739965507499983,0.010471290063899701,0.03243524439695811,0.03243524439695811,-0.4989911661189879,0.8666666666666667,0.8624713856097671,-0.8660254037844385,-0.5000000000000004,0.7907757369376989,-0.6121059825476626,-0.433883739117558,-0.9009688679024191
0.0,0.030771690651569587,0.02105338938245812,-0.01069527888945819,0.774697047524053,0.8666666666666667,0.8625162709277796,-0.8660254037844385,-0.5000000000000004,0.6513724827222223,-0.758758122692791,-0.9749279121818236,-0.2225209339563146
0.010695278889458152,-0.020408851769199408,0.010362838882370154,0.03174866827191641,0.09201889872025219,0.8666666666666667,0.862650926881817,-0.8660254037844385,-0.5000000000000004,0.10116832198743272,-0.994869323391895,0.7818314824680298,0.6234898018587336
-0.01069527888945819,-0.02083412894626986,-0.0314162282648283,-0.031748668271916365,0.8492582609366335,0.8666666666666667,0.8626958121998295,-0.8660254037844385,-0.5000000000000004,-0.10116832198743204,-0.9948693233918952,0.9749279121818236,-0.22252093395631434
0.0,0.0,0.010582099318558432,0.0,-1.3945539950973076,0.8666666666666667,0.862740697517842,-0.8660254037844385,-0.5000000000000004,-0.29936312297335776,-0.9541392564000489,0.43388373911755823,-0.900968867902419
0.0,0.0,-0.021277378208016652,0.010695278889458152,-2.5186447894198505,0.8666666666666667,0.8627855828358545,-0.8660254037844385,-0.5000000000000004,-0.4853019625310808,-0.8743466161445822,-0.433883739117558,-0.9009688679024191
0.0,0.010471290063899701,0.010695278889458152,0.02105338938245812,3.8400846237114377,0.8666666666666667,0.8628304681538669,-0.8660254037844385,-0.5000000000000004,-0.6513724827222217,-0.7587581226927913,-0.9749279121818236,-0.2225209339563146
0.021277378208016763,0.07038079133661933,0.09143418071907757,0.050772338282845234,0.3324910514858485,0.8666666666666667,0.8629651241079044,-0.8660254037844385,-0.5000000000000004,-0.9680771188662041,-0.2506525322587213,0.7818314824680298,0.6234898018587336
0.031090619081118483,0.0,0.0,0.0,-1.1564642393066433,0.8666666666666667,0.8630100094259169,-0.8660254037844385,-0.5000000000000004,-0.9987165071710528,-0.05064916883871355,0.9749279121818236,-0.22252093395631434
0.020202687854778384,0.0926588540398291,-0.02955877446462216,0.11226730709360316,1.5145887214589604,0.8666666666666667,0.8630548947439293,-0.8660254037844385,-0.5000000000000004,-0.9884683243281114,0.15142777750457667,0.43388373911755823,-0.900968867902419
0.12221762850445134,0.08479655638677416,0.13102824985805775,0.06010396802593246,0.12382026003062488,0.8666666666666667,0.8630997800619418,-0.8660254037844385,-0.5000000000000004,-0.9377521321470804,0.3473052528448203,-0.433883739117558,-0.9009688679024191
-0.04525654763189394,0.01612936642298423,0.06782263233811488,-0.07796156831865025,-0.14495457210459853,0.8666666666666667,0.8631446653799543,-0.8660254037844385,-0.5000000000000004,-0.8486442574947509,0.5289640103269624,-0.9749279121818236,-0.2225209339563146
-0.028170962116189135,0.031498637488073834,0.05579130660611107,0.06959332699612278,-0.9832053206594684,0.8666666666666667,0.8632793213339917,-0.8660254037844385,-0.5000000000000004,-0.3943558551133187,0.9189578116202306,0.7818314824680298,0.6234898018587336
0.09097180288673987,-0.03149863748807392,-0.09763847667240103,0.049190196106353674,0.42375133193158254,0.8666666666666667,0.8633242066520042,-0.8660254037844385,-0.5000000000000004,-0.20129852008866114,0.9795299412524943,0.9749279121818236,-0.22252093395631434
0.08338162967110155,0.1133286682771046,0.06613983918432709,0.023716504265574045,0.2771511653958409,0.8666666666666667,0.8633690919700167,-0.8660254037844385,-0.5000000000000004,-2.4492935982947064e-16,1.0,0.43388373911755823,-0.900968867902419
0.015873334137796822,-0.036367609480340825,0.05448822502049883,0.007782133222499861,-1.2344762586193507,0.8666666666666667,0.8634139772880292,-1.0,-1.8369701987210297e-16,0.20129852008866006,0.9795299412524945,-0.433883739117558,-0.9009688679024191
-0.03200270056078121,-0.05324455453118966,-0.030771720754924767,-0.03149863748807392,-0.9133452216443982,0.8666666666666667,0.8634588626060417,-1.0,-1.8369701987210297e-16,0.39435585511331855,0.9189578116202306,-0.9749279121818236,-0.2225209339563146
-0.050010472761342815,-0.048009173383611034,-0.048009173383611034,-0.05762915728755893,-0.5182057310636132,0.8666666666666667,0.8636384038780915,-1.0,-1.8369701987210297e-16,0.9377521321470804,0.3473052528448203,0.9749279121818236,-0.22252093395631434
0.0,-0.01652928566578902,-0.03333648816952178,0.01680720250373278,0.8366594621821479,0.8666666666666667,0.863683289196104,-1.0,-1.8369701987210297e-16,0.9884683243281114,0.1514277775045767,0.43388373911755823,-0.900968867902419
0.0,0.016529285665789057,0.033336488169521845,-0.025317884400500992,-0.8743997901649949,0.8666666666666667,0.8637281745141165,-1.0,-1.8369701987210297e-16,0.9987165071710528,-0.05064916883871264,-0.433883739117558,-0.9009688679024191
0.008510681896768206,0.0,-0.01652928566578902,0.03361667900519021,0.8362480242006185,0.8666666666666667,0.8637730598321289,-1.0,-1.8369701987210297e-16,0.9680771188662043,-0.2506525322587204,-0.9749279121818236,-0.2225209339563146
-0.008510681896768226,-0.00823049106109974,0.008298794604689132,-0.025105997108422044,-0.15600424847658126,0.8666666666666667,0.8639077157861664,-1.0,-1.8369701987210297e-16,0.6513724827222223,-0.758758122692791,0.7818314824680298,0.6234898018587336
0.0,-0.01666703592721668,-0.03361667900519022,-0.008510681896768226,0.9545119446943529,0.8666666666666667,0.8639526011041789,-1.0,-1.8369701987210297e-16,0.48530196253108104,-0.8743466161445821,0.9749279121818236,-0.22252093395631434
0.0,0.008368241322527527,0.02531788440050099,0.0,0.14842000511827322,0.8666666666666667,0.8639974864221913,-1.0,-1.8369701987210297e-16,0.29936312297335804,-0.9541392564000488,0.43388373911755823,-0.900968867902419
0.0,-0.01680720250373277,-0.025317884400500992,0.008510681896768206,-0.5869249673046378,0.8666666666666667,0.8640423717402038,-1.0,-1.8369701987210297e-16,0.10116832198743272,-0.994869323391895,-0.433883739117558,-0.9009688679024191
-0.017241790486774565,-0.008510681896768226,0.0,-0.017094417683034165,0.4157479750637484,0.8666666666666667,0.8640872570582163,-1.0,-1.8369701987210297e-16,-0.10116832198743204,-0.9948693233918952,-0.9749279121818236,-0.2225209339563146
-0.21233260678702165,0.016949643077973472,-0.07082598526626108,-0.1997132832795136,1.2090748562098315,0.8666666666666667,0.8642219130122537,-1.0,-1.8369701987210297e-16,-0.6513724827222217,-0.7587581226927913,0.7818314824680298,0.6234898018587336
-0.05526269178457542,-0.225246662143753,-0.13747103379951855,-0.07654006999259216,-0.7725539581643558,0.8666666666666667,0.8642667983302662,-1.0,-1.8369701987210297e-16,-0.7907757369376986,-0.6121059825476627,0.9749279121818236,-0.22252093395631434
-0.046520041437769874,-0.043017343715516576,-0.054067235212882966,-0.034685524520041776,-0.47563931464094694,0.8666666666666667,0.8643116836482787,-1.0,-1.8369701987210297e-16,-0.8978045395707417,-0.44039415155763423,0.43388373911755823,-0.900968867902419
-0.2876820487991436,-0.1164103777207999,-0.1823215303030011,-0.17997143772031915,1.1916633098546467,0.8666666666666667,0.8643565689662912,-1.0,-1.8369701987210297e-16,-0.9680771188662041,-0.2506525322587213,-0.433883739117558,-0.9009688679024191
0.03125251439316623,-0.13176931079663642,-0.05480826671706892,-0.014184621799781234,0.0656485671670902,0.8666666666666667,0.8644014542843037,-1.0,-1.8369701987210297e-16,-0.9987165071710528,-0.05064916883871355,-0.9749279121818236,-0.2225209339563146
0.059719267926062664,0.04138525927241881,-0.014184621799781234,0.014184621799781118,0.4684896244145205,0.8666666666666667,0.8645361102383411,-1.0,-1.8369701987210297e-16,-0.8486442574947509,0.5289640103269624,0.7818314824680298,0.6234898018587336
0.014388723877542623,0.013423007444649979,0.0,0.013986311933242724,-1.5731717344497058,0.8666666666666667,0.8645809955563536,-1.0,-1.8369701987210297e-16,-0.7247927872291207,0.6889669190756859,0.9749279121818236,-0.22252093395631434
-0.07410799180360525,-0.04082195478382607,0.0,-0.057158443057911,0.9316965644340816,0.8666666666666667,0.8646258808743661,-1.0,-1.8369701987210297e-16,-0.5712682150947924,0.8207634412072763,0.43388373911755823,-0.900968867902419
0.030305411084514445,0.0,-0.04380258071909082,0.02898750932488704,-0.19389911013639743,0.8666666666666667,0.8646707661923785,-1.0,-1.8369701987210297e-16,-0.3943558551133187,0.9189578116202306,-0.433883739117558,-0.9009688679024191
0.04380258071909079,0.0800426312573253,0.04380258071909079,0.04196424225699396,-0.6651582706577125,0.8666666666666667,0.864715651510391,-1.0,-1.8369701987210297e-16,-0.20129852008866114,0.9795299412524943,-0.9749279121818236,-0.2225209339563146
0.014184621799781118,0.0976385228775523,0.014184621799781118,0.15219181726310643,1.1872736365683039,0.8666666666666667,0.8648503074644285,-0.866025403784439,0.49999999999999933,0.5712682150947923,0.8207634412072763,0.7818314824680298,0.6234898018587336
0.17997143772031918,0.15082287310072937,0.17997143772031918,0.11122559451263386,0.07063228684184147,0.8666666666666667,0.8648951927824409,-0.866025403784439,0.49999999999999933,0.72479278722912,0.6889669190756866,0.9749279121818236,-0.22252093395631434
0.06820825079711727,0.0,0.11122559451263386,-0.021277378208016652,0.27247959054927035,0.8666666666666667,0.8649400781004534,-0.866025403784439,0.49999999999999933,0.8486442574947509,0.5289640103269624,0.43388373911755823,-0.900968867902419
-0.011049891497366387,-0.020202687854778488,0.010471290063899701,0.021277378208016763,-1.616818019731723,0.8666666666666667,0.8649849634184659,-0.866025403784439,0.49999999999999933,0.9377521321470804,0.3473052528448203,-0.433883739117558,-0.9009688679024191
-0.08096905615030471,-0.01025649013484849,0.010362838882370154,-0.12306011143036198,0.10951852580648995,0.8666666666666667,0.8650298487364784,-0.866025403784439,0.49999999999999933,0.9884683243281114,0.1514277775045767,-0.9749279121818236,-0.2225209339563146
-0.036813938113964,-0.0314162282648283,-0.0314162282648283,-0.011976179932825855,-0.07315088163561512,0.8666666666666667,0.8651645046905158,-0.866025403784439,0.49999999999999933,0.8978045395707416,-0.4403941515576344,0.7818314824680298,0.6234898018587336
0.0,-0.06595797067403365,-0.13657554119201393,0.023810696850554036,0.7174041582055053,0.8666666666666667,0.8652093900085283,-0.866025403784439,0.49999999999999933,0.7907757369376989,-0.6121059825476626,0.9749279121818236,-0.22252093395631434
0.0,0.04445178612998184,0.05918888559384842,0.05715835929975084,-0.5549968420791281,0.8666666666666667,0.8652542753265408,-0.866025403784439,0.49999999999999933,0.6513724827222223,-0.758758122692791,0.43388373911755823,-0.900968867902419
0.060624634964517955,0.0,-0.023256839595909927,0.0,-1.0687035172755366,0.8666666666666667,0.8652991606445533,-0.866025403784439,0.49999999999999933,0.48530196253108104,-0.8743466161445821,-0.433883739117558,-0.9009688679024191
-0.04820212692368263,0.010810905654593712,0.05715835929975084,-0.06899287621747896,0.28629990222482926,0.8666666666666667,0.8653440459625658,-0.866025403784439,0.49999999999999933,0.29936312297335804,-0.9541392564000488,-0.9749279121818236,-0.2225209339563146
0.094187196043099,-0.021739965507499924,-0.011173290180334456,0.057819586037144495,-0.6890063878939139,0.8666666666666667,0.8654787019166031,-0.866025403784439,0.49999999999999933,-0.29936312297335776,-0.9541392564000489,0.7818314824680298,0.6234898018587336
-0.08191711511735492,0.0,0.0,-0.06979576596997039,1.3526777503209058,0.8666666666666667,0.8655235872346156,-0.866025403784439,0.49999999999999933,-0.4853019625310808,-0.8743466161445822,0.9749279121818236,-0.22252093395631434
-0.07598591080363738,-0.06820825079711719,-0.10660970408393439,-0.062131797679197014,0.9256485202797156,0.8666666666666667,0.8655684725526281,-0.866025403784439,0.49999999999999933,-0.6513724827222217,-0.7587581226927913,0.43388373911755823,-0.900968867902419
0.025975462271824908,-0.023810696850553942,0.024692588966579433,0.0,-2.229929729738771,0.8666666666666667,0.8656133578706405,-0.866025403784439,0.49999999999999933,-0.7907757369376986,-0.6121059825476627,-0.433883739117558,-0.9009688679024191
0.01273908961882172,0.0,-0.024692588966579474,0.037740367606068345,0.04616204176316241,0.8666666666666667,0.865658243188653,-0.866025403784439,0.49999999999999933,-0.8978045395707417,-0.44039415155763423,-0.9749279121818236,-0.2225209339563146
0.07320340491092925,0.11375891315517103,0.060624634964517955,0.13815034322829975,0.9985288301111273,0.8666666666666667,0.8657928991426905,-0.866025403784439,0.49999999999999933,-0.9884683243281114,0.15142777750457667,0.7818314824680298,0.6234898018587336
0.05715835929975084,0.04211150715428648,0.05715835929975084,0.03174866827191641,-0.6739422007238952,0.8666666666666667,0.8658377844607029,-0.866025403784439,0.49999999999999933,-0.9377521321470804,0.3473052528448203,0.9749279121818236,-0.22252093395631434
0.07490136415915277,0.02040885176919942,0.08515785429400145,0.010362838882370154,0.9712728662915081,0.8666666666666667,0.8658826697787154,-0.866025403784439,0.49999999999999933,-0.8486442574947509,0.5289640103269624,0.43388373911755823,-0.900968867902419
0.010256490134848532,0.01005032622042762,0.01015236163435085,0.02040885176919942,0.3045149106020135,0.8666666666666667,0.8659275550967279,-0.866025403784439,0.49999999999999933,-0.7247927872291207,0.6889669190756859,-0.433883739117558,-0.9009688679024191
-0.031090619081118393,-0.010050326220427584,-0.010152361634350938,-0.030771690651569553,-1.197418709778015,0.8666666666666667,0.8659724404147404,-0.866025403784439,0.49999999999999933,-0.5712682150947924,0.8207634412072763,-0.9749279121818236,-0.2225209339563146
0.0,0.01005032622042762,-0.031090619081118393,0.030771690651569587,-0.08381867188307147,0.8666666666666667,0.8661070963687778,-0.866025403784439,0.49999999999999933,-2.4492935982947064e-16,1.0,0.7818314824680298,0.6234898018587336
0.0,0.0,0.05129330693589695,-0.020408851769199408,0.3550342544812725,0.8666666666666667,0.8661519816867903,-0.5000000000000012,0.8660254037844379,0.20129852008866006,0.9795299412524945,0.9749279121818236,-0.22252093395631434
-0.08796875491672396,-0.07257068514391356,-0.08338159079850715,-0.08607465433948723,0.07383426201105234,0.8666666666666667,0.8661968670048028,-0.5000000000000012,0.8660254037844379,0.39435585511331855,0.9189578116202306,0.43388373911755823,-0.900968867902419
-0.011560811248108578,0.03174866827191641,-0.021978951350272766,0.03315224153060717,1.2306597813319606,0.8666666666666667,0.8662417523228153,-0.5000000000000012,0.8660254037844379,0.5712682150947923,0.8207634412072763,-0.433883739117558,-0.9009688679024191
0.07825218795681593,0.030771690651569587,0.04348513589432458,0.07333126457807959,-1.6219903785052203,0.8666666666666667,0.8662866376408277,-0.5000000000000012,0.8660254037844379,0.72479278722912,0.6889669190756866,-0.9749279121818236,-0.2225209339563146
-0.04396314718520069,0.0,0.051825080034027686,-0.06252035892348594,0.9494200556340343,0.8666666666666667,0.8664212935948652,-0.5000000000000012,0.8660254037844379,0.9884683243281114,0.1514277775045767,0.7818314824680298,0.6234898018587336
0.022223181677700765,-0.020408851769199408,-0.020408851769199408,0.021277378208016763,-1.2476842374163524,0.8666666666666667,0.8664661789128777,-0.5000000000000012,0.8660254037844379,0.9987165071710528,-0.05064916883871264,0.9749279121818236,-0.22252093395631434
-0.15415074532686818,0.0,-0.06385147266178642,-0.19716808904238478,1.3845197377615222,0.8666666666666667,0.8665110642308901,-0.5000000000000012,0.8660254037844379,0.9680771188662043,-0.2506525322587204,0.43388373911755823,-0.900968867902419
0.02531785956523302,-0.08607465433948723,-0.12883288576163512,0.10919933412566095,-0.22848639572470525,0.8666666666666667,0.8665559495489026,-0.5000000000000012,0.8660254037844379,0.8978045395707416,-0.4403941515576344,-0.433883739117558,-0.9009688679024191
0.08388147456042787,0.06524052539321744,0.08388147456042787,0.03390151970384086,-0.47717211872434806,0.8666666666666667,0.8666008348669151,-0.5000000000000012,0.8660254037844379,0.7907757369376989,-0.6121059825476626,-0.9749279121818236,-0.2225209339563146
0.06669137670870727,0.09051398340939613,0.06669137670870727,0.11531086355962804,1.311632832350871,0.8666666666666667,0.8667354908209525,-0.5000000000000012,0.8660254037844379,0.29936312297335804,-0.9541392564000488,0.7818314824680298,0.6234898018587336
0.05236799728913517,0.009569442282869125,0.12136080390028192,0.0,-1.2488944917174476,0.8666666666666667,0.866780376138965,-0.5000000000000012,0.8660254037844379,0.10116832198743272,-0.994869323391895,0.9749279121818236,-0.22252093395631434
0.020202687854778384,0.0,0.0,0.038839797345520136,0.09346572800567716,0.8666666666666667,0.8668252614569775,-0.5000000000000012,0.8660254037844379,-0.10116832198743204,-0.9948693233918952,0.43388373911755823,-0.900968867902419
0.009950321410848074,0.0,0.0,-0.009569442282869082,-1.353008383486424,0.8666666666666667,0.86687014677499,-0.5000000000000012,0.8660254037844379,-0.29936312297335776,-0.9541392564000489,-0.433883739117558,-0.9009688679024191
0.0098522871858351,0.04652008272237256,0.0,-0.0194180678768161,1.9744116591875278,0.8666666666666667,0.8669150320930025,-0.5000000000000012,0.8660254037844379,-0.4853019625310808,-0.8743466161445822,-0.9749279121818236,-0.2225209339563146
-0.009852287185835048,-0.009132474615119266,-0.009569442282869082,0.03846624554572604,-1.5531981941112243,0.8666666666666667,0.8670496880470399,-0.5000000000000012,0.8660254037844379,-0.8978045395707417,-0.44039415155763423,0.7818314824680298,0.6234898018587336
0.029270355062651254,0.0,0.03774040439905826,-0.009478735386040972,-0.39768296766610944,0.8666666666666667,0.8670945733650524,-0.5000000000000012,0.8660254037844379,-0.9680771188662041,-0.2506525322587213,0.9749279121818236,-0.22252093395631434
0.0,0.009132474615119254,-0.028170962116189135,0.00947873538604097,0.07825219689974813,0.8666666666666667,0.8671394586830649,-0.5000000000000012,0.8660254037844379,-0.9987165071710528,-0.05064916883871355,0.43388373911755823,-0.900968867902419
0.028438021020956845,0.009049826732992556,0.01886857873808785,0.037041347336331576,-0.7949298748698876,0.8666666666666667,0.8672292293190897,-0.5000000000000012,0.8660254037844379,-0.9377521321470804,0.3473052528448203,-0.9749279121818236,-0.2225209339563146
0.03670133071727731,0.017857600292717848,0.03670133071727731,0.009049826732992556,1.1298648321722142,0.8666666666666667,0.8673638852731272,-0.5000000000000012,0.8660254037844379,-0.5712682150947924,0.8207634412072763,0.7818314824680298,0.6234898018587336
0.0,0.00881062135360639,0.026668221646324243,0.017857600292717848,-0.055350095083164956,0.8666666666666667,0.8674087705911397,-0.5000000000000012,0.8660254037844379,-0.3943558551133187,0.9189578116202306,0.9749279121818236,-0.22252093395631434
0.0,0.0087336717850503,0.0,-0.017857600292717837,1.0255460917935224,0.8666666666666667,0.8674536559091521,-0.5000000000000012,0.8660254037844379,-0.20129852008866114,0.9795299412524943,0.43388373911755823,-0.900968867902419
-0.018182301348111753,0.01724179048677462,-0.02666822164632427,0.035401893431374606,-0.17824823140631876,0.8666666666666667,0.8674985412271646,-2.4492935982947064e-16,1.0,0.20129852008866006,0.9795299412524945,-0.433883739117558,-0.9009688679024191
0.018182301348111794,0.008510681896768206,0.035401893431374606,0.0,-0.47209640991886614,0.8666666666666667,0.8675434265451771,-2.4492935982947064e-16,1.0,0.39435585511331855,0.9189578116202306,-0.9749279121818236,-0.2225209339563146
0.035401893431374606,0.04959699328121657,0.01724179048677462,0.05908896055306459,1.0131233682019352,0.8666666666666667,0.8676780824992145,-2.4492935982947064e-16,1.0,0.8486442574947509,0.5289640103269624,0.7818314824680298,0.6234898018587336
0.01724179048677462,-0.032789790777483716,0.02531788440050099,-0.01652928566578902,-0.08682699421045888,0.8666666666666667,0.867722967817227,-2.4492935982947064e-16,1.0,0.9377521321470804,0.3473052528448203,0.9749279121818236,-0.22252093395631434
-0.034786083625431376,0.0,0.0,-0.025317884400500992,-2.400110113127923,0.8666666666666667,0.8677678531352395,-2.4492935982947064e-16,1.0,0.9884683243281114,0.1514277775045767,0.43388373911755823,-0.900968867902419
-0.04525654763189394,-0.025317884400500992,-0.051293346672325886,-0.07082598526626108,2.572426027804557,0.8666666666666667,0.867812738453252,-2.4492935982947064e-16,1.0,0.9987165071710528,-0.05064916883871264,-0.433883739117558,-0.9009688679024191
0.03636760869192039,0.05001047276134278,0.0087336717850503,0.09614386966676206,1.000878317241835,0.8666666666666667,0.8678576237712645,-2.4492935982947064e-16,1.0,0.9680771188662043,-0.2506525322587204,-0.9749279121818236,-0.2225209339563146
0.030771629638517237,0.0,0.042559674887275516,0.008298794604689132,-2.193555751035836,0.8666666666666667,0.8679922797253019,-2.4492935982947064e-16,1.0,0.6513724827222223,-0.758758122692791,0.7818314824680298,0.6234898018587336
