low,high,open,close,volume,year,days,month_sin,month_cos,day_sin,day_cos,weekday_sin,weekday_cos
-0.05017774958571898,-0.2024987405596152,-0.23360544769187014,-0.05017774958571898,0.36575044582159966,0.75,0.7455451321872616,1.2246467991473532e-16,-1.0,-0.9884683243281114,0.15142777750457667,0.43388373911755823,-0.900968867902419
0.0281470535458902,-0.04703061048897793,-0.021327146944374906,0.06635933243696085,-0.5881819999537198,0.75,0.7455900175052741,1.2246467991473532e-16,-1.0,-0.9377521321470804,0.3473052528448203,-0.433883739117558,-0.9009688679024191
-0.028147053545890158,0.021101179974546594,0.02650442356219833,-0.06635933243696072,1.0562073891873496,0.75,0.7456349028232866,1.2246467991473532e-16,-1.0,-0.8486442574947509,0.5289640103269624,-0.9749279121818236,-0.2225209339563146
-0.064914316643885,-0.14624903603171582,-0.14624903603171582,-0.064914316643885,-1.0143894495040282,0.75,0.745769558777324,1.2246467991473532e-16,-1.0,-0.3943558551133187,0.9189578116202306,0.7818314824680298,0.6234898018587336
-0.04999365968385311,-0.006125793023676334,-0.006125793023676334,-0.04999365968385311,0.9505107766253043,0.75,0.7458144440953365,1.2246467991473532e-16,-1.0,-0.20129852008866114,0.9795299412524943,0.9749279121818236,-0.22252093395631434
0.06207879149958044,0.012085131815727283,0.012085131815727283,0.06207879149958044,-4.328098292648326,0.75,0.745859329413349,-0.4999999999999997,-0.8660254037844388,0.20129852008866006,0.9795299412524945,0.43388373911755823,-0.900968867902419
0.02977698050408087,0.02977698050408087,0.02977698050408087,0.02977698050408087,-2.3025850929940455,0.75,0.7459042147313614,-0.4999999999999997,-0.8660254037844388,0.39435585511331855,0.9189578116202306,-0.433883739117558,-0.9009688679024191
-0.017708532577242926,0.02305220432407679,0.02305220432407679,-0.017708532577242926,6.56244409369372,0.75,0.7459491000493739,-0.4999999999999997,-0.8660254037844388,0.5712682150947923,0.8207634412072763,-0.9749279121818236,-0.2225209339563146
0.0,-0.04076073690131965,-0.04076073690131965,0.0,-8.865029186687766,0.75,0.7460837560034114,-0.4999999999999997,-0.8660254037844388,0.9377521321470804,0.3473052528448203,0.7818314824680298,0.6234898018587336
-0.012068447926837925,0.0,-0.012068447926837925,-0.012068447926837925,8.790269111478656,0.75,0.7461286413214238,-0.4999999999999997,-0.8660254037844388,0.9884683243281114,0.1514277775045767,0.9749279121818236,-0.22252093395631434
0.023866872134805473,0.011798424207967605,0.023866872134805473,0.023866872134805473,-1.8825138324965192,0.75,0.7461735266394363,-0.4999999999999997,-0.8660254037844388,0.9987165071710528,-0.05064916883871264,0.43388373911755823,-0.900968867902419
-0.029826210926856528,-0.029826210926856528,-0.029826210926856528,-0.029826210926856528,-4.605170185988091,0.75,0.7462184119574488,-0.4999999999999997,-0.8660254037844388,0.9680771188662043,-0.2506525322587204,-0.433883739117558,-0.9009688679024191
0.0,0.005959338792051058,0.0,0.0,6.236369590203704,0.75,0.7462632972754613,-0.4999999999999997,-0.8660254037844388,0.8978045395707416,-0.4403941515576344,-0.9749279121818236,-0.2225209339563146
-0.03074323521415496,0.02977698050408087,0.0,0.029826210926856445,0.30466040898619884,0.75,0.7463979532294986,-0.4999999999999997,-0.8660254037844388,0.48530196253108104,-0.8743466161445821,0.7818314824680298,0.6234898018587336
0.006144822968496405,-0.0059101083692753775,-0.024598412245658532,0.0,-2.803360380906535,0.75,0.7464428385475111,-0.4999999999999997,-0.8660254037844388,0.29936312297335804,-0.9541392564000488,0.9749279121818236,-0.22252093395631434
-0.012462472854192835,0.0,0.006239648521516223,0.0,3.9589974632430933,0.75,0.7464877238655236,-0.4999999999999997,-0.8660254037844388,0.10116832198743272,-0.994869323391895,0.43388373911755823,-0.900968867902419
0.06688709602670773,0.0,0.048184974650998656,0.0,-7.696667081526462,0.75,0.7465326091835361,-0.4999999999999997,-0.8660254037844388,-0.10116832198743204,-0.9948693233918952,-0.433883739117558,-0.9009688679024191
-0.06056944614101145,0.02896231269335215,-0.06056944614101145,0.02896231269335215,5.25227342804663,0.75,0.7465774945015486,-0.4999999999999997,-0.8660254037844388,-0.29936312297335776,-0.9541392564000489,-0.9749279121818236,-0.2225209339563146
0.08953175883436361,0.0,0.08953175883436361,0.0,-5.25227342804663,0.75,0.746712150455586,-0.4999999999999997,-0.8660254037844388,-0.7907757369376986,-0.6121059825476627,0.7818314824680298,0.6234898018587336
-0.0289623126933521,0.0281470535458902,0.0281470535458902,0.0,5.87493073085203,0.75,0.7467570357735985,-0.4999999999999997,-0.8660254037844388,-0.8978045395707417,-0.44039415155763423,0.9749279121818236,-0.22252093395631434
0.0,-0.033798868565935884,-0.057109366239242336,-0.005651815020045618,-3.572345637857985,0.75,0.746801921091611,-0.4999999999999997,-0.8660254037844388,-0.9680771188662041,-0.2506525322587213,0.43388373911755823,-0.900968867902419
0.023310497673306382,0.0,0.023310497673306382,0.0,-4.605170185988091,0.75,0.7468468064096234,-0.4999999999999997,-0.8660254037844388,-0.9987165071710528,-0.05064916883871355,-0.433883739117558,-0.9009688679024191
0.0,0.0,0.0,0.0,0.0,0.75,0.7468916917276359,-0.4999999999999997,-0.8660254037844388,-0.9884683243281114,0.15142777750457667,-0.9749279121818236,-0.2225209339563146
0.0,0.0,0.0,0.0,0.0,0.75,0.7470263476816734,-0.4999999999999997,-0.8660254037844388,-0.7247927872291207,0.6889669190756859,0.7818314824680298,0.6234898018587336
-0.023310497673306518,-0.023310497673306518,-0.023310497673306518,-0.023310497673306518,4.941642422609304,0.75,0.7470712329996858,-0.4999999999999997,-0.8660254037844388,-0.5712682150947924,0.8207634412072763,0.9749279121818236,-0.22252093395631434
0.0,0.0,0.0,0.0,-4.941642422609305,0.75,0.7471161183176983,-0.4999999999999997,-0.8660254037844388,-0.3943558551133187,0.9189578116202306,0.43388373911755823,-0.900968867902419
-0.04818497465099876,0.0,0.0,0.0,7.940939762327791,0.75,0.7471610036357108,-0.4999999999999997,-0.8660254037844388,-0.20129852008866114,0.9795299412524943,-0.433883739117558,-0.9009688679024191
0.054095083020274076,0.0571093662392424,0.011660843057599351,0.02896231269335215,0.1330864537962701,0.75,0.7472058889537233,-0.4999999999999997,-0.8660254037844388,-2.4492935982947064e-16,1.0,-0.9749279121818236,-0.2225209339563146
-0.0418621123198082,-0.09306137018977514,-0.04761284700813218,-0.064914316643885,-5.771441123130016,0.75,0.7473405449077607,-0.8660254037844385,-0.5000000000000004,0.5712682150947923,0.8207634412072763,0.7818314824680298,0.6234898018587336
-0.04999365968385311,0.0359520039505328,0.0359520039505328,-0.04999365968385311,1.3862943611198906,0.75,0.7473854302257732,-0.8660254037844385,-0.5000000000000004,0.72479278722912,0.6889669190756866,0.9749279121818236,-0.22252093395631434
0.03152104046187098,-0.023866872134805497,-0.023866872134805497,0.03776068898338739,4.995521656286208,0.75,0.7474303155437857,-0.8660254037844385,-0.5000000000000004,0.8486442574947509,0.5289640103269624,0.43388373911755823,-0.900968867902419
0.006239648521516223,-0.02431810251619324,-0.02431810251619324,0.0,-0.8366385729265358,0.75,0.7474752008617982,-0.8660254037844385,-0.5000000000000004,0.9377521321470804,0.3473052528448203,-0.433883739117558,-0.9009688679024191
-0.012384471490012795,0.048184974650998656,-0.012384471490012795,-0.012384471490012795,-4.852030263919617,0.75,0.7475200861798106,-0.8660254037844385,-0.5000000000000004,0.9884683243281114,0.1514277775045767,-0.9749279121818236,-0.2225209339563146
0.04275500378856109,-0.011798424207967473,0.04275500378856109,0.04877102193304399,5.614951260949585,0.75,0.7476547421338481,-0.8660254037844385,-0.5000000000000004,0.8978045395707416,-0.4403941515576344,0.7818314824680298,0.6234898018587336
0.0060160181444829436,0.011798424207967605,0.0060160181444829436,0.0,-1.5040773967762742,0.75,0.7476996274518606,-0.8660254037844385,-0.5000000000000004,0.7907757369376989,-0.6121059825476626,0.9749279121818236,-0.22252093395631434
0.011798424207967605,0.011660843057599351,0.011798424207967605,0.011798424207967605,-0.7966878595007857,0.75,0.747744512769873,-0.8660254037844385,-0.5000000000000004,0.6513724827222223,-0.758758122692791,0.43388373911755823,-0.900968867902419
-0.011798424207967473,0.017301469635752867,0.023310497673306382,-0.0059452455174499284,2.0494508279961536,0.75,0.7477893980878855,-0.8660254037844385,-0.5000000000000004,0.48530196253108104,-0.8743466161445821,-0.433883739117558,-0.9009688679024191
0.005853178690517672,-0.03490755821080204,-0.02925574319075633,0.0,-8.35936910622267,0.75,0.747834283405898,-0.8660254037844385,-0.5000000000000004,0.29936312297335804,-0.9541392564000488,-0.9749279121818236,-0.2225209339563146
-0.005853178690517667,-0.005853178690517667,-0.005853178690517667,-0.005853178690517667,6.214608098422191,0.75,0.7479689393599355,-0.8660254037844385,-0.5000000000000004,-0.29936312297335776,-0.9541392564000489,0.7818314824680298,0.6234898018587336
0.0,0.0,0.0,0.0,-6.214608098422191,0.75,0.7480138246779479,-0.8660254037844385,-0.5000000000000004,-0.4853019625310808,-0.8743466161445822,0.9749279121818236,-0.22252093395631434
0.0,0.0,0.0,0.0,0.0,0.75,0.7480587099959604,-0.8660254037844385,-0.5000000000000004,-0.6513724827222217,-0.7587581226927913,0.43388373911755823,-0.900968867902419
-0.01802778671888897,0.0,-0.01802778671888897,0.0,7.170119543449628,0.75,0.7481035953139729,-0.8660254037844385,-0.5000000000000004,-0.7907757369376986,-0.6121059825476627,-0.433883739117558,-0.9009688679024191
0.0,0.0,0.0,-0.01802778671888897,0.653926467406664,0.75,0.7481484806319854,-0.8660254037844385,-0.5000000000000004,-0.8978045395707417,-0.44039415155763423,-0.9749279121818236,-0.2225209339563146
-0.006125793023676334,-0.012068447926837925,0.005959338792051058,-0.006125793023676334,-1.4271163556401458,0.75,0.7482831365860227,-0.8660254037844385,-0.5000000000000004,-0.9884683243281114,0.15142777750457667,0.7818314824680298,0.6234898018587336
0.0,-0.012085131815727436,-0.012085131815727436,0.0,-0.1823215567939546,0.75,0.7483280219040352,-0.8660254037844385,-0.5000000000000004,-0.9377521321470804,0.3473052528448203,0.9749279121818236,-0.22252093395631434
-0.006163549772671937,0.0359520039505328,-0.006163549772671937,0.0359520039505328,2.810606789427302,0.75,0.7483729072220477,-0.8660254037844385,-0.5000000000000004,-0.8486442574947509,0.5289640103269624,0.43388373911755823,-0.900968867902419
0.04211555372320485,0.0,0.04211555372320485,0.0,-9.025214887849494,0.75,0.7484177925400602,-0.8660254037844385,-0.5000000000000004,-0.7247927872291207,0.6889669190756859,-0.433883739117558,-0.9009688679024191
-0.011798424207967473,-0.011798424207967473,-0.011798424207967473,-0.011798424207967473,6.907755278982137,0.75,0.7484626778580726,-0.8660254037844385,-0.5000000000000004,-0.5712682150947924,0.8207634412072763,-0.9749279121818236,-0.2225209339563146
0.0,0.0,0.0,0.0,1.252762968495368,0.75,0.7485973338121101,-0.8660254037844385,-0.5000000000000004,-2.4492935982947064e-16,1.0,0.7818314824680298,0.6234898018587336
0.005853178690517672,0.0407607369013197,0.023459267265566762,0.005853178690517672,0.5538851132264376,0.75,0.7486422191301226,-1.0,-1.8369701987210297e-16,0.20129852008866006,0.9795299412524945,0.9749279121818236,-0.22252093395631434
-0.0238809654094066,-0.05878852362020857,-0.04148705398445577,-0.0238809654094066,-6.411818267709897,0.75,0.7487319897661475,-1.0,-1.8369701987210297e-16,0.5712682150947923,0.8207634412072763,-0.433883739117558,-0.9009688679024191
-0.03074323521415496,0.029826210926856445,-0.006125793023676334,0.029826210926856445,7.618251097876695,0.75,0.74877687508416,-1.0,-1.8369701987210297e-16,0.72479278722912,0.6889669190756866,-0.9749279121818236,-0.2225209339563146
0.07807208071711919,0.01750263457610766,0.053454638526640445,0.01750263457610766,-6.92510391731675,0.75,0.7489115310381974,-1.0,-1.8369701987210297e-16,0.9884683243281114,0.1514277775045767,0.7818314824680298,0.6234898018587336
-0.005841791518508368,0.0,0.0,-0.005841791518508368,2.1972245773362196,0.75,0.7489564163562099,-1.0,-1.8369701987210297e-16,0.9987165071710528,-0.05064916883871264,0.9749279121818236,-0.22252093395631434
-0.03552771519240477,0.0,-0.0413695067109131,-0.01760608857504924,4.9640094527562,0.75,0.7490013016742224,-1.0,-1.8369701987210297e-16,0.9680771188662043,-0.2506525322587204,0.43388373911755823,-0.900968867902419
0.0,-0.023447880093557534,0.0,0.0,-0.6230942063247499,0.75,0.7490461869922349,-1.0,-1.8369701987210297e-16,0.8978045395707416,-0.4403941515576344,-0.433883739117558,-0.9009688679024191
-0.005959338792051021,0.02344788009355757,-0.005959338792051021,-0.005853178690517667,0.026420672832427387,0.75,0.7490910723102474,-1.0,-1.8369701987210297e-16,0.7907757369376989,-0.6121059825476626,-0.9749279121818236,-0.2225209339563146
0.005959338792051058,-0.023447880093557534,0.005959338792051058,0.005853178690517672,-0.7051997901254525,0.75,0.7492257282642848,-1.0,-1.8369701987210297e-16,0.29936312297335804,-0.9541392564000488,0.7818314824680298,0.6234898018587336
-0.012085131815727436,0.01760608857504927,0.012068447926838012,0.01760608857504927,-0.042249546511440604,0.75,0.7492706135822973,-1.0,-1.8369701987210297e-16,0.10116832198743272,-0.994869323391895,0.9749279121818236,-0.22252093395631434
0.041862112319808235,0.0,0.023459267265566762,-0.005750734688323929,-0.2936522394382847,0.75,0.7493154989003098,-1.0,-1.8369701987210297e-16,-0.10116832198743204,-0.9948693233918952,0.43388373911755823,-0.900968867902419
-0.02372455072172578,-0.01166084305759932,-0.01166084305759932,-0.01185535388672528,-0.5364334920677974,0.75,0.7493603842183222,-1.0,-1.8369701987210297e-16,-0.29936312297335776,-0.9541392564000489,-0.433883739117558,-0.9009688679024191
-0.006052429782355101,-0.01781444235245035,-0.01781444235245035,-0.017921626617355562,0.6132466698294142,0.75,0.7494052695363347,-1.0,-1.8369701987210297e-16,-0.4853019625310808,-0.8743466161445822,-0.9749279121818236,-0.2225209339563146
0.0,0.017814442352450385,0.017814442352450385,0.01792162661735555,-0.10310387299333436,0.75,0.7495399254903722,-1.0,-1.8369701987210297e-16,-0.8978045395707417,-0.44039415155763423,0.7818314824680298,0.6234898018587336
0.023866872134805473,0.0,0.0,0.005945245517449808,-1.6053479271825752,0.75,0.7495848108083846,-1.0,-1.8369701987210297e-16,-0.9680771188662041,-0.2506525322587213,0.9749279121818236,-0.22252093395631434
-0.011798424207967473,-0.0059452455174499284,-0.0059452455174499284,-0.0059452455174499284,2.001204176184103,0.75,0.7496296961263971,-1.0,-1.8369701987210297e-16,-0.9987165071710528,-0.05064916883871355,0.43388373911755823,-0.900968867902419
-0.006016018144482885,0.0,0.0,-0.011869196835000423,-0.4527736118580263,0.75,0.7496745814444096,-1.0,-1.8369701987210297e-16,-0.9884683243281114,0.15142777750457667,-0.433883739117558,-0.9009688679024191
-0.012011768574406143,0.005945245517449808,-0.0238809654094066,0.017814442352450385,0.3186509114405774,0.75,0.7497194667624221,-1.0,-1.8369701987210297e-16,-0.9377521321470804,0.3473052528448203,-0.9749279121818236,-0.2225209339563146
0.029826210926856445,0.0,0.029826210926856445,0.0,-6.452048954437226,0.75,0.7498541227164595,-1.0,-1.8369701987210297e-16,-0.5712682150947924,0.8207634412072763,0.7818314824680298,0.6234898018587336
0.0,0.0,0.0,0.0,-2.3025850929940455,0.75,0.749899008034472,-1.0,-1.8369701987210297e-16,-0.3943558551133187,0.9189578116202306,0.9749279121818236,-0.22252093395631434
-0.06056944614101145,0.0,0.0,-0.06056944614101145,4.700480365792417,0.75,0.7499438933524845,-1.0,-1.8369701987210297e-16,-0.20129852008866114,0.9795299412524943,0.43388373911755823,-0.900968867902419
0.060569446141011486,0.0,0.0,0.060569446141011486,-2.3978952727983707,0.75,0.749988778670497,-0.866025403784439,0.49999999999999933,0.20129852008866006,0.9795299412524945,-0.433883739117558,-0.9009688679024191
-0.011798424207967473,0.011660843057599351,0.011660843057599351,-0.011798424207967473,6.400257445308821,0.75,0.7500336639885095,-0.866025403784439,0.49999999999999933,0.39435585511331855,0.9189578116202306,-0.9749279121818236,-0.2225209339563146
-0.048771021933043945,-0.07223028919861073,-0.07223028919861073,0.0,-8.702842538302866,0.75,0.7501683199425468,-0.866025403784439,0.49999999999999933,0.8486442574947509,0.5289640103269624,0.7818314824680298,0.6234898018587336
-0.02537621749337453,0.030743235214155003,0.0,-0.01802778671888897,9.611797458686809,0.75,0.7502132052605593,-0.866025403784439,0.49999999999999933,0.9377521321470804,0.3473052528448203,0.9749279121818236,-0.22252093395631434
0.06813122128193569,0.012011768574406119,0.04275500378856109,0.012011768574406119,-6.210600077024653,0.75,0.7502580905785718,-0.866025403784439,0.49999999999999933,0.9884683243281114,0.1514277775045767,0.43388373911755823,-0.900968867902419
0.02372455072172563,0.02372455072172563,0.02372455072172563,0.02372455072172563,-0.40546510810816444,0.75,0.7503029758965842,-0.866025403784439,0.49999999999999933,0.9987165071710528,-0.05064916883871264,-0.433883739117558,-0.9009688679024191
-0.06647955451028686,-0.04802566209248019,-0.06647955451028686,-0.060334731541790365,5.705447753975262,0.75,0.7503478612145967,-0.866025403784439,0.49999999999999933,0.9680771188662043,-0.2506525322587204,-0.9749279121818236,-0.2225209339563146
0.006144822968496405,-0.012309069449310107,0.006144822968496405,0.0,-0.18398683611301578,0.75,0.7504825171686342,-0.866025403784439,0.49999999999999933,0.6513724827222223,-0.758758122692791,0.7818314824680298,0.6234898018587336
0.06608546623011419,0.06608546623011419,0.06608546623011419,0.06608546623011419,-0.916290731874155,0.75,0.7505274024866466,-0.866025403784439,0.49999999999999933,0.48530196253108104,-0.8743466161445821,0.9749279121818236,-0.22252093395631434
-0.05377639678080418,0.0,0.0,-0.05377639678080418,-0.2613647641344075,0.75,0.7505722878046591,-0.866025403784439,0.49999999999999933,0.29936312297335804,-0.9541392564000488,0.43388373911755823,-0.900968867902419
0.01228934279634835,-0.04148705398445577,-0.04148705398445577,0.01228934279634835,-2.9575110607337933,0.75,0.7506171731226716,-0.866025403784439,0.49999999999999933,0.10116832198743272,-0.994869323391895,-0.433883739117558,-0.9009688679024191
-0.024598412245658532,0.0238809654094066,0.0,0.0238809654094066,3.9219733362813143,0.75,0.7506620584406841,-0.866025403784439,0.49999999999999933,-0.10116832198743204,-0.9948693233918952,-0.9749279121818236,-0.2225209339563146
0.04847937765506504,0.0,0.0238809654094066,0.0,-3.29336467685894,0.75,0.7507967143947215,-0.866025403784439,0.49999999999999933,-0.6513724827222217,-0.7587581226927913,0.7818314824680298,0.6234898018587336
0.0,0.0,0.0,0.0,-5.0106352940962555,0.75,0.750841599712734,-0.866025403784439,0.49999999999999933,-0.7907757369376986,-0.6121059825476627,0.9749279121818236,-0.22252093395631434
0.0,0.0,0.0,0.0,0.0,0.75,0.7508864850307465,-0.866025403784439,0.49999999999999933,-0.8978045395707417,-0.44039415155763423,0.43388373911755823,-0.900968867902419
-0.017921626617355562,-0.017921626617355562,-0.017921626617355562,-0.017921626617355562,6.813444599510896,0.75,0.750931370348759,-0.866025403784439,0.49999999999999933,-0.9680771188662041,-0.2506525322587213,-0.433883739117558,-0.9009688679024191
0.023866872134805473,0.023866872134805473,0.023866872134805473,0.023866872134805473,-4.51085950651685,0.75,0.7509762556667714,-0.866025403784439,0.49999999999999933,-0.9987165071710528,-0.05064916883871355,-0.9749279121818236,-0.2225209339563146
-0.06056944614101145,-0.0059452455174499284,-0.06056944614101145,-0.0059452455174499284,7.502738210754851,0.75,0.7511109116208089,-0.866025403784439,0.49999999999999933,-0.8486442574947509,0.5289640103269624,0.7818314824680298,0.6234898018587336
0.05462420062356155,0.0,0.05462420062356155,0.0,-7.502738210754851,0.75,0.7511557969388214,-0.866025403784439,0.49999999999999933,-0.7247927872291207,0.6889669190756859,0.9749279121818236,-0.22252093395631434
-0.0238809654094066,0.0,0.0,-0.0238809654094066,5.991464547107982,0.75,0.7512006822568338,-0.866025403784439,0.49999999999999933,-0.5712682150947924,0.8207634412072763,0.43388373911755823,-0.900968867902419
-0.012289342796348373,-0.0238809654094066,-0.0238809654094066,-0.012289342796348373,0.6931471805599453,0.75,0.7512455675748463,-0.866025403784439,0.49999999999999933,-0.3943558551133187,0.9189578116202306,-0.433883739117558,-0.9009688679024191
0.01228934279634835,0.0,0.0,0.01228934279634835,-6.684611727667927,0.75,0.7512904528928588,-0.866025403784439,0.49999999999999933,-0.20129852008866114,0.9795299412524943,-0.9749279121818236,-0.2225209339563146
0.0,0.0,0.0,0.0,-2.3025850929940455,0.75,0.7514251088468963,-0.5000000000000012,0.8660254037844379,0.39435585511331855,0.9189578116202306,0.7818314824680298,0.6234898018587336
0.0,0.0,0.0,0.0,0.0,0.75,0.7514699941649087,-0.5000000000000012,0.8660254037844379,0.5712682150947923,0.8207634412072763,0.9749279121818236,-0.22252093395631434
0.0238809654094066,0.0238809654094066,0.0238809654094066,0.0238809654094066,2.302585092994046,0.75,0.7515148794829212,-0.5000000000000012,0.8660254037844379,0.72479278722912,0.6889669190756866,0.43388373911755823,-0.900968867902419
-0.05462420062356152,0.0,-0.04223972913354882,0.0,4.718498871295094,0.75,0.7515597648009337,-0.5000000000000012,0.8660254037844379,0.8486442574947509,0.5289640103269624,-0.433883739117558,-0.9009688679024191
0.0,-0.04223972913354882,0.0,-0.04223972913354882,-1.0296194171811581,0.75,0.7516046501189462,-0.5000000000000012,0.8660254037844379,0.9377521321470804,0.3473052528448203,-0.9749279121818236,-0.2225209339563146
0.030743235214155003,0.030370532298548296,0.030370532298548296,0.018358763724142243,-0.2876820724517809,0.75,0.7517393060729836,-0.5000000000000012,0.8660254037844379,0.9680771188662043,-0.2506525322587204,0.7818314824680298,0.6234898018587336
0.0,-0.012011768574406143,-0.012011768574406143,0.0,-5.703782474656201,0.75,0.7517841913909961,-0.5000000000000012,0.8660254037844379,0.8978045395707416,-0.4403941515576344,0.9749279121818236,-0.22252093395631434
0.0,0.0,0.0,0.0,0.0,0.75,0.7518290767090086,-0.5000000000000012,0.8660254037844379,0.7907757369376989,-0.6121059825476626,0.43388373911755823,-0.900968867902419
-0.03074323521415496,0.0,-0.03074323521415496,-0.012289342796348373,7.723120092266331,0.75,0.7518739620270211,-0.5000000000000012,0.8660254037844379,0.6513724827222223,-0.758758122692791,-0.433883739117558,-0.9009688679024191
0.024617442190478563,0.0,0.024617442190478563,0.01228934279634835,-0.7200546334798696,0.75,0.7519188473450334,-0.5000000000000012,0.8660254037844379,0.48530196253108104,-0.8743466161445821,-0.9749279121818236,-0.2225209339563146
0.006125793023676455,0.0,0.006125793023676455,0.0,-4.700480365792417,0.75,0.752053503299071,-0.5000000000000012,0.8660254037844379,-0.10116832198743204,-0.9948693233918952,0.7818314824680298,0.6234898018587336
-0.012289342796348373,-0.012289342796348373,-0.012289342796348373,-0.012289342796348373,4.406719247264253,0.75,0.7520983886170834,-0.5000000000000012,0.8660254037844379,-0.29936312297335776,-0.9541392564000489,0.9749279121818236,-0.22252093395631434
-0.012309069449310107,0.0,-0.00606942092779385,0.0,0.07061756721395342,0.75,0.7521432739350958,-0.5000000000000012,0.8660254037844379,-0.4853019625310808,-0.8743466161445822,0.43388373911755823,-0.900968867902419
0.018472619221982095,0.01228934279634835,0.012232970700465804,0.01228934279634835,1.5864483942094016,0.75,0.7521881592531083,-0.5000000000000012,0.8660254037844379,-0.6513724827222217,-0.7587581226927913,-0.433883739117558,-0.9009688679024191
0.006125793023676455,0.0,0.006125793023676455,0.0,-8.366370301681654,0.75,0.7522330445711208,-0.5000000000000012,0.8660254037844379,-0.7907757369376986,-0.6121059825476627,-0.9749279121818236,-0.2225209339563146
0.0,0.0,0.0,0.0,0.0,0.75,0.7523677005251582,-0.5000000000000012,0.8660254037844379,-0.9987165071710528,-0.05064916883871355,0.7818314824680298,0.6234898018587336
0.0,0.0,0.0,0.0,8.987196820661973,0.75,0.7524125858431707,-0.5000000000000012,0.8660254037844379,-0.9884683243281114,0.15142777750457667,0.9749279121818236,-0.22252093395631434
0.0,0.0,0.0,0.0,-8.987196820661973,0.75,0.7524574711611832,-0.5000000000000012,0.8660254037844379,-0.9377521321470804,0.3473052528448203,0.43388373911755823,-0.900968867902419
0.0,0.018027786718888914,0.0,0.018027786718888914,7.828038032125829,0.75,0.7525023564791957,-0.5000000000000012,0.8660254037844379,-0.8486442574947509,0.5289640103269624,-0.433883739117558,-0.9009688679024191
0.018027786718888914,0.0,0.018027786718888914,0.0,-7.828038032125829,0.75,0.7525472417972082,-0.5000000000000012,0.8660254037844379,-0.7247927872291207,0.6889669190756859,-0.9749279121818236,-0.2225209339563146
-0.042626198964547425,0.0,0.0,-0.042626198964547425,4.787491742782046,0.75,0.7526818977512456,-0.5000000000000012,0.8660254037844379,-0.20129852008866114,0.9795299412524943,0.7818314824680298,0.6234898018587336
0.0,-0.042626198964547425,-0.042626198964547425,0.0,-4.787491742782046,0.75,0.7527267830692581,-2.4492935982947064e-16,1.0,0.20129852008866006,0.9795299412524945,0.9749279121818236,-0.22252093395631434
0.006239648521516223,0.018472619221982095,0.018472619221982095,0.006239648521516223,6.907755278982137,0.75,0.7527716683872706,-2.4492935982947064e-16,1.0,0.39435585511331855,0.9189578116202306,0.43388373911755823,-0.900968867902419
0.0598458177085981,0.04761284700813221,0.04761284700813221,0.0598458177085981,-4.605170185988091,0.75,0.752816553705283,-2.4492935982947064e-16,1.0,0.5712682150947923,0.8207634412072763,-0.433883739117558,-0.9009688679024191
-0.04761284700813218,-0.04761284700813218,-0.04761284700813218,-0.04761284700813218,0.6931471805599453,0.75,0.7528614390232955,-2.4492935982947064e-16,1.0,0.72479278722912,0.6889669190756866,-0.9749279121818236,-0.2225209339563146
0.0,0.006125793023676455,0.0,0.006125793023676455,5.856503561673865,0.75,0.752996094977333,-2.4492935982947064e-16,1.0,0.9884683243281114,0.1514277775045767,0.7818314824680298,0.6234898018587336
0.006125793023676455,0.0,0.006125793023676455,0.0,-8.852235835227855,0.75,0.7530409802953455,-2.4492935982947064e-16,1.0,0.9987165071710528,-0.05064916883871264,0.9749279121818236,-0.22252093395631434
0.06245735493374666,0.06245735493374666,0.06245735493374666,0.06245735493374666,9.047821442478408,0.75,0.7530858656133579,-2.4492935982947064e-16,1.0,0.9680771188662043,-0.2506525322587204,0.43388373911755823,-0.900968867902419
0.0,0.0,0.0,0.0,-9.047821442478408,0.75,0.7531307509313704,-2.4492935982947064e-16,1.0,0.8978045395707416,-0.4403941515576344,-0.433883739117558,-0.9009688679024191
0.01201252083692968,0.01201252083692968,0.01201252083692968,0.01201252083692968,4.700480365792417,0.75,0.7531756362493829,-2.4492935982947064e-16,1.0,0.7907757369376989,-0.6121059825476626,-0.9749279121818236,-0.2225209339563146
0.0,0.0,0.0,0.0,-4.700480365792417,0.75,0.7533102922034203,-2.4492935982947064e-16,1.0,0.29936312297335804,-0.9541392564000488,0.7818314824680298,0.6234898018587336
0.0,0.0,0.0,0.0,0.0,0.75,0.7533551775214328,-2.4492935982947064e-16,1.0,0.10116832198743272,-0.994869323391895,0.9749279121818236,-0.22252093395631434
0.0,0.0,0.0,0.0,0.0,0.75,0.7534000628394453,-2.4492935982947064e-16,1.0,-0.10116832198743204,-0.9948693233918952,0.43388373911755823,-0.900968867902419
0.006012524125393007,0.006012524125393007,0.006012524125393007,0.006012524125393007,3.6888794541139363,0.75,0.7534449481574578,-2.4492935982947064e-16,1.0,-0.29936312297335776,-0.9541392564000489,-0.433883739117558,-0.9009688679024191
-0.018025044962322836,-0.018025044962322836,-0.018025044962322836,-0.018025044962322836,-1.3862943611198906,0.75,0.7534898334754703,-2.4492935982947064e-16,1.0,-0.4853019625310808,-0.8743466161445822,-0.9749279121818236,-0.2225209339563146
0.006084964619473637,0.05889978955991697,0.006084964619473637,0.018025044962322788,5.69035945432406,0.75,0.7536244894295077,-2.4492935982947064e-16,1.0,-0.8978045395707417,-0.44039415155763423,0.7818314824680298,0.6234898018587336
0.011940080342849194,0.022531676899269173,0.011940080342849194,0.0634064214968634,0.8720846393696595,0.75,0.7536693747475202,-2.4492935982947064e-16,1.0,-0.9680771188662041,-0.2506525322587213,0.9749279121818236,-0.22252093395631434
0.011799195348391075,-0.051607226148472365,0.011799195348391075,-0.051607226148472365,-0.3438439740019906,0.75,0.7537142600655327,-2.4492935982947064e-16,1.0,-0.9987165071710528,-0.05064916883871355,0.43388373911755823,-0.900968867902419
-0.0058226057199334,0.06279678006837072,-0.0058226057199334,0.06279678006837072,0.003976148379639417,0.75,0.753759145383545,-2.4492935982947064e-16,1.0,-0.9884683243281114,0.15142777750457667,-0.433883739117558,-0.9009688679024191
0.005822605719933378,0.058980374835204664,0.005822605719933378,-0.06279678006837068,-1.4267857224746274,0.75,0.7538040307015575,-2.4492935982947064e-16,1.0,-0.9377521321470804,0.3473052528448203,-0.9749279121818236,-0.2225209339563146
-0.0058226057199334,-0.05898037483520467,0.0,0.06279678006837072,2.834670716186886,0.75,0.753938686655595,-2.4492935982947064e-16,1.0,-0.5712682150947924,0.8207634412072763,0.7818314824680298,0.6234898018587336
0.005822605719933378,0.06410724978469405,0.00590669171539018,0.06410724978469405,-0.3435848500329272,0.75,0.7539835719736074,-2.4492935982947064e-16,1.0,-0.3943558551133187,0.9189578116202306,0.9749279121818236,-0.22252093395631434
0.05721765379138908,-0.06410724978469402,0.051310962075999035,-0.06968637606167542,1.4857338915300435,0.75,0.7540284572916199,-2.4492935982947064e-16,1.0,-0.20129852008866114,0.9795299412524943,0.43388373911755823,-0.900968867902419
0.0,-0.005579126276981446,0.0,0.0,0.43812998871676684,0.75,0.7540733426096324,-2.4492935982947064e-16,1.0,-2.4492935982947064e-16,1.0,-0.433883739117558,-0.9009688679024191
0.0,0.0,0.0,0.0,-11.513325384991555,0.7666666666666666,0.7542528838816823,0.49999999999999994,0.8660254037844387,0.72479278722912,0.6889669190756866,0.7818314824680298,0.6234898018587336
-0.02251863187001075,0.0,0.0,-0.02251863187001075,8.941152882160566,0.7666666666666666,0.7542977691996948,0.49999999999999994,0.8660254037844387,0.8486442574947509,0.5289640103269624,0.9749279121818236,-0.22252093395631434
-0.0287923302059882,-0.05131096207599895,-0.05131096207599895,-0.0287923302059882,-2.023447272325261,0.7666666666666666,0.7543426545177073,0.49999999999999994,0.8660254037844387,0.9377521321470804,0.3473052528448203,0.43388373911755823,-0.900968867902419
-0.023718411189174286,-0.023718411189174286,-0.023718411189174286,-0.023718411189174286,-4.61512051684126,0.7666666666666666,0.7543875398357198,0.49999999999999994,0.8660254037844387,0.9884683243281114,0.1514277775045767,-0.433883739117558,-0.9009688679024191
-0.012012520836929705,-0.012012520836929705,-0.012012520836929705,-0.012012520836929705,3.4657359027997265,0.7666666666666666,0.7544324251537322,0.49999999999999994,0.8660254037844387,0.9987165071710528,-0.05064916883871264,-0.9749279121818236,-0.2225209339563146
0.01201252083692968,0.06452326223209216,0.01201252083692968,0.06452326223209216,2.4368974306016398,0.7666666666666666,0.7545670811077697,0.49999999999999994,0.8660254037844387,0.7907757369376989,-0.6121059825476626,0.7818314824680298,0.6234898018587336
0.02959041866639679,0.0,0.05251074139516247,-0.022920322728765673,-3.3376839759398296,0.7666666666666666,0.7546119664257822,0.49999999999999994,0.8660254037844387,0.6513724827222223,-0.758758122692791,0.9749279121818236,-0.22252093395631434
0.04543895459877636,0.022518631870010707,0.022518631870010707,0.04543895459877636,-2.5649493574615367,0.7666666666666666,0.7546568517437946,0.49999999999999994,0.8660254037844387,0.48530196253108104,-0.8743466161445821,0.43388373911755823,-0.900968867902419
-0.03971764761516723,0.00557912627698139,-0.03971764761516723,-0.03971764761516723,7.803435056952168,0.7666666666666666,0.7547017370618071,0.49999999999999994,0.8660254037844387,0.29936312297335804,-0.9541392564000488,-0.433883739117558,-0.9009688679024191
-0.02332261189615532,-0.005579126276981446,0.0397176476151672,-0.01750000617622197,-3.38459444915557,0.7666666666666666,0.7547466223798196,0.49999999999999994,0.8660254037844387,0.10116832198743272,-0.994869323391895,-0.9749279121818236,-0.2225209339563146
-0.05474277614506091,0.00557912627698139,0.00557912627698139,-0.060565381864994335,-3.3202283191284883,0.7666666666666666,0.7548812783338571,0.49999999999999994,0.8660254037844387,-0.4853019625310808,-0.8743466161445822,0.7818314824680298,0.6234898018587336
0.0368261061737541,-0.056890088352980483,-0.08653605575961079,0.06647207358038444,-0.40546510810816444,0.7666666666666666,0.7549261636518695,0.49999999999999994,0.8660254037844387,-0.6513724827222217,-0.7587581226927913,0.9749279121818236,-0.22252093395631434
0.08095692948262927,0.06232759828250086,0.08095692948262927,0.051310962075999035,0.4054651081081644,0.7666666666666666,0.754971048969882,0.49999999999999994,0.8660254037844387,-0.7907757369376986,-0.6121059825476627,0.43388373911755823,-0.900968867902419
-0.06901684913978018,0.01100605430789763,-0.057217653791389204,0.022022690514399448,5.810142490647111,0.7666666666666666,0.7550159342878945,0.49999999999999994,0.8660254037844387,-0.8978045395707417,-0.44039415155763423,-0.433883739117558,-0.9009688679024191
0.023577894541003744,0.05804583860384818,0.13728618290963687,0.005349065753434515,0.8580857577702924,0.7666666666666666,0.755060819605907,0.49999999999999994,0.8660254037844387,-0.9680771188662041,-0.2506525322587213,-0.9749279121818236,-0.2225209339563146
0.011525827576268667,-0.010382153056572203,-0.11398165614075553,0.042314619793841476,-3.1517200202442535,0.7666666666666666,0.7551954755599444,0.49999999999999994,0.8660254037844387,-0.9377521321470804,0.3473052528448203,0.7818314824680298,0.6234898018587336
0.033913127022507754,-0.015672158793214253,0.033913127022507754,-0.0423146197938414,1.790107941189582,0.7666666666666666,0.7552403608779569,0.49999999999999994,0.8660254037844387,-0.8486442574947509,0.5289640103269624,0.9749279121818236,-0.22252093395631434
0.027371756267833953,-0.010550532140092238,0.04346368512836888,0.005428894984114252,1.047173993192797,0.7666666666666666,0.7552852461959694,0.49999999999999994,0.8660254037844387,-0.7247927872291207,0.6889669190756859,0.43388373911755823,-0.900968867902419
0.021434392684085313,0.01055053214009234,0.0053424638235503915,0.02121356601651291,-6.759255270663693,0.7666666666666666,0.7553301315139819,0.49999999999999994,0.8660254037844387,-0.5712682150947924,0.8207634412072763,-0.433883739117558,-0.9009688679024191
-0.06561895682881057,-0.010550532140092238,-0.06561895682881057,-0.07082702514535234,5.278114659230517,0.7666666666666666,0.7553750168319943,0.49999999999999994,0.8660254037844387,-0.3943558551133187,0.9189578116202306,-0.9749279121818236,-0.2225209339563146
-0.05220404126288901,0.0053424638235503915,0.016812807876891253,-0.05220404126288901,0.8883530638637396,0.7666666666666666,0.7555096727860318,0.8660254037844386,0.5000000000000001,0.20129852008866006,0.9795299412524945,0.7818314824680298,0.6234898018587336
0.0634064214968634,-0.05441657659483619,-0.005610427642916819,0.0634064214968634,-0.11320277508082795,0.7666666666666666,0.7555545581040443,0.8660254037844386,0.5000000000000001,0.39435585511331855,0.9189578116202306,0.9749279121818236,-0.22252093395631434
0.05441657659483622,0.05962464491137794,0.05441657659483622,0.05962464491137794,-2.131291611732115,0.7666666666666666,0.7555994434220566,0.8660254037844386,0.5000000000000001,0.5712682150947923,0.8207634412072763,0.43388373911755823,-0.900968867902419
-0.016005497699971026,0.0,0.005208068316541837,-0.02121356601651289,1.6856652778219847,0.7666666666666666,0.7556443287400691,0.8660254037844386,0.5000000000000001,0.72479278722912,0.6889669190756866,-0.433883739117558,-0.9009688679024191
0.06254004473358403,0.04132647871707109,0.04132647871707109,0.06254004473358403,-6.300785794663244,0.7666666666666666,0.7556892140580816,0.8660254037844386,0.5000000000000001,0.8486442574947509,0.5289640103269624,-0.9749279121818236,-0.2225209339563146
-0.0679689397176983,-0.0679689397176983,-0.0679689397176983,-0.0679689397176983,3.9318256327243257,0.7666666666666666,0.7561380672382064,0.8660254037844386,0.5000000000000001,0.10116832198743272,-0.994869323391895,0.7818314824680298,0.6234898018587336
-0.06128488329034182,0.0526967728504136,0.021434392684085313,-0.06128488329034182,-2.833213344056216,0.7666666666666666,0.7561829525562189,0.8660254037844386,0.5000000000000001,-0.10116832198743204,-0.9948693233918952,0.9749279121818236,-0.22252093395631434
0.0,-0.11398165614075553,-0.0827192759744272,0.0,-3.4011973816621555,0.7666666666666666,0.7562278378742314,0.8660254037844386,0.5000000000000001,-0.29936312297335776,-0.9541392564000489,0.43388373911755823,-0.900968867902419
0.06128488329034191,0.06128488329034191,0.06128488329034191,0.06128488329034191,2.995732273553991,0.7666666666666666,0.7562727231922438,0.8660254037844386,0.5000000000000001,-0.4853019625310808,-0.8743466161445822,-0.433883739117558,-0.9009688679024191
-0.05551386081002006,0.0526967728504136,-0.027371756267834006,0.0526967728504136,8.226305988015508,0.7666666666666666,0.7563176085102563,0.8660254037844386,0.5000000000000001,-0.6513724827222217,-0.7587581226927913,-0.9749279121818236,-0.2225209339563146
0.08215632181064729,-0.026054311849786477,0.05401421726846124,-0.026054311849786477,-8.919453168575453,0.7666666666666666,0.7564522644642938,0.8660254037844386,0.5000000000000001,-0.9680771188662041,-0.2506525322587213,0.7818314824680298,0.6234898018587336
-0.06515357295916788,0.026054311849786384,0.026054311849786384,-0.06515357295916788,0.6931471805599453,0.7666666666666666,0.7564971497823063,0.8660254037844386,0.5000000000000001,-0.9987165071710528,-0.05064916883871355,0.9749279121818236,-0.22252093395631434
0.0,-0.0912078848089544,-0.0912078848089544,0.0,-2.995732273553991,0.7666666666666666,0.7565420351003187,0.8660254037844386,0.5000000000000001,-0.9884683243281114,0.15142777750457667,0.43388373911755823,-0.900968867902419
-0.05190090382061586,-0.05190090382061586,-0.05190090382061586,-0.05190090382061586,5.703782474656201,0.7666666666666666,0.7565869204183312,0.8660254037844386,0.5000000000000001,-0.9377521321470804,0.3473052528448203,-0.433883739117558,-0.9009688679024191
-0.0361602123743675,-0.011989113753850757,-0.011989113753850757,-0.0361602123743675,2.03688192726104,0.7666666666666666,0.7566318057363437,0.8660254037844386,0.5000000000000001,-0.8486442574947509,0.5289640103269624,-0.9749279121818236,-0.2225209339563146
-0.024896513272909454,0.04111624624266543,-0.04906761189342626,0.06528734486318222,-4.74493212836325,0.7666666666666666,0.7567664616903811,0.8660254037844386,0.5000000000000001,-0.3943558551133187,0.9189578116202306,0.7818314824680298,0.6234898018587336
0.0901838581360918,0.0,0.0901838581360918,0.0,-2.995732273553991,0.7666666666666666,0.7568113470083936,1.0,6.123233995736766e-17,0.20129852008866006,0.9795299412524945,0.9749279121818236,-0.22252093395631434
-0.05312876707959517,-0.005804520592659481,-0.005804520592659481,-0.05312876707959517,7.753623546559746,0.7666666666666666,0.7568562323264061,1.0,6.123233995736766e-17,0.39435585511331855,0.9189578116202306,0.43388373911755823,-0.900968867902419
0.01201252083692968,0.0115755430729813,0.0115755430729813,0.01201252083692968,-4.757891273005756,0.7666666666666666,0.7569011176444186,1.0,6.123233995736766e-17,0.5712682150947923,0.8207634412072763,-0.433883739117558,-0.9009688679024191
0.06389001757446658,0.0170027488514793,0.0170027488514793,0.06389001757446658,0.6931471805599453,0.7666666666666666,0.7569460029624311,1.0,6.123233995736766e-17,0.72479278722912,0.6889669190756866,-0.9749279121818236,-0.2225209339563146
-0.06389001757446659,0.054603040819075604,0.054603040819075604,-0.06389001757446659,3.228826155721369,0.7666666666666666,0.7570806589164685,1.0,6.123233995736766e-17,0.9884683243281114,0.1514277775045767,0.7818314824680298,0.6234898018587336
-0.012012520836929705,-0.10068133891975811,-0.10068133891975811,-0.012012520836929705,-0.23309388216737778,0.7666666666666666,0.757125544234481,1.0,6.123233995736766e-17,0.9987165071710528,-0.05064916883871264,0.9749279121818236,-0.22252093395631434
0.0,-0.029824240310713745,-0.029824240310713745,0.0,-6.684611727667927,0.7666666666666666,0.7571704295524935,1.0,6.123233995736766e-17,0.9680771188662043,-0.2506525322587204,0.43388373911755823,-0.900968867902419
0.0,0.0,0.0,0.0,0.0,0.7666666666666666,0.7572153148705059,1.0,6.123233995736766e-17,0.8978045395707416,-0.4403941515576344,-0.433883739117558,-0.9009688679024191
0.05889978955991697,0.05889978955991697,0.05889978955991697,0.05889978955991697,7.4205789054108005,0.7666666666666666,0.7572602001885184,1.0,6.123233995736766e-17,0.7907757369376989,-0.6121059825476626,-0.9749279121818236,-0.2225209339563146
0.0,0.0,0.0,0.0,-7.4205789054108005,0.7666666666666666,0.7573948561425559,1.0,6.123233995736766e-17,0.29936312297335804,-0.9541392564000488,0.7818314824680298,0.6234898018587336
0.0,0.0,0.0,0.0,0.0,0.7666666666666666,0.7574397414605682,1.0,6.123233995736766e-17,0.10116832198743272,-0.994869323391895,0.9749279121818236,-0.22252093395631434
0.0,0.05551386081002003,0.0,0.05551386081002003,7.9996785794994505,0.7666666666666666,0.7574846267785807,1.0,6.123233995736766e-17,-0.10116832198743204,-0.9948693233918952,0.43388373911755823,-0.900968867902419
0.0,-0.05551386081002006,0.0,-0.05551386081002006,-3.299198213707034,0.7666666666666666,0.7575295120965932,1.0,6.123233995736766e-17,-0.29936312297335776,-0.9541392564000489,-0.433883739117558,-0.9009688679024191
-0.07105836734350406,-0.07105836734350406,-0.07105836734350406,-0.07105836734350406,-1.0116009116784799,0.7666666666666666,0.7575743974146057,1.0,6.123233995736766e-17,-0.4853019625310808,-0.8743466161445822,-0.9749279121818236,-0.2225209339563146
0.0,0.0,0.0,0.0,-3.6888794541139363,0.7666666666666666,0.7577090533686431,1.0,6.123233995736766e-17,-0.8978045395707417,-0.44039415155763423,0.7818314824680298,0.6234898018587336
0.06528734486318222,0.06528734486318222,0.06528734486318222,0.06528734486318222,2.302585092994046,0.7666666666666666,0.7577539386866556,1.0,6.123233995736766e-17,-0.9680771188662041,-0.2506525322587213,0.9749279121818236,-0.22252093395631434
-0.05312876707959517,0.06671377827445626,-0.04111624624266546,0.06671377827445626,3.8501476017100584,0.7666666666666666,0.7577988240046681,1.0,6.123233995736766e-17,-0.9987165071710528,-0.05064916883871355,0.43388373911755823,-0.900968867902419
0.04732424648693572,0.0,0.10783002451712173,-0.07251829886711562,-2.751535313041949,0.7666666666666666,0.7578437093226806,1.0,6.123233995736766e-17,-0.9884683243281114,0.15142777750457667,-0.433883739117558,-0.9009688679024191
-0.01159331446083174,-0.0841116133279474,-0.0841116133279474,-0.01159331446083174,1.8971199848858813,0.7666666666666666,0.757888594640693,1.0,6.123233995736766e-17,-0.9377521321470804,0.3473052528448203,-0.9749279121818236,-0.2225209339563146
-0.005906691715390244,0.056890088352980525,-0.005906691715390244,0.056890088352980525,1.5040773967762742,0.7666666666666666,0.7580232505947305,1.0,6.123233995736766e-17,-0.5712682150947924,0.8207634412072763,0.7818314824680298,0.6234898018587336
0.06279678006837072,0.0,0.06279678006837072,0.0,-6.802394763324311,0.7666666666666666,0.758068135912743,1.0,6.123233995736766e-17,-0.3943558551133187,0.9189578116202306,0.9749279121818236,-0.22252093395631434
0.0,0.0,0.0,0.0,6.684611727667927,0.7666666666666666,0.7581130212307555,1.0,6.123233995736766e-17,-0.20129852008866114,0.9795299412524943,0.43388373911755823,-0.900968867902419
-0.04529677389214864,0.0,0.0,0.0,1.4557038124920583,0.7666666666666666,0.7581579065487679,1.0,6.123233995736766e-17,-2.4492935982947064e-16,1.0,-0.433883739117558,-0.9009688679024191
0.045296773892148784,0.0,0.0,0.0,-8.140315540159985,0.7666666666666666,0.7582027918667804,0.8660254037844387,-0.4999999999999998,0.20129852008866006,0.9795299412524945,-0.9749279121818236,-0.2225209339563146
-0.06279678006837068,0.021792629990852578,0.021792629990852578,-0.06279678006837068,4.787491742782046,0.7666666666666666,0.7583374478208179,0.8660254037844387,-0.4999999999999998,0.72479278722912,0.6889669190756866,0.7818314824680298,0.6234898018587336
0.00590669171539018,-0.021792629990852613,-0.021792629990852613,0.06279678006837072,5.058896217713509,0.7666666666666666,0.7583823331388303,0.8660254037844387,-0.4999999999999998,0.8486442574947509,0.5289640103269624,0.9749279121818236,-0.22252093395631434
0.051310962075999035,0.06410724978469405,0.06410724978469405,-0.005579126276981446,-6.4451905788334,0.7666666666666666,0.7584272184568428,0.8660254037844387,-0.4999999999999998,0.9377521321470804,0.3473052528448203,0.43388373911755823,-0.900968867902419
0.0,-0.06968637606167542,-0.06968637606167542,0.0,3.506557897319982,0.7666666666666666,0.7584721037748553,0.8660254037844387,-0.4999999999999998,0.9884683243281114,0.1514277775045767,-0.433883739117558,-0.9009688679024191
0.016534804937956664,0.016534804937956664,0.016534804937956664,0.016534804937956664,2.70805020110221,0.7666666666666666,0.7585169890928678,0.8660254037844387,-0.4999999999999998,0.9987165071710528,-0.05064916883871264,-0.9749279121818236,-0.2225209339563146
-0.06784576701395556,-0.005518168731454708,-0.06784576701395556,-0.06197375953673303,-4.222177933731985,0.7666666666666666,0.7586516450469052,0.8660254037844387,-0.4999999999999998,0.7907757369376989,-0.6121059825476626,0.7818314824680298,0.6234898018587336
0.051310962075999035,0.005518168731454643,0.051310962075999035,0.06197375953673315,4.151039905898646,0.7666666666666666,0.7586965303649177,0.8660254037844387,-0.4999999999999998,0.6513724827222223,-0.758758122692791,0.9749279121818236,-0.22252093395631434
0.016534804937956664,0.0,0.016534804937956664,0.0,-9.544667452251007,0.7666666666666666,0.7587414156829302,0.8660254037844387,-0.4999999999999998,0.48530196253108104,-0.8743466161445821,0.43388373911755823,-0.900968867902419
-0.016534804937956622,-0.016534804937956622,-0.016534804937956622,-0.016534804937956622,6.907755278982137,0.7666666666666666,0.7587863010009427,0.8660254037844387,-0.4999999999999998,0.29936312297335804,-0.9541392564000488,-0.433883739117558,-0.9009688679024191
0.027371756267833953,0.027371756267833953,0.027371756267833953,0.027371756267833953,0.0,0.7666666666666666,0.7588311863189551,0.8660254037844387,-0.4999999999999998,0.10116832198743272,-0.994869323391895,-0.9749279121818236,-0.2225209339563146
-0.049890388137844854,-0.049890388137844854,-0.049890388137844854,-0.049890388137844854,-0.5447271754416722,0.7666666666666666,0.7590107275910051,0.8660254037844387,-0.4999999999999998,-0.6513724827222217,-0.7587581226927913,0.9749279121818236,-0.22252093395631434
0.0,0.0,0.0,0.0,-4.060443010546419,0.7666666666666666,0.7590556129090175,0.8660254037844387,-0.4999999999999998,-0.7907757369376986,-0.6121059825476627,0.43388373911755823,-0.900968867902419
-0.017199015745156497,0.005705823993119619,0.005705823993119619,-0.017199015745156497,7.368970402194793,0.7666666666666666,0.75910049822703,0.8660254037844387,-0.4999999999999998,-0.8978045395707417,-0.44039415155763423,-0.433883739117558,-0.9009688679024191
0.05073428382166911,0.02782944408339305,0.02782944408339305,0.05073428382166911,-3.456947396766647,0.7666666666666666,0.7591453835450425,0.8660254037844387,-0.4999999999999998,-0.9680771188662041,-0.2506525322587213,-0.9749279121818236,-0.2225209339563146
0.03778951274541747,0.03778951274541747,0.03778951274541747,0.03778951274541747,-3.912023005428146,0.7666666666666666,0.7592800394990799,0.8660254037844387,-0.4999999999999998,-0.9377521321470804,0.3473052528448203,0.7818314824680298,0.6234898018587336
-0.07132478082193017,-0.03778951274541753,-0.07132478082193017,-0.03778951274541753,3.9318256327243257,0.7666666666666666,0.7593249248170924,0.8660254037844387,-0.4999999999999998,-0.8486442574947509,0.5289640103269624,0.9749279121818236,-0.22252093395631434
0.033535268076512796,0.0,0.033535268076512796,0.0,-6.234410725718371,0.7666666666666666,0.7593698101351049,0.8660254037844387,-0.4999999999999998,-0.7247927872291207,0.6889669190756859,0.43388373911755823,-0.900968867902419
0.0,0.0,0.0,0.0,0.0,0.7666666666666666,0.7594146954531173,0.8660254037844387,-0.4999999999999998,-0.5712682150947924,0.8207634412072763,-0.433883739117558,-0.9009688679024191
0.0,0.0,0.0,0.0,0.0,0.7666666666666666,0.7594595807711298,0.8660254037844387,-0.4999999999999998,-0.3943558551133187,0.9189578116202306,-0.9749279121818236,-0.2225209339563146
-0.011016636206501902,-0.011016636206501902,-0.011016636206501902,-0.011016636206501902,6.84587987526405,0.7666666666666666,0.7596840073611922,0.5000000000000003,-0.8660254037844385,0.72479278722912,0.6889669190756866,0.43388373911755823,-0.900968867902419
0.0,0.0,0.0,0.0,-0.6312717768418579,0.7666666666666666,0.7597288926792047,0.5000000000000003,-0.8660254037844385,0.8486442574947509,0.5289640103269624,-0.433883739117558,-0.9009688679024191
0.027371756267833953,0.03280065125194842,0.03280065125194842,0.027371756267833953,3.4151002868311466,0.7666666666666666,0.7597737779972171,0.5000000000000003,-0.8660254037844385,0.9377521321470804,0.3473052528448203,-0.9749279121818236,-0.2225209339563146
-0.0670894038830013,-0.010777960737548905,-0.07251829886711562,-0.06128488329034182,-2.3783634018811246,0.7666666666666666,0.7599084339512546,0.5000000000000003,-0.8660254037844385,0.9680771188662043,-0.2506525322587204,0.7818314824680298,0.6234898018587336
0.005804520592659342,-0.055935817536907316,0.005804520592659342,0.0,-7.251344983372214,0.7666666666666666,0.7599533192692671,0.5000000000000003,-0.8660254037844385,0.8978045395707416,-0.4403941515576344,0.9749279121818236,-0.22252093395631434
0.005771022480321875,0.005771022480321875,0.005771022480321875,0.005771022480321875,2.995732273553991,0.7666666666666666,0.7599982045872795,0.5000000000000003,-0.8660254037844385,0.7907757369376989,-0.6121059825476626,0.43388373911755823,-0.900968867902419
0.0,0.0,0.0,0.0,-2.995732273553991,0.7666666666666666,0.760043089905292,0.5000000000000003,-0.8660254037844385,0.6513724827222223,-0.758758122692791,-0.433883739117558,-0.9009688679024191
-0.017296850056590457,-0.01157554307298121,-0.01157554307298121,-0.017296850056590457,7.696212639346407,0.7666666666666666,0.7600879752233045,0.5000000000000003,-0.8660254037844385,0.48530196253108104,-0.8743466161445821,-0.9749279121818236,-0.2225209339563146
-0.041602939503326525,-0.04732424648693577,-0.04732424648693577,-0.041602939503326525,-0.6931471805599453,0.7666666666666666,0.7602226311773419,0.5000000000000003,-0.8660254037844385,-0.10116832198743204,-0.9948693233918952,0.7818314824680298,0.6234898018587336
0.029824240310713776,0.06452326223209216,0.029824240310713776,0.06452326223209216,-1.0628942060660305,0.7666666666666666,0.7602675164953544,0.5000000000000003,-0.8660254037844385,-0.29936312297335776,-0.9541392564000489,0.9749279121818236,-0.22252093395631434
0.10068133891975818,0.06598231699837971,0.10068133891975818,0.06598231699837971,-0.5930637220029626,0.7666666666666666,0.7603124018133669,0.5000000000000003,-0.8660254037844385,-0.4853019625310808,-0.8743466161445822,0.43388373911755823,-0.900968867902419
-0.04346368512836897,0.01055053214009234,-0.04346368512836897,0.01055053214009234,2.887722749724588,0.7666666666666666,0.7603572871313794,0.5000000000000003,-0.8660254037844385,-0.6513724827222217,-0.7587581226927913,-0.433883739117558,-0.9009688679024191
0.0,-0.026642461000627223,0.0,-0.026642461000627223,1.193842085851114,0.7666666666666666,0.7604021724493919,0.5000000000000003,-0.8660254037844385,-0.7907757369376986,-0.6121059825476627,-0.9749279121818236,-0.2225209339563146
0.05401421726846124,0.026642461000627237,0.05401421726846124,0.026642461000627237,-7.126087273299125,0.7666666666666666,0.7605368284034293,0.5000000000000003,-0.8660254037844385,-0.9987165071710528,-0.05064916883871355,0.7818314824680298,0.6234898018587336
0.0,0.0,0.0,0.0,-2.3025850929940455,0.7666666666666666,0.7605817137214418,0.5000000000000003,-0.8660254037844385,-0.9884683243281114,0.15142777750457667,0.9749279121818236,-0.22252093395631434
-0.07082702514535234,0.051346298389365046,0.051346298389365046,-0.07082702514535234,7.31986492980897,0.7666666666666666,0.7606265990394543,0.5000000000000003,-0.8660254037844385,-0.9377521321470804,0.3473052528448203,0.43388373911755823,-0.900968867902419
-0.04040484591449803,-0.05655436670590694,-0.05655436670590694,-0.04040484591449803,-1.9262373834566084,0.7666666666666666,0.7606714843574667,0.5000000000000003,-0.8660254037844385,-0.8486442574947509,0.5289640103269624,-0.433883739117558,-0.9009688679024191
-0.04818016068593387,-0.10602380274330862,-0.10602380274330862,-0.04818016068593387,1.5141277326297755,0.7666666666666666,0.7607163696754792,0.5000000000000003,-0.8660254037844385,-0.7247927872291207,0.6889669190756859,-0.9749279121818236,-0.2225209339563146
0.006444439207666624,0.013650482612293425,0.013650482612293425,0.061830643298227246,-0.843970070294529,0.7666666666666666,0.7608510256295167,0.5000000000000003,-0.8660254037844385,-0.20129852008866114,0.9795299412524943,0.7818314824680298,0.6234898018587336
0.11911356182193009,0.06372735773136919,0.06372735773136919,0.06372735773136919,-2.662587827025453,0.7666666666666666,0.7608959109475291,0.5000000000000003,-0.8660254037844385,-2.4492935982947064e-16,1.0,0.9749279121818236,-0.22252093395631434
-0.06970592310370338,0.011231784832985307,0.005686182625278703,0.011231784832985307,3.3440389678222067,0.7666666666666666,0.7609407962655416,1.2246467991473532e-16,-1.0,0.20129852008866006,0.9795299412524945,0.43388373911755823,-0.900968867902419
0.08645272597026382,0.06455885274610716,0.011060620241281726,0.06455885274610716,-1.264597426142371,0.7666666666666666,0.7609856815835541,1.2246467991473532e-16,-1.0,0.39435585511331855,0.9189578116202306,-0.433883739117558,-0.9009688679024191
0.05904383471253195,0.0,0.05904383471253195,0.0,-5.480638923341991,0.7666666666666666,0.7610305669015666,1.2246467991473532e-16,-1.0,0.5712682150947923,0.8207634412072763,-0.9749279121818236,-0.2225209339563146
0.0,0.0,0.0,0.0,0.0,0.7666666666666666,0.761165222855604,1.2246467991473532e-16,-1.0,0.9377521321470804,0.3473052528448203,0.7818314824680298,0.6234898018587336
0.0,0.0,0.0,0.0,0.0,0.7666666666666666,0.7612101081736165,1.2246467991473532e-16,-1.0,0.9884683243281114,0.1514277775045767,0.9749279121818236,-0.22252093395631434
0.0,0.0,0.0,0.0,0.0,0.7666666666666666,0.761254993491629,1.2246467991473532e-16,-1.0,0.9987165071710528,-0.05064916883871264,0.43388373911755823,-0.900968867902419
0.0,0.0,0.0,0.0,0.0,0.7666666666666666,0.7612998788096415,1.2246467991473532e-16,-1.0,0.9680771188662043,-0.2506525322587204,-0.433883739117558,-0.9009688679024191
-0.07010445495381379,-0.07010445495381379,-0.07010445495381379,-0.07010445495381379,6.234410725718371,0.7666666666666666,0.7613447641276538,1.2246467991473532e-16,-1.0,0.8978045395707416,-0.4403941515576344,-0.9749279121818236,-0.2225209339563146
-0.06941354035664793,-0.06347050590946975,-0.06941354035664793,-0.06941354035664793,0.9202046311952914,0.7666666666666666,0.7614794200816913,1.2246467991473532e-16,-1.0,0.48530196253108104,-0.8743466161445821,0.7818314824680298,0.6234898018587336
0.06372735773136919,0.057784323284191086,0.06372735773136919,0.06372735773136919,-4.852030263919617,0.7666666666666666,0.7615243053997038,1.2246467991473532e-16,-1.0,0.29936312297335804,-0.9541392564000488,0.9749279121818236,-0.22252093395631434
0.011231784832985307,0.054730739614936845,0.011231784832985307,0.054730739614936845,3.4965075614664802,0.7666666666666666,0.7615691907177163,1.2246467991473532e-16,-1.0,0.10116832198743272,-0.994869323391895,0.43388373911755823,-0.900968867902419
-0.0055456022077066455,-0.049044556989658074,-0.0055456022077066455,-0.049044556989658074,-0.5007752879124893,0.7666666666666666,0.7616140760357287,1.2246467991473532e-16,-1.0,-0.10116832198743204,-0.9948693233918952,-0.433883739117558,-0.9009688679024191
-0.06347050590946975,0.0,0.0,-0.06347050590946975,1.6956156086751528,0.7666666666666666,0.7616589613537412,1.2246467991473532e-16,-1.0,-0.29936312297335776,-0.9541392564000489,-0.9749279121818236,-0.2225209339563146
-0.04880759199644379,0.0,-0.1060755848621484,-0.03632031086478514,-0.501693140202718,0.7666666666666666,0.7617936173077787,1.2246467991473532e-16,-1.0,-0.7907757369376986,-0.6121059825476627,0.7818314824680298,0.6234898018587336
0.07234619526920312,-0.03416102382054619,0.07191456104160215,0.05985891413754449,0.685542581174726,0.7666666666666666,0.7618385026257911,1.2246467991473532e-16,-1.0,-0.8978045395707417,-0.44039415155763423,0.9749279121818236,-0.22252093395631434
0.0,-0.005770878816164265,-0.005770878816164265,0.0,-7.177782416195197,0.7666666666666666,0.7618833879438036,1.2246467991473532e-16,-1.0,-0.9680771188662041,-0.2506525322587213,0.43388373911755823,-0.900968867902419
0.03424572001143185,0.045477504844417156,0.045477504844417156,0.03424572001143185,4.700480365792417,0.7666666666666666,0.7619282732618161,1.2246467991473532e-16,-1.0,-0.9987165071710528,-0.05064916883871355,-0.433883739117558,-0.9009688679024191
-0.06970592310370338,0.054032977626748836,-0.011231784832985337,-0.06970592310370338,3.8520799694611125,0.7666666666666666,0.7619731585798286,1.2246467991473532e-16,-1.0,-0.9884683243281114,0.15142777750457667,-0.9749279121818236,-0.2225209339563146
-0.03688599217693148,-0.07087317876597996,-0.1065919152806349,0.06409750679745752,-3.541925041157273,0.7666666666666666,0.762107814533866,1.2246467991473532e-16,-1.0,-0.7247927872291207,0.6889669190756859,0.7818314824680298,0.6234898018587336
0.10098349897438888,0.0,0.10098349897438888,0.0,-5.0106352940962555,0.7666666666666666,0.7621526998518785,1.2246467991473532e-16,-1.0,-0.5712682150947924,0.8207634412072763,0.9749279121818236,-0.22252093395631434
-0.011312086912034806,0.06562003798411159,0.06562003798411159,-0.011312086912034806,8.009695357742922,0.7666666666666666,0.762197585169891,1.2246467991473532e-16,-1.0,-0.3943558551133187,0.9189578116202306,0.43388373911755823,-0.900968867902419
-0.058918237786457106,-0.07693212489614626,-0.1358503626826034,0.0,-1.9694406464655074,0.7666666666666666,0.7622424704879035,1.2246467991473532e-16,-1.0,-0.20129852008866114,0.9795299412524943,-0.433883739117558,-0.9009688679024191
0.0,0.06634232493548861,0.006132817901034576,-0.058918237786457106,0.5389965007326869,0.7666666666666666,0.7622873558059159,-0.4999999999999997,-0.8660254037844388,0.20129852008866006,0.9795299412524945,-0.9749279121818236,-0.2225209339563146
0.0,-0.12526056272194566,-0.006132817901034477,0.0,-6.579251212010101,0.7666666666666666,0.7624220117599534,-0.4999999999999997,-0.8660254037844388,0.72479278722912,0.6889669190756866,0.7818314824680298,0.6234898018587336
0.05891823778645722,0.06459027657097904,0.05891823778645722,0.06459027657097904,8.62155320674048,0.7666666666666666,0.7624668970779659,-0.4999999999999997,-0.8660254037844388,0.8486442574947509,0.5289640103269624,0.9749279121818236,-0.22252093395631434
0.02815228805126601,0.049861639027626886,0.055533677812148706,0.02248024926674419,0.8230684609603681,0.7666666666666666,0.7625117823959783,-0.4999999999999997,-0.8660254037844388,0.9377521321470804,0.3473052528448203,0.43388373911755823,-0.900968867902419
0.0,0.037177462985224244,0.037177462985224244,0.06455885274610716,-0.5613974374218536,0.7666666666666666,0.7625566677139908,-0.4999999999999997,-0.8660254037844388,0.9884683243281114,0.1514277775045767,-0.433883739117558,-0.9009688679024191
0.059258667063525804,0.05565501961670614,0.05565501961670614,-0.005300185682581393,2.3947381065716815,0.7666666666666666,0.7626015530320033,-0.4999999999999997,-0.8660254037844388,0.9987165071710528,-0.05064916883871264,-0.9749279121818236,-0.2225209339563146
-0.015759712281574374,-0.0402212134868648,-0.06618089473606437,0.005300185682581357,-2.902332709756226,0.7666666666666666,0.7627362089860407,-0.4999999999999997,-0.8660254037844388,0.7907757369376989,-0.6121059825476626,0.7818314824680298,0.6234898018587336
0.005280882062928739,0.010257521596260364,0.010525875119358276,0.015433806129841167,1.3146647049806357,0.7666666666666666,0.7627810943040532,-0.4999999999999997,-0.8660254037844388,0.6513724827222223,-0.758758122692791,0.9749279121818236,-0.22252093395631434
0.005253140781868493,-0.030991513408682857,-0.005300185682581393,-0.020733991812422636,-0.5797742953811146,0.7666666666666666,0.7628259796220657,-0.4999999999999997,-0.8660254037844388,0.48530196253108104,-0.8743466161445821,0.43388373911755823,-0.900968867902419
0.06521889369987348,0.06642100976841216,0.06642100976841216,0.05999320426309639,-2.782583252964777,0.7666666666666666,0.7628708649400782,-0.4999999999999997,-0.8660254037844388,0.29936312297335804,-0.9541392564000488,-0.433883739117558,-0.9009688679024191
-0.01933882726457952,-0.025766632769895107,-0.025766632769895107,-0.01933882726457952,-0.9808292530117262,0.7666666666666666,0.7629157502580907,-0.4999999999999997,-0.8660254037844388,0.10116832198743272,-0.994869323391895,-0.9749279121818236,-0.2225209339563146
-0.05371839039520639,-0.03322166956337052,-0.03322166956337052,-0.05371839039520639,2.9837560825072753,0.7666666666666666,0.763050406212128,-0.4999999999999997,-0.8660254037844388,-0.4853019625310808,-0.8743466161445822,0.7818314824680298,0.6234898018587336
0.020496720831835957,0.013401379467695512,0.013401379467695512,0.020496720831835957,-4.418840607796598,0.7666666666666666,0.7630952915301406,-0.4999999999999997,-0.8660254037844388,-0.6513724827222217,-0.7587581226927913,0.9749279121818236,-0.22252093395631434
0.0,-0.013401379467695537,-0.013401379467695537,0.0,-0.916290731874155,0.7666666666666666,0.763140176848153,-0.4999999999999997,-0.8660254037844388,-0.7907757369376986,-0.6121059825476627,0.43388373911755823,-0.900968867902419
-0.04853152446070954,0.04618797357318131,-0.04853152446070954,0.04618797357318131,4.620058798481842,0.7666666666666666,0.7631850621661656,-0.4999999999999997,-0.8660254037844388,-0.8978045395707417,-0.44039415155763423,-0.433883739117558,-0.9009688679024191
0.028034803628873596,-0.006510882531093504,0.028034803628873596,-0.006510882531093504,-0.5257142362597412,0.7666666666666666,0.7632299474841779,-0.4999999999999997,-0.8660254037844388,-0.9680771188662041,-0.2506525322587213,-0.9749279121818236,-0.2225209339563146
-0.006961428705536052,-0.05336334287139696,-0.006961428705536052,-0.06713524057945978,0.7339691750802005,0.7666666666666666,0.7633646034382154,-0.4999999999999997,-0.8660254037844388,-0.9377521321470804,0.3473052528448203,0.7818314824680298,0.6234898018587336
0.06713524057945991,0.0533633428713971,0.06713524057945991,0.06713524057945991,-3.912023005428146,0.7666666666666666,0.7634094887562279,-0.4999999999999997,-0.8660254037844388,-0.8486442574947509,0.5289640103269624,0.9749279121818236,-0.22252093395631434
-0.060173811873923774,-0.060173811873923774,-0.060173811873923774,-0.060173811873923774,5.0912931971137105,0.7666666666666666,0.7634543740742403,-0.4999999999999997,-0.8660254037844388,-0.7247927872291207,0.6889669190756859,0.43388373911755823,-0.900968867902419
-0.05676868798279498,-0.04229854484227141,-0.04229854484227141,-0.05676868798279498,-2.0856105927065514,0.7666666666666666,0.7634992593922528,-0.4999999999999997,-0.8660254037844388,-0.5712682150947924,0.8207634412072763,-0.433883739117558,-0.9009688679024191
0.06357915698532175,0.0491090138447982,0.0491090138447982,0.06357915698532175,-4.61512051684126,0.7666666666666666,0.7635441447102653,-0.4999999999999997,-0.8660254037844388,-0.3943558551133187,0.9189578116202306,-0.9749279121818236,-0.2225209339563146
-0.0635791569853217,0.04690792139267955,0.04690792139267955,-0.0635791569853217,6.045005314036012,0.7666666666666666,0.7636788006643027,-0.8660254037844385,-0.5000000000000004,0.20129852008866006,0.9795299412524945,0.7818314824680298,0.6234898018587336
-0.04482543138006438,-0.14766276074523627,-0.14766276074523627,-0.04482543138006438,-0.5235443961737654,0.7666666666666666,0.7637236859823152,-0.8660254037844385,-0.5000000000000004,0.39435585511331855,0.9189578116202306,0.9749279121818236,-0.22252093395631434
-0.04680931931570719,-0.038611253779442765,-0.0544590683285365,-0.03891359699449481,-0.16016875215282134,0.7666666666666666,0.7637685713003277,-0.8660254037844385,-0.5000000000000004,0.5712682150947923,0.8207634412072763,0.43388373911755823,-0.900968867902419
0.06193785672822272,0.046090042179128904,0.06193785672822272,0.0540421344070103,-4.66814498514948,0.7666666666666666,0.7638134566183402,-0.8660254037844385,-0.5000000000000004,0.72479278722912,0.6889669190756866,-0.433883739117558,-0.9009688679024191
0.05137796002887287,0.05137796002887287,0.05137796002887287,0.05137796002887287,-0.6931471805599453,0.7666666666666666,0.7638583419363527,-0.8660254037844385,-0.5000000000000004,0.8486442574947509,0.5289640103269624,-0.9749279121818236,-0.2225209339563146
-0.051377960028872745,-0.051377960028872745,-0.051377960028872745,-0.051377960028872745,2.4849066497880004,0.7666666666666666,0.7639929978903901,-0.8660254037844385,-0.5000000000000004,0.9987165071710528,-0.05064916883871264,0.7818314824680298,0.6234898018587336
0.0,0.0,0.0,0.0,-4.787491742782046,0.7666666666666666,0.7640378832084026,-0.8660254037844385,-0.5000000000000004,0.9680771188662043,-0.2506525322587204,0.9749279121818236,-0.22252093395631434
0.0,0.04416703710807241,0.04416703710807241,0.03701253504544805,6.927557906278317,0.7666666666666666,0.7640827685264151,-0.8660254037844385,-0.5000000000000004,0.8978045395707416,-0.4403941515576344,0.43388373911755823,-0.900968867902419
-0.022721763035342245,0.042298544842271316,0.042298544842271316,-0.059734298080790366,-1.8523840910444898,0.7666666666666666,0.7641276538444275,-0.8660254037844385,-0.5000000000000004,0.7907757369376989,-0.6121059825476626,-0.433883739117558,-0.9009688679024191
-0.06353044490012913,-0.14840343867856648,-0.14840343867856648,-0.06353044490012913,3.624340932976365,0.7666666666666666,0.76417253916244,-0.8660254037844385,-0.5000000000000004,0.6513724827222223,-0.758758122692791,-0.9749279121818236,-0.2225209339563146
0.06353044490012925,0.03921609369288036,0.03921609369288036,0.06353044490012925,-6.396929655216146,0.7666666666666666,0.7643071951164775,-0.8660254037844385,-0.5000000000000004,0.10116832198743272,-0.994869323391895,0.7818314824680298,0.6234898018587336
0.059734298080790386,0.059734298080790386,0.059734298080790386,0.059734298080790386,0.0,0.7666666666666666,0.7643520804344899,-0.8660254037844385,-0.5000000000000004,-0.10116832198743204,-0.9948693233918952,0.9749279121818236,-0.22252093395631434
-0.06750200277994568,-0.02199824739511926,-0.02199824739511926,-0.06750200277994568,3.4011973816621555,0.7666666666666666,0.7643969657525024,-0.8660254037844385,-0.5000000000000004,-0.29936312297335776,-0.9541392564000489,0.43388373911755823,-0.900968867902419
-0.07226537912262691,-0.07695214437855155,-0.07695214437855155,-0.07226537912262691,1.213923135179104,0.7666666666666666,0.7644418510705149,-0.8660254037844385,-0.5000000000000004,-0.4853019625310808,-0.8743466161445822,-0.433883739117558,-0.9009688679024191
0.0,0.02361987439679686,-0.04081699012890171,0.06443686452569856,0.6931471805599453,0.7666666666666666,0.7644867363885274,-0.8660254037844385,-0.5000000000000004,-0.6513724827222217,-0.7587581226927913,-0.9749279121818236,-0.2225209339563146
0.02459190965327004,0.038317982331425963,0.02459190965327004,0.038317982331425963,-3.9219733362813143,0.7666666666666666,0.7646213923425648,-0.8660254037844385,-0.5000000000000004,-0.9680771188662041,-0.2506525322587213,0.7818314824680298,0.6234898018587336
0.008145446531427984,-0.046090042179128966,0.008145446531427984,-0.07001749067242652,4.627420794922911,0.7666666666666666,0.7646662776605773,-0.8660254037844385,-0.5000000000000004,-0.9987165071710528,-0.05064916883871355,0.9749279121818236,-0.22252093395631434
0.0,0.02336827914378669,0.0,0.047295727637084124,-1.378986167813166,0.7666666666666666,0.7647111629785898,-0.8660254037844385,-0.5000000000000004,-0.9884683243281114,0.15142777750457667,0.43388373911755823,-0.900968867902419
0.047295727637084124,0.0,0.047295727637084124,0.0,-6.937314081223682,0.7666666666666666,0.7647560482966023,-0.8660254037844385,-0.5000000000000004,-0.9377521321470804,0.3473052528448203,-0.433883739117558,-0.9009688679024191
-0.07180976312328988,0.059734298080790386,-0.047295727637084194,-0.07180976312328988,7.620705086838262,0.7666666666666666,0.7648009336146148,-0.8660254037844385,-0.5000000000000004,-0.8486442574947509,0.5289640103269624,-0.9749279121818236,-0.2225209339563146
0.06404205842413452,-0.06750200277994568,0.03952802293792888,0.06404205842413452,-5.318119993844216,0.7666666666666666,0.7649355895686522,-0.8660254037844385,-0.5000000000000004,-0.3943558551133187,0.9189578116202306,0.7818314824680298,0.6234898018587336
-0.07226537912262691,-0.05576274020097383,-0.07226537912262691,-0.05576274020097383,4.90527477843843,0.7666666666666666,0.7649804748866647,-0.8660254037844385,-0.5000000000000004,-0.20129852008866114,0.9795299412524943,0.9749279121818236,-0.22252093395631434
0.016502638921653087,0.04793422560404552,0.016502638921653087,0.0,0.550046336919272,0.7666666666666666,0.7650253602046772,-0.8660254037844385,-0.5000000000000004,-2.4492935982947064e-16,1.0,0.43388373911755823,-0.900968867902419
-0.059056813813035035,-0.047934225604045436,0.0,-0.008279318223160774,0.6802437757240375,0.7666666666666666,0.7650702455226895,-1.0,-1.8369701987210297e-16,0.20129852008866006,0.9795299412524945,-0.433883739117558,-0.9009688679024191
0.05077749558987426,-0.008279318223160774,-0.008279318223160774,0.0,-1.3233805357093213,0.7666666666666666,0.7652497867947395,-1.0,-1.8369701987210297e-16,0.8486442574947509,0.5289640103269624,0.7818314824680298,0.6234898018587336
0.0,0.0,0.0,0.0,-2.7327428136925813,0.7666666666666666,0.7652946721127519,-1.0,-1.8369701987210297e-16,0.9377521321470804,0.3473052528448203,0.9749279121818236,-0.22252093395631434
-0.00822332069849233,-0.00822332069849233,-0.00822332069849233,-0.00822332069849233,0.22314355131420976,0.7666666666666666,0.7653395574307644,-1.0,-1.8369701987210297e-16,0.9884683243281114,0.1514277775045767,0.43388373911755823,-0.900968867902419
0.0,0.0,0.0,0.0,-2.3025850929940455,0.7666666666666666,0.7653844427487769,-1.0,-1.8369701987210297e-16,0.9987165071710528,-0.05064916883871264,-0.433883739117558,-0.9009688679024191
-0.025340263782458152,0.0,-0.025340263782458152,0.0,3.9318256327243257,0.7666666666666666,0.7654293280667894,-1.0,-1.8369701987210297e-16,0.9680771188662043,-0.2506525322587204,-0.9749279121818236,-0.2225209339563146
0.008433477022614011,0.0,0.025340263782458013,-0.01690678675984417,-1.2237754316221157,0.7666666666666666,0.7655639840208268,-1.0,-1.8369701987210297e-16,0.6513724827222223,-0.758758122692791,0.7818314824680298,0.6234898018587336
0.0,-0.01690678675984417,-0.01690678675984417,0.0,-5.0106352940962555,0.7666666666666666,0.7656088693388393,-1.0,-1.8369701987210297e-16,0.48530196253108104,-0.8743466161445821,0.9749279121818236,-0.22252093395631434
0.0,0.0,0.0,0.0,0.0,0.7666666666666666,0.7656537546568518,-1.0,-1.8369701987210297e-16,0.29936312297335804,-0.9541392564000488,0.43388373911755823,-0.900968867902419
0.0,0.0,0.0,0.0,7.600902459542082,0.7666666666666666,0.7656986399748643,-1.0,-1.8369701987210297e-16,0.10116832198743272,-0.994869323391895,-0.433883739117558,-0.9009688679024191
0.0,0.0,0.0,0.0,-7.600902459542082,0.7666666666666666,0.7657435252928767,-1.0,-1.8369701987210297e-16,-0.10116832198743204,-0.9948693233918952,-0.9749279121818236,-0.2225209339563146
-0.070093216706211,0.04149869641311405,-0.070093216706211,0.04149869641311405,3.4011973816621555,0.7666666666666666,0.7658781812469142,-1.0,-1.8369701987210297e-16,-0.6513724827222217,-0.7587581226927913,0.7818314824680298,0.6234898018587336
0.17462631291066413,0.06303439979133889,0.17462631291066413,0.06303439979133889,5.585999438999818,0.7666666666666666,0.7659230665649267,-1.0,-1.8369701987210297e-16,-0.7907757369376986,-0.6121059825476627,0.9749279121818236,-0.22252093395631434
-0.06303439979133885,-0.06303439979133885,-0.06303439979133885,-0.06303439979133885,-6.684611727667927,0.7666666666666666,0.7659679518829391,-1.0,-1.8369701987210297e-16,-0.8978045395707417,-0.44039415155763423,0.43388373911755823,-0.900968867902419
-0.07159460686177997,0.0,-0.07159460686177997,0.0,3.9318256327243257,0.7666666666666666,0.7660128372009516,-1.0,-1.8369701987210297e-16,-0.9680771188662041,-0.2506525322587213,-0.433883739117558,-0.9009688679024191
0.07159460686177997,0.0,0.07159460686177997,0.0,-6.234410725718371,0.7666666666666666,0.7660577225189641,-1.0,-1.8369701987210297e-16,-0.9987165071710528,-0.05064916883871355,-0.9749279121818236,-0.2225209339563146
0.0,0.0,0.0,0.0,0.0,0.7666666666666666,0.7661923784730015,-1.0,-1.8369701987210297e-16,-0.8486442574947509,0.5289640103269624,0.7818314824680298,0.6234898018587336
0.0,0.0,0.0,0.0,0.0,0.7666666666666666,0.766237263791014,-1.0,-1.8369701987210297e-16,-0.7247927872291207,0.6889669190756859,0.9749279121818236,-0.22252093395631434
0.0,0.0,0.0,0.0,0.0,0.7666666666666666,0.7662821491090265,-1.0,-1.8369701987210297e-16,-0.5712682150947924,0.8207634412072763,0.43388373911755823,-0.900968867902419
-0.04993217343572809,0.0,0.0,-0.04149869641311409,7.473069088032197,0.7666666666666666,0.766327034427039,-1.0,-1.8369701987210297e-16,-0.3943558551133187,0.9189578116202306,-0.433883739117558,-0.9009688679024191
0.0,0.02412080279684408,-0.04993217343572809,0.06561949920995808,1.2909841813155658,0.7666666666666666,0.7663719197450515,-1.0,-1.8369701987210297e-16,-0.20129852008866114,0.9795299412524943,-0.9749279121818236,-0.2225209339563146
0.008433477022614011,-0.06561949920995817,0.008433477022614011,-0.06561949920995817,-1.2091947483070875,0.7666666666666666,0.7665065756990889,-0.866025403784439,0.49999999999999933,0.5712682150947923,0.8207634412072763,0.7818314824680298,0.6234898018587336
0.0,0.004316918842227483,0.0,0.0,0.11836460008103285,0.7666666666666666,0.7665514610171014,-0.866025403784439,0.49999999999999933,0.72479278722912,0.6889669190756866,0.9749279121818236,-0.22252093395631434
0.0,0.012589867917616562,0.0,0.01690678675984418,-0.6978091936657566,0.7666666666666666,0.7665963463351139,-0.866025403784439,0.49999999999999933,0.8486442574947509,0.5289640103269624,0.43388373911755823,-0.900968867902419
0.008489122884205317,0.06443686452569856,0.08134365128554252,-0.008417663875638692,-0.6654956492294354,0.7666666666666666,0.7666412316531264,-0.866025403784439,0.49999999999999933,0.9377521321470804,0.3473052528448203,-0.433883739117558,-0.9009688679024191
0.04923465400454039,-0.015724152075584457,-0.023619874396796768,0.05713037632575277,-0.7114963192281418,0.7666666666666666,0.7666861169711388,-0.866025403784439,0.49999999999999933,0.9884683243281114,0.1514277775045767,-0.9749279121818236,-0.2225209339563146
0.007895722321212321,0.0,0.007895722321212321,0.0,-0.587786664902119,0.7666666666666666,0.7668207729251763,-0.866025403784439,0.49999999999999933,0.8978045395707416,-0.4403941515576344,0.7818314824680298,0.6234898018587336
-0.06130258036773071,-0.06130258036773071,-0.06130258036773071,-0.06130258036773071,-0.7621400520468967,0.7666666666666666,0.7668656582431888,-0.866025403784439,0.49999999999999933,0.7907757369376989,-0.6121059825476626,0.9749279121818236,-0.22252093395631434
0.053406858046518374,0.053406858046518374,0.053406858046518374,0.053406858046518374,0.4519851237430572,0.7666666666666666,0.7669105435612011,-0.866025403784439,0.49999999999999933,0.6513724827222223,-0.758758122692791,0.43388373911755823,-0.900968867902419
0.0,0.0,0.0,0.0,-4.700480365792417,0.7666666666666666,0.7669554288792136,-0.866025403784439,0.49999999999999933,0.48530196253108104,-0.8743466161445821,-0.433883739117558,-0.9009688679024191
-0.020261536326120582,-0.008079633944203767,-0.020261536326120582,-0.008079633944203767,7.600902459542082,0.7666666666666666,0.7670003141972261,-0.866025403784439,0.49999999999999933,0.29936312297335804,-0.9541392564000488,-0.9749279121818236,-0.2225209339563146
0.02026153632612062,0.008079633944203699,0.02026153632612062,0.008079633944203699,-2.995732273553991,0.7666666666666666,0.7671349701512635,-0.866025403784439,0.49999999999999933,-0.29936312297335776,-0.9541392564000489,0.7818314824680298,0.6234898018587336
-0.06615725391135983,0.02361987439679686,-0.06615725391135983,0.02361987439679686,0.6931471805599453,0.7666666666666666,0.767179855469276,-0.866025403784439,0.49999999999999933,-0.4853019625310808,-0.8743466161445822,0.9749279121818236,-0.22252093395631434
0.08977712830815658,0.0,0.08977712830815658,0.0,-5.298317366548036,0.7666666666666666,0.7672247407872885,-0.866025403784439,0.49999999999999933,-0.6513724827222217,-0.7587581226927913,0.43388373911755823,-0.900968867902419
0.0,0.0,0.0,0.0,0.0,0.7666666666666666,0.767269626105301,-0.866025403784439,0.49999999999999933,-0.7907757369376986,-0.6121059825476627,-0.433883739117558,-0.9009688679024191
-0.0686996593458682,-0.0686996593458682,-0.0686996593458682,-0.0686996593458682,5.298317366548036,0.7666666666666666,0.7673145114233135,-0.866025403784439,0.49999999999999933,-0.8978045395707417,-0.44039415155763423,-0.9749279121818236,-0.2225209339563146
0.0,0.0,0.0,0.0,-5.298317366548036,0.7666666666666666,0.7674491673773509,-0.866025403784439,0.49999999999999933,-0.9884683243281114,0.15142777750457667,0.7818314824680298,0.6234898018587336
-0.021077468962288386,-0.012643991939674469,-0.012643991939674469,-0.021077468962288386,4.0943445622221,0.7666666666666666,0.7674940526953634,-0.866025403784439,0.49999999999999933,-0.9377521321470804,0.3473052528448203,0.9749279121818236,-0.22252093395631434
0.0,-0.008433477022613973,-0.008433477022613973,0.0,-4.0943445622221,0.7666666666666666,0.7675389380133759,-0.866025403784439,0.49999999999999933,-0.8486442574947509,0.5289640103269624,0.43388373911755823,-0.900968867902419
0.0,0.0,0.0,0.0,0.0,0.7666666666666666,0.7675838233313883,-0.866025403784439,0.49999999999999933,-0.7247927872291207,0.6889669190756859,-0.433883739117558,-0.9009688679024191
0.05807761996715612,0.05807761996715612,0.05807761996715612,0.05807761996715612,4.605170185988092,0.7666666666666666,0.7676287086494008,-0.866025403784439,0.49999999999999933,-0.5712682150947924,0.8207634412072763,-0.9749279121818236,-0.2225209339563146
-0.05807761996715603,0.06628508799078062,-0.05807761996715603,0.06628508799078062,2.2407096892759584,0.7666666666666666,0.7677633646034383,-0.866025403784439,0.49999999999999933,-2.4492935982947064e-16,1.0,0.7818314824680298,0.6234898018587336
0.12436270795793654,0.0,0.12436270795793654,0.0,-6.84587987526405,0.7666666666666666,0.7678082499214507,-0.5000000000000012,0.8660254037844379,0.20129852008866006,0.9795299412524945,0.9749279121818236,-0.22252093395631434
0.0,0.0,0.0,0.0,0.0,0.7666666666666666,0.7678531352394632,-0.5000000000000012,0.8660254037844379,0.39435585511331855,0.9189578116202306,0.43388373911755823,-0.900968867902419
-0.018989360353696326,-0.018989360353696326,-0.018989360353696326,-0.018989360353696326,5.298317366548036,0.7666666666666666,0.7678980205574757,-0.5000000000000012,0.8660254037844379,0.5712682150947923,0.8207634412072763,-0.433883739117558,-0.9009688679024191
0.0,0.0,0.0,0.0,-5.298317366548036,0.7666666666666666,0.7679429058754882,-0.5000000000000012,0.8660254037844379,0.72479278722912,0.6889669190756866,-0.9749279121818236,-0.2225209339563146
-0.06353044490012913,0.059734298080790386,0.059734298080790386,0.030257085200038593,5.393627546352362,0.7666666666666666,0.7680775618295256,-0.5000000000000012,0.8660254037844379,0.9884683243281114,0.1514277775045767,0.7818314824680298,0.6234898018587336
0.09378753010016783,-0.029477212880751776,-0.029477212880751776,0.0,-2.3978952727983707,0.7666666666666666,0.7681224471475381,-0.5000000000000012,0.8660254037844379,0.9987165071710528,-0.05064916883871264,0.9749279121818236,-0.22252093395631434
-0.06947317889291908,0.02216157180285235,-0.06947317889291908,0.02216157180285235,1.791759469228055,0.7666666666666666,0.7681673324655506,-0.5000000000000012,0.8660254037844379,0.9680771188662043,-0.2506525322587204,0.43388373911755823,-0.900968867902419
0.02361987439679686,0.049807259277258806,0.09163475069577141,0.018028290190620282,2.5776883832389665,0.7666666666666666,0.7682122177835631,-0.5000000000000012,0.8660254037844379,0.8978045395707416,-0.4403941515576344,-0.433883739117558,-0.9009688679024191
0.08604316648959494,-0.03177896908663861,0.018028290190620282,0.0,-7.365180126021013,0.7666666666666666,0.7682571031015756,-0.5000000000000012,0.8660254037844379,0.7907757369376989,-0.6121059825476626,-0.9749279121818236,-0.2225209339563146
-0.06285372157068451,-0.010712649112720884,-0.010712649112720884,-0.032710896507840155,4.499809670330265,0.7666666666666666,0.768391759055613,-0.5000000000000012,0.8660254037844379,0.29936312297335804,-0.9541392564000488,0.7818314824680298,0.6234898018587336
0.030142825062844374,-0.02199824739511926,-0.02199824739511926,0.0,-4.499809670330265,0.7666666666666666,0.7684366443736255,-0.5000000000000012,0.8660254037844379,0.10116832198743272,-0.994869323391895,0.9749279121818236,-0.22252093395631434
-0.06905642205733918,-0.06905642205733918,-0.06905642205733918,-0.06905642205733918,2.302585092994046,0.7666666666666666,0.768481529691638,-0.5000000000000012,0.8660254037844379,-0.10116832198743204,-0.9948693233918952,0.43388373911755823,-0.900968867902419
-0.048712712450114076,0.06157745657170671,-0.03221007352846102,0.06157745657170671,5.111987788356544,0.7666666666666666,0.7685264150096504,-0.5000000000000012,0.8660254037844379,-0.29936312297335776,-0.9541392564000489,-0.433883739117558,-0.9009688679024191
0.11029016902182072,0.03306086226088821,0.12684839236105586,0.0,-2.5470384308950065,0.7666666666666666,0.7685713003276629,-0.5000000000000012,0.8660254037844379,-0.4853019625310808,-0.8743466161445822,-0.9749279121818236,-0.2225209339563146
-0.06947317889291908,-0.09857838720957177,-0.10253404115380722,-0.06551752494868368,1.072636802264849,0.7666666666666666,0.7687059562817004,-0.5000000000000012,0.8660254037844379,-0.8978045395707417,-0.44039415155763423,0.7818314824680298,0.6234898018587336
-0.06615725391135983,0.057982202783987406,0.06193785672822272,-0.07011290785559514,2.7237163178466095,0.7666666666666666,0.7687508415997127,-0.5000000000000012,0.8660254037844379,-0.9680771188662041,-0.2506525322587213,0.9749279121818236,-0.22252093395631434
0.0,-0.06602981092747325,-0.06602981092747325,0.06206529971210923,-0.7445313799064239,0.7666666666666666,0.7687957269177252,-0.5000000000000012,0.8660254037844379,-0.9987165071710528,-0.05064916883871355,0.43388373911755823,-0.900968867902419
0.1206163222398964,0.05855102252778701,0.05855102252778701,0.05855102252778701,-3.8250116284385163,0.7666666666666666,0.7688406122357377,-0.5000000000000012,0.8660254037844379,-0.9884683243281114,0.15142777750457667,-0.433883739117558,-0.9009688679024191
0.0,0.0,0.0,0.0,-4.0943445622221,0.7666666666666666,0.7688854975537502,-0.5000000000000012,0.8660254037844379,-0.9377521321470804,0.3473052528448203,-0.9749279121818236,-0.2225209339563146
-0.015242974635656055,0.05885674842855902,0.05885674842855902,-0.015242974635656055,5.298317366548036,0.7666666666666666,0.7690201535077876,-0.5000000000000012,0.8660254037844379,-0.5712682150947924,0.8207634412072763,0.7818314824680298,0.6234898018587336
0.0506636932970086,-0.023436029767206504,-0.023436029767206504,0.0506636932970086,-2.3025850929940455,0.7666666666666666,0.7690650388258001,-0.5000000000000012,0.8660254037844379,-0.3943558551133187,0.9189578116202306,0.9749279121818236,-0.22252093395631434
-0.007603761358587617,0.06265674292048781,-0.007603761358587617,0.06265674292048781,5.614951260949585,0.7666666666666666,0.7691099241438126,-0.5000000000000012,0.8660254037844379,-0.20129852008866114,0.9795299412524943,0.43388373911755823,-0.900968867902419
0.0,-0.0036155196659890206,0.06664498461308625,-0.06639629853224603,1.1396528385383768,0.7666666666666666,0.7691548094618251,-2.4492935982947064e-16,1.0,0.20129852008866006,0.9795299412524945,-0.433883739117558,-0.9009688679024191
0.030181514064202837,-0.03646347054888355,-0.03646347054888355,0.026317308317373358,-4.151914414043579,0.7666666666666666,0.7691996947798375,-2.4492935982947064e-16,1.0,0.39435585511331855,0.9189578116202306,-0.9749279121818236,-0.2225209339563146
-0.03406070984036853,-0.03406070984036853,-0.03406070984036853,-0.03406070984036853,0.616186139423817,0.7666666666666666,0.769334350733875,-2.4492935982947064e-16,1.0,0.8486442574947509,0.5289640103269624,0.7818314824680298,0.6234898018587336
0.0,0.0,0.0,0.0,-6.214608098422191,0.7666666666666666,0.7693792360518875,-2.4492935982947064e-16,1.0,0.9377521321470804,0.3473052528448203,0.9749279121818236,-0.22252093395631434
0.0,0.0,0.0,0.0,0.0,0.7666666666666666,0.7694241213698999,-2.4492935982947064e-16,1.0,0.9884683243281114,0.1514277775045767,0.43388373911755823,-0.900968867902419
-0.007691916861019787,0.0,-0.007691916861019787,0.0,6.684611727667927,0.7666666666666666,0.7694690066879124,-2.4492935982947064e-16,1.0,0.9987165071710528,-0.05064916883871264,-0.433883739117558,-0.9009688679024191
-0.05580328420455435,-0.00378282605077289,0.003909090810246993,-0.0634952010655742,0.04879016416943204,0.7666666666666666,0.7695138920059249,-2.4492935982947064e-16,1.0,0.9680771188662043,-0.2506525322587204,-0.9749279121818236,-0.2225209339563146
-0.04180362237470587,0.0,-0.10151599738950706,0.02834835500425513,1.8495790401168812,0.7666666666666666,0.7696485479599623,-2.4492935982947064e-16,1.0,0.6513724827222223,-0.758758122692791,0.7818314824680298,0.6234898018587336
0.07015197737896087,-0.03136402001054616,0.07015197737896087,0.0,-8.582980931954241,0.7666666666666666,0.7696934332779748,-2.4492935982947064e-16,1.0,0.48530196253108104,-0.8743466161445821,0.9749279121818236,-0.22252093395631434
-0.07015197737896094,-0.02021679172537599,-0.07015197737896094,-0.028348355004255085,8.15478757276852,0.7666666666666666,0.7697383185959873,-2.4492935982947064e-16,1.0,0.29936312297335804,-0.9541392564000488,0.43388373911755823,-0.900968867902419
0.0,0.051580811735922175,0.10151599738950708,-0.04180362237470587,-2.325841955158313,0.7666666666666666,0.7697832039139998,-2.4492935982947064e-16,1.0,0.10116832198743272,-0.994869323391895,-0.433883739117558,-0.9009688679024191
0.0,-0.039448138410505144,-0.039448138410505144,0.0,-1.041453874828161,0.7666666666666666,0.7698280892320123,-2.4492935982947064e-16,1.0,-0.10116832198743204,-0.9948693233918952,-0.9749279121818236,-0.2225209339563146
0.0,-0.016131267386508243,-0.016131267386508243,0.0,2.8716796248840124,0.7666666666666666,0.7699627451860497,-2.4492935982947064e-16,1.0,-0.6513724827222217,-0.7587581226927913,0.7818314824680298,0.6234898018587336
0.0,-0.029053391449042665,-0.04593659159249374,0.016883200143451117,1.4469189829363254,0.7666666666666666,0.7700076305040622,-2.4492935982947064e-16,1.0,-0.7907757369376986,-0.6121059825476627,0.9749279121818236,-0.22252093395631434
0.016883200143451117,0.0,0.016883200143451117,0.0,-1.6050082263425123,0.7666666666666666,0.7700525158220747,-2.4492935982947064e-16,1.0,-0.8978045395707417,-0.44039415155763423,0.43388373911755823,-0.900968867902419
-0.01688320014345105,-0.01688320014345105,-0.01688320014345105,-0.01688320014345105,0.5052854433903753,0.7666666666666666,0.7700974011400872,-2.4492935982947064e-16,1.0,-0.9680771188662041,-0.2506525322587213,-0.433883739117558,-0.9009688679024191
0.0,0.06206785897900194,0.06206785897900194,0.03777231504179954,-2.0661963149298153,0.7666666666666666,0.7701422864580996,-2.4492935982947064e-16,1.0,-0.9987165071710528,-0.05064916883871355,-0.9749279121818236,-0.2225209339563146
0.0,0.04323096446127809,0.04323096446127809,-0.03777231504179967,2.672332118500131,0.7666666666666666,0.7702769424121371,-2.4492935982947064e-16,1.0,-0.8486442574947509,0.5289640103269624,0.7818314824680298,0.6234898018587336
0.0,-0.03918073616225524,-0.03918073616225524,0.05403475215651737,-1.1741198411762548,0.7666666666666666,0.7703218277301496,-2.4492935982947064e-16,1.0,-0.7247927872291207,0.6889669190756859,0.9749279121818236,-0.22252093395631434
0.0,0.02756438751113031,0.02756438751113031,-0.05403475215651739,-4.037186148382152,0.7666666666666666,0.770366713048162,-2.4492935982947064e-16,1.0,-0.5712682150947924,0.8207634412072763,0.43388373911755823,-0.900968867902419
0.06206785897900194,-0.031614615810153054,-0.031614615810153054,0.06206785897900194,0.28768207245178085,0.7666666666666666,0.7704115983661745,-2.4492935982947064e-16,1.0,-0.3943558551133187,0.9189578116202306,-0.433883739117558,-0.9009688679024191
-0.07061756721395342,0.015989297907072233,-0.07061756721395342,0.015989297907072233,3.2771447329921766,0.7666666666666666,0.770456483684187,-2.4492935982947064e-16,1.0,-0.20129852008866114,0.9795299412524943,-0.9749279121818236,-0.2225209339563146
0.11006570562445843,0.023458840503432873,0.11006570562445843,0.023458840503432873,-3.970291913552122,0.7833333333333333,0.7706360249562368,0.49999999999999994,0.8660254037844387,0.5712682150947923,0.8207634412072763,0.9749279121818236,-0.22252093395631434
0.0,0.0,0.0,0.0,-2.995732273553991,0.7833333333333333,0.7706809102742493,0.49999999999999994,0.8660254037844387,0.72479278722912,0.6889669190756866,0.43388373911755823,-0.900968867902419
0.0,0.0,0.0,0.0,0.0,0.7833333333333333,0.7707257955922618,0.49999999999999994,0.8660254037844387,0.8486442574947509,0.5289640103269624,-0.433883739117558,-0.9009688679024191
-0.07209495970854687,-0.07209495970854687,-0.07209495970854687,-0.07209495970854687,6.946975992135418,0.7833333333333333,0.7707706809102743,0.49999999999999994,0.8660254037844387,0.9377521321470804,0.3473052528448203,-0.9749279121818236,-0.2225209339563146
-0.02942103768096015,-0.02094380772651403,-0.02094380772651403,-0.02942103768096015,1.1050020867668806,0.7833333333333333,0.7709053368643117,0.49999999999999994,0.8660254037844387,0.9680771188662043,-0.2506525322587204,0.7818314824680298,0.6234898018587336
0.06206785897900194,0.05359062902455573,0.05359062902455573,0.06206785897900194,-5.749392985908253,0.7833333333333333,0.7709502221823242,0.49999999999999994,0.8660254037844387,0.8978045395707416,-0.4403941515576344,0.9749279121818236,-0.22252093395631434
-0.06206785897900196,-0.06206785897900196,-0.06206785897900196,-0.06206785897900196,9.856762754029893,0.7833333333333333,0.7709951075003367,0.49999999999999994,0.8660254037844387,0.7907757369376989,-0.6121059825476626,0.43388373911755823,-0.900968867902419
0.058117580808524645,0.058117580808524645,0.058117580808524645,0.058117580808524645,-9.163615573469947,0.7833333333333333,0.7710399928183491,0.49999999999999994,0.8660254037844387,0.6513724827222223,-0.758758122692791,-0.433883739117558,-0.9009688679024191
0.0,0.06249919049634561,0.0,0.06249919049634561,6.022236205774735,0.7833333333333333,0.7710848781363616,0.49999999999999994,0.8660254037844387,0.48530196253108104,-0.8743466161445821,-0.9749279121818236,-0.2225209339563146
0.0,0.062424246951847034,0.1249234374481926,-0.062499190496345516,-4.1504340288731445,0.7833333333333333,0.7712195340903991,0.49999999999999994,0.8660254037844387,-0.10116832198743204,-0.9948693233918952,0.7818314824680298,0.6234898018587336
-0.0496403508540784,-0.08152502086721013,-0.08152502086721013,0.04339841658098243,0.6131044728864089,0.7833333333333333,0.7712644194084115,0.49999999999999994,0.8660254037844387,-0.29936312297335776,-0.9541392564000489,0.9749279121818236,-0.22252093395631434
0.020943807726514087,-0.07209495970854687,-0.07209495970854687,-0.07209495970854687,-3.1780538303479458,0.7833333333333333,0.771309304726424,0.49999999999999994,0.8660254037844387,-0.4853019625310808,-0.8743466161445822,0.43388373911755823,-0.900968867902419
0.0,0.0,0.0,0.0,-2.3025850929940455,0.7833333333333333,0.7713541900444365,0.49999999999999994,0.8660254037844387,-0.6513724827222217,-0.7587581226927913,-0.433883739117558,-0.9009688679024191
-0.02094380772651403,0.05262223005792836,-0.01253783753750915,-0.02094380772651403,9.620461291620542,0.7833333333333333,0.771399075362449,0.49999999999999994,0.8660254037844387,-0.7907757369376986,-0.6121059825476627,-0.9749279121818236,-0.2225209339563146
0.0,-0.0651600675954375,-0.008405970189004849,0.008405970189004868,-6.62472901806655,0.7833333333333333,0.7715337313164864,0.49999999999999994,0.8660254037844387,-0.9987165071710528,-0.05064916883871355,0.7818314824680298,0.6234898018587336
-0.008477229954446108,0.05326877723550985,0.0,0.05326877723550985,6.315358001522335,0.7833333333333333,0.7715786166344989,0.49999999999999994,0.8660254037844387,-0.9884683243281114,0.15142777750457667,0.9749279121818236,-0.22252093395631434
0.07405509334313021,0.003903115964169321,0.06557786338868417,0.003903115964169321,-5.6222108209623896,0.7833333333333333,0.7716235019525114,0.49999999999999994,0.8660254037844387,-0.9377521321470804,0.3473052528448203,0.43388373911755823,-0.900968867902419
-0.06986892618586533,0.05787106339925205,0.05787106339925205,0.007988174395758418,3.6375861597263857,0.7833333333333333,0.7719825844966112,0.8660254037844386,0.5000000000000001,0.39435585511331855,0.9189578116202306,-0.433883739117558,-0.9009688679024191
0.07785710058162366,0.011182912239745529,-0.04988288900349365,0.06106580124323921,-3.6375861597263857,0.7833333333333333,0.7720274698146237,0.8660254037844386,0.5000000000000001,0.5712682150947923,0.8207634412072763,-0.9749279121818236,-0.2225209339563146
-0.0039861108528143775,-0.053253703771897296,-0.0039861108528143775,-0.053253703771897296,5.808142489980444,0.7833333333333333,0.7721621257686612,0.8660254037844386,0.5000000000000001,0.9377521321470804,0.3473052528448203,0.7818314824680298,0.6234898018587336
-0.04863611920511397,0.026926415364802753,0.03872462368895915,-0.04805174283552467,-1.6376087894007967,0.7833333333333333,0.7722070110866736,0.8660254037844386,0.5000000000000001,0.9884683243281114,0.1514277775045767,0.9749279121818236,-0.22252093395631434
0.01238258469374553,-0.0230993057858783,-0.0230993057858783,0.0,-2.7236147176433216,0.7833333333333333,0.7722518964046861,0.8660254037844386,0.5000000000000001,0.9987165071710528,-0.05064916883871264,0.43388373911755823,-0.900968867902419
0.0,-0.02756438751113029,-0.051878852414449256,0.0,4.301677507509668,0.7833333333333333,0.7722967817226986,0.8660254037844386,0.5000000000000001,0.9680771188662043,-0.2506525322587204,-0.433883739117558,-0.9009688679024191
0.0,0.0,0.024314464903319,0.0,-3.222867846137738,0.7833333333333333,0.772341667040711,0.8660254037844386,0.5000000000000001,0.8978045395707416,-0.4403941515576344,-0.9749279121818236,-0.2225209339563146
0.008131563278879218,0.03918073616225535,-0.016182901624439763,0.008131563278879218,1.8870696490323797,0.7833333333333333,0.7724763229947484,0.8660254037844386,0.5000000000000001,0.48530196253108104,-0.8743466161445821,0.7818314824680298,0.6234898018587336
0.0,-0.05536363778669499,0.0,0.0,-8.101677747454572,0.7833333333333333,0.7725212083127609,0.8660254037844386,0.5000000000000001,0.29936312297335804,-0.9541392564000488,0.9749279121818236,-0.22252093395631434
0.0,0.0,0.0,0.0,0.0,0.7833333333333333,0.7725660936307734,0.8660254037844386,0.5000000000000001,0.10116832198743272,-0.994869323391895,0.43388373911755823,-0.900968867902419
0.0,0.0,0.0,0.0,0.0,0.7833333333333333,0.7726109789487859,0.8660254037844386,0.5000000000000001,-0.10116832198743204,-0.9948693233918952,-0.433883739117558,-0.9009688679024191
0.0,0.0,0.0,0.0,0.0,0.7833333333333333,0.7726558642667983,0.8660254037844386,0.5000000000000001,-0.29936312297335776,-0.9541392564000489,-0.9749279121818236,-0.2225209339563146
0.0,0.0,0.0,0.0,0.0,0.7833333333333333,0.7727905202208358,0.8660254037844386,0.5000000000000001,-0.7907757369376986,-0.6121059825476627,0.7818314824680298,0.6234898018587336
0.05536363778669506,0.05536363778669506,0.05536363778669506,0.05536363778669506,2.302585092994046,0.7833333333333333,0.7728354055388483,0.8660254037844386,0.5000000000000001,-0.8978045395707417,-0.44039415155763423,0.9749279121818236,-0.22252093395631434
0.0,0.0,0.0,0.0,-2.3025850929940455,0.7833333333333333,0.7728802908568607,0.8660254037844386,0.5000000000000001,-0.9680771188662041,-0.2506525322587213,0.43388373911755823,-0.900968867902419
0.05980774843539047,0.05980774843539047,0.05980774843539047,0.05980774843539047,3.4011973816621555,0.7833333333333333,0.7729251761748732,0.8660254037844386,0.5000000000000001,-0.9987165071710528,-0.05064916883871355,-0.433883739117558,-0.9009688679024191
0.03555290710273614,0.03555290710273614,0.03555290710273614,0.03555290710273614,1.2039728043259361,0.7833333333333333,0.7729700614928857,0.8660254037844386,0.5000000000000001,-0.9884683243281114,0.15142777750457667,-0.9749279121818236,-0.2225209339563146
-0.07252510403925098,-0.0035394687302950623,-0.07252510403925098,-0.0035394687302950623,-1.6094379124341003,0.7833333333333333,0.7731047174469232,0.8660254037844386,0.5000000000000001,-0.7247927872291207,0.6889669190756859,0.7818314824680298,0.6234898018587336
0.0,0.01737427585958766,0.0,0.01737427585958766,4.0163830207523885,0.7833333333333333,0.7731496027649356,0.8660254037844386,0.5000000000000001,-0.5712682150947924,0.8207634412072763,0.9749279121818236,-0.22252093395631434
0.01497469404297223,-0.006893478519411369,0.01497469404297223,-0.0713852171255713,1.2173958246580767,0.7833333333333333,0.7731944880829481,1.0,6.123233995736766e-17,0.20129852008866006,0.9795299412524945,0.43388373911755823,-0.900968867902419
0.050560562360853684,-0.01393117624530627,0.050560562360853684,0.050560562360853684,-5.926926025970411,0.7833333333333333,0.7732393734009606,1.0,6.123233995736766e-17,0.39435585511331855,0.9189578116202306,-0.433883739117558,-0.9009688679024191
0.0,0.0,0.0,0.0,-2.3025850929940455,0.7833333333333333,0.7732842587189731,1.0,6.123233995736766e-17,0.5712682150947923,0.8207634412072763,-0.9749279121818236,-0.2225209339563146
0.0,0.0,0.0,0.0,0.0,0.7833333333333333,0.7734189146730105,1.0,6.123233995736766e-17,0.9377521321470804,0.3473052528448203,0.7818314824680298,0.6234898018587336
-0.01423110784746032,-0.01423110784746032,-0.01423110784746032,-0.01423110784746032,5.393627546352362,0.7833333333333333,0.773463799991023,1.0,6.123233995736766e-17,0.9884683243281114,0.1514277775045767,0.9749279121818236,-0.22252093395631434
0.0,0.0,0.0,0.0,-5.393627546352362,0.7833333333333333,0.7735086853090355,1.0,6.123233995736766e-17,0.9987165071710528,-0.05064916883871264,0.43388373911755823,-0.900968867902419
0.0,0.0656463832061306,0.0656463832061306,0.0,5.298317366548036,0.7833333333333333,0.773553570627048,1.0,6.123233995736766e-17,0.9680771188662043,-0.2506525322587204,-0.433883739117558,-0.9009688679024191
0.0,-0.06564638320613067,-0.06564638320613067,0.0,-5.298317366548036,0.7833333333333333,0.7735984559450604,1.0,6.123233995736766e-17,0.8978045395707416,-0.4403941515576344,-0.9749279121818236,-0.2225209339563146
-0.07026050427907544,-0.07026050427907544,-0.07026050427907544,-0.07026050427907544,4.0943445622221,0.7833333333333333,0.7737331118990979,1.0,6.123233995736766e-17,0.48530196253108104,-0.8743466161445821,0.7818314824680298,0.6234898018587336
0.04857943821775136,0.04857943821775136,0.04857943821775136,0.04857943821775136,-1.791759469228055,0.7833333333333333,0.7737779972171104,1.0,6.123233995736766e-17,0.29936312297335804,-0.9541392564000488,0.9749279121818236,-0.22252093395631434
0.0,0.0,0.0,0.0,-2.3025850929940455,0.7833333333333333,0.7738228825351228,1.0,6.123233995736766e-17,0.10116832198743272,-0.994869323391895,0.43388373911755823,-0.900968867902419
-0.06015055085493696,-0.06015055085493696,-0.06015055085493696,-0.06015055085493696,2.302585092994046,0.7833333333333333,0.7738677678531353,1.0,6.123233995736766e-17,-0.10116832198743204,-0.9948693233918952,-0.433883739117558,-0.9009688679024191
0.007691916861019898,0.04550216240286774,0.007691916861019898,0.007691916861019898,2.3978952727983707,0.7833333333333333,0.7739126531711478,1.0,6.123233995736766e-17,-0.29936312297335776,-0.9541392564000489,-0.9749279121818236,-0.2225209339563146
-0.05536363778669499,0.021997502893542645,0.05980774843539047,0.05245863399391705,-1.2992829841302609,0.7833333333333333,0.7740473091251852,1.0,6.123233995736766e-17,-0.7907757369376986,-0.6121059825476627,0.7818314824680298,0.6234898018587336
0.14718482459452648,0.032013438372440924,0.032013438372440924,0.0393625528139144,-1.0986122886681098,0.7833333333333333,0.7740921944431977,1.0,6.123233995736766e-17,-0.8978045395707417,-0.44039415155763423,0.9749279121818236,-0.22252093395631434
0.0,0.0,0.0,0.0,-2.3025850929940455,0.7833333333333333,0.7741370797612102,1.0,6.123233995736766e-17,-0.9680771188662041,-0.2506525322587213,0.43388373911755823,-0.900968867902419
0.0,0.0,0.0,0.0,0.0,0.7833333333333333,0.7741819650792227,1.0,6.123233995736766e-17,-0.9987165071710528,-0.05064916883871355,-0.433883739117558,-0.9009688679024191
-0.06898563530895593,0.010480797340176276,0.010480797340176276,-0.06898563530895593,2.995732273553991,0.7833333333333333,0.7742268503972352,1.0,6.123233995736766e-17,-0.9884683243281114,0.15142777750457667,-0.9749279121818236,-0.2225209339563146
-0.07001679413063105,-0.14948322677976317,-0.14948322677976317,-0.07001679413063105,3.912023005428146,0.7833333333333333,0.7743615063512725,1.0,6.123233995736766e-17,-0.7247927872291207,0.6889669190756859,0.7818314824680298,0.6234898018587336
0.0,0.06249919049634561,0.06249919049634561,0.0,0.009950330853168092,0.7833333333333333,0.774406391669285,1.0,6.123233995736766e-17,-0.5712682150947924,0.8207634412072763,0.9749279121818236,-0.22252093395631434
-0.0496403508540784,0.0,0.0,-0.0496403508540784,-3.9219733362813143,0.7833333333333333,0.7744512769872975,1.0,6.123233995736766e-17,-0.3943558551133187,0.9189578116202306,0.43388373911755823,-0.900968867902419
0.0,-0.046561677961739815,-0.046561677961739815,0.06557786338868417,2.9444389791664403,0.7833333333333333,0.7744961623053099,1.0,6.123233995736766e-17,-0.20129852008866114,0.9795299412524943,-0.433883739117558,-0.9009688679024191
0.12711865567689856,0.061540792288214345,0.061540792288214345,0.061540792288214345,-3.6375861597263857,0.7833333333333333,0.7745410476233224,1.0,6.123233995736766e-17,-2.4492935982947064e-16,1.0,-0.9749279121818236,-0.2225209339563146
-0.030297062191064674,0.05807374571163683,0.05807374571163683,-0.030297062191064674,2.3978952727983707,0.7833333333333333,0.7746757035773599,0.8660254037844387,-0.4999999999999998,0.5712682150947923,0.8207634412072763,0.7818314824680298,0.6234898018587336
0.0,-0.08837080790270148,-0.08837080790270148,0.0,-4.700480365792417,0.7833333333333333,0.7747205888953723,0.8660254037844387,-0.4999999999999998,0.72479278722912,0.6889669190756866,0.9749279121818236,-0.22252093395631434
0.0633579244519528,0.0633579244519528,0.0633579244519528,0.0633579244519528,2.302585092994046,0.7833333333333333,0.7747654742133848,0.8660254037844387,-0.4999999999999998,0.8486442574947509,0.5289640103269624,0.43388373911755823,-0.900968867902419
-0.06335792445195276,-0.06335792445195276,-0.06335792445195276,-0.06335792445195276,3.6375861597263857,0.7833333333333333,0.7748552448494098,0.8660254037844387,-0.4999999999999998,0.9884683243281114,0.1514277775045767,-0.9749279121818236,-0.2225209339563146
-0.07169342912503963,-0.07169342912503963,-0.07169342912503963,-0.07169342912503963,1.8798667367383217,0.7833333333333333,0.7749899008034472,0.8660254037844387,-0.4999999999999998,0.8978045395707416,-0.4403941515576344,0.7818314824680298,0.6234898018587336
0.06400151226401982,0.06400151226401982,0.06400151226401982,0.06400151226401982,-5.517452896464707,0.7833333333333333,0.7750347861214597,0.8660254037844387,-0.4999999999999998,0.7907757369376989,-0.6121059825476626,0.9749279121818236,-0.22252093395631434
-0.07226750721794847,-0.07226750721794847,-0.07226750721794847,-0.07226750721794847,3.4657359027997265,0.7833333333333333,0.7750796714394722,0.8660254037844387,-0.4999999999999998,0.6513724827222223,-0.758758122692791,0.43388373911755823,-0.900968867902419
0.04077868791671303,0.04077868791671303,0.04077868791671303,0.04077868791671303,-3.4657359027997265,0.7833333333333333,0.7751245567574847,0.8660254037844387,-0.4999999999999998,0.48530196253108104,-0.8743466161445821,-0.433883739117558,-0.9009688679024191
0.062016287661130896,0.062016287661130896,0.062016287661130896,0.062016287661130896,0.0,0.7833333333333333,0.7751694420754972,0.8660254037844387,-0.4999999999999998,0.29936312297335804,-0.9541392564000488,-0.9749279121818236,-0.2225209339563146
0.0,0.0,0.0,0.0,-2.3025850929940455,0.7833333333333333,0.7753040980295346,0.8660254037844387,-0.4999999999999998,-0.29936312297335776,-0.9541392564000489,0.7818314824680298,0.6234898018587336
0.0,0.0,0.0,0.0,0.0,0.7833333333333333,0.7753489833475471,0.8660254037844387,-0.4999999999999998,-0.4853019625310808,-0.8743466161445822,0.9749279121818236,-0.22252093395631434
-0.030527468359895386,0.06553525640382597,-0.030527468359895386,0.06553525640382597,8.85366542803745,0.7833333333333333,0.7753938686655596,0.8660254037844387,-0.4999999999999998,-0.6513724827222217,-0.7587581226927913,0.43388373911755823,-0.900968867902419
0.026830204470054336,0.041322021971203875,0.026830204470054336,0.041322021971203875,-1.8876412409313374,0.7833333333333333,0.775438753983572,0.8660254037844387,-0.4999999999999998,-0.7907757369376986,-0.6121059825476627,-0.433883739117558,-0.9009688679024191
0.11055454226487071,0.0,0.11055454226487071,0.0,-6.966024187106113,0.7833333333333333,0.7754836393015845,0.8660254037844387,-0.4999999999999998,-0.8978045395707417,-0.44039415155763423,-0.9749279121818236,-0.2225209339563146
0.0,0.0,0.0,0.0,0.0,0.7833333333333333,0.775618295255622,0.8660254037844387,-0.4999999999999998,-0.9884683243281114,0.15142777750457667,0.7818314824680298,0.6234898018587336
0.0,0.0,0.0,0.0,0.0,0.7833333333333333,0.7756631805736344,0.8660254037844387,-0.4999999999999998,-0.9377521321470804,0.3473052528448203,0.9749279121818236,-0.22252093395631434
0.0,0.0,0.0,0.0,7.600902459542082,0.7833333333333333,0.7757080658916469,0.8660254037844387,-0.4999999999999998,-0.8486442574947509,0.5289640103269624,0.43388373911755823,-0.900968867902419
0.0,0.0,0.0,0.0,-7.600902459542082,0.7833333333333333,0.7757529512096594,0.8660254037844387,-0.4999999999999998,-0.7247927872291207,0.6889669190756859,-0.433883739117558,-0.9009688679024191
0.0,0.0,0.0,0.0,0.0,0.7833333333333333,0.7757978365276719,0.8660254037844387,-0.4999999999999998,-0.5712682150947924,0.8207634412072763,-0.9749279121818236,-0.2225209339563146
0.0,0.0,0.0,0.0,0.0,0.7833333333333333,0.7760222631177343,0.5000000000000003,-0.8660254037844385,0.5712682150947923,0.8207634412072763,0.43388373911755823,-0.900968867902419
0.0,0.0,0.0,0.0,0.0,0.7833333333333333,0.7760671484357468,0.5000000000000003,-0.8660254037844385,0.72479278722912,0.6889669190756866,-0.433883739117558,-0.9009688679024191
0.0,0.0,0.0,0.0,0.0,0.7833333333333333,0.7761120337537591,0.5000000000000003,-0.8660254037844385,0.8486442574947509,0.5289640103269624,-0.9749279121818236,-0.2225209339563146
0.0,0.0,0.0,0.0,0.0,0.7833333333333333,0.7762466897077966,0.5000000000000003,-0.8660254037844385,0.9987165071710528,-0.05064916883871264,0.7818314824680298,0.6234898018587336
0.0,0.0,0.0,0.0,2.302585092994046,0.7833333333333333,0.7762915750258091,0.5000000000000003,-0.8660254037844385,0.9680771188662043,-0.2506525322587204,0.9749279121818236,-0.22252093395631434
0.0,0.0,0.0,0.0,-2.3025850929940455,0.7833333333333333,0.7763364603438215,0.5000000000000003,-0.8660254037844385,0.8978045395707416,-0.4403941515576344,0.43388373911755823,-0.900968867902419
0.0,0.0,0.0,0.0,0.0,0.7833333333333333,0.776381345661834,0.5000000000000003,-0.8660254037844385,0.7907757369376989,-0.6121059825476626,-0.433883739117558,-0.9009688679024191
0.0,0.0,0.0,0.0,0.0,0.7833333333333333,0.7764262309798465,0.5000000000000003,-0.8660254037844385,0.6513724827222223,-0.758758122692791,-0.9749279121818236,-0.2225209339563146
0.0,0.0,0.0,0.0,0.0,0.7833333333333333,0.776560886933884,0.5000000000000003,-0.8660254037844385,0.10116832198743272,-0.994869323391895,0.7818314824680298,0.6234898018587336
0.0,0.0,0.0,0.0,0.0,0.7833333333333333,0.7766057722518964,0.5000000000000003,-0.8660254037844385,-0.10116832198743204,-0.9948693233918952,0.9749279121818236,-0.22252093395631434
0.0,0.0,0.0,0.0,0.0,0.7833333333333333,0.7766506575699089,0.5000000000000003,-0.8660254037844385,-0.29936312297335776,-0.9541392564000489,0.43388373911755823,-0.900968867902419
0.0,0.0,0.0,0.0,0.0,0.7833333333333333,0.7766955428879214,0.5000000000000003,-0.8660254037844385,-0.4853019625310808,-0.8743466161445822,-0.433883739117558,-0.9009688679024191
0.0,0.0,0.0,0.0,0.0,0.7833333333333333,0.7767404282059339,0.5000000000000003,-0.8660254037844385,-0.6513724827222217,-0.7587581226927913,-0.9749279121818236,-0.2225209339563146
-0.04846345203648472,0.0,0.0,-0.04846345203648472,7.4205789054108005,0.7833333333333333,0.7768750841599713,0.5000000000000003,-0.8660254037844385,-0.9680771188662041,-0.2506525322587213,0.7818314824680298,0.6234898018587336
0.0,-0.04846345203648472,-0.04846345203648472,0.0,-7.4205789054108005,0.7833333333333333,0.7769199694779838,0.5000000000000003,-0.8660254037844385,-0.9987165071710528,-0.05064916883871355,0.9749279121818236,-0.22252093395631434
0.0,0.0,0.0,0.0,0.0,0.7833333333333333,0.7769648547959963,0.5000000000000003,-0.8660254037844385,-0.9884683243281114,0.15142777750457667,0.43388373911755823,-0.900968867902419
0.0,0.0,0.0,0.0,0.0,0.7833333333333333,0.7770097401140088,0.5000000000000003,-0.8660254037844385,-0.9377521321470804,0.3473052528448203,-0.433883739117558,-0.9009688679024191
0.0,0.0,0.0,0.0,0.0,0.7833333333333333,0.7770546254320212,0.5000000000000003,-0.8660254037844385,-0.8486442574947509,0.5289640103269624,-0.9749279121818236,-0.2225209339563146
0.0,0.0,0.0,0.0,0.0,0.7833333333333333,0.7771892813860587,0.5000000000000003,-0.8660254037844385,-0.3943558551133187,0.9189578116202306,0.7818314824680298,0.6234898018587336
-0.0697464207026672,-0.04341913229557264,-0.0697464207026672,-0.04341913229557264,7.081708586105575,0.7833333333333333,0.7772341667040712,0.5000000000000003,-0.8660254037844385,-0.20129852008866114,0.9795299412524943,0.9749279121818236,-0.22252093395631434
-0.0427266872319031,0.0,-0.0427266872319031,0.0,-0.9504820966224343,0.7833333333333333,0.7772790520220836,0.5000000000000003,-0.8660254037844385,-2.4492935982947064e-16,1.0,0.43388373911755823,-0.900968867902419
0.007988174395758418,-0.04550216240286774,0.007988174395758418,-0.06106580124323929,0.021506205220963682,0.7833333333333333,0.7773239373400961,1.2246467991473532e-16,-1.0,0.20129852008866006,0.9795299412524945,-0.433883739117558,-0.9009688679024191
-0.0651600675954375,-0.08072370643580914,-0.0651600675954375,-0.0651600675954375,1.2250262135237684,0.7833333333333333,0.7773688226581086,1.2246467991473532e-16,-1.0,0.39435585511331855,0.9189578116202306,-0.9749279121818236,-0.2225209339563146
0.0,0.0,0.0,0.0,-7.3777589082278725,0.7833333333333333,0.777503478612146,1.2246467991473532e-16,-1.0,0.8486442574947509,0.5289640103269624,0.7818314824680298,0.6234898018587336
0.06117395674262318,0.06117395674262318,0.06117395674262318,0.06117395674262318,2.302585092994046,0.7833333333333333,0.7775483639301585,1.2246467991473532e-16,-1.0,0.9377521321470804,0.3473052528448203,0.9749279121818236,-0.22252093395631434
0.027241666554205766,0.027241666554205766,0.027241666554205766,0.027241666554205766,0.0,0.7833333333333333,0.777593249248171,1.2246467991473532e-16,-1.0,0.9884683243281114,0.1514277775045767,0.43388373911755823,-0.900968867902419
0.06699939963022752,0.06699939963022752,0.06699939963022752,0.06699939963022752,0.0,0.7833333333333333,0.7776381345661835,1.2246467991473532e-16,-1.0,0.9987165071710528,-0.05064916883871264,-0.433883739117558,-0.9009688679024191
0.0,0.0,0.0,0.0,-2.3025850929940455,0.7833333333333333,0.777683019884196,1.2246467991473532e-16,-1.0,0.9680771188662043,-0.2506525322587204,-0.9749279121818236,-0.2225209339563146
-0.07078222568100045,0.06610158389074614,0.06610158389074614,0.06269343024367788,3.4011973816621555,0.7833333333333333,0.7778176758382334,1.2246467991473532e-16,-1.0,0.6513724827222223,-0.758758122692791,0.7818314824680298,0.6234898018587336
0.13347565592467828,-0.0034081536470683387,-0.0034081536470683387,0.0,-3.4011973816621555,0.7833333333333333,0.7778625611562459,1.2246467991473532e-16,-1.0,0.48530196253108104,-0.8743466161445821,0.9749279121818236,-0.22252093395631434
0.0,0.0,0.0,0.0,0.0,0.7833333333333333,0.7779074464742584,1.2246467991473532e-16,-1.0,0.29936312297335804,-0.9541392564000488,0.43388373911755823,-0.900968867902419
0.013467238368685061,0.013467238368685061,0.013467238368685061,0.013467238368685061,2.302585092994046,0.7833333333333333,0.7779523317922707,1.2246467991473532e-16,-1.0,0.10116832198743272,-0.994869323391895,-0.433883739117558,-0.9009688679024191
0.0,0.0,0.0,0.0,-2.3025850929940455,0.7833333333333333,0.7779972171102832,1.2246467991473532e-16,-1.0,-0.10116832198743204,-0.9948693233918952,-0.9749279121818236,-0.2225209339563146
0.0,0.0,0.0,0.0,0.0,0.7833333333333333,0.7781318730643207,1.2246467991473532e-16,-1.0,-0.6513724827222217,-0.7587581226927913,0.7818314824680298,0.6234898018587336
0.0,0.0,0.0,0.0,0.0,0.7833333333333333,0.7781767583823332,1.2246467991473532e-16,-1.0,-0.7907757369376986,-0.6121059825476627,0.9749279121818236,-0.22252093395631434
-0.07263588785333826,-0.07263588785333826,-0.07263588785333826,-0.07263588785333826,7.682482446534506,0.7833333333333333,0.7782216437003456,1.2246467991473532e-16,-1.0,-0.8978045395707417,-0.44039415155763423,0.43388373911755823,-0.900968867902419
0.0036155196659891134,0.03867128227816702,0.03867128227816702,0.0036155196659891134,-2.982002080742089,0.7833333333333333,0.7782665290183581,1.2246467991473532e-16,-1.0,-0.9680771188662041,-0.2506525322587213,-0.433883739117558,-0.9009688679024191
0.0,-0.03505576261217799,-0.03505576261217799,0.0,-4.700480365792417,0.7833333333333333,0.7783114143363706,1.2246467991473532e-16,-1.0,-0.9987165071710528,-0.05064916883871355,-0.9749279121818236,-0.2225209339563146
0.0,0.0,0.0,0.0,2.995732273553991,0.7833333333333333,0.778446070290408,1.2246467991473532e-16,-1.0,-0.8486442574947509,0.5289640103269624,0.7818314824680298,0.6234898018587336
-0.06639629853224603,-0.06639629853224603,-0.06639629853224603,-0.06639629853224603,2.2512917986064953,0.7833333333333333,0.7784909556084205,1.2246467991473532e-16,-1.0,-0.7247927872291207,0.6889669190756859,0.9749279121818236,-0.22252093395631434
0.06639629853224611,0.06639629853224611,0.06639629853224611,0.06639629853224611,-2.9444389791664407,0.7833333333333333,0.778535840926433,1.2246467991473532e-16,-1.0,-0.5712682150947924,0.8207634412072763,0.43388373911755823,-0.900968867902419
-0.058821752190651035,0.014231107847460425,0.014231107847460425,0.014231107847460425,3.7376696182833684,0.7833333333333333,0.7785807262444455,1.2246467991473532e-16,-1.0,-0.3943558551133187,0.9189578116202306,-0.433883739117558,-0.9009688679024191
0.07305286003811144,0.0,0.0,0.0,-6.040254711277414,0.7833333333333333,0.778625611562458,1.2246467991473532e-16,-1.0,-0.20129852008866114,0.9795299412524943,-0.9749279121818236,-0.2225209339563146
-0.06923252029366703,0.05478926033988883,-0.05056056236085363,0.0,8.299037181613066,0.7833333333333333,0.7787602675164954,-0.4999999999999997,-0.8660254037844388,0.5712682150947923,0.8207634412072763,0.7818314824680298,0.6234898018587336
0.06923252029366686,-0.05478926033988875,0.050560562360853684,0.0,-8.299037181613066,0.7833333333333333,0.7788051528345079,-0.4999999999999997,-0.8660254037844388,0.72479278722912,0.6889669190756866,0.9749279121818236,-0.22252093395631434
-0.06923252029366703,0.05478926033988883,0.05478926033988883,-0.06923252029366703,4.787491742782046,0.7833333333333333,0.7788500381525204,-0.4999999999999997,-0.8660254037844388,0.8486442574947509,0.5289640103269624,0.43388373911755823,-0.900968867902419
-0.07040235889279714,-0.07263588785333826,-0.07263588785333826,0.03700165477581073,3.488902962081261,0.7833333333333333,0.7788949234705328,-0.4999999999999997,-0.8660254037844388,0.9377521321470804,0.3473052528448203,-0.433883739117558,-0.9009688679024191
0.03582061305371306,-0.010716431953861499,-0.08596763861930148,-0.0036813083909281504,0.29149160086844866,0.7833333333333333,0.7789398087885453,-0.4999999999999997,-0.8660254037844388,0.9884683243281114,0.1514277775045767,-0.9749279121818236,-0.2225209339563146
-0.003955030863130501,0.0,0.07525120666543997,0.0,-2.5276315944543417,0.7833333333333333,0.7790744647425828,-0.4999999999999997,-0.8660254037844388,0.8978045395707416,-0.4403941515576344,0.7818314824680298,0.6234898018587336
0.0,-0.010938266399567484,-0.07920623752857041,-0.07185712308709699,4.093153376851948,0.7833333333333333,0.7791193500605952,-0.4999999999999997,-0.8660254037844388,0.7907757369376989,-0.6121059825476626,0.9749279121818236,-0.22252093395631434
-0.07193294236837659,-0.008816244899393583,-0.028947576034868628,0.03602791255558068,-1.6202229181106629,0.7833333333333333,0.7791642353786077,-0.4999999999999997,-0.8660254037844388,0.6513724827222223,-0.758758122692791,0.43388373911755823,-0.900968867902419
0.10796085492395721,-0.02342381367402846,0.06497548859044926,0.0,-8.513185170018698,0.7833333333333333,0.7792091206966202,-0.4999999999999997,-0.8660254037844388,0.48530196253108104,-0.8743466161445821,-0.433883739117558,-0.9009688679024191
-0.05661889399950793,-0.015852379520322212,-0.05661889399950793,-0.015852379520322212,4.700480365792417,0.7833333333333333,0.7792540060146327,-0.4999999999999997,-0.8660254037844388,0.29936312297335804,-0.9541392564000488,-0.9749279121818236,-0.2225209339563146
-0.029677856947322216,-0.004002673789657556,0.032745081094610426,-0.0704443714265079,-0.2006706954621511,0.7833333333333333,0.7793886619686701,-0.4999999999999997,-0.8660254037844388,-0.29936312297335776,-0.9541392564000489,0.7818314824680298,0.6234898018587336
-0.012942062009408407,-0.036763840689528204,-0.03274508109461041,0.02132126235638087,3.6018680771243066,0.7833333333333333,0.7794335472866826,-0.4999999999999997,-0.8660254037844388,-0.4853019625310808,-0.8743466161445822,0.9749279121818236,-0.22252093395631434
-0.03535411774917251,-0.008356594590941418,-0.07797403670590326,0.0,-5.10594547390058,0.7833333333333333,0.7794784326046951,-0.4999999999999997,-0.8660254037844388,-0.6513724827222217,-0.7587581226927913,0.43388373911755823,-0.900968867902419
0.06961744211496187,0.04110167568555178,0.06961744211496187,0.04110167568555178,1.7047480922384253,0.7833333333333333,0.7795233179227076,-0.4999999999999997,-0.8660254037844388,-0.7907757369376986,-0.6121059825476627,-0.433883739117558,-0.9009688679024191
0.03706670047337278,-0.0040349752121791056,0.03706670047337278,-0.0040349752121791056,-2.3978952727983707,0.7833333333333333,0.77956820324072,-0.4999999999999997,-0.8660254037844388,-0.8978045395707417,-0.44039415155763423,-0.9749279121818236,-0.2225209339563146
0.0,0.0,0.0,0.0,-2.3025850929940455,0.7833333333333333,0.7797028591947575,-0.4999999999999997,-0.8660254037844388,-0.9884683243281114,0.15142777750457667,0.7818314824680298,0.6234898018587336
-0.06268339957385505,0.0,-0.03287967411915627,-0.06268339957385505,6.522092798170152,0.7833333333333333,0.77974774451277,-0.4999999999999997,-0.8660254037844388,-0.9377521321470804,0.3473052528448203,0.9749279121818236,-0.22252093395631434
0.03397329369142355,0.004034975212179082,0.036914649331335425,0.03397329369142355,0.1993329026204913,0.7833333333333333,0.7797926298307823,-0.4999999999999997,-0.8660254037844388,-0.8486442574947509,0.5289640103269624,0.43388373911755823,-0.900968867902419
-0.012561225872973304,-0.045306306967583726,-0.045306306967583726,-0.012561225872973304,-4.418840607796598,0.7833333333333333,0.7798375151487948,-0.4999999999999997,-0.8660254037844388,-0.7247927872291207,0.6889669190756859,-0.433883739117558,-0.9009688679024191
-0.06992127181961008,0.012561225872973258,0.012561225872973258,0.00839165763624838,4.912654885736052,0.7833333333333333,0.7798824004668073,-0.4999999999999997,-0.8660254037844388,-0.5712682150947924,0.8207634412072763,-0.9749279121818236,-0.2225209339563146
0.008996686947594774,0.032745081094610426,-0.0734858107449886,0.0,0.8618966598083563,0.7833333333333333,0.7800170564208448,-0.4999999999999997,-0.8660254037844388,-2.4492935982947064e-16,1.0,0.7818314824680298,0.6234898018587336
0.06512921615404724,-0.0040349752121791056,0.10219591662741988,-0.004187026354216576,1.1381912749487677,0.7833333333333333,0.7800619417388572,-0.8660254037844385,-0.5000000000000004,0.20129852008866006,0.9795299412524945,0.9749279121818236,-0.22252093395631434
-0.06066104439115071,-0.03706670047337282,-0.09327944888503609,0.0,-0.2120117109453655,0.7833333333333333,0.7801068270568697,-0.8660254037844385,-0.5000000000000004,0.39435585511331855,0.9189578116202306,0.43388373911755823,-0.900968867902419
0.08552420358379448,0.06497548859044926,0.12118823700211263,0.02486315919264383,-3.4426345715263285,0.7833333333333333,0.7801517123748822,-0.8660254037844385,-0.5000000000000004,0.5712682150947923,0.8207634412072763,-0.433883739117558,-0.9009688679024191
-0.05047985829312605,-0.09059218769093154,-0.09059218769093154,-0.05047985829312605,4.652127169075863,0.7833333333333333,0.7801965976928947,-0.8660254037844385,-0.5000000000000004,0.72479278722912,0.6889669190756866,-0.9749279121818236,-0.2225209339563146
-0.021758382854143995,0.03397329369142355,0.03397329369142355,0.025616699100482237,-1.2206244379183782,0.7833333333333333,0.7803312536469321,-0.8660254037844385,-0.5000000000000004,0.9884683243281114,0.1514277775045767,0.7818314824680298,0.6234898018587336
0.04737508195462618,0.056618893999507904,-0.008356594590941418,0.06497548859044926,-3.4315027311574844,0.7833333333333333,0.7803761389649446,-0.8660254037844385,-0.5000000000000004,0.9987165071710528,-0.05064916883871264,0.9749279121818236,-0.22252093395631434
-0.004204631282031924,-0.04833155375093761,-0.004204631282031924,-0.06918011987248124,-2.159484249353372,0.7833333333333333,0.7804210242829571,-0.8660254037844385,-0.5000000000000004,0.9680771188662043,-0.2506525322587204,0.43388373911755823,-0.900968867902419
-0.06992127181961008,0.02445774084604009,-0.06992127181961008,0.041271331755404726,5.530750964769339,0.7833333333333333,0.7804659096009696,-0.8660254037844385,-0.5000000000000004,0.8978045395707416,-0.4403941515576344,-0.433883739117558,-0.9009688679024191
0.11119260357501473,-0.0040349752121791056,0.11119260357501473,0.0,-8.931948346431495,0.7833333333333333,0.780510794918982,-0.8660254037844385,-0.5000000000000004,0.7907757369376989,-0.6121059825476626,-0.9749279121818236,-0.2225209339563146
-0.05838796282975367,0.0436213072870863,0.0436213072870863,-0.028710105882431367,6.29156913955832,0.7833333333333333,0.7806454508730195,-0.8660254037844385,-0.5000000000000004,0.29936312297335804,-0.9541392564000488,0.7818314824680298,0.6234898018587336
-0.0393397820347698,-0.07650098140624241,-0.14134905215160967,-0.004169568236724892,2.6548056865833978,0.7833333333333333,0.780690336191032,-0.8660254037844385,-0.5000000000000004,0.10116832198743272,-0.994869323391895,0.9749279121818236,-0.22252093395631434
0.07730497923066243,0.044936082715910534,0.10978415346127768,0.012456908485295216,-1.5079912960974104,0.7833333333333333,0.7807352215090444,-0.8660254037844385,-0.5000000000000004,-0.10116832198743204,-0.9948693233918952,0.43388373911755823,-0.900968867902419
-0.00828734024857027,0.027686837167325194,0.023793677713441704,0.032479174230615304,0.9162907318741551,0.7833333333333333,0.7807801068270569,-0.8660254037844385,-0.5000000000000004,-0.29936312297335776,-0.9541392564000489,-0.433883739117558,-0.9009688679024191
0.008287340248570287,0.03812002043652479,-0.05627285194405704,-0.008021433384575227,2.0068708488450007,0.7833333333333333,0.7808249921450694,-0.8660254037844385,-0.5000000000000004,-0.4853019625310808,-0.8743466161445822,-0.9749279121818236,-0.2225209339563146
0.016371443414682368,-0.018878379220375007,0.032479174230615304,0.015979035057889193,-2.315956829959935,0.7833333333333333,0.7809596480991068,-0.8660254037844385,-0.5000000000000004,-0.8978045395707417,-0.44039415155763423,0.7818314824680298,0.6234898018587336
0.02406533248924708,0.015131107218071236,0.06205958560154605,0.0,-0.429797208767695,0.7833333333333333,0.7810045334171193,-0.8660254037844385,-0.5000000000000004,-0.9680771188662041,-0.2506525322587213,0.9749279121818236,-0.22252093395631434
-0.04457186105173238,-0.07008101898612132,-0.07008101898612132,-0.024065332489247058,-0.6403771445798812,0.7833333333333333,0.7810494187351318,-0.8660254037844385,-0.5000000000000004,-0.9987165071710528,-0.05064916883871355,0.43388373911755823,-0.900968867902419
-0.004152255100767307,-0.008086297431357707,-0.008086297431357707,-0.024658783663252665,0.7162428953545947,0.7833333333333333,0.7810943040531443,-0.8660254037844385,-0.5000000000000004,-0.9884683243281114,0.15142777750457667,-0.433883739117558,-0.9009688679024191
0.008287340248570287,-0.016371443414682385,-0.016371443414682385,0.008287340248570287,-5.389071729816501,0.7833333333333333,0.7811391893711568,-0.8660254037844385,-0.5000000000000004,-0.9377521321470804,0.3473052528448203,-0.9749279121818236,-0.2225209339563146
-0.05525877096729131,0.0,-0.050907259205301,-0.05525877096729131,4.394449154672439,0.7833333333333333,0.7812738453251942,-0.8660254037844385,-0.5000000000000004,-0.5712682150947924,0.8207634412072763,0.7818314824680298,0.6234898018587336
0.021689185244436814,0.012303641195356952,0.025836308203909114,0.06347799532042349,2.4588499385136395,0.7833333333333333,0.7813187306432067,-0.8660254037844385,-0.5000000000000004,-0.3943558551133187,0.9189578116202306,0.9749279121818236,-0.22252093395631434
0.0660487599534699,0.02017553303525846,0.05755012523200716,0.024259949877483245,-6.853299093186078,0.7833333333333333,0.7813636159612192,-0.8660254037844385,-0.5000000000000004,-0.20129852008866114,0.9795299412524943,0.43388373911755823,-0.900968867902419
-0.0704443714265079,-0.02425994987748325,-0.02425994987748325,-0.02425994987748325,5.176149732573829,0.7833333333333333,0.7814085012792316,-0.8660254037844385,-0.5000000000000004,-2.4492935982947064e-16,1.0,-0.433883739117558,-0.9009688679024191
0.029677856947322286,0.0,0.0,-0.01650656460170241,-1.742162528088683,0.7833333333333333,0.7814533865972441,-1.0,-1.8369701987210297e-16,0.20129852008866006,0.9795299412524945,-0.9749279121818236,-0.2225209339563146
-0.008356594590941418,-0.02486315919264383,-0.02486315919264383,-0.008356594590941418,2.557477342622836,0.7833333333333333,0.7816329278692941,-1.0,-1.8369701987210297e-16,0.8486442574947509,0.5289640103269624,0.9749279121818236,-0.22252093395631434
0.0,0.0,0.0,0.0,-0.6931471805599453,0.7833333333333333,0.7816778131873064,-1.0,-1.8369701987210297e-16,0.9377521321470804,0.3473052528448203,0.43388373911755823,-0.900968867902419
-0.06961744211496179,0.008356594590941492,0.008356594590941492,0.0,0.08157998699242285,0.7833333333333333,0.781722698505319,-1.0,-1.8369701987210297e-16,0.9884683243281114,0.1514277775045767,-0.433883739117558,-0.9009688679024191
0.00895639772381119,-0.008356594590941418,-0.06901763898209215,0.0,-3.5881378843124043,0.7833333333333333,0.7817675838233314,-1.0,-1.8369701987210297e-16,0.9987165071710528,-0.05064916883871264,-0.9749279121818236,-0.2225209339563146
0.06901763898209202,0.008356594590941492,0.06901763898209202,0.008356594590941492,-1.791759469228055,0.7833333333333333,0.7819022397773688,-1.0,-1.8369701987210297e-16,0.7907757369376989,-0.6121059825476626,0.7818314824680298,0.6234898018587336
-0.06901763898209215,-0.008356594590941418,-0.06901763898209215,-0.008356594590941418,6.182084906716632,0.7833333333333333,0.7819471250953813,-1.0,-1.8369701987210297e-16,0.6513724827222223,-0.758758122692791,0.9749279121818236,-0.22252093395631434
0.060661044391150686,0.0,0.060661044391150686,0.0,-8.484669999710677,0.7833333333333333,0.7819920104133938,-1.0,-1.8369701987210297e-16,0.48530196253108104,-0.8743466161445821,0.43388373911755823,-0.900968867902419
0.02486315919264383,0.028947576034868503,0.028947576034868503,0.02486315919264383,4.248495242049359,0.7833333333333333,0.7820368957314063,-1.0,-1.8369701987210297e-16,0.29936312297335804,-0.9541392564000488,-0.433883739117558,-0.9009688679024191
-0.01650656460170241,-0.02059098144392711,-0.02059098144392711,-0.01650656460170241,3.7578723256008875,0.7833333333333333,0.7820817810494188,-1.0,-1.8369701987210297e-16,0.10116832198743272,-0.994869323391895,-0.9749279121818236,-0.2225209339563146
-0.06014074676230766,0.0,-0.06014074676230766,0.0,-3.912023005428146,0.7833333333333333,0.7822164370034562,-1.0,-1.8369701987210297e-16,-0.4853019625310808,-0.8743466161445822,0.7818314824680298,0.6234898018587336
0.06014074676230753,0.0,0.06014074676230753,0.0,-4.0943445622221,0.7833333333333333,0.7822613223214687,-1.0,-1.8369701987210297e-16,-0.6513724827222217,-0.7587581226927913,0.9749279121818236,-0.22252093395631434
-0.06901763898209215,0.0,-0.055731676545567724,0.0,8.706159290928861,0.7833333333333333,0.7823062076394812,-1.0,-1.8369701987210297e-16,-0.7907757369376986,-0.6121059825476627,0.43388373911755823,-0.900968867902419
0.0,-0.004169568236724892,-0.008837666457036946,-0.004169568236724892,-0.5064203302980743,0.7833333333333333,0.7823510929574936,-1.0,-1.8369701987210297e-16,-0.8978045395707417,-0.44039415155763423,-0.433883739117558,-0.9009688679024191
0.008876892219784393,-0.05597117852558275,0.004428596240296988,-0.05597117852558275,-0.46343186408250103,0.7833333333333333,0.7823959782755061,-1.0,-1.8369701987210297e-16,-0.9680771188662041,-0.2506525322587213,-0.9749279121818236,-0.2225209339563146
-0.013345063982680927,0.05178415217136626,0.0,0.04757952088933435,0.5897255894067932,0.7833333333333333,0.7825306342295436,-1.0,-1.8369701987210297e-16,-0.9377521321470804,0.3473052528448203,0.7818314824680298,0.6234898018587336
-0.004488225960914612,0.0,-0.017833289943595624,0.00420463128203187,0.36511381258459696,0.7833333333333333,0.782575519547556,-1.0,-1.8369701987210297e-16,-0.8486442574947509,0.5289640103269624,0.9749279121818236,-0.22252093395631434
0.06961744211496187,0.0,0.06961744211496187,0.0,-8.691146498539675,0.7833333333333333,0.7826204048655685,-1.0,-1.8369701987210297e-16,-0.7247927872291207,0.6889669190756859,0.43388373911755823,-0.900968867902419
0.0,0.0,0.0,0.0,0.0,0.7833333333333333,0.782665290183581,-1.0,-1.8369701987210297e-16,-0.5712682150947924,0.8207634412072763,-0.433883739117558,-0.9009688679024191
0.0,0.0,0.0,0.0,3.4011973816621555,0.7833333333333333,0.7827101755015935,-1.0,-1.8369701987210297e-16,-0.3943558551133187,0.9189578116202306,-0.9749279121818236,-0.2225209339563146
-0.06961744211496179,-0.06512921615404708,-0.06512921615404708,-0.06961744211496179,4.578141513600172,0.7833333333333333,0.7828448314556309,-0.866025403784439,0.49999999999999933,0.39435585511331855,0.9189578116202306,0.7818314824680298,0.6234898018587336
0.03535411774917257,0.0351985499078585,0.030865891788257827,0.039686775868773214,-1.0715836162801904,0.7833333333333333,0.7828897167736434,-0.866025403784439,0.49999999999999933,0.5712682150947923,0.8207634412072763,0.9749279121818236,-0.22252093395631434
0.004332658119600544,0.0,0.004332658119600544,0.0,-6.907755278982137,0.7833333333333333,0.7829346020916559,-0.866025403784439,0.49999999999999933,0.72479278722912,0.6889669190756866,0.43388373911755823,-0.900968867902419
-0.008684169881590915,0.004313967145706435,-0.008684169881590915,0.004313967145706435,3.912023005428146,0.7833333333333333,0.7829794874096684,-0.866025403784439,0.49999999999999933,0.8486442574947509,0.5289640103269624,-0.433883739117558,-0.9009688679024191
-0.0445894296644859,-0.004313967145706391,-0.0445894296644859,-0.004313967145706391,1.824549292051046,0.7833333333333333,0.7830243727276808,-0.866025403784439,0.49999999999999933,0.9377521321470804,0.3473052528448203,-0.9749279121818236,-0.2225209339563146
0.05327359954607687,0.004313967145706435,0.0575875666917834,0.0,-2.740840023925201,0.7833333333333333,0.7831590286817183,-0.866025403784439,0.49999999999999933,0.9680771188662043,-0.2506525322587204,0.7818314824680298,0.6234898018587336
0.0,0.0,-0.004313967145706391,0.004313967145706435,3.1570004211501135,0.7833333333333333,0.7832039139997308,-0.866025403784439,0.49999999999999933,0.8978045395707416,-0.4403941515576344,0.9749279121818236,-0.22252093395631434
0.004313967145706435,0.0,0.004313967145706435,0.0,-6.152732694704104,0.7833333333333333,0.7832487993177433,-0.866025403784439,0.49999999999999933,0.7907757369376989,-0.6121059825476626,0.43388373911755823,-0.900968867902419
-0.004313967145706391,0.0042954367441014095,-0.004313967145706391,0.0042954367441014095,8.035926369891792,0.7833333333333333,0.7832936846357557,-0.866025403784439,0.49999999999999933,0.6513724827222223,-0.758758122692791,-0.433883739117558,-0.9009688679024191
0.004313967145706435,0.01289424619450072,0.004313967145706435,0.01289424619450072,-0.6899161599784988,0.7833333333333333,0.7833385699537682,-0.866025403784439,0.49999999999999933,0.48530196253108104,-0.8743466161445821,-0.9749279121818236,-0.2225209339563146
0.025616699100482237,0.05755012523200716,0.025616699100482237,0.049528691847431944,0.6503070218834529,0.7833333333333333,0.7834732259078057,-0.866025403784439,0.49999999999999933,-0.10116832198743204,-0.9948693233918952,0.7818314824680298,0.6234898018587336
0.008356594590941492,0.0582982187178734,0.04512043528046964,0.03958633207490717,-0.32775612378084806,0.7833333333333333,0.783518111225818,-0.866025403784439,0.49999999999999933,-0.29936312297335776,-0.9541392564000489,0.9749279121818236,-0.22252093395631434
0.07233141316951751,-0.02673332002754136,0.035567572479989346,0.0,-7.668561108015897,0.7833333333333333,0.7835629965438305,-0.866025403784439,0.49999999999999933,-0.4853019625310808,-0.8743466161445822,0.43388373911755823,-0.900968867902419
-0.07233141316951763,-0.06404407292094734,-0.07233141316951763,-0.07233141316951763,8.536995818712418,0.7833333333333333,0.783607881861843,-0.866025403784439,0.49999999999999933,-0.6513724827222217,-0.7587581226927913,-0.433883739117558,-0.9009688679024191
0.0,0.032479174230615304,0.04076651447918565,0.0,-5.541263545158426,0.7833333333333333,0.7836527671798555,-0.866025403784439,0.49999999999999933,-0.7907757369376986,-0.6121059825476627,-0.9749279121818236,-0.2225209339563146
0.0,0.0,-0.02425994987748325,0.02465878366325269,4.663439094112067,0.7833333333333333,0.7837874231338929,-0.866025403784439,0.49999999999999933,-0.9987165071710528,-0.05064916883871355,0.7818314824680298,0.6234898018587336
0.02871010588243136,-0.004002673789657556,0.016238516492908018,0.008086297431357841,-0.7316134613877414,0.7833333333333333,0.7838323084519054,-0.866025403784439,0.49999999999999933,-0.9884683243281114,0.15142777750457667,0.9749279121818236,-0.22252093395631434
-0.06699736671956139,0.0,0.004018759594917655,0.004018759594917655,-0.6737290947028438,0.7833333333333333,0.7838771937699179,-0.866025403784439,0.49999999999999933,-0.9377521321470804,0.3473052528448203,0.43388373911755823,-0.900968867902419
0.07505110152665818,0.0,0.0,0.0,-6.253828811575473,0.7833333333333333,0.7839220790879304,-0.866025403784439,0.49999999999999933,-0.8486442574947509,0.5289640103269624,-0.433883739117558,-0.9009688679024191
-0.004018759594917744,-0.004018759594917744,-0.004018759594917744,-0.004018759594917744,2.302585092994046,0.7833333333333333,0.7839669644059428,-0.866025403784439,0.49999999999999933,-0.7247927872291207,0.6889669190756859,-0.9749279121818236,-0.2225209339563146
0.0,0.0,0.0,0.0,-2.3025850929940455,0.7833333333333333,0.7841016203599803,-0.866025403784439,0.49999999999999933,-0.20129852008866114,0.9795299412524943,0.7818314824680298,0.6234898018587336
0.0,0.0,0.0,0.0,0.0,0.7833333333333333,0.7841465056779928,-0.866025403784439,0.49999999999999933,-2.4492935982947064e-16,1.0,0.9749279121818236,-0.22252093395631434
0.0,0.0,0.0,0.0,0.0,0.7833333333333333,0.7841913909960052,-0.5000000000000012,0.8660254037844379,0.20129852008866006,0.9795299412524945,0.43388373911755823,-0.900968867902419
0.0,0.0,0.0,0.0,0.0,0.7833333333333333,0.7842362763140177,-0.5000000000000012,0.8660254037844379,0.39435585511331855,0.9189578116202306,-0.433883739117558,-0.9009688679024191
-0.058027326568894595,-0.058027326568894595,-0.058027326568894595,-0.058027326568894595,2.302585092994046,0.7833333333333333,0.7842811616320302,-0.5000000000000012,0.8660254037844379,0.5712682150947923,0.8207634412072763,-0.9749279121818236,-0.2225209339563146
-0.01733767348244652,0.0,0.0,-0.01733767348244652,3.5263605246161616,0.7833333333333333,0.7844158175860676,-0.5000000000000012,0.8660254037844379,0.9377521321470804,0.3473052528448203,0.7818314824680298,0.6234898018587336
-0.008722041967718657,0.04994102913753686,0.04994102913753686,0.06727870261998334,1.341173925839421,0.7833333333333333,0.7844607029040801,-0.5000000000000012,0.8660254037844379,0.9884683243281114,0.1514277775045767,0.9749279121818236,-0.22252093395631434
0.008722041967718796,0.047672629506264934,0.0,-0.06727870261998342,-2.382627800667582,0.7833333333333333,0.7845055882220926,-0.5000000000000012,0.8660254037844379,0.9987165071710528,-0.05064916883871264,0.43388373911755823,-0.900968867902419
0.05090725920530099,-0.06404407292094734,-0.016371443414682385,0.05090725920530099,-2.4849066497880004,0.7833333333333333,0.7845504735401051,-0.5000000000000012,0.8660254037844379,0.9680771188662043,-0.2506525322587204,-0.433883739117558,-0.9009688679024191
-0.050907259205301,0.02445774084604009,0.02445774084604009,-0.050907259205301,0.6931471805599453,0.7833333333333333,0.7845953588581176,-0.5000000000000012,0.8660254037844379,0.8978045395707416,-0.4403941515576344,-0.9749279121818236,-0.2225209339563146
0.05912648355843319,-0.016238516492908067,-0.016238516492908067,0.05912648355843319,-0.6931471805599453,0.7833333333333333,0.784730014812155,-0.5000000000000012,0.8660254037844379,0.48530196253108104,-0.8743466161445821,0.7818314824680298,0.6234898018587336
-0.052634515578716304,0.06214821779698588,0.06214821779698588,-0.052634515578716304,1.0986122886681098,0.7833333333333333,0.7847749001301675,-0.5000000000000012,0.8660254037844379,0.29936312297335804,-0.9541392564000488,0.9749279121818236,-0.22252093395631434
0.0,-0.04938328875099401,-0.04938328875099401,0.06539944462470826,1.0986122886681098,0.7833333333333333,0.78481978544818,-0.5000000000000012,0.8660254037844379,0.10116832198743272,-0.994869323391895,0.43388373911755823,-0.900968867902419
0.06539944462470826,0.05343489894211733,0.0,0.03723717285699476,0.10536051565782635,0.7833333333333333,0.7848646707661925,-0.5000000000000012,0.8660254037844379,-0.10116832198743204,-0.9948693233918952,-0.433883739117558,-0.9009688679024191
0.03723717285699476,0.02365916569363981,0.03723717285699476,0.03985689177876211,-0.5108256237659907,0.7833333333333333,0.7849095560842049,-0.5000000000000012,0.8660254037844379,-0.29936312297335776,-0.9541392564000489,-0.9749279121818236,-0.2225209339563146
-0.02885395715935954,-0.027710775884763093,-0.02885395715935954,-0.06871084893812177,-0.1823215567939546,0.7833333333333333,0.7850442120382424,-0.5000000000000012,0.8660254037844379,-0.7907757369376986,-0.6121059825476627,0.7818314824680298,0.6234898018587336
-0.06923937178042178,0.012000356403896703,0.05300042945725541,-0.06483538918190665,3.86702563949741,0.7833333333333333,0.7850890973562549,-0.5000000000000012,0.8660254037844379,-0.8978045395707417,-0.44039415155763423,0.9749279121818236,-0.22252093395631434
0.06511243490973866,-0.053000429457255346,-0.053000429457255346,0.06070845231122359,-4.09016919081162,0.7833333333333333,0.7851339826742673,-0.5000000000000012,0.8660254037844379,-0.9680771188662041,-0.2506525322587213,0.43388373911755823,-0.900968867902419
-0.06511243490973866,0.04505168324448194,0.03693198051440707,0.03708191423921023,2.1102132003465894,0.7833333333333333,0.7851788679922798,-0.5000000000000012,0.8660254037844379,-0.9987165071710528,-0.05064916883871355,-0.433883739117558,-0.9009688679024191
0.0308909405897198,-0.008119702730074828,-0.07528041170510917,-0.07130340855922912,2.105611259413221,0.7833333333333333,0.7852237533102923,-0.5000000000000012,0.8660254037844379,-0.9884683243281114,0.15142777750457667,-0.9749279121818236,-0.2225209339563146
-0.008712374328694355,-0.012087347683333676,0.008637123999408554,0.05905857875021799,-3.0371694634181643,0.7833333333333333,0.7853584092643296,-0.5000000000000012,0.8660254037844379,-0.7247927872291207,0.6889669190756859,0.7818314824680298,0.6234898018587336
0.06777095307891233,-0.004134485271557494,0.05042145475080949,0.0,-4.867534450455582,0.7833333333333333,0.7854032945823421,-0.5000000000000012,0.8660254037844379,-0.5712682150947924,0.8207634412072763,0.9749279121818236,-0.22252093395631434
-0.054788273917149875,-0.054788273917149875,-0.054788273917149875,-0.054788273917149875,3.912023005428146,0.7833333333333333,0.7854481799003546,-0.5000000000000012,0.8660254037844379,-0.3943558551133187,0.9189578116202306,0.43388373911755823,-0.900968867902419
0.0465775977614168,0.0629320835169934,0.0465775977614168,0.05478827391714981,0.6931471805599453,0.7833333333333333,0.7854930652183671,-0.5000000000000012,0.8660254037844379,-0.20129852008866114,0.9795299412524943,-0.433883739117558,-0.9009688679024191
0.008210676155733097,-0.008143809599843527,0.008210676155733097,0.0,-4.605170185988091,0.7833333333333333,0.7855379505363796,-2.4492935982947064e-16,1.0,0.20129852008866006,0.9795299412524945,-0.9749279121818236,-0.2225209339563146
-0.054788273917149875,0.059674990689568,-0.016489326009453773,-0.054788273917149875,4.248495242049359,0.7833333333333333,0.785672606490417,-2.4492935982947064e-16,1.0,0.72479278722912,0.6889669190756866,0.7818314824680298,0.6234898018587336
-0.0487325820429082,-0.051531181089724445,0.024633135609297304,-0.0487325820429082,0.5389965007326869,0.7833333333333333,0.7857174918084295,-2.4492935982947064e-16,1.0,0.8486442574947509,0.5289640103269624,0.9749279121818236,-0.22252093395631434
0.0,-0.11166466555990164,-0.11166466555990164,0.0,-4.787491742782046,0.7833333333333333,0.785762377126442,-2.4492935982947064e-16,1.0,0.9377521321470804,0.3473052528448203,0.43388373911755823,-0.900968867902419
-0.04653153179494459,0.06597340413873475,-0.04653153179494459,-0.04653153179494459,4.0943445622221,0.7833333333333333,0.7858072624444544,-2.4492935982947064e-16,1.0,0.9884683243281114,0.1514277775045767,-0.433883739117558,-0.9009688679024191
-0.01918462726637948,-0.05240206751861439,-0.01918462726637948,0.060102868415064875,2.6968769005040847,0.7833333333333333,0.7858521477624669,-2.4492935982947064e-16,1.0,0.9987165071710528,-0.05064916883871264,-0.9749279121818236,-0.2225209339563146
0.03800812193612977,0.004403982598515006,0.08369147827995939,-0.04127937374531466,-0.4996523231678654,0.7833333333333333,0.7859868037165044,-2.4492935982947064e-16,1.0,0.7907757369376989,-0.6121059825476626,0.7818314824680298,0.6234898018587336
-0.05769970167930895,-0.1033830580231387,-0.1033830580231387,-0.05769970167930895,-2.890371757896165,0.7833333333333333,0.7860316890345168,-2.4492935982947064e-16,1.0,0.6513724827222223,-0.758758122692791,0.9749279121818236,-0.22252093395631434
-0.040311786229000675,-0.040311786229000675,-0.040311786229000675,-0.040311786229000675,-0.40546510810816444,0.7833333333333333,0.7860765743525293,-2.4492935982947064e-16,1.0,0.48530196253108104,-0.8743466161445821,0.43388373911755823,-0.900968867902419
0.0,0.0,0.0,0.0,-2.995732273553991,0.7833333333333333,0.7861214596705418,-2.4492935982947064e-16,1.0,0.29936312297335804,-0.9541392564000488,-0.433883739117558,-0.9009688679024191
0.010231314950909745,0.06476988063269716,0.06476988063269716,0.010231314950909745,2.995732273553991,0.7833333333333333,0.7861663449885543,-2.4492935982947064e-16,1.0,0.10116832198743272,-0.994869323391895,-0.9749279121818236,-0.2225209339563146
0.02519565068625741,0.0,0.0,0.02519565068625741,0.0,0.7833333333333333,0.7863010009425917,-2.4492935982947064e-16,1.0,-0.4853019625310808,-0.8743466161445822,0.7818314824680298,0.6234898018587336
0.0,-0.029342914995529934,-0.029342914995529934,0.0,-2.995732273553991,0.7833333333333333,0.7863458862606042,-2.4492935982947064e-16,1.0,-0.6513724827222217,-0.7587581226927913,0.9749279121818236,-0.22252093395631434
-0.035426965637167136,0.06729741701701884,0.06729741701701884,-0.035426965637167136,4.499809670330265,0.7833333333333333,0.7863907715786167,-2.4492935982947064e-16,1.0,-0.7907757369376986,-0.6121059825476627,0.43388373911755823,-0.900968867902419
0.005060531896464207,-0.037954502021488805,-0.037954502021488805,0.005060531896464207,-1.5040773967762742,0.7833333333333333,0.7864356568966292,-2.4492935982947064e-16,1.0,-0.8978045395707417,-0.44039415155763423,-0.433883739117558,-0.9009688679024191
0.06458115324381683,0.004871804507583877,0.004871804507583877,0.06458115324381683,1.791759469228055,0.7833333333333333,0.7864805422146416,-2.4492935982947064e-16,1.0,-0.9680771188662041,-0.2506525322587213,-0.9749279121818236,-0.2225209339563146
0.037773485031209704,0.06510588797142138,0.037773485031209704,0.05607783989322297,-0.6931471805599453,0.7833333333333333,0.7866151981686791,-2.4492935982947064e-16,1.0,-0.9377521321470804,0.3473052528448203,0.7818314824680298,0.6234898018587336
-0.037773485031209614,0.03543422913164158,0.06276663207185337,-0.056077839893222944,0.5108256237659907,0.7833333333333333,0.7866600834866916,-2.4492935982947064e-16,1.0,-0.8486442574947509,0.5289640103269624,0.9749279121818236,-0.22252093395631434
-0.02932989891128029,-0.044462277209840056,-0.0721703143350344,-0.02932989891128029,-0.10536051565782628,0.7833333333333333,0.7867049688047041,-2.4492935982947064e-16,1.0,-0.7247927872291207,0.6889669190756859,0.43388373911755823,-0.900968867902419
-0.06755461068825086,-0.018304354862013376,0.009403682263180993,-0.06642800868203279,4.881117002221451,0.7833333333333333,0.7867498541227165,-2.4492935982947064e-16,1.0,-0.5712682150947924,0.8207634412072763,-0.433883739117558,-0.9009688679024191
-0.04776208918432911,-0.0671033839424899,-0.0671033839424899,0.056501383592922366,-0.5074586172180864,0.7833333333333333,0.786794739440729,-2.4492935982947064e-16,1.0,-0.3943558551133187,0.9189578116202306,-0.9749279121818236,-0.2225209339563146
0.08523622859448891,0.029329898911280294,0.029329898911280294,0.039256524000390695,-1.090244038997593,0.8,0.7869742807127789,0.49999999999999994,0.8660254037844387,0.39435585511331855,0.9189578116202306,0.9749279121818236,-0.22252093395631434
0.03008047127809093,0.06510588797142138,0.0,-0.02932989891128029,-0.8171998292299242,0.8,0.7870191660307914,0.49999999999999994,0.8660254037844387,0.5712682150947923,0.8207634412072763,0.43388373911755823,-0.900968867902419
-0.009926625089110495,-0.0651058879714214,-0.004871804507583885,-0.009926625089110495,-3.2771447329921766,0.8,0.7870640513488039,0.49999999999999994,0.8660254037844387,0.72479278722912,0.6889669190756866,-0.433883739117558,-0.9009688679024191
-0.045026306655680706,0.0,0.004871804507583877,-0.045026306655680706,3.4011973816621555,0.8,0.7871089366668164,0.49999999999999994,0.8660254037844387,0.8486442574947509,0.5289640103269624,-0.9749279121818236,-0.2225209339563146
0.03500015489146807,-0.03925652400039068,-0.04928267576460335,0.04502630665568071,-0.8956714446714193,0.8,0.7872435926208537,0.49999999999999994,0.8660254037844387,0.9987165071710528,-0.05064916883871264,0.7818314824680298,0.6234898018587336
-0.0518379316690564,0.0,-0.04128114420551694,-0.05018778843606999,4.04305126783455,0.8,0.7872884779388662,0.49999999999999994,0.8660254037844387,0.9680771188662043,-0.2506525322587204,0.9749279121818236,-0.22252093395631434
0.04171023724428837,-0.010026151764212583,0.04128114420551701,0.030033942247089378,-5.632286472951131,0.8,0.7873333632568787,0.49999999999999994,0.8660254037844387,0.8978045395707416,-0.4403941515576344,0.43388373911755823,-0.900968867902419
-0.020706944862869496,0.010026151764212624,-0.030834639287637442,-0.01023131495090967,4.02535169073515,0.8,0.7873782485748912,0.49999999999999994,0.8660254037844387,0.7907757369376989,-0.6121059825476626,-0.433883739117558,-0.9009688679024191
0.010475629911959843,0.00992662508911053,0.040860791051850046,0.0,-4.53617731450114,0.8,0.7874231338929036,0.49999999999999994,0.8660254037844387,0.6513724827222223,-0.758758122692791,-0.9749279121818236,-0.2225209339563146
0.010231314950909745,0.024458094403696343,0.034384719492806845,0.010231314950909745,3.1710851610318525,0.8,0.7875577898469411,0.49999999999999994,0.8660254037844387,0.10116832198743272,-0.994869323391895,0.7818314824680298,0.6234898018587336
0.0009496032728778571,0.009592706417371677,-0.034384719492806796,0.0009496032728778571,1.2793786351952579,0.8,0.7876026751649536,0.49999999999999994,0.8660254037844387,-0.10116832198743204,-0.9948693233918952,0.9749279121818236,-0.22252093395631434
0.0010841578511450083,-0.0047209019097877595,0.039256524000390695,0.0010841578511450083,-0.9290172864133778,0.8,0.787647560482966,0.49999999999999994,0.8660254037844387,-0.29936312297335776,-0.9541392564000489,0.43388373911755823,-0.900968867902419
0.008093933300745171,0.004720901909787861,-0.04928267576460335,0.01010722167960065,0.9172754685366946,0.8,0.7876924458009785,0.49999999999999994,0.8660254037844387,-0.4853019625310808,-0.8743466161445822,-0.433883739117558,-0.9009688679024191
0.0020132883788553315,0.014281443363446346,0.054003577674391075,0.008012863385357201,-2.2414974010142075,0.8,0.787737331118991,0.49999999999999994,0.8660254037844387,-0.6513724827222217,-0.7587581226927913,-0.9749279121818236,-0.2225209339563146
0.037631068217646814,0.009367457494794536,0.014281443363446346,0.06762632676841938,1.7824570765657415,0.8,0.7878719870730284,0.49999999999999994,0.8660254037844387,-0.9680771188662041,-0.2506525322587213,0.7818314824680298,0.6234898018587336
0.03800812193612977,0.0,0.009367457494794536,0.0,-8.07402621612406,0.8,0.7879168723910409,0.49999999999999994,0.8660254037844387,-0.9987165071710528,-0.05064916883871355,0.9749279121818236,-0.22252093395631434
0.0,0.0,0.0,0.0,0.0,0.8,0.7879617577090534,0.49999999999999994,0.8660254037844387,-0.9884683243281114,0.15142777750457667,0.43388373911755823,-0.900968867902419
-0.018823494669750224,0.06345794000634014,0.027708037125194228,-0.018823494669750224,8.83346272071993,0.8,0.7880066430270659,0.49999999999999994,0.8660254037844387,-0.9377521321470804,0.3473052528448203,-0.433883739117558,-0.9009688679024191
0.04653153179494467,-0.01777458366251036,0.017975319218635315,0.06450685101358009,0.3637924117075963,0.8,0.7880515283450784,0.49999999999999994,0.8660254037844387,-0.8486442574947509,0.5289640103269624,-0.9749279121818236,-0.2225209339563146
-0.04653153179494459,0.06070845231122359,0.06070845231122359,-0.06450685101358002,-4.815228497753646,0.8,0.7881861842991158,0.49999999999999994,0.8660254037844387,-0.3943558551133187,0.9189578116202306,0.7818314824680298,0.6234898018587336
0.06450685101358009,-0.060708452311223585,-0.060708452311223585,0.06450685101358009,1.8325814637483102,0.8,0.7882310696171283,0.49999999999999994,0.8660254037844387,-0.20129852008866114,0.9795299412524943,0.9749279121818236,-0.22252093395631434
-0.055050813838624216,0.0,0.0,0.0,3.4916472845842277,0.8,0.7882759549351408,0.49999999999999994,0.8660254037844387,-2.4492935982947064e-16,1.0,0.43388373911755823,-0.900968867902419
-0.014281443363446306,0.0394719149267166,-0.059704617596685806,-0.06933225720207055,-4.764612960397115,0.8,0.7883208402531533,0.8660254037844386,0.5000000000000001,0.20129852008866006,0.9795299412524945,-0.433883739117558,-0.9009688679024191
-0.06930205515360466,-0.057447234145352,0.041729298378050374,-0.06930205515360466,2.925463077707435,0.8,0.7883657255711657,0.8660254037844386,0.5000000000000001,0.39435585511331855,0.9189578116202306,-0.9749279121818236,-0.2225209339563146
0.0,-0.1206589931370398,-0.1206589931370398,0.0,-5.564520407322694,0.8,0.7885003815252032,0.8660254037844386,0.5000000000000001,0.8486442574947509,0.5289640103269624,0.7818314824680298,0.6234898018587336
-0.06787285968279197,0.06458115324381683,0.06458115324381683,-0.06350222335468306,6.851184927493743,0.8,0.7885452668432157,0.8660254037844386,0.5000000000000001,0.9377521321470804,0.3473052528448203,0.9749279121818236,-0.22252093395631434
0.0043706363281088385,-0.060496736401592074,-0.060496736401592074,0.0,-2.588505050452427,0.8,0.7885901521612281,0.8660254037844386,0.5000000000000001,0.9884683243281114,0.1514277775045767,0.43388373911755823,-0.900968867902419
0.05844169145821892,-0.009144948738688909,-0.009144948738688909,0.05844169145821892,-4.2626798770413155,0.8,0.7886350374792406,0.8660254037844386,0.5000000000000001,0.9987165071710528,-0.05064916883871264,-0.433883739117558,-0.9009688679024191
0.0,0.0,0.0,0.0,0.6931471805599453,0.8,0.7886799227972531,0.8660254037844386,0.5000000000000001,0.9680771188662043,-0.2506525322587204,-0.9749279121818236,-0.2225209339563146
-0.05293283438364831,-0.05293283438364831,-0.05293283438364831,-0.05293283438364831,2.8622008809294686,0.8,0.7888145787512905,0.8660254037844386,0.5000000000000001,0.6513724827222223,-0.758758122692791,0.7818314824680298,0.6234898018587336
0.0,0.0,0.0,0.0,-2.8622008809294686,0.8,0.788859464069303,0.8660254037844386,0.5000000000000001,0.48530196253108104,-0.8743466161445821,0.9749279121818236,-0.22252093395631434
-0.02207207925993095,-0.02207207925993095,-0.02207207925993095,-0.02207207925993095,4.034240638152395,0.8,0.7892185466134028,0.8660254037844386,0.5000000000000001,-0.8978045395707417,-0.44039415155763423,0.43388373911755823,-0.900968867902419
0.06452928373161947,0.06452928373161947,0.06452928373161947,0.06452928373161947,-3.628775530044231,0.8,0.7892634319314152,0.8660254037844386,0.5000000000000001,-0.9680771188662041,-0.2506525322587213,-0.433883739117558,-0.9009688679024191
0.020706944862869548,0.040860791051850046,0.020706944862869548,0.040860791051850046,0.6931471805599453,0.8,0.7893083172494277,0.8660254037844386,0.5000000000000001,-0.9987165071710528,-0.05064916883871355,-0.9749279121818236,-0.2225209339563146
-0.020706944862869496,-0.04086079105185006,-0.020706944862869496,-0.04086079105185006,2.159484249353372,0.8,0.7894429732034652,0.8660254037844386,0.5000000000000001,-0.8486442574947509,0.5289640103269624,0.7818314824680298,0.6234898018587336
0.0,0.0,0.0,0.0,-3.258096538021482,0.8,0.7894878585214776,0.8660254037844386,0.5000000000000001,-0.7247927872291207,0.6889669190756859,0.9749279121818236,-0.22252093395631434
-0.058928679556520897,0.040860791051850046,-0.058928679556520897,-0.04029098223677656,3.970291913552122,0.8,0.7895327438394901,0.8660254037844386,0.5000000000000001,-0.5712682150947924,0.8207634412072763,0.43388373911755823,-0.900968867902419
0.07650913509222534,-0.014064929467403552,0.07650913509222534,0.06708684382122311,-2.717528945056754,0.8,0.7895776291575026,1.0,6.123233995736766e-17,0.20129852008866006,0.9795299412524945,-0.433883739117558,-0.9009688679024191
0.02328033551614565,0.06766999498296694,0.02328033551614565,0.06766999498296694,2.2735975561207935,0.8,0.7896225144755151,1.0,6.123233995736766e-17,0.39435585511331855,0.9189578116202306,-0.9749279121818236,-0.2225209339563146
-0.014064929467403552,0.06420752839274728,0.10436241197181216,-0.053605065515563245,2.675162334257375,0.8,0.7897571704295525,1.0,6.123233995736766e-17,0.8486442574947509,0.5289640103269624,0.7818314824680298,0.6234898018587336
-0.016320231672486762,-0.06900976180964147,-0.05555957987314302,-0.030385161139890295,-2.7357869560738095,0.8,0.789802055747565,1.0,6.123233995736766e-17,0.9377521321470804,0.3473052528448203,0.9749279121818236,-0.22252093395631434
0.06476988063269716,-0.014418112605862335,-0.014418112605862335,0.06476988063269716,-2.367123614131617,0.8,0.7898469410655775,1.0,6.123233995736766e-17,0.9884683243281114,0.1514277775045767,0.43388373911755823,-0.900968867902419
-0.07109727450764877,0.06541366822214136,-0.07109727450764877,0.060949644400806816,5.22305488204749,0.8,0.78989182638359,1.0,6.123233995736766e-17,0.9987165071710528,-0.05064916883871264,-0.433883739117558,-0.9009688679024191
0.06141165607682148,0.057198539835580244,0.19370948256537046,-0.07063526283163407,-1.4853852637641216,0.8,0.7899367117016025,1.0,6.123233995736766e-17,0.9680771188662043,-0.2506525322587204,-0.9749279121818236,-0.2225209339563146
0.0,-0.06626807416076622,-0.07077286049672171,0.0,2.5964977151964628,0.8,0.7900713676556399,1.0,6.123233995736766e-17,0.6513724827222223,-0.758758122692791,0.7818314824680298,0.6234898018587336
-0.0049434210205678225,0.0,-0.00919405802220637,-0.0049434210205678225,-3.044522437723423,0.8,0.7901162529736524,1.0,6.123233995736766e-17,0.48530196253108104,-0.8743466161445821,0.9749279121818236,-0.22252093395631434
-0.038959922957514555,-0.004504786335955516,0.0091940580222064,0.06646838701239495,0.5020919437972361,0.8,0.7901611382916649,1.0,6.123233995736766e-17,0.29936312297335804,-0.9541392564000488,0.43388373911755823,-0.900968867902419
0.034122996081612594,-0.07130531388829686,-0.07130531388829686,-0.07130531388829686,-3.9740583963475986,0.8,0.7902060236096773,1.0,6.123233995736766e-17,0.10116832198743272,-0.994869323391895,-0.433883739117558,-0.9009688679024191
-0.07142013675843223,-0.07142013675843223,-0.07142013675843223,-0.07142013675843223,-0.916290731874155,0.8,0.7902509089276898,1.0,6.123233995736766e-17,-0.10116832198743204,-0.9948693233918952,-0.9749279121818236,-0.2225209339563146
0.06642800868203264,0.06642800868203264,0.06642800868203264,0.06642800868203264,-0.6931471805599453,0.8,0.7903855648817273,1.0,6.123233995736766e-17,-0.6513724827222217,-0.7587581226927913,0.7818314824680298,0.6234898018587336
-0.07179070852237944,0.06710338394248999,0.06710338394248999,0.06710338394248999,5.308267697401205,0.8,0.7904304501997397,1.0,6.123233995736766e-17,-0.7907757369376986,-0.6121059825476627,0.9749279121818236,-0.22252093395631434
0.16622649540508114,0.06703693690492149,0.0318756914821338,0.0318756914821338,-0.10977066613537899,0.8,0.7904753355177522,1.0,6.123233995736766e-17,-0.8978045395707417,-0.44039415155763423,0.43388373911755823,-0.900968867902419
-0.060384986061633575,-0.02188933595461274,0.013271909468175061,-0.06492827460355553,-2.5594397016505672,0.8,0.7905202208357647,1.0,6.123233995736766e-17,-0.9680771188662041,-0.2506525322587213,-0.433883739117558,-0.9009688679024191
-0.04397742591017846,-0.013271909468175018,-0.013271909468175018,-0.04397742591017846,-1.540445040947149,0.8,0.7905651061537772,1.0,6.123233995736766e-17,-0.9987165071710528,-0.05064916883871355,-0.9749279121818236,-0.2225209339563146
0.0,-0.04127937374531466,-0.08915002047232225,0.0,3.258096538021482,0.8,0.7906997621078146,1.0,6.123233995736766e-17,-0.8486442574947509,0.5289640103269624,0.7818314824680298,0.6234898018587336
0.06762632676841938,0.0,0.04787064672700752,0.06762632676841938,1.8538912503350613,0.8,0.7907446474258271,1.0,6.123233995736766e-17,-0.7247927872291207,0.6889669190756859,0.9749279121818236,-0.22252093395631434
0.009403682263180993,0.04568335634382973,0.009403682263180993,0.027708037125194228,0.2951839831035756,0.8,0.7907895327438396,1.0,6.123233995736766e-17,-0.5712682150947924,0.8207634412072763,0.43388373911755823,-0.900968867902419
-0.05233090796962074,0.008867926869659962,0.018304354862013313,-0.07063526283163407,-1.7783962414158878,0.8,0.7908344180618521,1.0,6.123233995736766e-17,-0.3943558551133187,0.9189578116202306,-0.433883739117558,-0.9009688679024191
0.0,-0.0974785089199295,-0.07063526283163407,0.0,-2.7814776696570274,0.8,0.7908793033798645,1.0,6.123233995736766e-17,-0.20129852008866114,0.9795299412524943,-0.9749279121818236,-0.2225209339563146
0.0049191037703100885,0.06602975232778258,0.06602975232778258,0.06602975232778258,3.367295829986474,0.8,0.791013959333902,0.8660254037844387,-0.4999999999999998,0.39435585511331855,0.9189578116202306,0.7818314824680298,0.6234898018587336
0.0,0.06626807416076635,0.06626807416076635,-0.06111064855747259,-2.6741486494265287,0.8,0.7910588446519145,0.8660254037844387,-0.4999999999999998,0.5712682150947923,0.8207634412072763,0.9749279121818236,-0.22252093395631434
-0.03964435659650221,-0.06166256365691482,-0.16702307931474106,0.01435922107788888,-0.5596157879354228,0.8,0.7911037299699268,0.8660254037844387,-0.4999999999999998,0.72479278722912,0.6889669190756866,0.43388373911755823,-0.900968867902419
0.010026151764212624,0.013571336620120377,0.11893185227794661,-0.04397742591017846,4.241326752570746,0.8,0.7911486152879393,0.8660254037844387,-0.4999999999999998,0.8486442574947509,0.5289640103269624,-0.433883739117558,-0.9009688679024191
-0.05130729596972951,-0.04127937374531466,-0.04127937374531466,-0.05130729596972951,0.8878320437096165,0.8,0.7911935006059518,0.8660254037844387,-0.4999999999999998,0.9377521321470804,0.3473052528448203,-0.9749279121818236,-0.2225209339563146
0.06622604913523936,-0.0527075736029095,-0.0527075736029095,0.06622604913523936,-6.109988049292089,0.8,0.7913281565599892,0.8660254037844387,-0.4999999999999998,0.9680771188662043,-0.2506525322587204,0.7818314824680298,0.6234898018587336
0.06665755601094726,0.06665755601094726,0.06665755601094726,0.06665755601094726,0.6931471805599453,0.8,0.7913730418780017,0.8660254037844387,-0.4999999999999998,0.8978045395707416,-0.4403941515576344,0.9749279121818236,-0.22252093395631434
0.0,0.02278610279535506,0.0,0.004647757877349705,2.6855773452501515,0.8,0.7914179271960142,0.8660254037844387,-0.4999999999999998,0.7907757369376989,-0.6121059825476626,0.43388373911755823,-0.900968867902419
-0.061820629135045234,0.004543288541921875,0.02732939133727703,-0.0664683870123949,-1.8382794848629478,0.8,0.7914628125140267,0.8660254037844387,-0.4999999999999998,0.6513724827222223,-0.758758122692791,-0.433883739117558,-0.9009688679024191
0.0,-0.08915002047232225,-0.08915002047232225,0.0,-1.540445040947149,0.8,0.7915076978320392,0.8660254037844387,-0.4999999999999998,0.48530196253108104,-0.8743466161445821,-0.9749279121818236,-0.2225209339563146
0.014629039451395027,0.014629039451395027,0.014629039451395027,0.014629039451395027,-0.40546510810816444,0.8,0.7916423537860766,0.8660254037844387,-0.4999999999999998,-0.10116832198743204,-0.9948693233918952,0.7818314824680298,0.6234898018587336
0.0,0.0,0.0,0.0,0.0,0.8,0.7916872391040891,0.8660254037844387,-0.4999999999999998,-0.29936312297335776,-0.9541392564000489,0.9749279121818236,-0.22252093395631434
-0.04952941691503093,0.033241607275612504,0.033241607275612504,-0.04952941691503093,3.044522437723423,0.8,0.7917321244221016,0.8660254037844387,-0.4999999999999998,-0.4853019625310808,-0.8743466161445822,0.43388373911755823,-0.900968867902419
0.039843798484203836,-0.018823494669750224,-0.018823494669750224,0.039843798484203836,-1.9459101490553135,0.8,0.7917770097401141,0.8660254037844387,-0.4999999999999998,-0.6513724827222217,-0.7587581226927913,-0.433883739117558,-0.9009688679024191
0.03831691288653083,0.01421318184984145,0.01421318184984145,0.03831691288653083,-0.1823215567939546,0.8,0.7918218950581265,0.8660254037844387,-0.4999999999999998,-0.7907757369376986,-0.6121059825476627,-0.9749279121818236,-0.2225209339563146
-0.06301601394851059,-0.06301601394851059,-0.06301601394851059,-0.06301601394851059,-0.916290731874155,0.8,0.791956551012164,0.8660254037844387,-0.4999999999999998,-0.9987165071710528,-0.05064916883871355,0.7818314824680298,0.6234898018587336
-0.06725569694821798,0.06762632676841938,-0.04920924638552575,-0.06725569694821798,5.065754593317335,0.8,0.7920014363301765,0.8660254037844387,-0.4999999999999998,-0.9884683243281114,0.15142777750457667,0.9749279121818236,-0.22252093395631434
0.0032668163418554845,-0.06762632676841933,0.049209246385525714,0.0032668163418554845,1.1578132464763284,0.8,0.7920912069662014,0.8660254037844387,-0.4999999999999998,-0.8486442574947509,0.5289640103269624,-0.433883739117558,-0.9009688679024191
0.06398888060636243,0.0,0.0,0.06398888060636243,-5.124955551125554,0.8,0.7921360922842139,0.8660254037844387,-0.4999999999999998,-0.7247927872291207,0.6889669190756859,-0.9749279121818236,-0.2225209339563146
-0.06512395450802655,0.06762632676841938,-0.06512395450802655,0.0,4.48676195493779,0.8,0.7923605188742763,0.5000000000000003,-0.8660254037844385,0.39435585511331855,0.9189578116202306,0.43388373911755823,-0.900968867902419
0.1139267866066956,0.0,0.132750281276446,0.04880283209866919,-3.880626151367474,0.8,0.7924054041922888,0.5000000000000003,-0.8660254037844385,0.5712682150947923,0.8207634412072763,-0.433883739117558,-0.9009688679024191
-0.0488028320986691,0.04568335634382973,0.03673608520339273,-0.0488028320986691,3.5960661545081987,0.8,0.7924502895103013,0.5000000000000003,-0.8660254037844385,0.72479278722912,0.6889669190756866,-0.9749279121818236,-0.2225209339563146
0.0,-0.11330968311224911,-0.10436241197181216,0.0,-5.300814246746624,0.8,0.7925849454643387,0.5000000000000003,-0.8660254037844385,0.9884683243281114,0.1514277775045767,0.7818314824680298,0.6234898018587336
0.02961820483228954,0.06762632676841938,0.02961820483228954,0.05825886927362478,1.3862943611198906,0.8,0.7926298307823512,0.5000000000000003,-0.8660254037844385,0.9987165071710528,-0.05064916883871264,0.9749279121818236,-0.22252093395631434
0.009638319168101081,0.05455128321348976,0.09255940514961938,-0.019002345273234134,2.9894626605403958,0.8,0.7926747161003637,0.5000000000000003,-0.8660254037844385,0.9680771188662043,-0.2506525322587204,0.43388373911755823,-0.900968867902419
0.0,-0.0829210859815184,-0.0829210859815184,0.0,-7.371489295214277,0.8,0.792719601418376,0.5000000000000003,-0.8660254037844385,0.8978045395707416,-0.4403941515576344,-0.433883739117558,-0.9009688679024191
-0.07183797977742762,0.06510588797142138,0.06510588797142138,-0.06964168514028102,8.480529207044645,0.8,0.7927644867363886,0.5000000000000003,-0.8660254037844385,0.7907757369376989,-0.6121059825476626,-0.9749279121818236,-0.2225209339563146
0.002196294637146601,-0.13474757311170246,-0.13474757311170246,0.0,-8.480529207044645,0.8,0.792899142690426,0.5000000000000003,-0.8660254037844385,0.29936312297335804,-0.9541392564000488,0.7818314824680298,0.6234898018587336
0.03038516113989032,0.03038516113989032,0.03038516113989032,0.03038516113989032,3.912023005428146,0.8,0.7929440280084384,0.5000000000000003,-0.8660254037844385,0.10116832198743272,-0.994869323391895,0.9749279121818236,-0.22252093395631434
-0.06073270161268493,0.06762632676841938,0.06762632676841938,-0.06073270161268493,-0.2231435513142097,0.8,0.7929889133264509,0.5000000000000003,-0.8660254037844385,-0.10116832198743204,-0.9948693233918952,0.43388373911755823,-0.900968867902419
0.019871910560834805,-0.06258452227114245,-0.06258452227114245,0.019871910560834805,-0.6931471805599453,0.8,0.7930337986444634,0.5000000000000003,-0.8660254037844385,-0.29936312297335776,-0.9541392564000489,-0.433883739117558,-0.9009688679024191
-0.02100329238141888,-0.0669058879305459,-0.0669058879305459,-0.02100329238141888,1.8718021769015913,0.8,0.7930786839624759,0.5000000000000003,-0.8660254037844385,-0.4853019625310808,-0.8743466161445822,-0.9749279121818236,-0.2225209339563146
0.010556787463539443,0.06690588793054583,0.010556787463539443,0.06690588793054583,-0.08004270767353637,0.8,0.7932133399165133,0.5000000000000003,-0.8660254037844385,-0.8978045395707417,-0.44039415155763423,0.7818314824680298,0.6234898018587336
-0.010556787463539396,0.06729741701701884,0.12364651748402515,0.06729741701701884,4.524502282920636,0.8,0.7932582252345258,0.5000000000000003,-0.8660254037844385,-0.9680771188662041,-0.2506525322587213,0.9749279121818236,-0.22252093395631434
0.06690588793054583,0.045473372394014985,0.045473372394014985,-0.06729741701701883,-3.002075747476166,0.8,0.7933031105525383,0.5000000000000003,-0.8660254037844385,-0.9987165071710528,-0.05064916883871355,0.43388373911755823,-0.900968867902419
-0.005041804497276909,-0.04547337239401491,-0.11277078941103376,0.06729741701701884,0.16705408466316624,0.8,0.7933479958705508,0.5000000000000003,-0.8660254037844385,-0.9884683243281114,0.15142777750457667,-0.433883739117558,-0.9009688679024191
0.0,0.032023190457516525,-0.005041804497276909,-0.06729741701701883,-2.7880929087757464,0.8,0.7933928811885633,0.5000000000000003,-0.8660254037844385,-0.9377521321470804,0.3473052528448203,-0.9749279121818236,-0.2225209339563146
-0.06073270161268493,-0.03202319045751645,-0.06073270161268493,0.06729741701701884,3.248434627109745,0.8,0.7935275371426007,0.5000000000000003,-0.8660254037844385,-0.5712682150947924,0.8207634412072763,0.7818314824680298,0.6234898018587336
0.06073270161268503,-0.023536389415626607,0.10953553371135395,-0.0723392215142957,1.4336966000144746,0.8,0.7935724224606132,0.5000000000000003,-0.8660254037844385,-0.3943558551133187,0.9189578116202306,0.9749279121818236,-0.22252093395631434
0.00992662508911053,0.018823494669750248,0.018823494669750248,0.00992662508911053,-2.8495497633759097,0.8,0.7936173077786257,0.5000000000000003,-0.8660254037844385,-0.20129852008866114,0.9795299412524943,0.43388373911755823,-0.900968867902419
0.029329898911280294,0.009403682263180993,-0.02836980276802868,0.06710338394248999,2.847232265235547,0.8,0.7936621930966381,0.5000000000000003,-0.8660254037844385,-2.4492935982947064e-16,1.0,-0.433883739117558,-0.9009688679024191
-0.02932989891128029,0.018304354862013313,0.05607783989322297,-0.0671033839424899,-3.763522997109702,0.8,0.7937070784146506,1.2246467991473532e-16,-1.0,0.20129852008866006,0.9795299412524945,-0.9749279121818236,-0.2225209339563146
0.014772475972869056,-0.027708037125194335,-0.027708037125194335,0.014772475972869056,0.09531017980432493,0.8,0.7938417343686881,1.2246467991473532e-16,-1.0,0.72479278722912,0.6889669190756866,0.7818314824680298,0.6234898018587336
-0.024699101061979582,0.009403682263180993,-0.0527075736029095,0.0049191037703100885,2.4541349911212467,0.8,0.7938866196867005,1.2246467991473532e-16,-1.0,0.8486442574947509,0.5289640103269624,0.9749279121818236,-0.22252093395631434
-0.039752911143490444,0.0,-0.05467166430900032,0.004766514660517182,-2.2870809064580806,0.8,0.793931505004713,1.2246467991473532e-16,-1.0,0.9377521321470804,0.3473052528448203,0.43388373911755823,-0.900968867902419
0.13508727503710408,0.018304354862013313,0.13508727503710408,0.060949644400806816,2.3978952727983707,0.8,0.7939763903227255,1.2246467991473532e-16,-1.0,0.9884683243281114,0.1514277775045767,-0.433883739117558,-0.9009688679024191
-0.06571615906132408,0.06166256365691483,-0.03707549461998881,-0.06571615906132408,-3.1710851610318525,0.8,0.794021275640738,1.2246467991473532e-16,-1.0,0.9987165071710528,-0.05064916883871264,-0.9749279121818236,-0.2225209339563146
0.01435922107788888,-0.06166256365691482,-0.014281443363446306,0.06571615906132396,2.899588413001089,0.8,0.7941559315947754,1.2246467991473532e-16,-1.0,0.7907757369376989,-0.6121059825476626,0.7818314824680298,0.6234898018587336
0.004825406188490585,0.06166256365691483,0.014281443363446346,-0.04653153179494459,-0.7023638356648693,0.8,0.7942008169127879,1.2246467991473532e-16,-1.0,0.6513724827222223,-0.758758122692791,0.9749279121818236,-0.22252093395631434
-0.005080021084837478,-0.04868785016767164,0.050050208109232,-0.005080021084837478,-0.587786664902119,0.8,0.7942457022308004,1.2246467991473532e-16,-1.0,0.48530196253108104,-0.8743466161445821,0.43388373911755823,-0.900968867902419
0.0,-0.029310563778584257,-0.06458626636902523,0.035275702590440904,-1.3217558399823195,0.8,0.7942905875488129,1.2246467991473532e-16,-1.0,0.29936312297335804,-0.9541392564000488,-0.433883739117558,-0.9009688679024191
0.005080021084837554,0.06702436691427914,0.09294611250944429,-0.029182766757059827,2.8622008809294686,0.8,0.7943354728668253,1.2246467991473532e-16,-1.0,0.10116832198743272,-0.994869323391895,-0.9749279121818236,-0.2225209339563146
-0.02787413139489393,-0.1250941798147766,-0.11574022281950071,-0.02888704614343757,-2.5437471498109336,0.8,0.7944701288208628,1.2246467991473532e-16,-1.0,-0.4853019625310808,-0.8743466161445822,0.7818314824680298,0.6234898018587336
-0.01694621833945766,0.027874131394893902,0.027874131394893902,-0.01694621833945766,0.49247648509779424,0.8,0.7945150141388753,1.2246467991473532e-16,-1.0,-0.6513724827222217,-0.7587581226927913,0.9749279121818236,-0.22252093395631434
-0.002122016711397809,0.020190039388282358,0.020190039388282358,0.0,1.4403615823901663,0.8,0.7945598994568877,1.2246467991473532e-16,-1.0,-0.7907757369376986,-0.6121059825476627,0.43388373911755823,-0.900968867902419
0.0031813388443572145,0.0,0.0,0.013815100321480143,-0.5465437063680699,0.8,0.7946047847749002,1.2246467991473532e-16,-1.0,-0.8978045395707417,-0.44039415155763423,-0.433883739117558,-0.9009688679024191
0.01275577818852084,-0.051195288801153614,-0.051195288801153614,0.0,-1.4816045409242156,0.8,0.7946496700929127,1.2246467991473532e-16,-1.0,-0.9680771188662041,-0.2506525322587213,-0.9749279121818236,-0.2225209339563146
0.0,0.0,0.0,0.0,-1.6094379124341003,0.8,0.79478432604695,1.2246467991473532e-16,-1.0,-0.9377521321470804,0.3473052528448203,0.7818314824680298,0.6234898018587336
0.04121392084312421,0.06610530563356462,0.06610530563356462,0.06610530563356462,3.044522437723423,0.8,0.7948292113649625,1.2246467991473532e-16,-1.0,-0.8486442574947509,0.5289640103269624,0.9749279121818236,-0.22252093395631434
-0.04448596093273561,0.0667071562060955,0.06211999219918937,-0.05054684321326605,1.4156219762144104,0.8,0.794874096682975,1.2246467991473532e-16,-1.0,-0.7247927872291207,0.6889669190756859,0.43388373911755823,-0.900968867902419
0.034277289502482704,-0.05201618598529581,-0.047429021978389746,0.015446786992572674,-1.9752377641498333,0.8,0.7949189820009875,1.2246467991473532e-16,-1.0,-0.5712682150947924,0.8207634412072763,-0.433883739117558,-0.9009688679024191
0.025267135304454454,0.01447826666623069,0.01447826666623069,0.025267135304454454,-0.40546510810816444,0.8,0.794963867319,1.2246467991473532e-16,-1.0,-0.3943558551133187,0.9189578116202306,-0.9749279121818236,-0.2225209339563146
0.014713360081147401,0.02834245222596495,0.02834245222596495,0.01969121289018168,2.257849199152654,0.8,0.7950985232730374,-0.4999999999999997,-0.8660254037844388,0.39435585511331855,0.9189578116202306,0.7818314824680298,0.6234898018587336
-0.00978481387999827,0.018420519702286135,-0.04765339713905232,-0.014762666689032635,-1.5964507169072892,0.8,0.7951434085910499,-0.4999999999999997,-0.8660254037844388,0.5712682150947923,0.8207634412072763,0.9749279121818236,-0.22252093395631434
0.004904374715089898,-0.013812216616091834,-0.009858291973942869,0.00978481387999827,0.25489224962879004,0.8,0.7951882939090624,-0.4999999999999997,-0.8660254037844388,0.72479278722912,0.6889669190756866,0.43388373911755823,-0.900968867902419
0.009858291973942833,0.00458716400690614,0.0667071562060955,0.004977852809034483,-1.2039728043259361,0.8,0.7952331792270749,-0.4999999999999997,-0.8660254037844388,0.8486442574947509,0.5289640103269624,-0.433883739117558,-0.9009688679024191
-0.01969121289018182,-0.004587164006906043,-0.004587164006906043,-0.004977852809034408,0.6505875661411494,0.8,0.7952780645450873,-0.4999999999999997,-0.8660254037844388,0.9377521321470804,0.3473052528448203,-0.9749279121818236,-0.2225209339563146
0.009832920916238833,0.0,0.0,-0.0048804391649085385,-1.5260563034950494,0.8,0.7954127204991248,-0.4999999999999997,-0.8660254037844388,0.9680771188662043,-0.2506525322587204,0.7818314824680298,0.6234898018587336
-0.004904374715089764,-0.004608303086194219,-0.004608303086194219,-0.004904374715089764,0.6931471805599453,0.8,0.7954576058171373,-0.4999999999999997,-0.8660254037844388,0.8978045395707416,-0.4403941515576344,0.9749279121818236,-0.22252093395631434
-0.05391018126913374,0.0,0.0,0.04834524617921038,1.4586150226995167,0.8,0.7955024911351497,-0.4999999999999997,-0.8660254037844388,0.7907757369376989,-0.6121059825476626,0.43388373911755823,-0.900968867902419
0.06369499514913193,-0.023601983524046896,-0.028342452225964893,-0.038560432299212,2.1276778426393186,0.8,0.7955473764531622,-0.4999999999999997,-0.8660254037844388,0.6513724827222223,-0.758758122692791,-0.433883739117558,-0.9009688679024191
-0.019790455997319416,-0.04881972242135918,-0.04407925371944115,-0.019790455997319416,-3.586292865338835,0.8,0.7955922617711747,-0.4999999999999997,-0.8660254037844388,0.48530196253108104,-0.8743466161445821,-0.9749279121818236,-0.2225209339563146
0.0,0.05835088829653134,0.05835088829653134,0.0,2.580216829592325,0.8,0.7957269177252121,-0.4999999999999997,-0.8660254037844388,-0.10116832198743204,-0.9948693233918952,0.7818314824680298,0.6234898018587336
0.0,-0.058350888296531435,-0.058350888296531435,0.0,-4.882801922586371,0.8,0.7957718030432246,-0.4999999999999997,-0.8660254037844388,-0.29936312297335776,-0.9541392564000489,0.9749279121818236,-0.22252093395631434
0.0,0.05835088829653134,0.05835088829653134,0.0,1.0986122886681098,0.8,0.7958166883612371,-0.4999999999999997,-0.8660254037844388,-0.4853019625310808,-0.8743466161445822,0.43388373911755823,-0.900968867902419
0.019790455997319437,-0.009531165875172306,-0.009531165875172306,0.019790455997319437,0.9808292530117262,0.8,0.7958615736792496,-0.4999999999999997,-0.8660254037844388,-0.6513724827222217,-0.7587581226927913,-0.433883739117558,-0.9009688679024191
-0.00978481387999827,0.0,0.0,-0.00978481387999827,0.11778303565638346,0.8,0.7959064589972621,-0.4999999999999997,-0.8660254037844388,-0.7907757369376986,-0.6121059825476627,-0.9749279121818236,-0.2225209339563146
-0.004928546201149093,-0.04374262650518707,-0.04374262650518707,-0.004928546201149093,-2.1972245773362196,0.8,0.7960411149512995,-0.4999999999999997,-0.8660254037844388,-0.9987165071710528,-0.05064916883871355,0.7818314824680298,0.6234898018587336
-0.01005532648359341,-0.01005532648359341,-0.01005532648359341,-0.01005532648359341,2.70805020110221,0.8,0.796086000269312,-0.4999999999999997,-0.8660254037844388,-0.9884683243281114,0.15142777750457667,0.9749279121818236,-0.22252093395631434
0.0,0.0,0.0,0.0,-5.0106352940962555,0.8,0.7961308855873245,-0.4999999999999997,-0.8660254037844388,-0.9377521321470804,0.3473052528448203,0.43388373911755823,-0.900968867902419
-0.004000505397854468,0.0490574842868626,0.0,0.0490574842868626,6.659293919683638,0.8,0.7961757709053369,-0.4999999999999997,-0.8660254037844388,-0.8486442574947509,0.5289640103269624,-0.433883739117558,-0.9009688679024191
0.04829494186118134,0.05128735471678643,0.0442944364633268,0.0,-1.6486586255873816,0.8,0.7962206562233494,-0.4999999999999997,-0.8660254037844388,-0.7247927872291207,0.6889669190756859,-0.9749279121818236,-0.2225209339563146
-0.04429443646332684,0.0,0.056050402540322196,-0.049057484286862574,-0.3101549283038396,0.8,0.7963553121773869,-0.4999999999999997,-0.8660254037844388,-0.20129852008866114,0.9795299412524943,0.7818314824680298,0.6234898018587336
0.05379795298878059,-0.04182878337254548,-0.04182878337254548,0.05851605563110362,0.6931471805599453,0.8,0.7964001974953993,-0.4999999999999997,-0.8660254037844388,-2.4492935982947064e-16,1.0,0.9749279121818236,-0.22252093395631434
-0.051803685843971665,-0.05652178848629471,-0.05652178848629471,-0.05652178848629471,-3.0910424533583156,0.8,0.7964450828134118,-0.8660254037844385,-0.5000000000000004,0.20129852008866006,0.9795299412524945,0.43388373911755823,-0.900968867902419
0.0,0.0,0.0,0.0,-2.3025850929940455,0.8,0.7964899681314243,-0.8660254037844385,-0.5000000000000004,0.39435585511331855,0.9189578116202306,-0.433883739117558,-0.9009688679024191
-0.003992519339640268,0.002983963422612542,0.002983963422612542,-0.0009966364348061685,7.326465613840322,0.8,0.7965348534494368,-0.8660254037844385,-0.5000000000000004,0.5712682150947923,0.8207634412072763,-0.9749279121818236,-0.2225209339563146
0.002995882904834029,-0.00398059985741876,-0.00398059985741876,0.0,-7.326465613840322,0.8,0.7966695094034741,-0.8660254037844385,-0.5000000000000004,0.9377521321470804,0.3473052528448203,0.7818314824680298,0.6234898018587336
0.000996636434806161,0.04805985357686,0.04805985357686,0.000996636434806161,5.966146739123692,0.8,0.7967143947214866,-0.8660254037844385,-0.5000000000000004,0.9884683243281114,0.1514277775045767,0.9749279121818236,-0.22252093395631434
0.002983963422612542,-0.04407925371944115,-0.04407925371944115,0.002983963422612542,-3.6635616461296463,0.8,0.7967592800394991,-0.8660254037844385,-0.5000000000000004,0.9987165071710528,-0.05064916883871264,0.43388373911755823,-0.900968867902419
0.0,0.0,0.0,0.0,-2.3025850929940455,0.8,0.7968041653575116,-0.8660254037844385,-0.5000000000000004,0.9680771188662043,-0.2506525322587204,-0.433883739117558,-0.9009688679024191
0.04407925371944109,0.04407925371944109,0.04407925371944109,0.04407925371944109,2.302585092994046,0.8,0.7968490506755241,-0.8660254037844385,-0.5000000000000004,0.8978045395707416,-0.4403941515576344,-0.9749279121818236,-0.2225209339563146
-0.04407925371944115,-0.04407925371944115,-0.04407925371944115,-0.04407925371944115,0.0,0.8,0.7969837066295615,-0.8660254037844385,-0.5000000000000004,0.48530196253108104,-0.8743466161445821,0.7818314824680298,0.6234898018587336
0.0,0.039316205895905336,0.039316205895905336,0.0,0.6931471805599453,0.8,0.797028591947574,-0.8660254037844385,-0.5000000000000004,0.29936312297335804,-0.9541392564000488,0.9749279121818236,-0.22252093395631434
0.0,-0.03931620589590546,-0.03931620589590546,0.0,-2.995732273553991,0.8,0.7970734772655865,-0.8660254037844385,-0.5000000000000004,0.10116832198743272,-0.994869323391895,0.43388373911755823,-0.900968867902419
0.0,0.0,0.0,0.0,0.0,0.8,0.7971183625835989,-0.8660254037844385,-0.5000000000000004,-0.10116832198743204,-0.9948693233918952,-0.433883739117558,-0.9009688679024191
0.01000564211732117,0.039316205895905336,0.039316205895905336,0.01000564211732117,2.995732273553991,0.8,0.7971632479016114,-0.8660254037844385,-0.5000000000000004,-0.29936312297335776,-0.9541392564000489,-0.9749279121818236,-0.2225209339563146
0.034073611602120024,0.004763047823535716,0.004763047823535716,0.034073611602120024,-0.6931471805599453,0.8,0.7972979038556489,-0.8660254037844385,-0.5000000000000004,-0.7907757369376986,-0.6121059825476627,0.7818314824680298,0.6234898018587336
-0.04407925371944115,0.0,0.0,-0.04407925371944115,4.2626798770413155,0.8,0.7973427891736613,-0.8660254037844385,-0.5000000000000004,-0.8978045395707417,-0.44039415155763423,0.9749279121818236,-0.22252093395631434
0.0050770959161720785,0.0,0.0,0.0050770959161720785,-3.164067588373206,0.8,0.7973876744916738,-0.8660254037844385,-0.5000000000000004,-0.9680771188662041,-0.2506525322587213,0.43388373911755823,-0.900968867902419
0.0,-0.039002157803269204,-0.039002157803269204,0.0,-3.4011973816621555,0.8,0.7974325598096863,-0.8660254037844385,-0.5000000000000004,-0.9987165071710528,-0.05064916883871355,-0.433883739117558,-0.9009688679024191
-0.04071392229702715,0.06734461002923416,0.039002157803269176,-0.04071392229702715,4.0943445622221,0.8,0.7974774451276988,-0.8660254037844385,-0.5000000000000004,-0.9884683243281114,0.15142777750457667,-0.9749279121818236,-0.2225209339563146
0.010366765907735338,-0.05263124994808674,-0.04407925371944115,0.010366765907735338,-0.1823215567939546,0.8,0.7976121010817362,-0.8660254037844385,-0.5000000000000004,-0.7247927872291207,0.6889669190756859,0.7818314824680298,0.6234898018587336
0.0,-0.04506051647043919,-0.025270060473119853,0.0,-3.912023005428146,0.8,0.7976569863997487,-0.8660254037844385,-0.5000000000000004,-0.5712682150947924,0.8207634412072763,0.9749279121818236,-0.22252093395631434
0.06458626636902531,0.06458626636902531,0.06458626636902531,0.06458626636902531,2.302585092994046,0.8,0.7977018717177612,-0.8660254037844385,-0.5000000000000004,-0.3943558551133187,0.9189578116202306,0.43388373911755823,-0.900968867902419
-0.05647057384090431,-0.05647057384090431,-0.05647057384090431,-0.05647057384090431,1.791759469228055,0.8,0.7977467570357737,-0.8660254037844385,-0.5000000000000004,-0.20129852008866114,0.9795299412524943,-0.433883739117558,-0.9009688679024191
-0.002022756694739888,0.06597409036635798,0.06597409036635798,-0.002022756694739888,-1.0986122886681098,0.8,0.7977916423537861,-0.8660254037844385,-0.5000000000000004,-2.4492935982947064e-16,1.0,-0.9749279121818236,-0.2225209339563146
-0.005074864989530355,-0.07307171205062825,-0.07307171205062825,-0.005074864989530355,-0.6931471805599453,0.8,0.7979711836258361,-1.0,-1.8369701987210297e-16,0.72479278722912,0.6889669190756866,0.9749279121818236,-0.22252093395631434
0.0,0.0,0.0,0.0,-2.3025850929940455,0.8,0.7980160689438485,-1.0,-1.8369701987210297e-16,0.8486442574947509,0.5289640103269624,0.43388373911755823,-0.900968867902419
0.0,0.0,0.0,0.0,0.0,0.8,0.798060954261861,-1.0,-1.8369701987210297e-16,0.9377521321470804,0.3473052528448203,-0.433883739117558,-0.9009688679024191
0.0,0.0,0.0,0.0,0.0,0.8,0.7981058395798735,-1.0,-1.8369701987210297e-16,0.9884683243281114,0.1514277775045767,-0.9749279121818236,-0.2225209339563146
-0.0010180708438506643,0.05866241242880786,0.05866241242880786,-0.0010180708438506643,3.4011973816621555,0.8,0.798240495533911,-1.0,-1.8369701987210297e-16,0.8978045395707416,-0.4403941515576344,0.7818314824680298,0.6234898018587336
0.0,-0.05968048327265852,-0.05968048327265852,0.0,-3.4011973816621555,0.8,0.7982853808519234,-1.0,-1.8369701987210297e-16,0.7907757369376989,-0.6121059825476626,0.9749279121818236,-0.22252093395631434
0.0,0.0,0.0,0.0,0.0,0.8,0.7983302661699359,-1.0,-1.8369701987210297e-16,0.6513724827222223,-0.758758122692791,0.43388373911755823,-0.900968867902419
0.0,0.0,0.0,0.0,0.0,0.8,0.7983751514879484,-1.0,-1.8369701987210297e-16,0.48530196253108104,-0.8743466161445821,-0.433883739117558,-0.9009688679024191
0.0,0.0,0.0,0.0,0.0,0.8,0.7984200368059609,-1.0,-1.8369701987210297e-16,0.29936312297335804,-0.9541392564000488,-0.9749279121818236,-0.2225209339563146
-0.018634478678692747,0.06458626636902531,0.0,-0.018634478678692747,8.531096096585228,0.8,0.7985546927599982,-1.0,-1.8369701987210297e-16,-0.29936312297335776,-0.9541392564000489,0.7818314824680298,0.6234898018587336
0.0010372099983408062,-0.01952574989858607,-0.015526070528919427,0.004142400745451242,2.6958791287779773,0.8,0.7985995780780107,-1.0,-1.8369701987210297e-16,-0.4853019625310808,-0.8743466161445822,0.9749279121818236,-0.22252093395631434
0.004138115306347088,0.004977852809034483,0.06556443980839312,0.0010329245592368246,-8.231242951809215,0.8,0.7986444633960232,-1.0,-1.8369701987210297e-16,-0.6513724827222217,-0.7587581226927913,0.43388373911755823,-0.900968867902419
0.05851966984444395,0.0,-0.004977852809034408,0.06349752265347841,2.6741486494265287,0.8,0.7986893487140357,-1.0,-1.8369701987210297e-16,-0.7907757369376986,-0.6121059825476627,-0.433883739117558,-0.9009688679024191
-0.05016647599337828,0.06607391684133836,-0.05016647599337828,0.06607391684133836,-0.8023464725249373,0.8,0.7987342340320481,-1.0,-1.8369701987210297e-16,-0.8978045395707417,-0.44039415155763423,-0.9749279121818236,-0.2225209339563146
0.05016647599337836,-0.0046588346296045835,0.05016647599337836,-0.06124123859448164,-0.3677247801253174,0.8,0.7988688899860856,-1.0,-1.8369701987210297e-16,-0.9884683243281114,0.15142777750457667,0.7818314824680298,0.6234898018587336
0.06639293502076812,0.00918321741813996,0.07557615243890821,0.06576562138301709,0.36772478012531734,0.8,0.7989137753040981,-1.0,-1.8369701987210297e-16,-0.9377521321470804,0.3473052528448203,0.9749279121818236,-0.22252093395631434
-0.06141508221173377,0.0,-0.06576562138301711,0.0,1.4240346891027378,0.8,0.7989586606221105,-1.0,-1.8369701987210297e-16,-0.8486442574947509,0.5289640103269624,0.43388373911755823,-0.900968867902419
0.0,-0.06095618563668895,0.004809435746328126,-0.0705982996298738,-2.379546134130174,0.8,0.799003545940123,-1.0,-1.8369701987210297e-16,-0.7247927872291207,0.6889669190756859,-0.433883739117558,-0.9009688679024191
0.06607391684133836,0.05643180284815361,0.05643180284815361,0.06607391684133836,-1.6094379124341003,0.8,0.7990484312581355,-1.0,-1.8369701987210297e-16,-0.5712682150947924,0.8207634412072763,-0.9749279121818236,-0.2225209339563146
0.004524382788535525,0.06623049105744468,0.004524382788535525,0.04900067855400961,2.3978952727983707,0.8,0.7991830872121729,-0.866025403784439,0.49999999999999933,0.20129852008866006,0.9795299412524945,0.7818314824680298,0.6234898018587336
0.08280814581575223,0.049976778293038725,0.08695494835772688,0.03833185005027826,0.5465437063680699,0.8,0.7992279725301854,-0.866025403784439,0.49999999999999933,0.39435585511331855,0.9189578116202306,0.9749279121818236,-0.22252093395631434
-0.0692451962153713,-0.09811993696156684,-0.07339199875734606,-0.0692451962153713,-1.845826690498331,0.8,0.7992728578481979,-0.866025403784439,0.49999999999999933,0.5712682150947923,0.8207634412072763,0.43388373911755823,-0.900968867902419
-0.0648503043171674,0.030913346165093118,-0.0648503043171674,0.030913346165093118,0.9808292530117262,0.8,0.7993177431662104,-0.866025403784439,0.49999999999999933,0.72479278722912,0.6889669190756866,-0.433883739117558,-0.9009688679024191
0.023596798316883213,-0.07216685216537727,0.023596798316883213,-0.07216685216537727,0.0,0.8,0.7993626284842229,-0.866025403784439,0.49999999999999933,0.8486442574947509,0.5289640103269624,-0.9749279121818236,-0.2225209339563146
-0.07066001545893709,-0.07066001545893709,-0.07066001545893709,-0.07066001545893709,-0.4700036292457356,0.8,0.7994972844382603,-0.866025403784439,0.49999999999999933,0.9987165071710528,-0.05064916883871264,0.7818314824680298,0.6234898018587336
0.0,0.0,0.0,0.0,-1.6094379124341003,0.8,0.7995421697562728,-0.866025403784439,0.49999999999999933,0.9680771188662043,-0.2506525322587204,0.9749279121818236,-0.22252093395631434
0.002983963422612542,0.06133485171914405,0.06133485171914405,0.002983963422612542,1.0986122886681098,0.8,0.7995870550742853,-0.866025403784439,0.49999999999999933,0.8978045395707416,-0.4403941515576344,0.43388373911755823,-0.900968867902419
0.0,-0.058350888296531435,-0.058350888296531435,0.0,-1.0986122886681098,0.8,0.7996319403922977,-0.866025403784439,0.49999999999999933,0.7907757369376989,-0.6121059825476626,-0.433883739117558,-0.9009688679024191
-0.039762138406361294,0.0,0.0,-0.039762138406361294,2.1972245773362196,0.8,0.7996768257103102,-0.866025403784439,0.49999999999999933,0.6513724827222223,-0.758758122692791,-0.9749279121818236,-0.2225209339563146
0.0,-0.039762138406361294,-0.039762138406361294,0.0,-2.1972245773362196,0.8,0.7998114816643477,-0.866025403784439,0.49999999999999933,0.10116832198743272,-0.994869323391895,0.7818314824680298,0.6234898018587336
0.009386118410302376,0.009386118410302376,0.009386118410302376,0.009386118410302376,1.791759469228055,0.8,0.7998563669823601,-0.866025403784439,0.49999999999999933,-0.10116832198743204,-0.9948693233918952,0.9749279121818236,-0.22252093395631434
0.0303760199960589,0.06478644279559748,0.0303760199960589,0.06478644279559748,-1.0986122886681098,0.8,0.7999012523003726,-0.866025403784439,0.49999999999999933,-0.29936312297335776,-0.9541392564000489,0.43388373911755823,-0.900968867902419
-0.020190039388282368,-0.05460046218782098,-0.020190039388282368,-0.05460046218782098,-0.6931471805599453,0.8,0.7999461376183851,-0.866025403784439,0.49999999999999933,-0.4853019625310808,-0.8743466161445822,-0.433883739117558,-0.9009688679024191
0.06426929310772345,0.06426929310772345,0.06426929310772345,0.06426929310772345,1.3862943611198906,0.8,0.7999910229363976,-0.866025403784439,0.49999999999999933,-0.6513724827222217,-0.7587581226927913,-0.9749279121818236,-0.2225209339563146
-0.029169236887030322,-0.029169236887030322,-0.029169236887030322,-0.029169236887030322,0.0,0.8,0.800125678890435,-0.866025403784439,0.49999999999999933,-0.9680771188662041,-0.2506525322587213,0.7818314824680298,0.6234898018587336
-0.040180077305530734,-0.040180077305530734,-0.040180077305530734,-0.040180077305530734,1.8718021769015913,0.8,0.8001705642084475,-0.866025403784439,0.49999999999999933,-0.9987165071710528,-0.05064916883871355,0.9749279121818236,-0.22252093395631434
-0.04611993561355315,0.06458626636902531,-0.041862345360911914,0.054871047526330326,2.4720032449520923,0.8,0.80021544952646,-0.866025403784439,0.49999999999999933,-0.9884683243281114,0.15142777750457667,0.43388373911755823,-0.900968867902419
0.12020971850803201,0.009503516525453622,0.11595212825539093,0.01921873536814865,-1.9924301646902063,0.8,0.8002603348444725,-0.866025403784439,0.49999999999999933,-0.9377521321470804,0.3473052528448203,-0.433883739117558,-0.9009688679024191
-0.03881408030403805,0.04654688601486845,-0.03881408030403805,0.04654688601486845,0.28768207245178085,0.8,0.800305220162485,-0.866025403784439,0.49999999999999933,-0.8486442574947509,0.5289640103269624,-0.9749279121818236,-0.2225209339563146
0.014762666689032613,0.06594115959612087,0.15130212591502734,0.06594115959612087,0.6380874033769178,0.8,0.8004398761165223,-0.866025403784439,0.49999999999999933,-0.3943558551133187,0.9189578116202306,0.7818314824680298,0.6234898018587336
0.06607391684133836,0.061860612272191605,-0.07046554238465624,0.061860612272191605,-0.8347976976229721,0.8,0.8004847614345348,-0.866025403784439,0.49999999999999933,-0.20129852008866114,0.9795299412524943,0.9749279121818236,-0.22252093395631434
0.06197742776184231,-0.07034872689500574,0.06197742776184231,-0.07034872689500574,-3.828641396489095,0.8,0.8005296467525473,-0.866025403784439,0.49999999999999933,-2.4492935982947064e-16,1.0,0.43388373911755823,-0.900968867902419
-0.07120248037102801,-0.057453044973306736,-0.057453044973306736,-0.07120248037102801,3.713572066704308,0.8,0.8005745320705597,-0.5000000000000012,0.8660254037844379,0.20129852008866006,0.9795299412524945,-0.433883739117558,-0.9009688679024191
-0.07161153092118529,-0.07557615243890826,-0.07557615243890826,-0.06182671704118704,0.024097551579060524,0.8,0.8006194173885722,-0.5000000000000012,0.8660254037844379,0.39435585511331855,0.9189578116202306,-0.9749279121818236,-0.2225209339563146
-0.06224681936523317,0.06639293502076812,-0.0709857447984731,-0.06889724384353496,0.2326222952687535,0.8,0.8007540733426097,-0.5000000000000012,0.8660254037844379,0.8486442574947509,0.5289640103269624,0.7818314824680298,0.6234898018587336
0.008336638096099509,-0.1249126048652121,0.012466074954029118,0.005202248694402967,0.6146755651184501,0.8,0.8007989586606221,-0.5000000000000012,0.8660254037844379,0.9377521321470804,0.3473052528448203,0.9749279121818236,-0.22252093395631434
0.04390453915181263,0.048734855964445725,0.048734855964445725,0.04390453915181263,0.7282385003712155,0.8,0.8008438439786346,-0.5000000000000012,0.8660254037844379,0.9884683243281114,0.1514277775045767,0.43388373911755823,-0.900968867902419
-0.02935274029561535,0.0,-0.01000564211732117,-0.02935274029561535,-1.575536360758419,0.8,0.8008887292966471,-0.5000000000000012,0.8660254037844379,0.9987165071710528,-0.05064916883871264,-0.433883739117558,-0.9009688679024191
-0.0010232797004434831,0.00978481387999827,-0.02935274029561535,-0.0010232797004434831,0.8266785731844679,0.8,0.8009336146146596,-0.5000000000000012,0.8660254037844379,0.9680771188662043,-0.2506525322587204,-0.9749279121818236,-0.2225209339563146
0.0010232797004434437,-0.04914319629293475,0.0,0.0010232797004434437,-0.4700036292457356,0.8,0.801068270568697,-0.5000000000000012,0.8660254037844379,0.6513724827222223,-0.758758122692791,0.7818314824680298,0.6234898018587336
-0.015590085776209333,0.0,0.0,-0.015590085776209333,-1.6964492894237302,0.8,0.8011131558867095,-0.5000000000000012,0.8660254037844379,0.48530196253108104,-0.8743466161445821,0.9749279121818236,-0.22252093395631434
-0.006252462729329013,0.04426275712802621,0.039358382412936446,0.007245470951621389,2.032921526044943,0.8,0.801158041204722,-0.5000000000000012,0.8660254037844379,0.29936312297335804,-0.9541392564000488,0.43388373911755823,-0.900968867902419
0.013497933680950576,0.004880439164908569,-0.047702997237524254,0.0073213351241443615,0.6190392084062235,0.8,0.8012029265227345,-0.5000000000000012,0.8660254037844379,0.10116832198743272,-0.994869323391895,-0.433883739117558,-0.9009688679024191
0.03769735512020325,0.014619966802219211,0.03769735512020325,0.06478644279559748,0.39688136441677296,0.8,0.8012478118407469,-0.5000000000000012,0.8660254037844379,-0.10116832198743204,-0.9948693233918952,-0.9749279121818236,-0.2225209339563146
0.01000564211732117,0.051772968218548925,0.08618339101808756,-0.024404780682217474,-2.6741486494265287,0.8,0.8013824677947844,-0.5000000000000012,0.8660254037844379,-0.6513724827222217,-0.7587581226927913,0.7818314824680298,0.6234898018587336
-0.01398624197473984,-0.009153381986487248,-0.03736366859672845,-0.01398624197473984,1.6582280766035324,0.8,0.8014273531127969,-0.5000000000000012,0.8660254037844379,-0.7907757369376986,-0.6121059825476627,0.9749279121818236,-0.22252093395631434
0.06233148815395014,-0.01867912073506898,0.009531165875172259,0.06233148815395014,-2.8213788864092133,0.8,0.8014722384308093,-0.5000000000000012,0.8660254037844379,-0.8978045395707417,-0.44039415155763423,0.43388373911755823,-0.900968867902419
-0.04834524617921026,-0.04834524617921026,-0.04834524617921026,-0.04834524617921026,0.6931471805599453,0.8,0.8015171237488218,-0.5000000000000012,0.8660254037844379,-0.9680771188662041,-0.2506525322587213,-0.433883739117558,-0.9009688679024191
0.06702436691427914,0.06702436691427914,0.06702436691427914,0.06702436691427914,-0.916290731874155,0.8,0.8015620090668343,-0.5000000000000012,0.8660254037844379,-0.9987165071710528,-0.05064916883871355,-0.9749279121818236,-0.2225209339563146
-0.07195291311542827,0.009153381986487201,-0.06211999219918944,-0.07195291311542827,1.4469189829363254,0.8,0.8016966650208718,-0.5000000000000012,0.8660254037844379,-0.8486442574947509,0.5289640103269624,0.7818314824680298,0.6234898018587336
-0.04071392229702715,-0.0185073389817631,-0.05054684321326605,0.043742626505187204,0.21130909366720696,0.8,0.8017415503388842,-0.5000000000000012,0.8660254037844379,-0.7247927872291207,0.6889669190756859,0.9749279121818236,-0.22252093395631434
0.015446786992572674,0.0,0.10331287841717948,0.009531165875172259,0.17435338714477774,0.8,0.8017864356568967,-0.5000000000000012,0.8660254037844379,-0.5712682150947924,0.8207634412072763,0.43388373911755823,-0.900968867902419
0.03998049538560179,0.0276905563999031,-0.047885596039005024,0.03701572013969631,-0.4462871026284195,0.8,0.8018313209749092,-0.5000000000000012,0.8660254037844379,-0.3943558551133187,0.9189578116202306,-0.433883739117558,-0.9009688679024191
0.05723955303428098,-0.018336599404627323,0.05723955303428098,-0.018336599404627323,0.06062462181643484,0.8,0.8018762062929217,-0.5000000000000012,0.8660254037844379,-0.20129852008866114,0.9795299412524943,-0.9749279121818236,-0.2225209339563146
-0.057239553034280986,-0.047429021978389746,-0.057239553034280986,-0.047429021978389746,-1.041453874828161,0.8,0.802010862246959,-2.4492935982947064e-16,1.0,0.5712682150947923,0.8207634412072763,0.7818314824680298,0.6234898018587336
0.009810531055891154,0.06418441481910067,0.07399494587499181,0.0,0.15415067982725836,0.8,0.8020557475649716,-2.4492935982947064e-16,1.0,0.72479278722912,0.6889669190756866,0.9749279121818236,-0.22252093395631434
0.025112893655842475,0.0,0.0,0.025112893655842475,1.9459101490553132,0.8,0.802100632882984,-2.4492935982947064e-16,1.0,0.8486442574947509,0.5289640103269624,0.43388373911755823,-0.900968867902419
0.0,-0.03907152116325811,-0.03907152116325811,0.0,-6.194405391104672,0.8,0.8021455182009966,-2.4492935982947064e-16,1.0,0.9377521321470804,0.3473052528448203,-0.433883739117558,-0.9009688679024191
0.0,0.0,0.0,0.0,0.0,0.8,0.8021904035190089,-2.4492935982947064e-16,1.0,0.9884683243281114,0.1514277775045767,-0.9749279121818236,-0.2225209339563146
0.0,0.06275184134916005,0.0,0.0,5.480638923341991,0.8,0.8023250594730464,-2.4492935982947064e-16,1.0,0.8978045395707416,-0.4403941515576344,0.7818314824680298,0.6234898018587336
0.04616734414472722,-0.0017677609288076707,0.04616734414472722,0.04616734414472722,-0.2876820724517809,0.8,0.8023699447910589,-2.4492935982947064e-16,1.0,0.7907757369376989,-0.6121059825476626,0.9749279121818236,-0.22252093395631434
-0.019264051815273874,-0.014816736275625166,0.0,-0.019264051815273874,-0.49247648509779407,0.8,0.8024148301090713,-2.4492935982947064e-16,1.0,0.6513724827222223,-0.758758122692791,0.43388373911755823,-0.900968867902419
0.024190170151329696,0.02952611235415816,0.02952611235415816,0.024190170151329696,0.7375989431307791,0.8,0.8024597154270838,-2.4492935982947064e-16,1.0,0.48530196253108104,-0.8743466161445821,-0.433883739117558,-0.9009688679024191
0.005013100233037754,-0.01958689378506465,-0.01958689378506465,0.005013100233037754,-1.5260563034950494,0.8,0.8025046007450963,-2.4492935982947064e-16,1.0,0.29936312297335804,-0.9541392564000488,-0.9749279121818236,-0.2225209339563146
0.0,0.0,0.0,0.0,1.0296194171811581,0.8,0.8026392566991337,-2.4492935982947064e-16,1.0,-0.29936312297335776,-0.9541392564000489,0.7818314824680298,0.6234898018587336
0.0,0.0,0.0,0.0,1.2110902720948,0.8,0.8026841420171462,-2.4492935982947064e-16,1.0,-0.4853019625310808,-0.8743466161445822,0.9749279121818236,-0.22252093395631434
0.0,0.04826615917145492,0.0,0.04826615917145492,-2.751535313041949,0.8,0.8027290273351587,-2.4492935982947064e-16,1.0,-0.6513724827222217,-0.7587581226927913,0.43388373911755823,-0.900968867902419
-0.00993921856909352,-0.058205377740548604,-0.00993921856909352,-0.058205377740548604,1.2039728043259361,0.8,0.8027739126531712,-2.4492935982947064e-16,1.0,-0.7907757369376986,-0.6121059825476627,-0.433883739117558,-0.9009688679024191
0.0,0.0,0.0,0.0,-4.605170185988091,0.8,0.8028187979711837,-2.4492935982947064e-16,1.0,-0.8978045395707417,-0.44039415155763423,-0.9749279121818236,-0.2225209339563146
0.0,0.0,0.0,0.0,4.0943445622221,0.8,0.8029534539252211,-2.4492935982947064e-16,1.0,-0.9884683243281114,0.15142777750457667,0.7818314824680298,0.6234898018587336
-0.020294330654047375,0.06758522202872325,-0.020294330654047375,0.0344176923017958,2.917770732084279,0.8,0.8029983392432336,-2.4492935982947064e-16,1.0,-0.9377521321470804,0.3473052528448203,0.9749279121818236,-0.22252093395631434
0.040074951150124924,-0.018848503785388167,0.04982044300820546,-0.014637071805718225,0.7110047979599518,0.8,0.8030432245612461,-2.4492935982947064e-16,1.0,-0.8486442574947509,0.5289640103269624,0.43388373911755823,-0.900968867902419
0.0,0.03745127459108943,-0.009745491858080577,0.06640737233834698,1.0595095626543671,0.8,0.8030881098792585,-2.4492935982947064e-16,1.0,-0.7247927872291207,0.6889669190756859,-0.433883739117558,-0.9009688679024191
-0.004963884220452441,0.04480088864022163,0.028956097747257444,0.027120650585033018,1.664634621521106,0.8,0.803132995197271,-2.4492935982947064e-16,1.0,-0.5712682150947924,0.8207634412072763,-0.9749279121818236,-0.2225209339563146
0.03391998196770991,-0.08225216323131114,0.0,-0.06457192517612258,-7.451532002887814,0.8166666666666667,0.8033574217873334,0.49999999999999994,0.8660254037844387,0.39435585511331855,0.9189578116202306,0.43388373911755823,-0.900968867902419
-0.038797499674241454,-0.038797499674241454,-0.038797499674241454,-0.038797499674241454,-0.6931471805599453,0.8166666666666667,0.8034023071053459,0.49999999999999994,0.8660254037844387,0.5712682150947923,0.8207634412072763,-0.433883739117558,-0.9009688679024191
0.0,0.0,0.0,0.0,2.70805020110221,0.8166666666666667,0.8034471924233584,0.49999999999999994,0.8660254037844387,0.72479278722912,0.6889669190756866,-0.9749279121818236,-0.2225209339563146
0.004877517706531667,0.06693868322545057,0.06693868322545057,0.004877517706531667,-0.6286086594223742,0.8166666666666667,0.8035818483773958,0.49999999999999994,0.8660254037844387,0.9884683243281114,0.1514277775045767,0.7818314824680298,0.6234898018587336
-0.009890617939569272,0.004665880205206351,0.004665880205206351,-0.009890617939569272,2.630088659632498,0.8166666666666667,0.8036267336954083,0.49999999999999994,0.8660254037844387,0.9987165071710528,-0.05064916883871264,0.9749279121818236,-0.22252093395631434
0.0,-0.07661766366369453,-0.07661766366369453,0.0,-7.01211529430638,0.8166666666666667,0.8036716190134208,0.49999999999999994,0.8660254037844387,0.9680771188662043,-0.2506525322587204,0.43388373911755823,-0.900968867902419
-0.03546632230903241,-0.03546632230903241,-0.03546632230903241,-0.03546632230903241,2.302585092994046,0.8166666666666667,0.8037165043314333,0.49999999999999994,0.8660254037844387,0.8978045395707416,-0.4403941515576344,-0.433883739117558,-0.9009688679024191
0.0,0.0,0.0,0.0,-2.3025850929940455,0.8166666666666667,0.8037613896494458,0.49999999999999994,0.8660254037844387,0.7907757369376989,-0.6121059825476626,-0.9749279121818236,-0.2225209339563146
-0.06267340973070278,-0.06267340973070278,-0.06267340973070278,-0.06267340973070278,2.995732273553991,0.8166666666666667,0.8038960456034832,0.49999999999999994,0.8660254037844387,0.29936312297335804,-0.9541392564000488,0.7818314824680298,0.6234898018587336
0.0,0.0,0.0,0.0,-2.995732273553991,0.8166666666666667,0.8039409309214957,0.49999999999999994,0.8660254037844387,0.10116832198743272,-0.994869323391895,0.9749279121818236,-0.22252093395631434
0.0,0.0,0.0,0.0,0.0,0.8166666666666667,0.8039858162395082,0.49999999999999994,0.8660254037844387,-0.10116832198743204,-0.9948693233918952,0.43388373911755823,-0.900968867902419
0.0,0.0,0.0,0.0,0.0,0.8166666666666667,0.8040307015575205,0.49999999999999994,0.8660254037844387,-0.29936312297335776,-0.9541392564000489,-0.433883739117558,-0.9009688679024191
0.0,0.0,0.0,0.0,0.0,0.8166666666666667,0.804075586875533,0.49999999999999994,0.8660254037844387,-0.4853019625310808,-0.8743466161445822,-0.9749279121818236,-0.2225209339563146
0.06683045959712039,0.06683045959712039,0.06683045959712039,0.06683045959712039,2.302585092994046,0.8166666666666667,0.8042102428295705,0.49999999999999994,0.8660254037844387,-0.8978045395707417,-0.44039415155763423,0.7818314824680298,0.6234898018587336
0.0,0.0,0.0,0.0,-2.3025850929940455,0.8166666666666667,0.8042551281475829,0.49999999999999994,0.8660254037844387,-0.9680771188662041,-0.2506525322587213,0.9749279121818236,-0.22252093395631434
0.0,0.06556069961829772,0.06556069961829772,0.0,5.135798437050262,0.8166666666666667,0.8043000134655954,0.49999999999999994,0.8660254037844387,-0.9987165071710528,-0.05064916883871355,0.43388373911755823,-0.900968867902419
0.06556069961829772,0.0,0.0,0.06556069961829772,-1.2237754316221157,0.8166666666666667,0.8043448987836079,0.49999999999999994,0.8660254037844387,-0.9884683243281114,0.15142777750457667,-0.433883739117558,-0.9009688679024191
-0.03917754551173873,0.06517235864016414,0.06517235864016414,0.05613263429258609,3.6054978451748854,0.8166666666666667,0.8043897841016204,0.49999999999999994,0.8660254037844387,-0.9377521321470804,0.3473052528448203,-0.9749279121818236,-0.2225209339563146
0.09531017980432493,-0.009039724347577905,-0.009039724347577905,0.0,-7.517520850603031,0.8166666666666667,0.8045244400556578,0.49999999999999994,0.8660254037844387,-0.5712682150947924,0.8207634412072763,0.7818314824680298,0.6234898018587336
0.0,0.0,0.0,0.0,0.0,0.8166666666666667,0.8045693253736703,0.49999999999999994,0.8660254037844387,-0.3943558551133187,0.9189578116202306,0.9749279121818236,-0.22252093395631434
0.0,0.0,0.0,0.0,0.0,0.8166666666666667,0.8046142106916828,0.49999999999999994,0.8660254037844387,-0.20129852008866114,0.9795299412524943,0.43388373911755823,-0.900968867902419
0.0,0.0,0.0,0.0,0.0,0.8166666666666667,0.8046590960096953,0.49999999999999994,0.8660254037844387,-2.4492935982947064e-16,1.0,-0.433883739117558,-0.9009688679024191
-0.07069969261949366,-0.07069969261949366,-0.07069969261949366,-0.07069969261949366,2.302585092994046,0.8166666666666667,0.8047039813277077,0.8660254037844386,0.5000000000000001,0.20129852008866006,0.9795299412524945,-0.9749279121818236,-0.2225209339563146
-0.04490481783887854,-0.04490481783887854,-0.04490481783887854,-0.04490481783887854,0.0,0.8166666666666667,0.8051528345078326,0.8660254037844386,0.5000000000000001,0.7907757369376989,-0.6121059825476626,0.7818314824680298,0.6234898018587336
0.0,0.0,0.0,0.0,-2.3025850929940455,0.8166666666666667,0.805197719825845,0.8660254037844386,0.5000000000000001,0.6513724827222223,-0.758758122692791,0.9749279121818236,-0.22252093395631434
0.06431658607772212,0.06431658607772212,0.06431658607772212,0.06431658607772212,2.302585092994046,0.8166666666666667,0.8052426051438575,0.8660254037844386,0.5000000000000001,0.48530196253108104,-0.8743466161445821,0.43388373911755823,-0.900968867902419
-0.04402225542367479,0.06476671977876593,0.06476671977876593,0.004714462819660161,5.43372200355424,0.8166666666666667,0.80528749046187,0.8660254037844386,0.5000000000000001,0.29936312297335804,-0.9541392564000488,-0.433883739117558,-0.9009688679024191
-0.010038999206088025,0.004519668217016688,0.004519668217016688,-0.05877571744942311,-3.6419625343261846,0.8166666666666667,0.8053323757798825,0.8660254037844386,0.5000000000000001,0.10116832198743272,-0.994869323391895,-0.9749279121818236,-0.2225209339563146
0.03464948639091917,-0.059773195626217246,-0.059773195626217246,0.03464948639091917,0.15415067982725836,0.8166666666666667,0.8054670317339199,0.8660254037844386,0.5000000000000001,-0.4853019625310808,-0.8743466161445822,0.7818314824680298,0.6234898018587336
-0.014671268615737582,0.037172791077715615,0.037172791077715615,-0.014671268615737582,-0.3364722366212129,0.8166666666666667,0.8055119170519324,0.8660254037844386,0.5000000000000001,-0.6513724827222217,-0.7587581226927913,0.9749279121818236,-0.22252093395631434
-0.00993921856909352,-0.013830337076411924,-0.013830337076411924,-0.00993921856909352,4.384523514872469,0.8166666666666667,0.8055568023699449,0.8660254037844386,0.5000000000000001,-0.7907757369376986,-0.6121059825476627,0.43388373911755823,-0.900968867902419
0.0,-0.076877901794544,-0.076877901794544,0.0,-8.296546520300614,0.8166666666666667,0.8056016876879574,0.8660254037844386,0.5000000000000001,-0.8978045395707417,-0.44039415155763423,-0.433883739117558,-0.9009688679024191
0.02952611235415816,0.04873671824333494,0.04873671824333494,0.02952611235415816,5.247024072160486,0.8166666666666667,0.8056465730059698,0.8660254037844386,0.5000000000000001,-0.9680771188662041,-0.2506525322587213,-0.9749279121818236,-0.2225209339563146
-0.029526112354158203,0.04657346156098981,0.04197152062762093,0.00965143315758055,2.7219877089459916,0.8166666666666667,0.8057812289600073,0.8660254037844386,0.5000000000000001,-0.9377521321470804,0.3473052528448203,0.7818314824680298,0.6234898018587336
0.04873671824333494,0.009039724347577934,0.013641665280946822,0.028407676516984386,1.70065037176858,0.8166666666666667,0.8058261142780198,0.8660254037844386,0.5000000000000001,-0.8486442574947509,0.5289640103269624,0.9749279121818236,-0.22252093395631434
-0.043810599907279174,0.026638977322743347,0.0,-0.018848503785388167,1.121510874524891,0.8166666666666667,0.8058709995960321,0.8660254037844386,0.5000000000000001,-0.7247927872291207,0.6889669190756859,0.43388373911755823,-0.900968867902419
0.005013100233037754,-0.026638977322743358,0.0,-0.038797499674241454,-0.38660720255271,0.8166666666666667,0.8059158849140446,0.8660254037844386,0.5000000000000001,-0.5712682150947924,0.8207634412072763,-0.433883739117558,-0.9009688679024191
0.009841401926984038,-0.02747200235735882,-0.02747200235735882,0.009841401926984038,-7.408833551293248,0.8166666666666667,0.8059607702320571,1.0,6.123233995736766e-17,0.20129852008866006,0.9795299412524945,-0.9749279121818236,-0.2225209339563146
-0.004963884220452441,0.00931009103988059,0.00931009103988059,-0.004963884220452441,3.2386784521643803,0.8166666666666667,0.8060954261860945,1.0,6.123233995736766e-17,0.72479278722912,0.6889669190756866,0.7818314824680298,0.6234898018587336
0.009793750909206084,-0.004644210834674095,-0.004644210834674095,0.009793750909206084,-1.3668762752627892,0.8166666666666667,0.806140311504107,1.0,6.123233995736766e-17,0.8486442574947509,0.5289640103269624,0.9749279121818236,-0.22252093395631434
0.06609775168612467,0.00916445687120548,0.00916445687120548,0.06609775168612467,-2.5649493574615367,0.8166666666666667,0.8061851968221195,1.0,6.123233995736766e-17,0.9377521321470804,0.3473052528448203,0.43388373911755823,-0.900968867902419
-0.06118212651679779,-0.06118212651679779,-0.06118212651679779,-0.06118212651679779,0.0,0.8166666666666667,0.806230082140132,1.0,6.123233995736766e-17,0.9884683243281114,0.1514277775045767,-0.433883739117558,-0.9009688679024191
-0.01958689378506465,0.06578406745016674,0.06578406745016674,-0.01958689378506465,0.6931471805599453,0.8166666666666667,0.8062749674581445,1.0,6.123233995736766e-17,0.9987165071710528,-0.05064916883871264,-0.9749279121818236,-0.2225209339563146
-0.02714589167260486,-0.018432278009780846,-0.018432278009780846,-0.02714589167260486,0.0,0.8166666666666667,0.8064096234121819,1.0,6.123233995736766e-17,0.7907757369376989,-0.6121059825476626,0.7818314824680298,0.6234898018587336
-0.06619933470831299,-0.02814118355120907,-0.02814118355120907,-0.06619933470831299,0.0,0.8166666666666667,0.8064545087301944,1.0,6.123233995736766e-17,0.6513724827222223,-0.758758122692791,0.9749279121818236,-0.22252093395631434
0.06722643893555484,-0.0649162871196044,-0.0649162871196044,0.06722643893555484,-0.6931471805599453,0.8166666666666667,0.8064993940482069,1.0,6.123233995736766e-17,0.48530196253108104,-0.8743466161445821,0.43388373911755823,-0.900968867902419
0.0649162871196043,0.0649162871196043,0.0649162871196043,0.0649162871196043,1.0986122886681098,0.8166666666666667,0.8065442793662193,1.0,6.123233995736766e-17,0.29936312297335804,-0.9541392564000488,-0.433883739117558,-0.9009688679024191
-0.019210605889176897,0.06457192517612254,0.06457192517612254,-0.019210605889176897,1.466337068793427,0.8166666666666667,0.8065891646842318,1.0,6.123233995736766e-17,0.10116832198743272,-0.994869323391895,-0.9749279121818236,-0.2225209339563146
-0.048790164169432056,-0.017998463615132722,-0.017998463615132722,-0.03956511156024617,2.5288008433452256,0.8166666666666667,0.8067238206382693,1.0,6.123233995736766e-17,-0.4853019625310808,-0.8743466161445822,0.7818314824680298,0.6234898018587336
0.0727994996085142,-0.04177473201108455,-0.04177473201108455,0.06357444699932827,-4.400603020246817,0.8166666666666667,0.8067687059562818,1.0,6.123233995736766e-17,-0.6513724827222217,-0.7587581226927913,0.9749279121818236,-0.22252093395631434
-0.01911775549144439,0.06417276276677103,0.06417276276677103,-0.01911775549144439,0.0,0.8166666666666667,0.8068135912742942,1.0,6.123233995736766e-17,-0.7907757369376986,-0.6121059825476627,0.43388373911755823,-0.900968867902419
-0.07215802028464291,-0.01791873995164036,-0.022398030755686405,-0.07215802028464291,1.0986122886681098,0.8166666666666667,0.8068584765923067,1.0,6.123233995736766e-17,-0.8978045395707417,-0.44039415155763423,-0.433883739117558,-0.9009688679024191
0.0672664403370051,-0.07026335825421272,-0.06578406745016666,0.0672664403370051,0.6061358035703155,0.8166666666666667,0.8069033619103192,1.0,6.123233995736766e-17,-0.9680771188662041,-0.2506525322587213,-0.9749279121818236,-0.2225209339563146
-0.054872698559092686,0.06578406745016674,0.06578406745016674,-0.054872698559092686,2.7140925155581725,0.8166666666666667,0.8070380178643566,1.0,6.123233995736766e-17,-0.9377521321470804,0.3473052528448203,0.7818314824680298,0.6234898018587336
0.06452413171667318,-0.05613263429258614,-0.05613263429258614,0.06452413171667318,-4.418840607796598,0.8166666666666667,0.8070829031823691,1.0,6.123233995736766e-17,-0.8486442574947509,0.5289640103269624,0.9749279121818236,-0.22252093395631434
0.06517235864016414,0.06517235864016414,0.06517235864016414,0.06517235864016414,2.740840023925201,0.8166666666666667,0.8071277885003816,1.0,6.123233995736766e-17,-0.7247927872291207,0.6889669190756859,0.43388373911755823,-0.900968867902419
-0.06993221185010694,0.06535972076680364,0.06535972076680364,-0.06993221185010694,-0.7259370033829361,0.8166666666666667,0.8071726738183941,1.0,6.123233995736766e-17,-0.5712682150947924,0.8207634412072763,-0.433883739117558,-0.9009688679024191
-0.009807205116964706,-0.0699201543103356,-0.14509913773387534,0.06537177830657497,-1.0986122886681098,0.8166666666666667,0.8072175591364066,1.0,6.123233995736766e-17,-0.3943558551133187,0.9189578116202306,-0.9749279121818236,-0.2225209339563146
0.004915625169327,0.06564887450260505,0.004915625169327,-0.04158409286782234,1.8562979903656263,0.8166666666666667,0.807352215090444,0.8660254037844387,-0.4999999999999998,0.20129852008866006,0.9795299412524945,0.7818314824680298,0.6234898018587336
-0.014709376078532989,-0.04325050932062446,0.09266172343619342,-0.04338864146492341,-1.6739764335716716,0.8166666666666667,0.8073971004084565,0.8660254037844387,-0.4999999999999998,0.39435585511331855,0.9189578116202306,0.9749279121818236,-0.22252093395631434
-0.06086655089092286,-0.04064405379060108,-0.04064405379060108,-0.06086655089092286,-0.1823215567939546,0.8166666666666667,0.807441985726469,0.8660254037844387,-0.4999999999999998,0.5712682150947923,0.8207634412072763,0.43388373911755823,-0.900968867902419
0.06583043511137515,-0.061763161503672816,-0.061763161503672816,0.06583043511137515,-0.916290731874155,0.8166666666666667,0.8074868710444814,0.8660254037844387,-0.4999999999999998,0.72479278722912,0.6889669190756866,-0.433883739117558,-0.9009688679024191
0.06640737233834698,0.06640737233834698,0.06640737233834698,0.06640737233834698,1.3862943611198906,0.8166666666666667,0.8075317563624939,0.8660254037844387,-0.4999999999999998,0.8486442574947509,0.5289640103269624,-0.9749279121818236,-0.2225209339563146
-0.051770300532628634,0.06651864342060013,0.06651864342060013,-0.051770300532628634,0.0,0.8166666666666667,0.8076664123165314,0.8660254037844387,-0.4999999999999998,0.9987165071710528,-0.05064916883871264,0.7818314824680298,0.6234898018587336
-0.07006231571042396,-0.05739645645069976,-0.05739645645069976,-0.07006231571042396,2.5649493574615367,0.8166666666666667,0.8077112976345437,0.8660254037844387,-0.4999999999999998,0.9680771188662043,-0.2506525322587204,0.9749279121818236,-0.22252093395631434
0.0,-0.130954803212953,-0.130954803212953,0.0,-6.946975992135418,0.8166666666666667,0.8077561829525562,0.8660254037844387,-0.4999999999999998,0.8978045395707416,-0.4403941515576344,0.43388373911755823,-0.900968867902419
0.04057074174468408,0.06517073576278636,0.06517073576278636,0.04057074174468408,5.940171252720432,0.8166666666666667,0.8078010682705687,0.8660254037844387,-0.4999999999999998,0.7907757369376989,-0.6121059825476626,-0.433883739117558,-0.9009688679024191
-0.03027270454099031,0.042768448083541556,0.042768448083541556,-0.03027270454099031,-1.845826690498331,0.8166666666666667,0.8078459535885812,0.8660254037844387,-0.4999999999999998,0.6513724827222223,-0.758758122692791,-0.9749279121818236,-0.2225209339563146
-0.004152734079546247,-0.03311701492596097,-0.03311701492596097,-0.004152734079546247,-0.40546510810816444,0.8166666666666667,0.8080254948606311,0.8660254037844387,-0.4999999999999998,-0.10116832198743204,-0.9948693233918952,0.9749279121818236,-0.22252093395631434
0.06391701258627652,-0.0047598532099428405,-0.0047598532099428405,0.06391701258627652,0.6931471805599453,0.8166666666666667,0.8080703801786436,0.8660254037844387,-0.4999999999999998,-0.29936312297335776,-0.9541392564000489,0.43388373911755823,-0.900968867902419
0.060892487502528944,0.06537177830657497,0.06537177830657497,0.06537177830657497,4.036450583803198,0.8166666666666667,0.8081152654966561,0.8660254037844387,-0.4999999999999998,-0.4853019625310808,-0.8743466161445822,-0.433883739117558,-0.9009688679024191
-0.06578406745016666,0.06564887450260505,0.06564887450260505,-0.07026335825421272,-4.036450583803198,0.8166666666666667,0.8081601508146685,0.8660254037844387,-0.4999999999999998,-0.6513724827222217,-0.7587581226927913,-0.9749279121818236,-0.2225209339563146
-0.06006631632713469,-0.07012816530665104,-0.07012816530665104,-0.004915625169326969,2.5745188084776873,0.8166666666666667,0.808294806768706,0.8660254037844387,-0.4999999999999998,-0.9680771188662041,-0.2506525322587213,0.7818314824680298,0.6234898018587336
0.12124844284393246,-0.004601940933368962,-0.004601940933368962,0.06609775168612467,2.5516748262528406,0.8166666666666667,0.8083396920867185,0.8660254037844387,-0.4999999999999998,-0.9987165071710528,-0.05064916883871355,0.9749279121818236,-0.22252093395631434
-0.06118212651679779,-0.013830337076411924,-0.06118212651679779,-0.04197152062762097,-5.413875707182309,0.8166666666666667,0.808384577404731,0.8660254037844387,-0.4999999999999998,-0.9884683243281114,0.15142777750457667,0.43388373911755823,-0.900968867902419
0.019210605889176877,0.036430741624913554,0.08378253106529944,0.0,-0.6931471805599453,0.8166666666666667,0.8084294627227434,0.8660254037844387,-0.4999999999999998,-0.9377521321470804,0.3473052528448203,-0.433883739117558,-0.9009688679024191
0.05561318590856778,0.0,0.0,0.06457192517612254,3.044522437723423,0.8166666666666667,0.8084743480407559,0.8660254037844387,-0.4999999999999998,-0.8486442574947509,0.5289640103269624,-0.9749279121818236,-0.2225209339563146
-0.01816191131747833,0.06479527743029358,0.06479527743029358,-0.027120650585033042,-3.044522437723423,0.8166666666666667,0.8087436599488308,0.5000000000000003,-0.8660254037844385,0.39435585511331855,0.9189578116202306,-0.433883739117558,-0.9009688679024191
-0.027982615093875993,-0.02539728459472648,-0.02539728459472648,-0.027982615093875993,0.0,0.8166666666666667,0.8087885452668433,0.5000000000000003,-0.8660254037844385,0.5712682150947923,0.8207634412072763,-0.9749279121818236,-0.2225209339563146
-0.009468659497213556,-0.03051880046467313,-0.03051880046467313,-0.004669929947308304,5.311562593298057,0.8166666666666667,0.8089232012208807,0.5000000000000003,-0.8660254037844385,0.9377521321470804,0.3473052528448203,0.7818314824680298,0.6234898018587336
-0.06286523808699247,-0.0044796252303402305,-0.0044796252303402305,-0.06766396763689772,-4.012279609167797,0.8166666666666667,0.8089680865388932,0.5000000000000003,-0.8660254037844385,0.9884683243281114,0.1514277775045767,0.9749279121818236,-0.22252093395631434
0.06286523808699246,-0.06417276276677096,-0.06417276276677096,0.06286523808699246,2.187072205872201,0.8166666666666667,0.8090129718569057,0.5000000000000003,-0.8660254037844385,0.9987165071710528,-0.05064916883871264,0.43388373911755823,-0.900968867902419
-0.06800077005860881,-0.07279949960851417,-0.07279949960851417,-0.06800077005860881,-4.584967478670572,0.8166666666666667,0.8090578571749182,0.5000000000000003,-0.8660254037844385,0.9680771188662043,-0.2506525322587204,-0.433883739117558,-0.9009688679024191
-0.02057638194468976,0.06328630723894872,0.06328630723894872,-0.02057638194468976,0.6931471805599453,0.8166666666666667,0.8091027424929306,0.5000000000000003,-0.8660254037844385,0.8978045395707416,-0.4403941515576344,-0.9749279121818236,-0.2225209339563146
-0.07227686436074247,-0.01941176823884363,-0.01941176823884363,-0.07227686436074247,1.9459101490553132,0.8166666666666667,0.8092373984469681,0.5000000000000003,-0.8660254037844385,0.48530196253108104,-0.8743466161445821,0.7818314824680298,0.6234898018587336
0.0,-0.1367277853055373,-0.1367277853055373,0.0,-4.941642422609305,0.8166666666666667,0.8092822837649806,0.5000000000000003,-0.8660254037844385,0.29936312297335804,-0.9541392564000488,0.9749279121818236,-0.22252093395631434
0.0,0.0,0.0,0.0,0.0,0.8166666666666667,0.809327169082993,0.5000000000000003,-0.8660254037844385,0.10116832198743272,-0.994869323391895,0.43388373911755823,-0.900968867902419
0.0,0.0,0.0,0.0,0.0,0.8166666666666667,0.8093720544010055,0.5000000000000003,-0.8660254037844385,-0.10116832198743204,-0.9948693233918952,-0.433883739117558,-0.9009688679024191
0.0,0.0,0.0,0.0,0.0,0.8166666666666667,0.809416939719018,0.5000000000000003,-0.8660254037844385,-0.29936312297335776,-0.9541392564000489,-0.9749279121818236,-0.2225209339563146
0.06712462813900982,0.06712462813900982,0.06712462813900982,0.06712462813900982,3.4011973816621555,0.8166666666666667,0.8095515956730553,0.5000000000000003,-0.8660254037844385,-0.7907757369376986,-0.6121059825476627,0.7818314824680298,0.6234898018587336
0.06477329047777379,0.06477329047777379,0.06477329047777379,0.06477329047777379,4.209655408733095,0.8166666666666667,0.8095964809910678,0.5000000000000003,-0.8660254037844385,-0.8978045395707417,-0.44039415155763423,0.9749279121818236,-0.22252093395631434
0.06640737233834698,0.06640737233834698,0.06640737233834698,0.06640737233834698,-3.1110431200649855,0.8166666666666667,0.8096413663090803,0.5000000000000003,-0.8660254037844385,-0.9680771188662041,-0.2506525322587213,0.43388373911755823,-0.900968867902419
-0.06157750564959339,-0.06157750564959339,-0.06157750564959339,-0.06157750564959339,-1.5040773967762742,0.8166666666666667,0.8096862516270928,0.5000000000000003,-0.8660254037844385,-0.9987165071710528,-0.05064916883871355,-0.433883739117558,-0.9009688679024191
-0.07171856517127834,0.06609775168612467,-0.009793750909205987,-0.07171856517127834,4.119037174812473,0.8166666666666667,0.8097311369451053,0.5000000000000003,-0.8660254037844385,-0.9884683243281114,0.15142777750457667,-0.9749279121818236,-0.2225209339563146
0.017608757701966442,-0.07092761837487828,0.00496388422045248,0.017608757701966442,-2.509599262378372,0.8166666666666667,0.8098657928991427,0.5000000000000003,-0.8660254037844385,-0.7247927872291207,0.6889669190756859,0.7818314824680298,0.6234898018587336
0.06391701258627652,0.014637071805718358,0.014637071805718358,0.06391701258627652,-2.3025850929940455,0.8166666666666667,0.8099106782171552,0.5000000000000003,-0.8660254037844385,-0.5712682150947924,0.8207634412072763,0.9749279121818236,-0.22252093395631434
-0.06287721121017005,0.06537177830657497,0.06537177830657497,0.06537177830657497,4.795790545596741,0.8166666666666667,0.8099555635351677,0.5000000000000003,-0.8660254037844385,-0.3943558551133187,0.9189578116202306,0.43388373911755823,-0.900968867902419
0.057985631262532325,0.0045604335435319235,0.0045604335435319235,-0.07026335825421272,-0.23144235412890482,0.8166666666666667,0.8100004488531802,0.5000000000000003,-0.8660254037844385,-0.20129852008866114,0.9795299412524943,-0.433883739117558,-0.9009688679024191
-0.07147107161903705,-0.009039724347577905,-0.01816191131747833,-0.0693665461141217,-2.9549102790337356,0.8166666666666667,0.8100453341711926,0.5000000000000003,-0.8660254037844385,-2.4492935982947064e-16,1.0,-0.9749279121818236,-0.2225209339563146
0.06655544644971015,-0.07069969261949366,-0.06157750564959339,0.06445092094479463,-0.5108256237659907,0.8166666666666667,0.8101799901252301,1.2246467991473532e-16,-1.0,0.5712682150947923,0.8207634412072763,0.7818314824680298,0.6234898018587336
0.0,0.0,0.0,0.0,-0.40546510810816444,0.8166666666666667,0.8102248754432426,1.2246467991473532e-16,-1.0,0.72479278722912,0.6889669190756866,0.9749279121818236,-0.22252093395631434
0.004915625169327,0.06609775168612467,0.06609775168612467,0.004915625169327,1.9459101490553132,0.8166666666666667,0.810269760761255,1.2246467991473532e-16,-1.0,0.8486442574947509,0.5289640103269624,0.43388373911755823,-0.900968867902419
0.06578406745016674,0.004601940933369055,0.004601940933369055,0.06578406745016674,-2.639057329615259,0.8166666666666667,0.8103146460792675,1.2246467991473532e-16,-1.0,0.9377521321470804,0.3473052528448203,-0.433883739117558,-0.9009688679024191
-0.07069969261949366,-0.07069969261949366,-0.07069969261949366,-0.07069969261949366,0.0,0.8166666666666667,0.81035953139728,1.2246467991473532e-16,-1.0,0.9884683243281114,0.1514277775045767,-0.9749279121818236,-0.2225209339563146
-0.004829866688753543,-0.004829866688753543,-0.004829866688753543,-0.004829866688753543,1.0986122886681098,0.8166666666666667,0.8104941873513174,1.2246467991473532e-16,-1.0,0.8978045395707416,-0.4403941515576344,0.7818314824680298,0.6234898018587336
-0.02687644347754669,-0.02687644347754669,-0.02687644347754669,-0.02687644347754669,-0.40546510810816444,0.8166666666666667,0.8105390726693299,1.2246467991473532e-16,-1.0,0.7907757369376989,-0.6121059825476626,0.9749279121818236,-0.22252093395631434
0.01703504155056259,0.06530120072201767,0.06530120072201767,0.06530120072201767,5.43372200355424,0.8166666666666667,0.8105839579873424,1.2246467991473532e-16,-1.0,0.6513724827222223,-0.758758122692791,0.43388373911755823,-0.900968867902419
0.029238326942645096,0.0371048020637763,0.0371048020637763,-0.019027832228809875,-1.5317493339795951,0.8166666666666667,0.8106288433053549,1.2246467991473532e-16,-1.0,0.48530196253108104,-0.8743466161445821,-0.433883739117558,-0.9009688679024191
0.0,-0.05613263429258614,-0.05613263429258614,0.0,-6.897704943128636,0.8166666666666667,0.8106737286233674,1.2246467991473532e-16,-1.0,0.29936312297335804,-0.9541392564000488,-0.9749279121818236,-0.2225209339563146
-0.06971774948471524,-0.06971774948471524,-0.06971774948471524,-0.06971774948471524,3.4011973816621555,0.8166666666666667,0.8108083845774048,1.2246467991473532e-16,-1.0,-0.29936312297335776,-0.9541392564000489,0.7818314824680298,0.6234898018587336
0.01024587331892916,0.06495789627477229,0.06495789627477229,0.01024587331892916,0.0,0.8166666666666667,0.8108532698954173,1.2246467991473532e-16,-1.0,-0.4853019625310808,-0.8743466161445822,0.9749279121818236,-0.22252093395631434
-0.01849549891192487,0.009604563121878885,0.009604563121878885,-0.01849549891192487,0.5108256237659907,0.8166666666666667,0.8108981552134298,1.2246467991473532e-16,-1.0,-0.6513724827222217,-0.7587581226927913,0.43388373911755823,-0.900968867902419
0.0634003167508034,-0.01941176823884363,-0.01941176823884363,0.0634003167508034,-0.5108256237659907,0.8166666666666667,0.8109430405314422,1.2246467991473532e-16,-1.0,-0.7907757369376986,-0.6121059825476627,-0.433883739117558,-0.9009688679024191
-0.01968436884877527,-0.01968436884877527,-0.01968436884877527,-0.01968436884877527,-0.40546510810816444,0.8166666666666667,0.8109879258494547,1.2246467991473532e-16,-1.0,-0.8978045395707417,-0.44039415155763423,-0.9749279121818236,-0.2225209339563146
-0.04371594790202803,-0.04371594790202803,-0.04371594790202803,-0.04371594790202803,0.0,0.8166666666666667,0.8111225818034922,1.2246467991473532e-16,-1.0,-0.9884683243281114,0.15142777750457667,0.7818314824680298,0.6234898018587336
0.0634003167508034,0.0634003167508034,0.0634003167508034,0.0634003167508034,0.0,0.8166666666666667,0.8111674671215046,1.2246467991473532e-16,-1.0,-0.9377521321470804,0.3473052528448203,0.9749279121818236,-0.22252093395631434
0.0,0.0,0.0,0.0,-2.995732273553991,0.8166666666666667,0.8112123524395171,1.2246467991473532e-16,-1.0,-0.8486442574947509,0.5289640103269624,0.43388373911755823,-0.900968867902419
-0.04490481783887854,-0.04490481783887854,-0.04490481783887854,-0.04490481783887854,2.302585092994046,0.8166666666666667,0.8112572377575296,1.2246467991473532e-16,-1.0,-0.7247927872291207,0.6889669190756859,-0.433883739117558,-0.9009688679024191
0.059471876165785975,0.059471876165785975,0.059471876165785975,0.059471876165785975,0.0,0.8166666666666667,0.8113021230755421,1.2246467991473532e-16,-1.0,-0.5712682150947924,0.8207634412072763,-0.9749279121818236,-0.2225209339563146
-0.05330606535539611,0.06517235864016414,0.04701044732268583,-0.05330606535539611,3.295836866004329,0.8166666666666667,0.8114367790295794,-0.4999999999999997,-0.8660254037844388,0.20129852008866006,0.9795299412524945,0.7818314824680298,0.6234898018587336
0.04365463219781567,-0.0748237917977446,-0.056661880480266366,0.04365463219781567,2.8841797876482436,0.8166666666666667,0.811481664347592,-0.4999999999999997,-0.8660254037844388,0.39435585511331855,0.9189578116202306,0.9749279121818236,-0.22252093395631434
0.0,0.0,0.0,0.0,-8.482601746646619,0.8166666666666667,0.8115265496656044,-0.4999999999999997,-0.8660254037844388,0.5712682150947923,0.8207634412072763,0.43388373911755823,-0.900968867902419
-0.0498204430082055,-0.0498204430082055,-0.0498204430082055,-0.0498204430082055,2.302585092994046,0.8166666666666667,0.811571434983617,-0.4999999999999997,-0.8660254037844388,0.72479278722912,0.6889669190756866,-0.433883739117558,-0.9009688679024191
0.04982044300820546,0.04982044300820546,0.04982044300820546,0.04982044300820546,4.8283137373023015,0.8166666666666667,0.8116163203016293,-0.4999999999999997,-0.8660254037844388,0.8486442574947509,0.5289640103269624,-0.9749279121818236,-0.2225209339563146
0.0,0.0,0.0,0.0,-3.4420193761824103,0.8166666666666667,0.8117509762556668,-0.4999999999999997,-0.8660254037844388,0.9987165071710528,-0.05064916883871264,0.7818314824680298,0.6234898018587336
0.0,0.0,0.0,0.0,-3.6888794541139363,0.8166666666666667,0.8117958615736793,-0.4999999999999997,-0.8660254037844388,0.9680771188662043,-0.2506525322587204,0.9749279121818236,-0.22252093395631434
0.004891579947637684,0.004891579947637684,0.004891579947637684,0.004891579947637684,9.799237531162328,0.8166666666666667,0.8118407468916918,-0.4999999999999997,-0.8660254037844388,0.8978045395707416,-0.4403941515576344,0.43388373911755823,-0.900968867902419
0.0,0.0,0.0,0.0,-0.5888971591861463,0.8166666666666667,0.8118856322097042,-0.4999999999999997,-0.8660254037844388,0.7907757369376989,-0.6121059825476626,-0.433883739117558,-0.9009688679024191
0.0,0.0,0.0,0.0,-9.210340371976182,0.8166666666666667,0.8119305175277167,-0.4999999999999997,-0.8660254037844388,0.6513724827222223,-0.758758122692791,-0.9749279121818236,-0.2225209339563146
-0.00489157994763771,-0.00489157994763771,-0.00489157994763771,-0.00489157994763771,9.009447429596793,0.8166666666666667,0.8120651734817542,-0.4999999999999997,-0.8660254037844388,0.10116832198743272,-0.994869323391895,0.7818314824680298,0.6234898018587336
0.0,0.0,0.0,0.0,-9.009447429596793,0.8166666666666667,0.8121100587997666,-0.4999999999999997,-0.8660254037844388,-0.10116832198743204,-0.9948693233918952,0.9749279121818236,-0.22252093395631434
-0.06517073576278624,-0.06517073576278624,-0.06517073576278624,-0.06517073576278624,2.302585092994046,0.8166666666666667,0.8121549441177791,-0.4999999999999997,-0.8660254037844388,-0.29936312297335776,-0.9541392564000489,0.43388373911755823,-0.900968867902419
0.06517073576278636,0.06517073576278636,0.06517073576278636,0.06517073576278636,0.6931471805599453,0.8166666666666667,0.8121998294357916,-0.4999999999999997,-0.8660254037844388,-0.4853019625310808,-0.8743466161445822,-0.433883739117558,-0.9009688679024191
0.0,0.0,0.0,0.0,-2.995732273553991,0.8166666666666667,0.8122447147538041,-0.4999999999999997,-0.8660254037844388,-0.6513724827222217,-0.7587581226927913,-0.9749279121818236,-0.2225209339563146
0.0,0.0,0.0,0.0,0.0,0.8166666666666667,0.8123793707078415,-0.4999999999999997,-0.8660254037844388,-0.9680771188662041,-0.2506525322587213,0.7818314824680298,0.6234898018587336
0.0,0.0,0.0,0.0,0.0,0.8166666666666667,0.812424256025854,-0.4999999999999997,-0.8660254037844388,-0.9987165071710528,-0.05064916883871355,0.9749279121818236,-0.22252093395631434
0.052017669645592325,0.052017669645592325,0.052017669645592325,0.052017669645592325,2.302585092994046,0.8166666666666667,0.8124691413438665,-0.4999999999999997,-0.8660254037844388,-0.9884683243281114,0.15142777750457667,0.43388373911755823,-0.900968867902419
-0.052017669645592256,0.0,-0.052017669645592256,0.0,2.4849066497880004,0.8166666666666667,0.812514026661879,-0.4999999999999997,-0.8660254037844388,-0.9377521321470804,0.3473052528448203,-0.433883739117558,-0.9009688679024191
0.00965143315758055,-0.042366236488011716,0.00965143315758055,-0.042366236488011716,-2.4849066497880004,0.8166666666666667,0.8125589119798914,-0.4999999999999997,-0.8660254037844388,-0.8486442574947509,0.5289640103269624,-0.9749279121818236,-0.2225209339563146
0.0,0.05613263429258609,0.05613263429258609,0.0,4.382026634673881,0.8166666666666667,0.8126935679339289,-0.4999999999999997,-0.8660254037844388,-0.3943558551133187,0.9189578116202306,0.7818314824680298,0.6234898018587336
0.0,-0.05613263429258614,-0.05613263429258614,0.0,-6.684611727667927,0.8166666666666667,0.8127384532519414,-0.4999999999999997,-0.8660254037844388,-0.20129852008866114,0.9795299412524943,0.9749279121818236,-0.22252093395631434
0.0,0.0,0.0,0.0,0.0,0.8166666666666667,0.8127833385699538,-0.4999999999999997,-0.8660254037844388,-2.4492935982947064e-16,1.0,0.43388373911755823,-0.900968867902419
-0.06971774948471524,-0.06971774948471524,-0.06971774948471524,-0.06971774948471524,2.995732273553991,0.8166666666666667,0.8128282238879663,-0.8660254037844385,-0.5000000000000004,0.20129852008866006,0.9795299412524945,-0.433883739117558,-0.9009688679024191
-0.020812162393797833,0.06495789627477229,0.06495789627477229,-0.020812162393797833,7.158124816549939,0.8166666666666667,0.8128731092059788,-0.8660254037844385,-0.5000000000000004,0.39435585511331855,0.9189578116202306,-0.9749279121818236,-0.2225209339563146
0.0661691026423995,-0.019600956026170662,-0.019600956026170662,0.0661691026423995,-1.0713500896376316,0.8166666666666667,0.8130077651600162,-0.8660254037844385,-0.5000000000000004,0.8486442574947509,0.5289640103269624,0.7818314824680298,0.6234898018587336
0.0,0.06672704572412519,0.06672704572412519,0.00496388422045248,0.3176269431425405,0.8166666666666667,0.8130526504780287,-0.8660254037844385,-0.5000000000000004,0.9377521321470804,0.3473052528448203,0.9749279121818236,-0.22252093395631434
0.00496388422045248,0.004644210834674045,0.004644210834674045,0.06640737233834698,-2.4341097565027257,0.8166666666666667,0.8130975357960412,-0.8660254037844385,-0.5000000000000004,0.9884683243281114,0.1514277775045767,0.43388373911755823,-0.900968867902419
0.06640737233834698,0.06217395881658911,0.0,0.06217395881658911,-2.0984897366505306,0.8166666666666667,0.8131424211140537,-0.8660254037844385,-0.5000000000000004,0.9987165071710528,-0.05064916883871264,-0.433883739117558,-0.9009688679024191
-0.009310091039880522,-0.06217395881658914,-0.009310091039880522,-0.07148404985646964,3.0840248806996695,0.8166666666666667,0.8131873064320662,-0.8660254037844385,-0.5000000000000004,0.9680771188662043,-0.2506525322587204,-0.9749279121818236,-0.2225209339563146
-0.07195178345848814,-0.08126187449836869,-0.07195178345848814,-0.07195178345848814,-5.648974238161206,0.8166666666666667,0.8133219623861035,-0.8660254037844385,-0.5000000000000004,0.6513724827222223,-0.758758122692791,0.7818314824680298,0.6234898018587336
0.024599994018102356,0.06736844210164392,0.06736844210164392,0.024599994018102356,4.584967478670572,0.8166666666666667,0.813366847704116,-0.8660254037844385,-0.5000000000000004,0.48530196253108104,-0.8743466161445821,0.9749279121818236,-0.22252093395631434
-0.059025432638638804,0.0045833413568444285,-0.10179388072218036,-0.05798563126253232,0.5026288565618122,0.8166666666666667,0.8134117330221285,-0.8660254037844385,-0.5000000000000004,0.29936312297335804,-0.9541392564000488,0.43388373911755823,-0.900968867902419
0.06867686579621934,-0.03770035628280532,0.06867686579621934,0.0676370644201128,-1.1363526166509568,0.8166666666666667,0.813456618340141,-0.8660254037844385,-0.5000000000000004,0.10116832198743272,-0.994869323391895,-0.433883739117558,-0.9009688679024191
0.01435790228150169,0.06517235864016414,0.01435790228150169,0.05613263429258609,-0.1670540846631662,0.8166666666666667,0.8135015036581534,-0.8660254037844385,-0.5000000000000004,-0.10116832198743204,-0.9948693233918952,-0.9749279121818236,-0.2225209339563146
0.03265254504118413,-0.009039724347577905,0.03265254504118413,0.0,-1.8382794848629478,0.8166666666666667,0.8136361596121909,-0.8660254037844385,-0.5000000000000004,-0.6513724827222217,-0.7587581226927913,0.7818314824680298,0.6234898018587336
-0.04701044732268584,-0.05613263429258614,-0.04701044732268584,-0.05613263429258614,-1.9459101490553135,0.8166666666666667,0.8136810449302034,-0.8660254037844385,-0.5000000000000004,-0.7907757369376986,-0.6121059825476627,0.9749279121818236,-0.22252093395631434
0.06517235864016414,0.06517235864016414,0.06517235864016414,0.06517235864016414,1.9459101490553132,0.8166666666666667,0.8137259302482158,-0.8660254037844385,-0.5000000000000004,-0.8978045395707417,-0.44039415155763423,0.43388373911755823,-0.900968867902419
-0.06993221185010694,-0.0651723586401641,-0.0651723586401641,-0.06993221185010694,2.597384633214691,0.8166666666666667,0.8137708155662283,-0.8660254037844385,-0.5000000000000004,-0.9680771188662041,-0.2506525322587213,-0.433883739117558,-0.9009688679024191
-0.04445669150788397,-0.0492165447178268,-0.0492165447178268,-0.04445669150788397,-3.8501476017100584,0.8166666666666667,0.8138157008842408,-0.8660254037844385,-0.5000000000000004,-0.9987165071710528,-0.05064916883871355,-0.9749279121818236,-0.2225209339563146
0.06357444699932827,0.06357444699932827,0.06357444699932827,0.06357444699932827,5.318119993844216,0.8166666666666667,0.8139503568382782,-0.8660254037844385,-0.5000000000000004,-0.8486442574947509,0.5289640103269624,0.7818314824680298,0.6234898018587336
-0.014357902281501597,-0.014357902281501597,-0.014357902281501597,-0.014357902281501597,-6.0112671744041615,0.8166666666666667,0.8139952421562907,-0.8660254037844385,-0.5000000000000004,-0.7247927872291207,0.6889669190756859,0.9749279121818236,-0.22252093395631434
-0.03425142717568286,-0.03425142717568286,-0.03425142717568286,-0.03425142717568286,0.0,0.8166666666666667,0.8140401274743032,-0.8660254037844385,-0.5000000000000004,-0.5712682150947924,0.8207634412072763,0.43388373911755823,-0.900968867902419
0.0,0.0,0.0,0.0,-2.3025850929940455,0.8166666666666667,0.8140850127923157,-0.8660254037844385,-0.5000000000000004,-0.3943558551133187,0.9189578116202306,-0.433883739117558,-0.9009688679024191
-0.014058601899328331,-0.014058601899328331,-0.014058601899328331,-0.014058601899328331,2.302585092994046,0.8166666666666667,0.8141298981103282,-0.8660254037844385,-0.5000000000000004,-0.20129852008866114,0.9795299412524943,-0.9749279121818236,-0.2225209339563146
0.03865859591743065,0.06733786130382106,0.03865859591743065,0.03865859591743065,6.293419278846481,0.8166666666666667,0.8143094393823781,-1.0,-1.8369701987210297e-16,0.5712682150947923,0.8207634412072763,0.9749279121818236,-0.22252093395631434
0.0,-0.02867926538639042,0.0,0.0,-8.596004371840527,0.8166666666666667,0.8143543247003906,-1.0,-1.8369701987210297e-16,0.72479278722912,0.6889669190756866,0.43388373911755823,-0.900968867902419
0.0,0.0,0.0,0.0,0.0,0.8166666666666667,0.814399210018403,-1.0,-1.8369701987210297e-16,0.8486442574947509,0.5289640103269624,-0.433883739117558,-0.9009688679024191
-0.029526112354158203,-0.029526112354158203,-0.029526112354158203,-0.029526112354158203,2.302585092994046,0.8166666666666667,0.8144440953364155,-1.0,-1.8369701987210297e-16,0.9377521321470804,0.3473052528448203,-0.9749279121818236,-0.2225209339563146
0.0,0.0,0.0,0.0,-2.3025850929940455,0.8166666666666667,0.814578751290453,-1.0,-1.8369701987210297e-16,0.9680771188662043,-0.2506525322587204,0.7818314824680298,0.6234898018587336
0.0,0.0,0.0,0.0,0.0,0.8166666666666667,0.8146236366084654,-1.0,-1.8369701987210297e-16,0.8978045395707416,-0.4403941515576344,0.9749279121818236,-0.22252093395631434
0.0,0.0,0.0,0.0,0.0,0.8166666666666667,0.8146685219264779,-1.0,-1.8369701987210297e-16,0.7907757369376989,-0.6121059825476626,0.43388373911755823,-0.900968867902419
0.0,0.0,0.0,0.0,0.0,0.8166666666666667,0.8147134072444904,-1.0,-1.8369701987210297e-16,0.6513724827222223,-0.758758122692791,-0.433883739117558,-0.9009688679024191
-0.019264051815273874,0.06758522202872325,0.06758522202872325,-0.019264051815273874,5.438079308923196,0.8166666666666667,0.8147582925625029,-1.0,-1.8369701987210297e-16,0.48530196253108104,-0.8743466161445821,-0.9749279121818236,-0.2225209339563146
0.0,-0.08684927384399699,-0.08684927384399699,0.0,-5.438079308923196,0.8166666666666667,0.8148929485165403,-1.0,-1.8369701987210297e-16,-0.10116832198743204,-0.9948693233918952,0.7818314824680298,0.6234898018587336
0.0,0.0,0.0,0.0,0.0,0.8166666666666667,0.8149378338345528,-1.0,-1.8369701987210297e-16,-0.29936312297335776,-0.9541392564000489,0.9749279121818236,-0.22252093395631434
0.06328630723894872,0.06328630723894872,0.06328630723894872,0.06328630723894872,2.302585092994046,0.8166666666666667,0.8149827191525653,-1.0,-1.8369701987210297e-16,-0.4853019625310808,-0.8743466161445822,0.43388373911755823,-0.900968867902419
0.0,0.0,0.0,0.0,-2.3025850929940455,0.8166666666666667,0.8150276044705778,-1.0,-1.8369701987210297e-16,-0.6513724827222217,-0.7587581226927913,-0.433883739117558,-0.9009688679024191
0.014183122316873787,0.014183122316873787,0.014183122316873787,0.014183122316873787,2.302585092994046,0.8166666666666667,0.8150724897885903,-1.0,-1.8369701987210297e-16,-0.7907757369376986,-0.6121059825476627,-0.9749279121818236,-0.2225209339563146
-0.009468659497213556,0.0505835974618922,0.046144526411354254,-0.009468659497213556,7.201170883281678,0.8166666666666667,0.8152071457426276,-1.0,-1.8369701987210297e-16,-0.9987165071710528,-0.05064916883871355,0.7818314824680298,0.6234898018587336
-0.043810599907279174,-0.10386285686638501,-0.099423785815847,-0.043810599907279174,-7.201170883281678,0.8166666666666667,0.8152520310606401,-1.0,-1.8369701987210297e-16,-0.9884683243281114,0.15142777750457667,0.9749279121818236,-0.22252093395631434
0.0,0.0,0.0,0.0,-2.3025850929940455,0.8166666666666667,0.8152969163786526,-1.0,-1.8369701987210297e-16,-0.9377521321470804,0.3473052528448203,0.43388373911755823,-0.900968867902419
-0.02316095169464626,0.06736844210164392,0.06736844210164392,-0.02316095169464626,4.700480365792417,0.8166666666666667,0.815341801696665,-1.0,-1.8369701987210297e-16,-0.8486442574947509,0.5289640103269624,-0.433883739117558,-0.9009688679024191
-0.02265730952548289,-0.10075407934607386,-0.113186703321773,-0.010224685549783664,-1.7047480922384253,0.8166666666666667,0.8153866870146775,-1.0,-1.8369701987210297e-16,-0.7247927872291207,0.6889669190756859,-0.9749279121818236,-0.2225209339563146
0.01243262397569906,0.0,0.01243262397569906,0.0,-2.995732273553991,0.8166666666666667,0.815521342968715,-1.0,-1.8369701987210297e-16,-0.20129852008866114,0.9795299412524943,0.7818314824680298,0.6234898018587336
0.0,0.0,0.0,0.0,0.0,0.8166666666666667,0.8155662282867274,-0.866025403784439,0.49999999999999933,0.20129852008866006,0.9795299412524945,0.9749279121818236,-0.22252093395631434
0.0,0.0,0.0,0.0,0.0,0.8166666666666667,0.8156111136047399,-0.866025403784439,0.49999999999999933,0.39435585511331855,0.9189578116202306,0.43388373911755823,-0.900968867902419
-0.0020806850646023886,-0.001039801376106498,-0.001039801376106498,-0.0020806850646023886,4.867534450455582,0.8166666666666667,0.8156559989227524,-0.866025403784439,0.49999999999999933,0.5712682150947923,0.8207634412072763,-0.433883739117558,-0.9009688679024191
-0.020812162393797833,-0.021853046082293708,-0.021853046082293708,-0.020812162393797833,0.6931471805599453,0.8166666666666667,0.8157008842407649,-0.866025403784439,0.49999999999999933,0.72479278722912,0.6889669190756866,-0.9749279121818236,-0.2225209339563146
0.0,0.0,0.0,0.0,-5.560681631015528,0.8166666666666667,0.8158355401948023,-0.866025403784439,0.49999999999999933,0.9884683243281114,0.1514277775045767,0.7818314824680298,0.6234898018587336
0.024969212260215385,0.0661691026423995,0.0661691026423995,0.024969212260215385,3.4011973816621555,0.8166666666666667,0.8158804255128148,-0.866025403784439,0.49999999999999933,0.9987165071710528,-0.05064916883871264,0.9749279121818236,-0.22252093395631434
-0.023906450159831907,0.024360809236113518,0.024360809236113518,-0.023906450159831907,2.120263536200091,0.8166666666666667,0.8159253108308273,-0.866025403784439,0.49999999999999933,0.9680771188662043,-0.2506525322587204,0.43388373911755823,-0.900968867902419
0.0492789927604675,-0.024360809236113546,-0.04018815701766215,0.0651063405420161,3.027230940613362,0.8166666666666667,0.8159701961488398,-0.866025403784439,0.49999999999999933,0.8978045395707416,-0.4403941515576344,-0.433883739117558,-0.9009688679024191
-0.048217358924395486,0.06672704572412519,-0.048217358924395486,0.06672704572412519,-5.552959584921617,0.8166666666666667,0.8160150814668522,-0.866025403784439,0.49999999999999933,0.7907757369376989,-0.6121059825476626,-0.9749279121818236,-0.2225209339563146
0.06404470670594412,0.045004813922033246,0.17577656635210268,-0.06672704572412523,0.0,0.8166666666666667,0.8161497374208897,-0.866025403784439,0.49999999999999933,0.29936312297335804,-0.9541392564000488,0.7818314824680298,0.6234898018587336
-0.05570887915969846,-0.04500481392203323,-0.04500481392203323,0.06672704572412519,2.6390573296152584,0.8166666666666667,0.8161946227389022,-0.866025403784439,0.49999999999999933,0.10116832198743272,-0.994869323391895,0.9749279121818236,-0.22252093395631434
0.0655026300689044,-0.056933294814919225,-0.056933294814919225,-0.056933294814919225,0.03509131981127019,0.8166666666666667,0.8162395080569146,-0.866025403784439,0.49999999999999933,-0.10116832198743204,-0.9948693233918952,0.43388373911755823,-0.900968867902419
-0.06340031675080335,-0.06340031675080335,-0.06340031675080335,-0.06340031675080335,-2.6741486494265287,0.8166666666666667,0.8162843933749271,-0.866025403784439,0.49999999999999933,-0.29936312297335776,-0.9541392564000489,-0.433883739117558,-0.9009688679024191
-0.030563857367794673,-0.030563857367794673,-0.030563857367794673,-0.030563857367794673,0.0,0.8166666666666667,0.8163292786929396,-0.866025403784439,0.49999999999999933,-0.4853019625310808,-0.8743466161445822,-0.9749279121818236,-0.2225209339563146
0.0,0.0,0.0,0.0,-2.995732273553991,0.8166666666666667,0.816463934646977,-0.866025403784439,0.49999999999999933,-0.8978045395707417,-0.44039415155763423,0.7818314824680298,0.6234898018587336
0.0,0.0,0.0,0.0,0.0,0.8166666666666667,0.8165088199649895,-0.866025403784439,0.49999999999999933,-0.9680771188662041,-0.2506525322587213,0.9749279121818236,-0.22252093395631434
0.0,0.0,0.0,0.0,0.0,0.8166666666666667,0.816553705283002,-0.866025403784439,0.49999999999999933,-0.9987165071710528,-0.05064916883871355,0.43388373911755823,-0.900968867902419
0.0,0.0,0.0,0.0,0.0,0.8166666666666667,0.8165985906010145,-0.866025403784439,0.49999999999999933,-0.9884683243281114,0.15142777750457667,-0.433883739117558,-0.9009688679024191
0.0,0.0,0.0,0.0,0.0,0.8166666666666667,0.816643475919027,-0.866025403784439,0.49999999999999933,-0.9377521321470804,0.3473052528448203,-0.9749279121818236,-0.2225209339563146
0.0,0.0,0.0,0.0,0.0,0.8166666666666667,0.8167781318730644,-0.866025403784439,0.49999999999999933,-0.5712682150947924,0.8207634412072763,0.7818314824680298,0.6234898018587336
0.0,0.0,0.0,0.0,0.0,0.8166666666666667,0.8168230171910769,-0.866025403784439,0.49999999999999933,-0.3943558551133187,0.9189578116202306,0.9749279121818236,-0.22252093395631434
0.0,0.0,0.0,0.0,0.0,0.8166666666666667,0.8168679025090894,-0.866025403784439,0.49999999999999933,-0.20129852008866114,0.9795299412524943,0.43388373911755823,-0.900968867902419
-0.0416343055897878,0.067331441552999,0.067331441552999,-0.0416343055897878,4.0943445622221,0.8166666666666667,0.8169127878271019,-0.866025403784439,0.49999999999999933,-2.4492935982947064e-16,1.0,-0.433883739117558,-0.9009688679024191
0.0,-0.1089657471427869,-0.1089657471427869,0.0,-4.0943445622221,0.8166666666666667,0.8169576731451142,-0.5000000000000012,0.8660254037844379,0.20129852008866006,0.9795299412524945,-0.9749279121818236,-0.2225209339563146
0.0,0.0,0.0,0.0,0.0,0.8166666666666667,0.8170923290991517,-0.5000000000000012,0.8660254037844379,0.72479278722912,0.6889669190756866,0.7818314824680298,0.6234898018587336
0.0,0.0,0.0,0.0,0.0,0.8166666666666667,0.8171372144171642,-0.5000000000000012,0.8660254037844379,0.8486442574947509,0.5289640103269624,0.9749279121818236,-0.22252093395631434
0.002254792387089083,0.06705135080074916,0.06705135080074916,0.002254792387089083,4.700480365792417,0.8166666666666667,0.8171820997351766,-0.5000000000000012,0.8660254037844379,0.9377521321470804,0.3473052528448203,0.43388373911755823,-0.900968867902419
0.0,-0.06479655841366017,-0.06479655841366017,0.0,-4.700480365792417,0.8166666666666667,0.8172269850531891,-0.5000000000000012,0.8660254037844379,0.9884683243281114,0.1514277775045767,-0.433883739117558,-0.9009688679024191
0.0,0.0,0.0,0.0,0.0,0.8166666666666667,0.8172718703712016,-0.5000000000000012,0.8660254037844379,0.9987165071710528,-0.05064916883871264,-0.9749279121818236,-0.2225209339563146
0.0,0.0,0.0,0.0,0.0,0.8166666666666667,0.817406526325239,-0.5000000000000012,0.8660254037844379,0.7907757369376989,-0.6121059825476626,0.7818314824680298,0.6234898018587336
0.0,0.0,0.0,0.0,0.0,0.8166666666666667,0.8174514116432515,-0.5000000000000012,0.8660254037844379,0.6513724827222223,-0.758758122692791,0.9749279121818236,-0.22252093395631434
0.0,0.0,0.0,0.0,0.0,0.8166666666666667,0.817496296961264,-0.5000000000000012,0.8660254037844379,0.48530196253108104,-0.8743466161445821,0.43388373911755823,-0.900968867902419
0.0,0.0,0.0,0.0,0.0,0.8166666666666667,0.8175411822792765,-0.5000000000000012,0.8660254037844379,0.29936312297335804,-0.9541392564000488,-0.433883739117558,-0.9009688679024191
0.0,0.0,0.0,0.0,0.0,0.8166666666666667,0.817586067597289,-0.5000000000000012,0.8660254037844379,0.10116832198743272,-0.994869323391895,-0.9749279121818236,-0.2225209339563146
0.06678824087158673,0.06678824087158673,0.06678824087158673,0.06678824087158673,2.302585092994046,0.8166666666666667,0.8177207235513264,-0.5000000000000012,0.8660254037844379,-0.4853019625310808,-0.8743466161445822,0.7818314824680298,0.6234898018587336
-0.057943586514954064,-0.057943586514954064,-0.057943586514954064,-0.057943586514954064,0.0,0.8166666666666667,0.8177656088693389,-0.5000000000000012,0.8660254037844379,-0.6513724827222217,-0.7587581226927913,0.9749279121818236,-0.22252093395631434
0.06737926721453837,0.06737926721453837,0.06737926721453837,0.06737926721453837,2.302585092994046,0.8166666666666667,0.8178104941873514,-0.5000000000000012,0.8660254037844379,-0.7907757369376986,-0.6121059825476627,0.43388373911755823,-0.900968867902419
0.06692697086709043,0.06692697086709043,0.06692697086709043,0.06692697086709043,4.703203926259457,0.8166666666666667,0.8178553795053638,-0.5000000000000012,0.8660254037844379,-0.8978045395707417,-0.44039415155763423,-0.433883739117558,-0.9009688679024191
-0.06495789627477237,-0.06495789627477237,-0.06495789627477237,-0.06495789627477237,-7.005789019253503,0.8166666666666667,0.8179002648233763,-0.5000000000000012,0.8660254037844379,-0.9680771188662041,-0.2506525322587213,-0.9749279121818236,-0.2225209339563146
-0.0030130976556539497,0.06495789627477229,0.06495789627477229,-0.0030130976556539497,1.9459101490553132,0.8166666666666667,0.8180349207774138,-0.5000000000000012,0.8660254037844379,-0.9377521321470804,0.3473052528448203,0.7818314824680298,0.6234898018587336
0.0,-0.06797099393042637,-0.06797099393042637,0.0,-4.248495242049359,0.8166666666666667,0.8180798060954262,-0.5000000000000012,0.8660254037844379,-0.8486442574947509,0.5289640103269624,0.9749279121818236,-0.22252093395631434
0.0,0.0,0.0,0.0,0.0,0.8166666666666667,0.8181246914134387,-0.5000000000000012,0.8660254037844379,-0.7247927872291207,0.6889669190756859,0.43388373911755823,-0.900968867902419
0.05816378881346164,0.05816378881346164,0.05816378881346164,0.05816378881346164,8.961879012677683,0.8166666666666667,0.8181695767314512,-0.5000000000000012,0.8660254037844379,-0.5712682150947924,0.8207634412072763,-0.433883739117558,-0.9009688679024191
0.0,0.0,0.0,0.0,-8.961879012677683,0.8166666666666667,0.8182144620494637,-0.5000000000000012,0.8660254037844379,-0.3943558551133187,0.9189578116202306,-0.9749279121818236,-0.2225209339563146
-0.05920890300021166,-0.05920890300021166,-0.05920890300021166,-0.05920890300021166,2.302585092994046,0.8166666666666667,0.8183491180035011,-2.4492935982947064e-16,1.0,0.39435585511331855,0.9189578116202306,0.7818314824680298,0.6234898018587336
0.0,0.0,0.0,0.0,-2.3025850929940455,0.8166666666666667,0.8183940033215136,-2.4492935982947064e-16,1.0,0.5712682150947923,0.8207634412072763,0.9749279121818236,-0.22252093395631434
0.0,0.0,0.0,0.0,0.0,0.8166666666666667,0.8184388886395261,-2.4492935982947064e-16,1.0,0.72479278722912,0.6889669190756866,0.43388373911755823,-0.900968867902419
0.0,0.0,0.0,0.0,0.0,0.8166666666666667,0.8184837739575386,-2.4492935982947064e-16,1.0,0.8486442574947509,0.5289640103269624,-0.433883739117558,-0.9009688679024191
0.0,0.0,0.0,0.0,2.302585092994046,0.8166666666666667,0.8185286592755511,-2.4492935982947064e-16,1.0,0.9377521321470804,0.3473052528448203,-0.9749279121818236,-0.2225209339563146
0.0,0.0,0.0,0.0,-2.3025850929940455,0.8166666666666667,0.8186633152295885,-2.4492935982947064e-16,1.0,0.9680771188662043,-0.2506525322587204,0.7818314824680298,0.6234898018587336
0.054379036311458157,0.054379036311458157,0.054379036311458157,0.054379036311458157,6.593044534142437,0.8166666666666667,0.818708200547601,-2.4492935982947064e-16,1.0,0.8978045395707416,-0.4403941515576344,0.9749279121818236,-0.22252093395631434
0.0,0.0,0.0,0.0,-6.593044534142437,0.8166666666666667,0.8187530858656135,-2.4492935982947064e-16,1.0,0.7907757369376989,-0.6121059825476626,0.43388373911755823,-0.900968867902419
-0.04720141809229218,-0.04720141809229218,-0.04720141809229218,-0.04720141809229218,2.302585092994046,0.8166666666666667,0.8187979711836259,-2.4492935982947064e-16,1.0,0.6513724827222223,-0.758758122692791,-0.433883739117558,-0.9009688679024191
0.027420797596214685,0.027420797596214685,0.027420797596214685,0.027420797596214685,2.833213344056216,0.8166666666666667,0.8188428565016383,-2.4492935982947064e-16,1.0,0.48530196253108104,-0.8743466161445821,-0.9749279121818236,-0.2225209339563146
0.0,0.0,0.0,0.0,-5.135798437050262,0.8166666666666667,0.8189775124556758,-2.4492935982947064e-16,1.0,-0.10116832198743204,-0.9948693233918952,0.7818314824680298,0.6234898018587336
-0.04089214288407327,-0.04089214288407327,-0.04089214288407327,-0.04089214288407327,2.302585092994046,0.8166666666666667,0.8190223977736882,-2.4492935982947064e-16,1.0,-0.29936312297335776,-0.9541392564000489,0.9749279121818236,-0.22252093395631434
0.0,0.0,0.0,0.0,-2.3025850929940455,0.8166666666666667,0.8190672830917007,-2.4492935982947064e-16,1.0,-0.4853019625310808,-0.8743466161445822,0.43388373911755823,-0.900968867902419
-0.0712251552366328,-0.0712251552366328,-0.0712251552366328,-0.0712251552366328,2.302585092994046,0.8166666666666667,0.8191121684097132,-2.4492935982947064e-16,1.0,-0.6513724827222217,-0.7587581226927913,-0.433883739117558,-0.9009688679024191
0.0,0.0,0.0,0.0,1.791759469228055,0.8166666666666667,0.8191570537277257,-2.4492935982947064e-16,1.0,-0.7907757369376986,-0.6121059825476627,-0.9749279121818236,-0.2225209339563146
0.0,0.0,0.0,0.0,-4.0943445622221,0.8166666666666667,0.8192917096817631,-2.4492935982947064e-16,1.0,-0.9987165071710528,-0.05064916883871355,0.7818314824680298,0.6234898018587336
0.0,0.0,0.0,0.0,0.0,0.8166666666666667,0.8193365949997756,-2.4492935982947064e-16,1.0,-0.9884683243281114,0.15142777750457667,0.9749279121818236,-0.22252093395631434
0.06712462813900982,0.06712462813900982,0.06712462813900982,0.06712462813900982,2.302585092994046,0.8166666666666667,0.8193814803177881,-2.4492935982947064e-16,1.0,-0.9377521321470804,0.3473052528448203,0.43388373911755823,-0.900968867902419
-0.059246140566930026,0.06477329047777379,-0.059246140566930026,-0.059246140566930026,1.3862943611198906,0.8166666666666667,0.8194263656358006,-2.4492935982947064e-16,1.0,-0.8486442574947509,0.5289640103269624,-0.433883739117558,-0.9009688679024191
0.0,-0.12401943104470385,0.0,0.0,-3.6888794541139363,0.8166666666666667,0.819471250953813,-2.4492935982947064e-16,1.0,-0.7247927872291207,0.6889669190756859,-0.9749279121818236,-0.2225209339563146
0.0,0.0,0.0,0.0,0.0,0.8166666666666667,0.8196059069078505,-2.4492935982947064e-16,1.0,-0.20129852008866114,0.9795299412524943,0.7818314824680298,0.6234898018587336
0.06754688384999609,0.06754688384999609,0.06754688384999609,0.06754688384999609,6.327936783729195,0.8166666666666667,0.819650792225863,-2.4492935982947064e-16,1.0,-2.4492935982947064e-16,1.0,0.9749279121818236,-0.22252093395631434
0.06621803905278849,0.06621803905278849,0.06621803905278849,0.06621803905278849,-1.7227665977411035,0.8333333333333334,0.8197405628618879,0.49999999999999994,0.8660254037844387,0.39435585511331855,0.9189578116202306,-0.433883739117558,-0.9009688679024191
-0.0725249975904722,0.05666188048026637,-0.0725249975904722,-0.0693665461141217,-0.916290731874155,0.8333333333333334,0.8197854481799004,0.49999999999999994,0.8660254037844387,0.5712682150947923,0.8207634412072763,-0.9749279121818236,-0.2225209339563146
0.06760937242114516,-0.06157750564959339,0.06760937242114516,0.06445092094479463,0.22314355131420976,0.8333333333333334,0.8199201041339378,0.49999999999999994,0.8660254037844387,0.9377521321470804,0.3473052528448203,0.7818314824680298,0.6234898018587336
0.0,0.0,0.0,0.0,-3.912023005428146,0.8333333333333334,0.8199649894519503,0.49999999999999994,0.8660254037844387,0.9884683243281114,0.1514277775045767,0.9749279121818236,-0.22252093395631434
0.06609775168612467,0.06609775168612467,0.06609775168612467,0.06609775168612467,2.302585092994046,0.8333333333333334,0.8200098747699628,0.49999999999999994,0.8660254037844387,0.9987165071710528,-0.05064916883871264,0.43388373911755823,-0.900968867902419
-0.07092761837487828,0.04900490516333679,0.04900490516333679,-0.07092761837487828,0.6931471805599453,0.8333333333333334,0.8200547600879753,0.49999999999999994,0.8660254037844387,0.9680771188662043,-0.2506525322587204,-0.433883739117558,-0.9009688679024191
0.028956097747257444,-0.053525151199868067,-0.053525151199868067,0.028956097747257444,7.266827347520591,0.8333333333333334,0.8200996454059878,0.49999999999999994,0.8660254037844387,0.8978045395707416,-0.4403941515576344,-0.9749279121818236,-0.2225209339563146
-0.07201338650590063,-0.10946466109699005,-0.10946466109699005,-0.07201338650590063,-7.9599745280805365,0.8333333333333334,0.8202343013600252,0.49999999999999994,0.8660254037844387,0.48530196253108104,-0.8743466161445821,0.7818314824680298,0.6234898018587336
0.0,0.0,0.0,0.0,-2.3025850929940455,0.8333333333333334,0.8202791866780377,0.49999999999999994,0.8660254037844387,0.29936312297335804,-0.9541392564000488,0.9749279121818236,-0.22252093395631434
-0.07215697595329953,-0.017615474621507785,-0.017615474621507785,-0.07215697595329953,3.912023005428146,0.8333333333333334,0.8203240719960502,0.49999999999999994,0.8660254037844387,0.10116832198743272,-0.994869323391895,0.43388373911755823,-0.900968867902419
0.0,-0.054541501331791815,-0.054541501331791815,0.0,-3.912023005428146,0.8333333333333334,0.8203689573140627,0.49999999999999994,0.8660254037844387,-0.10116832198743204,-0.9948693233918952,-0.433883739117558,-0.9009688679024191
0.0,0.0,0.0,0.0,0.0,0.8333333333333334,0.8204138426320751,0.49999999999999994,0.8660254037844387,-0.29936312297335776,-0.9541392564000489,-0.9749279121818236,-0.2225209339563146
0.0,0.0,0.0,0.0,0.0,0.8333333333333334,0.8205484985861126,0.49999999999999994,0.8660254037844387,-0.7907757369376986,-0.6121059825476627,0.7818314824680298,0.6234898018587336
0.0,0.0,0.0,0.0,0.0,0.8333333333333334,0.8205933839041251,0.49999999999999994,0.8660254037844387,-0.8978045395707417,-0.44039415155763423,0.9749279121818236,-0.22252093395631434
0.0,0.0,0.0,0.0,0.0,0.8333333333333334,0.8206382692221375,0.49999999999999994,0.8660254037844387,-0.9680771188662041,-0.2506525322587213,0.43388373911755823,-0.900968867902419
0.0,0.0,0.0,0.0,0.0,0.8333333333333334,0.8209973517662373,0.49999999999999994,0.8660254037844387,-0.20129852008866114,0.9795299412524943,-0.433883739117558,-0.9009688679024191
-0.009926871441961181,0.04514403994947421,0.04514403994947421,-0.009926871441961181,4.867534450455582,0.8333333333333334,0.8210422370842498,0.49999999999999994,0.8660254037844387,-2.4492935982947064e-16,1.0,-0.9749279121818236,-0.2225209339563146
-0.07145434533249949,0.012549276283543952,0.012549276283543952,-0.07145434533249949,-1.8718021769015913,0.8333333333333334,0.8211768930382872,0.8660254037844386,0.5000000000000001,0.5712682150947923,0.8207634412072763,0.7818314824680298,0.6234898018587336
-0.046328690323883925,-0.18540322333136267,-0.18540322333136267,-0.046328690323883925,-0.6931471805599453,0.8333333333333334,0.8212217783562997,0.8660254037844386,0.5000000000000001,0.72479278722912,0.6889669190756866,0.9749279121818236,-0.22252093395631434
-0.06461334623394335,-0.06461334623394335,-0.06461334623394335,-0.06461334623394335,0.0,0.8333333333333334,0.8212666636743122,0.8660254037844386,0.5000000000000001,0.8486442574947509,0.5289640103269624,0.43388373911755823,-0.900968867902419
0.0,0.0,0.0,0.0,-2.3025850929940455,0.8333333333333334,0.8213115489923246,0.8660254037844386,0.5000000000000001,0.9377521321470804,0.3473052528448203,-0.433883739117558,-0.9009688679024191
0.0,0.0,0.0,0.0,0.0,0.8333333333333334,0.8213564343103371,0.8660254037844386,0.5000000000000001,0.9884683243281114,0.1514277775045767,-0.9749279121818236,-0.2225209339563146
0.0013459958661150948,0.06713541566665324,0.06713541566665324,0.0013459958661150948,3.6888794541139363,0.8333333333333334,0.8214910902643746,0.8660254037844386,0.5000000000000001,0.8978045395707416,-0.4403941515576344,0.7818314824680298,0.6234898018587336
0.0,-0.06578941980053812,-0.06578941980053812,0.0,-3.6888794541139363,0.8333333333333334,0.821535975582387,0.8660254037844386,0.5000000000000001,0.7907757369376989,-0.6121059825476626,0.9749279121818236,-0.22252093395631434
0.0,0.0,0.0,0.0,0.0,0.8333333333333334,0.8215808609003995,0.8660254037844386,0.5000000000000001,0.6513724827222223,-0.758758122692791,0.43388373911755823,-0.900968867902419
-0.07026404225669436,-0.07026404225669436,-0.07026404225669436,-0.07026404225669436,2.995732273553991,0.8333333333333334,0.821625746218412,0.8660254037844386,0.5000000000000001,0.48530196253108104,-0.8743466161445821,-0.433883739117558,-0.9009688679024191
0.0,0.0,0.0,0.0,-2.995732273553991,0.8333333333333334,0.8216706315364245,0.8660254037844386,0.5000000000000001,0.29936312297335804,-0.9541392564000488,-0.9749279121818236,-0.2225209339563146
0.0,0.0,0.0,0.0,0.0,0.8333333333333334,0.8218052874904619,0.8660254037844386,0.5000000000000001,-0.29936312297335776,-0.9541392564000489,0.7818314824680298,0.6234898018587336
0.0,0.0,0.0,0.0,0.0,0.8333333333333334,0.8218501728084744,0.8660254037844386,0.5000000000000001,-0.4853019625310808,-0.8743466161445822,0.9749279121818236,-0.22252093395631434
0.0,0.0,0.0,-0.04090884560077058,0.0,0.8333333333333334,0.8218950581264869,0.8660254037844386,0.5000000000000001,-0.6513724827222217,-0.7587581226927913,0.43388373911755823,-0.900968867902419
-0.04090884560077058,-0.04090884560077058,-0.04090884560077058,0.0,0.0,0.8333333333333334,0.8219399434444994,0.8660254037844386,0.5000000000000001,-0.7907757369376986,-0.6121059825476627,-0.433883739117558,-0.9009688679024191
0.0,0.0,0.0,0.0,0.0,0.8333333333333334,0.8219848287625119,0.8660254037844386,0.5000000000000001,-0.8978045395707417,-0.44039415155763423,-0.9749279121818236,-0.2225209339563146
0.0,0.0,0.0,0.0,0.0,0.8333333333333334,0.8221194847165493,0.8660254037844386,0.5000000000000001,-0.9884683243281114,0.15142777750457667,0.7818314824680298,0.6234898018587336
-0.01803369003267946,-0.01803369003267946,-0.01803369003267946,-0.01803369003267946,2.302585092994046,0.8333333333333334,0.8221643700345618,0.8660254037844386,0.5000000000000001,-0.9377521321470804,0.3473052528448203,0.9749279121818236,-0.22252093395631434
-0.030739771420055257,-0.030739771420055257,-0.030739771420055257,-0.030739771420055257,0.0,0.8333333333333334,0.8222092553525743,0.8660254037844386,0.5000000000000001,-0.8486442574947509,0.5289640103269624,0.43388373911755823,-0.900968867902419
-0.06446837277375304,-0.06446837277375304,-0.06446837277375304,-0.06446837277375304,0.0,0.8333333333333334,0.8222541406705867,0.8660254037844386,0.5000000000000001,-0.7247927872291207,0.6889669190756859,-0.433883739117558,-0.9009688679024191
0.0,0.0,0.0,0.0,-2.3025850929940455,0.8333333333333334,0.8222990259885992,0.8660254037844386,0.5000000000000001,-0.5712682150947924,0.8207634412072763,-0.9749279121818236,-0.2225209339563146
0.0,0.0,0.0,0.0,0.0,0.8333333333333334,0.8224336819426367,1.0,6.123233995736766e-17,0.39435585511331855,0.9189578116202306,0.7818314824680298,0.6234898018587336
0.06762018767497929,0.06762018767497929,0.06762018767497929,0.06762018767497929,2.302585092994046,0.8333333333333334,0.822478567260649,1.0,6.123233995736766e-17,0.5712682150947923,0.8207634412072763,0.9749279121818236,-0.22252093395631434
0.0,0.0,0.0,0.0,-2.3025850929940455,0.8333333333333334,0.8225234525786616,1.0,6.123233995736766e-17,0.72479278722912,0.6889669190756866,0.43388373911755823,-0.900968867902419
0.06628524647251292,0.06628524647251292,0.06628524647251292,0.06628524647251292,2.302585092994046,0.8333333333333334,0.822568337896674,1.0,6.123233995736766e-17,0.8486442574947509,0.5289640103269624,-0.433883739117558,-0.9009688679024191
0.0,0.0,0.0,0.0,-2.3025850929940455,0.8333333333333334,0.8226132232146866,1.0,6.123233995736766e-17,0.9377521321470804,0.3473052528448203,-0.9749279121818236,-0.2225209339563146
0.06768311360488793,0.06768311360488793,0.06768311360488793,0.06768311360488793,2.302585092994046,0.8333333333333334,0.8227478791687239,1.0,6.123233995736766e-17,0.9680771188662043,-0.2506525322587204,0.7818314824680298,0.6234898018587336
0.0,0.0,0.0,0.0,-2.3025850929940455,0.8333333333333334,0.8227927644867364,1.0,6.123233995736766e-17,0.8978045395707416,-0.4403941515576344,0.9749279121818236,-0.22252093395631434
0.06711547317207668,0.06711547317207668,0.06711547317207668,0.06711547317207668,2.302585092994046,0.8333333333333334,0.8228376498047489,1.0,6.123233995736766e-17,0.7907757369376989,-0.6121059825476626,0.43388373911755823,-0.900968867902419
0.01897805152732402,0.01897805152732402,0.01897805152732402,0.01897805152732402,0.0,0.8333333333333334,0.8228825351227614,1.0,6.123233995736766e-17,0.6513724827222223,-0.758758122692791,-0.433883739117558,-0.9009688679024191
0.0,0.0,0.0,0.0,-2.3025850929940455,0.8333333333333334,0.8229274204407738,1.0,6.123233995736766e-17,0.48530196253108104,-0.8743466161445821,-0.9749279121818236,-0.2225209339563146
0.0,0.06766389301359327,0.06766389301359327,0.0,2.995732273553991,0.8333333333333334,0.8230620763948113,1.0,6.123233995736766e-17,-0.10116832198743204,-0.9948693233918952,0.7818314824680298,0.6234898018587336
0.0,-0.06766389301359334,-0.06766389301359334,0.0,-2.995732273553991,0.8333333333333334,0.8231069617128238,1.0,6.123233995736766e-17,-0.29936312297335776,-0.9541392564000489,0.9749279121818236,-0.22252093395631434
0.0,0.0,0.0,0.0,0.0,0.8333333333333334,0.8231518470308362,1.0,6.123233995736766e-17,-0.4853019625310808,-0.8743466161445822,0.43388373911755823,-0.900968867902419
-0.07257672690925372,-0.07257672690925372,-0.07257672690925372,-0.07257672690925372,2.302585092994046,0.8333333333333334,0.8231967323488487,1.0,6.123233995736766e-17,-0.6513724827222217,-0.7587581226927913,-0.433883739117558,-0.9009688679024191
0.0,0.0,0.0,0.0,-2.3025850929940455,0.8333333333333334,0.8232416176668612,1.0,6.123233995736766e-17,-0.7907757369376986,-0.6121059825476627,-0.9749279121818236,-0.2225209339563146
-0.07256582664294693,-0.07256582664294693,-0.07256582664294693,-0.07256582664294693,2.302585092994046,0.8333333333333334,0.8233762736208987,1.0,6.123233995736766e-17,-0.9987165071710528,-0.05064916883871355,0.7818314824680298,0.6234898018587336
-0.07177741905713458,-0.07177741905713458,-0.07177741905713458,-0.07177741905713458,0.0,0.8333333333333334,0.8234211589389111,1.0,6.123233995736766e-17,-0.9884683243281114,0.15142777750457667,0.9749279121818236,-0.22252093395631434
0.0,0.0,0.0,0.0,-2.3025850929940455,0.8333333333333334,0.8234660442569236,1.0,6.123233995736766e-17,-0.9377521321470804,0.3473052528448203,0.43388373911755823,-0.900968867902419
0.0,0.0,0.0,0.0,0.0,0.8333333333333334,0.8235109295749361,1.0,6.123233995736766e-17,-0.8486442574947509,0.5289640103269624,-0.433883739117558,-0.9009688679024191
-0.07244702020736528,-0.07244702020736528,-0.07244702020736528,-0.07244702020736528,2.302585092994046,0.8333333333333334,0.8235558148929486,1.0,6.123233995736766e-17,-0.7247927872291207,0.6889669190756859,-0.9749279121818236,-0.2225209339563146
-0.07084152370334312,-0.07084152370334312,-0.07084152370334312,-0.07084152370334312,0.0,0.8333333333333334,0.823690470846986,1.0,6.123233995736766e-17,-0.20129852008866114,0.9795299412524943,0.7818314824680298,0.6234898018587336
-0.07256204227838833,-0.07256204227838833,-0.07256204227838833,-0.07256204227838833,0.0,0.8333333333333334,0.8237353561649985,1.0,6.123233995736766e-17,-2.4492935982947064e-16,1.0,0.9749279121818236,-0.22252093395631434
0.0,0.0,0.0,0.0,-2.3025850929940455,0.8333333333333334,0.823780241483011,0.8660254037844387,-0.4999999999999998,0.20129852008866006,0.9795299412524945,0.43388373911755823,-0.900968867902419
0.0,0.0,0.0,0.0,0.0,0.8333333333333334,0.8238700121190359,0.8660254037844387,-0.4999999999999998,0.5712682150947923,0.8207634412072763,-0.9749279121818236,-0.2225209339563146
0.0,0.0,0.0,0.0,0.0,0.8333333333333334,0.8240046680730734,0.8660254037844387,-0.4999999999999998,0.9377521321470804,0.3473052528448203,0.7818314824680298,0.6234898018587336
0.0,0.0,0.0,0.0,0.0,0.8333333333333334,0.8240495533910859,0.8660254037844387,-0.4999999999999998,0.9884683243281114,0.1514277775045767,0.9749279121818236,-0.22252093395631434
-0.07194767751361375,-0.07194767751361375,-0.07194767751361375,-0.07194767751361375,2.302585092994046,0.8333333333333334,0.8240944387090983,0.8660254037844387,-0.4999999999999998,0.9987165071710528,-0.05064916883871264,0.43388373911755823,-0.900968867902419
0.0,0.0,0.0,0.0,-2.3025850929940455,0.8333333333333334,0.8241393240271108,0.8660254037844387,-0.4999999999999998,0.9680771188662043,-0.2506525322587204,-0.433883739117558,-0.9009688679024191
0.0,0.0,0.0,0.0,0.0,0.8333333333333334,0.8241842093451233,0.8660254037844387,-0.4999999999999998,0.8978045395707416,-0.4403941515576344,-0.9749279121818236,-0.2225209339563146
0.0,0.0,0.0,0.0,0.0,0.8333333333333334,0.8243188652991607,0.8660254037844387,-0.4999999999999998,0.48530196253108104,-0.8743466161445821,0.7818314824680298,0.6234898018587336
0.0,0.0,0.0,0.0,0.0,0.8333333333333334,0.8243637506171732,0.8660254037844387,-0.4999999999999998,0.29936312297335804,-0.9541392564000488,0.9749279121818236,-0.22252093395631434
-0.07077062019609268,-0.07077062019609268,-0.07077062019609268,-0.07077062019609268,2.995732273553991,0.8333333333333334,0.8244086359351857,0.8660254037844387,-0.4999999999999998,0.10116832198743272,-0.994869323391895,0.43388373911755823,-0.900968867902419
0.0,0.0,0.0,0.0,-2.995732273553991,0.8333333333333334,0.8244535212531982,0.8660254037844387,-0.4999999999999998,-0.10116832198743204,-0.9948693233918952,-0.433883739117558,-0.9009688679024191
0.0,0.0,0.0,0.0,0.0,0.8333333333333334,0.8244984065712107,0.8660254037844387,-0.4999999999999998,-0.29936312297335776,-0.9541392564000489,-0.9749279121818236,-0.2225209339563146
0.0,0.0,0.0,0.0,0.0,0.8333333333333334,0.824633062525248,0.8660254037844387,-0.4999999999999998,-0.7907757369376986,-0.6121059825476627,0.7818314824680298,0.6234898018587336
0.0,0.0,0.0,0.0,0.0,0.8333333333333334,0.8246779478432605,0.8660254037844387,-0.4999999999999998,-0.8978045395707417,-0.44039415155763423,0.9749279121818236,-0.22252093395631434
-0.07132963372792316,-0.07132963372792316,-0.07132963372792316,-0.07132963372792316,2.302585092994046,0.8333333333333334,0.824722833161273,0.8660254037844387,-0.4999999999999998,-0.9680771188662041,-0.2506525322587213,0.43388373911755823,-0.900968867902419
-0.04380662089117401,-0.04380662089117401,-0.04380662089117401,-0.04380662089117401,0.0,0.8333333333333334,0.8247677184792854,0.8660254037844387,-0.4999999999999998,-0.9987165071710528,-0.05064916883871355,-0.433883739117558,-0.9009688679024191
0.0,0.0,0.0,0.0,-2.3025850929940455,0.8333333333333334,0.8248126037972979,0.8660254037844387,-0.4999999999999998,-0.9884683243281114,0.15142777750457667,-0.9749279121818236,-0.2225209339563146
0.06736826677680859,0.06736826677680859,0.06736826677680859,0.06736826677680859,2.302585092994046,0.8333333333333334,0.8249472597513354,0.8660254037844387,-0.4999999999999998,-0.7247927872291207,0.6889669190756859,0.7818314824680298,0.6234898018587336
0.0,0.0,0.0,0.0,-2.3025850929940455,0.8333333333333334,0.8249921450693478,0.8660254037844387,-0.4999999999999998,-0.5712682150947924,0.8207634412072763,0.9749279121818236,-0.22252093395631434
0.06777112423662902,0.06777112423662902,0.06777112423662902,0.06777112423662902,2.302585092994046,0.8333333333333334,0.8250370303873603,0.8660254037844387,-0.4999999999999998,-0.3943558551133187,0.9189578116202306,0.43388373911755823,-0.900968867902419
0.06736154975486738,0.06736154975486738,0.06736154975486738,0.06736154975486738,0.6931471805599453,0.8333333333333334,0.8252614569774227,0.5000000000000003,-0.8660254037844385,0.72479278722912,0.6889669190756866,0.7818314824680298,0.6234898018587336
0.0,0.0,0.0,0.0,-2.995732273553991,0.8333333333333334,0.8253063422954352,0.5000000000000003,-0.8660254037844385,0.8486442574947509,0.5289640103269624,0.9749279121818236,-0.22252093395631434
0.0,0.0,0.0,0.0,2.302585092994046,0.8333333333333334,0.8253512276134477,0.5000000000000003,-0.8660254037844385,0.9377521321470804,0.3473052528448203,0.43388373911755823,-0.900968867902419
0.0,0.0,0.0,0.0,-2.3025850929940455,0.8333333333333334,0.8253961129314602,0.5000000000000003,-0.8660254037844385,0.9884683243281114,0.1514277775045767,-0.433883739117558,-0.9009688679024191
0.06696414835240957,0.06696414835240957,0.06696414835240957,0.06696414835240957,2.302585092994046,0.8333333333333334,0.8254409982494727,0.5000000000000003,-0.8660254037844385,0.9987165071710528,-0.05064916883871264,-0.9749279121818236,-0.2225209339563146
0.0,0.0,0.0,0.0,-2.3025850929940455,0.8333333333333334,0.8255756542035101,0.5000000000000003,-0.8660254037844385,0.7907757369376989,-0.6121059825476626,0.7818314824680298,0.6234898018587336
0.0,0.0,0.0,0.0,0.0,0.8333333333333334,0.8256205395215226,0.5000000000000003,-0.8660254037844385,0.6513724827222223,-0.758758122692791,0.9749279121818236,-0.22252093395631434
0.0,0.0,0.0,0.0,0.0,0.8333333333333334,0.8256654248395351,0.5000000000000003,-0.8660254037844385,0.48530196253108104,-0.8743466161445821,0.43388373911755823,-0.900968867902419
0.0,0.0,0.0,0.0,0.0,0.8333333333333334,0.8257103101575475,0.5000000000000003,-0.8660254037844385,0.29936312297335804,-0.9541392564000488,-0.433883739117558,-0.9009688679024191
0.0,0.0,0.0,0.0,0.0,0.8333333333333334,0.82575519547556,0.5000000000000003,-0.8660254037844385,0.10116832198743272,-0.994869323391895,-0.9749279121818236,-0.2225209339563146
0.06616716425077344,0.06616716425077344,0.06616716425077344,0.06616716425077344,2.302585092994046,0.8333333333333334,0.8258898514295975,0.5000000000000003,-0.8660254037844385,-0.4853019625310808,-0.8743466161445822,0.7818314824680298,0.6234898018587336
0.06731078530396666,0.06731078530396666,0.06731078530396666,0.06731078530396666,0.0,0.8333333333333334,0.8259347367476099,0.5000000000000003,-0.8660254037844385,-0.6513724827222217,-0.7587581226927913,0.9749279121818236,-0.22252093395631434
0.06762018767497929,0.06762018767497929,0.06762018767497929,0.06762018767497929,0.0,0.8333333333333334,0.8259796220656224,0.5000000000000003,-0.8660254037844385,-0.7907757369376986,-0.6121059825476627,0.43388373911755823,-0.900968867902419
0.0,0.0,0.0,0.0,-2.3025850929940455,0.8333333333333334,0.8260245073836349,0.5000000000000003,-0.8660254037844385,-0.8978045395707417,-0.44039415155763423,-0.433883739117558,-0.9009688679024191
0.0,0.0,0.0,0.0,0.0,0.8333333333333334,0.8260693927016474,0.5000000000000003,-0.8660254037844385,-0.9680771188662041,-0.2506525322587213,-0.9749279121818236,-0.2225209339563146
0.06628524647251292,0.06628524647251292,0.06628524647251292,0.06628524647251292,2.302585092994046,0.8333333333333334,0.8262040486556848,0.5000000000000003,-0.8660254037844385,-0.9377521321470804,0.3473052528448203,0.7818314824680298,0.6234898018587336
0.0,0.0,0.0,0.0,-2.3025850929940455,0.8333333333333334,0.8262489339736973,0.5000000000000003,-0.8660254037844385,-0.8486442574947509,0.5289640103269624,0.9749279121818236,-0.22252093395631434
0.06768311360488793,0.06768311360488793,0.06768311360488793,0.06768311360488793,2.302585092994046,0.8333333333333334,0.8262938192917098,0.5000000000000003,-0.8660254037844385,-0.7247927872291207,0.6889669190756859,0.43388373911755823,-0.900968867902419
-0.07211043902961685,0.06711547317207668,0.06711547317207668,-0.07211043902961685,0.6931471805599453,0.8333333333333334,0.8263387046097223,0.5000000000000003,-0.8660254037844385,-0.5712682150947924,0.8207634412072763,-0.433883739117558,-0.9009688679024191
0.0,-0.13922591220169359,-0.13922591220169359,0.0,-2.995732273553991,0.8333333333333334,0.8263835899277346,0.5000000000000003,-0.8660254037844385,-0.3943558551133187,0.9189578116202306,-0.9749279121818236,-0.2225209339563146
0.06659064580601894,0.06659064580601894,0.06659064580601894,0.06659064580601894,2.302585092994046,0.8333333333333334,0.8265182458817721,1.2246467991473532e-16,-1.0,0.20129852008866006,0.9795299412524945,0.7818314824680298,0.6234898018587336
0.0,0.0,0.0,0.0,-2.3025850929940455,0.8333333333333334,0.8265631311997846,1.2246467991473532e-16,-1.0,0.39435585511331855,0.9189578116202306,0.9749279121818236,-0.22252093395631434
-0.07235910020275937,-0.07235910020275937,-0.07235910020275937,-0.07235910020275937,2.302585092994046,0.8333333333333334,0.826608016517797,1.2246467991473532e-16,-1.0,0.5712682150947923,0.8207634412072763,0.43388373911755823,-0.900968867902419
0.0,0.0,0.0,0.0,0.0,0.8333333333333334,0.8266529018358095,1.2246467991473532e-16,-1.0,0.72479278722912,0.6889669190756866,-0.433883739117558,-0.9009688679024191
0.06680866967211031,0.06680866967211031,0.06680866967211031,0.06680866967211031,4.189654742026425,0.8333333333333334,0.826697787153822,1.2246467991473532e-16,-1.0,0.8486442574947509,0.5289640103269624,-0.9749279121818236,-0.2225209339563146
0.0,0.0,0.0,0.0,-6.492239835020471,0.8333333333333334,0.8268324431078595,1.2246467991473532e-16,-1.0,0.9987165071710528,-0.05064916883871264,0.7818314824680298,0.6234898018587336
0.0,0.0,0.0,0.0,0.0,0.8333333333333334,0.8268773284258719,1.2246467991473532e-16,-1.0,0.9680771188662043,-0.2506525322587204,0.9749279121818236,-0.22252093395631434
0.06668139978457231,0.06668139978457231,0.06668139978457231,0.06668139978457231,2.302585092994046,0.8333333333333334,0.8269222137438844,1.2246467991473532e-16,-1.0,0.8978045395707416,-0.4403941515576344,0.43388373911755823,-0.900968867902419
0.0,0.0,0.0,0.0,0.0,0.8333333333333334,0.8269670990618969,1.2246467991473532e-16,-1.0,0.7907757369376989,-0.6121059825476626,-0.433883739117558,-0.9009688679024191
-0.07210734907056948,0.0,0.0,-0.07210734907056948,2.3978952727983707,0.8333333333333334,0.8270119843799094,1.2246467991473532e-16,-1.0,0.6513724827222223,-0.758758122692791,-0.9749279121818236,-0.2225209339563146
0.06688691958121115,-0.005220429489358367,-0.005220429489358367,0.06688691958121115,-2.3978952727983707,0.8333333333333334,0.8271466403339468,1.2246467991473532e-16,-1.0,0.10116832198743272,-0.994869323391895,0.7818314824680298,0.6234898018587336
0.03570277815843364,0.06759614193438758,0.03570277815843364,0.06759614193438758,0.6931471805599453,0.8333333333333334,0.8271915256519593,1.2246467991473532e-16,-1.0,-0.10116832198743204,-0.9948693233918952,0.9749279121818236,-0.22252093395631434
0.03189336377595379,0.0,0.03189336377595379,0.0,-2.995732273553991,0.8333333333333334,0.8272364109699718,1.2246467991473532e-16,-1.0,-0.29936312297335776,-0.9541392564000489,0.43388373911755823,-0.900968867902419
0.06675274140264353,0.06675274140264353,0.06675274140264353,0.06675274140264353,2.302585092994046,0.8333333333333334,0.8272812962879843,1.2246467991473532e-16,-1.0,-0.4853019625310808,-0.8743466161445822,-0.433883739117558,-0.9009688679024191
-0.0715201685348412,-0.0715201685348412,-0.0715201685348412,-0.0715201685348412,0.0,0.8333333333333334,0.8273261816059967,1.2246467991473532e-16,-1.0,-0.6513724827222217,-0.7587581226927913,-0.9749279121818236,-0.2225209339563146
0.06706127841594497,0.06706127841594497,0.06706127841594497,0.06706127841594497,0.0,0.8333333333333334,0.8274608375600342,1.2246467991473532e-16,-1.0,-0.9680771188662041,-0.2506525322587213,0.7818314824680298,0.6234898018587336
0.06703317248292082,0.06703317248292082,0.06703317248292082,0.06703317248292082,0.0,0.8333333333333334,0.8275057228780467,1.2246467991473532e-16,-1.0,-0.9987165071710528,-0.05064916883871355,0.9749279121818236,-0.22252093395631434
-0.07202518284970627,0.06729591007397812,0.06729591007397812,-0.07202518284970627,1.3862943611198906,0.8333333333333334,0.8275506081960591,1.2246467991473532e-16,-1.0,-0.9884683243281114,0.15142777750457667,0.43388373911755823,-0.900968867902419
-0.07139718204858843,-0.07268353160635703,-0.07268353160635703,-0.07139718204858843,-0.6931471805599453,0.8333333333333334,0.8275954935140716,1.2246467991473532e-16,-1.0,-0.9377521321470804,0.3473052528448203,-0.433883739117558,-0.9009688679024191
0.06663802456756986,-0.07139671879834593,-0.07139671879834593,0.06663802456756986,-0.6931471805599453,0.8333333333333334,0.8276403788320841,1.2246467991473532e-16,-1.0,-0.8486442574947509,0.5289640103269624,-0.9749279121818236,-0.2225209339563146
-0.06663802456756988,-0.06663802456756988,-0.06663802456756988,-0.06663802456756988,0.0,0.8333333333333334,0.8277750347861215,1.2246467991473532e-16,-1.0,-0.3943558551133187,0.9189578116202306,0.7818314824680298,0.6234898018587336
0.06663802456756986,0.06663802456756986,0.06663802456756986,0.06663802456756986,0.0,0.8333333333333334,0.827819920104134,1.2246467991473532e-16,-1.0,-0.20129852008866114,0.9795299412524943,0.9749279121818236,-0.22252093395631434
0.0669450480886613,0.0669450480886613,0.0669450480886613,0.0669450480886613,0.6931471805599453,0.8333333333333334,0.8278648054221465,-0.4999999999999997,-0.8660254037844388,0.20129852008866006,0.9795299412524945,0.43388373911755823,-0.900968867902419
0.06692473492880333,0.06692473492880333,0.06692473492880333,0.06692473492880333,0.0,0.8333333333333334,0.827909690740159,-0.4999999999999997,-0.8660254037844388,0.39435585511331855,0.9189578116202306,-0.433883739117558,-0.9009688679024191
-0.0723657736832112,0.06558117125386743,0.06558117125386743,-0.0723657736832112,0.0,0.8333333333333334,0.8279545760581715,-0.4999999999999997,-0.8660254037844388,0.5712682150947923,0.8207634412072763,-0.9749279121818236,-0.2225209339563146
0.06716449556197107,-0.07078244937510761,-0.07078244937510761,0.06716449556197107,-0.6931471805599453,0.8333333333333334,0.8280892320122089,-0.4999999999999997,-0.8660254037844388,0.9377521321470804,0.3473052528448203,0.7818314824680298,0.6234898018587336
0.0315786351073453,0.06591213800121944,0.06591213800121944,0.0315786351073453,0.6931471805599453,0.8333333333333334,0.8281341173302214,-0.4999999999999997,-0.8660254037844388,0.9884683243281114,0.1514277775045767,0.9749279121818236,-0.22252093395631434
0.0,-0.034333502893874254,-0.034333502893874254,0.0,-2.995732273553991,0.8333333333333334,0.8281790026482339,-0.4999999999999997,-0.8660254037844388,0.9987165071710528,-0.05064916883871264,0.43388373911755823,-0.900968867902419
-0.07265573528524319,0.06762990440484346,0.06762990440484346,-0.07265573528524319,5.736572297479192,0.8333333333333334,0.8282238879662462,-0.4999999999999997,-0.8660254037844388,0.9680771188662043,-0.2506525322587204,-0.433883739117558,-0.9009688679024191
0.06759020303529015,-0.0726954366547965,-0.0726954366547965,0.06759020303529015,-2.3353749158170367,0.8333333333333334,0.8282687732842587,-0.4999999999999997,-0.8660254037844388,0.8978045395707416,-0.4403941515576344,-0.9749279121818236,-0.2225209339563146
-0.046320264797115034,-0.046320264797115034,-0.046320264797115034,-0.046320264797115034,0.0,0.8333333333333334,0.8284034292382962,-0.4999999999999997,-0.8660254037844388,0.48530196253108104,-0.8743466161445821,0.7818314824680298,0.6234898018587336
0.0,0.0,0.0,0.0,-3.4011973816621555,0.8333333333333334,0.8284483145563087,-0.4999999999999997,-0.8660254037844388,0.29936312297335804,-0.9541392564000488,0.9749279121818236,-0.22252093395631434
0.06621380531668561,0.06621380531668561,0.06621380531668561,0.06621380531668561,3.4011973816621555,0.8333333333333334,0.8284931998743211,-0.4999999999999997,-0.8660254037844388,0.10116832198743272,-0.994869323391895,0.43388373911755823,-0.900968867902419
-0.07247760030078944,0.06666693627239739,0.06666693627239739,-0.07247760030078944,1.3862943611198906,0.8333333333333334,0.8285380851923336,-0.4999999999999997,-0.8660254037844388,-0.10116832198743204,-0.9948693233918952,-0.433883739117558,-0.9009688679024191
0.0,-0.13914453657318684,-0.13914453657318684,0.0,-4.787491742782046,0.8333333333333334,0.8285829705103461,-0.4999999999999997,-0.8660254037844388,-0.29936312297335776,-0.9541392564000489,-0.9749279121818236,-0.2225209339563146
0.006263794984103861,0.006263794984103861,0.006263794984103861,0.006263794984103861,7.414572881350589,0.8333333333333334,0.8287176264643835,-0.4999999999999997,-0.8660254037844388,-0.7907757369376986,-0.6121059825476627,0.7818314824680298,0.6234898018587336
0.0,0.0,0.0,0.0,-7.414572881350589,0.8333333333333334,0.828762511782396,-0.4999999999999997,-0.8660254037844388,-0.8978045395707417,-0.44039415155763423,0.9749279121818236,-0.22252093395631434
-0.06632858982334226,-0.06632858982334226,-0.06632858982334226,-0.06632858982334226,2.302585092994046,0.8333333333333334,0.8288073971004085,-0.4999999999999997,-0.8660254037844388,-0.9680771188662041,-0.2506525322587213,0.43388373911755823,-0.900968867902419
0.0,0.0,0.0,0.0,-2.3025850929940455,0.8333333333333334,0.828852282418421,-0.4999999999999997,-0.8660254037844388,-0.9987165071710528,-0.05064916883871355,-0.433883739117558,-0.9009688679024191
0.0,0.0,0.0,0.0,0.0,0.8333333333333334,0.8288971677364335,-0.4999999999999997,-0.8660254037844388,-0.9884683243281114,0.15142777750457667,-0.9749279121818236,-0.2225209339563146
0.06748425850622396,0.06748425850622396,0.06748425850622396,0.06748425850622396,6.633318433280377,0.8333333333333334,0.8290318236904709,-0.4999999999999997,-0.8660254037844388,-0.7247927872291207,0.6889669190756859,0.7818314824680298,0.6234898018587336
0.0,0.0,0.0,0.0,-6.633318433280377,0.8333333333333334,0.8290767090084834,-0.4999999999999997,-0.8660254037844388,-0.5712682150947924,0.8207634412072763,0.9749279121818236,-0.22252093395631434
-0.07194247022472987,0.06505813663380389,0.06505813663380389,-0.07194247022472987,2.995732273553991,0.8333333333333334,0.8291215943264959,-0.4999999999999997,-0.8660254037844388,-0.3943558551133187,0.9189578116202306,0.43388373911755823,-0.900968867902419
0.0,-0.1370006068585339,-0.1370006068585339,0.0,-2.995732273553991,0.8333333333333334,0.8291664796445083,-0.4999999999999997,-0.8660254037844388,-0.20129852008866114,0.9795299412524943,-0.433883739117558,-0.9009688679024191
0.06661530070705768,0.06661530070705768,0.06661530070705768,0.06661530070705768,3.4011973816621555,0.8333333333333334,0.8292113649625208,-0.4999999999999997,-0.8660254037844388,-2.4492935982947064e-16,1.0,-0.9749279121818236,-0.2225209339563146
-0.04987644834243893,0.06550327855416781,0.06550327855416781,0.0010445077256712992,4.605170185988092,0.8333333333333334,0.8293460209165583,-0.8660254037844385,-0.5000000000000004,0.5712682150947923,0.8207634412072763,0.7818314824680298,0.6234898018587336
0.02197094655145248,0.0,0.0,-0.028950009516657882,-5.0106352940962555,0.8333333333333334,0.8293909062345707,-0.8660254037844385,-0.5000000000000004,0.72479278722912,0.6889669190756866,0.9749279121818236,-0.22252093395631434
0.06729591007397812,-0.026112870271176106,-0.026112870271176106,0.06729591007397812,-0.6931471805599453,0.8333333333333334,0.8294357915525832,-0.8660254037844385,-0.5000000000000004,0.8486442574947509,0.5289640103269624,0.43388373911755823,-0.900968867902419
-0.0040268510790352685,0.06493613129651724,-0.0040268510790352685,0.001004184184802264,3.9512437185814275,0.8333333333333334,0.8294806768705957,-0.8660254037844385,-0.5000000000000004,0.9377521321470804,0.3473052528448203,-0.433883739117558,-0.9009688679024191
0.005031035263837477,-0.06393194711171507,0.005031035263837477,0.0,-6.253828811575473,0.8333333333333334,0.8295255621886082,-0.8660254037844385,-0.5000000000000004,0.9884683243281114,0.1514277775045767,-0.9749279121818236,-0.2225209339563146
-0.06282258592205532,-0.06282258592205532,-0.06282258592205532,-0.06282258592205532,2.302585092994046,0.8333333333333334,0.8296602181426456,-0.8660254037844385,-0.5000000000000004,0.8978045395707416,-0.4403941515576344,0.7818314824680298,0.6234898018587336
0.06682926907848469,0.06682926907848469,0.06682926907848469,0.06682926907848469,1.3862943611198906,0.8333333333333334,0.8297051034606581,-0.8660254037844385,-0.5000000000000004,0.7907757369376989,-0.6121059825476626,0.9749279121818236,-0.22252093395631434
0.0011101244479329927,0.0646218232326671,0.0646218232326671,0.0011101244479329927,-0.6931471805599453,0.8333333333333334,0.8297499887786706,-0.8660254037844385,-0.5000000000000004,0.6513724827222223,-0.758758122692791,0.43388373911755823,-0.900968867902419
0.010045897809702466,0.0,-0.05346580097503166,0.010045897809702466,1.0986122886681098,0.8333333333333334,0.8297948740966831,-0.8660254037844385,-0.5000000000000004,0.48530196253108104,-0.8743466161445821,-0.433883739117558,-0.9009688679024191
0.06762990440484346,0.014164103429811841,0.06762990440484346,0.06762990440484346,-1.0986122886681098,0.8333333333333334,0.8298397594146955,-0.8660254037844385,-0.5000000000000004,0.29936312297335804,-0.9541392564000488,-0.9749279121818236,-0.2225209339563146
-0.05768392373253414,0.06334439915672935,0.06334439915672935,-0.05768392373253414,0.0,0.8333333333333334,0.829974415368733,-0.8660254037844385,-0.5000000000000004,-0.29936312297335776,-0.9541392564000489,0.7818314824680298,0.6234898018587336
0.0,-0.12102832288926345,-0.12102832288926345,0.0,-2.995732273553991,0.8333333333333334,0.8300193006867455,-0.8660254037844385,-0.5000000000000004,-0.4853019625310808,-0.8743466161445822,0.9749279121818236,-0.22252093395631434
0.06698251420744926,0.06698251420744926,0.06698251420744926,0.06698251420744926,2.302585092994046,0.8333333333333334,0.830064186004758,-0.8660254037844385,-0.5000000000000004,-0.6513724827222217,-0.7587581226927913,0.43388373911755823,-0.900968867902419
0.06716043689092936,0.06716043689092936,0.06716043689092936,0.06716043689092936,1.9459101490553132,0.8333333333333334,0.8301090713227703,-0.8660254037844385,-0.5000000000000004,-0.7907757369376986,-0.6121059825476627,-0.433883739117558,-0.9009688679024191
-0.07185001628773126,0.06694290361295954,0.06694290361295954,-0.07185001628773126,1.3862943611198906,0.8333333333333334,0.8301539566407828,-0.8660254037844385,-0.5000000000000004,-0.8978045395707417,-0.44039415155763423,-0.9749279121818236,-0.2225209339563146
0.0674657164702861,-0.07132720343040469,-0.07132720343040469,0.0674657164702861,-3.332204510175204,0.8333333333333334,0.8302886125948203,-0.8660254037844385,-0.5000000000000004,-0.9884683243281114,0.15142777750457667,0.7818314824680298,0.6234898018587336
-0.07207472754839929,0.0672273759408421,0.0672273759408421,-0.053563214405113455,2.6390573296152584,0.8333333333333334,0.8303334979128327,-0.8660254037844385,-0.5000000000000004,-0.9377521321470804,0.3473052528448203,0.9749279121818236,-0.22252093395631434
0.08072949648929682,-0.0542260065631217,-0.0542260065631217,0.06221798334601092,1.519825753744413,0.8333333333333334,0.8303783832308452,-0.8660254037844385,-0.5000000000000004,-0.8486442574947509,0.5289640103269624,0.43388373911755823,-0.900968867902419
-0.07143090601438175,0.06232033583557455,-0.05743576480718526,0.025523752685314996,-1.8562979903656263,0.8333333333333334,0.8304232685488577,-0.8660254037844385,-0.5000000000000004,-0.7247927872291207,0.6889669190756859,-0.433883739117558,-0.9009688679024191
0.045238589885159226,-0.041143183587082535,0.07861291705567743,-0.05171606881453738,1.62924053973028,0.8333333333333334,0.8304681538668702,-0.8660254037844385,-0.5000000000000004,-0.5712682150947924,0.8207634412072763,-0.9749279121818236,-0.2225209339563146
0.06428331213824592,0.01256724332370845,0.01256724332370845,0.06428331213824592,-1.041453874828161,0.8333333333333334,0.8306028098209076,-0.8660254037844385,-0.5000000000000004,-2.4492935982947064e-16,1.0,0.7818314824680298,0.6234898018587336
0.0,0.0,0.0,0.0,-5.19295685089021,0.8333333333333334,0.8306476951389201,-1.0,-1.8369701987210297e-16,0.20129852008866006,0.9795299412524945,0.9749279121818236,-0.22252093395631434
-0.06866736124678027,-0.06866736124678027,-0.06866736124678027,-0.06866736124678027,2.302585092994046,0.8333333333333334,0.8307374657749451,-1.0,-1.8369701987210297e-16,0.5712682150947923,0.8207634412072763,-0.433883739117558,-0.9009688679024191
-0.0690137939587331,-0.004501426526489594,-0.004501426526489594,-0.0690137939587331,1.3862943611198906,0.8333333333333334,0.8307823510929575,-1.0,-1.8369701987210297e-16,0.72479278722912,0.6889669190756866,-0.9749279121818236,-0.2225209339563146
-0.07210622699312078,0.0,-0.13661859442536434,-0.07210622699312078,2.6390573296152584,0.8333333333333334,0.830917007046995,-1.0,-1.8369701987210297e-16,0.9884683243281114,0.1514277775045767,0.7818314824680298,0.6234898018587336
-0.07213797082537816,-0.20875656525074246,-0.07213797082537816,-0.07213797082537816,-3.332204510175204,0.8333333333333334,0.8309618923650075,-1.0,-1.8369701987210297e-16,0.9987165071710528,-0.05064916883871264,0.9749279121818236,-0.22252093395631434
0.0,0.0,0.0,0.0,-2.995732273553991,0.8333333333333334,0.8310067776830199,-1.0,-1.8369701987210297e-16,0.9680771188662043,-0.2506525322587204,0.43388373911755823,-0.900968867902419
-0.06709566498480535,-0.06709566498480535,-0.06709566498480535,-0.06709566498480535,2.302585092994046,0.8333333333333334,0.8310516630010324,-1.0,-1.8369701987210297e-16,0.8978045395707416,-0.4403941515576344,-0.433883739117558,-0.9009688679024191
0.06709566498480542,0.06709566498480542,0.06709566498480542,0.06709566498480542,0.0,0.8333333333333334,0.8310965483190449,-1.0,-1.8369701987210297e-16,0.7907757369376989,-0.6121059825476626,-0.9749279121818236,-0.2225209339563146
-0.07175888587040949,0.06706553702208654,-0.07175888587040949,0.06706553702208654,1.3862943611198906,0.8333333333333334,0.8312312042730823,-1.0,-1.8369701987210297e-16,0.29936312297335804,-0.9541392564000488,0.7818314824680298,0.6234898018587336
0.20643765625902036,0.06761323336652435,0.20643765625902036,0.06761323336652435,-1.3862943611198906,0.8333333333333334,0.8312760895910948,-1.0,-1.8369701987210297e-16,0.10116832198743272,-0.994869323391895,0.9749279121818236,-0.22252093395631434
0.0,0.0,0.0,0.0,0.0,0.8333333333333334,0.8313209749091073,-1.0,-1.8369701987210297e-16,-0.10116832198743204,-0.9948693233918952,0.43388373911755823,-0.900968867902419
0.028426090137081177,0.06511265920384675,0.028426090137081177,0.06511265920384675,1.3862943611198906,0.8333333333333334,0.8313658602271198,-1.0,-1.8369701987210297e-16,-0.29936312297335776,-0.9541392564000489,-0.433883739117558,-0.9009688679024191
-0.03329640151096924,-0.06998297057773498,-0.03329640151096924,-0.06998297057773498,-1.3862943611198906,0.8333333333333334,0.8314107455451323,-1.0,-1.8369701987210297e-16,-0.4853019625310808,-0.8743466161445822,-0.9749279121818236,-0.2225209339563146
-0.0720527076714008,0.0654203758743518,0.0654203758743518,-0.0720527076714008,0.6931471805599453,0.8333333333333334,0.8315454014991697,-1.0,-1.8369701987210297e-16,-0.8978045395707417,-0.44039415155763423,0.7818314824680298,0.6234898018587336
0.0,-0.0702078737147131,-0.13747308354575258,0.0672652098310396,0.0,0.8333333333333334,0.8315902868171822,-1.0,-1.8369701987210297e-16,-0.9680771188662041,-0.2506525322587213,0.9749279121818236,-0.22252093395631434
-0.00526076236159993,0.06572423147026493,-0.00526076236159993,0.06572423147026493,1.7047480922384253,0.8333333333333334,0.8316351721351947,-1.0,-1.8369701987210297e-16,-0.9987165071710528,-0.05064916883871355,0.43388373911755823,-0.900968867902419
0.2042294180791452,0.06597921441624084,0.2042294180791452,0.06597921441624084,-2.3978952727983707,0.8333333333333334,0.8316800574532071,-1.0,-1.8369701987210297e-16,-0.9884683243281114,0.15142777750457667,-0.433883739117558,-0.9009688679024191
-0.07058336627889644,-0.07058336627889644,-0.07058336627889644,-0.07058336627889644,0.0,0.8333333333333334,0.8317249427712196,-1.0,-1.8369701987210297e-16,-0.9377521321470804,0.3473052528448203,-0.9749279121818236,-0.2225209339563146
-0.0708720724473673,0.022615524468771648,0.022615524468771648,-0.0708720724473673,0.6931471805599453,0.8333333333333334,0.831859598725257,-1.0,-1.8369701987210297e-16,-0.5712682150947924,0.8207634412072763,0.7818314824680298,0.6234898018587336
-0.0711798092608228,-0.09348759691613909,-0.09348759691613909,-0.0711798092608228,0.6931471805599453,0.8333333333333334,0.8319044840432696,-1.0,-1.8369701987210297e-16,-0.3943558551133187,0.9189578116202306,0.9749279121818236,-0.22252093395631434
-0.07190446697952375,-0.1430842762403466,-0.1430842762403466,-0.07190446697952375,-1.3862943611198906,0.8333333333333334,0.8319493693612819,-1.0,-1.8369701987210297e-16,-0.20129852008866114,0.9795299412524943,0.43388373911755823,-0.900968867902419
0.0,0.0,0.0,0.0,-2.3025850929940455,0.8333333333333334,0.8319942546792944,-0.866025403784439,0.49999999999999933,0.20129852008866006,0.9795299412524945,-0.433883739117558,-0.9009688679024191
0.0,0.0,0.0,0.0,0.0,0.8333333333333334,0.8320391399973069,-0.866025403784439,0.49999999999999933,0.39435585511331855,0.9189578116202306,-0.9749279121818236,-0.2225209339563146
0.0,0.0,0.0,0.0,0.0,0.8333333333333334,0.8321737959513443,-0.866025403784439,0.49999999999999933,0.8486442574947509,0.5289640103269624,0.7818314824680298,0.6234898018587336
-0.06189126611706414,-0.05228782455405889,-0.06189126611706414,-0.06189126611706414,4.867534450455582,0.8333333333333334,0.8322186812693568,-0.866025403784439,0.49999999999999933,0.9377521321470804,0.3473052528448203,0.9749279121818236,-0.22252093395631434
0.0011889822392838537,-0.007226889084525968,0.0023765524784792567,0.0023765524784792567,1.366876275262789,0.8333333333333334,0.8322635665873693,-0.866025403784439,0.49999999999999933,0.9884683243281114,0.1514277775045767,0.43388373911755823,-0.900968867902419
0.06849983560860463,0.06731226536940912,0.06731226536940912,0.06731226536940912,-3.9318256327243257,0.8333333333333334,0.8323084519053818,-0.866025403784439,0.49999999999999933,0.9987165071710528,-0.05064916883871264,-0.433883739117558,-0.9009688679024191
0.0011089890853789527,0.0011089890853789527,0.0011089890853789527,0.0011089890853789527,0.0,0.8333333333333334,0.8323533372233943,-0.866025403784439,0.49999999999999933,0.9680771188662043,-0.2506525322587204,-0.9749279121818236,-0.2225209339563146
-0.0719882045343234,0.06726724551948161,-0.02380322988332478,-0.0719882045343234,2.833213344056216,0.8333333333333334,0.8324879931774317,-0.866025403784439,0.49999999999999933,0.6513724827222223,-0.758758122692791,0.7818314824680298,0.6234898018587336
0.0,-0.13925545005380519,-0.04818497465099876,0.0,-5.135798437050262,0.8333333333333334,0.8325328784954442,-0.866025403784439,0.49999999999999933,0.48530196253108104,-0.8743466161445821,0.9749279121818236,-0.22252093395631434
-0.07243977931441238,-0.07243977931441238,-0.07243977931441238,-0.07243977931441238,2.302585092994046,0.8333333333333334,0.8325777638134567,-0.866025403784439,0.49999999999999933,0.29936312297335804,-0.9541392564000488,0.43388373911755823,-0.900968867902419
0.0,0.0,0.0,0.0,-2.3025850929940455,0.8333333333333334,0.8326226491314691,-0.866025403784439,0.49999999999999933,0.10116832198743272,-0.994869323391895,-0.433883739117558,-0.9009688679024191
0.06766396763689761,0.06766396763689761,0.06766396763689761,0.06766396763689761,2.302585092994046,0.8333333333333334,0.8326675344494816,-0.866025403784439,0.49999999999999933,-0.10116832198743204,-0.9948693233918952,-0.9749279121818236,-0.2225209339563146
0.0,0.0,0.0,0.0,-2.3025850929940455,0.8333333333333334,0.8328021904035191,-0.866025403784439,0.49999999999999933,-0.6513724827222217,-0.7587581226927913,0.7818314824680298,0.6234898018587336
0.06661415806526087,0.06661415806526087,0.06661415806526087,0.06661415806526087,5.799092654460526,0.8333333333333334,0.8328470757215315,-0.866025403784439,0.49999999999999933,-0.7907757369376986,-0.6121059825476627,0.9749279121818236,-0.22252093395631434
-0.0691439510395101,0.018000732622315947,-0.0691439510395101,-0.03687462437724385,-0.7884573603642702,0.8333333333333334,0.832891961039544,-0.866025403784439,0.49999999999999933,-0.8978045395707417,-0.44039415155763423,0.43388373911755823,-0.900968867902419
-0.039567393690641585,0.01214491488401236,0.09928959854583841,0.06702027188357229,0.1823215567939546,0.8333333333333334,0.8329368463575565,-0.866025403784439,0.49999999999999933,-0.9680771188662041,-0.2506525322587213,-0.433883739117558,-0.9009688679024191
0.20483550698835543,0.06597851475187544,0.06597851475187544,0.06597851475187544,-2.890371757896165,0.8333333333333334,0.832981731675569,-0.866025403784439,0.49999999999999933,-0.9987165071710528,-0.05064916883871355,-0.9749279121818236,-0.2225209339563146
-0.07251844359623466,-0.07251844359623466,-0.07251844359623466,-0.07251844359623466,0.6931471805599453,0.8333333333333334,0.8331163876296064,-0.866025403784439,0.49999999999999933,-0.8486442574947509,0.5289640103269624,0.7818314824680298,0.6234898018587336
-0.05931927730857303,-0.05931927730857303,-0.05931927730857303,-0.05931927730857303,1.5040773967762742,0.8333333333333334,0.8331612729476189,-0.866025403784439,0.49999999999999933,-0.7247927872291207,0.6889669190756859,0.9749279121818236,-0.22252093395631434
0.0,0.0,0.0,0.0,-4.499809670330265,0.8333333333333334,0.8332061582656314,-0.866025403784439,0.49999999999999933,-0.5712682150947924,0.8207634412072763,0.43388373911755823,-0.900968867902419
-0.07175029822338137,0.0669450480886613,-0.07175029822338137,0.0669450480886613,8.157657015196472,0.8333333333333334,0.8332510435836439,-0.866025403784439,0.49999999999999933,-0.3943558551133187,0.9189578116202306,-0.433883739117558,-0.9009688679024191
0.08697674555467272,0.06692473492880333,0.20562008124084608,-0.05171860075736998,-2.4210847177172807,0.8333333333333334,0.8332959289016563,-0.866025403784439,0.49999999999999933,-0.20129852008866114,0.9795299412524943,-0.9749279121818236,-0.2225209339563146
0.06703540133615829,-0.05160793435001488,-0.05160793435001488,0.06703540133615829,-3.4339872044851463,0.8333333333333334,0.8334305848556938,-0.5000000000000012,0.8660254037844379,0.39435585511331855,0.9189578116202306,0.7818314824680298,0.6234898018587336
-0.07174488627041538,0.06682926907848469,0.06682926907848469,-0.07174488627041538,5.860786223465865,0.8333333333333334,0.8334754701737063,-0.5000000000000012,0.8660254037844379,0.5712682150947923,0.8207634412072763,0.9749279121818236,-0.22252093395631434
0.06734142780124672,-0.0712327275476534,-0.0712327275476534,0.06734142780124672,-3.7813446817860297,0.8333333333333334,0.8335203554917188,-0.5000000000000012,0.8660254037844379,0.72479278722912,0.6889669190756866,0.43388373911755823,-0.900968867902419
-0.06734142780124668,-0.06504755652652155,-0.06619383443335018,-0.06619383443335018,3.3843902633457743,0.8333333333333334,0.8335652408097312,-0.5000000000000012,0.8660254037844379,0.8486442574947509,0.5289640103269624,-0.433883739117558,-0.9009688679024191
0.06841432532325072,0.06612045404852568,0.06726673195535424,0.06726673195535424,-5.4638318050256105,0.8333333333333334,0.8336101261277437,-0.5000000000000012,0.8660254037844379,0.9377521321470804,0.3473052528448203,-0.9749279121818236,-0.2225209339563146
0.06715632367964994,0.06715632367964994,0.06715632367964994,0.06715632367964994,0.0,0.8333333333333334,0.8337447820817812,-0.5000000000000012,0.8660254037844379,0.9680771188662043,-0.2506525322587204,0.7818314824680298,0.6234898018587336
-0.0714548377610414,0.06762532957866638,0.0533633428713971,-0.0714548377610414,6.7650389767805414,0.8333333333333334,0.8337896673997935,-0.5000000000000012,0.8660254037844379,0.8978045395707416,-0.4403941515576344,0.9749279121818236,-0.22252093395631434
-0.0618219399671344,-0.07164408917358402,-0.18664012059957277,0.0674360781661236,-6.071891796220597,0.8333333333333334,0.833834552717806,-0.5000000000000012,0.8660254037844379,0.7907757369376989,-0.6121059825476626,0.43388373911755823,-0.900968867902419
0.05858588512658651,0.06694752989620283,0.05858588512658651,0.06694752989620283,0.0,0.8333333333333334,0.8338794380358185,-0.5000000000000012,0.8660254037844379,0.6513724827222223,-0.758758122692791,-0.433883739117558,-0.9009688679024191
0.20213203033511773,0.06451236743224348,0.20213203033511773,0.06451236743224348,2.6741486494265287,0.8333333333333334,0.833924323353831,-0.5000000000000012,0.8660254037844379,0.48530196253108104,-0.8743466161445821,-0.9749279121818236,-0.2225209339563146
0.0,0.06483883892507664,0.0,0.06060154444956133,1.257676983297797,0.8333333333333334,0.8340589793078684,-0.5000000000000012,0.8660254037844379,-0.10116832198743204,-0.9948693233918952,0.7818314824680298,0.6234898018587336
0.12174188623606043,0.06088953322133877,0.1257283721464154,0.06114034178649899,0.06637506894487259,0.8333333333333334,0.8341038646258809,-0.5000000000000012,0.8660254037844379,-0.29936312297335776,-0.9541392564000489,0.9749279121818236,-0.22252093395631434
-0.06957608126666187,0.06106206491765918,0.06106206491765918,-0.06957608126666187,-2.4941233048929243,0.8333333333333334,0.8341487499438934,-0.5000000000000012,0.8660254037844379,-0.4853019625310808,-0.8743466161445822,0.43388373911755823,-0.900968867902419
0.06566081981586304,-0.06896381227881287,-0.06896381227881287,0.06566081981586304,-2.1972245773362196,0.8333333333333334,0.8341936352619059,-0.5000000000000012,0.8660254037844379,-0.6513724827222217,-0.7587581226927913,-0.433883739117558,-0.9009688679024191
0.023520360573029246,0.06521390978403548,0.06521390978403548,0.023520360573029246,4.852030263919617,0.8333333333333334,0.8342385205799183,-0.5000000000000012,0.8660254037844379,-0.7907757369376986,-0.6121059825476627,-0.9749279121818236,-0.2225209339563146
-0.07238026826070124,0.025719964939114645,0.025719964939114645,-0.07238026826070124,-2.018816919863401,0.8333333333333334,0.8343731765339558,-0.5000000000000012,0.8660254037844379,-0.9987165071710528,-0.05064916883871355,0.7818314824680298,0.6234898018587336
-0.06896671709758954,-0.2087604995084118,-0.2087604995084118,-0.06896671709758954,1.07880966137193,0.8333333333333334,0.8344180618519683,-0.5000000000000012,0.8660254037844379,-0.9884683243281114,0.15142777750457667,0.9749279121818236,-0.22252093395631434
-0.06933620228954909,0.06483883892507664,0.06483883892507664,-0.06933620228954909,-1.1394342831883648,0.8333333333333334,0.8344629471699807,-0.5000000000000012,0.8660254037844379,-0.9377521321470804,0.3473052528448203,0.43388373911755823,-0.900968867902419
-0.0539913046500472,-0.12465464707993877,-0.1881663458646729,0.009520394134686798,0.9886113934537812,0.8333333333333334,0.8345078324879932,-0.5000000000000012,0.8660254037844379,-0.8486442574947509,0.5289640103269624,-0.433883739117558,-0.9009688679024191
0.06828993577662178,0.004778236991887711,0.06828993577662178,0.004778236991887711,0.8539204011476971,0.8333333333333334,0.8345527178060057,-0.5000000000000012,0.8660254037844379,-0.7247927872291207,0.6889669190756859,-0.9749279121818236,-0.2225209339563146
0.0,0.0,0.0,0.0,-6.917705609835305,0.8333333333333334,0.8346873737600431,-0.5000000000000012,0.8660254037844379,-0.20129852008866114,0.9795299412524943,0.7818314824680298,0.6234898018587336
-0.07240356657055401,-0.07240356657055401,-0.07240356657055401,-0.07240356657055401,2.995732273553991,0.8333333333333334,0.8347322590780556,-2.4492935982947064e-16,1.0,0.20129852008866006,0.9795299412524945,0.9749279121818236,-0.22252093395631434
0.0,0.0,0.0,0.0,-2.995732273553991,0.8333333333333334,0.8347771443960681,-2.4492935982947064e-16,1.0,0.39435585511331855,0.9189578116202306,0.43388373911755823,-0.900968867902419
-0.06930327106921043,-0.06930327106921043,-0.06930327106921043,-0.06930327106921043,2.302585092994046,0.8333333333333334,0.8348220297140806,-2.4492935982947064e-16,1.0,0.5712682150947923,0.8207634412072763,-0.433883739117558,-0.9009688679024191
0.042544688934277056,0.06729591007397812,0.042544688934277056,0.042544688934277056,3.912023005428146,0.8333333333333334,0.8348669150320931,-2.4492935982947064e-16,1.0,0.72479278722912,0.6889669190756866,-0.9749279121818236,-0.2225209339563146
0.0,-0.024751221139701046,0.0,0.0,-6.214608098422191,0.8333333333333334,0.8350015709861305,-2.4492935982947064e-16,1.0,0.9884683243281114,0.1514277775045767,0.7818314824680298,0.6234898018587336
0.06554642360647761,0.06554642360647761,0.06554642360647761,0.06554642360647761,2.302585092994046,0.8333333333333334,0.835046456304143,-2.4492935982947064e-16,1.0,0.9987165071710528,-0.05064916883871264,0.9749279121818236,-0.22252093395631434
0.06603777179321232,0.06603777179321232,0.06603777179321232,0.06603777179321232,4.605170185988092,0.8333333333333334,0.8350913416221555,-2.4492935982947064e-16,1.0,0.9680771188662043,-0.2506525322587204,0.43388373911755823,-0.900968867902419
0.06627382241593137,0.06627382241593137,0.06627382241593137,0.06627382241593137,-0.616186139423817,0.8333333333333334,0.835136226940168,-2.4492935982947064e-16,1.0,0.8978045395707416,-0.4403941515576344,-0.433883739117558,-0.9009688679024191
0.025308419150429882,0.05808643008948421,0.05808643008948421,0.025308419150429882,-1.4240346891027378,0.8333333333333334,0.8351811122581804,-2.4492935982947064e-16,1.0,0.7907757369376989,-0.6121059825476626,-0.9749279121818236,-0.2225209339563146
0.0,0.031823443040613374,0.031823443040613374,0.06064616077502707,1.7255100836868542,0.8333333333333334,0.8353157682122179,-2.4492935982947064e-16,1.0,0.29936312297335804,-0.9541392564000488,0.7818314824680298,0.6234898018587336
-0.008365172648028241,0.0605993818474282,0.0605993818474282,-0.06901133342305517,-2.498699971920336,0.8333333333333334,0.8353606535302304,-2.4492935982947064e-16,1.0,0.10116832198743272,-0.994869323391895,0.9749279121818236,-0.22252093395631434
-0.06956668010784607,-0.06843918077827015,-0.06843918077827015,-0.06956668010784607,4.267363726353742,0.8333333333333334,0.8354055388482428,-2.4492935982947064e-16,1.0,-0.10116832198743204,-0.9948693233918952,0.43388373911755823,-0.900968867902419
-0.06998297057773498,-0.08630397994534614,-0.2046764783824349,0.04838952785935395,0.7309740399321077,0.8333333333333334,0.8354504241662553,-2.4492935982947064e-16,1.0,-0.29936312297335776,-0.9541392564000489,-0.433883739117558,-0.9009688679024191
0.05180791465425512,0.06638717903248925,0.18475967746957808,0.012741412768329432,-3.388899853851749,0.8333333333333334,0.8354953094842678,-2.4492935982947064e-16,1.0,-0.4853019625310808,-0.8743466161445822,-0.9749279121818236,-0.2225209339563146
0.11263020788731098,-0.020321554928012096,-0.020321554928012096,0.03332421133614784,-3.4011973816621555,0.8333333333333334,0.8356299654383051,-2.4492935982947064e-16,1.0,-0.8978045395707417,-0.44039415155763423,0.7818314824680298,0.6234898018587336
-0.07214284558719758,-0.07214284558719758,-0.07214284558719758,-0.07214284558719758,5.707110264748875,0.8333333333333334,0.8356748507563176,-2.4492935982947064e-16,1.0,-0.9680771188662041,-0.2506525322587213,0.9749279121818236,-0.22252093395631434
-0.06838474188132328,0.0,0.0,-0.008845744191859309,0.7775249708863762,0.8333333333333334,0.8357197360743301,-2.4492935982947064e-16,1.0,-0.9987165071710528,-0.05064916883871355,0.43388373911755823,-0.900968867902419
0.05953899768946409,-0.008845744191859309,-0.008845744191859309,0.0,-8.787220328629298,0.8333333333333334,0.8357646213923426,-2.4492935982947064e-16,1.0,-0.9884683243281114,0.15142777750457667,-0.433883739117558,-0.9009688679024191
-0.0690137939587331,-0.0690137939587331,-0.0690137939587331,-0.0690137939587331,8.513185170018698,0.8333333333333334,0.8358095067103551,-2.4492935982947064e-16,1.0,-0.9377521321470804,0.3473052528448203,-0.9749279121818236,-0.2225209339563146
-0.07210622699312078,0.01412716961298965,0.0,-0.07109482049009143,1.4865212402579724,0.8333333333333334,0.8359441626643925,-2.4492935982947064e-16,1.0,-0.5712682150947924,0.8207634412072763,0.7818314824680298,0.6234898018587336
-0.071050948555167,-0.02369259704287758,-0.14315717554828775,0.05187158384595401,2.065205815464489,0.8333333333333334,0.835989047982405,-2.4492935982947064e-16,1.0,-0.3943558551133187,0.9189578116202306,0.9749279121818236,-0.22252093395631434
0.0514079667115108,-0.03920381426776244,0.0514079667115108,-0.06419021167886972,-0.25976500827711885,0.8333333333333334,0.8360339333004175,-2.4492935982947064e-16,1.0,-0.20129852008866114,0.9795299412524943,0.43388373911755823,-0.900968867902419
-0.06355288159552323,0.019794012213754757,0.040890791603285855,0.0544382188391115,-0.5671850525378189,0.8333333333333334,0.8360788186184299,-2.4492935982947064e-16,1.0,-2.4492935982947064e-16,1.0,-0.433883739117558,-0.9009688679024191
0.05410580672742182,-0.041109206412801726,-0.05033786647138734,-0.042119591006195826,-1.1113310610758842,0.85,0.8362583598904799,0.49999999999999994,0.8660254037844387,0.72479278722912,0.6889669190756866,0.7818314824680298,0.6234898018587336
-0.04087504990768037,0.011269296389344628,0.030101463214787086,0.01227968098273852,-0.49758039701597007,0.85,0.8363032452084923,0.49999999999999994,0.8660254037844387,0.8486442574947509,0.5289640103269624,0.9749279121818236,-0.22252093395631434
0.04191629486784046,0.001995123694389004,-0.0185925319461269,0.001995123694389004,-3.414442608412176,0.85,0.8363481305265048,0.49999999999999994,0.8660254037844387,0.9377521321470804,0.3473052528448203,0.43388373911755823,-0.900968867902419
0.015717641302153366,0.003978345395257425,0.03286733662325443,-0.022508088652793044,3.4657359027997265,0.85,0.8363930158445173,0.49999999999999994,0.8660254037844387,0.9884683243281114,0.1514277775045767,-0.433883739117558,-0.9009688679024191
-0.025244842445881252,0.002973406738899787,0.0029852418653603064,0.029459840786950218,-0.3930425881096072,0.85,0.8364379011625298,0.49999999999999994,0.8660254037844387,0.9987165071710528,-0.05064916883871264,-0.9749279121818236,-0.2225209339563146
0.05584746594084288,0.0,0.0,0.0,-1.5910887737659039,0.85,0.8365725571165672,0.49999999999999994,0.8660254037844387,0.7907757369376989,-0.6121059825476626,0.7818314824680298,0.6234898018587336
0.003966510268796638,0.0,0.003966510268796638,0.0,0.7591051483517427,0.85,0.8366174424345797,0.49999999999999994,0.8660254037844387,0.6513724827222223,-0.758758122692791,0.9749279121818236,-0.22252093395631434
-0.0009901535546843112,0.030645027034669342,0.0,0.030645027034669342,-1.1420974006078484,0.85,0.8366623277525922,0.49999999999999994,0.8660254037844387,0.48530196253108104,-0.8743466161445821,0.43388373911755823,-0.900968867902419
-0.03882893520272723,0.009657809214249293,0.040302836248918734,-0.07046411579208091,2.0455399900041544,0.85,0.8367072130706047,0.49999999999999994,0.8660254037844387,0.29936312297335804,-0.9541392564000488,-0.433883739117558,-0.9009688679024191
0.011491110004144777,-0.014575501399852532,-0.03920381426776244,0.011491110004144777,-0.9923900754128022,0.85,0.8367520983886172,0.49999999999999994,0.8660254037844387,0.10116832198743272,-0.994869323391895,-0.9749279121818236,-0.2225209339563146
-0.03780994405026348,-0.004834300654154968,-0.0672369447846865,-0.020803127629763284,3.7360071075097547,0.85,0.8368867543426546,0.49999999999999994,0.8660254037844387,-0.4853019625310808,-0.8743466161445822,0.7818314824680298,0.6234898018587336
0.019083660365339445,-0.0049660039441371765,0.08206495305430421,0.002076843944839069,-3.386333359030006,0.85,0.8369316396606671,0.49999999999999994,0.8660254037844387,-0.6513724827222217,-0.7587581226927913,0.9749279121818236,-0.22252093395631434
0.0,0.0,-0.06298129268896481,0.05809926509165648,1.4459541975262264,0.85,0.8369765249786796,0.49999999999999994,0.8660254037844387,-0.7907757369376986,-0.6121059825476627,0.43388373911755823,-0.900968867902419
0.04815328441934721,0.004966003944137277,0.05809926509165648,-0.00994598067230927,-0.7446437063271203,0.85,0.837021410296692,0.49999999999999994,0.8660254037844387,-0.8978045395707417,-0.44039415155763423,-0.433883739117558,-0.9009688679024191
-0.061964215948057316,-0.009848031541445567,-0.0719101966203667,-0.04919116723176718,0.317714359550656,0.85,0.8370662956147045,0.49999999999999994,0.8660254037844387,-0.9680771188662041,-0.2506525322587213,-0.9749279121818236,-0.2225209339563146
0.013810931528710215,0.004882027597308319,0.02104610520948948,0.002074689540860297,0.6194942709851798,0.85,0.837200951568742,0.49999999999999994,0.8660254037844387,-0.9377521321470804,0.3473052528448203,0.7818314824680298,0.6234898018587336
0.0010368067284403084,-0.06194448596052451,-0.006198366952339019,0.0,-10.354563171896345,0.85,0.8372458368867544,0.49999999999999994,0.8660254037844387,-0.8486442574947509,0.5289640103269624,0.9749279121818236,-0.22252093395631434
0.0,0.0,0.0,0.0,0.0,0.85,0.8372907222047669,0.49999999999999994,0.8660254037844387,-0.7247927872291207,0.6889669190756859,0.43388373911755823,-0.900968867902419
-0.06948645491256945,0.06691048990466181,0.05706245836321621,0.06691048990466181,9.350102314351341,0.85,0.8373356075227794,0.49999999999999994,0.8660254037844387,-0.5712682150947924,0.8207634412072763,-0.433883739117558,-0.9009688679024191
0.06521713555640828,0.06634740533437448,0.07619543687581998,-0.06794729663310206,-0.5552773863368244,0.85,0.8373804928407919,0.49999999999999994,0.8660254037844387,-0.3943558551133187,0.9189578116202306,-0.9749279121818236,-0.2225209339563146
0.0032325126277206974,-0.13429470196747648,-0.13429470196747648,0.0,-8.794824928014517,0.85,0.8375151487948292,0.8660254037844386,0.5000000000000001,0.20129852008866006,0.9795299412524945,0.7818314824680298,0.6234898018587336
0.0,0.0,0.0,0.0,0.0,0.85,0.8375600341128417,0.8660254037844386,0.5000000000000001,0.39435585511331855,0.9189578116202306,0.9749279121818236,-0.22252093395631434
0.002072539601972375,0.06298129268896484,0.002072539601972375,0.06298129268896484,6.802394763324311,0.85,0.8376049194308542,0.8660254037844386,0.5000000000000001,0.5712682150947923,0.8207634412072763,0.43388373911755823,-0.900968867902419
-0.004149383546811478,-0.03502174894751981,-0.004149383546811478,-0.03502174894751981,0.0,0.85,0.8376498047488667,0.8660254037844386,0.5000000000000001,0.72479278722912,0.6889669190756866,-0.433883739117558,-0.9009688679024191
0.03003638768628413,0.0,0.03003638768628413,0.0,-6.802394763324311,0.85,0.8376946900668791,0.8660254037844386,0.5000000000000001,0.8486442574947509,0.5289640103269624,-0.9749279121818236,-0.2225209339563146
-0.06865668052732164,-0.06865668052732164,-0.06865668052732164,-0.06865668052732164,6.214608098422191,0.85,0.8378293460209166,0.8660254037844386,0.5000000000000001,0.9987165071710528,-0.05064916883871264,0.7818314824680298,0.6234898018587336
-0.07139671879834593,-0.07023699957810092,-0.07139671879834593,-0.07023699957810092,1.0986122886681098,0.85,0.8378742313389291,0.8660254037844386,0.5000000000000001,0.9680771188662043,-0.2506525322587204,0.9749279121818236,-0.22252093395631434
0.06802971225044153,0.06686999303019667,0.06802971225044153,0.06686999303019667,-2.0149030205422647,0.85,0.8382333138830289,0.8660254037844386,0.5000000000000001,-0.29936312297335776,-0.9541392564000489,0.43388373911755823,-0.900968867902419
0.06685455543950038,0.06685455543950038,0.06685455543950038,0.06685455543950038,0.9162907318741551,0.85,0.8382781992010414,0.8660254037844386,0.5000000000000001,-0.4853019625310808,-0.8743466161445822,-0.433883739117558,-0.9009688679024191
-0.06240769996549916,0.06456668658139002,0.06456668658139002,0.06456668658139002,2.174751721484161,0.85,0.8383230845190539,0.8660254037844386,0.5000000000000001,-0.6513724827222217,-0.7587581226927913,-0.9749279121818236,-0.2225209339563146
0.10259858054874459,0.05146227039335989,0.05146227039335989,-0.02437580599814473,0.08701137698962969,0.85,0.8384577404730913,0.8660254037844386,0.5000000000000001,-0.9680771188662041,-0.2506525322587213,0.7818314824680298,0.6234898018587336
0.0,-0.07583807639150449,-0.07583807639150449,0.0,-8.476371196895983,0.85,0.8385026257911038,0.8660254037844386,0.5000000000000001,-0.9987165071710528,-0.05064916883871355,0.9749279121818236,-0.22252093395631434
0.0,0.0,0.0,0.0,0.0,0.85,0.8385475111091163,0.8660254037844386,0.5000000000000001,-0.9884683243281114,0.15142777750457667,0.43388373911755823,-0.900968867902419
0.0,0.0,0.0,0.0,5.298317366548036,0.85,0.8385923964271288,0.8660254037844386,0.5000000000000001,-0.9377521321470804,0.3473052528448203,-0.433883739117558,-0.9009688679024191
0.0,0.0,0.0,0.0,-5.298317366548036,0.85,0.8386372817451412,0.8660254037844386,0.5000000000000001,-0.8486442574947509,0.5289640103269624,-0.9749279121818236,-0.2225209339563146
-0.07038530615147624,-0.014828008269617653,-0.07038530615147624,-0.014828008269617653,5.991464547107982,0.85,0.8387719376991787,1.0,6.123233995736766e-17,0.20129852008866006,0.9795299412524945,0.7818314824680298,0.6234898018587336
0.05555729788185856,0.0,0.05555729788185856,0.0,-5.991464547107982,0.85,0.8388168230171912,1.0,6.123233995736766e-17,0.39435585511331855,0.9189578116202306,0.9749279121818236,-0.22252093395631434
-0.03055886276810648,-0.03055886276810648,-0.03055886276810648,-0.03055886276810648,4.605170185988092,0.85,0.8388617083352036,1.0,6.123233995736766e-17,0.5712682150947923,0.8207634412072763,0.43388373911755823,-0.900968867902419
0.0,0.0,0.0,0.0,-4.605170185988091,0.85,0.8389065936532161,1.0,6.123233995736766e-17,0.72479278722912,0.6889669190756866,-0.433883739117558,-0.9009688679024191
0.06489236566198069,0.06489236566198069,0.06489236566198069,0.06489236566198069,6.684611727667927,0.85,0.8389514789712286,1.0,6.123233995736766e-17,0.8486442574947509,0.5289640103269624,-0.9749279121818236,-0.2225209339563146
-0.04338134129164514,0.0654203758743518,0.0654203758743518,-0.04338134129164514,1.4469189829363254,0.85,0.839086134925266,1.0,6.123233995736766e-17,0.9987165071710528,-0.05064916883871264,0.7818314824680298,0.6234898018587336
0.0,-0.10880171716599696,-0.10880171716599696,0.0,-8.131530710604252,0.85,0.8391310202432785,1.0,6.123233995736766e-17,0.9680771188662043,-0.2506525322587204,0.9749279121818236,-0.22252093395631434
0.0,0.0,0.0,0.0,0.0,0.85,0.839175905561291,1.0,6.123233995736766e-17,0.8978045395707416,-0.4403941515576344,0.43388373911755823,-0.900968867902419
-0.06360789688747218,0.0,0.0,0.0,5.991464547107982,0.85,0.8392207908793035,1.0,6.123233995736766e-17,0.7907757369376989,-0.6121059825476626,-0.433883739117558,-0.9009688679024191
0.001062511167782057,-0.049649544636765366,-0.06254538571969019,-0.049649544636765366,-0.2876820724517809,0.85,0.839265676197316,1.0,6.123233995736766e-17,0.6513724827222223,-0.758758122692791,-0.9749279121818236,-0.2225209339563146
0.07652393043088423,0.06362808934795934,0.07652393043088423,0.06362808934795934,-0.40546510810816444,0.85,0.8394003321513533,1.0,6.123233995736766e-17,0.10116832198743272,-0.994869323391895,0.7818314824680298,0.6234898018587336
0.0,0.0,0.0,0.0,-5.298317366548036,0.85,0.8394452174693658,1.0,6.123233995736766e-17,-0.10116832198743204,-0.9948693233918952,0.9749279121818236,-0.22252093395631434
0.0,0.0,0.0,0.0,4.605170185988092,0.85,0.8394901027873783,1.0,6.123233995736766e-17,-0.29936312297335776,-0.9541392564000489,0.43388373911755823,-0.900968867902419
0.0,0.0,0.0,0.0,1.3862943611198906,0.85,0.8395349881053907,1.0,6.123233995736766e-17,-0.4853019625310808,-0.8743466161445822,-0.433883739117558,-0.9009688679024191
0.0,0.0,0.0,0.0,-5.991464547107982,0.85,0.8395798734234032,1.0,6.123233995736766e-17,-0.6513724827222217,-0.7587581226927913,-0.9749279121818236,-0.2225209339563146
0.06269919809142044,0.06269919809142044,0.06269919809142044,0.06269919809142044,4.605170185988092,0.85,0.8397145293774407,1.0,6.123233995736766e-17,-0.9680771188662041,-0.2506525322587213,0.7818314824680298,0.6234898018587336
0.0,0.027640332118934362,0.0,0.009298590474915082,8.405814603432848,0.85,0.8397594146954531,1.0,6.123233995736766e-17,-0.9987165071710528,-0.05064916883871355,0.9749279121818236,-0.22252093395631434
0.027640332118934362,0.0,0.027640332118934362,0.018341741644019343,-0.8049121438907658,0.85,0.8398043000134656,1.0,6.123233995736766e-17,-0.9884683243281114,0.15142777750457667,0.43388373911755823,-0.900968867902419
0.02689684824113998,0.02689684824113998,0.02689684824113998,0.02689684824113998,-7.600902459542082,0.85,0.8398491853314781,1.0,6.123233995736766e-17,-0.9377521321470804,0.3473052528448203,-0.433883739117558,-0.9009688679024191
-0.05927067345427781,-0.02689684824113996,-0.02689684824113996,-0.05927067345427781,6.68586094706836,0.85,0.8398940706494906,1.0,6.123233995736766e-17,-0.8486442574947509,0.5289640103269624,-0.9749279121818236,-0.2225209339563146
0.032373825213137856,0.0,0.0,0.032373825213137856,-2.7155690335162372,0.85,0.840028726603528,1.0,6.123233995736766e-17,-0.3943558551133187,0.9189578116202306,0.7818314824680298,0.6234898018587336
-0.07064192365586808,0.0,0.0,-0.07064192365586808,2.7217918289545064,0.85,0.8400736119215405,1.0,6.123233995736766e-17,-0.20129852008866114,0.9795299412524943,0.9749279121818236,-0.22252093395631434
0.004917692185603221,-0.04650099482612749,-0.04650099482612749,0.004917692185603221,-5.593471453838519,0.85,0.840118497239553,1.0,6.123233995736766e-17,-2.4492935982947064e-16,1.0,0.43388373911755823,-0.900968867902419
0.0,-0.01922323664413738,-0.01922323664413738,0.0,-5.703782474656201,0.85,0.8401633825575655,0.8660254037844387,-0.4999999999999998,0.20129852008866006,0.9795299412524945,-0.433883739117558,-0.9009688679024191
-0.07252597219263958,0.06572423147026493,-0.07046411579208091,0.06572423147026493,9.249561085129464,0.85,0.840208267875578,0.8660254037844387,-0.4999999999999998,0.39435585511331855,0.9189578116202306,-0.9749279121818236,-0.2225209339563146
0.12912138468725584,0.06597921441624084,0.12705952828669728,0.06597921441624084,-1.2431935174792175,0.85,0.8403429238296154,0.8660254037844387,-0.4999999999999998,0.8486442574947509,0.5289640103269624,0.7818314824680298,0.6234898018587336
0.0091288189756485,0.06584060845627453,0.1409486418481639,0.06584060845627453,-0.916290731874155,0.85,0.8403878091476279,0.8660254037844387,-0.4999999999999998,0.9377521321470804,0.3473052528448203,0.9749279121818236,-0.22252093395631434
0.06166967055327561,-0.07015015231923975,-0.07015015231923975,-0.07015015231923975,1.2286654169163074,0.85,0.8404326944656404,0.8660254037844387,-0.4999999999999998,0.9884683243281114,0.1514277775045767,0.43388373911755823,-0.900968867902419
-0.07079848952892426,0.0,0.0,-0.07079848952892426,0.819027426448948,0.85,0.8404775797836528,0.8660254037844387,-0.4999999999999998,0.9987165071710528,-0.05064916883871264,-0.433883739117558,-0.9009688679024191
-0.07131340927851171,-0.08470099159409679,-0.08470099159409679,-0.03737217585047898,-0.8950133334268701,0.85,0.8405224651016653,0.8660254037844387,-0.4999999999999998,0.9680771188662043,-0.2506525322587204,-0.9749279121818236,-0.2225209339563146
0.004966003944137277,-0.05244490326920191,-0.05244490326920191,-0.028975229483895516,-2.2512917986064953,0.85,0.8406571210557028,0.8660254037844387,-0.4999999999999998,0.6513724827222223,-0.758758122692791,0.7818314824680298,0.6234898018587336
0.0,0.00975199283975806,0.0,0.0,0.22314355131420976,0.85,0.8407020063737152,0.8660254037844387,-0.4999999999999998,0.48530196253108104,-0.8743466161445821,0.9749279121818236,-0.22252093395631434
-0.0049660039441371765,-0.009751992839758174,-0.0049660039441371765,0.0,2.517696472610991,0.85,0.8407468916917277,0.8660254037844387,-0.4999999999999998,0.29936312297335804,-0.9541392564000488,0.43388373911755823,-0.900968867902419
-0.0557461190081855,0.019409802054007566,0.024375805998144665,-0.06071212295232269,-0.4895482253187058,0.85,0.8407917770097402,0.8660254037844387,-0.4999999999999998,0.10116832198743272,-0.994869323391895,-0.433883739117558,-0.9009688679024191
0.05574611900818553,-0.014575501399852532,-0.014575501399852532,0.06554642360647761,0.4228568508200336,0.85,0.8408366623277527,0.8660254037844387,-0.4999999999999998,-0.10116832198743204,-0.9948693233918952,-0.9749279121818236,-0.2225209339563146
0.03394123342803283,0.04761060261504696,0.024140928829740702,0.04761060261504696,-1.1700712526502546,0.85,0.8409713182817901,0.8660254037844387,-0.4999999999999998,-0.6513724827222217,-0.7587581226927913,0.7818314824680298,0.6234898018587336
-0.033941233428032715,-0.05244490326920191,-0.033941233428032715,-0.05244490326920191,-1.0986122886681098,0.85,0.8410162035998026,0.8660254037844387,-0.4999999999999998,-0.7907757369376986,-0.6121059825476627,0.9749279121818236,-0.22252093395631434
0.004966003944137277,0.0,0.004966003944137277,0.0,-6.396929655216146,0.85,0.8411059742358276,0.8660254037844387,-0.4999999999999998,-0.9680771188662041,-0.2506525322587213,-0.433883739117558,-0.9009688679024191
-0.03897951889598098,0.06634740533437448,0.0,0.06634740533437448,8.536995818712418,0.85,0.84115085955384,0.8660254037844387,-0.4999999999999998,-0.9987165071710528,-0.05064916883871355,-0.9749279121818236,-0.2225209339563146
0.034013514951843675,0.05356321440511346,0.11991061973948801,-0.056595412494616366,-2.5455312716044354,0.85,0.8412855155078774,0.8660254037844387,-0.4999999999999998,-0.8486442574947509,0.5289640103269624,0.7818314824680298,0.6234898018587336
-0.0442550090040407,-0.11015862689972981,-0.11015862689972981,-0.05897300578793602,2.1400661634962708,0.85,0.84133040082589,0.8660254037844387,-0.4999999999999998,-0.7247927872291207,0.6889669190756859,0.9749279121818236,-0.22252093395631434
-0.01768947695648386,0.004787497840361146,0.004787497840361146,-0.01768947695648386,-1.329135947279942,0.85,0.8413752861439023,0.8660254037844387,-0.4999999999999998,-0.5712682150947924,0.8207634412072763,0.43388373911755823,-0.900968867902419
-0.057219372723200775,-0.01950549462425662,-0.08144998058478117,0.06194448596052461,0.28768207245178085,0.85,0.8414201714619148,0.8660254037844387,-0.4999999999999998,-0.3943558551133187,0.9189578116202306,-0.433883739117558,-0.9009688679024191
0.052950053367039694,0.06666693627239739,-0.004269319356161079,0.06666693627239739,2.2512917986064953,0.85,0.8416445980519772,0.5000000000000003,-0.8660254037844385,0.72479278722912,0.6889669190756866,0.9749279121818236,-0.22252093395631434
0.1328807415890832,0.0,0.1328807415890832,0.0,-2.790288299339182,0.85,0.8416894833699897,0.5000000000000003,-0.8660254037844385,0.8486442574947509,0.5289640103269624,0.43388373911755823,-0.900968867902419
-0.03272570284436476,0.031786664587878787,0.031786664587878787,-0.03272570284436476,0.5389965007326869,0.85,0.8417343686880022,0.5000000000000003,-0.8660254037844385,0.9377521321470804,0.3473052528448203,-0.433883739117558,-0.9009688679024191
-0.028975229483895516,-0.09348759691613909,-0.09348759691613909,-0.028975229483895516,0.08004270767353636,0.85,0.8417792540060147,0.5000000000000003,-0.8660254037844385,0.9884683243281114,0.1514277775045767,-0.9749279121818236,-0.2225209339563146
-0.07002414057794111,0.0,-0.07002414057794111,0.0,-0.7731898882334817,0.85,0.8419139099600521,0.5000000000000003,-0.8660254037844385,0.8978045395707416,-0.4403941515576344,0.7818314824680298,0.6234898018587336
0.010455659104338709,-0.059568481473602435,0.010455659104338709,-0.059568481473602435,-1.791759469228055,0.85,0.8419587952780646,0.5000000000000003,-0.8660254037844385,0.7907757369376989,-0.6121059825476626,0.9749279121818236,-0.22252093395631434
0.04470517557327077,0.04470517557327077,0.04470517557327077,0.04470517557327077,0.0,0.85,0.8420036805960771,0.5000000000000003,-0.8660254037844385,0.6513724827222223,-0.758758122692791,0.43388373911755823,-0.900968867902419
-0.004930706313423057,0.06730820916953353,-0.004930706313423057,0.005015274358886189,3.5553480614894135,0.85,0.8420485659140896,0.5000000000000003,-0.8660254037844385,0.48530196253108104,-0.8743466161445821,-0.433883739117558,-0.9009688679024191
0.07692849487975863,0.004689579396801952,0.07692849487975863,0.06698251420744926,0.9219887529887928,0.85,0.842093451232102,0.5000000000000003,-0.8660254037844385,0.29936312297335804,-0.9541392564000488,-0.9749279121818236,-0.2225209339563146
0.022825383888467398,0.06716043689092936,0.06716043689092936,0.06716043689092936,0.24116205681688804,0.85,0.8422281071861395,0.5000000000000003,-0.8660254037844385,-0.29936312297335776,-0.9541392564000489,0.7818314824680298,0.6234898018587336
-0.013612461220096753,0.06284307612339675,0.05881604486350492,-0.05794751422255862,-1.0809127115687087,0.85,0.842272992504152,0.5000000000000003,-0.8660254037844385,-0.4853019625310808,-0.8743466161445822,0.9749279121818236,-0.22252093395631434
-0.06151310468021953,-0.182303695026175,-0.1782766637662832,-0.06151310468021953,-3.6375861597263857,0.85,0.8423178778221644,0.5000000000000003,-0.8660254037844385,-0.6513724827222217,-0.7587581226927913,0.43388373911755823,-0.900968867902419
-0.06440278212775741,-0.06337462187267826,-0.06440278212775741,-0.06337462187267826,1.0986122886681098,0.85,0.8423627631401769,0.5000000000000003,-0.8660254037844385,-0.7907757369376986,-0.6121059825476627,-0.433883739117558,-0.9009688679024191
0.03977446925984769,0.06337462187267841,0.03977446925984769,0.06337462187267841,1.6739764335716716,0.85,0.8424076484581894,0.5000000000000003,-0.8660254037844385,-0.8978045395707417,-0.44039415155763423,-0.9749279121818236,-0.2225209339563146
0.0,0.06603777179321232,0.0906660846611222,0.06603777179321232,-0.8266785731844679,0.85,0.8425423044122268,0.5000000000000003,-0.8660254037844385,-0.9884683243281114,0.15142777750457667,0.7818314824680298,0.6234898018587336
0.02954600505351297,0.06203991666984093,0.06203991666984093,0.004604151862655593,-0.15415067982725836,0.85,0.8425871897302393,0.5000000000000003,-0.8660254037844385,-0.9377521321470804,0.3473052528448203,0.9749279121818236,-0.22252093395631434
0.07921382305030827,-0.04394617322714187,-0.04394617322714187,0.01348959158004329,-1.791759469228055,0.85,0.8426320750482518,0.5000000000000003,-0.8660254037844385,-0.8486442574947509,0.5289640103269624,0.43388373911755823,-0.900968867902419
0.039599572790319094,0.039599572790319094,0.039599572790319094,0.039599572790319094,0.0,0.85,0.8426769603662643,0.5000000000000003,-0.8660254037844385,-0.7247927872291207,0.6889669190756859,-0.433883739117558,-0.9009688679024191
-0.07143090601438175,-0.06221798334601094,-0.07143090601438175,-0.06221798334601094,4.23410650459726,0.85,0.8427218456842768,0.5000000000000003,-0.8660254037844385,-0.5712682150947924,0.8207634412072763,-0.9749279121818236,-0.2225209339563146
-0.06210048661014096,-0.06634740533437444,-0.06210048661014096,-0.06634740533437444,-2.2881963555419462,0.85,0.8428565016383142,0.5000000000000003,-0.8660254037844385,-2.4492935982947064e-16,1.0,0.7818314824680298,0.6234898018587336
0.004966003944137277,0.0,0.004966003944137277,0.0,-0.3364722366212129,0.85,0.8429013869563267,1.2246467991473532e-16,-1.0,0.20129852008866006,0.9795299412524945,0.9749279121818236,-0.22252093395631434
-0.014863305900331783,-0.009848031541445567,-0.014863305900331783,-0.009848031541445567,-0.916290731874155,0.85,0.8429462722743392,1.2246467991473532e-16,-1.0,0.39435585511331855,0.9189578116202306,0.43388373911755823,-0.900968867902419
0.005015274358886189,0.052950430638330694,0.005015274358886189,0.052950430638330694,1.7047480922384253,0.85,0.8429911575923515,1.2246467991473532e-16,-1.0,0.5712682150947923,0.8207634412072763,-0.433883739117558,-0.9009688679024191
0.014682332195600415,0.004733493094203469,0.052950430638330694,-0.038268098442730186,1.3397743454849977,0.85,0.843036042910364,1.2246467991473532e-16,-1.0,0.72479278722912,0.6889669190756866,-0.9749279121818236,-0.2225209339563146
-0.024628312867909785,-0.023684497564498665,-0.06289641131064007,0.019317093972435112,-3.044522437723423,0.85,0.8431706988644015,1.2246467991473532e-16,-1.0,0.9884683243281114,0.1514277775045767,0.7818314824680298,0.6234898018587336
0.019794012213754757,0.037549537701670195,0.019794012213754757,0.037549537701670195,2.917770732084279,0.85,0.8432155841824139,1.2246467991473532e-16,-1.0,0.9987165071710528,-0.05064916883871264,0.9749279121818236,-0.22252093395631434
0.06170093232826029,0.0,0.06170093232826029,0.0,-8.216088098632316,0.85,0.8432604695004264,1.2246467991473532e-16,-1.0,0.9680771188662043,-0.2506525322587204,0.43388373911755823,-0.900968867902419
-0.06170093232826024,0.0,-0.004566449662256562,-0.0519489394885022,6.684611727667927,0.85,0.8433053548184389,1.2246467991473532e-16,-1.0,0.8978045395707416,-0.4403941515576344,-0.433883739117558,-0.9009688679024191
0.00975199283975806,-0.0519489394885022,-0.04738248982624563,0.0,0.11778303565638346,0.85,0.8433502401364514,1.2246467991473532e-16,-1.0,0.7907757369376989,-0.6121059825476626,-0.9749279121818236,-0.2225209339563146
0.0,0.0,0.0,0.0,-6.802394763324311,0.85,0.8434848960904888,1.2246467991473532e-16,-1.0,0.29936312297335804,-0.9541392564000488,0.7818314824680298,0.6234898018587336
-0.06521416079842762,-0.06521416079842762,-0.06521416079842762,-0.06521416079842762,6.214608098422191,0.85,0.8435297814085013,1.2246467991473532e-16,-1.0,0.10116832198743272,-0.994869323391895,0.9749279121818236,-0.22252093395631434
0.015474415067012533,0.015474415067012533,0.015474415067012533,0.015474415067012533,1.0986122886681098,0.85,0.8435746667265138,1.2246467991473532e-16,-1.0,-0.10116832198743204,-0.9948693233918952,0.43388373911755823,-0.900968867902419
0.06413914751824687,0.06413914751824687,0.06413914751824687,0.06413914751824687,-0.6286086594223742,0.85,0.8436195520445263,1.2246467991473532e-16,-1.0,-0.29936312297335776,-0.9541392564000489,-0.433883739117558,-0.9009688679024191
-0.039014700526921776,0.0421960107077845,0.037549537701670195,0.0421960107077845,1.8325814637483102,0.85,0.8436644373625388,1.2246467991473532e-16,-1.0,-0.4853019625310808,-0.8743466161445822,-0.9749279121818236,-0.2225209339563146
0.01969760655448682,-0.004646473006114172,0.0,-0.05180791465425504,-1.1394342831883648,0.85,0.8437990933165762,1.2246467991473532e-16,-1.0,-0.8978045395707417,-0.44039415155763423,0.7818314824680298,0.6234898018587336
-0.004834300654154968,0.013775291981762786,0.013775291981762786,-0.01453949068011935,-0.2876820724517809,0.85,0.8438439786345887,1.2246467991473532e-16,-1.0,-0.9680771188662041,-0.2506525322587213,0.9749279121818236,-0.22252093395631434
-0.049221012948177954,-0.12469723725820102,-0.12469723725820102,-0.049221012948177954,-0.8754687373538999,0.85,0.8438888639526012,1.2246467991473532e-16,-1.0,-0.9987165071710528,-0.05064916883871355,0.43388373911755823,-0.900968867902419
0.011248712535870667,0.06376050362829729,0.011248712535870667,0.06376050362829729,0.8754687373538999,0.85,0.8439337492706136,1.2246467991473532e-16,-1.0,-0.9884683243281114,0.15142777750457667,-0.433883739117558,-0.9009688679024191
0.05251179109242669,0.0,0.05251179109242669,0.0,-7.090076835776092,0.85,0.8439786345886261,1.2246467991473532e-16,-1.0,-0.9377521321470804,0.3473052528448203,-0.9749279121818236,-0.2225209339563146
-0.03939903514382721,0.06093673362990366,0.0,0.06093673362990366,7.495541943884256,0.85,0.8441132905426636,1.2246467991473532e-16,-1.0,-0.5712682150947924,0.8207634412072763,0.7818314824680298,0.6234898018587336
0.029693845117862768,0.0,-0.00970519002596441,-0.027640332118934453,2.779509165084355,0.85,0.844158175860676,1.2246467991473532e-16,-1.0,-0.3943558551133187,0.9189578116202306,0.9749279121818236,-0.22252093395631434
0.024140928829740702,-0.04650099482612749,0.024140928829740702,0.0,-10.275051108968611,0.85,0.8442030611786885,1.2246467991473532e-16,-1.0,-0.20129852008866114,0.9795299412524943,0.43388373911755823,-0.900968867902419
0.009474796269269121,0.009474796269269121,0.009474796269269121,-0.00938586643792401,4.605170185988092,0.85,0.844247946496701,-0.4999999999999997,-0.8660254037844388,0.20129852008866006,0.9795299412524945,-0.433883739117558,-0.9009688679024191
0.023250906575095702,0.03242204669420283,0.023250906575095702,0.03242204669420283,3.713572066704308,0.85,0.8442928318147135,-0.4999999999999997,-0.8660254037844388,0.39435585511331855,0.9189578116202306,-0.9749279121818236,-0.2225209339563146
-0.004566449662256562,-0.013737589781363585,-0.004566449662256562,-0.013737589781363585,-3.0204248861443626,0.85,0.8444274877687509,-0.4999999999999997,-0.8660254037844388,0.8486442574947509,0.5289640103269624,0.7818314824680298,0.6234898018587336
0.018341741644019343,0.02738797859185055,0.018341741644019343,0.018341741644019343,2.1400661634962708,0.85,0.8444723730867634,-0.4999999999999997,-0.8660254037844388,0.9377521321470804,0.3473052528448203,0.9749279121818236,-0.22252093395631434
-0.060936733629903705,-0.06998297057773498,-0.060936733629903705,-0.060936733629903705,-2.833213344056216,0.85,0.8445172584047759,-0.4999999999999997,-0.8660254037844388,0.9884683243281114,0.1514277775045767,0.43388373911755823,-0.900968867902419
0.0,0.0,0.0,0.0,-4.605170185988091,0.85,0.8445621437227884,-0.4999999999999997,-0.8660254037844388,0.9987165071710528,-0.05064916883871264,-0.433883739117558,-0.9009688679024191
0.0,0.0,-0.0010619094127333137,-0.0010619094127333137,0.0,0.85,0.8446070290408008,-0.4999999999999997,-0.8660254037844388,0.9680771188662043,-0.2506525322587204,-0.9749279121818236,-0.2225209339563146
-0.0010619094127333137,-0.0010619094127333137,0.0,0.0,0.0,0.85,0.8447416849948383,-0.4999999999999997,-0.8660254037844388,0.6513724827222223,-0.758758122692791,0.7818314824680298,0.6234898018587336
0.021234898606652845,0.021234898606652845,0.021234898606652845,0.021234898606652845,4.605170185988092,0.85,0.8447865703128508,-0.4999999999999997,-0.8660254037844388,0.48530196253108104,-0.8743466161445821,0.9749279121818236,-0.22252093395631434
-0.05868921695311143,-0.05868921695311143,-0.05868921695311143,-0.05868921695311143,0.0,0.85,0.8448314556308631,-0.4999999999999997,-0.8660254037844388,0.29936312297335804,-0.9541392564000488,0.43388373911755823,-0.900968867902419
0.0,0.0,0.0,0.0,-4.605170185988091,0.85,0.8448763409488756,-0.4999999999999997,-0.8660254037844388,0.10116832198743272,-0.994869323391895,-0.433883739117558,-0.9009688679024191
0.06366951361355751,0.06366951361355751,0.06366951361355751,0.06366951361355751,4.605170185988092,0.85,0.8449212262668881,-0.4999999999999997,-0.8660254037844388,-0.10116832198743204,-0.9948693233918952,-0.9749279121818236,-0.2225209339563146
0.0,0.0,0.0,0.0,-4.605170185988091,0.85,0.8450558822209255,-0.4999999999999997,-0.8660254037844388,-0.6513724827222217,-0.7587581226927913,0.7818314824680298,0.6234898018587336
0.06733552700151663,0.06733552700151663,0.06733552700151663,0.06733552700151663,4.605170185988092,0.85,0.845100767538938,-0.4999999999999997,-0.8660254037844388,-0.7907757369376986,-0.6121059825476627,0.9749279121818236,-0.22252093395631434
0.0,0.0,0.0,0.0,-4.605170185988091,0.85,0.8451456528569505,-0.4999999999999997,-0.8660254037844388,-0.8978045395707417,-0.44039415155763423,0.43388373911755823,-0.900968867902419
-0.05744873174008615,-0.05744873174008615,-0.05744873174008615,-0.05744873174008615,4.605170185988092,0.85,0.845190538174963,-0.4999999999999997,-0.8660254037844388,-0.9680771188662041,-0.2506525322587213,-0.433883739117558,-0.9009688679024191
0.062082391927671524,0.062082391927671524,0.062082391927671524,0.062082391927671524,0.0,0.85,0.8452354234929755,-0.4999999999999997,-0.8660254037844388,-0.9987165071710528,-0.05064916883871355,-0.9749279121818236,-0.2225209339563146
0.0,0.0,0.0,0.0,2.302585092994046,0.85,0.8453700794470129,-0.4999999999999997,-0.8660254037844388,-0.8486442574947509,0.5289640103269624,0.7818314824680298,0.6234898018587336
-0.004633660187585349,0.0,0.0,0.0,1.252762968495368,0.85,0.8454149647650254,-0.4999999999999997,-0.8660254037844388,-0.7247927872291207,0.6889669190756859,0.9749279121818236,-0.22252093395631434
0.004633660187585375,0.0,0.0,0.0,-8.160518247477505,0.85,0.8454598500830379,-0.4999999999999997,-0.8660254037844388,-0.5712682150947924,0.8207634412072763,0.43388373911755823,-0.900968867902419
0.0,0.0,0.0,0.0,0.0,0.85,0.8455047354010504,-0.4999999999999997,-0.8660254037844388,-0.3943558551133187,0.9189578116202306,-0.433883739117558,-0.9009688679024191
0.0,0.0,0.0,0.0,0.0,0.85,0.8455496207190628,-0.4999999999999997,-0.8660254037844388,-0.20129852008866114,0.9795299412524943,-0.9749279121818236,-0.2225209339563146
0.0,0.0,0.0,0.0,0.0,0.85,0.8456842766731003,-0.8660254037844385,-0.5000000000000004,0.39435585511331855,0.9189578116202306,0.7818314824680298,0.6234898018587336
0.0,0.0,0.0,0.0,0.0,0.85,0.8457291619911128,-0.8660254037844385,-0.5000000000000004,0.5712682150947923,0.8207634412072763,0.9749279121818236,-0.22252093395631434
0.0,0.0,0.0,0.0,0.0,0.85,0.8457740473091252,-0.8660254037844385,-0.5000000000000004,0.72479278722912,0.6889669190756866,0.43388373911755823,-0.900968867902419
0.0,0.0,0.0,0.0,0.0,0.85,0.8458189326271377,-0.8660254037844385,-0.5000000000000004,0.8486442574947509,0.5289640103269624,-0.433883739117558,-0.9009688679024191
0.0,0.0,0.0,0.0,5.298317366548036,0.85,0.8458638179451502,-0.8660254037844385,-0.5000000000000004,0.9377521321470804,0.3473052528448203,-0.9749279121818236,-0.2225209339563146
0.0,0.0,0.0,0.0,1.6094379124341003,0.85,0.8459984738991876,-0.8660254037844385,-0.5000000000000004,0.9680771188662043,-0.2506525322587204,0.7818314824680298,0.6234898018587336
-0.037684765327604564,0.06713555044313174,0.018322871611024718,-0.037684765327604564,0.7419373447293773,0.85,0.8460433592172001,-0.8660254037844385,-0.5000000000000004,0.8978045395707416,-0.4403941515576344,0.9749279121818236,-0.22252093395631434
-0.06871431100002641,-0.0396819145911808,-0.12472194793865567,0.056007636938629334,-0.40546510810816444,0.85,0.8460882445352126,-0.8660254037844385,-0.5000000000000004,0.7907757369376989,-0.6121059825476626,0.43388373911755823,-0.900968867902419
0.1428079959086861,0.00895528372910399,0.1428079959086861,0.018086047970030328,-1.252762968495368,0.85,0.8461331298532251,-0.8660254037844385,-0.5000000000000004,0.6513724827222223,-0.758758122692791,-0.433883739117558,-0.9009688679024191
0.0,0.0,0.0,0.0,-5.991464547107982,0.85,0.8461780151712376,-0.8660254037844385,-0.5000000000000004,0.48530196253108104,-0.8743466161445821,-0.9749279121818236,-0.2225209339563146
-0.05037481430969236,-0.05037481430969236,-0.05037481430969236,-0.05037481430969236,5.703782474656201,0.85,0.846312671125275,-0.8660254037844385,-0.5000000000000004,-0.10116832198743204,-0.9948693233918952,0.7818314824680298,0.6234898018587336
-0.004698980746123116,0.013965894728637298,-0.004698980746123116,0.013965894728637298,1.2039728043259361,0.85,0.8463575564432875,-0.8660254037844385,-0.5000000000000004,-0.29936312297335776,-0.9541392564000489,0.9749279121818236,-0.22252093395631434
0.018664875474760242,0.0,0.018664875474760242,0.0,-6.907755278982137,0.85,0.8464024417613,-0.8660254037844385,-0.5000000000000004,-0.4853019625310808,-0.8743466161445822,0.43388373911755823,-0.900968867902419
-0.052292389199545555,0.0,0.0,-0.052292389199545555,7.003065458786462,0.85,0.8464473270793124,-0.8660254037844385,-0.5000000000000004,-0.6513724827222217,-0.7587581226927913,-0.433883739117558,-0.9009688679024191
0.0,-0.052292389199545555,-0.052292389199545555,0.0,-7.003065458786462,0.85,0.8464922123973249,-0.8660254037844385,-0.5000000000000004,-0.7907757369376986,-0.6121059825476627,-0.9749279121818236,-0.2225209339563146
0.014607623871941066,0.06606592114741631,0.014607623871941066,0.06606592114741631,7.3777589082278725,0.85,0.8466268683513624,-0.8660254037844385,-0.5000000000000004,-0.9987165071710528,-0.05064916883871355,0.7818314824680298,0.6234898018587336
-0.009647346454546709,-0.05145829727547547,-0.004812039360687285,-0.05145829727547547,0.0,0.85,0.8466717536693747,-0.8660254037844385,-0.5000000000000004,-0.9884683243281114,0.15142777750457667,0.9749279121818236,-0.22252093395631434
0.07478574763410228,0.06513840117955552,0.0699504405402428,0.06513840117955552,-2.772588722239781,0.85,0.8467166389873872,-0.8660254037844385,-0.5000000000000004,-0.9377521321470804,0.3473052528448203,0.43388373911755823,-0.900968867902419
0.0,0.0,0.0,0.0,-4.605170185988091,0.85,0.8467615243053997,-0.8660254037844385,-0.5000000000000004,-0.8486442574947509,0.5289640103269624,-0.433883739117558,-0.9009688679024191
0.0,0.0,0.0,0.0,0.0,0.85,0.8468064096234122,-0.8660254037844385,-0.5000000000000004,-0.7247927872291207,0.6889669190756859,-0.9749279121818236,-0.2225209339563146
-0.0651384011795556,-0.022841347479433883,-0.022841347479433883,-0.0651384011795556,7.3777589082278725,0.85,0.8469410655774496,-0.8660254037844385,-0.5000000000000004,-0.20129852008866114,0.9795299412524943,0.7818314824680298,0.6234898018587336
0.06513840117955552,0.022841347479433907,0.022841347479433907,0.06513840117955552,-0.6931471805599453,0.85,0.8469859508954621,-0.8660254037844385,-0.5000000000000004,-2.4492935982947064e-16,1.0,0.9749279121818236,-0.22252093395631434
0.06537564254271078,0.06537564254271078,0.06537564254271078,0.06537564254271078,1.3545456628053103,0.85,0.8470308362134746,-1.0,-1.8369701987210297e-16,0.20129852008866006,0.9795299412524945,0.43388373911755823,-0.900968867902419
0.06531720498193928,0.06531720498193928,0.06531720498193928,0.06531720498193928,-0.13815033848081718,0.85,0.847255262803537,-1.0,-1.8369701987210297e-16,0.9377521321470804,0.3473052528448203,0.7818314824680298,0.6234898018587336
-0.06953921846611295,0.04635181742973178,0.04257674413010925,-0.06953921846611295,0.5543107357057295,0.85,0.8473001481215495,-1.0,-1.8369701987210297e-16,0.9884683243281114,0.1514277775045767,0.9749279121818236,-0.22252093395631434
-0.07028439329946344,-0.05030634556889436,-0.18240035589568562,-0.06115362905853716,-2.0583881324820035,0.85,0.847345033439562,-1.0,-1.8369701987210297e-16,0.9987165071710528,-0.05064916883871264,0.43388373911755823,-0.900968867902419
-0.022956531798610118,-0.061362676842776756,-0.022956531798610118,0.06537564254271078,0.15415067982725836,0.85,0.8473899187575744,-1.0,-1.8369701987210297e-16,0.9680771188662043,-0.2506525322587204,-0.433883739117558,-0.9009688679024191
0.03208729603953633,0.012560130229173946,0.11002306881142113,0.012560130229173946,1.1895840668738364,0.85,0.8474348040755869,-1.0,-1.8369701987210297e-16,0.8978045395707416,-0.4403941515576344,-0.9749279121818236,-0.2225209339563146
0.07793577277188476,0.0,0.0,0.0,-0.19105523676270922,0.85,0.8475694600296244,-1.0,-1.8369701987210297e-16,0.48530196253108104,-0.8743466161445821,0.7818314824680298,0.6234898018587336
0.0,0.0,0.0,0.0,-7.549609165154532,0.85,0.8476143453476368,-1.0,-1.8369701987210297e-16,0.29936312297335804,-0.9541392564000488,0.9749279121818236,-0.22252093395631434
-0.01678214371334758,0.0,-0.004169206073924812,-0.01678214371334758,7.824046010856292,0.85,0.8476592306656493,-1.0,-1.8369701987210297e-16,0.10116832198743272,-0.994869323391895,0.43388373911755823,-0.900968867902419
-0.05219834532943306,0.008286624889476606,-0.012612937639422759,0.025068768602824337,-0.8209805520698302,0.85,0.8477041159836618,-1.0,-1.8369701987210297e-16,-0.10116832198743204,-0.9948693233918952,-0.433883739117558,-0.9009688679024191
0.0689804890427806,-0.008286624889476677,0.016782143713347606,-0.008286624889476677,-2.3978952727983707,0.85,0.8477490013016743,-1.0,-1.8369701987210297e-16,-0.29936312297335776,-0.9541392564000489,-0.9749279121818236,-0.2225209339563146
0.0,0.0,0.0,0.0,-4.605170185988091,0.85,0.8478836572557117,-1.0,-1.8369701987210297e-16,-0.7907757369376986,-0.6121059825476627,0.7818314824680298,0.6234898018587336
-0.05130698042528316,-0.05130698042528316,-0.05130698042528316,-0.05130698042528316,4.605170185988092,0.85,0.8479285425737242,-1.0,-1.8369701987210297e-16,-0.8978045395707417,-0.44039415155763423,0.9749279121818236,-0.22252093395631434
0.0,0.0,0.0,0.0,1.0986122886681098,0.85,0.8479734278917367,-1.0,-1.8369701987210297e-16,-0.9680771188662041,-0.2506525322587213,0.43388373911755823,-0.900968867902419
0.0,0.00872098550544464,0.0,0.0,3.1918471524802814,0.85,0.8480183132097492,-1.0,-1.8369701987210297e-16,-0.9987165071710528,-0.05064916883871355,-0.433883739117558,-0.9009688679024191
0.0,-0.008720985505444652,0.0,0.0,-0.5292593254548287,0.85,0.8480631985277616,-1.0,-1.8369701987210297e-16,-0.9884683243281114,0.15142777750457667,-0.9749279121818236,-0.2225209339563146
0.00872098550544464,0.013053122244579262,0.013053122244579262,0.00872098550544464,-0.17768117723745236,0.85,0.8481978544817991,-1.0,-1.8369701987210297e-16,-0.7247927872291207,0.6889669190756859,0.7818314824680298,0.6234898018587336
0.0,-0.00433213673913457,-0.00433213673913457,0.0,-0.9444616088408514,0.85,0.8482427397998116,-1.0,-1.8369701987210297e-16,-0.5712682150947924,0.8207634412072763,0.9749279121818236,-0.22252093395631434
0.0,0.042585994919838575,0.0,0.042585994919838575,0.7949298748698876,0.85,0.848287625117824,-1.0,-1.8369701987210297e-16,-0.3943558551133187,0.9189578116202306,0.43388373911755823,-0.900968867902419
0.0,0.0,0.0,-0.01678214371334758,-1.0360919316867756,0.85,0.8483325104358365,-1.0,-1.8369701987210297e-16,-0.20129852008866114,0.9795299412524943,-0.433883739117558,-0.9009688679024191
0.09138854153344146,0.04880254661360272,0.09138854153344146,0.06558469032695043,0.9343092373768334,0.85,0.848377395753849,-0.866025403784439,0.49999999999999933,0.20129852008866006,0.9795299412524945,-0.9749279121818236,-0.2225209339563146
0.06154680425063223,0.0652657207549591,0.0652657207549591,0.06154680425063223,2.502606226887401,0.85,0.8485120517078865,-0.866025403784439,0.49999999999999933,0.72479278722912,0.6889669190756866,0.7818314824680298,0.6234898018587336
0.0,-0.0037189165043268473,-0.0037189165043268473,0.0,-10.439980923050696,0.85,0.8485569370258988,-0.866025403784439,0.49999999999999933,0.8486442574947509,0.5289640103269624,0.9749279121818236,-0.22252093395631434
-0.0695030868976515,-0.0695030868976515,-0.0695030868976515,-0.0695030868976515,7.8632667240095735,0.85,0.8486018223439113,-0.866025403784439,0.49999999999999933,0.9377521321470804,0.3473052528448203,0.43388373911755823,-0.900968867902419
-0.07049174761068736,0.0,0.0,-0.03669436802739663,0.1758906664636642,0.85,0.8486467076619238,-0.866025403784439,0.49999999999999933,0.9884683243281114,0.1514277775045767,-0.433883739117558,-0.9009688679024191
-0.030459207484708574,-0.06621519084342709,-0.10095095509539587,-0.029520822816030454,-0.10178269430994236,0.85,0.8486915929799363,-0.866025403784439,0.49999999999999933,0.9987165071710528,-0.05064916883871264,-0.9749279121818236,-0.2225209339563146
0.0433225474154648,0.06621519084342703,0.0433225474154648,0.0581112156675554,-0.2411620568168881,0.85,0.8488262489339737,-0.866025403784439,0.49999999999999933,0.7907757369376989,-0.6121059825476626,0.7818314824680298,0.6234898018587336
0.08908063169588122,0.03145222401595001,0.08908063169588122,0.03955619919182161,-1.9924301646902063,0.85,0.8488711342519862,-0.866025403784439,0.49999999999999933,0.6513724827222223,-0.758758122692791,0.9749279121818236,-0.22252093395631434
-0.07229848798253362,-0.003877852653978795,-0.02349594136893077,-0.003877852653978795,4.048882188145344,0.85,0.8489160195699987,-0.866025403784439,0.49999999999999933,0.48530196253108104,-0.8743466161445821,0.43388373911755823,-0.900968867902419
0.06842063532855483,0.0,0.019618088714951885,0.0,-9.752664662801545,0.85,0.8489609048880112,-0.866025403784439,0.49999999999999933,0.29936312297335804,-0.9541392564000488,-0.433883739117558,-0.9009688679024191
0.0,0.01158873423318247,0.0038778526539788613,0.01158873423318247,9.560997243589352,0.85,0.8490057902060236,-0.866025403784439,0.49999999999999933,0.10116832198743272,-0.994869323391895,-0.9749279121818236,-0.2225209339563146
0.0,0.0669958929876202,-0.003877852653978795,0.007651878559661009,-0.31143615845988804,0.85,0.8491404461600611,-0.866025403784439,0.49999999999999933,-0.4853019625310808,-0.8743466161445822,0.7818314824680298,0.6234898018587336
0.023123805056053225,0.00715779972207162,0.023123805056053225,0.06650181415003086,-0.08004270767353637,0.85,0.8491853314780736,-0.866025403784439,0.49999999999999933,-0.6513724827222217,-0.7587581226927913,0.9749279121818236,-0.22252093395631434
-0.0077018126552090985,0.065629122352513,0.09765870300261723,0.06228393838422151,0.17185025692665923,0.85,0.849230216796086,-0.866025403784439,0.49999999999999933,-0.7907757369376986,-0.6121059825476627,0.43388373911755823,-0.900968867902419
0.07742736407025329,0.061585930251597684,0.02724385726842541,0.06493111421988915,0.30722666852475117,0.85,0.8492751021140985,-0.866025403784439,0.49999999999999933,-0.8978045395707417,-0.44039415155763423,-0.433883739117558,-0.9009688679024191
0.048452881818749405,0.0,0.06493111421988915,0.0,-0.4382549309311553,0.85,0.849319987432111,-0.866025403784439,0.49999999999999933,-0.9680771188662041,-0.2506525322587213,-0.9749279121818236,-0.2225209339563146
0.0,0.0,-0.07165524125713794,-0.07165524125713794,-1.0498221244986778,0.85,0.8494546433861484,-0.866025403784439,0.49999999999999933,-0.9377521321470804,0.3473052528448203,0.7818314824680298,0.6234898018587336
-0.07000238662877467,-0.0852406762685034,-0.013585435011365398,-0.041396104519093695,0.6493445579015524,0.85,0.8494995287041609,-0.866025403784439,0.49999999999999933,-0.8486442574947509,0.5289640103269624,0.9749279121818236,-0.22252093395631434
-0.0406115948071299,0.026988777027744427,0.026988777027744427,0.01742710383736692,1.8888771506541695,0.85,0.8495444140221734,-0.866025403784439,0.49999999999999933,-0.7247927872291207,0.6889669190756859,0.43388373911755823,-0.900968867902419
0.014959375186064815,-0.03737234269810579,-0.03737234269810579,-0.01041977589424016,-1.2493826835865443,0.85,0.8495892993401859,-0.866025403784439,0.49999999999999933,-0.5712682150947924,0.8207634412072763,-0.433883739117558,-0.9009688679024191
0.011074480637272035,-0.006934439807233129,-0.02448388113702263,0.003485336087007078,-0.14370672066617501,0.85,0.8496341846581984,-0.866025403784439,0.49999999999999933,-0.3943558551133187,0.9189578116202306,-0.9749279121818236,-0.2225209339563146
-0.003677883235559613,0.003473230698503355,-0.03980512702937786,-0.05001227916044485,-0.3310325133253948,0.85,0.8497688406122358,-0.5000000000000012,0.8660254037844379,0.20129852008866006,0.9795299412524945,0.7818314824680298,0.6234898018587336
0.007342289198722542,-0.04257217683831804,0.007342289198722542,0.0,-0.051959738930711104,0.85,0.8498137259302483,-0.5000000000000012,0.8660254037844379,0.39435585511331855,0.9189578116202306,0.9749279121818236,-0.22252093395631434
0.0,0.0,0.0,0.0,0.3920420877760237,0.85,0.8498586112482608,-0.5000000000000012,0.8660254037844379,0.5712682150947923,0.8207634412072763,0.43388373911755823,-0.900968867902419
-0.011033749208527725,-0.01825562221935274,-0.007342289198722582,-0.011033749208527725,-2.1445808438507976,0.85,0.8499034965662732,-0.5000000000000012,0.8660254037844379,0.72479278722912,0.6889669190756866,-0.433883739117558,-0.9009688679024191
-0.026228964375861242,0.02554039777908302,-0.02992042438566638,0.021947082229157814,2.697740831443349,0.85,0.8499483818842857,-0.5000000000000012,0.8660254037844379,0.8486442574947509,0.5289640103269624,-0.9749279121818236,-0.2225209339563146
0.055460822164749526,0.03874861038731756,0.055460822164749526,0.042572176838318085,-0.21283418165534854,0.85,0.8500830378383232,-0.5000000000000012,0.8660254037844379,0.9987165071710528,-0.05064916883871264,0.7818314824680298,0.6234898018587336
0.00715779972207162,-0.003461209108729775,0.03528740127858781,-0.013965894728637223,-1.3609765531356008,0.85,0.8501279231563356,-0.5000000000000012,0.8660254037844379,0.9680771188662043,-0.2506525322587204,0.9749279121818236,-0.22252093395631434
-0.036389657510959815,-0.01748805862814881,-0.01748805862814881,-0.03951961513031095,0.13976194237515863,0.85,0.8501728084743481,-0.5000000000000012,0.8660254037844379,0.8978045395707416,-0.4403941515576344,0.43388373911755823,-0.900968867902419
0.0,-0.035997451230799365,-0.039661857193962397,0.0,1.0840134892469568,0.85,0.8502176937923606,-0.5000000000000012,0.8660254037844379,0.7907757369376989,-0.6121059825476626,-0.433883739117558,-0.9009688679024191
0.0,0.03599745123079949,0.039661857193962397,0.025355908302432072,-0.14197026127038723,0.85,0.8502625791103731,-0.5000000000000012,0.8660254037844379,0.6513724827222223,-0.758758122692791,-0.9749279121818236,-0.2225209339563146
0.014684776311287616,-0.0035346134001441394,-0.010641542928367224,0.0,0.599953403661998,0.85,0.8503972350644105,-0.5000000000000012,0.8660254037844379,0.10116832198743272,-0.994869323391895,0.7818314824680298,0.6234898018587336
-0.014684776311287588,-0.00710692952822315,-0.021704881199672323,-0.018067135619319177,-0.882001658395523,0.85,0.850442120382423,-0.5000000000000012,0.8660254037844379,-0.10116832198743204,-0.9948693233918952,0.9749279121818236,-0.22252093395631434
0.011033749208527581,0.014163706827878812,-0.0036510271027598916,-0.003637745580353128,0.42401851600391216,0.85,0.8504870057004354,-0.5000000000000012,0.8660254037844379,-0.29936312297335776,-0.9541392564000489,0.43388373911755823,-0.900968867902419
0.003651027102759901,-0.028606282109680938,0.003651027102759901,0.0036377455803530893,0.3022808718729337,0.85,0.850531891018448,-0.5000000000000012,0.8660254037844379,-0.4853019625310808,-0.8743466161445822,-0.433883739117558,-0.9009688679024191
-0.0036510271027598916,0.0286062821096809,-0.0036510271027598916,0.0,0.03208831455150045,0.85,0.8505767763364604,-0.5000000000000012,0.8660254037844379,-0.6513724827222217,-0.7587581226927913,-0.9749279121818236,-0.2225209339563146
0.00728877268311311,0.02781066950772837,0.010913333020630047,0.04272350647733195,0.18669793139375349,0.85,0.8507114322904978,-0.5000000000000012,0.8660254037844379,-0.9680771188662041,-0.2506525322587213,0.7818314824680298,0.6234898018587336
-0.029479374274158848,-0.017318005477594423,0.03909894613981469,-0.06847008226520683,-1.2593347336586025,0.85,0.8507563176085103,-0.5000000000000012,0.8660254037844379,-0.9987165071710528,-0.05064916883871355,0.9749279121818236,-0.22252093395631434
0.018526195627882974,-0.003485336087007032,-0.05367668512360787,0.06148722002469157,-0.6190392084062235,0.85,0.8508012029265228,-0.5000000000000012,0.8660254037844379,-0.9884683243281114,0.15142777750457667,0.43388373911755823,-0.900968867902419
0.0036644059631629217,0.0,0.04669382288309265,0.0034975261535081883,1.3198492617117379,0.85,0.8508460882445352,-0.5000000000000012,0.8660254037844379,-0.9377521321470804,0.3473052528448203,-0.433883739117558,-0.9009688679024191
0.0,-0.003497526153508275,-0.03937838981716975,-0.04652694307343782,-0.7008100533055145,0.85,0.8508909735625477,-0.5000000000000012,0.8660254037844379,-0.8486442574947509,0.5289640103269624,-0.9749279121818236,-0.2225209339563146
-0.011033749208527725,-0.014113730310757954,0.018132385587072565,0.003651027102759901,0.9555114450274363,0.85,0.8510256295165852,-0.5000000000000012,0.8660254037844379,-0.3943558551133187,0.9189578116202306,0.7818314824680298,0.6234898018587336
0.018322521891640742,-0.018002353588541516,-0.014494640006719437,0.007262305917870347,-1.279751113213015,0.85,0.8510705148345976,-0.5000000000000012,0.8660254037844379,-0.20129852008866114,0.9795299412524943,0.9749279121818236,-0.22252093395631434
-0.010953178646276034,0.014442575281802062,0.0036245603375170752,-0.014577738983793102,-0.294799540220645,0.85,0.8511154001526101,-2.4492935982947064e-16,1.0,0.20129852008866006,0.9795299412524945,0.43388373911755823,-0.900968867902419
-0.003677883235559613,-0.02902031426559516,-0.014577738983793102,-0.003677883235559613,-0.12136085700426748,0.85,0.8511602854706226,-2.4492935982947064e-16,1.0,0.39435585511331855,0.9189578116202306,-0.433883739117558,-0.9009688679024191
-0.03762223704087544,0.014577738983793227,-0.003677883235559613,0.01825562221935269,0.5913644862500029,0.85,0.8512051707886351,-2.4492935982947064e-16,1.0,0.5712682150947923,0.8207634412072763,-0.9749279121818236,-0.2225209339563146
0.0,-0.003624560337517157,0.014631061881835503,-0.010913333020630158,-2.9267394020670396,0.85,0.8513398267426725,-2.4492935982947064e-16,1.0,0.9377521321470804,0.3473052528448203,0.7818314824680298,0.6234898018587336
0.044964526239598145,-0.007288772683113059,-0.007288772683113059,0.0,0.6931471805599453,0.85,0.851384712060685,-2.4492935982947064e-16,1.0,0.9884683243281114,0.1514277775045767,0.9749279121818236,-0.22252093395631434
-0.022190601591045835,0.0,0.0,-0.022190601591045835,0.28768207245178085,0.85,0.8514295973786975,-2.4492935982947064e-16,1.0,0.9987165071710528,-0.05064916883871264,0.43388373911755823,-0.900968867902419
-0.003746784494072474,0.01819810858036055,0.014599903798628909,-0.003746784494072474,2.803360380906535,0.85,0.85147448269671,-2.4492935982947064e-16,1.0,0.9680771188662043,-0.2506525322587204,-0.433883739117558,-0.9009688679024191
0.0,0.0,-0.0405372898837473,0.0037467844940726105,-0.1823215567939546,0.85,0.8515193680147224,-2.4492935982947064e-16,1.0,0.8978045395707416,-0.4403941515576344,-0.9749279121818236,-0.2225209339563146
-0.015208519762480298,-0.014547081477600593,0.02958841318787831,-0.018955304256552823,-2.3025850929940455,0.85,0.8516540239687599,-2.4492935982947064e-16,1.0,0.48530196253108104,-0.8743466161445821,0.7818314824680298,0.6234898018587336
-0.007651878559661,0.010948876695869109,-0.04091374068714881,0.055745809646227606,2.5649493574615367,0.85,0.8516989092867724,-2.4492935982947064e-16,1.0,0.29936312297335804,-0.9541392564000488,0.9749279121818236,-0.22252093395631434
0.015324449321137457,0.0,0.05186261738301794,-0.04807323888475121,-3.8642323415917974,0.85,0.8517437946047848,-2.4492935982947064e-16,1.0,0.10116832198743272,-0.994869323391895,0.43388373911755823,-0.900968867902419
0.003775073299622523,-0.04429816558512864,-0.04429816558512864,0.003775073299622523,0.5108256237659907,0.85,0.8517886799227973,-2.4492935982947064e-16,1.0,-0.10116832198743204,-0.9948693233918952,-0.433883739117558,-0.9009688679024191
0.0,0.003760875701381363,0.003760875701381363,0.0,0.6931471805599453,0.85,0.8518335652408098,-2.4492935982947064e-16,1.0,-0.29936312297335776,-0.9541392564000489,-0.9749279121818236,-0.2225209339563146
-0.019099522620759837,0.04413549466547887,-0.022860398322141255,0.0,1.4816045409242156,0.85,0.8519682211948473,-2.4492935982947064e-16,1.0,-0.7907757369376986,-0.6121059825476627,0.7818314824680298,0.6234898018587336
0.0669958929876202,0.0,0.0669958929876202,0.04789637036686028,-2.174751721484161,0.85,0.8520131065128597,-2.4492935982947064e-16,1.0,-0.8978045395707417,-0.44039415155763423,0.9749279121818236,-0.22252093395631434
-0.0035982047817315786,0.0,0.0,-0.0035982047817315786,-0.2231435513142097,0.85,0.8520579918308722,-2.4492935982947064e-16,1.0,-0.9680771188662041,-0.2506525322587213,0.43388373911755823,-0.900968867902419
-0.059564430038226986,-0.06316263481995858,-0.06316263481995858,-0.059564430038226986,-1.3862943611198906,0.85,0.8521028771488847,-2.4492935982947064e-16,1.0,-0.9987165071710528,-0.05064916883871355,-0.433883739117558,-0.9009688679024191
0.0,0.05956443003822697,0.0,0.007701812655209117,3.2188758248682006,0.85,0.8521477624668972,-2.4492935982947064e-16,1.0,-0.9884683243281114,0.15142777750457667,-0.9749279121818236,-0.2225209339563146
-0.0038332581676615435,-0.055745809646227516,-0.0038332581676615435,-0.0077018126552090985,-1.6094379124341003,0.85,0.8522824184209346,-2.4492935982947064e-16,1.0,-0.7247927872291207,0.6889669190756859,0.7818314824680298,0.6234898018587336
0.003833258167661479,0.055745809646227606,0.003833258167661479,0.011491191153475855,1.9740810260220096,0.85,0.852327303738947,-2.4492935982947064e-16,1.0,-0.5712682150947924,0.8207634412072763,0.9749279121818236,-0.22252093395631434
0.011491191153475855,0.007183508891203488,0.011491191153475855,0.0,-1.5040773967762742,0.85,0.8523721890569596,-2.4492935982947064e-16,1.0,-0.3943558551133187,0.9189578116202306,0.43388373911755823,-0.900968867902419
-0.0037893784982666865,-0.003585304109471961,0.04438666810675243,-0.0037893784982666865,2.1400661634962708,0.85,0.852417074374972,-2.4492935982947064e-16,1.0,-0.20129852008866114,0.9795299412524943,-0.433883739117558,-0.9009688679024191
0.0,0.0,0.007284775559730319,0.003789378498266665,-1.0840134892469568,0.85,0.8524619596929844,-2.4492935982947064e-16,1.0,-2.4492935982947064e-16,1.0,-0.9749279121818236,-0.2225209339563146
0.059046126274221525,0.003585304109471993,0.003585304109471993,0.055256747775954844,-0.09097177820572676,0.8666666666666667,0.8526415009650344,0.49999999999999994,0.8660254037844387,0.72479278722912,0.6889669190756866,0.9749279121818236,-0.22252093395631434
-0.059046126274221435,0.0,-0.055256747775954816,-0.05148167447633224,2.03688192726104,0.8666666666666667,0.8526863862830468,0.49999999999999994,0.8660254037844387,0.8486442574947509,0.5289640103269624,0.43388373911755823,-0.900968867902419
-0.01153507082287068,-0.07058119709709212,-0.015324449321137417,-0.019099522620759837,-5.081404364984463,0.8666666666666667,0.8527312716010593,0.49999999999999994,0.8660254037844387,0.9377521321470804,0.3473052528448203,-0.433883739117558,-0.9009688679024191
0.0,0.0,0.0,0.0,2.302585092994046,0.8666666666666667,0.8527761569190718,0.49999999999999994,0.8660254037844387,0.9884683243281114,0.1514277775045767,-0.9749279121818236,-0.2225209339563146
0.0,0.0633976882058885,0.0,0.0633976882058885,2.917770732084279,0.8666666666666667,0.8529108128731092,0.49999999999999994,0.8660254037844387,0.8978045395707416,-0.4403941515576344,0.7818314824680298,0.6234898018587336
0.015324449321137457,0.0,0.015324449321137457,-0.04807323888475121,-1.6368368866222147,0.8666666666666667,0.8529556981911217,0.49999999999999994,0.8660254037844387,0.7907757369376989,-0.6121059825476626,0.9749279121818236,-0.22252093395631434
-0.0037893784982666865,0.010756004503803292,0.055256747775954844,0.05167144366648282,-1.3862943611198906,0.8666666666666667,0.8530005835091342,0.49999999999999994,0.8660254037844387,0.6513724827222223,-0.758758122692791,0.43388373911755823,-0.900968867902419
0.003789378498266665,-0.014442575281801968,-0.010870079669202375,-0.05167144366648284,-1.5040773967762742,0.8666666666666667,0.8530454688271467,0.49999999999999994,0.8660254037844387,0.48530196253108104,-0.8743466161445821,-0.433883739117558,-0.9009688679024191
-0.011491191153475815,0.007284775559730319,-0.003624560337517157,-0.007672570761476383,3.9889840465642745,0.8666666666666667,0.8530903541451592,0.49999999999999994,0.8660254037844387,0.29936312297335804,-0.9541392564000488,-0.9749279121818236,-0.2225209339563146
0.0,-0.05546082216474949,-0.05225329892271113,0.003883192263209813,-2.379546134130174,0.8666666666666667,0.8532250100991966,0.49999999999999994,0.8660254037844387,-0.29936312297335776,-0.9541392564000489,0.7818314824680298,0.6234898018587336
-0.05918595529655481,-0.0506981764180244,-0.05918595529655481,-0.0506981764180244,-0.10536051565782628,0.8666666666666667,0.8532698954172091,0.49999999999999994,0.8660254037844387,-0.4853019625310808,-0.8743466161445822,0.9749279121818236,-0.22252093395631434
0.016189591533739483,0.0,0.016189591533739483,0.0,-2.1972245773362196,0.8666666666666667,0.8533147807352216,0.49999999999999994,0.8660254037844387,-0.6513724827222217,-0.7587581226927913,0.43388373911755823,-0.900968867902419
0.0,0.06202350391729495,0.0,0.06202350391729495,4.143134726391533,0.8666666666666667,0.853359666053234,0.49999999999999994,0.8660254037844387,-0.7907757369376986,-0.6121059825476627,-0.433883739117558,-0.9009688679024191
0.06202350391729495,0.0,0.06202350391729495,0.0,-4.143134726391533,0.8666666666666667,0.8534045513712465,0.49999999999999994,0.8660254037844387,-0.8978045395707417,-0.44039415155763423,-0.9749279121818236,-0.2225209339563146
-0.05406722127027582,-0.05406722127027582,-0.05406722127027582,-0.05406722127027582,0.0,0.8666666666666667,0.853539207325284,0.49999999999999994,0.8660254037844387,-0.9884683243281114,0.15142777750457667,0.7818314824680298,0.6234898018587336
0.003954528139162526,0.0652657207549591,0.06154680425063223,0.003954528139162526,2.70805020110221,0.8666666666666667,0.8535840926432965,0.49999999999999994,0.8660254037844387,-0.9377521321470804,0.3473052528448203,0.9749279121818236,-0.22252093395631434
0.00393895142469536,-0.0573722411911012,-0.05365332468677433,0.00393895142469536,-2.70805020110221,0.8666666666666667,0.8536289779613089,0.49999999999999994,0.8660254037844387,-0.8486442574947509,0.5289640103269624,0.43388373911755823,-0.900968867902419
-0.007893479563857888,-0.007893479563857888,-0.007893479563857888,-0.007893479563857888,0.0,0.8666666666666667,0.8536738632793214,0.49999999999999994,0.8660254037844387,-0.7247927872291207,0.6889669190756859,-0.433883739117558,-0.9009688679024191
0.0,0.0,0.0,0.0,-4.605170185988091,0.8666666666666667,0.8537187485973339,0.49999999999999994,0.8660254037844387,-0.5712682150947924,0.8207634412072763,-0.9749279121818236,-0.2225209339563146
0.007893479563857839,0.007893479563857839,0.007893479563857839,0.007893479563857839,4.605170185988092,0.8666666666666667,0.8541676017774587,0.8660254037844386,0.5000000000000001,0.9884683243281114,0.1514277775045767,0.7818314824680298,0.6234898018587336
0.0,0.0,0.0,0.0,-4.605170185988091,0.8666666666666667,0.8542124870954712,0.8660254037844386,0.5000000000000001,0.9987165071710528,-0.05064916883871264,0.9749279121818236,-0.22252093395631434
0.0,0.0,0.0,0.0,0.0,0.8666666666666667,0.8542573724134837,0.8660254037844386,0.5000000000000001,0.9680771188662043,-0.2506525322587204,0.43388373911755823,-0.900968867902419
0.015602461805072939,0.015602461805072939,0.015602461805072939,0.015602461805072939,6.907755278982137,0.8666666666666667,0.854302257731496,0.8660254037844386,0.5000000000000001,0.8978045395707416,-0.4403941515576344,-0.433883739117558,-0.9009688679024191
0.0,0.0,0.0,0.0,-6.907755278982137,0.8666666666666667,0.8543471430495085,0.8660254037844386,0.5000000000000001,0.7907757369376989,-0.6121059825476626,-0.9749279121818236,-0.2225209339563146
0.03805086288170142,0.041769779386028286,0.03805086288170142,0.041769779386028286,5.298317366548036,0.8666666666666667,0.854481799003546,0.8660254037844386,0.5000000000000001,0.29936312297335804,-0.9541392564000488,0.7818314824680298,0.6234898018587336
0.003718916504326791,0.0,0.003718916504326791,0.0,-5.298317366548036,0.8666666666666667,0.8545266843215584,0.8660254037844386,0.5000000000000001,0.10116832198743272,-0.994869323391895,0.9749279121818236,-0.22252093395631434
0.0,0.0,0.0,0.0,0.0,0.8666666666666667,0.8545715696395709,0.8660254037844386,0.5000000000000001,-0.10116832198743204,-0.9948693233918952,0.43388373911755823,-0.900968867902419
-0.03405889780682458,0.03652229929026758,-0.03405889780682458,0.03652229929026758,5.298317366548036,0.8666666666666667,0.8546164549575834,0.8660254037844386,0.5000000000000001,-0.29936312297335776,-0.9541392564000489,-0.433883739117558,-0.9009688679024191
0.015324449321137457,-0.055256747775954816,0.015324449321137457,-0.055256747775954816,-0.6931471805599453,0.8666666666666667,0.8546613402755959,0.8660254037844386,0.5000000000000001,-0.4853019625310808,-0.8743466161445822,-0.9749279121818236,-0.2225209339563146
-0.007672570761476383,0.0588292433885545,0.0,-0.007672570761476383,1.0986122886681098,0.8666666666666667,0.8547959962296333,0.8660254037844386,0.5000000000000001,-0.8978045395707417,-0.44039415155763423,0.7818314824680298,0.6234898018587336
-0.0038186203919994156,-0.0703204345420302,-0.011491191153475815,-0.0038186203919994156,-1.0986122886681098,0.8666666666666667,0.8548408815476458,0.8660254037844386,0.5000000000000001,-0.9680771188662041,-0.2506525322587213,0.9749279121818236,-0.22252093395631434
-0.023223104611011514,0.06316263481995864,0.06316263481995864,-0.023223104611011514,0.6931471805599453,0.8666666666666667,0.8548857668656583,0.8660254037844386,0.5000000000000001,-0.9987165071710528,-0.05064916883871355,0.43388373911755823,-0.900968867902419
0.05715388164208184,-0.021862514543523538,-0.029231857788888194,0.06452322488744651,3.044522437723423,0.8666666666666667,0.8549306521836708,0.8660254037844386,0.5000000000000001,-0.9884683243281114,0.15142777750457667,-0.433883739117558,-0.9009688679024191
0.014684776311287616,0.06406039538139126,0.07142973862675585,0.06406039538139126,-0.07410797215372185,0.8666666666666667,0.8549755375016832,0.8660254037844386,0.5000000000000001,-0.9377521321470804,0.3473052528448203,-0.9749279121818236,-0.2225209339563146
0.056744962315468384,0.03392307224755544,0.03392307224755544,0.0,0.1865859555804121,0.8666666666666667,0.8551101934557207,0.8660254037844386,0.5000000000000001,-0.5712682150947924,0.8207634412072763,0.7818314824680298,0.6234898018587336
-0.003449270450550216,-0.03392307224755547,-0.03392307224755547,-0.003449270450550216,-2.0583881324820035,0.8666666666666667,0.8551550787737332,1.0,6.123233995736766e-17,0.20129852008866006,0.9795299412524945,0.9749279121818236,-0.22252093395631434
-0.07168560556811301,0.04714913816013753,-0.07513487601866327,0.027336715925255516,2.1972245773362196,0.8666666666666667,0.8551999640917457,1.0,6.123233995736766e-17,0.39435585511331855,0.9189578116202306,0.43388373911755823,-0.900968867902419
0.029338790399063844,-0.01322606591258195,0.09565460624983971,-0.06968353109430461,-0.6931471805599453,0.8666666666666667,0.8552448494097581,1.0,6.123233995736766e-17,0.5712682150947923,0.8207634412072763,-0.433883739117558,-0.9009688679024191
-0.06339768820588851,-0.013403342016378973,-0.027430209790456506,0.06631581585077574,2.253239218890891,0.8666666666666667,0.8552897347277706,1.0,6.123233995736766e-17,0.72479278722912,0.6889669190756866,-0.9749279121818236,-0.2225209339563146
0.19506868510079156,0.06535518104412705,0.09278539083458359,0.06535518104412705,-0.35057905362939396,0.8666666666666667,0.8554243906818081,1.0,6.123233995736766e-17,0.9884683243281114,0.1514277775045767,0.7818314824680298,0.6234898018587336
0.06733250767040215,0.06733250767040215,0.06733250767040215,0.06733250767040215,-0.14864102401628868,0.8666666666666667,0.8554692759998205,1.0,6.123233995736766e-17,0.9987165071710528,-0.05064916883871264,0.9749279121818236,-0.22252093395631434
-0.048485557686343106,0.04624302011121604,0.04624302011121604,0.04624302011121604,0.8770700187208738,0.8666666666666667,0.855514161317833,1.0,6.123233995736766e-17,0.9680771188662043,-0.2506525322587204,0.43388373911755823,-0.900968867902419
0.11151121049556723,0.06561407227762026,0.06561407227762026,0.06561407227762026,-0.10388013048739204,0.8666666666666667,0.8555590466358455,1.0,6.123233995736766e-17,0.8978045395707416,-0.4403941515576344,-0.433883739117558,-0.9009688679024191
-0.02244002300081801,0.06647654619625908,0.06647654619625908,0.05654063336479452,0.6321526678571034,0.8666666666666667,0.855603931953858,1.0,6.123233995736766e-17,0.7907757369376989,-0.6121059825476626,-0.9749279121818236,-0.2225209339563146
0.05523916622663667,0.029278799439687024,-0.05596569232613641,-0.051271396737167504,-0.7547549899494357,0.8666666666666667,0.8557385879078954,1.0,6.123233995736766e-17,0.29936312297335804,-0.9541392564000488,0.7818314824680298,0.6234898018587336
-0.04958177592382675,-0.09311725671931784,-0.007872764953494467,-0.07088330890524708,-2.145095511901273,0.8666666666666667,0.8557834732259079,1.0,6.123233995736766e-17,0.10116832198743272,-0.994869323391895,0.9749279121818236,-0.22252093395631434
-0.07022349096298147,-0.07959913005275651,-0.13847565215722984,-0.0581302328952626,2.797281334830153,0.8666666666666667,0.8558283585439204,1.0,6.123233995736766e-17,-0.10116832198743204,-0.9948693233918952,0.43388373911755823,-0.900968867902419
-0.059278053589622764,-0.04678326403675452,-0.030726349852704164,-0.042819607920422956,-0.6690496289808848,0.8666666666666667,0.8558732438619329,1.0,6.123233995736766e-17,-0.29936312297335776,-0.9541392564000489,-0.433883739117558,-0.9009688679024191
0.028551703736918666,0.0,0.0,0.036759929843435395,-1.289130612666243,0.8666666666666667,0.8559181291799453,1.0,6.123233995736766e-17,-0.4853019625310808,-0.8743466161445822,-0.9749279121818236,-0.2225209339563146
0.0,0.01777824602128397,0.0,-0.021278745987283264,0.8988556700520536,0.8666666666666667,0.8560527851339828,1.0,6.123233995736766e-17,-0.8978045395707417,-0.44039415155763423,0.7818314824680298,0.6234898018587336
-0.022150828435584212,-0.02987150408900281,0.030726349852704227,-0.003077122756249271,0.9072043493181977,0.8666666666666667,0.8560976704519953,1.0,6.123233995736766e-17,-0.9680771188662041,-0.2506525322587213,0.9749279121818236,-0.22252093395631434
0.022150828435584285,0.04733919712939352,-0.01832228875280135,0.065661485882195,0.037815450996817664,0.8666666666666667,0.8561425557700076,1.0,6.123233995736766e-17,-0.9987165071710528,-0.05064916883871355,0.43388373911755823,-0.900968867902419
0.09529245051287547,0.06708308042173647,0.08288838941297275,0.03966692653159584,0.30558722052528436,0.8666666666666667,0.8561874410880201,1.0,6.123233995736766e-17,-0.9884683243281114,0.15142777750457667,-0.433883739117558,-0.9009688679024191
0.0051871616454651276,0.03892657514853059,0.0051871616454651276,0.06634272903867151,0.2998381034414325,0.8666666666666667,0.8562323264060326,1.0,6.123233995736766e-17,-0.9377521321470804,0.3473052528448203,-0.9749279121818236,-0.2225209339563146
0.028686810507615984,0.0159333860854065,0.08359559039402435,-0.02707756551422218,0.10993426186431227,0.8666666666666667,0.85636698236007,1.0,6.123233995736766e-17,-0.5712682150947924,0.8207634412072763,0.7818314824680298,0.6234898018587336
0.011191708919448661,-0.043010951599628755,-0.02707756551422218,-0.016639505452737402,-0.5975765501746456,0.8666666666666667,0.8564118676780825,1.0,6.123233995736766e-17,-0.3943558551133187,0.9189578116202306,0.9749279121818236,-0.22252093395631434
-0.07238421933069183,-0.03637999129800717,-0.03637999129800717,-0.07238421933069183,-0.7001158498760386,0.8666666666666667,0.856456752996095,1.0,6.123233995736766e-17,-0.20129852008866114,0.9795299412524943,0.43388373911755823,-0.900968867902419
-0.07155569459982289,-0.031847215262828035,-0.12100776278019382,-0.0029804468399685416,0.6187702104220862,0.8666666666666667,0.8565016383141075,1.0,6.123233995736766e-17,-2.4492935982947064e-16,1.0,-0.433883739117558,-0.9009688679024191
-0.003201884657927419,0.0,0.028528490065648785,-0.009117953204042708,-1.0069038621786108,0.8666666666666667,0.85654652363212,0.8660254037844387,-0.4999999999999998,0.20129852008866006,0.9795299412524945,-0.9749279121818236,-0.2225209339563146
-0.009799808770312717,-0.03289491826660525,0.02773713918511174,-0.009139815369522204,0.13931361239679055,0.8666666666666667,0.8566811795861574,0.8660254037844387,-0.4999999999999998,0.72479278722912,0.6889669190756866,0.7818314824680298,0.6234898018587336
0.0,-0.018363938110144022,-0.018363938110144022,-0.06001992844731019,-0.14448158255523327,0.8666666666666667,0.8567260649041699,0.8660254037844387,-0.4999999999999998,0.8486442574947509,0.5289640103269624,0.9749279121818236,-0.22252093395631434
-0.01645990581324302,-0.012474960168835338,-0.03790169114061661,0.016140449062318526,-0.6575200029167942,0.8666666666666667,0.8567709502221824,0.8660254037844387,-0.4999999999999998,0.9377521321470804,0.3473052528448203,0.43388373911755823,-0.900968867902419
-0.026967926427507,-0.022180396475534565,0.0032463344962466723,-0.039197377715436126,1.000631880307906,0.8666666666666667,0.8568158355401948,0.8660254037844387,-0.4999999999999998,0.9884683243281114,0.1514277775045767,-0.433883739117558,-0.9009688679024191
0.010232551597445851,-0.022683547651254597,-0.03261265997746508,-0.013437596157405977,-0.7230001437096265,0.8666666666666667,0.8568607208582073,0.8660254037844387,-0.4999999999999998,0.9987165071710528,-0.05064916883871264,-0.9749279121818236,-0.2225209339563146
-0.06638042775757404,0.013043663192029398,0.022972775518239896,-0.05556009053403524,-0.0953101798043249,0.8666666666666667,0.8570402621302573,0.8660254037844387,-0.4999999999999998,0.6513724827222223,-0.758758122692791,0.9749279121818236,-0.22252093395631434
-0.05562200538531301,-0.06349623883767506,-0.1424063152880782,-0.010820337223538859,0.399894063058709,0.8666666666666667,0.8570851474482697,0.8660254037844387,-0.4999999999999998,0.48530196253108104,-0.8743466161445821,0.43388373911755823,-0.900968867902419
0.05562200538531308,-0.0034231057911261074,0.033030798116887194,0.04245617254238966,0.3732958251747727,0.8666666666666667,0.8571300327662822,0.8660254037844387,-0.4999999999999998,0.29936312297335804,-0.9541392564000488,-0.433883739117558,-0.9009688679024191
0.010820337223538886,0.04394656911056137,0.08640274165295103,-0.028102899671086843,-0.4917774287952961,0.8666666666666667,0.8571749180842947,0.8660254037844387,-0.4999999999999998,0.10116832198743272,-0.994869323391895,-0.9749279121818236,-0.2225209339563146
-0.06266715418126631,-0.07204946878164822,-0.07204946878164822,-0.05861588064824092,-0.43417521399059583,0.8666666666666667,0.8573095740383321,0.8660254037844387,-0.4999999999999998,-0.4853019625310808,-0.8743466161445822,0.7818314824680298,0.6234898018587336
-0.011446374006447393,0.003520497942194738,-0.003532935647763953,0.0037326266913758404,-0.03960913809504583,0.8666666666666667,0.8573544593563446,0.8660254037844387,-0.4999999999999998,-0.6513724827222217,-0.7587581226927913,0.9749279121818236,-0.22252093395631434
0.022763209878612703,-0.007053433589958728,-0.051350318309101015,0.04417403438558927,0.06831924397747723,0.8666666666666667,0.8573993446743571,0.8660254037844387,-0.4999999999999998,-0.7907757369376986,-0.6121059825476627,0.43388373911755823,-0.900968867902419
-0.007555845907171299,-0.003617948953675714,0.04773236935542521,-0.02923148785315498,-0.5690945318899665,0.8666666666666667,0.8574442299923696,0.8660254037844387,-0.4999999999999998,-0.8978045395707417,-0.44039415155763423,-0.433883739117558,-0.9009688679024191
0.007555845907171389,0.0036179489536757093,0.0,0.0,0.9028677115420144,0.8666666666666667,0.8574891153103821,0.8660254037844387,-0.4999999999999998,-0.9680771188662041,-0.2506525322587213,-0.9749279121818236,-0.2225209339563146
-0.03828441196071049,0.0,0.0036179489536757093,-0.03770575641104706,-1.0082282271998406,0.8666666666666667,0.8576237712644195,0.8660254037844387,-0.4999999999999998,-0.9377521321470804,0.3473052528448203,0.7818314824680298,0.6234898018587336
-0.04798072727611861,-0.014404439366948496,-0.13761545754593016,-0.02728230395639165,-2.1972245773362196,0.8666666666666667,0.857668656582432,0.8660254037844387,-0.4999999999999998,-0.8486442574947509,0.5289640103269624,0.9749279121818236,-0.22252093395631434
0.03621962540182469,-0.02200333240971819,0.03621962540182469,0.042489667927833055,1.0414538748281612,0.8666666666666667,0.8577135419004445,0.8660254037844387,-0.4999999999999998,-0.7247927872291207,0.6889669190756859,0.43388373911755823,-0.900968867902419
0.02728230395639164,0.0,0.06498806036743879,-0.01520736397144123,1.8581345381729277,0.8666666666666667,0.8577584272184569,0.8660254037844387,-0.4999999999999998,-0.5712682150947924,0.8207634412072763,-0.433883739117558,-0.9009688679024191
0.0,0.0,-0.03770575641104706,0.03402859193594779,-0.5804740180558325,0.8666666666666667,0.8578033125364694,0.8660254037844387,-0.4999999999999998,-0.3943558551133187,0.9189578116202306,-0.9749279121818236,-0.2225209339563146
0.015207363971441328,0.05409087563273266,0.08824221015984565,-0.014998008748710935,-0.9753796482441617,0.8666666666666667,0.8580277391265317,0.5000000000000003,-0.8660254037844385,0.72479278722912,0.6889669190756866,0.43388373911755823,-0.900968867902419
-0.007536178392579475,-0.05409087563273266,-0.050536453748798595,0.01123180966005094,1.6094379124341003,0.8666666666666667,0.8580726244445442,0.5000000000000003,-0.8660254037844385,0.8486442574947509,0.5289640103269624,-0.433883739117558,-0.9009688679024191
0.030034570832185335,0.05756199447938099,0.0,0.061534239196492146,-0.4408670351590804,0.8666666666666667,0.8581175097625567,0.5000000000000003,-0.8660254037844385,0.9377521321470804,0.3473052528448203,-0.9749279121818236,-0.2225209339563146
0.018332795327290523,0.06103635582544972,0.10540545846810778,-0.0357580803054422,-0.027398974188114388,0.8666666666666667,0.8582521657165941,0.5000000000000003,-0.8660254037844385,0.9680771188662043,-0.2506525322587204,0.7818314824680298,0.6234898018587336
-0.06376903961739602,-0.0334176117069013,-0.15084170275821338,-0.03700796855110074,-1.4434527749598391,0.8666666666666667,0.8582970510346066,0.5000000000000003,-0.8660254037844385,0.8978045395707416,-0.4403941515576344,0.9749279121818236,-0.22252093395631434
0.03799288072634614,-0.041719533231303896,0.0888974496567309,0.01123180966005094,1.457246097092175,0.8666666666666667,0.8583419363526191,0.5000000000000003,-0.8660254037844385,0.7907757369376989,-0.6121059825476626,0.43388373911755823,-0.900968867902419
-0.00749918296867501,-0.050904568930384864,-0.0584037518990599,0.0,-2.681021528714291,0.8666666666666667,0.8583868216706316,0.5000000000000003,-0.8660254037844385,0.6513724827222223,-0.758758122692791,-0.433883739117558,-0.9009688679024191
-0.057990662166439964,0.036674851416914414,-0.02276320987861264,0.036674851416914414,1.3862943611198906,0.8666666666666667,0.858431706988644,0.5000000000000003,-0.8660254037844385,0.48530196253108104,-0.8743466161445821,-0.9749279121818236,-0.2225209339563146
0.06548984513511501,-0.02923148785315498,0.037705756411047175,-0.02923148785315498,1.6389967146756448,0.8666666666666667,0.8585663629426815,0.5000000000000003,-0.8660254037844385,-0.10116832198743204,-0.9948693233918952,0.7818314824680298,0.6234898018587336
0.007443363563759444,0.0,0.0,0.0,0.0,0.8666666666666667,0.858611248260694,0.5000000000000003,-0.8660254037844385,-0.29936312297335776,-0.9541392564000489,0.9749279121818236,-0.22252093395631434
-0.01114805157967947,0.025587434553127744,-0.01114805157967947,-0.007443363563759435,-2.5552874465498,0.8666666666666667,0.8586561335787065,0.5000000000000003,-0.8660254037844385,-0.4853019625310808,-0.8743466161445822,0.43388373911755823,-0.900968867902419
0.018536420574833005,0.03197455992625305,0.018536420574833005,0.043851135340426124,1.8325814637483102,0.8666666666666667,0.8587010188967189,0.5000000000000003,-0.8660254037844385,-0.6513724827222217,-0.7587581226927913,-0.433883739117558,-0.9009688679024191
-0.0036500468845464262,-0.053823672368773806,-0.0036500468845464262,-0.03266944966605943,-1.9661128563728327,0.8666666666666667,0.8587459042147314,0.5000000000000003,-0.8660254037844385,-0.7907757369376986,-0.6121059825476627,-0.9749279121818236,-0.2225209339563146
-0.01118168567436659,0.029051500712383625,-0.01118168567436659,0.029051500712383625,0.0,0.8666666666666667,0.8588805601687689,0.5000000000000003,-0.8660254037844385,-0.9987165071710528,-0.05064916883871355,0.7818314824680298,0.6234898018587336
0.007443363563759444,0.0,0.036674851416914414,-0.03278982282299084,-0.15415067982725836,0.8666666666666667,0.8589254454867813,0.5000000000000003,-0.8660254037844385,-0.9884683243281114,0.15142777750457667,0.9749279121818236,-0.22252093395631434
0.0,-0.03278982282299084,-0.02923148785315498,0.0,-0.6931471805599453,0.8666666666666667,0.8589703308047938,0.5000000000000003,-0.8660254037844385,-0.9377521321470804,0.3473052528448203,0.43388373911755823,-0.900968867902419
0.0,0.0073883689951534885,0.0,0.0073883689951534885,2.70805020110221,0.8666666666666667,0.8590152161228063,0.5000000000000003,-0.8660254037844385,-0.8486442574947509,0.5289640103269624,-0.433883739117558,-0.9009688679024191
0.0073883689951534885,0.007334181114113216,0.0073883689951534885,0.007334181114113216,-3.1135153092103742,0.8666666666666667,0.8590601014408188,0.5000000000000003,-0.8660254037844385,-0.7247927872291207,0.6889669190756859,-0.9749279121818236,-0.2225209339563146
0.007334181114113216,0.0,0.007334181114113216,0.0,3.3843902633457743,0.8666666666666667,0.8591947573948562,0.5000000000000003,-0.8660254037844385,-0.20129852008866114,0.9795299412524943,0.7818314824680298,0.6234898018587336
0.0,0.0,0.0,0.0,-1.6796421711073488,0.8666666666666667,0.8592396427128687,0.5000000000000003,-0.8660254037844385,-2.4492935982947064e-16,1.0,0.9749279121818236,-0.22252093395631434
-0.007334181114113182,0.0,0.0,-0.007334181114113182,0.24116205681688804,0.8666666666666667,0.8592845280308812,1.2246467991473532e-16,-1.0,0.20129852008866006,0.9795299412524945,0.43388373911755823,-0.900968867902419
0.0,-0.007334181114113182,-0.007334181114113182,0.0,-0.4418327522790392,0.8666666666666667,0.8593294133488937,1.2246467991473532e-16,-1.0,0.39435585511331855,0.9189578116202306,-0.433883739117558,-0.9009688679024191
-0.04128992067083497,-0.04128992067083497,-0.04128992067083497,-0.04128992067083497,-2.1972245773362196,0.8666666666666667,0.8593742986669061,1.2246467991473532e-16,-1.0,0.5712682150947923,0.8207634412072763,-0.9749279121818236,-0.2225209339563146
-0.003804204735365682,0.04862410178494815,0.0,0.0038669808434960394,2.302585092994046,0.8666666666666667,0.8595089546209436,1.2246467991473532e-16,-1.0,0.9377521321470804,0.3473052528448203,0.7818314824680298,0.6234898018587336
-0.051309670246260014,-0.01472255010926671,0.033901551675681416,0.022591207268425863,3.0819099697950434,0.8666666666666667,0.8595538399389561,1.2246467991473532e-16,-1.0,0.9884683243281114,0.1514277775045767,0.9749279121818236,-0.22252093395631434
0.03965206453344583,-0.007443363563759435,-0.007443363563759435,-0.0037046880159200134,-1.2101077928934518,0.8666666666666667,0.8595987252569685,1.2246467991473532e-16,-1.0,0.9987165071710528,-0.05064916883871264,0.43388373911755823,-0.900968867902419
0.0344208155914267,0.0,-0.00749918296867501,0.0037046880159200286,-1.5353299402803784,0.8666666666666667,0.859643610574981,1.2246467991473532e-16,-1.0,0.9680771188662043,-0.2506525322587204,-0.433883739117558,-0.9009688679024191
-0.06202748340813796,0.033030798116887194,-0.050045513835004274,0.018468505038715638,1.9148195619852821,0.8666666666666667,0.8596884958929935,1.2246467991473532e-16,-1.0,0.8978045395707416,-0.4403941515576344,-0.9749279121818236,-0.2225209339563146
0.023743071447427634,-0.07881439304627265,0.011761101874293755,-0.06425209996810109,-4.553876891600541,0.8666666666666667,0.8598231518470308,1.2246467991473532e-16,-1.0,0.48530196253108104,-0.8743466161445821,0.7818314824680298,0.6234898018587336
-0.06875025369623504,0.0,-0.003957893237590352,-0.003957893237590352,3.871201010907891,0.8666666666666667,0.8598680371650433,1.2246467991473532e-16,-1.0,0.29936312297335804,-0.9541392564000488,0.9749279121818236,-0.22252093395631434
-0.0041551893577420765,0.026967576088545386,-0.06479236045864474,-0.06894754981638691,0.1361321743245799,0.8666666666666667,0.8599129224830558,1.2246467991473532e-16,-1.0,0.10116832198743272,-0.994869323391895,0.43388373911755823,-0.900968867902419
-0.0342297895103831,-0.09987301914252254,-0.0041551893577420765,0.0,-0.45198512374305727,0.8666666666666667,0.8599578078010683,1.2246467991473532e-16,-1.0,-0.10116832198743204,-0.9948693233918952,-0.433883739117558,-0.9009688679024191
-0.02195936573644944,0.0491623716065497,0.00837745538386567,-0.042973497236742125,1.8382794848629478,0.8666666666666667,0.8600026931190808,1.2246467991473532e-16,-1.0,-0.29936312297335776,-0.9541392564000489,-0.9749279121818236,-0.2225209339563146
0.004484312447328586,-0.061818603481920885,-0.02534589747741687,-0.008731345562761695,-2.174751721484161,0.8666666666666667,0.8601373490731182,1.2246467991473532e-16,-1.0,-0.7907757369376986,-0.6121059825476627,0.7818314824680298,0.6234898018587336
-0.026936739498863584,0.021033687259236947,-0.061673140204816186,-0.026936739498863584,-0.3856624808119846,0.8666666666666667,0.8601822343911307,1.2246467991473532e-16,-1.0,-0.8978045395707417,-0.44039415155763423,0.9749279121818236,-0.22252093395631434
-0.046572547679452084,-0.09162606693094726,-0.04176854151493667,-0.004607029248714249,-0.8873031950009028,0.8666666666666667,0.8602271197091432,1.2246467991473532e-16,-1.0,-0.9680771188662041,-0.2506525322587213,0.43388373911755823,-0.900968867902419
0.018890086600707647,0.04901882203669863,0.014086080436192383,0.04901882203669863,1.488077055429833,0.8666666666666667,0.8602720050271557,1.2246467991473532e-16,-1.0,-0.9987165071710528,-0.05064916883871355,-0.433883739117558,-0.9009688679024191
0.07209425386672877,0.029971927333843483,0.07648138032064651,0.029971927333843483,-0.4382549309311553,0.8666666666666667,0.8603168903451681,1.2246467991473532e-16,-1.0,-0.9884683243281114,0.15142777750457667,-0.9749279121818236,-0.2225209339563146
-0.01309985098859348,0.05342023378308926,0.0588204883160842,-0.038715635060202584,-0.10536051565782628,0.8666666666666667,0.8604515462992056,1.2246467991473532e-16,-1.0,-0.7247927872291207,0.6889669190756859,0.7818314824680298,0.6234898018587336
0.017486977442511285,-0.02839048571725384,-0.02060036987575346,0.021760970993522206,0.44183275227903923,0.8666666666666667,0.8604964316172181,1.2246467991473532e-16,-1.0,-0.5712682150947924,0.8207634412072763,0.9749279121818236,-0.22252093395631434
0.012874220962914008,-0.037740327982847086,-0.02534589747741687,0.004244084149668727,-3.332204510175204,0.8666666666666667,0.8605413169352305,1.2246467991473532e-16,-1.0,-0.3943558551133187,0.9189578116202306,0.43388373911755823,-0.900968867902419
0.004312210218179906,0.06613081370010095,0.06215885533099282,0.004312210218179906,1.6094379124341003,0.8666666666666667,0.860586202253243,1.2246467991473532e-16,-1.0,-0.20129852008866114,0.9795299412524943,-0.433883739117558,-0.9009688679024191
-0.05247163125627338,0.004036821241698138,-0.11031827636908627,0.06585542472361902,3.1945831322991562,0.8666666666666667,0.8606310875712555,-0.4999999999999997,-0.8660254037844388,0.20129852008866006,0.9795299412524945,-0.9749279121818236,-0.2225209339563146
0.11832705597989228,0.06548984513511501,0.18381690111500726,0.06548984513511501,-3.417726683613366,0.8666666666666667,0.8607657435252929,-0.4999999999999997,-0.8660254037844388,0.72479278722912,0.6889669190756866,0.7818314824680298,0.6234898018587336
0.07293320869887439,0.04023318638675032,0.04023318638675032,0.007443363563759444,3.1675825304806504,0.8666666666666667,0.8608106288433054,-0.4999999999999997,-0.8660254037844388,0.8486442574947509,0.5289640103269624,0.9749279121818236,-0.22252093395631434
-0.01114805157967947,-0.02176468134803465,-0.043937874402670295,0.0,-0.2498117983963711,0.8666666666666667,0.8608555141613179,-0.4999999999999997,-0.8660254037844388,0.9377521321470804,0.3473052528448203,0.43388373911755823,-0.900968867902419
-0.050647667688786126,0.054215380393444874,-0.02702452192535029,0.06524052186840094,1.6121369694032652,0.8666666666666667,0.8609003994793304,-0.4999999999999997,-0.8660254037844388,0.9884683243281114,0.1514277775045767,-0.433883739117558,-0.9009688679024191
0.06179571926846559,0.024264621999631298,0.0998981532659863,0.024264621999631298,-2.2526404164777887,0.8666666666666667,0.8609452847973429,-0.4999999999999997,-0.8660254037844388,0.9987165071710528,-0.05064916883871264,-0.9749279121818236,-0.2225209339563146
0.05110601093349615,-0.03484673133016819,-0.010619568827460261,-0.03839913293453602,-1.0986122886681098,0.8666666666666667,0.8610799407513803,-0.4999999999999997,-0.8660254037844388,0.7907757369376989,-0.6121059825476626,0.7818314824680298,0.6234898018587336
-0.058624843347523596,0.027973852042406162,-0.007142887512380114,-0.058624843347523596,0.6931471805599453,0.8666666666666667,0.8611248260693928,-0.4999999999999997,-0.8660254037844388,0.6513724827222223,-0.758758122692791,0.9749279121818236,-0.22252093395631434
0.0,-0.031526253646773895,-0.05148195583514345,0.05862484334752354,0.4795730802618863,0.8666666666666667,0.8611697113874053,-0.4999999999999997,-0.8660254037844388,0.48530196253108104,-0.8743466161445821,0.43388373911755823,-0.900968867902419
0.04789128770441485,0.038399132934535965,0.04789128770441485,0.038399132934535965,0.28768207245178085,0.8666666666666667,0.8612145967054177,-0.4999999999999997,-0.8660254037844388,0.29936312297335804,-0.9541392564000488,-0.433883739117558,-0.9009688679024191
0.04570215348085538,0.02702867238791942,0.07616136096556395,0.02702867238791942,3.1182659119689724,0.8666666666666667,0.8612594820234302,-0.4999999999999997,-0.8660254037844388,0.10116832198743272,-0.994869323391895,-0.9749279121818236,-0.2225209339563146
0.03045920748470844,0.0,0.0,0.0,-7.143617602704121,0.8666666666666667,0.8613941379774677,-0.4999999999999997,-0.8660254037844388,-0.4853019625310808,-0.8743466161445822,0.7818314824680298,0.6234898018587336
-0.06899287148695143,-0.06899287148695143,-0.06899287148695143,-0.06899287148695143,0.0,0.8666666666666667,0.86143902329548,-0.4999999999999997,-0.8660254037844388,-0.6513724827222217,-0.7587581226927913,0.9749279121818236,-0.22252093395631434
-0.0035778213478839666,0.0,-0.0035778213478839666,0.0,1.6094379124341003,0.8666666666666667,0.8614839086134926,-0.4999999999999997,-0.8660254037844388,-0.7907757369376986,-0.6121059825476627,0.43388373911755823,-0.900968867902419
-0.05905774964360106,-0.06263557099148506,-0.05905774964360106,-0.06263557099148506,-0.916290731874155,0.8666666666666667,0.861528793931505,-0.4999999999999997,-0.8660254037844388,-0.8978045395707417,-0.44039415155763423,-0.433883739117558,-0.9009688679024191
0.01134227660393451,0.06620063715598114,0.01134227660393451,0.06263557099148505,3.367295829986474,0.8666666666666667,0.8615736792495176,-0.4999999999999997,-0.8660254037844388,-0.9680771188662041,-0.2506525322587213,-0.9749279121818236,-0.2225209339563146
-0.011342276603934495,-0.06620063715598123,-0.011342276603934495,-0.06263557099148506,-4.060443010546419,0.8666666666666667,0.8617083352035549,-0.4999999999999997,-0.8660254037844388,-0.9377521321470804,0.3473052528448203,0.7818314824680298,0.6234898018587336
0.05905774964360115,0.05905774964360115,0.05905774964360115,0.05905774964360115,1.791759469228055,0.8666666666666667,0.8617532205215674,-0.4999999999999997,-0.8660254037844388,-0.8486442574947509,0.5289640103269624,0.9749279121818236,-0.22252093395631434
0.0,0.0,0.0,0.0,-6.396929655216146,0.8666666666666667,0.8617981058395799,-0.4999999999999997,-0.8660254037844388,-0.7247927872291207,0.6889669190756859,0.43388373911755823,-0.900968867902419
-0.025409715525368325,-0.025409715525368325,-0.025409715525368325,-0.025409715525368325,4.605170185988092,0.8666666666666667,0.8618429911575924,-0.4999999999999997,-0.8660254037844388,-0.5712682150947924,0.8207634412072763,-0.433883739117558,-0.9009688679024191
-0.003683245416296405,-0.003683245416296405,-0.003683245416296405,-0.003683245416296405,0.0,0.8666666666666667,0.8618878764756049,-0.4999999999999997,-0.8660254037844388,-0.3943558551133187,0.9189578116202306,-0.9749279121818236,-0.2225209339563146
0.0,0.0,0.0,0.0,-4.605170185988091,0.8666666666666667,0.8620225324296423,-0.8660254037844385,-0.5000000000000004,0.20129852008866006,0.9795299412524945,0.7818314824680298,0.6234898018587336
0.003683245416296368,0.003683245416296368,0.003683245416296368,0.003683245416296368,4.605170185988092,0.8666666666666667,0.8620674177476548,-0.8660254037844385,-0.5000000000000004,0.39435585511331855,0.9189578116202306,0.9749279121818236,-0.22252093395631434
-0.022305757514298277,-0.022305757514298277,-0.022305757514298277,-0.022305757514298277,0.0,0.8666666666666667,0.8621123030656673,-0.8660254037844385,-0.5000000000000004,0.5712682150947923,0.8207634412072763,0.43388373911755823,-0.900968867902419
0.0,0.0,0.0,0.0,-4.605170185988091,0.8666666666666667,0.8621571883836797,-0.8660254037844385,-0.5000000000000004,0.72479278722912,0.6889669190756866,-0.433883739117558,-0.9009688679024191
0.0,0.0,0.0,0.0,5.991464547107982,0.8666666666666667,0.8622020737016922,-0.8660254037844385,-0.5000000000000004,0.8486442574947509,0.5289640103269624,-0.9749279121818236,-0.2225209339563146
-0.0037664827954768934,0.0405211974056394,-0.0037664827954768934,0.0405211974056394,0.4054651081081644,0.8666666666666667,0.8623367296557297,-0.8660254037844385,-0.5000000000000004,0.9987165071710528,-0.05064916883871264,0.7818314824680298,0.6234898018587336
0.04067103973092778,0.0,0.04067103973092778,0.0,0.15415067982725836,0.8666666666666667,0.8623816149737421,-0.8660254037844385,-0.5000000000000004,0.9680771188662043,-0.2506525322587204,0.9749279121818236,-0.22252093395631434
-0.03315220731690051,-0.018215439891341216,-0.03315220731690051,-0.018215439891341216,1.0986122886681098,0.8666666666666667,0.8624265002917546,-0.8660254037844385,-0.5000000000000004,0.8978045395707416,-0.4403941515576344,0.43388373911755823,-0.900968867902419
-0.011299555253933394,-0.02985296314968116,-0.011299555253933394,-0.02985296314968116,-2.3513752571634776,0.8666666666666667,0.8624713856097671,-0.8660254037844385,-0.5000000000000004,0.7907757369376989,-0.6121059825476626,-0.433883739117558,-0.9009688679024191
0.0,0.0,0.0,0.0,-5.298317366548036,0.8666666666666667,0.8625162709277796,-0.8660254037844385,-0.5000000000000004,0.6513724827222223,-0.758758122692791,-0.9749279121818236,-0.2225209339563146
0.0,0.06595796779179737,0.0,0.06595796779179737,8.536995818712418,0.8666666666666667,0.862650926881817,-0.8660254037844385,-0.5000000000000004,0.10116832198743272,-0.994869323391895,0.7818314824680298,0.6234898018587336
0.06595796779179737,0.06187540371808745,0.06595796779179737,0.06187540371808745,-3.2386784521643803,0.8666666666666667,0.8626958121998295,-0.8660254037844385,-0.5000000000000004,-0.10116832198743204,-0.9948693233918952,0.9749279121818236,-0.22252093395631434
0.06187540371808745,0.0,0.06187540371808745,0.0,0.0,0.8666666666666667,0.862740697517842,-0.8660254037844385,-0.5000000000000004,-0.29936312297335776,-0.9541392564000489,0.43388373911755823,-0.900968867902419
0.0,0.0,0.0,0.0,-5.298317366548036,0.8666666666666667,0.8627855828358545,-0.8660254037844385,-0.5000000000000004,-0.4853019625310808,-0.8743466161445822,-0.433883739117558,-0.9009688679024191
0.0,0.0,0.0,0.0,4.605170185988092,0.8666666666666667,0.8628304681538669,-0.8660254037844385,-0.5000000000000004,-0.6513724827222217,-0.7587581226927913,-0.9749279121818236,-0.2225209339563146
0.0,0.0,0.0,0.0,2.6390573296152584,0.8666666666666667,0.8629651241079044,-0.8660254037844385,-0.5000000000000004,-0.9680771188662041,-0.2506525322587213,0.7818314824680298,0.6234898018587336
-0.06542780532245532,-0.006688988150796652,-0.06542780532245532,-0.006688988150796652,-0.4418327522790392,0.8666666666666667,0.8630100094259169,-0.8660254037844385,-0.5000000000000004,-0.9987165071710528,-0.05064916883871355,0.9749279121818236,-0.22252093395631434
0.11738754425316629,0.05864872708150769,0.11738754425316629,0.05864872708150769,-2.1972245773362196,0.8666666666666667,0.8630548947439293,-0.8660254037844385,-0.5000000000000004,-0.9884683243281114,0.15142777750457667,0.43388373911755823,-0.900968867902419
-0.04531519621204249,0.025001302205417186,0.025001302205417186,-0.04531519621204249,2.9444389791664403,0.8666666666666667,0.8630997800619418,-0.8660254037844385,-0.5000000000000004,-0.9377521321470804,0.3473052528448203,-0.433883739117558,-0.9009688679024191
-0.006644542718668613,-0.07696104113612832,-0.07696104113612832,-0.006644542718668613,-0.2363887780642304,0.8666666666666667,0.8631446653799543,-0.8660254037844385,-0.5000000000000004,-0.8486442574947509,0.5289640103269624,-0.9749279121818236,-0.2225209339563146
-0.07257069283483537,-0.06542780532245532,-0.06899287148695143,-0.06899287148695143,0.6241543090729939,0.8666666666666667,0.8632793213339917,-0.8660254037844385,-0.5000000000000004,-0.3943558551133187,0.9189578116202306,0.7818314824680298,0.6234898018587336
-0.055262678675049415,0.062088904056940675,-0.05129329438755058,-0.03636764417087483,-0.38776553100876343,0.8666666666666667,0.8633242066520042,-0.8660254037844385,-0.5000000000000004,-0.20129852008866114,0.9795299412524943,0.9749279121818236,-0.22252093395631434
0.02616971773338482,-0.09832475251098557,0.01862251209800185,0.0036968618813262026,-2.2512917986064953,0.8666666666666667,0.8633690919700167,-0.8660254037844385,-0.5000000000000004,-2.4492935982947064e-16,1.0,0.43388373911755823,-0.900968867902419
-0.06478455386116436,0.0,0.0,-0.06478455386116436,3.817712325956905,0.8666666666666667,0.863593518560079,-1.0,-1.8369701987210297e-16,0.8486442574947509,0.5289640103269624,0.7818314824680298,0.6234898018587336
0.003929278139889557,-0.0186225120980018,-0.06085527572127473,0.04616204176316241,-3.817712325956905,0.8666666666666667,0.8636384038780915,-1.0,-1.8369701987210297e-16,0.9377521321470804,0.3473052528448203,0.9749279121818236,-0.22252093395631434
0.0,-0.0422327636232729,0.0,-0.0422327636232729,-0.6931471805599453,0.8666666666666667,0.863683289196104,-1.0,-1.8369701987210297e-16,0.9884683243281114,0.1514277775045767,0.43388373911755823,-0.900968867902419
0.011696039763191236,0.011696039763191236,0.011696039763191236,0.011696039763191236,0.0,0.8666666666666667,0.8637281745141165,-1.0,-1.8369701987210297e-16,0.9987165071710528,-0.05064916883871264,-0.433883739117558,-0.9009688679024191
-0.04357124829364019,-0.01562531790308087,-0.01562531790308087,-0.04357124829364019,4.700480365792417,0.8666666666666667,0.8637730598321289,-1.0,-1.8369701987210297e-16,0.9680771188662043,-0.2506525322587204,-0.9749279121818236,-0.2225209339563146
0.01207258123426924,0.03481976515922791,0.03481976515922791,0.01207258123426924,-3.270169119255751,0.8666666666666667,0.8639077157861664,-1.0,-1.8369701987210297e-16,0.6513724827222223,-0.758758122692791,0.7818314824680298,0.6234898018587336
0.0,-0.050693114315518095,-0.050693114315518095,0.0,-6.035481432524756,0.8666666666666667,0.8639526011041789,-1.0,-1.8369701987210297e-16,0.48530196253108104,-0.8743466161445821,0.9749279121818236,-0.22252093395631434
0.007968169649176881,0.007968169649176881,0.007968169649176881,0.007968169649176881,4.605170185988092,0.8666666666666667,0.8639974864221913,-1.0,-1.8369701987210297e-16,0.29936312297335804,-0.9541392564000488,0.43388373911755823,-0.900968867902419
0.0,0.0,0.0,0.0,1.0986122886681098,0.8666666666666667,0.8640423717402038,-1.0,-1.8369701987210297e-16,0.10116832198743272,-0.994869323391895,-0.433883739117558,-0.9009688679024191
0.027398974188114347,0.03125254350410453,0.03125254350410453,0.03125254350410453,1.3862943611198906,0.8666666666666667,0.8640872570582163,-1.0,-1.8369701987210297e-16,-0.10116832198743204,-0.9948693233918952,-0.9749279121818236,-0.2225209339563146
0.0038535693159899723,0.0,0.0,0.0,-7.090076835776092,0.8666666666666667,0.8642219130122537,-1.0,-1.8369701987210297e-16,-0.6513724827222217,-0.7587581226927913,0.7818314824680298,0.6234898018587336
-0.06351340572232586,-0.06351340572232586,-0.06351340572232586,-0.06351340572232586,4.605170185988092,0.8666666666666667,0.8642667983302662,-1.0,-1.8369701987210297e-16,-0.7907757369376986,-0.6121059825476627,0.9749279121818236,-0.22252093395631434
-0.012371291802546829,0.0,0.0,-0.012371291802546829,0.6931471805599453,0.8666666666666667,0.8643116836482787,-1.0,-1.8369701987210297e-16,-0.8978045395707417,-0.44039415155763423,0.43388373911755823,-0.900968867902419
-0.004158010148663677,0.04409531986522438,-0.016529301951210582,0.056466611667771165,1.7047480922384253,0.8666666666666667,0.8643565689662912,-1.0,-1.8369701987210297e-16,-0.9680771188662041,-0.2506525322587213,-0.433883739117558,-0.9009688679024191
0.05275056538552896,-0.007874056430905883,0.05275056538552896,-0.007874056430905883,-2.3978952727983707,0.8666666666666667,0.8644014542843037,-1.0,-1.8369701987210297e-16,-0.9987165071710528,-0.05064916883871355,-0.9749279121818236,-0.2225209339563146
-0.04445176257083381,-0.04445176257083381,-0.04445176257083381,-0.04445176257083381,0.0,0.8666666666666667,0.8645361102383411,-1.0,-1.8369701987210297e-16,-0.8486442574947509,0.5289640103269624,0.7818314824680298,0.6234898018587336
-0.008298802814695066,-0.008298802814695066,-0.008298802814695066,-0.008298802814695066,3.6109179126442243,0.8666666666666667,0.8645809955563536,-1.0,-1.8369701987210297e-16,-0.7247927872291207,0.6889669190756859,0.9749279121818236,-0.22252093395631434
0.016529301951210506,0.016529301951210506,0.016529301951210506,0.016529301951210506,-1.126011262856224,0.8666666666666667,0.8646258808743661,-1.0,-1.8369701987210297e-16,-0.5712682150947924,0.8207634412072763,0.43388373911755823,-0.900968867902419
-0.016529301951210582,-0.012371291802546829,-0.016529301951210582,-0.012371291802546829,-1.0986122886681098,0.8666666666666667,0.8646707661923785,-1.0,-1.8369701987210297e-16,-0.3943558551133187,0.9189578116202306,-0.433883739117558,-0.9009688679024191
0.004158010148663677,0.0,0.004158010148663677,0.0,0.4054651081081644,0.8666666666666667,0.864715651510391,-1.0,-1.8369701987210297e-16,-0.20129852008866114,0.9795299412524943,-0.9749279121818236,-0.2225209339563146
0.0,0.004140792666031387,0.004140792666031387,0.0,-0.24207156119972859,0.8666666666666667,0.8648503074644285,-0.866025403784439,0.49999999999999933,0.5712682150947923,0.8207634412072763,0.7818314824680298,0.6234898018587336
0.03265596297405272,0.03252319170555993,0.028515170308021233,0.036663984371591525,1.4948345296950967,0.8666666666666667,0.8648951927824409,-0.866025403784439,0.49999999999999933,0.72479278722912,0.6889669190756866,0.9749279121818236,-0.22252093395631434
-0.028515170308021233,-0.03252319170556006,-0.028515170308021233,-0.03252319170556006,-3.034572106870255,0.8666666666666667,0.8649400781004534,-0.866025403784439,0.49999999999999933,0.8486442574947509,0.5289640103269624,0.43388373911755823,-0.900968867902419
0.0,0.0,0.0,0.0,3.357345499133306,0.8666666666666667,0.8649849634184659,-0.866025403784439,0.49999999999999933,0.9377521321470804,0.3473052528448203,-0.433883739117558,-0.9009688679024191
-0.004140792666031388,0.04839654086185024,-0.004140792666031388,-0.004140792666031388,0.4168938039317871,0.8666666666666667,0.8650298487364784,-0.866025403784439,0.49999999999999933,0.9884683243281114,0.1514277775045767,-0.9749279121818236,-0.2225209339563146
-0.046717624567459565,-0.09925495809534127,-0.046717624567459565,-0.046717624567459565,-3.378724525810097,0.8666666666666667,0.8651645046905158,-0.866025403784439,0.49999999999999933,0.8978045395707416,-0.4403941515576344,0.7818314824680298,0.6234898018587336
-0.026433257068155483,-0.017544309650909508,-0.026433257068155483,-0.017544309650909508,1.540445040947149,0.8666666666666667,0.8652093900085283,-0.866025403784439,0.49999999999999933,0.7907757369376989,-0.6121059825476626,0.9749279121818236,-0.22252093395631434
0.06062462181643484,0.05592855265922477,0.06062462181643484,0.05592855265922477,1.0498221244986776,0.8666666666666667,0.8652542753265408,-0.866025403784439,0.49999999999999933,0.6513724827222223,-0.758758122692791,0.43388373911755823,-0.900968867902419
0.016667052485211643,0.06479999322691543,0.061118815056045536,0.012474174225175818,-0.4246479275249383,0.8666666666666667,0.8652991606445533,-0.866025403784439,0.49999999999999933,0.48530196253108104,-0.8743466161445821,-0.433883739117558,-0.9009688679024191
0.0,-0.05232581900173979,-0.04445176257083381,0.0,-7.176254532017144,0.8666666666666667,0.8653440459625658,-0.866025403784439,0.49999999999999933,0.29936312297335804,-0.9541392564000488,-0.9749279121818236,-0.2225209339563146
0.008230499136515444,0.008230499136515444,0.008230499136515444,0.008230499136515444,7.600902459542082,0.8666666666666667,0.8654787019166031,-0.866025403784439,0.49999999999999933,-0.29936312297335776,-0.9541392564000489,0.7818314824680298,0.6234898018587336
0.0,0.0,0.0,0.0,-7.600902459542082,0.8666666666666667,0.8655235872346156,-0.866025403784439,0.49999999999999933,-0.4853019625310808,-0.8743466161445822,0.9749279121818236,-0.22252093395631434
0.0,0.0,0.0,0.0,0.0,0.8666666666666667,0.8655684725526281,-0.866025403784439,0.49999999999999933,-0.6513724827222217,-0.7587581226927913,0.43388373911755823,-0.900968867902419
-0.05475051477140833,-0.05475051477140833,-0.05475051477140833,-0.05475051477140833,4.605170185988092,0.8666666666666667,0.8656133578706405,-0.866025403784439,0.49999999999999933,-0.7907757369376986,-0.6121059825476627,-0.433883739117558,-0.9009688679024191
0.03822121282019767,0.06697062610618375,0.03822121282019767,0.04237922296886154,4.128584945376802,0.8666666666666667,0.865658243188653,-0.866025403784439,0.49999999999999933,-0.8978045395707417,-0.44039415155763423,-0.9749279121818236,-0.2225209339563146
-0.0469169197877516,0.03578910785158529,0.06453852113757116,-0.051074929936415395,-1.931360368040582,0.8666666666666667,0.8657928991426905,-0.866025403784439,0.49999999999999933,-0.9884683243281114,0.15142777750457667,0.7818314824680298,0.6234898018587336
-0.058443595870074666,-0.04391923393483549,-0.06453852113757118,-0.058443595870074666,2.301918204006342,0.8666666666666667,0.8658377844607029,-0.866025403784439,0.49999999999999933,-0.9377521321470804,0.3473052528448203,0.9749279121818236,-0.22252093395631434
0.0,-0.12597980286056196,-0.10536051565782628,0.0,-9.104312967330653,0.8666666666666667,0.8658826697787154,-0.866025403784439,0.49999999999999933,-0.8486442574947509,0.5289640103269624,0.43388373911755823,-0.900968867902419
-0.07197349962508923,-0.07197349962508923,-0.07197349962508923,-0.07197349962508923,4.605170185988092,0.8666666666666667,0.8659275550967279,-0.866025403784439,0.49999999999999933,-0.7247927872291207,0.6889669190756859,-0.433883739117558,-0.9009688679024191
0.06733312006858695,0.06733312006858695,0.06733312006858695,0.06733312006858695,0.3920420877760237,0.8666666666666667,0.8659724404147404,-0.866025403784439,0.49999999999999933,-0.5712682150947924,0.8207634412072763,-0.9749279121818236,-0.2225209339563146
-0.014051753455650302,0.06308397542657687,0.06308397542657687,-0.014051753455650302,3.843223165502454,0.8666666666666667,0.8661070963687778,-0.866025403784439,0.49999999999999933,-2.4492935982947064e-16,1.0,0.7818314824680298,0.6234898018587336
-0.04338029563022517,-0.013187004281953801,-0.013187004281953801,-0.04338029563022517,-3.402356130343374,0.8666666666666667,0.8661519816867903,-0.5000000000000012,0.8660254037844379,0.20129852008866006,0.9795299412524945,0.9749279121818236,-0.22252093395631434
0.06669137449867214,-0.04063764573182627,-0.04063764573182627,0.06669137449867214,-0.832909122935104,0.8666666666666667,0.8661968670048028,-0.5000000000000012,0.8660254037844379,0.39435585511331855,0.9189578116202306,0.43388373911755823,-0.900968867902419
-0.03278982282299084,-0.03278982282299084,-0.03278982282299084,-0.03278982282299084,3.9889840465642745,0.8666666666666667,0.8662417523228153,-0.5000000000000012,0.8660254037844379,0.5712682150947923,0.8207634412072763,-0.433883739117558,-0.9009688679024191
0.0,0.0,0.0,0.0,-8.594154232552366,0.8666666666666667,0.8662866376408277,-0.5000000000000012,0.8660254037844379,0.72479278722912,0.6889669190756866,-0.9749279121818236,-0.2225209339563146
-0.00477327875265766,-0.00477327875265766,-0.00477327875265766,-0.00477327875265766,4.605170185988092,0.8666666666666667,0.8664212935948652,-0.5000000000000012,0.8660254037844379,0.9884683243281114,0.1514277775045767,0.7818314824680298,0.6234898018587336
-0.06421959273429377,0.06483751949530767,0.06483751949530767,-0.06421959273429377,2.833213344056216,0.8666666666666667,0.8664661789128777,-0.5000000000000012,0.8660254037844379,0.9987165071710528,-0.05064916883871264,0.9749279121818236,-0.22252093395631434
0.0,-0.12905711222960156,-0.12905711222960156,0.0,-3.700713911760939,0.8666666666666667,0.8665110642308901,-0.5000000000000012,0.8660254037844379,0.9680771188662043,-0.2506525322587204,0.43388373911755823,-0.900968867902419
-0.06972200021046762,0.0642195927342938,0.0642195927342938,-0.06972200021046762,2.659260036932778,0.8666666666666667,0.8665559495489026,-0.5000000000000012,0.8660254037844379,0.8978045395707416,-0.4403941515576344,-0.433883739117558,-0.9009688679024191
0.0,-0.13394159294476132,-0.13394159294476132,0.0,-6.396929655216146,0.8666666666666667,0.8666008348669151,-0.5000000000000012,0.8660254037844379,0.7907757369376989,-0.6121059825476626,-0.9749279121818236,-0.2225209339563146
-0.0010946908591815245,-0.0010946908591815245,-0.0010946908591815245,-0.0010946908591815245,5.298317366548036,0.8666666666666667,0.8667354908209525,-0.5000000000000012,0.8660254037844379,0.29936312297335804,-0.9541392564000488,0.7818314824680298,0.6234898018587336
-0.04824266894633908,0.06672670581812393,0.06672670581812393,-0.04824266894633908,1.252762968495368,0.8666666666666667,0.866780376138965,-0.5000000000000012,0.8660254037844379,0.10116832198743272,-0.994869323391895,0.9749279121818236,-0.22252093395631434
-0.07022515753321643,-0.18519453229767957,-0.18519453229767957,-0.07022515753321643,-1.9459101490553135,0.8666666666666667,0.8668252614569775,-0.5000000000000012,0.8660254037844379,-0.10116832198743204,-0.9948693233918952,0.43388373911755823,-0.900968867902419
0.0012322860462651017,0.06677092266512896,0.06677092266512896,0.0012322860462651017,0.6931471805599453,0.8666666666666667,0.86687014677499,-0.5000000000000012,0.8660254037844379,-0.29936312297335776,-0.9541392564000489,-0.433883739117558,-0.9009688679024191
0.06669137449867214,0.0011527378798082617,0.0011527378798082617,0.06669137449867214,0.2468600779315258,0.8666666666666667,0.8669150320930025,-0.5000000000000012,0.8660254037844379,-0.4853019625310808,-0.8743466161445822,-0.9749279121818236,-0.2225209339563146
-0.05566860520792197,0.06576185090550504,-0.05566860520792197,0.06576185090550504,0.15860503017663857,0.8666666666666667,0.8670496880470399,-0.5000000000000012,0.8660254037844379,-0.8978045395707417,-0.44039415155763423,0.7818314824680298,0.6234898018587336
0.05336179911000696,0.06676096876413283,0.05336179911000696,0.06575137756278043,0.12810000262731577,0.8666666666666667,0.8670945733650524,-0.5000000000000012,0.8660254037844379,-0.9680771188662041,-0.2506525322587213,0.9749279121818236,-0.22252093395631434
0.13382003456620042,-0.0010095912013523254,0.13382003456620042,0.0,-5.831882477283517,0.8666666666666667,0.8671394586830649,-0.5000000000000012,0.8660254037844379,-0.9987165071710528,-0.05064916883871355,0.43388373911755823,-0.900968867902419
-0.0668307084824562,-0.0668307084824562,-0.0668307084824562,-0.0668307084824562,4.605170185988092,0.8666666666666667,0.8671843440010774,-0.5000000000000012,0.8660254037844379,-0.9884683243281114,0.15142777750457667,-0.433883739117558,-0.9009688679024191
0.0,0.0,0.0,0.0,-4.605170185988091,0.8666666666666667,0.8672292293190897,-0.5000000000000012,0.8660254037844379,-0.9377521321470804,0.3473052528448203,-0.9749279121818236,-0.2225209339563146
0.0,0.0,0.0,0.0,0.0,0.8666666666666667,0.8673638852731272,-0.5000000000000012,0.8660254037844379,-0.5712682150947924,0.8207634412072763,0.7818314824680298,0.6234898018587336
0.06683070848245619,0.06683070848245619,0.06683070848245619,0.06683070848245619,4.68213122712422,0.8666666666666667,0.8674087705911397,-0.5000000000000012,0.8660254037844379,-0.3943558551133187,0.9189578116202306,0.9749279121818236,-0.22252093395631434
-0.0668307084824562,0.0,0.0,-0.0668307084824562,2.2256240518579173,0.8666666666666667,0.8674536559091521,-0.5000000000000012,0.8660254037844379,-0.20129852008866114,0.9795299412524943,0.43388373911755823,-0.900968867902419
0.06683070848245619,0.0,0.0,0.06683070848245619,-0.818710403535291,0.8666666666666667,0.8674985412271646,-2.4492935982947064e-16,1.0,0.20129852008866006,0.9795299412524945,-0.433883739117558,-0.9009688679024191
-0.0668307084824562,-0.0668307084824562,-0.0668307084824562,-0.0668307084824562,-1.4838746894587547,0.8666666666666667,0.8675434265451771,-2.4492935982947064e-16,1.0,0.39435585511331855,0.9189578116202306,-0.9749279121818236,-0.2225209339563146
0.06582009697653264,0.06683070848245619,0.06582009697653264,0.06683070848245619,1.1052568313867783,0.8666666666666667,0.8676780824992145,-2.4492935982947064e-16,1.0,0.8486442574947509,0.5289640103269624,0.7818314824680298,0.6234898018587336
0.0010106115059234598,0.0,0.0010106115059234598,0.0,-5.71042701737487,0.8666666666666667,0.867722967817227,-2.4492935982947064e-16,1.0,0.9377521321470804,0.3473052528448203,0.9749279121818236,-0.22252093395631434
0.0,0.0,0.0,0.0,2.302585092994046,0.8666666666666667,0.8677678531352395,-2.4492935982947064e-16,1.0,0.9884683243281114,0.1514277775045767,0.43388373911755823,-0.900968867902419
-0.059299742281291826,0.06359110278153135,0.06359110278153135,-0.059299742281291826,4.5217885770490405,0.8666666666666667,0.867812738453252,-2.4492935982947064e-16,1.0,0.9987165071710528,-0.05064916883871264,-0.433883739117558,-0.9009688679024191
0.0,-0.12289084506282301,-0.12289084506282301,0.0,-6.824373670043086,0.8666666666666667,0.8678576237712645,-2.4492935982947064e-16,1.0,0.9680771188662043,-0.2506525322587204,-0.9749279121818236,-0.2225209339563146
0.0,0.0,0.0,0.0,0.0,0.8666666666666667,0.8679922797253019,-2.4492935982947064e-16,1.0,0.6513724827222223,-0.758758122692791,0.7818314824680298,0.6234898018587336
0.0,0.0,0.0,0.0,0.0,0.8666666666666667,0.8680371650433144,-2.4492935982947064e-16,1.0,0.48530196253108104,-0.8743466161445821,0.9749279121818236,-0.22252093395631434
-0.06761577693836417,0.0,0.0,-0.06761577693836417,5.991464547107982,0.8666666666666667,0.8680820503613269,-2.4492935982947064e-16,1.0,0.29936312297335804,-0.9541392564000488,0.43388373911755823,-0.900968867902419
0.06654339077661148,0.0,0.0,0.06654339077661148,0.4054651081081644,0.8666666666666667,0.8681269356793393,-2.4492935982947064e-16,1.0,0.10116832198743272,-0.994869323391895,-0.433883739117558,-0.9009688679024191
0.0,-0.0010723861617525938,-0.0010723861617525938,0.0,-2.546782053506088,0.8666666666666667,0.8681718209973518,-2.4492935982947064e-16,1.0,-0.10116832198743204,-0.9948693233918952,-0.9749279121818236,-0.2225209339563146
-0.05968622105047447,-0.055140758678799855,-0.05968622105047447,-0.055140758678799855,1.448169764837978,0.8666666666666667,0.8683064769513893,-2.4492935982947064e-16,1.0,-0.6513724827222217,-0.7587581226927913,0.7818314824680298,0.6234898018587336
0.004545462371674638,0.0,0.004545462371674638,0.0,-5.298317366548036,0.8666666666666667,0.8683513622694017,-2.4492935982947064e-16,1.0,-0.7907757369376986,-0.6121059825476627,0.9749279121818236,-0.22252093395631434
0.0,0.0,0.0,0.0,0.0,0.8666666666666667,0.8683962475874142,-2.4492935982947064e-16,1.0,-0.8978045395707417,-0.44039415155763423,0.43388373911755823,-0.900968867902419
0.0,0.0,0.0,0.0,0.0,0.8666666666666667,0.8684411329054267,-2.4492935982947064e-16,1.0,-0.9680771188662041,-0.2506525322587213,-0.433883739117558,-0.9009688679024191
0.0,0.0,0.0,0.0,0.0,0.8666666666666667,0.8684860182234392,-2.4492935982947064e-16,1.0,-0.9987165071710528,-0.05064916883871355,-0.9749279121818236,-0.2225209339563146
0.0,0.0,0.0,0.0,0.0,0.8666666666666667,0.8686206741774766,-2.4492935982947064e-16,1.0,-0.8486442574947509,0.5289640103269624,0.7818314824680298,0.6234898018587336
-0.06923585532972149,-0.06923585532972149,-0.06923585532972149,-0.06923585532972149,6.214608098422191,0.8666666666666667,0.8686655594954891,-2.4492935982947064e-16,1.0,-0.7247927872291207,0.6889669190756859,0.9749279121818236,-0.22252093395631434
0.0,0.0,0.0,0.0,-6.214608098422191,0.8666666666666667,0.8687104448135016,-2.4492935982947064e-16,1.0,-0.5712682150947924,0.8207634412072763,0.43388373911755823,-0.900968867902419
0.0,0.0,0.0,0.0,0.0,0.8666666666666667,0.8687553301315141,-2.4492935982947064e-16,1.0,-0.3943558551133187,0.9189578116202306,-0.433883739117558,-0.9009688679024191
0.06696570679518234,0.06696570679518234,0.06696570679518234,0.06696570679518234,7.22983877815125,0.8666666666666667,0.8688002154495266,-2.4492935982947064e-16,1.0,-0.20129852008866114,0.9795299412524943,-0.9749279121818236,-0.2225209339563146
0.06595796779179737,0.06595796779179737,0.06595796779179737,0.06595796779179737,0.3534087461521113,0.8833333333333333,0.8689797567215765,0.49999999999999994,0.8660254037844387,0.5712682150947923,0.8207634412072763,0.9749279121818236,-0.22252093395631434
0.05182506786458595,0.06686294522912646,0.05182506786458595,0.06686294522912646,-0.2700271372130601,0.8833333333333333,0.869024642039589,0.49999999999999994,0.8660254037844387,0.72479278722912,0.6889669190756866,0.43388373911755823,-0.900968867902419
-0.05715841383994864,-0.07219629120448914,-0.05715841383994864,-0.07219629120448914,-2.70805020110221,0.8833333333333333,0.8690695273576013,0.49999999999999994,0.8660254037844387,0.8486442574947509,0.5289640103269624,-0.433883739117558,-0.9009688679024191
0.0,0.0,0.0,0.0,-4.605170185988091,0.8833333333333333,0.8691144126756138,0.49999999999999994,0.8660254037844387,0.9377521321470804,0.3473052528448203,-0.9749279121818236,-0.2225209339563146
0.0,0.0,0.0,0.0,0.0,0.8833333333333333,0.8692490686296513,0.49999999999999994,0.8660254037844387,0.9680771188662043,-0.2506525322587204,0.7818314824680298,0.6234898018587336
0.0,0.0,0.0,0.0,0.0,0.8833333333333333,0.8692939539476637,0.49999999999999994,0.8660254037844387,0.8978045395707416,-0.4403941515576344,0.9749279121818236,-0.22252093395631434
0.0,0.0,0.0,0.0,4.605170185988092,0.8833333333333333,0.8693388392656762,0.49999999999999994,0.8660254037844387,0.7907757369376989,-0.6121059825476626,0.43388373911755823,-0.900968867902419
-0.07205331764005754,0.0672087496934501,-0.07205331764005754,-0.03261158558876089,2.4849066497880004,0.8833333333333333,0.8693837245836887,0.49999999999999994,0.8660254037844387,0.6513724827222223,-0.758758122692791,-0.433883739117558,-0.9009688679024191
0.03944173205129662,-0.0998203352822109,0.03944173205129662,0.0,-7.090076835776092,0.8833333333333333,0.8694286099017012,0.49999999999999994,0.8660254037844387,0.48530196253108104,-0.8743466161445821,-0.9749279121818236,-0.2225209339563146
-0.06741558409370288,-0.06623424904787174,-0.06741558409370288,-0.06623424904787174,8.039157390473237,0.8833333333333333,0.8695632658557386,0.49999999999999994,0.8660254037844387,-0.10116832198743204,-0.9948693233918952,0.7818314824680298,0.6234898018587336
0.0011813350458311713,0.0,0.0011813350458311713,0.0,-8.039157390473237,0.8833333333333333,0.8696081511737511,0.49999999999999994,0.8660254037844387,-0.29936312297335776,-0.9541392564000489,0.9749279121818236,-0.22252093395631434
-0.0409695851042438,0.06733861139092498,-0.0409695851042438,0.06733861139092498,8.612503371220562,0.8833333333333333,0.8696530364917636,0.49999999999999994,0.8660254037844387,-0.4853019625310808,-0.8743466161445822,0.43388373911755823,-0.900968867902419
0.1755335023429557,0.06722530584778692,0.1755335023429557,0.06722530584778692,-3.3141860046725258,0.8833333333333333,0.8696979218097761,0.49999999999999994,0.8660254037844387,-0.6513724827222217,-0.7587581226927913,-0.433883739117558,-0.9009688679024191
-0.03571808260207923,0.06589209380870312,0.06104946933291521,-0.03571808260207923,1.514027727629442,0.8833333333333333,0.8700570043538759,0.49999999999999994,0.8660254037844387,-0.7247927872291207,0.6889669190756859,-0.9749279121818236,-0.2225209339563146
-0.021622464013165657,-0.12323264042394809,-0.11839001594816008,-0.021622464013165657,-2.2071749081893874,0.8833333333333333,0.8701916603079133,0.49999999999999994,0.8660254037844387,-0.20129852008866114,0.9795299412524943,0.7818314824680298,0.6234898018587336
0.06658560475929605,0.06760757725498902,0.06658560475929605,0.06760757725498902,1.6094379124341003,0.8833333333333333,0.8702365456259258,0.49999999999999994,0.8660254037844387,-2.4492935982947064e-16,1.0,0.9749279121818236,-0.22252093395631434
0.0010219724956929677,0.0,0.0010219724956929677,0.0,-6.214608098422191,0.8833333333333333,0.8702814309439383,0.8660254037844386,0.5000000000000001,0.20129852008866006,0.9795299412524945,0.43388373911755823,-0.900968867902419
0.05562506316895912,0.05562506316895912,0.05562506316895912,0.05562506316895912,6.917705609835305,0.8833333333333333,0.8703263162619508,0.8660254037844386,0.5000000000000001,0.39435585511331855,0.9189578116202306,-0.433883739117558,-0.9009688679024191
-0.004842624475788015,-0.004842624475788015,-0.004842624475788015,-0.004842624475788015,-1.6193882432872684,0.8833333333333333,0.8703712015799633,0.8660254037844386,0.5000000000000001,0.5712682150947923,0.8207634412072763,-0.9749279121818236,-0.2225209339563146
0.0,0.0,0.0,0.0,-2.995732273553991,0.8833333333333333,0.8705058575340007,0.8660254037844386,0.5000000000000001,0.9377521321470804,0.3473052528448203,0.7818314824680298,0.6234898018587336
0.0,0.0,0.0,0.0,-2.3025850929940455,0.8833333333333333,0.8705507428520132,0.8660254037844386,0.5000000000000001,0.9884683243281114,0.1514277775045767,0.9749279121818236,-0.22252093395631434
0.0,0.0,0.0,0.0,6.551080335043404,0.8833333333333333,0.8705956281700257,0.8660254037844386,0.5000000000000001,0.9987165071710528,-0.05064916883871264,0.43388373911755823,-0.900968867902419
0.0,0.06575137756278043,0.06575137756278043,0.0,1.3121863889661687,0.8833333333333333,0.8706405134880382,0.8660254037844386,0.5000000000000001,0.9680771188662043,-0.2506525322587204,-0.433883739117558,-0.9009688679024191
-0.06829963055797496,0.0,0.0,0.06575137756278043,-0.7731898882334817,0.8833333333333333,0.8706853988060506,0.8660254037844386,0.5000000000000001,0.8978045395707416,-0.4403941515576344,-0.9749279121818236,-0.2225209339563146
0.13405100812075538,0.0,0.0,0.0,-7.090076835776092,0.8833333333333333,0.8708200547600881,0.8660254037844386,0.5000000000000001,0.48530196253108104,-0.8743466161445821,0.7818314824680298,0.6234898018587336
0.0,0.0,0.0,0.0,0.0,0.8833333333333333,0.8708649400781006,0.8660254037844386,0.5000000000000001,0.29936312297335804,-0.9541392564000488,0.9749279121818236,-0.22252093395631434
0.0,0.0,0.0,0.0,0.0,0.8833333333333333,0.870909825396113,0.8660254037844386,0.5000000000000001,0.10116832198743272,-0.994869323391895,0.43388373911755823,-0.900968867902419
0.0,0.0,0.0,0.0,0.0,0.8833333333333333,0.8709547107141254,0.8660254037844386,0.5000000000000001,-0.10116832198743204,-0.9948693233918952,-0.433883739117558,-0.9009688679024191
0.0,0.0,0.0,0.0,0.0,0.8833333333333333,0.870999596032138,0.8660254037844386,0.5000000000000001,-0.29936312297335776,-0.9541392564000489,-0.9749279121818236,-0.2225209339563146
0.0,0.0,0.0,0.0,0.0,0.8833333333333333,0.8711342519861753,0.8660254037844386,0.5000000000000001,-0.7907757369376986,-0.6121059825476627,0.7818314824680298,0.6234898018587336
0.0,0.0,0.0,0.0,2.5649493574615367,0.8833333333333333,0.8711791373041878,0.8660254037844386,0.5000000000000001,-0.8978045395707417,-0.44039415155763423,0.9749279121818236,-0.22252093395631434
0.0,0.0,0.0,0.0,2.445685936634719,0.8833333333333333,0.8712240226222003,0.8660254037844386,0.5000000000000001,-0.9680771188662041,-0.2506525322587213,0.43388373911755823,-0.900968867902419
0.0,0.0,0.0,0.0,-5.0106352940962555,0.8833333333333333,0.8712689079402128,0.8660254037844386,0.5000000000000001,-0.9987165071710528,-0.05064916883871355,-0.433883739117558,-0.9009688679024191
0.0,0.0,0.0,0.0,0.0,0.8833333333333333,0.8713137932582253,0.8660254037844386,0.5000000000000001,-0.9884683243281114,0.15142777750457667,-0.9749279121818236,-0.2225209339563146
-0.06575137756278042,-0.06575137756278042,-0.06575137756278042,-0.06575137756278042,4.605170185988092,0.8833333333333333,0.8714484492122627,0.8660254037844386,0.5000000000000001,-0.7247927872291207,0.6889669190756859,0.7818314824680298,0.6234898018587336
0.0,0.0,0.0,0.0,-4.605170185988091,0.8833333333333333,0.8714933345302752,0.8660254037844386,0.5000000000000001,-0.5712682150947924,0.8207634412072763,0.9749279121818236,-0.22252093395631434
